step,loss,adapter_grad_abs_sum,llm_grad_abs_sum,gpu_mem_allocated_mb,gpu_mem_reserved_mb,elapsed_sec
1,6.9924516677856445,16968.055940389633,0.0,4590.46484375,4680.0,0.43879280099645257
2,7.361776828765869,40177.36427593231,0.0,4644.55859375,4698.0,0.4745278978953138
3,5.988281726837158,14720.323763847351,0.0,4644.951171875,4914.0,0.508410352980718
4,5.877281665802002,7302.271493434906,0.0,4644.951171875,4914.0,0.5423619659850374
5,9.78159236907959,94634.99889850616,0.0,4644.951171875,4914.0,0.5762148129288107
6,6.13446044921875,3299.1727426946163,0.0,4644.951171875,4914.0,0.6099783589597791
7,6.195026397705078,3551.649186849594,0.0,4644.951171875,4914.0,0.6436909239273518
8,6.2265543937683105,4238.7744663357735,0.0,4644.951171875,4914.0,0.677502223988995
9,5.171363353729248,10320.059994637966,0.0,4659.8515625,4914.0,0.7113923199940473
10,5.735373020172119,4020.648317322135,0.0,4659.8515625,4914.0,0.7451120169134811
11,5.554327011108398,2892.9505034685135,0.0,4659.8515625,4914.0,0.7787965999450535
12,4.837969779968262,2108.579895429313,0.0,4754.48095703125,5148.0,0.8129514469765127
13,6.419834136962891,1699.1923519968987,0.0,4754.48095703125,5148.0,0.8466577209765092
14,5.571163654327393,1772.0569524466991,0.0,4754.48095703125,5148.0,0.8803406939841807
15,5.2010498046875,3118.0077876597643,0.0,4799.98291015625,5148.0,0.9145158278988674
16,5.926039695739746,3608.0716037750244,0.0,4799.98291015625,5148.0,0.9482087988872081
17,5.288961410522461,1001.6913735046983,0.0,4799.98291015625,5148.0,0.9820555188925937
18,5.74537467956543,2097.5892859846354,0.0,4799.98291015625,5148.0,1.0157086399849504
19,3.635425090789795,3287.0088745243847,0.0,4799.98291015625,5148.0,1.049724600976333
20,5.671271800994873,1963.5458947308362,0.0,4799.98291015625,5148.0,1.0843174279434606
21,5.216922283172607,2268.7448295913637,0.0,4799.98291015625,5148.0,1.1182213699212298
22,4.9851250648498535,89525.23471617699,0.0,4799.98291015625,5148.0,1.152179755968973
23,4.921168804168701,1519.6342813838273,0.0,4799.98291015625,5148.0,1.1859129699878395
24,5.532803535461426,1034.015959534794,0.0,4799.98291015625,5148.0,1.2196383569389582
25,5.529038906097412,2033.8987718522549,0.0,4799.98291015625,5148.0,1.2532869949936867
26,5.2380266189575195,1145.7939027249813,0.0,4799.98291015625,5148.0,1.2870280349161476
27,5.880600929260254,1635.0817600172013,0.0,4799.98291015625,5148.0,1.3207256159512326
28,5.454005718231201,2400.9616847634315,0.0,4799.98291015625,5148.0,1.3544621960027143
29,5.881575584411621,1149.9623089507222,0.0,4799.98291015625,5148.0,1.3880947469733655
30,5.549163818359375,2035.2065368369222,0.0,4799.98291015625,5148.0,1.4218423319980502
31,5.310429573059082,2625.5867718160152,0.0,4799.98291015625,5148.0,1.4555712229339406
32,4.8340373039245605,2598.516807105392,0.0,4799.98291015625,5148.0,1.4893732459750026
33,5.210590362548828,971.6877652034163,0.0,4799.98291015625,5148.0,1.5230293669737875
34,5.672204971313477,2530.267288412899,0.0,4799.98291015625,5148.0,1.556806846987456
35,5.698343276977539,941.5359947308898,0.0,4799.98291015625,5148.0,1.5905506009003147
36,5.430283069610596,1397.6060543730855,0.0,4799.98291015625,5148.0,1.6242474159225821
37,4.8668317794799805,2399.9966356754303,0.0,4799.98291015625,5148.0,1.6581465739291161
38,5.43869161605835,2009.7300477586687,0.0,4799.98291015625,5148.0,1.6918537439778447
39,5.231845378875732,597.9119521342218,0.0,4799.98291015625,5148.0,1.7255880539305508
40,5.913832187652588,1609.6618114113808,0.0,4799.98291015625,5148.0,1.759227763977833
41,4.78516960144043,1848.6468402668834,0.0,4799.98291015625,5148.0,1.792946845991537
42,4.99016809463501,1890.491104029119,0.0,4799.98291015625,5148.0,1.8267133279005066
43,5.482970237731934,1471.8804463334382,0.0,4799.98291015625,5148.0,1.8604524579131976
44,4.971642971038818,2381.453499890864,0.0,4799.98291015625,5148.0,1.8943230959121138
45,5.144534111022949,765.1545614786446,0.0,4799.98291015625,5148.0,1.9280188078992069
46,4.974995136260986,2520.7380903214216,0.0,4799.98291015625,5148.0,1.9617657869821414
47,4.830176830291748,522.6059989519417,0.0,4799.98291015625,5148.0,1.995523769990541
48,4.880253314971924,958.9701287653297,0.0,4799.98291015625,5148.0,2.029334084945731
49,5.034399032592773,3361.1448108777404,0.0,4799.98291015625,5148.0,2.063027737895027
50,5.463767051696777,1363.6439388431609,0.0,4799.98291015625,5148.0,2.0968070089584216
51,5.099238395690918,1024.7073010075837,0.0,4799.98291015625,5148.0,2.1304444799898192
52,5.4309539794921875,1091.2108134459704,0.0,4799.98291015625,5148.0,2.1643082819646224
53,5.616849899291992,811.611064247787,0.0,4799.98291015625,5148.0,2.1967961179325357
54,5.7314772605896,1228.6179881431162,0.0,4799.98291015625,5148.0,2.2305654399096966
55,3.977060079574585,1470.0403309576213,0.0,4799.98291015625,5148.0,2.2644538138993084
56,5.3344855308532715,802.5336685497314,0.0,4799.98291015625,5148.0,2.2982254499802366
57,5.132110118865967,966.943223118782,0.0,4799.98291015625,5148.0,2.3320439079543576
58,5.806460380554199,1779.599075652659,0.0,4799.98291015625,5148.0,2.3657337869517505
59,5.3115458488464355,520.6386432684958,0.0,4799.98291015625,5148.0,2.3995168139226735
60,5.186001777648926,1552.0081323236227,0.0,4799.98291015625,5148.0,2.433140647946857
61,5.738588809967041,1724.1636321395636,0.0,4799.98291015625,5148.0,2.4669928409857675
62,4.869739055633545,1565.45765000768,0.0,4799.98291015625,5148.0,2.5008300899062306
63,4.834016799926758,2129.7601398732513,0.0,4799.98291015625,5148.0,2.534571775002405
64,5.435728549957275,2299.865030253306,0.0,4799.98291015625,5148.0,2.568248736904934
65,5.269290924072266,972.3618418443948,0.0,4799.98291015625,5148.0,2.6021040929481387
66,4.950797080993652,1677.246203534305,0.0,4799.98291015625,5148.0,2.6359296289738268
67,4.204774379730225,3070.3646510131657,0.0,4799.98291015625,5148.0,2.669672705931589
68,4.595038414001465,2068.127871055156,0.0,4799.98291015625,5148.0,2.70359687297605
69,5.675070762634277,548.6582838445902,0.0,4799.98291015625,5148.0,2.737307750969194
70,4.538815498352051,3362.748197954148,0.0,4799.98291015625,5148.0,2.7711237909970805
71,4.48587703704834,2251.7618181500584,0.0,4799.98291015625,5148.0,2.804948173929006
72,5.096517562866211,1951.5411737971008,0.0,4799.98291015625,5148.0,2.8387448199791834
73,4.719955921173096,2049.548938047141,0.0,4799.98291015625,5148.0,2.872386311995797
74,5.268221378326416,1381.6838037259877,0.0,4799.98291015625,5148.0,2.906228889944032
75,4.524879455566406,1740.3332093171775,0.0,4799.98291015625,5148.0,2.939984692959115
76,5.1695475578308105,1575.6547213830054,0.0,4799.98291015625,5148.0,2.973773439996876
77,5.1690897941589355,1292.8949267808348,0.0,4799.98291015625,5148.0,3.0073968439828604
78,4.754331588745117,2060.32561930269,0.0,4799.98291015625,5148.0,3.041196481906809
79,5.138750076293945,987.3370046466589,0.0,4799.98291015625,5148.0,3.074922483996488
80,4.803228378295898,3369.564469030127,0.0,4799.98291015625,5148.0,3.1086126998998225
81,4.971595764160156,2236.547469418496,0.0,4799.98291015625,5148.0,3.1422280019614846
82,4.728723049163818,2261.024688743055,0.0,4799.98291015625,5148.0,3.1759130909340456
83,4.1570892333984375,3528.2565256915987,0.0,4799.98291015625,5148.0,3.2097660389263183
84,4.068718433380127,3075.0677307397127,0.0,4799.98291015625,5148.0,3.243659314000979
85,4.189030647277832,2287.1208203732967,0.0,4799.98291015625,5148.0,3.277350583928637
86,3.7310757637023926,2314.404398892075,0.0,4799.98291015625,5148.0,3.3111133319325745
87,4.422933578491211,1980.2215790711343,0.0,4799.98291015625,5148.0,3.3449364359257743
88,4.418570041656494,870.3879165649414,0.0,4815.90869140625,5148.0,3.3790393919916824
89,4.833273410797119,3319.858020633459,0.0,4815.90869140625,5148.0,3.412730217911303
90,3.4362123012542725,3945.602402130142,0.0,4815.90869140625,5148.0,3.4465038889320567
91,5.110726356506348,3149.2779689133167,0.0,4815.90869140625,5148.0,3.480262277997099
92,4.975876808166504,2175.9353252127767,0.0,4815.90869140625,5148.0,3.514062278904021
93,5.252200603485107,2206.4211823754013,0.0,4815.90869140625,5148.0,3.547943565994501
94,5.011819839477539,2732.49915214628,0.0,4815.90869140625,5148.0,3.5816293489187956
95,3.744582176208496,3792.496006783098,0.0,4815.90869140625,5148.0,3.6154322309885174
96,4.316741466522217,3158.1030890718102,0.0,4815.90869140625,5148.0,3.649185542948544
97,4.544482231140137,1845.1304074451327,0.0,4815.90869140625,5148.0,3.683010250912048
98,4.508977890014648,1924.379061639309,0.0,4815.90869140625,5148.0,3.7171157019911334
99,4.157402038574219,3936.247786100954,0.0,4815.90869140625,5148.0,3.7509579049656168
100,4.3718180656433105,3202.776127709076,0.0,4815.90869140625,5148.0,3.7848249019589275
101,4.84437894821167,1242.7901203073561,0.0,4815.90869140625,5148.0,3.8185860599623993
102,4.442899703979492,2529.6685564368963,0.0,4815.90869140625,5148.0,3.852440755930729
103,4.995081424713135,2121.2874157875776,0.0,4815.90869140625,5148.0,3.886066634906456
104,3.994844675064087,4178.66614934057,0.0,4815.90869140625,5148.0,3.9199319129111245
105,4.683872699737549,1614.277493223548,0.0,4815.90869140625,5148.0,3.9537317838985473
106,5.1096510887146,715.3186770156026,0.0,4815.90869140625,5148.0,3.9875289530027658
107,4.281919479370117,991.9025160558522,0.0,4816.86572265625,5148.0,4.021577350911684
108,4.817442893981934,1789.9536708295345,0.0,4816.86572265625,5148.0,4.055248374934308
109,2.82330322265625,3840.491078460589,0.0,4816.86572265625,5148.0,4.089031871990301
110,4.2013373374938965,1417.3539860863239,0.0,4816.86572265625,5148.0,4.122886856901459
111,4.304168701171875,1962.8320323862135,0.0,4816.86572265625,5148.0,4.156693102908321
112,4.418260097503662,2086.2034954950213,0.0,4816.86572265625,5148.0,4.190550468978472
113,4.485384941101074,1533.6621826961637,0.0,4816.86572265625,5148.0,4.224404061911628
114,4.37689208984375,2178.4927372764796,0.0,4816.86572265625,5148.0,4.258223705925047
115,5.109856605529785,719.4764716848731,0.0,4816.86572265625,5148.0,4.291826327913441
116,5.010526180267334,2138.0226538702846,0.0,4816.86572265625,5148.0,4.325569943990558
117,4.01278829574585,3853.326443694532,0.0,4816.86572265625,5148.0,4.359428828000091
118,3.6042115688323975,1684.3214993439615,0.0,4816.86572265625,5148.0,4.393397037987597
119,3.6105051040649414,3927.532465370372,0.0,4816.86572265625,5148.0,4.427437562961131
120,4.33008337020874,1779.8243313711137,0.0,4816.86572265625,5148.0,4.461185002001002
121,3.755963087081909,2023.1618680432439,0.0,4816.86572265625,5148.0,4.49498117598705
122,4.272521018981934,1767.4874960891902,0.0,4816.86572265625,5148.0,4.528805626905523
123,5.0303635597229,1502.0369280055165,0.0,4816.86572265625,5148.0,4.562485936912708
124,4.243367671966553,1869.278315603733,0.0,4816.86572265625,5148.0,4.5962080179015175
125,4.187003135681152,1577.5531102903187,0.0,4816.86572265625,5148.0,4.6299445239128545
126,5.129145622253418,1331.5327390953898,0.0,4816.86572265625,5148.0,4.663665131898597
127,4.264035701751709,2639.0561072677374,0.0,4816.86572265625,5148.0,4.6973471459932625
128,4.518946170806885,1484.584432873875,0.0,4816.86572265625,5148.0,4.731117454939522
129,3.689589738845825,3230.889291189611,0.0,4816.86572265625,5148.0,4.764989203889854
130,5.187954902648926,715.0697102732956,0.0,4816.86572265625,5148.0,4.798633893951774
131,4.918736457824707,1081.1972541585565,0.0,4816.86572265625,5148.0,4.832345061935484
132,5.033284664154053,1465.1787024065852,0.0,4816.86572265625,5148.0,4.866020549903624
133,4.190950393676758,2076.1632360648364,0.0,4816.86572265625,5148.0,4.899795815930702
134,4.147800445556641,1603.8806973546743,0.0,4816.86572265625,5148.0,4.933623797958717
135,4.89370584487915,1132.8516943491995,0.0,4816.86572265625,5148.0,4.967416218947619
136,4.915405750274658,1267.535742804408,0.0,4816.86572265625,5148.0,5.001096571912058
137,3.773622989654541,1831.9654524959624,0.0,4816.86572265625,5148.0,5.0348769458942115
138,4.6915178298950195,709.9487714916468,0.0,4816.86572265625,5148.0,5.0687049919506535
139,4.160150051116943,1825.6418413296342,0.0,4816.86572265625,5148.0,5.102617126889527
140,4.0087785720825195,2409.7292732559144,0.0,4816.86572265625,5148.0,5.1363601189805195
141,3.6838760375976562,3756.056102797389,0.0,4816.86572265625,5148.0,5.170174621976912
142,3.8866188526153564,1771.5859600529075,0.0,4816.86572265625,5148.0,5.204098726972006
143,4.157401084899902,3003.717321306467,0.0,4816.86572265625,5148.0,5.237908427952789
144,3.4442896842956543,1290.0335121266544,0.0,4816.86572265625,5148.0,5.2717255669413134
145,4.0721564292907715,1605.9238713495433,0.0,4816.86572265625,5148.0,5.305740766925737
146,4.664261341094971,1246.2463489677757,0.0,4816.86572265625,5148.0,5.339496074942872
147,3.95426607131958,2486.3504599034786,0.0,4816.86572265625,5148.0,5.373134239926003
148,3.261075019836426,1390.2912544896826,0.0,4816.86572265625,5148.0,5.407012338982895
149,4.556357383728027,1959.3667074218392,0.0,4816.86572265625,5148.0,5.4394691969500855
150,4.703006744384766,1660.2080266922712,0.0,4816.86572265625,5148.0,5.473113611922599
151,4.848659515380859,976.4605920314789,0.0,4816.86572265625,5148.0,5.506906487978995
152,4.482641220092773,1493.665644645691,0.0,4816.86572265625,5148.0,5.540747964987531
153,3.6342499256134033,2442.8846914265305,0.0,4816.86572265625,5148.0,5.574551727971993
154,4.113802909851074,2817.4078747034073,0.0,4816.86572265625,5148.0,5.608241666923277
155,3.5116145610809326,3035.2871860414743,0.0,4816.86572265625,5148.0,5.6420922819525
156,2.9755756855010986,1922.122120572254,0.0,4816.86572265625,5148.0,5.675942534930073
157,4.1539225578308105,2394.3748887479305,0.0,4816.86572265625,5148.0,5.709800621960312
158,4.771787643432617,1572.5295583084226,0.0,4816.86572265625,5148.0,5.743694476899691
159,3.7020809650421143,3108.485533002764,0.0,4816.86572265625,5148.0,5.77753378089983
160,4.1596784591674805,1392.1225084997714,0.0,4816.86572265625,5148.0,5.81129975290969
161,4.6390814781188965,2504.7831756472588,0.0,4816.86572265625,5148.0,5.8450860269367695
162,4.959526538848877,3123.1542684733868,0.0,4816.86572265625,5148.0,5.878674324951135
163,4.308750629425049,2223.9195898994803,0.0,4816.86572265625,5148.0,5.912555738934316
164,4.12042236328125,1640.2117089666426,0.0,4816.86572265625,5148.0,5.946288118953817
165,4.487090587615967,1727.4246029257774,0.0,4816.86572265625,5148.0,5.979972022003494
166,4.799107551574707,1913.4394239299,0.0,4816.86572265625,5148.0,6.0138495459686965
167,2.928481101989746,2882.7422938868403,0.0,4816.86572265625,5148.0,6.0477223539492115
168,3.3538200855255127,2551.26442479901,0.0,4816.86572265625,5148.0,6.08153429091908
169,3.9965298175811768,2553.1687091793865,0.0,4816.86572265625,5148.0,6.115356199909002
170,4.893251895904541,1161.321088552475,0.0,4816.86572265625,5148.0,6.1491787559352815
171,3.641144037246704,1882.1740078814328,0.0,4816.86572265625,5148.0,6.183019647956826
172,4.256082534790039,2094.2860898040235,0.0,4816.86572265625,5148.0,6.216814829967916
173,3.893890857696533,2248.4914517104626,0.0,4816.86572265625,5148.0,6.250550476950593
174,3.4795141220092773,1843.7120670955628,0.0,4816.86572265625,5148.0,6.284337877994403
175,4.659736156463623,1717.9949548989534,0.0,4816.86572265625,5148.0,6.318081137957051
176,3.781477689743042,1844.1865006238222,0.0,4816.86572265625,5148.0,6.35189900896512
177,2.595552444458008,2949.690707353875,0.0,4816.86572265625,5148.0,6.385784445912577
178,4.227057456970215,1626.8189202528447,0.0,4816.86572265625,5148.0,6.419588733930141
179,4.362673759460449,1852.9176370203495,0.0,4816.86572265625,5148.0,6.453278481960297
180,4.0146565437316895,1854.858691304922,0.0,4816.86572265625,5148.0,6.487116085947491
181,3.6006977558135986,2152.974801056087,0.0,4816.86572265625,5148.0,6.520863919984549
182,3.5900821685791016,2123.277984648943,0.0,4816.86572265625,5148.0,6.554711957927793
183,4.7714080810546875,720.721966708079,0.0,4816.86572265625,5148.0,6.588602996896952
184,4.655955791473389,1571.9926826041192,0.0,4816.86572265625,5148.0,6.622378764906898
185,4.485255241394043,1270.924315802753,0.0,4816.86572265625,5148.0,6.6560621169628575
186,4.9525556564331055,1192.3259039223194,0.0,4816.86572265625,5148.0,6.689891290967353
187,3.0885062217712402,3528.5111509058625,0.0,4816.86572265625,5148.0,6.7237622529501095
188,3.2436673641204834,2154.97196476534,0.0,4816.86572265625,5148.0,6.757606380968355
189,4.624852657318115,1666.076983164996,0.0,4816.86572265625,5148.0,6.791407628916204
190,4.589175224304199,1869.3565627150238,0.0,4816.86572265625,5148.0,6.825083407922648
191,4.044224262237549,1718.3424363341182,0.0,4816.86572265625,5148.0,6.858795116888359
192,3.5947837829589844,2139.9604467116296,0.0,4816.86572265625,5148.0,6.892589291906916
193,4.408390522003174,1352.8127933684736,0.0,4816.86572265625,5148.0,6.926327352994122
194,3.6018929481506348,2656.283415157348,0.0,4816.86572265625,5148.0,6.960135237895884
195,4.055782318115234,2262.4759544171393,0.0,4816.86572265625,5148.0,6.9938829629682004
196,4.040743350982666,2418.6891376301646,0.0,4816.86572265625,5148.0,7.027610401972197
197,3.5165038108825684,2223.2517310753465,0.0,4816.86572265625,5148.0,7.061494110967033
198,3.7314507961273193,2067.4874803666025,0.0,4816.86572265625,5148.0,7.095294763916172
199,3.151409387588501,2993.885103881359,0.0,4816.86572265625,5148.0,7.129091292968951
200,4.4371538162231445,830.2317646108568,0.0,4816.86572265625,5148.0,7.162941671907902
201,3.5151631832122803,2005.0519674643874,0.0,4816.86572265625,5148.0,7.196776539902203
202,3.3388831615448,2185.8968674782664,0.0,4816.86572265625,5148.0,7.2305060249054804
203,3.6012444496154785,1658.3936043363065,0.0,4816.86572265625,5148.0,7.264290543971583
204,3.9170637130737305,3956.4263528063893,0.0,4816.86572265625,5148.0,7.2979356369469315
205,3.743579864501953,1921.3252015914768,0.0,4816.86572265625,5148.0,7.331733782892115
206,4.1713337898254395,1956.2047571409494,0.0,4816.86572265625,5148.0,7.365431614918634
207,3.424731969833374,2991.7545668091625,0.0,4816.86572265625,5148.0,7.399229434900917
208,3.228687286376953,2786.8890964873135,0.0,4816.86572265625,5148.0,7.433006435981952
209,4.199459552764893,1333.319140791893,0.0,4816.86572265625,5148.0,7.466668370994739
210,4.62992525100708,1428.7009724751115,0.0,4816.86572265625,5148.0,7.50033641490154
211,3.999379873275757,2455.25918106921,0.0,4816.86572265625,5148.0,7.53401863493491
212,3.4781455993652344,1823.7027016058564,0.0,4816.86572265625,5148.0,7.567832794971764
213,4.191349029541016,1666.3914500959218,0.0,4816.86572265625,5148.0,7.601509729982354
214,3.944888114929199,1735.7544111087918,0.0,4816.86572265625,5148.0,7.63526821997948
215,3.724993944168091,2361.3745388761163,0.0,4816.86572265625,5148.0,7.669040012988262
216,3.4860222339630127,1675.0013415552676,0.0,4816.86572265625,5148.0,7.702810754999518
217,4.376094341278076,1286.6716932952404,0.0,4816.86572265625,5148.0,7.736605547950603
218,2.9187543392181396,3034.277110327035,0.0,4816.86572265625,5148.0,7.77048153092619
219,4.307632923126221,1152.750336267054,0.0,4816.86572265625,5148.0,7.804273459943943
220,3.6376006603240967,2065.3388282358646,0.0,4816.86572265625,5148.0,7.838103580987081
221,3.285384178161621,1982.1235365401953,0.0,4816.86572265625,5148.0,7.871911205933429
222,2.5375211238861084,1969.718940295279,0.0,4816.86572265625,5148.0,7.905947964987718
223,3.3968961238861084,1364.2224872745574,0.0,4816.86572265625,5148.0,7.939957587979734
224,4.43325138092041,1635.5568093396723,0.0,4816.86572265625,5148.0,7.97363254497759
225,3.3577370643615723,1603.2142400108278,0.0,4816.86572265625,5148.0,8.007390769897029
226,3.570967197418213,2049.769075922668,0.0,4816.86572265625,5148.0,8.041169898002408
227,3.5692989826202393,2382.2588167721406,0.0,4816.86572265625,5148.0,8.075009263935499
228,3.1906511783599854,1751.228245915845,0.0,4816.86572265625,5148.0,8.108873666962609
229,3.861154317855835,1335.171073000878,0.0,4816.86572265625,5148.0,8.142764956923202
230,2.792217254638672,2092.57918943651,0.0,4816.86572265625,5148.0,8.176586075918749
231,3.6467063426971436,1532.7418790515512,0.0,4816.86572265625,5150.0,8.210675584967248
232,2.7751033306121826,2242.3779242560267,0.0,4816.86572265625,5150.0,8.244483563001268
233,4.763628959655762,879.1252606660128,0.0,4816.86572265625,5150.0,8.278275200980715
234,3.7193503379821777,1569.7224760614336,0.0,4816.86572265625,5150.0,8.3120823178906
235,4.422728061676025,1233.528158992529,0.0,4816.86572265625,5150.0,8.345818909001537
236,3.1663434505462646,1819.742705175653,0.0,4816.86572265625,5150.0,8.379673087969422
237,3.582021474838257,1987.1175503470004,0.0,4816.86572265625,5150.0,8.413421732955612
238,4.2984938621521,1592.4311084337533,0.0,4816.86572265625,5150.0,8.447144069941714
239,2.286916971206665,1630.6522097699344,0.0,4816.86572265625,5150.0,8.480961395893246
240,3.8863329887390137,2125.1149241719395,0.0,4816.86572265625,5150.0,8.51471928297542
241,3.0983338356018066,1468.9434412233531,0.0,4816.86572265625,5150.0,8.548489615903236
242,2.940258264541626,1971.3694327678531,0.0,4816.86572265625,5150.0,8.582220429903828
243,3.3520493507385254,1787.3964943941683,0.0,4816.86572265625,5150.0,8.61594463896472
244,3.0853960514068604,1835.50558103621,0.0,4816.86572265625,5150.0,8.64972153189592
245,3.4071428775787354,1871.1882668063045,0.0,4816.86572265625,5150.0,8.683506761910394
246,2.719008684158325,6788.392296493053,0.0,4816.86572265625,5150.0,8.717382660950534
247,3.9983785152435303,1352.167719276622,0.0,4816.86572265625,5150.0,8.751168237999082
248,2.957740545272827,1652.8633959125727,0.0,4816.86572265625,5150.0,8.784986266982742
249,3.305934429168701,2112.6042088605464,0.0,4816.86572265625,5150.0,8.819004979915917
250,2.7037432193756104,2188.213097330183,0.0,4816.86572265625,5150.0,8.853033772902563
251,3.122814893722534,1844.8451422005892,0.0,4816.86572265625,5150.0,8.886911290930584
252,4.13971471786499,1884.0966620631516,0.0,4816.86572265625,5150.0,8.920575314899907
253,4.583629131317139,1269.850374918431,0.0,4816.86572265625,5150.0,8.954409175901674
254,4.530307292938232,1132.4249166361988,0.0,4816.86572265625,5150.0,8.98816463490948
255,4.2040019035339355,1780.6790830157697,0.0,4816.86572265625,5150.0,9.02194435999263
256,2.727109432220459,4056.92645191215,0.0,4816.86572265625,5150.0,9.055809369892813
257,4.1906023025512695,1972.4142435491085,0.0,4816.86572265625,5150.0,9.089470492908731
258,3.911309242248535,2287.3962548561394,0.0,4816.86572265625,5150.0,9.123186443001032
259,4.018191337585449,1473.9704103786498,0.0,4816.86572265625,5150.0,9.156905111973174
260,4.72589111328125,1599.2158634923398,0.0,4816.86572265625,5150.0,9.19062315498013
261,4.5552144050598145,1538.3763275071979,0.0,4816.86572265625,5150.0,9.224542845971882
262,2.903902292251587,3503.2084557525814,0.0,4816.86572265625,5150.0,9.258222680888139
263,2.724604368209839,2878.1835906989872,0.0,4816.86572265625,5150.0,9.292079146951437
264,3.866992950439453,1896.1229199562222,0.0,4816.86572265625,5150.0,9.325842813937925
265,3.5672786235809326,2427.8762089274824,0.0,4816.86572265625,5150.0,9.359519492951222
266,4.283960819244385,1349.003241168335,0.0,4816.86572265625,5150.0,9.393257283954881
267,4.077864170074463,1564.3690552003682,0.0,4816.86572265625,5150.0,9.426948627922684
268,3.0609347820281982,2873.561208602041,0.0,4816.86572265625,5150.0,9.460775333922356
269,4.569681644439697,2925.4063533879817,0.0,4816.86572265625,5150.0,9.494599483907223
270,2.497190475463867,2383.480660814792,0.0,4816.86572265625,5150.0,9.528366768965498
271,2.933269500732422,1301.951128717512,0.0,4816.86572265625,5150.0,9.562213857891038
272,4.4977521896362305,1174.788102451712,0.0,4816.86572265625,5150.0,9.595844092895277
273,4.6828813552856445,794.9878490325063,0.0,4816.86572265625,5150.0,9.629516814951785
274,4.007016181945801,1915.176944417879,0.0,4816.86572265625,5150.0,9.66315294697415
275,3.6856892108917236,2143.542276520282,0.0,4816.86572265625,5150.0,9.696861409931444
276,4.269267559051514,926.880113452673,0.0,4816.86572265625,5150.0,9.73064871400129
277,2.8500514030456543,2596.0166705204174,0.0,4816.86572265625,5150.0,9.764391855918802
278,4.447630405426025,964.1526148021221,0.0,4816.86572265625,5150.0,9.79809261392802
279,3.98633074760437,1636.3444173056632,0.0,4816.86572265625,5150.0,9.831865231972188
280,3.2951674461364746,2278.766045972705,0.0,4816.86572265625,5150.0,9.865722273942083
281,3.718480348587036,2207.3500457294285,0.0,4816.86572265625,5150.0,9.89940333692357
282,3.756589412689209,1561.3021513568237,0.0,4816.86572265625,5150.0,9.93325267394539
283,2.642698287963867,2293.3575673922896,0.0,4816.86572265625,5150.0,9.967043087934144
284,3.2340471744537354,1421.2414522469044,0.0,4816.86572265625,5150.0,10.001143936999142
285,4.2436394691467285,1011.3186141215265,0.0,4816.86572265625,5150.0,10.034818435902707
286,3.9346425533294678,1536.0902902148664,0.0,4816.86572265625,5150.0,10.06860155495815
287,3.880920886993408,1839.1236776448786,0.0,4816.86572265625,5150.0,10.102402010001242
288,3.2219631671905518,1813.4440012630075,0.0,4816.86572265625,5150.0,10.136163770919666
289,3.9195547103881836,2461.9748892579228,0.0,4816.86572265625,5150.0,10.169885893003084
290,3.3464574813842773,1659.738032960333,0.0,4816.86572265625,5150.0,10.203954955912195
291,3.664937734603882,872.3189473729581,0.0,4816.86572265625,5150.0,10.237754731904715
292,3.312994956970215,2126.602760847658,0.0,4816.86572265625,5150.0,10.271455019945279
293,4.072930812835693,1328.9173318445683,0.0,4816.86572265625,5150.0,10.305230548954569
294,4.384706020355225,1289.5128016881645,0.0,4816.86572265625,5150.0,10.338912608916871
295,3.1942288875579834,3255.534042648971,0.0,4816.86572265625,5150.0,10.372686321963556
296,3.5242762565612793,1620.8892910927534,0.0,4816.86572265625,5150.0,10.406466732965782
297,3.3192248344421387,1989.653952691704,0.0,4816.86572265625,5150.0,10.440237948903814
298,3.522716760635376,1410.3336359057575,0.0,4816.86572265625,5150.0,10.473902242956683
299,3.5932765007019043,1454.1415906418115,0.0,4816.86572265625,5150.0,10.507928527891636
300,4.609274387359619,942.5107960402966,0.0,4816.86572265625,5150.0,10.541759687941521
301,2.617424964904785,2158.1249831728637,0.0,4816.86572265625,5150.0,10.575576601899229
302,3.8505589962005615,1045.4111961927265,0.0,4816.86572265625,5150.0,10.609320606919937
303,2.5152809619903564,2131.81282665208,0.0,4816.86572265625,5150.0,10.643109499942511
304,4.214531898498535,861.5179601982236,0.0,4816.86572265625,5150.0,10.676838623941876
305,3.159960985183716,1563.439192504622,0.0,4816.86572265625,5150.0,10.710682421922684
306,3.769289970397949,1543.2410987503827,0.0,4816.86572265625,5150.0,10.744425828917883
307,4.319143772125244,2039.711052665487,0.0,4816.86572265625,5150.0,10.778142242925242
308,3.2654991149902344,2237.116684436798,0.0,4816.86572265625,5150.0,10.811849114950746
309,3.6832704544067383,1173.6678769141436,0.0,4816.86572265625,5150.0,10.84425708395429
310,3.83915114402771,1855.696091581136,0.0,4816.86572265625,5150.0,10.878015082911588
311,2.879362106323242,1719.9318469688296,0.0,4816.86572265625,5150.0,10.911798632936552
312,3.23573637008667,1553.8681070655584,0.0,4816.86572265625,5150.0,10.945543840993196
313,3.7153003215789795,1784.0502697033808,0.0,4816.86572265625,5150.0,10.979243026929908
314,3.6628506183624268,1915.1374616771936,0.0,4816.86572265625,5150.0,11.012890384998173
315,3.2024013996124268,2093.9857435896993,0.0,4816.86572265625,5150.0,11.0468003799906
316,1.9758423566818237,2602.285102698952,0.0,4816.86572265625,5150.0,11.080634967889637
317,2.7897839546203613,2147.544652817771,0.0,4816.86572265625,5150.0,11.114352387958206
318,3.8331243991851807,1927.890349868685,0.0,4816.86572265625,5150.0,11.14811364596244
319,1.8776766061782837,1804.9169608103111,0.0,4816.86572265625,5150.0,11.182103639934212
320,2.729745388031006,1341.4233097340912,0.0,4816.86572265625,5150.0,11.216177558992058
321,4.6006927490234375,2150.670871159062,0.0,4816.86572265625,5150.0,11.250345987966284
322,3.202510118484497,1804.1193592511117,0.0,4816.86572265625,5150.0,11.284149662940763
323,3.124924898147583,1993.1526999045163,0.0,4816.86572265625,5150.0,11.318007763940841
324,2.8559818267822266,2449.115946676582,0.0,4816.86572265625,5150.0,11.351737002958544
325,4.292130947113037,1281.7163474094123,0.0,4816.86572265625,5150.0,11.385460776975378
326,2.728896379470825,1996.468409402296,0.0,4816.86572265625,5150.0,11.419214073917829
327,2.885295867919922,1749.4100028108805,0.0,4816.86572265625,5150.0,11.452987893950194
328,3.807997226715088,1856.179771039635,0.0,4816.86572265625,5150.0,11.486797985970043
329,3.6884236335754395,1094.1736927852035,0.0,4816.86572265625,5150.0,11.520603195996955
330,3.7367804050445557,1433.68367979303,0.0,4816.86572265625,5150.0,11.554247568943538
331,3.043795347213745,1709.239787666127,0.0,4816.86572265625,5150.0,11.58807340299245
332,2.6844558715820312,2701.382176492363,0.0,4816.86572265625,5150.0,11.621823702938855
333,4.23150110244751,1434.1453715395182,0.0,4816.86572265625,5150.0,11.655568568967283
334,2.4316506385803223,5103.043992400169,0.0,4816.86572265625,5150.0,11.689333123969845
335,2.754664897918701,1246.2407939378172,0.0,4816.86572265625,5150.0,11.72321278497111
336,2.711632013320923,1877.190510591492,0.0,4816.86572265625,5150.0,11.757039626943879
337,2.9603703022003174,1635.7285380745307,0.0,4816.86572265625,5150.0,11.790824113995768
338,3.015394687652588,1822.9767546821386,0.0,4816.86572265625,5150.0,11.824602115899324
339,3.3119866847991943,1361.2586375121027,0.0,4816.86572265625,5150.0,11.858432814944535
340,3.0425212383270264,1714.02171042189,0.0,4816.86572265625,5150.0,11.892191279912367
341,3.8210389614105225,1591.5236445516348,0.0,4816.86572265625,5150.0,11.926065260893665
342,3.2403368949890137,2101.562722399831,0.0,4816.86572265625,5150.0,11.95987029094249
343,3.7369801998138428,1229.4694970902056,0.0,4816.86572265625,5150.0,11.993671504897065
344,4.16634464263916,907.3370449263602,0.0,4816.86572265625,5150.0,12.027376841986552
345,2.6447761058807373,3039.646792570129,0.0,4816.86572265625,5150.0,12.061196740949526
346,3.5184130668640137,1251.065274650231,0.0,4816.86572265625,5150.0,12.094989094999619
347,2.53794264793396,3185.2185080610216,0.0,4816.86572265625,5150.0,12.128767211921513
348,2.814701557159424,2011.5506292916834,0.0,4816.86572265625,5150.0,12.162596780923195
349,3.1190574169158936,2070.8107109107077,0.0,4816.86572265625,5150.0,12.196433788980357
350,3.449631690979004,5730.081866063178,0.0,4816.86572265625,5150.0,12.230188091984019
351,2.6731338500976562,2508.7646257262677,0.0,4816.86572265625,5150.0,12.264022576971911
352,3.309617042541504,1287.0623173192143,0.0,4816.86572265625,5150.0,12.297856692923233
353,3.284522533416748,1815.4512512739748,0.0,4816.86572265625,5150.0,12.331545233959332
354,4.343896865844727,1680.3147916346788,0.0,4816.86572265625,5150.0,12.365244104992598
355,3.774686098098755,1273.1248085573316,0.0,4816.86572265625,5150.0,12.399066529935226
356,3.9681835174560547,1588.8359695030376,0.0,4816.86572265625,5150.0,12.432875491911545
357,3.7450833320617676,1607.3087207376957,0.0,4816.86572265625,5150.0,12.466566319926642
358,2.5769505500793457,1862.1196712814271,0.0,4816.86572265625,5150.0,12.500392258982174
359,2.9548351764678955,1833.810404771939,0.0,4816.86572265625,5150.0,12.534259911975823
360,2.462820053100586,2212.7739035282284,0.0,4816.86572265625,5150.0,12.568153724889271
361,3.066533327102661,923.0902763903141,0.0,4816.86572265625,5150.0,12.602286458946764
362,3.612945318222046,1575.4969024583697,0.0,4816.86572265625,5150.0,12.635939668980427
363,3.4476921558380127,1302.344574086368,0.0,4816.86572265625,5150.0,12.669776339898817
364,2.409433603286743,1620.8633863069117,0.0,4816.86572265625,5150.0,12.703846468939446
365,3.1151282787323,1748.4569804109633,0.0,4816.86572265625,5150.0,12.737749252002686
366,3.4163951873779297,1275.6491611748934,0.0,4816.86572265625,5150.0,12.771530934958719
367,4.5283989906311035,1363.447873789817,0.0,4816.86572265625,5150.0,12.805197635898367
368,2.9634969234466553,1745.8784413188696,0.0,4816.86572265625,5150.0,12.838992866920307
369,1.7781399488449097,1688.2412523487583,0.0,4816.86572265625,5150.0,12.872845874982886
370,3.6595797538757324,1780.0275783799589,0.0,4816.86572265625,5150.0,12.906604532967322
371,2.3530938625335693,1522.5735221467912,0.0,4816.86572265625,5150.0,12.940631155972369
372,4.030019283294678,1847.978456698358,0.0,4816.86572265625,5150.0,12.974343518959358
373,3.6016807556152344,1426.611670223996,0.0,4816.86572265625,5150.0,13.008020096924156
374,3.9230892658233643,1250.3933173194528,0.0,4816.86572265625,5150.0,13.041715670959093
375,2.9176342487335205,1175.5494797881693,0.0,4816.86572265625,5150.0,13.07562334695831
376,3.167067527770996,1522.8985150903463,0.0,4816.86572265625,5150.0,13.109427357907407
377,3.5352373123168945,1804.6940128253773,0.0,4816.86572265625,5150.0,13.143065469921567
378,3.8487625122070312,1388.738806290552,0.0,4816.86572265625,5150.0,13.176668377942406
379,2.9680094718933105,1825.1519803795964,0.0,4816.86572265625,5150.0,13.21046841389034
380,3.3626720905303955,1429.2061654683203,0.0,4816.86572265625,5150.0,13.244293500902131
381,2.8576338291168213,1234.4080280605704,0.0,4816.86572265625,5150.0,13.278112166910432
382,3.591662645339966,1204.620260456577,0.0,4816.86572265625,5150.0,13.311746089952067
383,3.5383362770080566,1307.01903275121,0.0,4816.86572265625,5150.0,13.34558079589624
384,3.5371904373168945,2054.8024289682508,0.0,4816.86572265625,5150.0,13.37935627088882
385,3.6291959285736084,1477.3918499909341,0.0,4816.86572265625,5150.0,13.413191856001504
386,2.10198712348938,3146.8699055891484,0.0,4816.86572265625,5150.0,13.446947784977965
387,3.0302727222442627,2477.475281085819,0.0,4816.86572265625,5150.0,13.480657279957086
388,3.1502022743225098,1530.8239281140268,0.0,4816.86572265625,5150.0,13.514385657967068
389,2.825573444366455,2393.548009444028,0.0,4816.86572265625,5150.0,13.548188871936873
390,2.148040533065796,2155.3236881094053,0.0,4816.86572265625,5150.0,13.582045848947018
391,2.9249186515808105,2031.7966939508915,0.0,4816.86572265625,5150.0,13.615897682961076
392,4.381402015686035,889.2823339477181,0.0,4816.86572265625,5150.0,13.64961715892423
393,3.5567662715911865,1334.3921114234254,0.0,4816.86572265625,5150.0,13.683354127919301
394,2.7554028034210205,1513.1858293013647,0.0,4816.86572265625,5150.0,13.717277465970255
395,3.0813300609588623,1930.6909408308566,0.0,4816.86572265625,5150.0,13.751061959890649
396,3.380835771560669,2458.7054866068065,0.0,4816.86572265625,5150.0,13.784911577939056
397,4.5096564292907715,1740.6586535144597,0.0,4816.86572265625,5150.0,13.818595755961724
398,2.392505168914795,2573.940422223881,0.0,4816.86572265625,5150.0,13.85250959196128
399,3.123796224594116,1758.152267312631,0.0,4816.86572265625,5150.0,13.88636654696893
400,3.798663854598999,1701.7004687823355,0.0,4816.86572265625,5150.0,13.920267507899553
401,2.9441189765930176,2656.905157789588,0.0,4816.86572265625,5150.0,13.954133681952953
402,3.13216495513916,1532.7063313648105,0.0,4816.86572265625,5150.0,13.987911158939824
403,2.6870882511138916,1695.1972421891987,0.0,4816.86572265625,5150.0,14.021840526955202
404,2.513427495956421,3146.8934844043106,0.0,4816.86572265625,5150.0,14.055470849969424
405,2.3713862895965576,1937.4795162612572,0.0,4816.86572265625,5150.0,14.08930306090042
406,3.6404924392700195,1885.5955858416855,0.0,4816.86572265625,5150.0,14.12299640092533
407,3.4208219051361084,1741.1407801397145,0.0,4816.86572265625,5150.0,14.156697995960712
408,4.35795259475708,1527.5963626205921,0.0,4816.86572265625,5150.0,14.190457541961223
409,4.043422222137451,1352.2622497975826,0.0,4816.86572265625,5150.0,14.224335493985564
410,3.1824748516082764,3929.659475967288,0.0,4816.86572265625,5150.0,14.258169191889465
411,3.3187451362609863,1305.6164407040924,0.0,4816.86572265625,5150.0,14.292044611996971
412,3.951078414916992,1239.1723004095256,0.0,4816.86572265625,5150.0,14.325714080943726
413,3.02134108543396,1427.4477663971484,0.0,4816.86572265625,5150.0,14.359472452895716
414,3.7323977947235107,1394.3317393809557,0.0,4816.86572265625,5150.0,14.393263901933096
415,2.4437756538391113,2030.471470201388,0.0,4816.86572265625,5150.0,14.427093869890086
416,3.2629663944244385,2109.628533516079,0.0,4816.86572265625,5150.0,14.460817141924053
417,4.25751256942749,1315.6972872801125,0.0,4816.86572265625,5150.0,14.494506784947589
418,4.1779465675354,1937.9523191526532,0.0,4816.86572265625,5150.0,14.52833679493051
419,3.385166883468628,1126.3175791241229,0.0,4816.86572265625,5150.0,14.562118836911395
420,3.2960638999938965,2183.7836620807648,0.0,4816.86572265625,5150.0,14.59577371191699
421,2.6470389366149902,1912.8150609452277,0.0,4816.86572265625,5150.0,14.629636561963707
422,3.7643306255340576,1773.3009547628462,0.0,4816.86572265625,5150.0,14.663327703950927
423,1.9987249374389648,1634.3189381584525,0.0,4816.86572265625,5150.0,14.697184882941656
424,2.3624560832977295,1988.5266226669773,0.0,4816.86572265625,5150.0,14.7309250109829
425,4.172733306884766,721.5906965173781,0.0,4816.86572265625,5150.0,14.764614140964113
426,2.8285114765167236,1226.778752407059,0.0,4816.86572265625,5150.0,14.798445591935888
427,2.7649548053741455,1678.7627172600478,0.0,4816.86572265625,5150.0,14.832263038959354
428,3.63808012008667,1204.5231623034924,0.0,4816.86572265625,5150.0,14.866085489979014
429,3.2007100582122803,1926.1849364452064,0.0,4816.86572265625,5150.0,14.899740283959545
430,2.8620553016662598,1618.5937139261514,0.0,4816.86572265625,5150.0,14.933549159904942
431,3.341444730758667,1706.3199141230434,0.0,4816.86572265625,5150.0,14.967452214914374
432,2.1586246490478516,1607.6048012981191,0.0,4816.86572265625,5150.0,15.001252256915905
433,2.7903170585632324,1829.7173029109836,0.0,4816.86572265625,5150.0,15.035156544996426
434,2.9851648807525635,2054.041306041181,0.0,4816.86572265625,5150.0,15.068917304975912
435,3.0040555000305176,2633.5184656456113,0.0,4816.86572265625,5150.0,15.10300490190275
436,2.6378800868988037,1542.9867026656866,0.0,4816.86572265625,5150.0,15.136900978977792
437,3.032701253890991,1350.8495307583362,0.0,4816.86572265625,5150.0,15.170655382913537
438,2.4262855052948,1850.2516254931688,0.0,4816.86572265625,5150.0,15.204495024983771
439,2.188669443130493,1922.3972003301606,0.0,4816.86572265625,5150.0,15.23834864795208
440,4.120727062225342,753.1688674129546,0.0,4816.86572265625,5150.0,15.272125676972792
441,3.3762242794036865,1004.3583779847249,0.0,4816.86572265625,5150.0,15.306017631897703
442,4.201665878295898,1018.3588022589684,0.0,4816.86572265625,5150.0,15.339663493912667
443,3.057640790939331,3446.15667779278,0.0,4816.86572265625,5150.0,15.373501246911474
444,4.010463714599609,1117.5120806321502,0.0,4816.86572265625,5150.0,15.407280909945257
445,2.8887109756469727,1528.9101264001802,0.0,4816.86572265625,5150.0,15.441126728896052
446,4.0711350440979,1253.3790449611843,0.0,4816.86572265625,5150.0,15.474808684899472
447,1.925405740737915,2665.703510039486,0.0,4816.86572265625,5150.0,15.50852459599264
448,3.739945411682129,761.988696558401,0.0,4816.88037109375,5150.0,15.54265050997492
449,1.8033289909362793,1854.3341167494655,0.0,4816.88037109375,5150.0,15.57644746999722
450,3.2355754375457764,1452.8498882502317,0.0,4816.88037109375,5150.0,15.610229546902701
451,2.9175381660461426,1714.9411918204278,0.0,4816.88037109375,5150.0,15.644087272929028
452,3.057793140411377,1561.9020797219127,0.0,4816.88037109375,5150.0,15.677784201921895
453,3.8735973834991455,1158.5257796552032,0.0,4816.88037109375,5150.0,15.711574643966742
454,3.3817317485809326,906.8793199025095,0.0,4816.88037109375,5150.0,15.745429444941692
455,3.1420059204101562,1527.976138131693,0.0,4816.88037109375,5150.0,15.779171275906265
456,3.199450731277466,2011.9592759013176,0.0,4816.88037109375,5150.0,15.812855926924385
457,3.964304208755493,1022.3064936175942,0.0,4816.88037109375,5150.0,15.846657910966314
458,3.0301787853240967,1412.8433768860996,0.0,4816.88037109375,5150.0,15.880458670901135
459,3.3986976146698,1240.1415713690221,0.0,4816.88037109375,5150.0,15.914116486907005
460,3.4041922092437744,1030.6488301381469,0.0,4816.88037109375,5150.0,15.947893077973276
461,2.9988484382629395,1268.1659722123295,0.0,4816.88037109375,5150.0,15.981843817979097
462,3.6465537548065186,1669.1056997291744,0.0,4816.88037109375,5150.0,16.01557523291558
463,4.279720783233643,2058.551728764549,0.0,4816.88037109375,5150.0,16.049158407957293
464,4.23056697845459,843.2384800426662,0.0,4816.88037109375,5150.0,16.08298616693355
465,2.9071531295776367,2513.142661381513,0.0,4816.88037109375,5150.0,16.11666035198141
466,4.139893054962158,974.8346852213144,0.0,4816.88037109375,5150.0,16.150412104907446
467,2.9843459129333496,1479.515897593461,0.0,4816.88037109375,5150.0,16.18421515391674
468,3.3486671447753906,1386.6194413723424,0.0,4816.88037109375,5150.0,16.217988730990328
469,2.851543664932251,1102.8037557080388,0.0,4816.88037109375,5150.0,16.252224972937256
470,3.216320037841797,1176.9974563149735,0.0,4816.88037109375,5150.0,16.285936095984653
471,3.4196038246154785,1320.5723063647747,0.0,4816.88037109375,5150.0,16.31977103895042
472,3.595777750015259,1238.7710994444788,0.0,4816.88037109375,5150.0,16.353599482914433
473,2.620603322982788,1553.3646323084831,0.0,4816.88037109375,5150.0,16.387493078946136
474,2.656609296798706,2278.758666158188,0.0,4816.88037109375,5150.0,16.42119375197217
475,2.6596620082855225,1697.2856632033363,0.0,4816.88037109375,5150.0,16.454933281987906
476,2.2937867641448975,1416.8363550994545,0.0,4816.88037109375,5150.0,16.488653537002392
477,2.6013195514678955,1196.6320533500984,0.0,4816.88037109375,5150.0,16.52124701195862
478,3.2432258129119873,1463.4783472586423,0.0,4816.88037109375,5150.0,16.555031601921655
479,3.4180612564086914,1128.4512567799538,0.0,4816.88037109375,5150.0,16.588724086992443
480,4.326287269592285,1000.1324360072613,0.0,4816.88037109375,5150.0,16.622392382938415
481,1.9002102613449097,1935.8308708388358,0.0,4816.88037109375,5150.0,16.656193792936392
482,3.6435673236846924,1225.0483344513923,0.0,4816.88037109375,5150.0,16.689933493966237
483,2.8105266094207764,1426.7668688613921,0.0,4816.88037109375,5150.0,16.72371028899215
484,2.0248377323150635,1823.3956147711724,0.0,4816.88037109375,5150.0,16.757626378908753
485,3.3793327808380127,1123.6510444134474,0.0,4816.88037109375,5150.0,16.791415211977437
486,3.8716418743133545,2157.4031864739954,0.0,4816.88037109375,5150.0,16.825135717983358
487,2.679354667663574,1874.219511659816,0.0,4816.88037109375,5150.0,16.857585550984368
488,2.4803504943847656,1407.3709575627,0.0,4816.88037109375,5150.0,16.891328210942447
489,2.8219563961029053,1498.393118897453,0.0,4816.88037109375,5150.0,16.925339495996013
490,2.873903512954712,1140.5159217081964,0.0,4816.88037109375,5150.0,16.959393763914704
491,2.8187286853790283,1349.2188155427575,0.0,4816.88037109375,5150.0,16.99319211789407
492,2.447558879852295,1582.5092114368454,0.0,4816.88037109375,5150.0,17.027013517916203
493,3.655017614364624,1682.6570473052561,0.0,4816.88037109375,5150.0,17.06068916292861
494,4.283234596252441,1123.9578812420368,0.0,4816.88037109375,5150.0,17.094367458950728
495,3.3145291805267334,1344.8206592276692,0.0,4816.88037109375,5150.0,17.12808008189313
496,1.888471007347107,1380.162043184042,0.0,4816.88037109375,5150.0,17.161909855902195
497,3.6227259635925293,1395.923344898969,0.0,4816.88037109375,5150.0,17.195577648933977
498,2.8359227180480957,2556.310729013756,0.0,4816.88037109375,5150.0,17.229297235957347
499,2.5496439933776855,1837.6746508646756,0.0,4816.88037109375,5150.0,17.26316594798118
500,2.0464231967926025,2179.3983990848064,0.0,4816.88037109375,5150.0,17.29695200594142
501,2.4454782009124756,1974.6812422396615,0.0,4816.88037109375,5150.0,17.33078505692538
502,2.8379299640655518,1539.575448316522,0.0,4816.88037109375,5150.0,17.36464307992719
503,2.6582798957824707,1882.7069523949176,0.0,4816.88037109375,5150.0,17.398450801963918
504,3.5545477867126465,1302.1771237207577,0.0,4816.88037109375,5150.0,17.432326779002324
505,2.6339876651763916,1971.7025622334331,0.0,4816.88037109375,5150.0,17.466142768971622
506,2.8293533325195312,1702.0722832866013,0.0,4816.88037109375,5150.0,17.499899891903624
507,2.077275276184082,1886.5413776896894,0.0,4816.88037109375,5150.0,17.533674177946523
508,3.5878822803497314,1829.9951083976775,0.0,4816.88037109375,5150.0,17.567301150993444
509,2.853986978530884,1930.6150247082114,0.0,4816.88037109375,5150.0,17.601183168939315
510,3.681641101837158,1752.399867773056,0.0,4816.88037109375,5150.0,17.634883226943202
511,3.3647408485412598,1529.497923610732,0.0,4816.88037109375,5150.0,17.668623113888316
512,3.334712266921997,1573.915067763999,0.0,4816.88037109375,5150.0,17.7023468388943
513,3.042654037475586,1466.162865032442,0.0,4816.88037109375,5150.0,17.73600653896574
514,3.1801247596740723,924.0816479464993,0.0,4816.88037109375,5150.0,17.769746674923226
515,1.9468505382537842,1557.563727340661,0.0,4816.88037109375,5150.0,17.80353115592152
516,2.313359260559082,1401.0043263640255,0.0,4816.88037109375,5150.0,17.837678846903145
517,3.1146020889282227,1416.441801010631,0.0,4816.88037109375,5150.0,17.871359499986283
518,2.211514472961426,1809.4870409369469,0.0,4816.88037109375,5150.0,17.905146261909977
519,4.193169593811035,1004.7896367050707,0.0,4816.88037109375,5150.0,17.93881177494768
520,3.189725875854492,1511.7170351250097,0.0,4816.88037109375,5150.0,17.972526326891966
521,3.5596680641174316,1463.3435565009713,0.0,4816.88037109375,5150.0,18.00630871998146
522,2.653895378112793,1639.2172792796046,0.0,4816.88037109375,5150.0,18.039995400002226
523,1.209578037261963,1832.5731615200639,0.0,4816.88037109375,5150.0,18.073824175982736
524,2.564516067504883,1849.4922350235283,0.0,4816.88037109375,5150.0,18.107609580969438
525,3.7453720569610596,1238.7531904401258,0.0,4816.88037109375,5150.0,18.141371112898923
526,2.6372087001800537,2217.5523877069354,0.0,4816.88037109375,5150.0,18.175238582887687
527,2.5444202423095703,1517.0675503816456,0.0,4816.88037109375,5150.0,18.20911132893525
528,2.9891834259033203,1387.5196578279138,0.0,4816.88037109375,5150.0,18.24306768993847
529,2.402369260787964,1641.9935673885047,0.0,4816.88037109375,5150.0,18.276819924940355
530,1.8497865200042725,1615.2215099567547,0.0,4816.88037109375,5150.0,18.310611569904722
531,1.7480876445770264,1949.5758423348889,0.0,4816.88037109375,5150.0,18.344423774979077
532,1.4778646230697632,1974.4862543013878,0.0,4816.88037109375,5150.0,18.37826867296826
533,3.2178826332092285,919.5209939517081,0.0,4816.88037109375,5150.0,18.412098644999787
534,2.5328915119171143,1580.0735544497147,0.0,4816.88037109375,5150.0,18.4459430729039
535,4.260349750518799,838.2417897880077,0.0,4816.88037109375,5150.0,18.479598795995116
536,3.245288610458374,1469.7841630624607,0.0,4816.88037109375,5150.0,18.51343778090086
537,3.514857053756714,1002.6166038298979,0.0,4816.88037109375,5150.0,18.547433618921787
538,3.4775681495666504,1437.878110717982,0.0,4816.88037109375,5150.0,18.58126657397952
539,2.582064151763916,1783.5534670418128,0.0,4816.88037109375,5150.0,18.614893163903616
540,1.6552857160568237,1928.609561582096,0.0,4816.88037109375,5150.0,18.648687039967626
541,3.2093091011047363,1205.6550129950047,0.0,4816.88037109375,5150.0,18.682494459906593
542,2.463379383087158,2153.4956018179655,0.0,4816.88037109375,5150.0,18.716370109003037
543,3.3163654804229736,1850.8378099054098,0.0,4816.88037109375,5150.0,18.75022613198962
544,2.6398539543151855,1356.8696632301435,0.0,4816.88037109375,5150.0,18.78392041893676
545,2.938704013824463,1465.3457335922867,0.0,4816.88037109375,5150.0,18.817915891995654
546,1.7507187128067017,1763.1586972214282,0.0,4816.88037109375,5150.0,18.851818091003224
547,2.537790298461914,1630.1023614685982,0.0,4816.88037109375,5150.0,18.885622856905684
548,3.3581159114837646,1195.6152307651937,0.0,4816.88037109375,5150.0,18.919427474960685
549,3.968278408050537,1000.330932289362,0.0,4816.88037109375,5150.0,18.953213704982772
550,3.322258234024048,1587.7582179596648,0.0,4816.88037109375,5150.0,18.987026893999428
551,4.044825077056885,1169.195268061012,0.0,4816.88037109375,5150.0,19.020625942968763
552,2.177246332168579,1984.220618745312,0.0,4816.88037109375,5150.0,19.054548022919334
553,2.800150156021118,1733.6704180883244,0.0,4816.88037109375,5150.0,19.088393481913954
554,3.3652184009552,1254.6637557148933,0.0,4816.88037109375,5150.0,19.122015990898944
555,3.027520179748535,1320.6308989189565,0.0,4816.88037109375,5150.0,19.155796149978414
556,3.8859238624572754,627.3382632229477,0.0,4816.88037109375,5150.0,19.18956932297442
557,2.7159078121185303,1414.6669402280822,0.0,4816.88037109375,5150.0,19.223266060929745
558,2.3137714862823486,1548.0245058499277,0.0,4816.88037109375,5150.0,19.257155664963648
559,1.515136480331421,1591.9219115534797,0.0,4816.88037109375,5150.0,19.29087730590254
560,3.498426914215088,1073.8762113451958,0.0,4816.88037109375,5150.0,19.324725541984662
561,2.0109975337982178,1416.4375913087279,0.0,4816.88037109375,5150.0,19.358428505947813
562,3.435783624649048,1405.9898028671741,0.0,4816.88037109375,5150.0,19.39231501496397
563,3.2335519790649414,1190.279719337821,0.0,4816.88037109375,5150.0,19.426105696940795
564,2.609128952026367,1554.2451066402718,0.0,4816.88037109375,5150.0,19.459950291900896
565,2.5511624813079834,1533.455851657316,0.0,4816.88037109375,5150.0,19.493759937002324
566,1.9223541021347046,1922.2934011090547,0.0,4816.88037109375,5150.0,19.527600479894318
567,2.5611023902893066,1416.1985965110362,0.0,4816.88037109375,5150.0,19.561458352953196
568,2.8848438262939453,1510.8718395978212,0.0,4816.88037109375,5150.0,19.595261906972155
569,2.7256290912628174,1784.1819630749524,0.0,4816.88037109375,5150.0,19.629062605905347
570,4.108792781829834,916.3345827097073,0.0,4816.88037109375,5150.0,19.66283823689446
571,2.7262346744537354,1698.4803136382252,0.0,4816.88037109375,5150.0,19.6965916469926
572,2.5512382984161377,1317.707315444015,0.0,4816.88037109375,5150.0,19.730450919945724
573,2.2506422996520996,1749.8510584533215,0.0,4816.88037109375,5150.0,19.764414718956687
574,2.4138600826263428,1291.479272512719,0.0,4816.88037109375,5150.0,19.79817928490229
575,2.7132527828216553,1454.0754590239376,0.0,4816.88037109375,5150.0,19.831946825957857
576,1.2127766609191895,1794.9665840957314,0.0,4816.88037109375,5150.0,19.865730656892993
577,3.672065019607544,1671.5702931564301,0.0,4816.88037109375,5150.0,19.89951208792627
578,3.2553470134735107,1523.0069362409413,0.0,4816.88037109375,5150.0,19.93328583089169
579,3.05545711517334,1708.5335389142856,0.0,4816.88037109375,5150.0,19.967071209917776
580,2.317504644393921,1905.8626660909504,0.0,4816.88037109375,5150.0,20.00078478490468
581,2.5606563091278076,1585.6721654981375,0.0,4816.88037109375,5150.0,20.034754449967295
582,1.6627358198165894,2006.539118135348,0.0,4816.88037109375,5150.0,20.068590723909438
583,3.326093912124634,1216.33078979142,0.0,4816.88037109375,5150.0,20.102480030967854
584,3.1545019149780273,1509.0767925484106,0.0,4816.88037109375,5150.0,20.136237527942285
585,3.8680531978607178,852.2109810914844,0.0,4816.88037109375,5150.0,20.169985871994868
586,4.32740592956543,762.7676161341369,0.0,4816.88037109375,5150.0,20.20372202899307
587,3.1040422916412354,963.3625685814768,0.0,4816.88037109375,5150.0,20.237585386959836
588,1.978920578956604,1383.3886433392763,0.0,4816.88037109375,5150.0,20.271635686978698
589,1.2271720170974731,2613.541065786034,0.0,4816.88037109375,5150.0,20.305483800941147
590,3.302976369857788,1393.6534948255867,0.0,4816.88037109375,5150.0,20.33927541191224
591,1.831217646598816,1663.6294326512143,0.0,4816.88037109375,5150.0,20.37305888393894
592,1.8131778240203857,2520.3764344006777,0.0,4816.88037109375,5150.0,20.406960668973625
593,3.2912747859954834,1077.749163074419,0.0,4816.88037109375,5150.0,20.440720079932362
594,3.741236925125122,927.3891980117187,0.0,4816.88037109375,5150.0,20.474490779917687
595,2.6754324436187744,2143.8977736411616,0.0,4816.88037109375,5150.0,20.50811752595473
596,2.31579327583313,1909.354712406639,0.0,4816.88037109375,5150.0,20.54214996495284
597,3.157992362976074,1746.7783771688119,0.0,4816.88037109375,5150.0,20.57584519300144
598,3.317843198776245,1054.995769701898,0.0,4816.88037109375,5150.0,20.609612075961195
599,3.1190176010131836,1001.1016121488065,0.0,4816.88037109375,5150.0,20.64335885993205
600,3.113037109375,1162.7111022975296,0.0,4816.88037109375,5150.0,20.67733087693341
601,2.895962715148926,1479.1665801741183,0.0,4816.88037109375,5150.0,20.71120455500204
602,3.504803419113159,1150.375039741397,0.0,4816.88037109375,5150.0,20.745109239942394
603,3.7717978954315186,1006.2203004937619,0.0,4816.88037109375,5150.0,20.778902193997055
604,3.195348024368286,1324.5045718047768,0.0,4816.88037109375,5150.0,20.812622404890135
605,3.725215435028076,802.5678885849193,0.0,4816.88037109375,5150.0,20.846410123980604
606,3.1892733573913574,861.3065190883353,0.0,4816.88037109375,5150.0,20.88015440898016
607,3.917121410369873,1130.181993484497,0.0,4816.88037109375,5150.0,20.913799808942713
608,2.5946145057678223,1691.2784270877019,0.0,4816.88037109375,5150.0,20.947691906942055
609,2.4360849857330322,2239.456054569222,0.0,4816.88037109375,5150.0,20.98151099891402
610,1.8353321552276611,1665.6844278816134,0.0,4816.88037109375,5150.0,21.01533468288835
611,3.7791404724121094,1236.8825231790543,0.0,4816.88037109375,5150.0,21.04899568099063
612,3.37058687210083,938.7692287350073,0.0,4816.88037109375,5150.0,21.082769249915145
613,2.6885228157043457,1227.2680065389723,0.0,4816.88037109375,5150.0,21.11688466591295
614,2.1201207637786865,2013.7822603723034,0.0,4816.88037109375,5150.0,21.15059429896064
615,3.9527881145477295,802.1327878143638,0.0,4816.88037109375,5150.0,21.18442259391304
616,3.423426628112793,1324.2464223764837,0.0,4816.88037109375,5150.0,21.218237551976927
617,3.9089794158935547,1678.9697473496199,0.0,4816.88037109375,5150.0,21.252192806918174
618,3.0445516109466553,1702.2120129112154,0.0,4816.88037109375,5150.0,21.286019893945195
619,3.0853536128997803,946.907076343894,0.0,4816.88037109375,5150.0,21.319773278897628
620,4.007012367248535,805.6987750697881,0.0,4816.88037109375,5150.0,21.353476350894198
621,3.015048027038574,1175.3025992289186,0.0,4816.88037109375,5150.0,21.38728841592092
622,2.617631435394287,1530.7346355319023,0.0,4816.88037109375,5150.0,21.42110386688728
623,2.431209087371826,1140.3821606598794,0.0,4816.88037109375,5150.0,21.454952264903113
624,2.100447177886963,1478.7675949707627,0.0,4816.88037109375,5150.0,21.488826697925106
625,4.085835933685303,1678.740880118683,0.0,4816.88037109375,5150.0,21.5228675409453
626,2.7954063415527344,1406.597467854619,0.0,4816.88037109375,5150.0,21.5566637449665
627,2.862128734588623,952.5684133023024,0.0,4816.88037109375,5150.0,21.590455327997915
628,3.072672128677368,970.9418644346297,0.0,4816.88037109375,5150.0,21.624375901999883
629,3.8540279865264893,991.3365962430835,0.0,4816.88037109375,5150.0,21.65818198292982
630,3.6723012924194336,1281.5298752579838,0.0,4816.88037109375,5150.0,21.69187866395805
631,1.8949841260910034,1763.4256548527628,0.0,4816.88037109375,5150.0,21.725721777998842
632,2.521846294403076,1110.415860348381,0.0,4816.88037109375,5150.0,21.759623399935663
633,2.8398361206054688,1375.3936817869544,0.0,4816.88037109375,5150.0,21.793466787901707
634,3.524110794067383,1546.3495573010296,0.0,4816.88037109375,5150.0,21.82711112999823
635,3.530353546142578,1032.3495419211686,0.0,4816.88037109375,5150.0,21.86085734993685
636,3.140989303588867,1478.1949330940843,0.0,4816.88037109375,5150.0,21.894520405912772
637,1.9435170888900757,1692.8451545303687,0.0,4816.88037109375,5150.0,21.92827105091419
638,2.375281810760498,1366.5283346986398,0.0,4816.88037109375,5150.0,21.962138993898407
639,2.711609363555908,1525.4436898045242,0.0,4816.88037109375,5150.0,21.995907537988387
640,1.988667607307434,1515.482718449086,0.0,4816.88037109375,5150.0,22.0296480699908
641,3.6830368041992188,1336.941772880964,0.0,4816.88037109375,5150.0,22.063474330003373
642,3.0472264289855957,1489.1220383159816,0.0,4816.88037109375,5150.0,22.09724247700069
643,2.6157803535461426,2511.1323482897133,0.0,4816.88037109375,5150.0,22.131073412951082
644,2.9594593048095703,1329.337422545068,0.0,4816.88037109375,5150.0,22.164848784916103
645,3.090877056121826,1474.5962084671482,0.0,4816.88037109375,5150.0,22.198514440911822
646,1.924331545829773,1805.393396731466,0.0,4816.88037109375,5150.0,22.23242529691197
647,3.917081356048584,1386.7062971778214,0.0,4816.88037109375,5150.0,22.26659060397651
648,3.757758617401123,1359.4729127660394,0.0,4816.88037109375,5150.0,22.30023154988885
649,2.9883406162261963,1477.4986827224493,0.0,4816.88037109375,5150.0,22.333920374978334
650,3.396094799041748,1174.8556959182024,0.0,4816.88037109375,5150.0,22.36777200899087
651,2.4444503784179688,1372.7657723221928,0.0,4816.88037109375,5150.0,22.401589463930577
652,3.3707845211029053,1020.8416747646406,0.0,4816.88037109375,5150.0,22.435306302970275
653,4.0179033279418945,982.1914489213377,0.0,4816.88037109375,5150.0,22.46910253399983
654,2.59013295173645,2296.031585308723,0.0,4816.88037109375,5150.0,22.502809625002556
655,3.735553503036499,1476.5106514953077,0.0,4816.88037109375,5150.0,22.535241385921836
656,2.36344313621521,1389.7422444391996,0.0,4816.88037109375,5150.0,22.56904635799583
657,3.0226364135742188,1662.0688570085913,0.0,4816.88037109375,5150.0,22.602926008985378
658,1.6696418523788452,1610.158101561945,0.0,4816.88037109375,5150.0,22.636675676913
659,2.3581292629241943,1590.0949170505628,0.0,4816.88037109375,5150.0,22.670499676954933
660,2.6206159591674805,2214.993266168982,0.0,4816.88037109375,5150.0,22.704235779936425
661,2.792210817337036,1940.7327642552555,0.0,4816.88037109375,5150.0,22.73793179297354
662,2.98091459274292,1070.9921540394425,0.0,4816.88037109375,5150.0,22.77179021399934
663,1.8680635690689087,1643.1781288618222,0.0,4816.88037109375,5150.0,22.805560315959156
664,2.9853501319885254,1960.9855455858633,0.0,4816.88037109375,5150.0,22.839317318983376
665,1.8554728031158447,1204.5926592117175,0.0,4816.88037109375,5150.0,22.873053290997632
666,1.7245279550552368,1462.9196698730811,0.0,4816.88037109375,5150.0,22.906856301939115
667,3.4790401458740234,1333.910184665583,0.0,4816.88037109375,5150.0,22.940688838949427
668,3.4343395233154297,1208.9034399855882,0.0,4816.88037109375,5150.0,22.97449109691661
669,2.5028765201568604,2070.321589690633,0.0,4816.88037109375,5150.0,23.00830612995196
670,2.231198310852051,1113.4693513177335,0.0,4816.88037109375,5150.0,23.042568787932396
671,3.352134943008423,1345.229019381106,0.0,4816.88037109375,5150.0,23.0763080639299
672,1.7778830528259277,1324.7664278987795,0.0,4816.88037109375,5150.0,23.110168241895735
673,3.0880000591278076,1443.664921881631,0.0,4816.88037109375,5150.0,23.144150633946992
674,4.004276752471924,897.597598399967,0.0,4816.88037109375,5150.0,23.177880902891047
675,2.8145530223846436,1178.0720924278721,0.0,4816.88037109375,5150.0,23.21170714800246
676,3.0954389572143555,1281.6288894079626,0.0,4816.88037109375,5150.0,23.2455023949733
677,2.6382007598876953,1695.9461658480577,0.0,4816.88037109375,5150.0,23.279395420919172
678,3.2833497524261475,1236.8098903009668,0.0,4816.88037109375,5150.0,23.313244859920815
679,4.105762004852295,716.229467054829,0.0,4816.88037109375,5150.0,23.347108079935424
680,3.1334362030029297,1481.0490587372333,0.0,4816.88037109375,5150.0,23.380839485907927
681,2.52390718460083,1701.5876745544374,0.0,4816.88037109375,5150.0,23.414415323990397
682,4.0197367668151855,1099.8778004348278,0.0,4816.88037109375,5150.0,23.448243842925876
683,2.702221155166626,1587.7640511915088,0.0,4816.88037109375,5150.0,23.482044162927195
684,2.7051706314086914,1787.3516032900661,0.0,4816.88037109375,5150.0,23.51579773798585
685,2.312610626220703,1813.7370145907626,0.0,4816.88037109375,5150.0,23.54965870792512
686,3.7101879119873047,1108.395494826138,0.0,4816.88037109375,5150.0,23.583370854961686
687,2.8464906215667725,1385.1280458429828,0.0,4816.88037109375,5150.0,23.617248503956944
688,2.3293142318725586,1215.5987374596298,0.0,4816.88037109375,5150.0,23.651097898953594
689,2.918961763381958,1478.7021677196026,0.0,4816.88037109375,5150.0,23.684986998909153
690,2.5441620349884033,1412.6637337785214,0.0,4816.88037109375,5150.0,23.718857308966108
691,3.823981761932373,811.8462826376781,0.0,4816.88037109375,5150.0,23.752665051957592
692,3.0131893157958984,1118.3383207228035,0.0,4816.88037109375,5150.0,23.78658876090776
693,2.6895737648010254,1415.690136404708,0.0,4816.88037109375,5150.0,23.820428419974633
694,3.988330125808716,878.2259635757655,0.0,4816.88037109375,5150.0,23.85420062497724
695,2.302229166030884,2171.549476906657,0.0,4816.88037109375,5150.0,23.88807627093047
696,2.4967920780181885,1412.7045697830617,0.0,4816.88037109375,5150.0,23.921899968991056
697,3.081805944442749,1557.5109333507717,0.0,4816.88037109375,5150.0,23.95569708093535
698,2.8804943561553955,1214.7859485680237,0.0,4816.88037109375,5150.0,23.98952160391491
699,2.4278182983398438,1431.6581906890497,0.0,4816.88037109375,5150.0,24.02336976688821
700,3.1496362686157227,1490.6868929397315,0.0,4816.88037109375,5150.0,24.057168036000803
701,3.4892477989196777,1180.6812617229298,0.0,4816.88037109375,5150.0,24.090951288933866
702,2.667529344558716,1470.9503318332136,0.0,4816.88037109375,5150.0,24.124720114981756
703,2.552051067352295,1081.0444368058816,0.0,4816.88037109375,5150.0,24.15858786692843
704,2.2172021865844727,1512.1762308916077,0.0,4816.88037109375,5150.0,24.192331604892388
705,3.424588680267334,1635.8236710391939,0.0,4816.88037109375,5150.0,24.226153673953377
706,3.1002120971679688,1404.6808315217495,0.0,4816.88037109375,5150.0,24.260089050978422
707,3.3936965465545654,1279.4364275708795,0.0,4816.88037109375,5150.0,24.293843284947798
708,3.300771474838257,1651.7328862249851,0.0,4816.88037109375,5150.0,24.327621268923394
709,1.9348794221878052,1551.1883161272854,0.0,4816.88037109375,5150.0,24.361398106906563
710,2.9419760704040527,1382.3426284175366,0.0,4816.88037109375,5150.0,24.395228383946232
711,2.5809147357940674,1248.6526204627007,0.0,4816.88037109375,5150.0,24.42903164192103
712,3.8381335735321045,1140.1089019179344,0.0,4816.88037109375,5150.0,24.462762167910114
713,2.6271963119506836,1549.616898036562,0.0,4816.88037109375,5150.0,24.49658739892766
714,2.5596437454223633,1409.0031876824796,0.0,4816.88037109375,5150.0,24.53032296092715
715,2.5369231700897217,1767.7478182883933,0.0,4816.88037109375,5150.0,24.564126793993637
716,1.485333800315857,1426.1670534275472,0.0,4816.88037109375,5150.0,24.597986112930812
717,1.8009018898010254,2070.3380177356303,0.0,4816.88037109375,5150.0,24.631792025989853
718,3.780965805053711,933.6090940982103,0.0,4816.88037109375,5150.0,24.665774174965918
719,3.268887996673584,1272.0231165969744,0.0,4816.88037109375,5150.0,24.699492271989584
720,3.1463029384613037,1495.8502125144005,0.0,4816.88037109375,5150.0,24.733422661898658
721,2.663041830062866,1374.8964582700282,0.0,4816.88037109375,5150.0,24.767458451911807
722,2.413579225540161,1538.9987188326195,0.0,4816.88037109375,5150.0,24.801239820895717
723,2.1072933673858643,2200.317581353709,0.0,4816.88037109375,5150.0,24.83502914989367
724,1.9177123308181763,1729.4856354519725,0.0,4816.88037109375,5150.0,24.86888524889946
725,3.1462855339050293,1648.0826966511086,0.0,4816.88037109375,5150.0,24.90275693894364
726,1.8280545473098755,1585.9116177177057,0.0,4816.88037109375,5150.0,24.936558665940538
727,3.3725788593292236,1323.2336994651705,0.0,4816.88037109375,5150.0,24.97026043094229
728,3.3418397903442383,1739.9460785239935,0.0,4816.88037109375,5150.0,25.00411135389004
729,3.425191640853882,1017.7238573133945,0.0,4816.88037109375,5150.0,25.03782736789435
730,2.2669129371643066,1176.0203605713323,0.0,4816.88037109375,5150.0,25.071685383911245
731,2.2374820709228516,1345.7369667738676,0.0,4816.88037109375,5150.0,25.105547112994827
732,3.6016018390655518,1311.1920444015414,0.0,4816.88037109375,5150.0,25.139248005929403
733,1.577979564666748,2037.5883304737508,0.0,4816.88037109375,5150.0,25.173087931936607
734,3.823230266571045,1283.829547953792,0.0,4816.88037109375,5150.0,25.206796526908875
735,4.174903869628906,1841.5249492302537,0.0,4816.88037109375,5150.0,25.24096532096155
736,3.6325113773345947,1501.1547226794064,0.0,4816.88037109375,5150.0,25.274958678986877
737,2.7662265300750732,1415.9464688263834,0.0,4816.88037109375,5150.0,25.308877280913293
738,2.678600311279297,1588.3685016129166,0.0,4816.88037109375,5150.0,25.34262981195934
739,3.0836544036865234,1222.3928054962307,0.0,4816.88037109375,5150.0,25.376412210986018
740,2.431212902069092,1305.8956144098192,0.0,4816.88037109375,5150.0,25.410223196959123
741,1.570497989654541,1446.4934583082795,0.0,4816.88037109375,5150.0,25.444102288922295
742,2.580773115158081,1318.4942949498072,0.0,4816.88037109375,5150.0,25.477882338920608
743,2.185338258743286,1278.0680458694696,0.0,4816.88037109375,5150.0,25.511792975943536
744,2.022629737854004,1267.3597560240887,0.0,4816.88037109375,5150.0,25.545598463970236
745,2.4017157554626465,1355.3401368521154,0.0,4816.88037109375,5150.0,25.579287834931165
746,3.492440938949585,946.1972383661196,0.0,4816.88037109375,5150.0,25.613123079994693
747,2.572582721710205,1515.3941604569554,0.0,4816.88037109375,5150.0,25.64693676994648
748,2.325286865234375,1501.59712100029,0.0,4816.88037109375,5150.0,25.680857875966467
749,2.473759889602661,1068.0489390855655,0.0,4816.88037109375,5150.0,25.71487934095785
750,2.655479669570923,1491.3365418687463,0.0,4816.88037109375,5150.0,25.749030023929663
751,3.8565316200256348,1598.997459039092,0.0,4816.88037109375,5150.0,25.782906374894083
752,2.2273263931274414,1663.2815932780504,0.0,4816.88037109375,5150.0,25.816708763944916
753,2.222343683242798,1325.081352815032,0.0,4816.88037109375,5150.0,25.850494730984792
754,3.7475452423095703,1011.0393858402967,0.0,4816.88037109375,5150.0,25.88426374294795
755,2.2098581790924072,1525.1264645364136,0.0,4816.88037109375,5150.0,25.918088525999337
756,1.6405459642410278,1739.8817947488278,0.0,4816.88037109375,5150.0,25.951919909915887
757,3.8571760654449463,1347.1152333635837,0.0,4816.88037109375,5150.0,25.98562198888976
758,1.6900498867034912,1454.4758331626654,0.0,4816.88037109375,5150.0,26.019479984999634
759,2.6791672706604004,1696.6019030287862,0.0,4816.88037109375,5150.0,26.053353730938397
760,2.729928731918335,1303.7966457037255,0.0,4816.88037109375,5150.0,26.087159594986588
761,2.393141269683838,1131.5223313113675,0.0,4816.88037109375,5150.0,26.12104009091854
762,2.9642107486724854,1459.751744181849,0.0,4816.88037109375,5150.0,26.154883636976592
763,3.154783010482788,2052.4916923549026,0.0,4816.88037109375,5150.0,26.188605155912228
764,3.607948064804077,1951.1825624275953,0.0,4816.88037109375,5150.0,26.22249556495808
765,2.2432174682617188,1571.86860537529,0.0,4816.88037109375,5150.0,26.256211466970854
766,2.8622071743011475,1377.8970941714942,0.0,4816.88037109375,5150.0,26.29012298688758
767,0.6915595531463623,1319.8262483831495,0.0,4816.88037109375,5150.0,26.323902594973333
768,3.201648712158203,1087.4095247350633,0.0,4816.88037109375,5150.0,26.357800196972676
769,2.857738494873047,2066.2500858716667,0.0,4816.88037109375,5150.0,26.391740745981224
770,3.2620036602020264,1219.2646287512034,0.0,4816.88037109375,5150.0,26.4255438009277
771,2.962790012359619,1273.0930632287636,0.0,4816.88037109375,5150.0,26.459388634888455
772,2.36509370803833,1384.4015036411583,0.0,4816.88037109375,5150.0,26.493246078956872
773,2.4466683864593506,1405.4682681988925,0.0,4816.88037109375,5150.0,26.527093060896732
774,2.2000086307525635,1324.006600882858,0.0,4816.88037109375,5150.0,26.560941026895307
775,3.002061128616333,1268.7896677115932,0.0,4816.88037109375,5150.0,26.594730621902272
776,3.030008554458618,1353.1935632117093,0.0,4816.88037109375,5150.0,26.628712390898727
777,3.0775253772735596,1058.3886135928333,0.0,4816.88037109375,5150.0,26.662559869000688
778,1.6464515924453735,1403.036242486909,0.0,4816.88037109375,5150.0,26.69637855188921
779,1.9482704401016235,1468.7501772716641,0.0,4816.88037109375,5150.0,26.730230135959573
780,3.130826473236084,1815.4650412723422,0.0,4816.88037109375,5150.0,26.76405854593031
781,1.7421070337295532,1365.761539945379,0.0,4816.88037109375,5150.0,26.79797565797344
782,3.0948359966278076,1117.7400106946006,0.0,4816.88037109375,5150.0,26.831808346905746
783,3.2498202323913574,1156.6793478503823,0.0,4816.88037109375,5150.0,26.865518974955194
784,2.2674622535705566,1581.2574919695035,0.0,4816.88037109375,5150.0,26.899625706952065
785,3.8913419246673584,1621.0677080377936,0.0,4816.88037109375,5150.0,26.93369964696467
786,2.4746410846710205,1477.8410002784804,0.0,4816.88037109375,5150.0,26.967430882970802
787,2.8016045093536377,1223.103256257251,0.0,4816.88037109375,5150.0,27.00134396692738
788,2.975459337234497,1595.7927137259394,0.0,4816.88037109375,5150.0,27.03511970292311
789,2.5354835987091064,1441.748547515832,0.0,4816.88037109375,5150.0,27.068893294897862
790,1.6187217235565186,1733.2338346540928,0.0,4816.88037109375,5150.0,27.102738643996418
791,2.178966522216797,1996.8320272015408,0.0,4816.88037109375,5150.0,27.136611458961852
792,2.039996385574341,2124.096537111327,0.0,4816.88037109375,5150.0,27.17052760894876
793,3.73622727394104,701.9883352126926,0.0,4816.88037109375,5150.0,27.204344537924044
794,2.969092845916748,1441.8502999003977,0.0,4816.88037109375,5150.0,27.238170220982283
795,3.157135486602783,1280.8633396904916,0.0,4816.88037109375,5150.0,27.27203453995753
796,2.009425401687622,1736.173974853009,0.0,4816.88037109375,5150.0,27.306202597916126
797,3.925018310546875,1524.821372911334,0.0,4816.88037109375,5150.0,27.339813167927787
798,1.6558891534805298,1460.1585161671974,0.0,4816.88037109375,5150.0,27.373671262990683
799,3.028449296951294,1272.8904347009957,0.0,4816.88037109375,5150.0,27.407491018995643
800,3.290104866027832,1268.454509517178,0.0,4816.88037109375,5150.0,27.441205629962496
801,2.817401170730591,1408.2939201835543,0.0,4816.88037109375,5150.0,27.475099564995617
802,2.6621792316436768,1657.553207738325,0.0,4816.88037109375,5150.0,27.508934138924815
803,2.7447121143341064,1175.3603165261447,0.0,4816.88037109375,5150.0,27.543071822961792
804,2.754396677017212,1239.0179703887552,0.0,4816.88037109375,5150.0,27.576894274912775
805,3.6819162368774414,1304.5762961450964,0.0,4816.88037109375,5150.0,27.610909858951345
806,2.5597128868103027,1691.9097897708416,0.0,4816.88037109375,5150.0,27.64462301589083
807,1.854354739189148,1745.9545380230993,0.0,4816.88037109375,5150.0,27.678425388992764
808,2.0347423553466797,1207.3923205602914,0.0,4816.88037109375,5150.0,27.71214732399676
809,2.7774739265441895,1463.89515273273,0.0,4816.88037109375,5150.0,27.746043829945847
810,3.2656028270721436,1145.4332579113543,0.0,4816.88037109375,5150.0,27.779936862993054
811,2.289872407913208,1553.1284177042544,0.0,4816.88037109375,5150.0,27.813789899926633
812,1.1586233377456665,1763.0521422447637,0.0,4816.88037109375,5150.0,27.84761656599585
813,1.9263811111450195,1232.2338278051466,0.0,4816.88037109375,5150.0,27.881422336911783
814,3.2594966888427734,1350.4315882064402,0.0,4816.88037109375,5150.0,27.915059878956527
815,1.9080969095230103,2007.7688616057858,0.0,4816.88037109375,5150.0,27.94891579891555
816,3.189845561981201,1226.8862005602568,0.0,4816.88037109375,5150.0,27.982763699954376
817,3.0171008110046387,1123.1026125010103,0.0,4816.88037109375,5150.0,28.016528420965187
818,2.526648998260498,1742.6477475650609,0.0,4816.88037109375,5150.0,28.05038985493593
819,2.626438617706299,2229.8493672478944,0.0,4816.88037109375,5150.0,28.08429885096848
820,2.705345630645752,1254.8083755895495,0.0,4816.88037109375,5150.0,28.118183544953354
821,3.522348403930664,975.9209110178053,0.0,4816.88037109375,5150.0,28.15063054196071
822,3.9768776893615723,1243.4395603053272,0.0,4816.88037109375,5150.0,28.18449867691379
823,2.049370765686035,1616.6120770038106,0.0,4816.88037109375,5150.0,28.218261187896132
824,3.6285412311553955,1734.6732507795095,0.0,4816.88037109375,5150.0,28.25211468199268
825,2.3513224124908447,1435.7861414672807,0.0,4816.88037109375,5150.0,28.286069169989787
826,2.5614206790924072,1293.0984040275216,0.0,4816.88037109375,5150.0,28.31997519196011
827,3.037121534347534,1180.276630166918,0.0,4816.88037109375,5150.0,28.353807471925393
828,1.7560105323791504,2464.003437228501,0.0,4816.88037109375,5150.0,28.387609512894414
829,2.408904552459717,1435.9328205417842,0.0,4816.88037109375,5150.0,28.42143597791437
830,3.612560272216797,1235.1528242304921,0.0,4816.88037109375,5150.0,28.455192543915473
831,2.3642666339874268,1536.96398837585,0.0,4816.88037109375,5150.0,28.48898087197449
832,2.1602766513824463,1637.1923209717497,0.0,4816.88037109375,5150.0,28.522824525949545
833,2.313232898712158,1591.2047270052135,0.0,4816.88037109375,5150.0,28.556657994980924
834,3.0689144134521484,1661.8575340509415,0.0,4816.88037109375,5150.0,28.590525162988342
835,1.296203374862671,2172.147733340971,0.0,4816.88037109375,5150.0,28.624364516930655
836,2.8725943565368652,1337.0416696537286,0.0,4816.88037109375,5150.0,28.658441226929426
837,2.4341392517089844,1635.2212949749082,0.0,4816.88037109375,5150.0,28.692283593001775
838,3.1315665245056152,1367.0144689995795,0.0,4816.88037109375,5150.0,28.726221046992578
839,2.4998586177825928,1471.944805345498,0.0,4816.88037109375,5150.0,28.76005326898303
840,2.9958739280700684,1001.5673069898039,0.0,4816.88037109375,5150.0,28.794028029893525
841,3.016573667526245,1136.0063029136509,0.0,4816.88037109375,5150.0,28.82789083896205
842,2.2606041431427,1163.1366796884686,0.0,4816.88037109375,5150.0,28.861745712929405
843,1.6857678890228271,1416.58183901757,0.0,4816.88037109375,5150.0,28.895714118960313
844,2.3951728343963623,1935.4642531722784,0.0,4816.88037109375,5150.0,28.9294608439086
845,1.2549077272415161,1979.6688945335336,0.0,4816.88037109375,5150.0,28.963377877953462
846,2.1961734294891357,1716.989531237632,0.0,4816.88037109375,5150.0,28.997246755985543
847,3.7666687965393066,927.7724117077887,0.0,4816.88037109375,5150.0,29.03105413389858
848,3.189040422439575,1663.0744530968368,0.0,4816.88037109375,5150.0,29.064944081939757
849,2.487205982208252,1807.2162709925324,0.0,4816.88037109375,5150.0,29.09869875397999
850,3.4242515563964844,1078.2747469609603,0.0,4816.88037109375,5150.0,29.132403247989714
851,2.6111156940460205,2062.7553607961163,0.0,4816.88037109375,5150.0,29.166148781892844
852,3.122627019882202,1123.1288107074797,0.0,4816.88037109375,5150.0,29.20001740998123
853,2.2726597785949707,2441.17729001306,0.0,4816.88037109375,5150.0,29.233880113926716
854,3.2453346252441406,1482.1695001143962,0.0,4816.88037109375,5150.0,29.267800531932153
855,3.090054750442505,1623.5541285946965,0.0,4816.88037109375,5150.0,29.301751218969002
856,1.7351646423339844,2077.361105153337,0.0,4816.88037109375,5150.0,29.335515065002255
857,3.9348578453063965,1278.0208766814321,0.0,4816.88037109375,5150.0,29.369267918984406
858,2.2042429447174072,1292.9348773052916,0.0,4816.88037109375,5150.0,29.403162957984023
859,2.279074192047119,1993.5183182638139,0.0,4816.88037109375,5150.0,29.436891683959402
860,3.5408265590667725,1277.3148828037083,0.0,4816.88037109375,5150.0,29.47064049798064
861,2.9686052799224854,1079.762876790017,0.0,4816.88037109375,5150.0,29.504473672946915
862,1.699604868888855,1879.341452746652,0.0,4816.88037109375,5150.0,29.53823815693613
863,3.234118700027466,1179.981085050851,0.0,4816.88037109375,5150.0,29.5720673679607
864,2.0859203338623047,1308.7180717820302,0.0,4816.88037109375,5150.0,29.605764732928947
865,2.5382778644561768,1181.3443799428642,0.0,4816.88037109375,5150.0,29.639558998984285
866,2.5143816471099854,1731.0168678537011,0.0,4816.88037109375,5150.0,29.67346506891772
867,2.3311855792999268,1233.7685932843015,0.0,4816.88037109375,5150.0,29.707292459905148
868,3.1584150791168213,1185.6868385653943,0.0,4816.88037109375,5150.0,29.741131439921446
869,2.385047674179077,1562.6202963646501,0.0,4816.88037109375,5150.0,29.77502487495076
870,3.8313331604003906,1026.3216951303184,0.0,4816.88037109375,5150.0,29.808867799001746
871,1.9583871364593506,1644.7094472330064,0.0,4816.88037109375,5150.0,29.842773246928118
872,1.7524926662445068,1367.6972461887635,0.0,4816.88037109375,5150.0,29.876476468984038
873,2.35294508934021,1185.6479609804228,0.0,4816.88037109375,5150.0,29.910381914000027
874,3.8948423862457275,1243.963704334572,0.0,4816.88037109375,5150.0,29.944065269897692
875,3.05727219581604,965.9335039295256,0.0,4816.88037109375,5150.0,29.977877911995165
876,3.0141003131866455,1070.6470022015274,0.0,4816.88037109375,5150.0,30.01175509195309
877,2.9236371517181396,1322.5776389809325,0.0,4816.88037109375,5150.0,30.045488874893636
878,1.8002914190292358,1601.1601626053452,0.0,4816.88037109375,5150.0,30.07924772996921
879,3.2850000858306885,1254.9621869567782,0.0,4816.88037109375,5150.0,30.112980805919506
880,3.648686170578003,1164.7470246097073,0.0,4816.88037109375,5150.0,30.146752293920144
881,3.6861867904663086,1026.9684829972684,0.0,4816.88037109375,5150.0,30.18053908890579
882,2.712632894515991,1088.409468024969,0.0,4816.88037109375,5150.0,30.214644667925313
883,1.5976288318634033,1429.7078043930233,0.0,4816.88037109375,5150.0,30.248526774928905
884,1.9109489917755127,1631.2199083543383,0.0,4816.88037109375,5150.0,30.282375248963945
885,3.1390223503112793,1321.8432906642556,0.0,4816.88037109375,5150.0,30.316437576897442
886,1.7980544567108154,1641.464936112985,0.0,4816.88037109375,5150.0,30.350274036987685
887,2.3669862747192383,2207.2493781577796,0.0,4816.88037109375,5150.0,30.383881638990715
888,3.0709989070892334,1069.0920340437442,0.0,4816.88037109375,5150.0,30.41772648098413
889,2.4227561950683594,1317.6408071685582,0.0,4816.88037109375,5150.0,30.451456051901914
890,2.167076826095581,1421.6343454271555,0.0,4816.88037109375,5150.0,30.485302061890252
891,2.4119324684143066,1023.7379820737988,0.0,4816.88037109375,5150.0,30.519193912972696
892,2.308269500732422,1912.3405416719615,0.0,4816.88037109375,5150.0,30.553001353982836
893,1.6378729343414307,1483.518637387082,0.0,4816.88037109375,5150.0,30.58686996588949
894,2.813849925994873,1087.7517884597182,0.0,4816.88037109375,5150.0,30.620634478982538
895,2.298062562942505,1164.5930874086916,0.0,4816.88037109375,5150.0,30.65446209697984
896,3.9714879989624023,1320.2965250983834,0.0,4816.88037109375,5150.0,30.686913227895275
897,3.2760181427001953,1237.7252287864685,0.0,4816.88037109375,5150.0,30.72076065489091
898,2.1469457149505615,1256.9535229867324,0.0,4816.88037109375,5150.0,30.754703600890934
899,2.6898186206817627,2321.2491590194404,0.0,4816.88037109375,5150.0,30.78854956792202
900,2.6702182292938232,2078.7010899735615,0.0,4816.88037109375,5150.0,30.822379775927402
901,3.168015241622925,1206.7789279129356,0.0,4816.88037109375,5150.0,30.856143776909448
902,2.7573294639587402,1203.17243328318,0.0,4816.88037109375,5150.0,30.889956951956265
903,2.257178544998169,1306.663414787501,0.0,4816.88037109375,5150.0,30.923867858946323
904,3.0307469367980957,1457.7335718609393,0.0,4816.88037109375,5150.0,30.957693916978315
905,1.7225863933563232,1320.924058638513,0.0,4816.88037109375,5150.0,30.991540121962316
906,3.3110532760620117,1216.0420203339309,0.0,4816.88037109375,5150.0,31.02528945694212
907,2.390326738357544,1240.2283033262938,0.0,4816.88037109375,5150.0,31.05902128398884
908,2.8918893337249756,1728.5003388561308,0.0,4816.88037109375,5150.0,31.092748365947045
909,2.842078447341919,1116.0630468381569,0.0,4816.88037109375,5150.0,31.126815215917304
910,2.6415657997131348,1090.9574785530567,0.0,4816.88037109375,5150.0,31.160625488962978
911,2.5744123458862305,1472.1327766403556,0.0,4816.88037109375,5150.0,31.194298560963944
912,2.530822277069092,1174.593735653907,0.0,4816.88037109375,5150.0,31.228260448900983
913,1.5166668891906738,1127.1729099452496,0.0,4816.88037109375,5150.0,31.262559970957227
914,2.8732080459594727,972.2269735485315,0.0,4816.88037109375,5150.0,31.29654596396722
915,2.7467360496520996,1434.7928040483966,0.0,4816.88037109375,5150.0,31.330295118968934
916,1.9045794010162354,1325.9583443775773,0.0,4816.88037109375,5150.0,31.364238610956818
917,2.9865407943725586,1798.795337209478,0.0,4816.88037109375,5150.0,31.397968645906076
918,2.3180277347564697,1279.3936237525195,0.0,4816.88037109375,5150.0,31.431807313929312
919,1.8358100652694702,1342.1900250911713,0.0,4816.88037109375,5150.0,31.465577159891836
920,3.3612072467803955,951.088615745306,0.0,4816.88037109375,5150.0,31.499409917974845
921,3.1820294857025146,1324.5659351423383,0.0,4816.88037109375,5150.0,31.53305557591375
922,3.055086612701416,1191.8714009616524,0.0,4816.88037109375,5150.0,31.566759685985744
923,1.7594374418258667,1314.815703831613,0.0,4816.88037109375,5150.0,31.600523041910492
924,1.6055567264556885,1375.5588912405074,0.0,4816.88037109375,5150.0,31.63428949099034
925,2.6608080863952637,1333.4879709007218,0.0,4816.88037109375,5150.0,31.668129691970535
926,2.5177061557769775,1398.5469798455015,0.0,4816.88037109375,5150.0,31.701826857984997
927,0.8929612636566162,1325.1867145071737,0.0,4816.88037109375,5150.0,31.735646899905987
928,2.8008413314819336,1415.8699332494289,0.0,4816.88037109375,5150.0,31.769505523960106
929,2.3636322021484375,1519.8934026621282,0.0,4816.88037109375,5150.0,31.803389134001918
930,1.5797758102416992,1316.9482877952978,0.0,4816.88037109375,5150.0,31.83725591492839
931,2.704723358154297,1111.987745495513,0.0,4816.88037109375,5150.0,31.871026289998554
932,1.8858124017715454,1334.4652433618903,0.0,4816.88037109375,5150.0,31.904780101962388
933,2.52224063873291,1110.1803960632533,0.0,4816.88037109375,5150.0,31.93881027190946
934,2.5432369709014893,1092.00413771905,0.0,4816.88037109375,5150.0,31.97266004991252
935,1.7812740802764893,1319.9300852771848,0.0,4816.88037109375,5150.0,32.00671178789344
936,1.6416304111480713,1262.1578139495105,0.0,4816.88037109375,5150.0,32.04050968994852
937,2.877528429031372,1180.1795192528516,0.0,4816.88037109375,5150.0,32.07433032093104
938,2.9140737056732178,853.3531246632338,0.0,4816.88037109375,5150.0,32.10810716392007
939,3.0227906703948975,1040.1605055890977,0.0,4816.88037109375,5150.0,32.141940301982686
940,2.998457431793213,1075.113847790286,0.0,4816.88037109375,5150.0,32.175649266922846
941,2.760288715362549,2071.193937815726,0.0,4816.88037109375,5150.0,32.20936835394241
942,3.026923894882202,1341.3552403077483,0.0,4816.88037109375,5150.0,32.24315397394821
943,2.722836494445801,1303.8497944939882,0.0,4816.88037109375,5150.0,32.27705919498112
944,2.1478323936462402,1142.940139646642,0.0,4816.88037109375,5150.0,32.31100659898948
945,3.453450918197632,2014.268727634102,0.0,4816.88037109375,5150.0,32.344813754898496
946,1.5823866128921509,1237.7725230753422,0.0,4816.88037109375,5150.0,32.37870528595522
947,2.5905349254608154,1624.7692523719743,0.0,4816.88037109375,5150.0,32.412365672993474
948,1.7084569931030273,1198.4256369052455,0.0,4816.88037109375,5150.0,32.446372580947354
949,1.8114070892333984,1439.5968112936243,0.0,4816.88037109375,5150.0,32.48026460094843
950,3.0295445919036865,1377.2112724855542,0.0,4816.88037109375,5150.0,32.51393559598364
951,2.273104667663574,3451.6834335029125,0.0,4816.88037109375,5150.0,32.547630371991545
952,1.923038125038147,1069.0489573692903,0.0,4816.88037109375,5150.0,32.58149935898837
953,2.776118278503418,1883.2730329521,0.0,4816.88037109375,5150.0,32.61531748890411
954,2.838278293609619,1338.2406713385135,0.0,4816.88037109375,5150.0,32.649437225889415
955,3.172184467315674,1173.5441671982408,0.0,4816.88037109375,5150.0,32.68315249995794
956,2.9952480792999268,1210.2832832951099,0.0,4816.88037109375,5150.0,32.71690512297209
957,2.5130465030670166,1438.313629347831,0.0,4816.88037109375,5150.0,32.750640266924165
958,2.2828209400177,1655.4853760264814,0.0,4816.88037109375,5150.0,32.78456123790238
959,3.2406232357025146,1249.5679937042296,0.0,4816.88037109375,5150.0,32.81859804189298
960,2.853121519088745,1809.6618315447122,0.0,4816.88037109375,5150.0,32.852761448943056
961,1.204557180404663,1763.2502743769437,0.0,4816.88037109375,5150.0,32.88654672296252
962,2.2038817405700684,1852.257525285706,0.0,4816.88037109375,5150.0,32.92037230997812
963,2.9111828804016113,1264.8719839975238,0.0,4816.88037109375,5150.0,32.95408806891646
964,3.4470748901367188,1531.5129528213292,0.0,4816.88037109375,5150.0,32.98775847593788
965,0.8700411915779114,1618.3865064522251,0.0,4816.88037109375,5150.0,33.02160098589957
966,3.389854669570923,1315.9965017233044,0.0,4816.88037109375,5150.0,33.0553910669405
967,2.5973010063171387,1645.1836737319827,0.0,4816.88037109375,5150.0,33.089242101996206
968,1.6241662502288818,1723.8768923655152,0.0,4816.88037109375,5150.0,33.12320232496131
969,3.0399577617645264,1189.9864298067987,0.0,4816.88037109375,5150.0,33.15698543691542
970,1.8996286392211914,1129.237533794716,0.0,4816.88037109375,5150.0,33.190681026899256
971,1.7683496475219727,1470.9875695211813,0.0,4816.88037109375,5150.0,33.22438271995634
972,3.443598985671997,986.4756063800305,0.0,4816.88037109375,5150.0,33.25819504191168
973,2.2079553604125977,1159.645248150453,0.0,4816.88037109375,5150.0,33.292019485961646
974,2.7760744094848633,1301.3111140839756,0.0,4816.88037109375,5150.0,33.325808626948856
975,2.485706090927124,1456.9200751669705,0.0,4816.88037109375,5150.0,33.35951668093912
976,1.9947924613952637,1539.9257009746507,0.0,4816.88037109375,5150.0,33.39331392396707
977,2.306992530822754,1068.9742064997554,0.0,4816.88037109375,5150.0,33.427201813901775
978,2.3157148361206055,852.0435370923951,0.0,4816.88037109375,5150.0,33.461042615934275
979,2.0928592681884766,1048.4854656578973,0.0,4816.88037109375,5150.0,33.49499458493665
980,1.459591031074524,1476.3602152820677,0.0,4816.88037109375,5150.0,33.52876496699173
981,2.6849825382232666,1328.9844370279461,0.0,4816.88037109375,5150.0,33.56262099498417
982,2.7274813652038574,1098.5524838156998,0.0,4816.88037109375,5150.0,33.59632921696175
983,2.7741823196411133,1477.3389104101807,0.0,4816.88037109375,5150.0,33.6300649039913
984,2.070986747741699,1583.1039758529514,0.0,4816.88037109375,5150.0,33.663922353996895
985,2.3636438846588135,1752.6660249233246,0.0,4816.88037109375,5150.0,33.69765199290123
986,2.1810858249664307,2110.5815297290683,0.0,4816.88037109375,5150.0,33.73150530993007
987,1.9628486633300781,1098.1983522530645,0.0,4816.88037109375,5150.0,33.765380168915726
988,3.303323268890381,2185.127582989633,0.0,4816.88037109375,5150.0,33.79928952397313
989,2.276193618774414,1890.326000271365,0.0,4816.88037109375,5150.0,33.83319509390276
990,2.2688467502593994,1635.6294948402792,0.0,4816.88037109375,5150.0,33.86694063199684
991,1.5546441078186035,1666.6601970670745,0.0,4816.88037109375,5150.0,33.900771879940294
992,2.9815826416015625,1244.0613762950525,0.0,4816.88037109375,5150.0,33.93448258296121
993,0.9364833235740662,1572.7858791165054,0.0,4816.88037109375,5150.0,33.968260200927034
994,1.503926396369934,1537.4545094603673,0.0,4816.88037109375,5150.0,34.002138087991625
995,0.9465504884719849,1331.906486199703,0.0,4816.88037109375,5150.0,34.03596007497981
996,2.796592950820923,1260.3095494173467,0.0,4816.88037109375,5150.0,34.06975143996533
997,3.40757417678833,1574.6171941179782,0.0,4816.88037109375,5150.0,34.10389009397477
998,3.1430933475494385,1027.392902597785,0.0,4816.88037109375,5150.0,34.13763279397972
999,3.4734814167022705,1460.8445683717728,0.0,4816.88037109375,5150.0,34.17147857393138
1000,2.871760129928589,1375.5554469153285,0.0,4816.88037109375,5150.0,34.20523293293081
1001,2.699040412902832,1569.3812949322164,0.0,4816.88037109375,5150.0,34.23910619295202
1002,2.4406278133392334,1757.8722380008548,0.0,4816.88037109375,5150.0,34.272938731941395
1003,2.3145289421081543,1413.8022335935384,0.0,4816.88037109375,5150.0,34.30680006998591
1004,3.3042075634002686,1167.672503553331,0.0,4816.88037109375,5150.0,34.34059083496686
1005,2.368037462234497,1667.0620863586664,0.0,4816.88037109375,5150.0,34.37437791796401
1006,2.0005433559417725,1530.4115979522467,0.0,4816.88037109375,5150.0,34.4082416719757
1007,2.8240954875946045,1391.3004110259935,0.0,4816.88037109375,5150.0,34.44243243394885
1008,2.3675248622894287,1225.8493751725182,0.0,4816.88037109375,5150.0,34.476199911907315
1009,3.1081557273864746,1484.2384444307536,0.0,4816.88037109375,5150.0,34.510014475905336
1010,1.729604959487915,1226.7769232634455,0.0,4816.88037109375,5150.0,34.54383230896201
1011,1.8367077112197876,1381.591432010755,0.0,4816.88037109375,5150.0,34.577542971936055
1012,1.068052887916565,1739.0966397444718,0.0,4816.88037109375,5150.0,34.61141225590836
1013,1.4255048036575317,2405.583786966279,0.0,4816.88037109375,5150.0,34.64512638794258
1014,1.758368730545044,1235.2089511826634,0.0,4816.88037109375,5150.0,34.678870274918154
1015,2.0701379776000977,1588.3065150640905,0.0,4816.88037109375,5150.0,34.71261044789571
1016,2.171391010284424,1532.8818211108446,0.0,4816.88037109375,5150.0,34.74643046595156
1017,2.4852216243743896,1537.6914257956669,0.0,4816.88037109375,5150.0,34.78024364099838
1018,2.9414682388305664,1535.5429106410593,0.0,4816.88037109375,5150.0,34.814109265920706
1019,3.7729156017303467,950.0253198593855,0.0,4816.88037109375,5150.0,34.84796345990617
1020,2.037534236907959,1406.1986148906872,0.0,4816.88037109375,5150.0,34.88169900199864
1021,2.6836965084075928,1286.6066612750292,0.0,4816.88037109375,5150.0,34.91581968194805
1022,1.2763235569000244,1569.6389080770314,0.0,4816.88037109375,5150.0,34.9496879929211
1023,2.386172294616699,1188.7042754553258,0.0,4816.88037109375,5150.0,34.983383638900705
1024,2.717404842376709,1471.2907351385802,0.0,4816.88037109375,5150.0,35.01722225092817
1025,2.449986219406128,1154.481785070151,0.0,4816.88037109375,5150.0,35.05094781098887
1026,3.9448790550231934,1607.5639357045293,0.0,4816.88037109375,5150.0,35.084792991983704
1027,2.542109251022339,1399.4944139774889,0.0,4816.88037109375,5150.0,35.118802015902475
1028,2.385464668273926,2128.4589388929307,0.0,4816.88037109375,5150.0,35.152455770992674
1029,2.1014487743377686,1349.4533374672756,0.0,4816.88037109375,5150.0,35.18630639789626
1030,2.7167513370513916,1057.1093631833792,0.0,4816.88037109375,5150.0,35.22000854590442
1031,2.248462200164795,1354.547940602526,0.0,4816.88037109375,5150.0,35.25378767994698
1032,2.8944203853607178,1089.6614086534828,0.0,4816.88037109375,5150.0,35.28778032492846
1033,1.5800127983093262,1769.2528009628877,0.0,4816.88037109375,5150.0,35.321548766922206
1034,2.027174472808838,1349.759890627116,0.0,4816.88037109375,5150.0,35.355375814950094
1035,2.942782163619995,1259.1660466622561,0.0,4816.88037109375,5150.0,35.389153767959215
1036,2.6966052055358887,1875.8508598171175,0.0,4816.88037109375,5150.0,35.42295511695556
1037,3.5218353271484375,1146.407120089978,0.0,4816.88037109375,5150.0,35.4567242359044
1038,3.010284900665283,1209.9239354804158,0.0,4816.88037109375,5150.0,35.49043031898327
1039,2.8284871578216553,1732.923963142559,0.0,4816.88037109375,5150.0,35.52413954294752
1040,0.9277819991111755,1605.8485560845584,0.0,4816.88037109375,5150.0,35.557911505922675
1041,2.965090036392212,1049.089969785884,0.0,4816.88037109375,5150.0,35.5917054049205
1042,1.5340543985366821,1642.347877997905,0.0,4816.88037109375,5150.0,35.625409911968745
1043,2.2907745838165283,1215.4295407393947,0.0,4816.88037109375,5150.0,35.65923715895042
1044,2.780200958251953,1325.0868171248585,0.0,4816.88037109375,5150.0,35.69301538600121
1045,2.0175342559814453,1576.6704681180418,0.0,4816.88037109375,5150.0,35.72678970498964
1046,2.4168477058410645,1153.5469394950196,0.0,4816.88037109375,5150.0,35.760612623998895
1047,2.042024612426758,1367.717947339639,0.0,4816.88037109375,5150.0,35.79449931695126
1048,2.0981175899505615,1295.3758264956996,0.0,4816.88037109375,5150.0,35.82815961295273
1049,2.6412107944488525,1179.8710615597665,0.0,4816.88037109375,5150.0,35.86192186491098
1050,1.9412932395935059,1181.758237740025,0.0,4816.88037109375,5150.0,35.89567202690523
1051,2.354877233505249,1416.6537346672267,0.0,4816.88037109375,5150.0,35.9294639499858
1052,3.053514242172241,1426.9987080208957,0.0,4816.88037109375,5150.0,35.96321676799562
1053,2.2026333808898926,1446.397063327022,0.0,4816.88037109375,5150.0,35.996969544910826
1054,2.139652729034424,1280.139558320865,0.0,4816.88037109375,5150.0,36.030850473907776
1055,2.4070568084716797,1482.770534567535,0.0,4816.88037109375,5150.0,36.064653490902856
1056,1.8944350481033325,1378.1144158355892,0.0,4816.88037109375,5150.0,36.09843401890248
1057,2.050950288772583,1289.9416700946167,0.0,4816.88037109375,5150.0,36.13216292695142
1058,1.5270315408706665,1611.6462451666594,0.0,4816.88037109375,5150.0,36.231478066998534
1059,1.0920110940933228,1097.5542218964547,0.0,4816.88037109375,5150.0,36.26570287998766
1060,2.044905662536621,1349.846922878176,0.0,4816.88037109375,5150.0,36.29975593695417
1061,1.6085827350616455,1551.2751872986555,0.0,4816.88037109375,5150.0,36.333619147888385
1062,1.8861764669418335,1250.270768438466,0.0,4816.88037109375,5150.0,36.36737056297716
1063,1.3193268775939941,1216.0605657836422,0.0,4816.88037109375,5150.0,36.40126492700074
1064,2.517159938812256,1283.2685296200216,0.0,4816.88037109375,5150.0,36.43503328494262
1065,2.12123441696167,1538.7168017402291,0.0,4816.88037109375,5150.0,36.46885571000166
1066,3.6964430809020996,1380.0224572084844,0.0,4816.88037109375,5150.0,36.502697060932405
1067,1.1569290161132812,879.3328529503196,0.0,4816.88037109375,5150.0,36.53656339494046
1068,2.214186191558838,1263.8905285913497,0.0,4816.88037109375,5150.0,36.570416213944554
1069,3.0074455738067627,1752.8068130910397,0.0,4816.88037109375,5150.0,36.60408387996722
1070,2.2283997535705566,2047.575576910749,0.0,4816.88037109375,5150.0,36.637831195956096
1071,1.7753868103027344,949.5744391232729,0.0,4816.88037109375,5150.0,36.6715927409241
1072,1.799414038658142,1013.7742865337059,0.0,4816.88037109375,5150.0,36.70539645489771
1073,2.2458479404449463,1284.6881081229076,0.0,4816.88037109375,5150.0,36.73924599494785
1074,2.513184070587158,1635.4029227420688,0.0,4816.88037109375,5150.0,36.77298609400168
1075,2.545750617980957,1636.759929858148,0.0,4816.88037109375,5150.0,36.80684125400148
1076,1.2310975790023804,1073.7031779428944,0.0,4816.88037109375,5150.0,36.840701397974044
1077,2.185021162033081,1486.1162837091833,0.0,4816.88037109375,5150.0,36.874463316984475
1078,2.484687566757202,1414.4418954188004,0.0,4816.88037109375,5150.0,36.90827839099802
1079,2.0904507637023926,1774.7267276979983,0.0,4816.88037109375,5150.0,36.94194958289154
1080,2.320800542831421,1423.097287774086,0.0,4816.88037109375,5150.0,36.97576189390384
1081,3.558558225631714,997.2350728549063,0.0,4816.88037109375,5150.0,37.009524133987725
1082,2.7996411323547363,1018.0576731096953,0.0,4816.88037109375,5150.0,37.04324260598514
1083,3.7105658054351807,1373.5831884741783,0.0,4816.88037109375,5150.0,37.07697336492129
1084,2.7822885513305664,1366.1447007097304,0.0,4816.88037109375,5150.0,37.110689668916166
1085,3.2904887199401855,1093.9492445997894,0.0,4816.88037109375,5150.0,37.144588515977375
1086,1.9039801359176636,2071.4404685273767,0.0,4816.88037109375,5150.0,37.17849589395337
1087,2.645029306411743,1295.8813997711986,0.0,4816.88037109375,5150.0,37.21229370194487
1088,2.4386088848114014,1119.4274844331667,0.0,4816.88037109375,5150.0,37.24611942190677
1089,2.1215298175811768,1424.2603862322867,0.0,4816.88037109375,5150.0,37.27999373700004
1090,2.1113064289093018,1418.5946011366323,0.0,4816.88037109375,5150.0,37.313942482927814
1091,2.700622320175171,1102.0859865806997,0.0,4816.88037109375,5150.0,37.34780923998915
1092,3.566737651824951,1138.7209504917264,0.0,4816.88037109375,5150.0,37.38160038494971
1093,1.809652328491211,1589.6684410087764,0.0,4816.88037109375,5150.0,37.41529001889285
1094,2.404221773147583,1131.5386757068336,0.0,4816.88037109375,5150.0,37.44903775199782
1095,3.0953845977783203,1405.1992506776005,0.0,4816.88037109375,5150.0,37.48299733293243
1096,3.3808979988098145,1300.169716205448,0.0,4816.88037109375,5150.0,37.5168098709546
1097,2.0954651832580566,1046.664636939764,0.0,4816.88037109375,5150.0,37.55063845496625
1098,1.8941850662231445,1114.9300840366632,0.0,4816.88037109375,5150.0,37.58457264397293
1099,1.4325133562088013,1299.3045420227572,0.0,4816.88037109375,5150.0,37.61840189690702
1100,1.211817741394043,1096.3464639270678,0.0,4816.88037109375,5150.0,37.65217265393585
1101,2.5185344219207764,1225.1109767779708,0.0,4816.88037109375,5150.0,37.68590001494158
1102,2.711672306060791,1204.2216521073133,0.0,4816.88037109375,5150.0,37.71957505890168
1103,2.9816324710845947,1014.0875888671726,0.0,4816.88037109375,5150.0,37.75338211399503
1104,3.262425661087036,1128.4386395923793,0.0,4816.88037109375,5150.0,37.78720734093804
1105,2.6693525314331055,1123.8972204700112,0.0,4816.88037109375,5150.0,37.821073066908866
1106,2.7568721771240234,1448.2059557326138,0.0,4816.88037109375,5150.0,37.85519281600136
1107,2.2988994121551514,1969.390606481582,0.0,4816.88037109375,5150.0,37.88888453191612
1108,2.9002504348754883,1282.603827830404,0.0,4816.88037109375,5150.0,37.92268910398707
1109,2.6386537551879883,1064.363478526473,0.0,4816.88037109375,5150.0,37.95665992994327
1110,3.391263961791992,1298.6382663175464,0.0,4816.88037109375,5150.0,37.99054794595577
1111,2.5468852519989014,1390.4047583900392,0.0,4816.88037109375,5150.0,38.02432140999008
1112,2.3012208938598633,1081.0533243529499,0.0,4816.88037109375,5150.0,38.058101015980355
1113,2.1815552711486816,1036.1354357209057,0.0,4816.88037109375,5150.0,38.09192586899735
1114,2.332134962081909,1293.2281256653368,0.0,4816.88037109375,5150.0,38.12574412592221
1115,1.4154808521270752,1218.2132015097886,0.0,4816.88037109375,5150.0,38.15965950489044
1116,2.1570749282836914,1132.7503080694005,0.0,4816.88037109375,5150.0,38.19364195992239
1117,2.3788721561431885,1069.0246795425192,0.0,4816.88037109375,5150.0,38.22748431994114
1118,2.2615742683410645,1239.4179878905416,0.0,4816.88037109375,5150.0,38.26150624989532
1119,3.635209321975708,1094.4524329397827,0.0,4816.88037109375,5150.0,38.29561422590632
1120,2.8428127765655518,1483.7610394265503,0.0,4816.88037109375,5150.0,38.329460822977126
1121,2.2559080123901367,1534.4468822646886,0.0,4816.88037109375,5150.0,38.36323357396759
1122,1.983615756034851,1061.0141570735723,0.0,4816.88037109375,5150.0,38.397023075958714
1123,3.112370729446411,931.4071896113455,0.0,4816.88037109375,5150.0,38.43067325698212
1124,2.234785318374634,1586.2747728321701,0.0,4816.88037109375,5150.0,38.46460940991528
1125,2.6010966300964355,1641.9835058487952,0.0,4816.88037109375,5150.0,38.49847346695606
1126,2.248257875442505,1162.20628586784,0.0,4816.88037109375,5150.0,38.53250199498143
1127,3.277836799621582,1282.3598398193717,0.0,4816.88037109375,5150.0,38.56631603697315
1128,1.0967223644256592,1203.1861620098352,0.0,4816.88037109375,5150.0,38.60022332391236
1129,3.1684863567352295,1047.1649891827255,0.0,4816.88037109375,5150.0,38.63406827789731
1130,2.6925084590911865,957.401264835149,0.0,4816.88037109375,5150.0,38.667841037968174
1131,3.031050443649292,1098.3402533046901,0.0,4816.88037109375,5150.0,38.700435035978444
1132,2.7695279121398926,1161.4264298826456,0.0,4816.88037109375,5150.0,38.734199772938155
1133,2.48337721824646,1232.5898690745234,0.0,4816.88037109375,5150.0,38.76815483300015
1134,1.8176192045211792,1342.2981030736119,0.0,4816.88037109375,5150.0,38.80211620696355
1135,2.8126144409179688,1157.5792858805507,0.0,4816.88037109375,5150.0,38.83589664194733
1136,2.8444786071777344,1397.1615442056209,0.0,4816.88037109375,5150.0,38.86979686189443
1137,2.910407781600952,876.2127779982984,0.0,4816.88037109375,5150.0,38.903708905912936
1138,3.653120756149292,1298.713084768504,0.0,4816.88037109375,5150.0,38.93762622599024
1139,1.9114713668823242,1498.720561267808,0.0,4816.88037109375,5150.0,38.971514225937426
1140,3.2334463596343994,1472.6425522528589,0.0,4816.88037109375,5150.0,39.005290202912875
1141,1.6158639192581177,1493.0926652280614,0.0,4816.88037109375,5150.0,39.0391526959138
1142,2.8862698078155518,955.7455828953534,0.0,4816.88037109375,5150.0,39.0729978249874
1143,2.301586151123047,1256.9229212896898,0.0,4816.88037109375,5150.0,39.10683977394365
1144,2.1905581951141357,1372.9055680632591,0.0,4816.88037109375,5150.0,39.14077703689691
1145,1.63823401927948,1209.2981919180602,0.0,4816.88037109375,5150.0,39.17456809291616
1146,3.2467129230499268,1384.6802648771554,0.0,4816.88037109375,5150.0,39.2084366279887
1147,2.523400068283081,1315.3852160982788,0.0,4816.88037109375,5150.0,39.24227908591274
1148,2.0637576580047607,878.4412723742425,0.0,4816.88037109375,5150.0,39.27609662595205
1149,2.5476536750793457,1209.3636952023953,0.0,4816.88037109375,5150.0,39.31006573291961
1150,2.1253857612609863,1155.375525958836,0.0,4816.88037109375,5150.0,39.343992380890995
1151,3.0283944606781006,1240.41137830168,0.0,4816.88037109375,5150.0,39.37806438189
1152,2.2385969161987305,1310.2408836968243,0.0,4816.88037109375,5150.0,39.41192343493458
1153,2.9785962104797363,1356.1649354696274,0.0,4816.88037109375,5150.0,39.44567510590423
1154,2.7690069675445557,2069.367002632469,0.0,4816.88037109375,5150.0,39.47946578194387
1155,2.5827419757843018,1860.0600210130215,0.0,4816.88037109375,5150.0,39.513283453998156
1156,3.1472432613372803,1598.0781891606748,0.0,4816.88037109375,5150.0,39.54697723488789
1157,2.750645160675049,767.7293449062854,0.0,4816.88037109375,5150.0,39.5809799679555
1158,1.7602320909500122,1145.1273992788047,0.0,4816.88037109375,5150.0,39.614867351949215
1159,1.4485012292861938,1152.3047105241567,0.0,4816.88037109375,5150.0,39.64878744899761
1160,1.1271772384643555,1281.705221437849,0.0,4816.88037109375,5150.0,39.68274454888888
1161,4.054146766662598,1204.0058631394058,0.0,4816.88037109375,5150.0,39.71665534994099
1162,1.7126320600509644,1019.684576202184,0.0,4816.88037109375,5150.0,39.750537183950655
1163,3.6383237838745117,1648.7396315932274,0.0,4816.88037109375,5150.0,39.78440731391311
1164,1.2998716831207275,1290.2904298324138,0.0,4816.88037109375,5150.0,39.818440616945736
1165,3.7327558994293213,1561.1918260604143,0.0,4816.88037109375,5150.0,39.8523000649875
1166,2.1512818336486816,1313.0495311766863,0.0,4816.88037109375,5150.0,39.88608495797962
1167,2.0747971534729004,1389.233984800987,0.0,4816.88037109375,5150.0,39.92005265096668
1168,3.5456531047821045,1517.2408945858479,0.0,4816.88037109375,5150.0,39.95392680494115
1169,1.5099561214447021,1247.1957676578313,0.0,4816.88037109375,5150.0,39.98775717290118
1170,2.4233784675598145,1209.456693785265,0.0,4816.88037109375,5150.0,40.02165561192669
1171,1.506583333015442,1499.6175481881946,0.0,4816.88037109375,5150.0,40.055625217966735
1172,2.604607105255127,1111.1554628945887,0.0,4816.88037109375,5150.0,40.089496279950254
1173,1.165817141532898,1131.6812897212803,0.0,4816.88037109375,5150.0,40.12337151588872
1174,2.5879781246185303,1482.31541069597,0.0,4816.88037109375,5150.0,40.15712874894962
1175,2.4150092601776123,1167.3589868564159,0.0,4816.88037109375,5150.0,40.1909007380018
1176,3.0572266578674316,885.4814204201102,0.0,4816.88037109375,5150.0,40.2246686599683
1177,2.986586809158325,863.0768914297223,0.0,4816.88037109375,5150.0,40.25862704392057
1178,2.121912717819214,1583.2124377712607,0.0,4816.88037109375,5150.0,40.29247464390937
1179,1.6846500635147095,1514.8382765743881,0.0,4816.88037109375,5150.0,40.326368345995434
1180,1.4714027643203735,1301.602118707262,0.0,4816.88037109375,5150.0,40.360333665972576
1181,2.37039852142334,1641.273092219606,0.0,4816.88037109375,5150.0,40.39420954999514
1182,1.779085636138916,982.9734628507867,0.0,4816.88037109375,5150.0,40.42826969595626
1183,1.5738908052444458,1354.7243989221752,0.0,4816.88037109375,5150.0,40.462067190906964
1184,2.8011507987976074,1548.51095017232,0.0,4816.88037109375,5150.0,40.49597435898613
1185,2.3915324211120605,1320.3832358419895,0.0,4816.88037109375,5150.0,40.52975160093047
1186,2.4999027252197266,1355.2481990326196,0.0,4816.88037109375,5150.0,40.56369681889191
1187,3.058887481689453,1447.6410840898752,0.0,4816.88037109375,5150.0,40.597434471943416
1188,2.416252851486206,1382.3249901439995,0.0,4816.88037109375,5150.0,40.631287125987
1189,3.0791022777557373,1555.5133072659373,0.0,4816.88037109375,5150.0,40.6654956669081
1190,3.3552441596984863,946.0131773389876,0.0,4816.88037109375,5150.0,40.6994414459914
1191,1.724259376525879,1441.1945191174746,0.0,4816.88037109375,5150.0,40.733262145891786
1192,1.521535873413086,1229.3602128829807,0.0,4816.88037109375,5150.0,40.76719524397049
1193,2.8145861625671387,1260.3425897359848,0.0,4816.88037109375,5150.0,40.80116114090197
1194,3.0961368083953857,1021.0917869303375,0.0,4816.88037109375,5150.0,40.83498458494432
1195,2.8189539909362793,861.902090260759,0.0,4816.88037109375,5150.0,40.868841780000366
1196,2.789365530014038,855.5225774943829,0.0,4816.88037109375,5150.0,40.90275732497685
1197,2.0300512313842773,1162.2070343904197,0.0,4816.88037109375,5150.0,40.93671568192076
1198,1.9931408166885376,823.3471690379083,0.0,4816.88037109375,5150.0,40.97071907995269
1199,0.7679786086082458,1326.507743052207,0.0,4816.88037109375,5150.0,41.00460118090268
1200,2.174226999282837,1081.0876597687602,0.0,4816.88037109375,5150.0,41.03846591792535
1201,2.4845054149627686,3143.881760198623,0.0,4816.88037109375,5150.0,41.07248203095514
1202,2.694277286529541,1186.046329319477,0.0,4816.88037109375,5150.0,41.106194005929865
1203,2.240605592727661,1275.4440368153155,0.0,4816.88037109375,5150.0,41.14013980596792
1204,2.61350154876709,1227.695583311841,0.0,4816.88037109375,5150.0,41.1740452919621
1205,1.9074573516845703,1163.771923745051,0.0,4816.88037109375,5150.0,41.207891426980495
1206,2.113938331604004,1344.062802836299,0.0,4816.88037109375,5150.0,41.24185725895222
1207,3.3977577686309814,773.8979282416403,0.0,4816.88037109375,5150.0,41.27572137792595
1208,2.1274003982543945,1692.4976130202413,0.0,4816.88037109375,5150.0,41.30961523100268
1209,1.4252448081970215,1581.1537385992706,0.0,4816.88037109375,5150.0,41.34353277494665
1210,3.1686413288116455,1056.6199578344822,0.0,4816.88037109375,5150.0,41.37746467394754
1211,3.030503273010254,1059.4815724212676,0.0,4816.88037109375,5150.0,41.41126083990093
1212,1.9470043182373047,2589.56835296005,0.0,4816.88037109375,5150.0,41.445060267928056
1213,2.756166934967041,1296.128702936694,0.0,4816.88037109375,5150.0,41.47876343689859
1214,3.2843387126922607,1145.667059486732,0.0,4816.88037109375,5150.0,41.51260587293655
1215,1.846229910850525,1770.6021955125034,0.0,4816.88037109375,5150.0,41.54622211190872
1216,2.2156198024749756,1115.853747535497,0.0,4816.88037109375,5150.0,41.580136850941926
1217,1.4696071147918701,847.7950995340943,0.0,4816.88037109375,5150.0,41.614078034996055
1218,1.3692774772644043,1068.9012179905549,0.0,4816.88037109375,5150.0,41.64785454492085
1219,2.874246120452881,810.6916451975703,0.0,4816.88037109375,5150.0,41.681845200946555
1220,0.8078009486198425,1272.7487462991849,0.0,4816.88037109375,5150.0,41.715768884983845
1221,2.0146398544311523,1127.1963529773057,0.0,4816.88037109375,5150.0,41.74969972693361
1222,1.9170316457748413,1005.1899511609226,0.0,4816.88037109375,5150.0,41.78369081392884
1223,2.1338329315185547,1372.9980402961373,0.0,4816.88037109375,5150.0,41.81778358400334
1224,3.003856658935547,1233.7133104987442,0.0,4816.88037109375,5150.0,41.85168039193377
1225,2.8794779777526855,1070.474905025214,0.0,4816.88037109375,5150.0,41.885547252953984
1226,3.1118228435516357,1422.6920414455235,0.0,4816.88037109375,5150.0,41.9194503139006
1227,1.2521551847457886,1051.0316626634449,0.0,4816.88037109375,5150.0,41.95337413193192
1228,1.693955421447754,1198.2953954935074,0.0,4816.88037109375,5150.0,41.9872016859008
1229,1.875532627105713,1436.088726874441,0.0,4816.88037109375,5150.0,42.0212797219865
1230,2.704742431640625,1668.5375316571444,0.0,4816.88037109375,5150.0,42.055236833984964
1231,1.6560646295547485,1123.8337842077017,0.0,4816.88037109375,5150.0,42.08927572495304
1232,2.535069704055786,1100.3241300359368,0.0,4816.88037109375,5150.0,42.12327816092875
1233,1.5003976821899414,781.686215674039,0.0,4816.88037109375,5150.0,42.15726037393324
1234,1.9876189231872559,1047.5728741455823,0.0,4816.88037109375,5150.0,42.19112737290561
1235,2.533134937286377,1516.0268915854394,0.0,4816.88037109375,5150.0,42.22497139999177
1236,1.3484532833099365,1175.685462642461,0.0,4816.88037109375,5150.0,42.25869906193111
1237,2.0334556102752686,1361.9590437449515,0.0,4816.88037109375,5150.0,42.29243404895533
1238,3.1316113471984863,930.5842491239309,0.0,4816.88037109375,5150.0,42.326259386958554
1239,3.3599352836608887,1153.870114106685,0.0,4816.88037109375,5150.0,42.36016251496039
1240,2.0178353786468506,1202.7403137385845,0.0,4816.88037109375,5150.0,42.39403686998412
1241,2.410574436187744,2078.674127139151,0.0,4816.88037109375,5150.0,42.42789908288978
1242,1.9265955686569214,1487.6125149540603,0.0,4816.88037109375,5150.0,42.461784878978506
1243,3.1846821308135986,1376.4318075813353,0.0,4816.88037109375,5150.0,42.49543933488894
1244,1.3716380596160889,929.910011976026,0.0,4816.88037109375,5150.0,42.529559713904746
1245,2.0859782695770264,1024.138516641222,0.0,4816.88037109375,5150.0,42.56354663998354
1246,2.35854434967041,1333.0385759472847,0.0,4816.88037109375,5150.0,42.597481610951945
1247,1.900436520576477,1179.0933657158166,0.0,4816.88037109375,5150.0,42.631359686958604
1248,2.0760128498077393,1232.9459157288074,0.0,4816.88037109375,5150.0,42.665331477997825
1249,1.9995595216751099,1100.7958603259176,0.0,4816.88037109375,5150.0,42.69914879091084
1250,2.2505834102630615,1424.6350217740983,0.0,4816.88037109375,5150.0,42.73307797894813
1251,1.9057737588882446,1048.0212865890935,0.0,4816.88037109375,5150.0,42.76676697295625
1252,3.4204928874969482,710.3336281944066,0.0,4816.88037109375,5150.0,42.80082069791388
1253,1.4472129344940186,1357.9408837398514,0.0,4816.88037109375,5150.0,42.8347793018911
1254,2.0353856086730957,1057.9924228824675,0.0,4816.88037109375,5150.0,42.86862363095861
1255,2.1990745067596436,1057.1740949712694,0.0,4816.88037109375,5150.0,42.90247226890642
1256,2.2448952198028564,1042.9265015348792,0.0,4816.88037109375,5150.0,42.93642467597965
1257,2.546614646911621,1506.840118225664,0.0,4816.88037109375,5150.0,42.97020367591176
1258,1.6648091077804565,1355.4376342892647,0.0,4816.88037109375,5150.0,43.00427323789336
1259,1.2665116786956787,1195.2754630949348,0.0,4816.88037109375,5150.0,43.03815910697449
1260,1.511658787727356,1124.856934837997,0.0,4816.88037109375,5150.0,43.07204382994678
1261,1.9461780786514282,1093.2254936769605,0.0,4816.88037109375,5150.0,43.10587954998482
1262,2.6308109760284424,1035.4188860841095,0.0,4816.88037109375,5150.0,43.139798210933805
1263,2.776731014251709,1211.422829322517,0.0,4816.88037109375,5150.0,43.17357521294616
1264,2.6937828063964844,1528.8111288957298,0.0,4816.88037109375,5150.0,43.20738282997627
1265,1.0083119869232178,1775.5970094837248,0.0,4816.88037109375,5150.0,43.241243312950246
1266,2.694516658782959,1537.5327622890472,0.0,4816.88037109375,5150.0,43.27529068198055
1267,2.320129871368408,1501.192771775648,0.0,4816.88037109375,5150.0,43.309181637945585
1268,2.787367105484009,1506.2687863968313,0.0,4816.88037109375,5150.0,43.34314846491907
1269,2.104339361190796,1027.7134963795543,0.0,4816.88037109375,5150.0,43.377087452914566
1270,1.1326829195022583,1087.3903379887342,0.0,4816.88037109375,5150.0,43.410982685978524
1271,2.510629415512085,1027.3690320849419,0.0,4816.88037109375,5150.0,43.44486211496405
1272,3.2139346599578857,1440.7289032489061,0.0,4816.88037109375,5150.0,43.478688999894075
1273,2.7368240356445312,1734.3421019762754,0.0,4816.88037109375,5150.0,43.51255342597142
1274,1.9556971788406372,1319.357260864228,0.0,4816.88037109375,5150.0,43.54638203792274
1275,2.0427029132843018,1144.6649581640959,0.0,4816.88037109375,5150.0,43.58028241491411
1276,2.8723626136779785,1096.3616683594882,0.0,4816.88037109375,5150.0,43.61415771697648
1277,1.3948192596435547,1441.0048809722066,0.0,4816.88037109375,5150.0,43.647848378983326
1278,1.323547601699829,1396.9676671139896,0.0,4816.88037109375,5150.0,43.681786511908285
1279,2.782865047454834,1160.0587331280112,0.0,4816.88037109375,5150.0,43.71574962395243
1280,2.0113348960876465,979.3103712778538,0.0,4816.88037109375,5150.0,43.749583614990115
1281,2.103583812713623,1507.0222400575876,0.0,4816.88037109375,5150.0,43.78345578792505
1282,0.8174676299095154,983.6338091618381,0.0,4816.88037109375,5150.0,43.817409079987556
1283,2.508829355239868,961.1275654677302,0.0,4816.88037109375,5150.0,43.85131261497736
1284,1.474010705947876,1399.5724144726992,0.0,4816.88037109375,5150.0,43.885194597998634
1285,2.8730177879333496,1390.9537479132414,0.0,4816.88037109375,5150.0,43.91883813892491
1286,2.677248001098633,1256.1172763817012,0.0,4816.88037109375,5150.0,43.95261832489632
1287,1.7698945999145508,1011.4976390823722,0.0,4816.88037109375,5150.0,43.986383502953686
1288,1.953185796737671,1131.7791210711002,0.0,4816.88037109375,5150.0,44.02029373892583
1289,2.409470558166504,1156.118494682014,0.0,4816.88037109375,5150.0,44.05427815497387
1290,3.0816595554351807,1028.0205880105495,0.0,4816.88037109375,5150.0,44.08802107698284
1291,1.8103139400482178,1487.6514944341034,0.0,4816.88037109375,5150.0,44.12184855795931
1292,2.6823079586029053,1362.075777651742,0.0,4816.88037109375,5150.0,44.15577300591394
1293,1.85444176197052,1443.8844516128302,0.0,4816.88037109375,5150.0,44.18974282697309
1294,0.930465817451477,806.7126650232822,0.0,4816.88037109375,5150.0,44.223883290891536
1295,2.462930679321289,1194.652000002563,0.0,4816.88037109375,5150.0,44.25768427096773
1296,0.848331093788147,1234.9289841931313,0.0,4816.88037109375,5150.0,44.29168274893891
1297,2.2889904975891113,1121.0914133414626,0.0,4816.88037109375,5150.0,44.32555746298749
1298,1.5306675434112549,1404.1562810670584,0.0,4817.29248046875,5150.0,44.3597136909375
1299,2.7827510833740234,1312.330014090985,0.0,4817.29248046875,5150.0,44.39370602497365
1300,2.4730279445648193,1595.9982480071485,0.0,4817.29248046875,5150.0,44.427521556965075
1301,0.9451626539230347,1314.6075434479862,0.0,4817.29248046875,5150.0,44.46144486789126
1302,2.4525580406188965,792.7109665498137,0.0,4817.29248046875,5150.0,44.5193875109544
1303,2.348334550857544,1348.337627645582,0.0,4817.29248046875,5150.0,44.55357095389627
1304,2.6572012901306152,1318.7878866828978,0.0,4817.29248046875,5150.0,44.587500394904055
1305,3.250803232192993,1166.0592210963368,0.0,4817.29248046875,5150.0,44.62130678491667
1306,2.9000604152679443,1260.0851273015141,0.0,4817.29248046875,5150.0,44.65536811191123
1307,2.052644968032837,1261.4767241887748,0.0,4817.29248046875,5150.0,44.68914552894421
1308,1.6677415370941162,1143.611018665135,0.0,4817.29248046875,5150.0,44.72305582498666
1309,1.7391127347946167,1299.1785117462277,0.0,4817.29248046875,5150.0,44.75703919189982
1310,2.2311489582061768,1294.5278421640396,0.0,4817.29248046875,5150.0,44.79091573599726
1311,1.3228466510772705,1522.3762692343444,0.0,4817.29248046875,5150.0,44.8248795788968
1312,2.9011740684509277,1457.7915976643562,0.0,4817.29248046875,5150.0,44.85873671795707
1313,1.7976652383804321,1225.7700002081692,0.0,4817.29248046875,5150.0,44.89264221698977
1314,2.451378583908081,1423.6272732894868,0.0,4817.29248046875,5150.0,44.926646622945555
1315,3.575244665145874,745.5127453580499,0.0,4817.29248046875,5150.0,44.960580568993464
1316,2.5920236110687256,1109.2071386575699,0.0,4817.29248046875,5150.0,44.994499683962204
1317,1.9531309604644775,1155.2955412268639,0.0,4817.29248046875,5150.0,45.02834645996336
1318,3.2094016075134277,1129.2353924456984,0.0,4817.29248046875,5150.0,45.062374877976254
1319,1.9270601272583008,876.663033714518,0.0,4817.29248046875,5150.0,45.09622969594784
1320,3.4074203968048096,1589.5142491292208,0.0,4817.29248046875,5150.0,45.13007164699957
1321,2.0169947147369385,1289.6155330240726,0.0,4817.29248046875,5150.0,45.164003459969535
1322,2.5649149417877197,1929.2741602770984,0.0,4817.29248046875,5150.0,45.19794936198741
1323,1.4702540636062622,1012.3163385614753,0.0,4817.29248046875,5150.0,45.23188035399653
1324,3.5355777740478516,785.5906719639897,0.0,4817.29248046875,5150.0,45.26563376595732
1325,2.1387341022491455,1348.416727423668,0.0,4817.29248046875,5150.0,45.29965162090957
1326,2.1409828662872314,1356.2290419489145,0.0,4817.29248046875,5150.0,45.33356181590352
1327,2.704880475997925,1111.2259690407664,0.0,4817.29248046875,5150.0,45.36739570694044
1328,2.046720266342163,1201.9728465434164,0.0,4817.29248046875,5150.0,45.40130306989886
1329,2.7239933013916016,1045.1220835521817,0.0,4817.29248046875,5150.0,45.43524814792909
1330,1.8624025583267212,1364.1974710673094,0.0,4817.29248046875,5150.0,45.46909111994319
1331,2.418199062347412,845.7310357801616,0.0,4817.29248046875,5150.0,45.50301863194909
1332,0.7884620428085327,921.0202200068161,0.0,4817.29248046875,5150.0,45.53698706999421
1333,2.7150187492370605,1219.1997054107487,0.0,4817.29248046875,5150.0,45.57081737695262
1334,1.3429971933364868,1061.351117938757,0.0,4817.29248046875,5150.0,45.60480555891991
1335,1.7697242498397827,1242.1773134358227,0.0,4817.29248046875,5150.0,45.63869101193268
1336,1.9760960340499878,1315.644383996725,0.0,4817.29248046875,5150.0,45.67264721496031
1337,2.019651174545288,1514.5980603694916,0.0,4817.29248046875,5150.0,45.706356726936065
1338,2.446394920349121,1062.6277751848102,0.0,4817.29248046875,5150.0,45.74024331592955
1339,1.5913892984390259,1179.6898473799229,0.0,4817.29248046875,5150.0,45.77416692592669
1340,1.3775373697280884,792.7001475496218,0.0,4817.29248046875,5150.0,45.80812491697725
1341,3.036207675933838,970.1133998036385,0.0,4817.29248046875,5150.0,45.842043558950536
1342,1.592171549797058,1501.7163011059165,0.0,4817.29248046875,5150.0,45.87598990392871
1343,1.5164066553115845,1033.5425835484639,0.0,4817.29248046875,5150.0,45.90982931689359
1344,2.2547972202301025,1127.895047776401,0.0,4817.29248046875,5150.0,45.94369874091353
1345,2.1636223793029785,1387.8127236627042,0.0,4817.29248046875,5150.0,45.97760670399293
1346,2.0973823070526123,1402.872745063156,0.0,4817.29248046875,5150.0,46.011513434001245
1347,1.8924145698547363,1372.211509228684,0.0,4817.29248046875,5150.0,46.04545001592487
1348,1.6077815294265747,1285.5746148247272,0.0,4817.29248046875,5150.0,46.07936732994858
1349,1.9907748699188232,916.1479535978287,0.0,4817.29248046875,5150.0,46.11321922589559
1350,2.8463521003723145,1201.0790399946272,0.0,4817.29248046875,5150.0,46.147011245950125
1351,2.365572452545166,1246.8471952527761,0.0,4817.29248046875,5150.0,46.18088873999659
1352,2.9628868103027344,592.458277261816,0.0,4817.29248046875,5150.0,46.2147825199645
1353,2.408560037612915,696.9496579617262,0.0,4817.29248046875,5150.0,46.24854801699985
1354,1.4185922145843506,1025.0360674522817,0.0,4817.29248046875,5150.0,46.28254297096282
1355,2.2023959159851074,951.4090596996248,0.0,4817.29248046875,5150.0,46.31650759896729
1356,2.3523762226104736,1124.4684775322676,0.0,4817.29248046875,5150.0,46.350325069972314
1357,1.2563339471817017,896.4523535314947,0.0,4817.29248046875,5150.0,46.38419837295078
1358,2.546072483062744,1271.5744579806924,0.0,4817.29248046875,5150.0,46.41811875696294
1359,2.3220043182373047,1202.061199694872,0.0,4817.29248046875,5150.0,46.45207065495197
1360,2.0538785457611084,893.4694757536054,0.0,4817.29248046875,5150.0,46.4859005829785
1361,1.5767972469329834,1174.0003351718187,0.0,4817.29248046875,5150.0,46.51983494893648
1362,1.7696647644042969,867.2114536389709,0.0,4817.29248046875,5150.0,46.55373984295875
1363,2.6956629753112793,1079.2475603800267,0.0,4817.29248046875,5150.0,46.587577865924686
1364,1.8086748123168945,936.5306251756847,0.0,4817.29248046875,5150.0,46.62156441796105
1365,2.541175127029419,1263.2591762952507,0.0,4817.29248046875,5150.0,46.65542356995866
1366,2.532705068588257,952.2591359205544,0.0,4817.29248046875,5150.0,46.68933309894055
1367,2.890307903289795,1105.7873088046908,0.0,4817.29248046875,5150.0,46.7232264589984
1368,2.2897777557373047,1042.9462765417993,0.0,4817.29248046875,5150.0,46.757087815902196
1369,1.7309794425964355,1232.385548081249,0.0,4817.29248046875,5150.0,46.79097920993809
1370,2.0859477519989014,1334.8930314742029,0.0,4817.29248046875,5150.0,46.82489527994767
1371,2.660231590270996,815.9815932363272,0.0,4817.29248046875,5150.0,46.85887280292809
1372,3.0167794227600098,720.8144938871264,0.0,4817.29248046875,5150.0,46.89280617493205
1373,1.9982798099517822,1365.2524603791535,0.0,4817.29248046875,5150.0,46.926579618942924
1374,2.0106709003448486,881.8108528442681,0.0,4817.29248046875,5150.0,46.960450231912546
1375,3.018657684326172,1204.1418811827898,0.0,4817.29248046875,5150.0,46.99431152991019
1376,0.7242879271507263,1005.8778050802648,0.0,4817.29248046875,5150.0,47.028147883946076
1377,0.711785614490509,1041.8673976124264,0.0,4817.29248046875,5150.0,47.062143837916665
1378,2.669875144958496,1138.7018901146948,0.0,4817.29248046875,5150.0,47.0960058439523
1379,2.396449327468872,1005.0883896537125,0.0,4817.29248046875,5150.0,47.12981963099446
1380,2.461503267288208,1195.089789416641,0.0,4817.29248046875,5150.0,47.163617023965344
1381,2.677293300628662,1125.2423023246229,0.0,4817.29248046875,5150.0,47.19750782195479
1382,2.5990657806396484,751.3904280997813,0.0,4817.29248046875,5150.0,47.231479589943774
1383,1.2634425163269043,1072.8419489320368,0.0,4817.29248046875,5150.0,47.26539693097584
1384,2.8015005588531494,1548.8535887636244,0.0,4817.29248046875,5150.0,47.29925631196238
1385,2.0084967613220215,941.7111478894949,0.0,4817.29248046875,5150.0,47.33325879496988
1386,2.6053311824798584,1068.017949860543,0.0,4817.29248046875,5150.0,47.367108318954706
1387,2.0290656089782715,1013.0481579061598,0.0,4817.29248046875,5150.0,47.40106266597286
1388,2.4053971767425537,905.5488486513495,0.0,4817.29248046875,5150.0,47.43504521099385
1389,1.14274263381958,796.4975055549294,0.0,4817.29248046875,5150.0,47.46884466893971
1390,3.2112553119659424,1599.9587345011532,0.0,4817.29248046875,5150.0,47.50305279297754
1391,2.4422802925109863,1130.303658850491,0.0,4817.29248046875,5150.0,47.536919944919646
1392,2.5903079509735107,1196.8799826949835,0.0,4817.29248046875,5150.0,47.570742899901234
1393,1.8952288627624512,1384.340198226273,0.0,4817.29248046875,5150.0,47.60451588896103
1394,2.795053243637085,825.6697040051222,0.0,4817.29248046875,5150.0,47.638478504959494
1395,2.32499623298645,1347.0584018230438,0.0,4817.29248046875,5150.0,47.67234185989946
1396,1.221224308013916,982.5733546130359,0.0,4817.29248046875,5150.0,47.70605578494724
1397,1.9249097108840942,1232.6269181221724,0.0,4817.29248046875,5150.0,47.73985852894839
1398,2.94157338142395,1064.733307454735,0.0,4817.29248046875,5150.0,47.773998340941034
1399,1.7895821332931519,1263.348749037832,0.0,4817.29248046875,5150.0,47.80786051298492
1400,2.6723179817199707,1292.1151431947947,0.0,4817.29248046875,5150.0,47.84187813394237
1401,1.617999792098999,1353.0930213928223,0.0,4817.29248046875,5150.0,47.87584321491886
1402,2.009216785430908,920.9883323609829,0.0,4817.29248046875,5150.0,47.90974533197004
1403,2.5054681301116943,1258.7615146897733,0.0,4817.29248046875,5150.0,47.94363438489381
1404,2.6043195724487305,1058.412113469094,0.0,4817.29248046875,5150.0,47.977416801964864
1405,2.671308994293213,977.7681362703443,0.0,4817.29248046875,5150.0,48.01130053889938
1406,0.7534694075584412,930.1046711988747,0.0,4817.29248046875,5150.0,48.04528083989862
1407,1.828375220298767,1578.2317599244416,0.0,4817.29248046875,5150.0,48.07920794794336
1408,1.8857728242874146,1223.614490289241,0.0,4817.29248046875,5150.0,48.11309171596076
1409,1.1917164325714111,1387.9692524634302,0.0,4817.29248046875,5150.0,48.14688606199343
1410,2.7413032054901123,1220.4828974157572,0.0,4817.29248046875,5150.0,48.180881523992866
1411,0.615629255771637,775.101578050293,0.0,4817.29248046875,5150.0,48.2148451579269
1412,3.4038782119750977,1459.9134850725532,0.0,4817.29248046875,5150.0,48.24865925498307
1413,1.3224949836730957,895.211968941614,0.0,4817.29248046875,5150.0,48.28260543697979
1414,2.632659912109375,1367.5598419457674,0.0,4817.29248046875,5150.0,48.31664789794013
1415,2.7901036739349365,1187.548454850912,0.0,4817.29248046875,5150.0,48.35054978297558
1416,2.5201210975646973,980.5369222611189,0.0,4817.29248046875,5150.0,48.38451534300111
1417,2.5693576335906982,1309.7273407019675,0.0,4817.29248046875,5150.0,48.418318785959855
1418,1.1111608743667603,876.7017661444843,0.0,4817.29248046875,5150.0,48.45226949593052
1419,1.0568428039550781,1185.1685689464211,0.0,4817.29248046875,5150.0,48.4861953149084
1420,2.474970579147339,1276.899787724018,0.0,4817.29248046875,5150.0,48.52017311891541
1421,2.9078147411346436,1263.2096253037453,0.0,4817.29248046875,5150.0,48.55413562792819
1422,2.297713041305542,1318.1527196820825,0.0,4817.29248046875,5150.0,48.58794900600333
1423,2.3145742416381836,1048.0668027177453,0.0,4817.29248046875,5150.0,48.62191111291759
1424,3.030869722366333,1177.5302017852664,0.0,4817.29248046875,5150.0,48.655791134922765
1425,1.3873291015625,911.2169977743179,0.0,4817.29248046875,5150.0,48.689652609988116
1426,1.707106113433838,857.2629462182522,0.0,4817.29248046875,5150.0,48.723629838903435
1427,2.939891815185547,952.7070033177733,0.0,4817.29248046875,5150.0,48.75753665296361
1428,0.9786445498466492,774.1990977991372,0.0,4817.29248046875,5150.0,48.791560151963495
1429,1.8272897005081177,870.6839125044644,0.0,4817.29248046875,5150.0,48.82559764699545
1430,1.3442176580429077,913.2258076965809,0.0,4817.29248046875,5150.0,48.859640918904915
1431,1.2347502708435059,919.0999345518649,0.0,4817.29248046875,5150.0,48.89365124795586
1432,2.575800657272339,1230.6021586582065,0.0,4817.29248046875,5150.0,48.927409900934435
1433,2.591771364212036,1061.818416133523,0.0,4817.29248046875,5150.0,48.96118518395815
1434,2.0068588256835938,1386.1541464366019,0.0,4817.29248046875,5150.0,48.99534685094841
1435,2.4074714183807373,1171.7407065294683,0.0,4817.29248046875,5150.0,49.02934043190908
1436,2.239962100982666,1271.0314917378128,0.0,4817.29248046875,5150.0,49.063285990967415
1437,1.601855754852295,867.4191502593458,0.0,4817.29248046875,5150.0,49.097195977927186
1438,2.4782848358154297,1059.7415047958493,0.0,4817.29248046875,5150.0,49.13111888896674
1439,2.3367769718170166,1453.3987874090672,0.0,4817.29248046875,5150.0,49.165013833902776
1440,2.353480815887451,1194.801014661789,0.0,4817.29248046875,5150.0,49.19884737289976
1441,1.8616447448730469,1564.5990317426622,0.0,4817.29248046875,5150.0,49.23270379391033
1442,1.6755167245864868,1294.1415504869074,0.0,4817.29248046875,5150.0,49.2668270659633
1443,2.2630341053009033,1419.8158635124564,0.0,4817.29248046875,5150.0,49.30101100192405
1444,2.9049320220947266,1541.2690773420036,0.0,4817.29248046875,5150.0,49.33490522392094
1445,2.1335887908935547,1060.1804000362754,0.0,4817.29248046875,5150.0,49.36888194188941
1446,2.9281768798828125,1263.307172730565,0.0,4817.29248046875,5150.0,49.40277621697169
1447,2.666877508163452,1226.9957103468478,0.0,4817.29248046875,5150.0,49.43694297398906
1448,3.069761276245117,1388.4396575018764,0.0,4817.29248046875,5150.0,49.47085062996484
1449,1.3534215688705444,1337.3324623014778,0.0,4817.29248046875,5150.0,49.50491241388954
1450,2.028698205947876,1025.9306335933506,0.0,4817.29248046875,5150.0,49.53885456395801
1451,2.5332865715026855,1618.9006979316473,0.0,4817.29248046875,5150.0,49.57257282990031
1452,2.145642042160034,11093.423693999648,0.0,4817.29248046875,5150.0,49.606421421980485
1453,2.5246644020080566,1104.0970970839262,0.0,4817.29248046875,5150.0,49.64058579795528
1454,2.365537166595459,836.6072321087122,0.0,4817.29248046875,5150.0,49.67449713591486
1455,2.0870800018310547,1541.1660446748137,0.0,4817.29248046875,5150.0,49.70842985599302
1456,2.3628668785095215,1190.7669615447521,0.0,4817.29248046875,5150.0,49.74236171494704
1457,2.0618858337402344,994.1600374206901,0.0,4817.29248046875,5150.0,49.77635520196054
1458,3.2074122428894043,1728.6514582633972,0.0,4817.29248046875,5150.0,49.810179788968526
1459,1.8322405815124512,1014.3825260028243,0.0,4817.29248046875,5150.0,49.84416128392331
1460,2.6469953060150146,2217.424404606223,0.0,4817.29248046875,5150.0,49.87812306592241
1461,1.6866214275360107,1257.1063024066389,0.0,4817.29248046875,5150.0,49.91204871691298
1462,1.8936289548873901,1324.7473370805383,0.0,4817.29248046875,5150.0,49.94592240592465
1463,1.7937487363815308,1239.159272417426,0.0,4817.29248046875,5150.0,49.979778876993805
1464,1.7605077028274536,1466.3196058571339,0.0,4817.29248046875,5150.0,50.01386488589924
1465,2.0427238941192627,1212.4835889264941,0.0,4817.29248046875,5150.0,50.04773415590171
1466,3.1500043869018555,1628.2636532634497,0.0,4817.29248046875,5150.0,50.08157396595925
1467,2.536886692047119,1278.2888354212046,0.0,4817.29248046875,5150.0,50.115454015904106
1468,2.325207233428955,1408.9608720988035,0.0,4817.29248046875,5150.0,50.14936537190806
1469,2.661149024963379,1173.349713280797,0.0,4817.29248046875,5150.0,50.18332092696801
1470,2.659701347351074,1283.6997884884477,0.0,4817.29248046875,5150.0,50.217279744916596
1471,1.4999176263809204,1877.8433442041278,0.0,4817.29248046875,5150.0,50.25117108388804
1472,1.4075567722320557,1433.389078039676,0.0,4817.29248046875,5150.0,50.285130409989506
1473,2.467050552368164,1307.9133204072714,0.0,4817.29248046875,5150.0,50.31898391491268
1474,1.9177788496017456,1067.6399208679795,0.0,4817.29248046875,5150.0,50.35299457190558
1475,2.000789165496826,1131.5422768369317,0.0,4817.29248046875,5150.0,50.386849890928715
1476,0.8992747664451599,880.8600654378533,0.0,4817.29248046875,5150.0,50.4207783609163
1477,2.4541056156158447,1650.8305075913668,0.0,4817.29248046875,5150.0,50.45470163994469
1478,3.7347304821014404,1311.2020423561335,0.0,4817.29248046875,5150.0,50.48842602688819
1479,2.055453062057495,1591.7203410156071,0.0,4817.29248046875,5150.0,50.522390822996385
1480,2.5828330516815186,1337.601404644549,0.0,4817.29248046875,5150.0,50.556319991941564
1481,2.0650033950805664,1288.5610031336546,0.0,4817.29248046875,5150.0,50.59029921994079
1482,2.841527223587036,1079.6607598923147,0.0,4817.29248046875,5150.0,50.624474233947694
1483,2.5428316593170166,1287.2556371316314,0.0,4817.29248046875,5150.0,50.65842724498361
1484,3.452129602432251,802.4371599294245,0.0,4817.29248046875,5150.0,50.69235534896143
1485,1.9967554807662964,1451.7718833833933,0.0,4817.29248046875,5150.0,50.72633929597214
1486,2.110154628753662,1075.0053315460682,0.0,4817.29248046875,5150.0,50.7603396869963
1487,2.3848953247070312,1224.806626021862,0.0,4817.29248046875,5150.0,50.794238226953894
1488,1.950785756111145,1003.8077675327659,0.0,4817.29248046875,5150.0,50.828208086895756
1489,2.5060617923736572,971.9773239344358,0.0,4817.29248046875,5150.0,50.862081678933464
1490,2.9893879890441895,1338.6083751693368,0.0,4817.29248046875,5150.0,50.8960608280031
1491,0.7813360691070557,1260.0066727399826,0.0,4817.29248046875,5150.0,50.9299019939499
1492,2.0404906272888184,1395.3926650546491,0.0,4817.29248046875,5150.0,50.963951626908965
1493,2.9721786975860596,1482.3431240804493,0.0,4817.29248046875,5150.0,50.997939848923124
1494,2.5668351650238037,1114.1592896394432,0.0,4817.29248046875,5150.0,51.03192430199124
1495,3.0998451709747314,1857.1476086378098,0.0,4817.29248046875,5150.0,51.065762068959884
1496,2.1513335704803467,1433.9310064911842,0.0,4817.29248046875,5150.0,51.09963249089196
1497,0.9162814021110535,1435.2810558527708,0.0,4817.29248046875,5150.0,51.13344793696888
1498,1.9949127435684204,1345.7922008186579,0.0,4817.29248046875,5150.0,51.16732432798017
1499,1.5212428569793701,1262.55162409693,0.0,4817.29248046875,5150.0,51.20120934897568
1500,2.1306300163269043,1291.8653166219592,0.0,4817.29248046875,5150.0,51.23517601797357
1501,3.0134730339050293,2077.547036446631,0.0,4817.29248046875,5150.0,51.26915123697836
1502,1.6675583124160767,1594.060193683952,0.0,4817.29248046875,5150.0,51.30315638589673
1503,2.139570951461792,1259.2824113741517,0.0,4817.29248046875,5150.0,51.33718007791322
1504,2.2745189666748047,1000.3419667501003,0.0,4817.29248046875,5150.0,51.371031169896014
1505,1.7162981033325195,1109.8281945120543,0.0,4817.29248046875,5150.0,51.40516677999403
1506,1.8143177032470703,1267.4721050336957,0.0,4817.29248046875,5150.0,51.43903417792171
1507,3.1825473308563232,777.2700616195798,0.0,4817.29248046875,5150.0,51.47300625394564
1508,1.2977962493896484,1153.6487185657024,0.0,4817.29248046875,5150.0,51.506854553939775
1509,2.0205090045928955,941.9992479458451,0.0,4817.29248046875,5150.0,51.540863629896194
1510,2.013298988342285,1113.442884478718,0.0,4817.29248046875,5150.0,51.574825151939876
1511,2.811763286590576,1245.7965344637632,0.0,4817.29248046875,5150.0,51.60873682599049
1512,2.484821319580078,850.548057820648,0.0,4817.29248046875,5150.0,51.64276575692929
1513,2.444913864135742,1469.12978015095,0.0,4817.29248046875,5150.0,51.676637279917486
1514,2.668607473373413,1640.1242003962398,0.0,4817.29248046875,5150.0,51.71046303096227
1515,1.695578694343567,1348.2561386451125,0.0,4817.29248046875,5150.0,51.74436272389721
1516,2.2702529430389404,729.305897872895,0.0,4817.29248046875,5150.0,51.77830353099853
1517,2.112820625305176,1405.204077847302,0.0,4817.29248046875,5150.0,51.81225254992023
1518,2.1816208362579346,1918.836018025875,0.0,4817.29248046875,5150.0,51.84626210096758
1519,1.5989904403686523,1273.743396986276,0.0,4817.29248046875,5150.0,51.880208988906816
1520,2.167734146118164,1484.2760461196303,0.0,4817.29248046875,5150.0,51.914385597920045
1521,1.4106744527816772,1258.1021099686623,0.0,4817.29248046875,5150.0,51.948355148895644
1522,2.542982339859009,1590.394802004099,0.0,4817.29248046875,5150.0,51.98227633489296
1523,2.000310182571411,1035.3623197190464,0.0,4817.29248046875,5150.0,52.01622333598789
1524,2.4992833137512207,944.9612590745091,0.0,4817.29248046875,5150.0,52.05008936999366
1525,1.815769076347351,1492.5593520626426,0.0,4817.29248046875,5150.0,52.08402331196703
1526,1.9187297821044922,1329.3831232786179,0.0,4817.29248046875,5150.0,52.118007259909064
1527,2.354322910308838,1020.8902099207044,0.0,4817.29248046875,5150.0,52.151975011918694
1528,1.7822890281677246,1241.3189828284085,0.0,4817.29248046875,5150.0,52.1859808989102
1529,1.9971470832824707,1250.122372739017,0.0,4817.29248046875,5150.0,52.21982026298065
1530,1.996848225593567,921.9012312889099,0.0,4817.29248046875,5150.0,52.25378229399212
1531,3.134235382080078,1167.9718200564384,0.0,4817.29248046875,5150.0,52.287736250902526
1532,1.9358667135238647,1118.7158877067268,0.0,4817.29248046875,5150.0,52.32172334194183
1533,1.8828577995300293,1207.9675112850964,0.0,4817.29248046875,5150.0,52.355733803939074
1534,1.4074300527572632,1387.4871124252677,0.0,4817.29248046875,5150.0,52.38969632098451
1535,1.4540035724639893,1482.9092509746552,0.0,4817.29248046875,5150.0,52.423536266898736
1536,2.0868701934814453,1740.0866316854954,0.0,4817.29248046875,5150.0,52.457555197994225
1537,2.665656566619873,1658.3794936090708,0.0,4817.29248046875,5150.0,52.49141131795477
1538,1.2916311025619507,1523.3409446924925,0.0,4817.29248046875,5150.0,52.52534825191833
1539,2.0069143772125244,1495.9330739825964,0.0,4817.29248046875,5150.0,52.55922270589508
1540,1.3271667957305908,1109.7858419045806,0.0,4817.29248046875,5150.0,52.593170386971906
1541,2.2681772708892822,1264.9257065951824,0.0,4817.29248046875,5150.0,52.627158451941796
1542,2.278312921524048,1611.3756146505475,0.0,4817.29248046875,5150.0,52.661112493951805
1543,2.5303430557250977,1193.0593844614923,0.0,4817.29248046875,5150.0,52.695090012974106
1544,2.6692872047424316,1504.9427478834987,0.0,4817.29248046875,5150.0,52.72903548995964
1545,1.222374439239502,1059.2777734138072,0.0,4817.29248046875,5150.0,52.762840658891946
1546,1.0793225765228271,1420.1965887658298,0.0,4817.29248046875,5150.0,52.79700170492288
1547,2.5332980155944824,1174.2349297329783,0.0,4817.29248046875,5150.0,52.83086727792397
1548,1.983551025390625,1097.5587365925312,0.0,4817.29248046875,5150.0,52.86486132896971
1549,2.4948132038116455,1154.8483485803008,0.0,4817.29248046875,5150.0,52.89883119589649
1550,2.168290615081787,964.37567191571,0.0,4817.29248046875,5150.0,52.9328300699126
1551,1.6401848793029785,1027.0697867237031,0.0,4817.29248046875,5150.0,52.96680955297779
1552,2.4044857025146484,1193.917828347534,0.0,4817.29248046875,5150.0,53.000493817962706
1553,1.8485115766525269,1294.213846348226,0.0,4817.29248046875,5150.0,53.03447071497794
1554,2.379878282546997,1304.8901484683156,0.0,4817.29248046875,5150.0,53.06841209891718
1555,1.766796588897705,939.2952046580613,0.0,4817.29248046875,5150.0,53.10239496594295
1556,1.7031623125076294,1217.1616939902306,0.0,4817.29248046875,5150.0,53.13629893399775
1557,1.414101243019104,1237.2573980018497,0.0,4817.29248046875,5150.0,53.17029978195205
1558,1.2933192253112793,782.1732785496861,0.0,4817.29248046875,5150.0,53.204237926984206
1559,1.1042028665542603,971.0877888165414,0.0,4817.29248046875,5150.0,53.238122318987735
1560,1.9751211404800415,1535.2594053819776,0.0,4817.29248046875,5150.0,53.27071780990809
1561,1.1242133378982544,1909.8532811924815,0.0,4817.29248046875,5150.0,53.30472882196773
1562,3.156327486038208,1001.5905867666006,0.0,4817.29248046875,5150.0,53.33876109495759
1563,2.581413745880127,1321.0237364321947,0.0,4817.29248046875,5150.0,53.372733521973714
1564,3.0006015300750732,1077.5260531157255,0.0,4817.29248046875,5150.0,53.406731395982206
1565,1.7938246726989746,1149.8753895759583,0.0,4817.29248046875,5150.0,53.44072629197035
1566,1.4549888372421265,1005.8228511475027,0.0,4817.29248046875,5150.0,53.474685219931416
1567,1.2849100828170776,924.9348974227905,0.0,4817.29248046875,5150.0,53.50867577793542
1568,1.2964097261428833,1481.5402871537954,0.0,4817.29248046875,5150.0,53.54269999591634
1569,1.3156960010528564,1068.0154500231147,0.0,4817.29248046875,5150.0,53.57664915989153
1570,3.5114293098449707,2236.2020501047373,0.0,4817.29248046875,5150.0,53.6105638659792
1571,1.3699560165405273,1255.2141201384366,0.0,4817.29248046875,5150.0,53.64449321094435
1572,2.27677845954895,1366.5006390288472,0.0,4817.29248046875,5150.0,53.67839831195306
1573,2.1150143146514893,909.7502084411681,0.0,4817.29248046875,5150.0,53.71241324697621
1574,2.8949053287506104,1079.517840474844,0.0,4817.29248046875,5150.0,53.74646027793642
1575,1.687686562538147,1118.9572340846062,0.0,4817.29248046875,5150.0,53.780400750925764
1576,1.5957080125808716,1005.3258250392973,0.0,4817.29248046875,5150.0,53.814485349925235
1577,1.7514379024505615,1491.3575596287847,0.0,4817.29248046875,5150.0,53.848859099904075
1578,1.3256326913833618,691.8634879179299,0.0,4817.29248046875,5150.0,53.88285991596058
1579,2.8634843826293945,1108.6591615080833,0.0,4817.29248046875,5150.0,53.91673911397811
1580,1.917557716369629,1063.1838974952698,0.0,4817.29248046875,5150.0,53.95068142400123
1581,1.7966662645339966,1153.6838980484754,0.0,4817.29248046875,5150.0,53.98458845599089
1582,3.0331203937530518,904.3811757862568,0.0,4817.29248046875,5150.0,54.018447823938914
1583,2.309760808944702,1194.9654377661645,0.0,4817.29248046875,5150.0,54.052314372966066
1584,2.742872953414917,890.4160338155925,0.0,4817.29248046875,5150.0,54.08619533095043
1585,1.7334046363830566,1126.996166743338,0.0,4817.29248046875,5150.0,54.12017351994291
1586,2.875725507736206,1083.7712199166417,0.0,4817.29248046875,5150.0,54.15437305695377
1587,3.3182315826416016,1101.5994108617306,0.0,4817.29248046875,5150.0,54.18828928889707
1588,1.460398554801941,932.2770079560578,0.0,4817.29248046875,5150.0,54.22227876994293
1589,2.579066753387451,1299.304272286594,0.0,4817.29248046875,5150.0,54.256205947953276
1590,1.4933679103851318,1020.059270709753,0.0,4817.29248046875,5150.0,54.29010940389708
1591,2.076897621154785,1006.2179630473256,0.0,4817.29248046875,5150.0,54.32415123190731
1592,2.6266043186187744,959.4475471228361,0.0,4817.29248046875,5150.0,54.35826663393527
1593,1.8235889673233032,1017.6834750548005,0.0,4817.29248046875,5150.0,54.39223284297623
1594,2.0606424808502197,1044.7410083375871,0.0,4817.29248046875,5150.0,54.42621615994722
1595,1.6347219944000244,1266.5085006393492,0.0,4817.29248046875,5150.0,54.46021806297358
1596,3.0792338848114014,1663.4656137749553,0.0,4817.29248046875,5150.0,54.49411521397997
1597,2.2706499099731445,1273.6538068503141,0.0,4817.29248046875,5150.0,54.52805526589509
1598,1.2330998182296753,845.7449778169394,0.0,4817.29248046875,5150.0,54.56203646096401
1599,1.230584979057312,911.6430180668831,0.0,4817.29248046875,5150.0,54.59605825797189
1600,2.408133029937744,1834.408858841285,0.0,4817.29248046875,5150.0,54.6300718348939
1601,1.6252377033233643,1405.7831566408277,0.0,4817.29248046875,5150.0,54.66409640898928
1602,2.848015308380127,24511.504498302937,0.0,4817.29248046875,5150.0,54.697775979992
1603,3.2351253032684326,1585.6134529560804,0.0,4817.29248046875,5150.0,54.73168495798018
1604,2.504804849624634,1668.2286464311182,0.0,4817.29248046875,5150.0,54.76560239493847
1605,1.408553957939148,920.6394447907805,0.0,4817.29248046875,5150.0,54.79945858789142
1606,1.3271461725234985,980.5802492313087,0.0,4817.29248046875,5150.0,54.83333019493148
1607,2.466066837310791,4251.814971789718,0.0,4817.29248046875,5150.0,54.86739425791893
1608,2.549445629119873,9604.533183127642,0.0,4817.29248046875,5150.0,54.901386622921564
1609,2.4205522537231445,2700.006038799882,0.0,4817.29248046875,5150.0,54.93523418297991
1610,2.5191917419433594,2376.8019554316998,0.0,4817.29248046875,5150.0,54.96922348393127
1611,2.8872010707855225,14601.009815305471,0.0,4817.29248046875,5150.0,55.00324855791405
1612,2.4574382305145264,1567.6474110633135,0.0,4817.29248046875,5150.0,55.03720996598713
1613,4.124768257141113,3494.623250514269,0.0,4817.29248046875,5150.0,55.07110901793931
1614,3.6575307846069336,2945.668489009142,0.0,4817.29248046875,5150.0,55.104921592981555
1615,3.233546018600464,12969.337631762028,0.0,4817.29248046875,5150.0,55.13883958698716
1616,3.6474900245666504,17489.63420701027,0.0,4817.29248046875,5150.0,55.17310373694636
1617,3.9100677967071533,9462.029199033976,0.0,4817.29248046875,5150.0,55.206841273000464
1618,2.9625253677368164,2126.458986863494,0.0,4817.29248046875,5150.0,55.240705748903565
1619,2.6559901237487793,1628.071678161621,0.0,4817.29248046875,5150.0,55.27468663896434
1620,2.8001890182495117,1668.6662206873298,0.0,4817.29248046875,5150.0,55.308706583920866
1621,4.214083671569824,5709.1386421099305,0.0,4817.29248046875,5150.0,55.342683559982106
1622,3.630262851715088,5125.710601091385,0.0,4817.29248046875,5150.0,55.376667104894295
1623,3.160499095916748,2569.051173478365,0.0,4817.29248046875,5150.0,55.41063358390238
1624,4.923648357391357,3307.298180580139,0.0,4817.29248046875,5150.0,55.44463999895379
1625,2.560396194458008,2507.8125068582594,0.0,4817.29248046875,5150.0,55.478563655982725
1626,3.4425241947174072,2736.755739606917,0.0,4817.29248046875,5150.0,55.51248027291149
1627,3.8827500343322754,9617.712495476007,0.0,4817.29248046875,5150.0,55.54639725899324
1628,4.721007347106934,4524.670521020889,0.0,4817.29248046875,5150.0,55.58041475294158
1629,4.240213871002197,982.4139279872179,0.0,4817.29248046875,5150.0,55.61437160393689
1630,3.275285482406616,1124.5948987305164,0.0,4817.29248046875,5150.0,55.64827779191546
1631,2.2924187183380127,1340.593443609774,0.0,4817.29248046875,5150.0,55.682217168970965
1632,3.269280195236206,1522.2660519182682,0.0,4817.29248046875,5150.0,55.716161557938904
1633,3.8244144916534424,3680.6993156783283,0.0,4817.29248046875,5150.0,55.750023246975616
1634,3.0800671577453613,1182.7094944268465,0.0,4817.29248046875,5150.0,55.78387905098498
1635,6.906567573547363,4218.623552940786,0.0,4817.29248046875,5150.0,55.81784023193177
1636,1.868188500404358,1375.3290326744318,0.0,4817.29248046875,5150.0,55.85196164390072
1637,1.7665600776672363,1625.9239130876958,0.0,4817.29248046875,5150.0,55.88596930494532
1638,3.7376174926757812,3423.0575179755688,0.0,4817.29248046875,5150.0,55.91992339596618
1639,4.4984917640686035,2208.6862473636866,0.0,4817.29248046875,5150.0,55.95386134891305
1640,3.1967527866363525,924.5369459241629,0.0,4817.29248046875,5150.0,55.98787316691596
1641,3.9802815914154053,2433.288793504238,0.0,4817.29248046875,5150.0,56.02181710593868
1642,3.17690372467041,924.3169233407825,0.0,4817.29248046875,5150.0,56.05582267988939
1643,2.4608097076416016,1204.1635152902454,0.0,4817.29248046875,5150.0,56.0896509969607
1644,2.1054134368896484,1106.5910429731011,0.0,4817.29248046875,5150.0,56.123624827945605
1645,2.394056797027588,1303.956240721047,0.0,4817.29248046875,5150.0,56.15752318094019
1646,3.051301956176758,1829.582502167672,0.0,4817.29248046875,5150.0,56.19137551099993
1647,5.080233573913574,2395.918371409178,0.0,4817.29248046875,5150.0,56.225306502892636
1648,3.9368066787719727,873.6236049234867,0.0,4817.29248046875,5150.0,56.25931720098015
1649,4.122527122497559,1564.691855367273,0.0,4817.29248046875,5150.0,56.293320512981154
1650,2.6756842136383057,1089.5571560002863,0.0,4817.29248046875,5150.0,56.32732496992685
1651,2.2683849334716797,1082.8225017786026,0.0,4817.29248046875,5150.0,56.36127835395746
1652,2.3964598178863525,1006.5944162383676,0.0,4817.29248046875,5150.0,56.395187396905385
1653,2.906550884246826,1040.569241605699,0.0,4817.29248046875,5150.0,56.42913373792544
1654,2.5756583213806152,1113.5790274217725,0.0,4817.29248046875,5150.0,56.46306270698551
1655,4.168586254119873,2319.9053973034024,0.0,4817.29248046875,5150.0,56.49694067297969
1656,2.609884738922119,1333.4502545818686,0.0,4817.29248046875,5150.0,56.530838329927064
1657,3.298975706100464,1467.7989913206547,0.0,4817.29248046875,5150.0,56.5647323000012
1658,2.8211798667907715,1020.1329590715468,0.0,4817.29248046875,5150.0,56.59866029198747
1659,4.80439567565918,2448.2501908428967,0.0,4817.29248046875,5150.0,56.63249021396041
1660,2.189833641052246,1486.266526857391,0.0,4817.29248046875,5150.0,56.66663893999066
1661,2.3140854835510254,1251.3542831242085,0.0,4817.29248046875,5150.0,56.70054401794914
1662,2.3602726459503174,1072.5008652508259,0.0,4817.29248046875,5150.0,56.734461934887804
1663,2.6435863971710205,1418.9888361468911,0.0,4817.29248046875,5150.0,56.768335770932026
1664,3.2148661613464355,1525.4237563796341,0.0,4817.29248046875,5150.0,56.802323504933156
1665,3.262558937072754,1284.1700095310807,0.0,4817.29248046875,5150.0,56.83627810596954
1666,2.49261474609375,1146.3765519335866,0.0,4817.29248046875,5150.0,56.869052377995104
1667,2.9527695178985596,1124.7800371907651,0.0,4817.29248046875,5150.0,56.90296759898774
1668,3.5922815799713135,1811.1417195126414,0.0,4817.29248046875,5150.0,56.93689580389764
1669,2.721076488494873,878.6031949818134,0.0,4817.29248046875,5150.0,56.9708606909262
1670,1.4481412172317505,1307.457750812173,0.0,4817.29248046875,5150.0,57.00486805499531
1671,1.5067028999328613,1083.8040983900428,0.0,4817.29248046875,5150.0,57.0388523619622
1672,2.200221538543701,1110.1360767036676,0.0,4817.29248046875,5150.0,57.07283997000195
1673,2.3586244583129883,1202.997905433178,0.0,4817.29248046875,5150.0,57.10674505599309
1674,3.1760759353637695,1671.7980452999473,0.0,4817.29248046875,5150.0,57.14075461693574
1675,1.725372552871704,980.8066656570882,0.0,4817.29248046875,5150.0,57.17466214194428
1676,2.68251895904541,1053.136101797223,0.0,4817.29248046875,5150.0,57.20860442798585
1677,2.7094788551330566,1176.5730781257153,0.0,4817.29248046875,5150.0,57.24250636296347
1678,1.808790683746338,1191.2342521324754,0.0,4817.29248046875,5150.0,57.27639992896002
1679,2.6767935752868652,1394.8196159526706,0.0,4817.29248046875,5150.0,57.310264044906944
1680,2.874692440032959,1556.777437031269,0.0,4817.29248046875,5150.0,57.3441599739017
1681,1.6751282215118408,957.8250618726015,0.0,4817.29248046875,5150.0,57.378168597002514
1682,2.289827823638916,763.6333943977952,0.0,4817.29248046875,5150.0,57.41212288790848
1683,3.4480011463165283,980.1000402644277,0.0,4817.29248046875,5150.0,57.44594172888901
1684,2.4075355529785156,2704.8422845974565,0.0,4817.29248046875,5150.0,57.47981589892879
1685,1.7768669128417969,2342.1305219866335,0.0,4817.29248046875,5150.0,57.51372810092289
1686,2.868083953857422,1836.2575045526028,0.0,4817.29248046875,5150.0,57.54765350697562
1687,3.264920711517334,1722.6896626986563,0.0,4817.29248046875,5150.0,57.58153920597397
1688,3.0490288734436035,1185.5989884883165,0.0,4817.29248046875,5150.0,57.61563758191187
1689,1.8641175031661987,1030.0480506159365,0.0,4817.29248046875,5150.0,57.64949654589873
1690,2.4712061882019043,1326.0847597271204,0.0,4817.29248046875,5150.0,57.683297568932176
1691,3.5265450477600098,942.544677246362,0.0,4817.29248046875,5150.0,57.71715544199105
1692,2.139702796936035,1364.069284953177,0.0,4817.29248046875,5150.0,57.751081996946596
1693,2.6455788612365723,1587.4965469427407,0.0,4817.29248046875,5150.0,57.78492790891323
1694,2.0329325199127197,919.0445936471224,0.0,4817.29248046875,5150.0,57.818913945928216
1695,2.024319887161255,1103.582345303148,0.0,4817.29248046875,5150.0,57.85306385194417
1696,3.213590383529663,1298.1338935121894,0.0,4817.29248046875,5150.0,57.88691364089027
1697,5.578542232513428,3620.36872933805,0.0,4817.29248046875,5150.0,57.92113479599357
1698,2.489675760269165,920.8825826775283,0.0,4817.29248046875,5150.0,57.95513508899603
1699,1.9064445495605469,1119.370460882783,0.0,4817.29248046875,5150.0,57.98906782199629
1700,2.6047005653381348,1100.3444227054715,0.0,4817.29248046875,5150.0,58.02294160600286
1701,2.718409538269043,1181.9860948175192,0.0,4817.29248046875,5150.0,58.05690530198626
1702,3.336285352706909,1624.7259538248181,0.0,4817.29248046875,5150.0,58.09079234988894
1703,1.249403715133667,1627.1719951182604,0.0,4817.29248046875,5150.0,58.12476579390932
1704,2.7436485290527344,920.2101846300066,0.0,4817.29248046875,5150.0,58.15860570396762
1705,3.5939462184906006,1512.4316482804716,0.0,4817.29248046875,5150.0,58.19258664397057
1706,2.5524563789367676,1060.6599701717496,0.0,4817.29248046875,5150.0,58.22641527792439
1707,1.4488706588745117,1278.02815746516,0.0,4817.29248046875,5150.0,58.26044177496806
1708,2.0556674003601074,1710.0218016840518,0.0,4817.29248046875,5150.0,58.29441319394391
1709,2.5816285610198975,1619.8225040473044,0.0,4817.29248046875,5150.0,58.32834331400227
1710,2.8664188385009766,1615.4897858202457,0.0,4817.29248046875,5150.0,58.36218563700095
1711,3.41363787651062,2917.3528316915035,0.0,4817.29248046875,5150.0,58.39617483690381
1712,2.344888687133789,1857.0830157324672,0.0,4817.29248046875,5150.0,58.429945490905084
1713,2.054818630218506,1484.8872533682734,0.0,4817.29248046875,5150.0,58.463806703919545
1714,2.034172773361206,897.6788257695735,0.0,4817.29248046875,5150.0,58.49764407298062
1715,1.1443719863891602,1208.9950396083295,0.0,4817.29248046875,5150.0,58.53154168999754
1716,2.437987804412842,777.9595535732806,0.0,4817.29248046875,5150.0,58.56541523092892
1717,3.4349777698516846,1411.4151604026556,0.0,4817.29248046875,5150.0,58.5994071039604
1718,1.6164954900741577,1749.2904582321644,0.0,4817.29248046875,5150.0,58.633342569926754
1719,1.7039300203323364,1155.8862706311047,0.0,4817.29248046875,5150.0,58.66722183395177
1720,2.3408923149108887,862.3174700438976,0.0,4817.29248046875,5150.0,58.70102879300248
1721,3.140411138534546,1083.0507142357528,0.0,4817.29248046875,5150.0,58.734912347979844
1722,2.3845300674438477,1395.1131084859371,0.0,4817.29248046875,5150.0,58.76879978692159
1723,1.8874413967132568,1287.6780843175948,0.0,4817.29248046875,5150.0,58.802696564933285
1724,3.3294472694396973,1206.3632113039494,0.0,4817.29248046875,5150.0,58.836757250945084
1725,2.6939892768859863,1144.3060765434057,0.0,4817.29248046875,5150.0,58.87069614895154
1726,2.3946967124938965,1436.8051227107644,0.0,4817.29248046875,5150.0,58.90462330495939
1727,1.94084894657135,1420.7996960505843,0.0,4817.29248046875,5150.0,58.93862704094499
1728,2.209676504135132,1126.6657223571092,0.0,4817.29248046875,5150.0,58.97257084597368
1729,2.948624610900879,1128.2301675900817,0.0,4817.29248046875,5150.0,59.006581345922314
1730,1.9688609838485718,897.4366957657039,0.0,4817.29248046875,5150.0,59.04069084697403
1731,1.7323120832443237,932.4739416390657,0.0,4817.29248046875,5150.0,59.07457189494744
1732,2.1541287899017334,957.1664342656732,0.0,4817.29248046875,5150.0,59.108588263974525
1733,3.0374155044555664,1994.6558534279466,0.0,4817.29248046875,5150.0,59.14265163592063
1734,2.060936689376831,913.3053241036832,0.0,4817.29248046875,5150.0,59.176621444988996
1735,2.022190809249878,1319.1733350604773,0.0,4817.29248046875,5150.0,59.21076121798251
1736,2.2025747299194336,1304.9490905292332,0.0,4817.29248046875,5150.0,59.24470637599006
1737,2.236821413040161,976.2001481503248,0.0,4817.29248046875,5150.0,59.27862759993877
1738,1.941677212715149,1676.196133621037,0.0,4817.29248046875,5150.0,59.31255624094047
1739,1.2591975927352905,1544.7125712297857,0.0,4817.29248046875,5150.0,59.346577370888554
1740,2.798830509185791,1548.3503973707557,0.0,4817.29248046875,5150.0,59.380601207958534
1741,2.1614773273468018,1153.9173305928707,0.0,4817.29248046875,5150.0,59.414442346896976
1742,2.792163848876953,1376.3957067914307,0.0,4817.29248046875,5150.0,59.44855336495675
1743,2.971061944961548,1240.8350556492805,0.0,4817.29248046875,5150.0,59.48240575497039
1744,2.378389596939087,1009.792237047106,0.0,4817.29248046875,5150.0,59.51621609099675
1745,3.4598782062530518,2004.6809796988964,0.0,4817.29248046875,5150.0,59.55013623996638
1746,2.0617823600769043,1209.912484984845,0.0,4817.29248046875,5150.0,59.58402526495047
1747,2.0609540939331055,1011.6647302880883,0.0,4817.29248046875,5150.0,59.61793524795212
1748,2.055798053741455,1012.9760687947273,0.0,4817.29248046875,5150.0,59.65192374296021
1749,1.2414536476135254,1036.7118602097034,0.0,4817.29248046875,5150.0,59.685848840978
1750,2.2992517948150635,1347.4387069419026,0.0,4817.29248046875,5150.0,59.7197411369998
1751,2.5028700828552246,1025.430993705988,0.0,4817.29248046875,5150.0,59.75359244993888
1752,3.487525224685669,1168.6665473356843,0.0,4817.29248046875,5150.0,59.787750628893264
1753,1.5735198259353638,1035.7822804935277,0.0,4817.29248046875,5150.0,59.82188790291548
1754,2.1022250652313232,1194.9064502492547,0.0,4817.29248046875,5150.0,59.855783156934194
1755,3.040705919265747,972.5249471329153,0.0,4817.29248046875,5150.0,59.88980872789398
1756,2.6735517978668213,998.5281206276268,0.0,4817.29248046875,5150.0,59.92372007993981
1757,2.5668368339538574,1249.4899092242122,0.0,4817.29248046875,5150.0,59.95752197492402
1758,2.1376242637634277,1335.1000225339085,0.0,4817.29248046875,5150.0,59.99135100399144
1759,3.126227617263794,1080.332593716681,0.0,4817.29248046875,5150.0,60.0252683989238
1760,2.5423600673675537,1361.2128416206688,0.0,4817.29248046875,5150.0,60.05915633798577
1761,0.8697167634963989,1179.954016180709,0.0,4817.29248046875,5150.0,60.09312191896606
1762,1.2076038122177124,874.4970833472908,0.0,4817.29248046875,5150.0,60.12715928896796
1763,2.524592161178589,1237.2618563249707,0.0,4817.29248046875,5150.0,60.161004292895086
1764,1.708055019378662,1541.7369305081666,0.0,4817.29248046875,5150.0,60.194966042996384
1765,1.8546202182769775,1036.7765244860202,0.0,4817.29248046875,5150.0,60.22876919596456
1766,1.9629005193710327,1259.5671008024365,0.0,4817.29248046875,5150.0,60.26266468397807
1767,2.789216995239258,989.20787813887,0.0,4817.29248046875,5150.0,60.2964421659708
1768,2.5498604774475098,807.908858211711,0.0,4817.29248046875,5150.0,60.330488101928495
1769,3.053766965866089,910.5043126642704,0.0,4817.29248046875,5150.0,60.36445679597091
1770,1.0799797773361206,846.2356459740549,0.0,4817.29248046875,5150.0,60.39842698990833
1771,1.6226303577423096,1274.6764413267374,0.0,4817.29248046875,5150.0,60.43234898196533
1772,2.4096755981445312,1435.9227625727654,0.0,4817.29248046875,5150.0,60.46624290791806
1773,1.5994031429290771,881.1694827321917,0.0,4817.29248046875,5150.0,60.500128170941025
1774,2.1738924980163574,1180.140712738037,0.0,4817.29248046875,5150.0,60.534072748967446
1775,3.4594883918762207,986.6122401319444,0.0,4817.29248046875,5150.0,60.56792804389261
1776,1.4585943222045898,913.3765021897852,0.0,4817.29248046875,5150.0,60.60189788590651
1777,3.169288158416748,1201.212829720229,0.0,4817.29248046875,5150.0,60.6357243899256
1778,2.928060531616211,892.5806540586054,0.0,4817.29248046875,5150.0,60.669561228947714
1779,2.907355308532715,902.8017785288393,0.0,4817.29248046875,5150.0,60.70354877295904
1780,2.1306614875793457,867.5655296314508,0.0,4817.29248046875,5150.0,60.73765298293438
1781,2.662235736846924,1104.1754854619503,0.0,4817.29248046875,5150.0,60.77144560194574
1782,2.596644878387451,948.168238054961,0.0,4817.29248046875,5150.0,60.80538409098517
1783,2.366279125213623,1003.7364050373435,0.0,4817.29248046875,5150.0,60.839377430966124
1784,2.782593250274658,1271.623659145087,0.0,4817.29248046875,5150.0,60.87340729695279
1785,1.1871148347854614,1122.787882970646,0.0,4817.29248046875,5150.0,60.90743682195898
1786,0.6688165068626404,778.1691162027419,0.0,4817.29248046875,5150.0,60.94133297796361
1787,1.5956718921661377,1117.2588136009872,0.0,4817.29248046875,5150.0,60.97523772600107
1788,2.4316494464874268,1746.7159183789045,0.0,4817.29248046875,5150.0,61.00948166497983
1789,3.2829630374908447,1337.5133174359798,0.0,4817.29248046875,5150.0,61.043466450995766
1790,1.9798784255981445,1292.6185279600322,0.0,4817.29248046875,5150.0,61.07742836291436
1791,1.5193365812301636,1079.3573329783976,0.0,4817.29248046875,5150.0,61.11147454590537
1792,2.088710069656372,912.5880854390562,0.0,4817.29248046875,5150.0,61.145393323968165
1793,1.7193838357925415,1069.8563465587795,0.0,4817.29248046875,5150.0,61.17929078696761
1794,2.741802930831909,1527.8018574155867,0.0,4817.29248046875,5150.0,61.21329262689687
1795,2.173853635787964,878.9788007438183,0.0,4817.29248046875,5150.0,61.247200199984945
1796,2.883758068084717,1472.8127299398184,0.0,4817.29248046875,5150.0,61.28120357799344
1797,1.8278615474700928,936.6096787489951,0.0,4817.29248046875,5150.0,61.31510773196351
1798,2.1618492603302,746.826745852828,0.0,4817.29248046875,5150.0,61.34908680792432
1799,1.005924940109253,1023.5961954314262,0.0,4817.29248046875,5150.0,61.38321678095963
1800,2.72180438041687,1579.4835791103542,0.0,4817.29248046875,5150.0,61.41704566089902
1801,2.6120448112487793,1069.9378383941948,0.0,4817.29248046875,5150.0,61.451252472936176
1802,2.892544746398926,3776.09324093163,0.0,4817.29248046875,5150.0,61.48522828298155
1803,2.5593883991241455,937.5712235942483,0.0,4817.29248046875,5150.0,61.519119413918816
1804,2.0414092540740967,836.6523419395089,0.0,4817.29248046875,5150.0,61.55311299697496
1805,2.4864864349365234,977.3375318497419,0.0,4817.29248046875,5150.0,61.587003075983375
1806,2.7623469829559326,1131.6996253803372,0.0,4817.29248046875,5150.0,61.62084700691048
1807,2.5291640758514404,867.2539061140269,0.0,4817.29248046875,5150.0,61.65473506494891
1808,1.7549957036972046,667.364384489134,0.0,4817.29248046875,5150.0,61.68862901092507
1809,1.0829166173934937,831.9338928498328,0.0,4817.29248046875,5150.0,61.72252205188852
1810,2.472978353500366,914.8953929319978,0.0,4817.29248046875,5150.0,61.756443302962
1811,2.0894200801849365,870.5318075492978,0.0,4817.29248046875,5150.0,61.79038288688753
1812,2.8747429847717285,1251.9089545980096,0.0,4817.29248046875,5150.0,61.82430828199722
1813,2.089160442352295,994.4567253701389,0.0,4817.29248046875,5150.0,61.858217793982476
1814,1.6348600387573242,1257.5940339565277,0.0,4817.29248046875,5150.0,61.892286690999754
1815,1.9471614360809326,1118.824865117669,0.0,4817.29248046875,5150.0,61.926390331937
1816,1.522213339805603,989.1330696605146,0.0,4817.29248046875,5150.0,61.9603091099998
1817,2.249207019805908,1183.3733474947512,0.0,4817.29248046875,5150.0,61.99421390099451
1818,2.123853921890259,1242.686114281416,0.0,4817.29248046875,5150.0,62.02824326988775
1819,1.884311318397522,1050.235079806298,0.0,4817.29248046875,5150.0,62.06218522193376
1820,2.6816139221191406,915.3178376145661,0.0,4817.29248046875,5150.0,62.09606688597705
1821,1.2818105220794678,1041.840304542333,0.0,4817.29248046875,5150.0,62.12993061100133
1822,2.0069401264190674,1621.1137971132994,0.0,4817.29248046875,5150.0,62.16383625695016
1823,1.8955175876617432,1096.7876082062721,0.0,4817.29248046875,5150.0,62.19768179394305
1824,2.2172205448150635,1019.0022261366248,0.0,4817.29248046875,5150.0,62.23154331394471
1825,1.8471760749816895,891.9761854074895,0.0,4817.29248046875,5150.0,62.26535823394079
1826,2.4575767517089844,1080.620019858703,0.0,4817.29248046875,5150.0,62.29953947092872
1827,2.5389161109924316,1000.355778247118,0.0,4817.29248046875,5150.0,62.333664991892874
1828,1.8067935705184937,998.4728891290724,0.0,4817.29248046875,5150.0,62.36778119695373
1829,1.471536636352539,1496.463167719543,0.0,4817.29248046875,5150.0,62.4018202109728
1830,1.6022651195526123,1102.1798875313252,0.0,4817.29248046875,5150.0,62.43573447491508
1831,1.7742494344711304,1151.5700028315187,0.0,4817.29248046875,5150.0,62.46984591893852
1832,2.060371160507202,1176.447412688285,0.0,4817.29248046875,5150.0,62.50383951398544
1833,1.6043394804000854,1163.779192470014,0.0,4817.29248046875,5150.0,62.537903900956735
1834,2.295099973678589,882.9635921344161,0.0,4817.29248046875,5150.0,62.5718927399721
1835,3.0468780994415283,1055.6065207272768,0.0,4817.29248046875,5150.0,62.60587277892046
1836,1.6134991645812988,945.0640315338969,0.0,4817.29248046875,5150.0,62.63978016190231
1837,1.1952389478683472,952.8150612916797,0.0,4817.29248046875,5150.0,62.67377653589938
1838,2.7931787967681885,758.4929844215512,0.0,4817.29248046875,5150.0,62.70765976095572
1839,2.275810718536377,938.981350146234,0.0,4817.29248046875,5150.0,62.741542175994255
1840,1.9755221605300903,958.4701389223337,0.0,4817.29248046875,5150.0,62.77553402399644
1841,2.0422556400299072,961.5211407765746,0.0,4817.29248046875,5150.0,62.809393417905085
1842,1.5317429304122925,962.9427709430456,0.0,4817.29248046875,5150.0,62.84340400691144
1843,1.3718007802963257,885.673505609855,0.0,4817.29248046875,5150.0,62.87757461192086
1844,2.1949970722198486,783.857936359942,0.0,4817.29248046875,5150.0,62.91156460298225
1845,2.5453624725341797,1138.2104416042566,0.0,4817.29248046875,5150.0,62.9455738539109
1846,2.7184128761291504,1307.2384523004293,0.0,4817.29248046875,5150.0,62.97944365092553
1847,2.869384765625,1106.951161004603,0.0,4817.29248046875,5150.0,63.013340608915314
1848,1.3685234785079956,1303.5463483706117,0.0,4817.29248046875,5150.0,63.047360410913825
1849,1.2458665370941162,1160.8137894123793,0.0,4817.29248046875,5150.0,63.08127864997368
1850,1.9667295217514038,851.8889871351421,0.0,4817.29248046875,5150.0,63.11526165390387
1851,2.795450448989868,903.80583165586,0.0,4817.29248046875,5150.0,63.14919321297202
1852,1.3529325723648071,775.1716354601085,0.0,4817.29248046875,5150.0,63.1830489418935
1853,2.204338550567627,929.30333571136,0.0,4817.29248046875,5150.0,63.21703246992547
1854,1.364286184310913,886.8832498583943,0.0,4817.29248046875,5150.0,63.250872719916515
1855,1.32243013381958,971.0952719375491,0.0,4817.29248046875,5150.0,63.284866270958446
1856,2.2833242416381836,966.7272331379354,0.0,4817.29248046875,5150.0,63.31876680592541
1857,2.8493125438690186,1213.9581748247147,0.0,4817.29248046875,5150.0,63.352559570921585
1858,1.5847563743591309,814.0773476753384,0.0,4817.29248046875,5150.0,63.38648904999718
1859,2.2029621601104736,1051.2202916368842,0.0,4817.29248046875,5150.0,63.42049837089144
1860,2.5697402954101562,1019.2763969153166,0.0,4817.29248046875,5150.0,63.454296530922875
1861,1.6514543294906616,819.575932931155,0.0,4817.29248046875,5150.0,63.488218054990284
1862,2.428157329559326,931.1250923424959,0.0,4817.29248046875,5150.0,63.522058183909394
1863,2.925018548965454,878.19556093961,0.0,4817.29248046875,5150.0,63.556116699939594
1864,1.866140604019165,1035.5643767602742,0.0,4817.29248046875,5150.0,63.59014633495826
1865,1.3212047815322876,1110.861716851592,0.0,4817.29248046875,5150.0,63.62410299398471
1866,1.579444169998169,953.6684929728508,0.0,4817.29248046875,5150.0,63.65807996399235
1867,2.641535758972168,978.1872589476407,0.0,4817.29248046875,5150.0,63.69202542596031
1868,2.469093084335327,1107.6214025989175,0.0,4817.29248046875,5150.0,63.72596220090054
1869,1.8347946405410767,1154.457312218845,0.0,4817.29248046875,5150.0,63.75988882698584
1870,2.298172950744629,813.4643444381654,0.0,4817.29248046875,5150.0,63.79389875999186
1871,1.8664460182189941,1004.7224494293332,0.0,4817.29248046875,5150.0,63.827917790971696
1872,0.7262532114982605,865.9549750676379,0.0,4817.29248046875,5150.0,63.861906663980335
1873,2.9596948623657227,1051.0048880130053,0.0,4817.29248046875,5150.0,63.89579922799021
1874,2.541221857070923,905.663729287684,0.0,4817.29248046875,5150.0,63.929840450990014
1875,1.3546350002288818,856.629492867738,0.0,4817.29248046875,5150.0,63.963829387910664
1876,1.1249648332595825,965.3339725797996,0.0,4817.29248046875,5150.0,63.99773819791153
1877,1.1342756748199463,745.8646109625697,0.0,4817.29248046875,5150.0,64.03169622493442
1878,2.9887547492980957,1065.2149432227015,0.0,4817.29248046875,5150.0,64.06567038688809
1879,2.3520236015319824,1015.2460046671331,0.0,4817.29248046875,5150.0,64.09962711296976
1880,3.1435911655426025,1024.3868621736765,0.0,4817.29248046875,5150.0,64.13372109294869
1881,1.0221195220947266,943.9630449302495,0.0,4817.29248046875,5150.0,64.16786105092615
1882,0.9215970635414124,1333.9264270216227,0.0,4817.29248046875,5150.0,64.20177489996422
1883,2.1735448837280273,907.3597984537482,0.0,4817.29248046875,5150.0,64.23577932897024
1884,2.219831943511963,1249.5230143219233,0.0,4817.29248046875,5150.0,64.26971155090723
1885,2.04815936088562,971.5912211202085,0.0,4817.29248046875,5150.0,64.30373401090037
1886,1.9552013874053955,1056.634132668376,0.0,4817.29248046875,5150.0,64.3377453519497
1887,2.117704153060913,978.4491190761328,0.0,4817.29248046875,5150.0,64.37180246098433
1888,1.4170258045196533,970.3695702776313,0.0,4817.29248046875,5150.0,64.4057587319985
1889,2.8141427040100098,1176.1280929893255,0.0,4817.29248046875,5150.0,64.43965501198545
1890,2.7772419452667236,1225.8055338785052,0.0,4817.29248046875,5150.0,64.47348876297474
1891,2.516792058944702,1210.745413839817,0.0,4817.29248046875,5150.0,64.50739146699198
1892,2.4130868911743164,986.2262891680002,0.0,4817.29248046875,5150.0,64.54126369790174
1893,2.567596435546875,829.0537453163415,0.0,4817.29248046875,5150.0,64.57522184296977
1894,2.6303391456604004,1248.419744759798,0.0,4817.29248046875,5150.0,64.6092247919878
1895,2.028381109237671,1575.061337776482,0.0,4817.29248046875,5150.0,64.64317378797568
1896,2.0720081329345703,1064.1563934236765,0.0,4817.29248046875,5150.0,64.67724929994438
1897,1.190214991569519,1461.656717658043,0.0,4817.29248046875,5150.0,64.71130833099596
1898,2.5839321613311768,1283.271867506206,0.0,4817.29248046875,5150.0,64.74520723591559
1899,1.9733467102050781,1058.3697537779808,0.0,4817.29248046875,5150.0,64.77923018496949
1900,2.706641674041748,993.9910112209618,0.0,4817.29248046875,5150.0,64.81321400497109
1901,2.6023623943328857,922.3716099411249,0.0,4817.29248046875,5150.0,64.84716672392096
1902,1.8927866220474243,841.8219897337258,0.0,4817.29248046875,5150.0,64.88123384094797
1903,2.235100030899048,1071.598101362586,0.0,4817.29248046875,5150.0,64.9151502669556
1904,3.3995251655578613,751.3524088189006,0.0,4817.29248046875,5150.0,64.94905394199304
1905,1.9852805137634277,992.5939960703254,0.0,4817.29248046875,5150.0,64.98300678399391
1906,1.6067345142364502,1001.5683440677822,0.0,4817.29248046875,5150.0,65.0169494919246
1907,1.4365617036819458,1427.8291232138872,0.0,4817.29248046875,5150.0,65.05096623895224
1908,2.841127395629883,1209.4967334866524,0.0,4817.29248046875,5150.0,65.08518571592867
1909,1.905853509902954,1111.3616458438337,0.0,4817.29248046875,5150.0,65.11914727592375
1910,1.9801709651947021,858.5085025690496,0.0,4817.29248046875,5150.0,65.15315294393804
1911,1.2999167442321777,972.858841015026,0.0,4817.29248046875,5150.0,65.18715289095417
1912,1.8646364212036133,1014.5677795112133,0.0,4817.29248046875,5150.0,65.22108863189351
1913,1.239452600479126,982.8472422566265,0.0,4817.29248046875,5150.0,65.25511683395598
1914,1.587380290031433,1070.2804107367992,0.0,4817.29248046875,5150.0,65.28907339996658
1915,2.4442405700683594,1399.3032597228885,0.0,4817.29248046875,5150.0,65.32288959389552
1916,1.8684459924697876,1200.9045857861638,0.0,4817.29248046875,5150.0,65.35699044493958
1917,1.373895287513733,868.0555415600538,0.0,4817.29248046875,5150.0,65.39099084294867
1918,3.134551763534546,833.7669129259884,0.0,4817.29248046875,5150.0,65.42493434494827
1919,2.3145620822906494,997.6449073851109,0.0,4817.29248046875,5150.0,65.45890073198825
1920,1.4264905452728271,837.7441275082529,0.0,4817.29248046875,5150.0,65.49289916898124
1921,2.613893508911133,904.127890534699,0.0,4817.29248046875,5150.0,65.52691098791547
1922,1.2482610940933228,807.2542824670672,0.0,4817.29248046875,5150.0,65.56081378494855
1923,3.007850170135498,1051.3874862864614,0.0,4817.29248046875,5150.0,65.59487060294487
1924,1.0275882482528687,1255.459572872147,0.0,4817.29248046875,5150.0,65.62882700795308
1925,2.812164068222046,1117.3445759415627,0.0,4817.29248046875,5150.0,65.66266028292011
1926,3.305985927581787,1169.3344687856734,0.0,4817.29248046875,5150.0,65.69664710597135
1927,1.61188542842865,976.6858745105565,0.0,4817.29248046875,5150.0,65.73062625492457
1928,1.6064375638961792,917.0194964446127,0.0,4817.29248046875,5150.0,65.76459925889503
1929,0.8895209431648254,1136.3353535914794,0.0,4817.29248046875,5150.0,65.7985797849251
1930,1.5730023384094238,1043.4099744185805,0.0,4817.29248046875,5150.0,65.83259687596001
1931,2.1766648292541504,1644.1800158545375,0.0,4817.29248046875,5150.0,65.86659696500283
1932,2.4206795692443848,5845.104531250894,0.0,4817.29248046875,5150.0,65.90088128298521
1933,1.447922945022583,1526.3891616091132,0.0,4817.29248046875,5150.0,65.93489717692137
1934,2.3281381130218506,1764.1859422773123,0.0,4817.29248046875,5150.0,65.968826897908
1935,1.8575623035430908,1089.4192588590086,0.0,4817.29248046875,5150.0,66.00282024999615
1936,1.3138246536254883,1107.117779776454,0.0,4817.29248046875,5150.0,66.03671169397421
1937,1.5413581132888794,1125.0973624773324,0.0,4817.29248046875,5150.0,66.07068041397724
1938,2.026395559310913,1215.8499829471111,0.0,4817.29248046875,5150.0,66.1047334439354
1939,1.9537571668624878,1271.9261861816049,0.0,4817.29248046875,5150.0,66.13865833089221
1940,1.9889410734176636,1199.1207551639527,0.0,4817.29248046875,5150.0,66.17269635596313
1941,1.941598892211914,1241.6186783127487,0.0,4817.29248046875,5150.0,66.20667579199653
1942,2.470527172088623,1068.8334577158093,0.0,4817.29248046875,5150.0,66.24061819794588
1943,2.349445104598999,1427.985495146364,0.0,4817.29248046875,5150.0,66.27440274495166
1944,2.9412589073181152,1109.044150263071,0.0,4817.29248046875,5150.0,66.30837350198999
1945,2.3393731117248535,1134.3047292977571,0.0,4817.29248046875,5150.0,66.34239787096158
1946,1.569703459739685,1486.7674316987395,0.0,4817.29248046875,5150.0,66.37647687795106
1947,2.091003179550171,1485.331601575017,0.0,4817.29248046875,5150.0,66.41049464093521
1948,1.7368570566177368,846.8918581902981,0.0,4817.29248046875,5150.0,66.4445786869619
1949,2.655808448791504,1211.7148176655173,0.0,4817.29248046875,5150.0,66.47859251790214
1950,1.5402398109436035,1205.2266536727548,0.0,4817.29248046875,5150.0,66.51258809899446
1951,1.074936032295227,1134.5436596870422,0.0,4817.29248046875,5150.0,66.54647811793257
1952,1.7666261196136475,926.7615753747523,0.0,4817.29248046875,5150.0,66.58045476395637
1953,1.3858286142349243,1249.898189496249,0.0,4817.29248046875,5150.0,66.613175965962
1954,2.74938702583313,1293.9694840684533,0.0,4817.29248046875,5150.0,66.64742319798097
1955,2.2522003650665283,1265.0036185011268,0.0,4817.29248046875,5150.0,66.6813812329201
1956,1.3442367315292358,1006.8035892490298,0.0,4817.29248046875,5150.0,66.71541687799618
1957,2.843148708343506,871.5053036138415,0.0,4817.29248046875,5150.0,66.74943616392557
1958,2.362058401107788,1070.1116601228714,0.0,4817.29248046875,5150.0,66.78354137192946
1959,2.6204745769500732,1658.3834489881992,0.0,4817.29248046875,5150.0,66.81745921890251
1960,1.8549487590789795,1284.8532882109284,0.0,4817.29248046875,5150.0,66.8514740789542
1961,1.5245939493179321,856.7795709781349,0.0,4817.29248046875,5150.0,66.88556194596458
1962,2.233626127243042,1220.6054489910603,0.0,4817.29248046875,5150.0,66.91939669090789
1963,1.9756462574005127,720.9961097203195,0.0,4817.29248046875,5150.0,66.95330051099882
1964,1.7121442556381226,905.773755621165,0.0,4817.29248046875,5150.0,66.98727556189988
1965,1.6826492547988892,14648.036163449287,0.0,4817.29248046875,5150.0,67.02127728797495
1966,1.7960541248321533,1221.7290122658014,0.0,4817.29248046875,5150.0,67.05525745893829
1967,2.5345382690429688,1422.3098604530096,0.0,4817.29248046875,5150.0,67.08924204995856
1968,4.181579113006592,5668.18391007185,0.0,4817.29248046875,5150.0,67.1234367149882
1969,1.907004714012146,1423.2378141433,0.0,4817.29248046875,5150.0,67.1572477169102
1970,2.5446155071258545,1387.4039126634598,0.0,4817.29248046875,5150.0,67.19122906494886
1971,1.9184342622756958,2227.5192854702473,0.0,4817.29248046875,5150.0,67.22515932493843
1972,2.792658805847168,15811.611632227898,0.0,4817.29248046875,5150.0,67.25939725292847
1973,3.5294301509857178,2890.188361272216,0.0,4817.29248046875,5150.0,67.29365806200076
1974,2.223062038421631,1286.9750026836991,0.0,4817.29248046875,5150.0,67.32762225589249
1975,3.7526416778564453,1545.7948746085167,0.0,4817.29248046875,5150.0,67.36155628389679
1976,2.953263282775879,1663.9259506165981,0.0,4817.29248046875,5150.0,67.39560438797344
1977,1.6512247323989868,1392.2498306632042,0.0,4817.29248046875,5150.0,67.42957342194859
1978,3.4891724586486816,1023.0196002274752,0.0,4817.29248046875,5150.0,67.46358376799617
1979,1.0676456689834595,1102.255737774074,0.0,4817.29248046875,5150.0,67.49746456090361
1980,2.330291748046875,1349.3879078105092,0.0,4817.29248046875,5150.0,67.53145951696206
1981,4.3132405281066895,1458.1647572815418,0.0,4817.29248046875,5150.0,67.56547963293269
1982,1.5464750528335571,1231.5675831958652,0.0,4817.29248046875,5150.0,67.5995186639484
1983,3.5448033809661865,1267.5457445085049,0.0,4817.29248046875,5150.0,67.63339845195878
1984,2.9835519790649414,12303.577250361443,0.0,4817.29248046875,5150.0,67.66725542698987
1985,2.118910074234009,1212.2481959834695,0.0,4817.29248046875,5150.0,67.70120981091168
1986,2.6352550983428955,1106.8009191304445,0.0,4817.29248046875,5150.0,67.73510008689482
1987,3.8130156993865967,7529.883997023106,0.0,4817.29248046875,5150.0,67.76907008094713
1988,2.997772693634033,1032.4912489503622,0.0,4817.29248046875,5150.0,67.8030039469013
1989,3.144779682159424,2044.6023949608207,0.0,4817.29248046875,5150.0,67.83698212099262
1990,2.365130662918091,1385.7135037630796,0.0,4817.29248046875,5150.0,67.87102711992338
1991,1.8377233743667603,1420.3716806434095,0.0,4817.29248046875,5150.0,67.9050085269846
1992,3.217081069946289,1007.5475469455123,0.0,4817.29248046875,5150.0,67.93904154095799
1993,2.4580914974212646,1003.6974630504847,0.0,4817.29248046875,5150.0,67.97302915295586
1994,2.8721821308135986,1330.8768728226423,0.0,4817.29248046875,5150.0,68.00699569599237
1995,1.4558913707733154,911.8026687391102,0.0,4817.29248046875,5150.0,68.04101798997726
1996,2.8738911151885986,899.0311805866659,0.0,4817.29248046875,5150.0,68.07500398589764
1997,2.123990297317505,1336.3320093341172,0.0,4817.29248046875,5150.0,68.10899562889244
1998,2.8953864574432373,897.926857277751,0.0,4817.29248046875,5150.0,68.14295070699882
1999,1.8835647106170654,950.3113051503897,0.0,4817.29248046875,5150.0,68.1769210199127
2000,2.884594202041626,614.9850366786122,0.0,4817.29248046875,5150.0,68.2109381799819
2001,3.4364051818847656,954.3403520137072,0.0,4817.29248046875,7060.0,71.89684932993259
2002,2.1037325859069824,1031.3676831796765,0.0,4817.29248046875,7060.0,71.93116367096081
2003,1.5853052139282227,847.2696076389402,0.0,4817.29248046875,7060.0,71.96513194392901
2004,2.2660210132598877,1589.9625567495823,0.0,4817.29248046875,7060.0,71.99905507895164
2005,3.014334201812744,1185.6037440299988,0.0,4817.29248046875,7060.0,72.03293706092518
2006,4.0605058670043945,1027.9688768945634,0.0,4817.29248046875,7060.0,72.06677948089782
2007,3.3707942962646484,818.5441878475249,0.0,4817.29248046875,7060.0,72.10108202893753
2008,3.035491943359375,955.0535574555397,0.0,4817.29248046875,7060.0,72.13514796993695
2009,2.060779094696045,1025.8973360434175,0.0,4817.29248046875,7060.0,72.16919584292918
2010,2.8680779933929443,1683.187674574554,0.0,4817.29248046875,7060.0,72.20313358097337
2011,2.2713496685028076,1126.822885029018,0.0,4817.29248046875,7060.0,72.23702832800336
2012,2.384174346923828,806.1807655617595,0.0,4817.29248046875,7060.0,72.27104724990204
2013,2.1986517906188965,899.3447638973594,0.0,4817.29248046875,7060.0,72.3050400109496
2014,2.111769914627075,744.7400736901909,0.0,4817.29248046875,7060.0,72.33903452893719
2015,3.4171712398529053,923.3040437996387,0.0,4817.29248046875,7060.0,72.37307398498524
2016,2.752441883087158,767.6092430688441,0.0,4817.29248046875,7060.0,72.40725004591513
2017,2.375300884246826,1001.5581207312644,0.0,4817.29248046875,7060.0,72.44118278089445
2018,2.107600688934326,1023.5658728331327,0.0,4817.29248046875,7060.0,72.47507780289743
2019,3.0830037593841553,1278.752509523183,0.0,4817.29248046875,7060.0,72.5088177609723
2020,2.0893125534057617,1024.3661167807877,0.0,4817.29248046875,7060.0,72.5427704899339
2021,1.704216480255127,1244.8075179774314,0.0,4817.29248046875,7060.0,72.57672093890142
2022,3.237016201019287,1326.7619505375624,0.0,4817.29248046875,7060.0,72.61117680789903
2023,2.0051355361938477,1556.3539182227105,0.0,4817.29248046875,7060.0,72.64516918896697
2024,2.6830475330352783,1142.1402701288462,0.0,4817.29248046875,7060.0,72.67915611399803
2025,2.5061159133911133,1469.2907100915909,0.0,4817.29248046875,7060.0,72.7130303659942
2026,2.1708967685699463,791.0348712261766,0.0,4817.29248046875,7060.0,72.7469653529115
2027,2.845992088317871,868.6532993651927,0.0,4817.29248046875,7060.0,72.78092305792961
2028,2.513577938079834,1096.9434790816158,0.0,4817.29248046875,7060.0,72.81483996193856
2029,3.1040048599243164,701.0376591421664,0.0,4817.29248046875,7060.0,72.84881646488793
2030,2.286236524581909,862.2296872250736,0.0,4817.29248046875,7060.0,72.88274040294345
2031,2.615605115890503,602.4607151187956,0.0,4817.29248046875,7060.0,72.9167731939815
2032,2.648339033126831,649.2996848523617,0.0,4817.29248046875,7060.0,72.9508353099227
2033,1.912062406539917,899.4799763970077,0.0,4817.29248046875,7060.0,72.98471890599467
2034,3.2602105140686035,1092.5200180709362,0.0,4817.29248046875,7060.0,73.01873230095953
2035,3.2059097290039062,1198.924714948982,0.0,4817.29248046875,7060.0,73.05255125893746
2036,2.039785146713257,793.8544416259974,0.0,4817.29248046875,7060.0,73.08646930090617
2037,1.6304080486297607,654.4738675998524,0.0,4817.29248046875,7060.0,73.1204455869738
2038,1.9242044687271118,1068.736355572939,0.0,4817.29248046875,7060.0,73.15436017489992
2039,2.567150592803955,1063.9686193913221,0.0,4817.29248046875,7060.0,73.18835310789291
2040,3.03946590423584,1265.7281164489686,0.0,4817.29248046875,7060.0,73.22243586694822
2041,1.152187466621399,988.2419481910765,0.0,4817.29248046875,7060.0,73.25644371192902
2042,1.624776005744934,788.5326924119145,0.0,4817.29248046875,7060.0,73.29039781389292
2043,1.4204457998275757,1202.7143327053636,0.0,4817.29248046875,7060.0,73.3246093619382
2044,2.619320869445801,600.390230178833,0.0,4817.29248046875,7060.0,73.35856034990866
2045,1.548188328742981,914.1493702139705,0.0,4817.29248046875,7060.0,73.39248184789903
2046,2.5786266326904297,1028.9822797067463,0.0,4817.29248046875,7060.0,73.42646054690704
2047,2.4392449855804443,926.2716457247734,0.0,4817.29248046875,7060.0,73.46046605496667
2048,2.385953903198242,780.9290744252503,0.0,4817.29248046875,7060.0,73.49468327895738
2049,2.025738000869751,3497.3572387993336,0.0,4817.29248046875,7060.0,73.52885894698557
2050,1.7563143968582153,934.0070261359215,0.0,4817.29248046875,7060.0,73.56279914500192
2051,1.7114284038543701,1162.562635205686,0.0,4817.29248046875,7060.0,73.59685793193057
2052,2.438412666320801,988.9324758723378,0.0,4817.29248046875,7060.0,73.63078953092918
2053,1.534397006034851,831.0707177873701,0.0,4817.29248046875,7060.0,73.66485143790487
2054,3.207458972930908,1443.4788316339254,0.0,4817.29248046875,7060.0,73.69885301589966
2055,2.7392349243164062,1198.2709033340216,0.0,4817.29248046875,7060.0,73.73294924094807
2056,2.5293643474578857,780.7109585739672,0.0,4817.29248046875,7060.0,73.76683974999469
2057,2.5912532806396484,784.0800883807242,0.0,4817.29248046875,7060.0,73.80083092988934
2058,1.2001813650131226,903.0162984132767,0.0,4817.29248046875,7060.0,73.83483286597766
2059,1.818851113319397,760.4778473898768,0.0,4817.29248046875,7060.0,73.86896901298314
2060,2.643545389175415,883.257872313261,0.0,4817.29248046875,7060.0,73.90315142599866
2061,2.464181661605835,928.5864241048694,0.0,4817.29248046875,7060.0,73.9370946509298
2062,2.1044254302978516,1383.1481562368572,0.0,4817.29248046875,7060.0,73.9710960809607
2063,2.7003471851348877,1134.5269739590585,0.0,4817.29248046875,7060.0,74.00496905890759
2064,1.6923274993896484,720.6873496063054,0.0,4817.29248046875,7060.0,74.03899889194872
2065,1.2754426002502441,1134.251629607752,0.0,4817.29248046875,7060.0,74.07296670495998
2066,2.2119054794311523,1345.640944570303,0.0,4817.29248046875,7060.0,74.10694456694182
2067,1.4015049934387207,1050.602688966319,0.0,4817.29248046875,7060.0,74.14091964391991
2068,2.2020046710968018,1234.2448493130505,0.0,4817.29248046875,7060.0,74.17482378089335
2069,3.089433431625366,1418.6646469272673,0.0,4817.29248046875,7060.0,74.20872155297548
2070,1.6892204284667969,867.8579242676497,0.0,4817.29248046875,7060.0,74.24271125998348
2071,2.148427963256836,866.538373535499,0.0,4817.29248046875,7060.0,74.2766986489296
2072,2.3311948776245117,795.8553899526596,0.0,4817.29248046875,7060.0,74.31070659100078
2073,1.9394757747650146,611.2076598117128,0.0,4817.29248046875,7060.0,74.34473131690174
2074,2.8966569900512695,1151.9514574930072,0.0,4817.29248046875,7060.0,74.37867025798187
2075,2.337658405303955,1006.302972689271,0.0,4817.29248046875,7060.0,74.4127101158956
2076,2.3894543647766113,1194.756793089211,0.0,4817.29248046875,7060.0,74.44658338895533
2077,1.7799696922302246,1006.6670026481152,0.0,4817.29248046875,7060.0,74.4804399649147
2078,1.8528468608856201,1062.2381178438663,0.0,4817.29248046875,7060.0,74.51441438193433
2079,2.6906940937042236,1032.5578015446663,0.0,4817.29248046875,7060.0,74.54838653793558
2080,2.2630276679992676,877.7757955640554,0.0,4817.29248046875,7060.0,74.58231778792106
2081,1.855566382408142,821.4476369060576,0.0,4817.29248046875,7060.0,74.61632292589638
2082,1.8071473836898804,1527.7910754363984,0.0,4817.29248046875,7060.0,74.65033027995378
2083,1.1078712940216064,836.7154443655163,0.0,4817.29248046875,7060.0,74.68426513695158
2084,2.657557964324951,983.365316875279,0.0,4817.29248046875,7060.0,74.71821075491607
2085,2.6314878463745117,840.3473832681775,0.0,4817.29248046875,7060.0,74.75215036189184
2086,2.7495715618133545,894.3188163582236,0.0,4817.29248046875,7060.0,74.7860694238916
2087,2.248460054397583,1005.6343627236784,0.0,4817.29248046875,7060.0,74.81991090800148
2088,3.060533046722412,777.1018409505486,0.0,4817.29248046875,7060.0,74.853828706895
2089,3.4191439151763916,1121.8681086078286,0.0,4817.29248046875,7060.0,74.88789010094479
2090,1.9793883562088013,865.486884586513,0.0,4817.29248046875,7060.0,74.92191790998913
2091,3.343515157699585,565.0463917031884,0.0,4817.29248046875,7060.0,74.95595767290797
2092,2.3095242977142334,1168.314874874428,0.0,4817.29248046875,7060.0,74.98994620295707
2093,2.9912102222442627,889.4460563734174,0.0,4817.29248046875,7060.0,75.0237780129537
2094,2.380793571472168,1168.1015810072422,0.0,4817.29248046875,7060.0,75.05766178597696
2095,2.3890933990478516,1008.8847852312028,0.0,4817.29248046875,7060.0,75.09174563898705
2096,1.369726300239563,912.9107084106654,0.0,4817.29248046875,7060.0,75.12580315291416
2097,1.8560196161270142,927.1680209748447,0.0,4817.29248046875,7060.0,75.15971384197474
2098,3.4929816722869873,771.1239659488201,0.0,4817.29248046875,7060.0,75.19366285495926
2099,1.2343987226486206,917.1595818903297,0.0,4817.29248046875,7060.0,75.2276306359563
2100,1.800584316253662,1046.6534093618393,0.0,4817.29248046875,7060.0,75.26167528994847
2101,2.2968389987945557,1110.2454394437373,0.0,4817.29248046875,7060.0,75.29568066098727
2102,1.7824435234069824,738.8628846369684,0.0,4817.29248046875,7060.0,75.32948080496863
2103,2.5522358417510986,991.0965744033456,0.0,4817.29248046875,7060.0,75.3634377719136
2104,1.684960126876831,937.0561193712056,0.0,4817.29248046875,7060.0,75.39745981199667
2105,1.6823439598083496,918.1970171183348,0.0,4817.29248046875,7060.0,75.43144709488843
2106,2.3199024200439453,685.1183809787035,0.0,4817.29248046875,7060.0,75.46539067989215
2107,1.196153998374939,822.7311191316694,0.0,4817.29248046875,7060.0,75.49926818790846
2108,1.4992597103118896,1238.1638078540564,0.0,4817.29248046875,7060.0,75.53332321799826
2109,2.0017173290252686,990.0000775419176,0.0,4817.29248046875,7060.0,75.56730857689399
2110,1.8806748390197754,778.5778685156256,0.0,4817.29248046875,7060.0,75.60128351591993
2111,1.6278573274612427,838.1536977887154,0.0,4817.29248046875,7060.0,75.63530338194687
2112,2.377816915512085,893.1419207043946,0.0,4817.29248046875,7060.0,75.66926342598163
2113,2.963963270187378,928.9853612333536,0.0,4817.29248046875,7060.0,75.70310419995803
2114,1.3787164688110352,1001.3957174085081,0.0,4817.29248046875,7060.0,75.73712945589796
2115,1.8184784650802612,1065.0574659705162,0.0,4817.29248046875,7060.0,75.77105716092046
2116,2.66352915763855,629.026994343847,0.0,4817.29248046875,7060.0,75.80504038499203
2117,2.442657709121704,699.5585039872676,0.0,4817.29248046875,7060.0,75.83910234295763
2118,2.0779292583465576,1260.584010347724,0.0,4817.29248046875,7060.0,75.8729571539443
2119,2.895688056945801,840.6264500617981,0.0,4817.29248046875,7060.0,75.907050727983
2120,2.10740065574646,1013.9029346257448,0.0,4817.29248046875,7060.0,75.9409935149597
2121,1.7501709461212158,583.5073108701035,0.0,4817.29248046875,7060.0,75.9749386619078
2122,2.3270254135131836,698.1190533973277,0.0,4817.29248046875,7060.0,76.00882965000346
2123,2.6074371337890625,861.5550854429603,0.0,4817.29248046875,7060.0,76.04293533798773
2124,1.7061885595321655,1527.7220888212323,0.0,4817.29248046875,7060.0,76.07695099699777
2125,1.2000378370285034,809.3925567083061,0.0,4817.29248046875,7060.0,76.11096146795899
2126,2.179030179977417,751.0776061750948,0.0,4817.29248046875,7060.0,76.14494961395394
2127,1.7757148742675781,709.1881503164768,0.0,4817.29248046875,7060.0,76.17893620789982
2128,1.7526671886444092,876.9105002656579,0.0,4817.29248046875,7060.0,76.21287136990577
2129,1.7442432641983032,658.4831876186654,0.0,4817.29248046875,7060.0,76.2469866439933
2130,3.3159430027008057,1345.3871359303594,0.0,4817.29248046875,7060.0,76.28086345689371
2131,1.942258596420288,947.3862040694803,0.0,4817.29248046875,7060.0,76.31485760794021
2132,1.8068968057632446,1105.3226428739727,0.0,4817.29248046875,7060.0,76.34881591494195
2133,0.6786277890205383,811.4172589555383,0.0,4817.29248046875,7060.0,76.38285316596739
2134,2.402240514755249,1519.2881452292204,0.0,4817.29248046875,7060.0,76.41685735399369
2135,2.7420594692230225,949.8044557571411,0.0,4817.29248046875,7060.0,76.45080813590903
2136,0.7946762442588806,1051.310724498704,0.0,4817.29248046875,7060.0,76.48464863491245
2137,1.6599828004837036,969.8938550911844,0.0,4817.29248046875,7060.0,76.51859946094919
2138,2.2297310829162598,2311.24597632885,0.0,4817.29248046875,7060.0,76.55258555489127
2139,2.102403163909912,902.0952724479139,0.0,4817.29248046875,7060.0,76.58662170998286
2140,2.1170544624328613,1065.2009561657906,0.0,4817.29248046875,7060.0,76.6204365119338
2141,1.6105889081954956,1161.4904717430472,0.0,4817.29248046875,7060.0,76.65436647797469
2142,2.2874536514282227,5048.428979486227,0.0,4817.29248046875,7060.0,76.6882214169018
2143,2.381152629852295,798.3785295113921,0.0,4817.29248046875,7060.0,76.72221060097218
2144,2.053468704223633,8908.555209368467,0.0,4817.29248046875,7060.0,76.75626063090749
2145,2.3041765689849854,1012.6500359680504,0.0,4817.29248046875,7060.0,76.79028105491307
2146,2.013805389404297,1300.1813335865736,0.0,4817.29248046875,7060.0,76.82430892891716
2147,1.834554672241211,817.85257063061,0.0,4817.29248046875,7060.0,76.85834294895176
2148,2.72705078125,1000.3819877300411,0.0,4817.29248046875,7060.0,76.8922284359578
2149,3.1273372173309326,948.3914477303624,0.0,4817.29248046875,7060.0,76.92632616392802
2150,3.28027606010437,1163.5550254657865,0.0,4817.29248046875,7060.0,76.96031162899453
2151,2.3116672039031982,1209.8705425560474,0.0,4817.29248046875,7060.0,76.99415518390015
2152,1.5596553087234497,842.6584571450949,0.0,4817.29248046875,7060.0,77.02812715095934
2153,1.1943995952606201,829.3954096958041,0.0,4817.29248046875,7060.0,77.06200338189956
2154,2.0149645805358887,874.3947871048003,0.0,4817.29248046875,7060.0,77.09602234396152
2155,1.062776803970337,824.209428338334,0.0,4817.29248046875,7060.0,77.13001591491047
2156,2.259948492050171,1373.9033841826022,0.0,4817.29248046875,7060.0,77.16395838488825
2157,2.976283311843872,1295.3062189556658,0.0,4817.29248046875,7060.0,77.19794351398014
2158,1.8260304927825928,698.952977374196,0.0,4817.29248046875,7060.0,77.23182188591454
2159,1.8583893775939941,814.039927136153,0.0,4817.29248046875,7060.0,77.26580778392963
2160,1.8874785900115967,737.7293087057769,0.0,4817.29248046875,7060.0,77.29978571797255
2161,1.214582920074463,747.3366810157895,0.0,4817.29248046875,7060.0,77.33380888192914
2162,1.750145673751831,824.7657693382353,0.0,4817.29248046875,7060.0,77.3677347159246
2163,2.264343500137329,1161.6259186640382,0.0,4817.29248046875,7060.0,77.40177924290765
2164,2.313741445541382,1338.1929735802114,0.0,4817.29248046875,7060.0,77.43574870191514
2165,1.4893426895141602,856.6833390071988,0.0,4817.29248046875,7060.0,77.46974242397118
2166,4.022891521453857,1393.199813708663,0.0,4817.29248046875,7060.0,77.50369898590725
2167,1.9627803564071655,1331.1728062666953,0.0,4817.29248046875,7060.0,77.53762385295704
2168,2.5376734733581543,899.3402480818331,0.0,4817.29248046875,7060.0,77.57154468493536
2169,1.9470818042755127,1069.6703821085393,0.0,4817.29248046875,7060.0,77.60565708496142
2170,0.6385726928710938,642.5985252391547,0.0,4817.29248046875,7060.0,77.63956658297684
2171,1.2769811153411865,980.5067913867533,0.0,4817.29248046875,7060.0,77.6735243469011
2172,1.688199520111084,815.0922067314386,0.0,4817.29248046875,7060.0,77.70754201593809
2173,1.4698207378387451,764.147413527593,0.0,4817.29248046875,7060.0,77.74147102900315
2174,2.8075597286224365,1293.7059012185782,0.0,4817.29248046875,7060.0,77.77544178895187
2175,2.062401294708252,1346.3425767421722,0.0,4817.29248046875,7060.0,77.8092588079162
2176,2.032564163208008,871.0175534486771,0.0,4817.29248046875,7060.0,77.84317657991778
2177,1.9531855583190918,1135.9042854383588,0.0,4817.29248046875,7060.0,77.87717525695916
2178,1.1139732599258423,807.8854933418334,0.0,4817.29248046875,7060.0,77.9112154719187
2179,3.1781492233276367,1223.1215563025326,0.0,4817.29248046875,7060.0,77.945315991994
2180,1.5294336080551147,1020.9880529791117,0.0,4817.29248046875,7060.0,77.97923797694966
2181,2.3317956924438477,1096.82776068151,0.0,4817.29248046875,7060.0,78.01311990292743
2182,1.294797420501709,1135.845876313746,0.0,4817.29248046875,7060.0,78.04716126690619
2183,0.7397578954696655,880.7372865527868,0.0,4817.29248046875,7060.0,78.08118652296253
2184,2.7105166912078857,1102.4523529224098,0.0,4817.29248046875,7060.0,78.11508380796295
2185,2.796370029449463,1344.3197409808636,0.0,4817.29248046875,7060.0,78.14897177694365
2186,0.8839918375015259,947.0987719222903,0.0,4817.29248046875,7060.0,78.18295686494093
2187,1.9452683925628662,1056.564385727048,0.0,4817.29248046875,7060.0,78.21696413494647
2188,1.6575441360473633,868.8218193240464,0.0,4817.29248046875,7060.0,78.25094823096879
2189,3.005565643310547,807.9925964847207,0.0,4817.29248046875,7060.0,78.28475436498411
2190,2.1752827167510986,883.3694980740547,0.0,4817.29248046875,7060.0,78.31875574996229
2191,2.677410364151001,14498.10502769053,0.0,4817.29248046875,7060.0,78.35253219096921
2192,1.7375348806381226,988.5059848278761,0.0,4817.29248046875,7060.0,78.3865784018999
2193,2.818169355392456,1168.8289305344224,0.0,4817.29248046875,7060.0,78.42063214292284
2194,2.8499755859375,1128.0681947451085,0.0,4817.29248046875,7060.0,78.45456129091326
2195,1.8368669748306274,1014.7819237746298,0.0,4817.29248046875,7060.0,78.48852443299256
2196,1.8753033876419067,1120.3878621794283,0.0,4817.29248046875,7060.0,78.52243989892304
2197,1.4925287961959839,878.6737989168614,0.0,4817.29248046875,7060.0,78.55639332788996
2198,1.3018536567687988,825.1667594816536,0.0,4817.29248046875,7060.0,78.59027869394049
2199,1.7032755613327026,1107.349671535194,0.0,4817.29248046875,7060.0,78.62428528489545
2200,3.0392513275146484,1290.5219541713595,0.0,4817.29248046875,7060.0,78.65814680990297
2201,2.013624429702759,689.4617202654481,0.0,4817.29248046875,7060.0,78.69215301098302
2202,1.6793488264083862,867.0184132922441,0.0,4817.29248046875,7060.0,78.72618415695615
2203,5.7741875648498535,2343.1908033788204,0.0,4817.29248046875,7060.0,78.759936675895
2204,1.8596903085708618,802.2847043573856,0.0,4817.29248046875,7060.0,78.79394029395189
2205,1.6093953847885132,1124.789614789188,0.0,4817.29248046875,7060.0,78.82789577392396
2206,2.9655003547668457,817.2862361893058,0.0,4817.29248046875,7060.0,78.86187720298767
2207,1.0552712678909302,760.627245247364,0.0,4817.29248046875,7060.0,78.89588674192782
2208,2.0024242401123047,763.3680560290813,0.0,4817.29248046875,7060.0,78.92992084298749
2209,2.9056646823883057,1045.9842221736908,0.0,4817.29248046875,7060.0,78.96389773499686
2210,4.183557987213135,1804.8070299439132,0.0,4817.29248046875,7060.0,78.99810996791348
2211,1.3485658168792725,958.2742634043097,0.0,4817.29248046875,7060.0,79.03208446200006
2212,1.9783345460891724,788.0473380126059,0.0,4817.29248046875,7060.0,79.06609843799379
2213,2.151099681854248,992.5082267187536,0.0,4817.29248046875,7060.0,79.09999712696299
2214,4.397209167480469,1297.8459593243897,0.0,4817.29248046875,7060.0,79.13415552291553
2215,2.143129825592041,843.1912126690149,0.0,4817.29248046875,7060.0,79.16808673797641
2216,1.8229758739471436,1306.6585413683206,0.0,4817.29248046875,7060.0,79.20204014098272
2217,1.8793436288833618,900.6531625557691,0.0,4817.29248046875,7060.0,79.2359896559501
2218,2.7928836345672607,1416.8977857455611,0.0,4817.29248046875,7060.0,79.26998138800263
2219,3.059619188308716,989.5869751255959,0.0,4817.29248046875,7060.0,79.30391033599153
2220,1.339279055595398,1049.5100883357227,0.0,4817.29248046875,7060.0,79.3379771579057
2221,3.4765818119049072,1145.4651509672403,0.0,4817.29248046875,7060.0,79.3719885799801
2222,3.738729476928711,1325.537095880136,0.0,4817.29248046875,7060.0,79.40585334890056
2223,2.1903603076934814,1324.9561123400927,0.0,4817.29248046875,7060.0,79.43980944599025
2224,1.8430417776107788,816.5059498511255,0.0,4817.29248046875,7060.0,79.47373213095125
2225,2.101236343383789,1201.9323253631592,0.0,4817.29248046875,7060.0,79.50770163489506
2226,2.7724123001098633,1093.6729366444051,0.0,4817.29248046875,7060.0,79.54168457794003
2227,2.3227202892303467,934.8286883980036,0.0,4817.29248046875,7060.0,79.57556113693863
2228,1.5722289085388184,985.6913650650531,0.0,4817.29248046875,7060.0,79.60955236293375
2229,2.3480064868927,1046.220358133316,0.0,4817.29248046875,7060.0,79.64349937299266
2230,2.568014621734619,1248.2900934368372,0.0,4817.29248046875,7060.0,79.67736009694636
2231,3.0036957263946533,1316.1617324464023,0.0,4817.29248046875,7060.0,79.71164525300264
2232,1.5147175788879395,744.4007605612278,0.0,4817.29248046875,7060.0,79.74564057798125
2233,2.3097729682922363,1123.0070199370384,0.0,4817.29248046875,7060.0,79.7795746868942
2234,2.753150701522827,779.1890101060271,0.0,4817.29248046875,7060.0,79.81347155594267
2235,1.3259365558624268,1026.8317180536687,0.0,4817.29248046875,7060.0,79.84736892592628
2236,1.7903510332107544,1114.8060231134295,0.0,4817.29248046875,7060.0,79.88127693289425
2237,2.4206137657165527,770.693108536303,0.0,4817.29248046875,7060.0,79.91534950397909
2238,2.9454798698425293,926.0195644050837,0.0,4817.29248046875,7060.0,79.94930100394413
2239,0.9748729467391968,634.5621211435646,0.0,4817.29248046875,7060.0,79.98326288594399
2240,1.4692341089248657,826.2689990289509,0.0,4817.29248046875,7060.0,80.01721872889902
2241,1.5644252300262451,995.4015732258558,0.0,4817.29248046875,7060.0,80.05113318189979
2242,1.9895966053009033,807.5493896286935,0.0,4817.29248046875,7060.0,80.08514245890547
2243,2.180366277694702,1374.1613549217582,0.0,4817.29248046875,7060.0,80.11890897992998
2244,1.8971507549285889,742.8180136773735,0.0,4817.29248046875,7060.0,80.15289004391525
2245,0.9647191166877747,881.1475956831127,0.0,4817.29248046875,7060.0,80.18679144792259
2246,2.206299066543579,1060.0755620896816,0.0,4817.29248046875,7060.0,80.22070559195708
2247,1.7954530715942383,813.3344094194472,0.0,4817.29248046875,7060.0,80.25468964199536
2248,1.0180110931396484,771.245836224407,0.0,4817.29248046875,7060.0,80.28863178694155
2249,1.98185396194458,1069.0654971562326,0.0,4817.29248046875,7060.0,80.32249470194802
2250,2.984266996383667,807.8828289862722,0.0,4817.29248046875,7060.0,80.35670267394744
2251,1.8633882999420166,822.7700775042176,0.0,4817.29248046875,7060.0,80.39066936797462
2252,3.0165865421295166,2660.9017676115036,0.0,4817.29248046875,7060.0,80.42473243596032
2253,2.25258469581604,817.7815899606794,0.0,4817.29248046875,7060.0,80.45872860995587
2254,2.5141751766204834,851.7934998944402,0.0,4817.29248046875,7060.0,80.49285316397436
2255,2.34739351272583,742.2400626465678,0.0,4817.29248046875,7060.0,80.52674242691137
2256,2.1476190090179443,1152.194748274982,0.0,4817.29248046875,7060.0,80.56070645200089
2257,3.5078072547912598,1702.0048895403743,0.0,4817.29248046875,7060.0,80.59454961889423
2258,2.124847650527954,814.6876591145992,0.0,4817.29248046875,7060.0,80.62840271589812
2259,1.448422908782959,849.3265855573118,0.0,4817.29248046875,7060.0,80.66235031699762
2260,1.6326273679733276,696.2494430840015,0.0,4817.29248046875,7060.0,80.69628828589339
2261,1.7031837701797485,876.3434584401548,0.0,4817.29248046875,7060.0,80.73024203593377
2262,1.011269211769104,620.6296966392547,0.0,4817.29248046875,7060.0,80.76417962496635
2263,2.4873080253601074,881.0966517925262,0.0,4817.29248046875,7060.0,80.79805621190462
2264,1.4987835884094238,655.7876096591353,0.0,4817.29248046875,7060.0,80.83210671390407
2265,1.0210645198822021,1176.9467853941023,0.0,4817.29248046875,7060.0,80.86602836090606
2266,3.334181070327759,1148.7903243117034,0.0,4817.29248046875,7060.0,80.90010149800219
2267,2.805891752243042,1599.7387464046478,0.0,4817.29248046875,7060.0,80.93404245493002
2268,2.400024652481079,1037.1000594571233,0.0,4817.29248046875,7060.0,80.96808547095861
2269,2.649528980255127,1275.4596505835652,0.0,4817.29248046875,7060.0,81.00211642496288
2270,0.7314224243164062,751.3062045844272,0.0,4817.29248046875,7060.0,81.03596281295177
2271,2.424969434738159,952.122372996062,0.0,4817.29248046875,7060.0,81.06984965899028
2272,1.6812163591384888,1207.8490046933293,0.0,4817.29248046875,7060.0,81.10374850197695
2273,1.4839824438095093,1039.3012361750007,0.0,4817.29248046875,7060.0,81.13765242090449
2274,1.441933274269104,861.1869671046734,0.0,4817.29248046875,7060.0,81.17156910989434
2275,1.8580085039138794,1086.0078550502658,0.0,4817.29248046875,7060.0,81.20556402695365
2276,2.238783836364746,921.1358610503376,0.0,4817.29248046875,7060.0,81.23944164789282
2277,2.0433497428894043,1078.0908601768315,0.0,4817.29248046875,7060.0,81.2734093539184
2278,1.5255165100097656,821.5892041325569,0.0,4817.29248046875,7060.0,81.30728125490714
2279,2.6026320457458496,1866.171423342079,0.0,4817.29248046875,7060.0,81.3412403149996
2280,1.714231014251709,773.2186771314591,0.0,4817.29248046875,7060.0,81.37520242994651
2281,1.7437173128128052,989.6201368644834,0.0,4817.29248046875,7060.0,81.40923493891023
2282,2.169001340866089,1058.759635657072,0.0,4817.29248046875,7060.0,81.44319848890882
2283,1.5809534788131714,606.7661901954561,0.0,4817.29248046875,7060.0,81.47711719898507
2284,2.7031424045562744,882.0451209619641,0.0,4817.29248046875,7060.0,81.51103727088775
2285,2.843902826309204,1155.5664335303009,0.0,4817.29248046875,7060.0,81.5450132379774
2286,1.1978833675384521,849.0144630167633,0.0,4817.29248046875,7060.0,81.57891715795267
2287,2.684910774230957,750.5793749913573,0.0,4817.29248046875,7060.0,81.61280607490335
2288,1.820454478263855,800.0097458939999,0.0,4817.29248046875,7060.0,81.64681287296116
2289,1.0748300552368164,1029.128111962229,0.0,4817.29248046875,7060.0,81.6807480789721
2290,2.1240625381469727,929.9874988645315,0.0,4817.29248046875,7060.0,81.71468579990324
2291,2.518778085708618,785.0640509929508,0.0,4817.29248046875,7060.0,81.74861315998714
2292,2.0306105613708496,812.2138684112579,0.0,4817.29248046875,7060.0,81.78250568395015
2293,0.7334660291671753,757.8176185768098,0.0,4817.29248046875,7060.0,81.81651337991934
2294,2.5082473754882812,1272.3994945064187,0.0,4817.29248046875,7060.0,81.85053698392585
2295,3.7880752086639404,1036.8336042165756,0.0,4817.29248046875,7060.0,81.88446313689929
2296,1.1775537729263306,956.9577706493437,0.0,4817.29248046875,7060.0,81.91842967399862
2297,2.309319019317627,754.2858540639281,0.0,4817.29248046875,7060.0,81.95267015800346
2298,2.2309982776641846,1095.9024115875363,0.0,4817.29248046875,7060.0,81.9865892539965
2299,2.4086337089538574,671.8924350999296,0.0,4817.29248046875,7060.0,82.02053233794868
2300,2.1271047592163086,948.4150796476752,0.0,4817.29248046875,7060.0,82.05447738291696
2301,2.7115375995635986,668.1775150299072,0.0,4817.29248046875,7060.0,82.0886981949443
2302,1.803693175315857,906.475050713867,0.0,4817.29248046875,7060.0,82.12263409595471
2303,3.249371290206909,1446.5928492546082,0.0,4817.29248046875,7060.0,82.15640928188805
2304,1.481715440750122,1373.4486933797598,0.0,4817.29248046875,7060.0,82.1904455369804
2305,1.8785516023635864,838.1667744740844,0.0,4817.29248046875,7060.0,82.22485753695946
2306,1.621826410293579,793.7027702722698,0.0,4817.29248046875,7060.0,82.25898610393051
2307,1.311119556427002,998.9183812178671,0.0,4817.29248046875,7060.0,82.29299465194345
2308,2.6619696617126465,1384.2418385148048,0.0,4817.29248046875,7060.0,82.32693080394529
2309,1.3931257724761963,1007.0852811411023,0.0,4817.29248046875,7060.0,82.36093743192032
2310,2.208052635192871,1302.0114631205797,0.0,4817.29248046875,7060.0,82.39492313389201
2311,2.630776882171631,1000.019054107368,0.0,4817.29248046875,7060.0,82.42906140198465
2312,2.6983065605163574,1086.4256091304123,0.0,4817.29248046875,7060.0,82.46304852096364
2313,2.121694803237915,1059.2283785361797,0.0,4817.29248046875,7060.0,82.49698845099192
2314,3.261770248413086,2488.608253143728,0.0,4817.29248046875,7060.0,82.53085202991497
2315,3.694101572036743,933.7175914719701,0.0,4817.29248046875,7060.0,82.56490508595016
2316,1.9254189729690552,695.5355303287506,0.0,4817.29248046875,7060.0,82.59895076195244
2317,1.941265344619751,1042.0219860039651,0.0,4817.29248046875,7060.0,82.6329453609651
2318,2.602158308029175,901.4566148202866,0.0,4817.29248046875,7060.0,82.66695434798021
2319,2.3048646450042725,1264.4783190004528,0.0,4817.29248046875,7060.0,82.70077797898557
2320,2.8620643615722656,906.780052408576,0.0,4817.29248046875,7060.0,82.73478125489783
2321,2.2020039558410645,677.7003645133227,0.0,4817.29248046875,7060.0,82.76879104890395
2322,1.1357072591781616,1019.6806349437684,0.0,4817.29248046875,7060.0,82.80272261798382
2323,2.65903377532959,1185.5502515025437,0.0,4817.29248046875,7060.0,82.83670503599569
2324,1.1549313068389893,1016.6848051846027,0.0,4817.29248046875,7060.0,82.87068141298369
2325,1.9935314655303955,1153.2793438695371,0.0,4817.29248046875,7060.0,82.9045563529944
2326,1.082915186882019,679.8768929475918,0.0,4817.29248046875,7060.0,82.9386182349408
2327,1.2583744525909424,792.5966256186366,0.0,4817.29248046875,7060.0,82.97257764299866
2328,2.4464144706726074,989.4155028574169,0.0,4817.29248046875,7060.0,83.00645014399197
2329,2.190338134765625,1074.7988666146994,0.0,4817.29248046875,7060.0,83.04043085197918
2330,2.274790048599243,1277.597475193441,0.0,4817.29248046875,7060.0,83.07428001391236
2331,1.3918577432632446,632.6063355673105,0.0,4817.29248046875,7060.0,83.1082972768927
2332,1.4902021884918213,785.3601057641208,0.0,4817.29248046875,7060.0,83.14233091892675
2333,2.7855241298675537,1228.977772988379,0.0,4817.29248046875,7060.0,83.24212361790705
2334,2.517061948776245,1008.1939503028989,0.0,4817.29248046875,7060.0,83.27674506092444
2335,3.54681396484375,1357.8758987560868,0.0,4817.29248046875,7060.0,83.31058113090694
2336,2.790189027786255,958.2399113252759,0.0,4817.29248046875,7060.0,83.3446384689305
2337,1.8705470561981201,745.4065672140568,0.0,4817.29248046875,7060.0,83.37863070599269
2338,1.1894046068191528,899.9885233417153,0.0,4817.29248046875,7060.0,83.41262223396916
2339,1.8367329835891724,740.1384586766362,0.0,4817.29248046875,7060.0,83.4467061359901
2340,1.561432123184204,1201.4523470625281,0.0,4817.29248046875,7060.0,83.48065054090694
2341,0.9846664071083069,1067.442816350609,0.0,4817.29248046875,7060.0,83.51447054394521
2342,1.7498326301574707,828.4260682538152,0.0,4817.29248046875,7060.0,83.54846952296793
2343,2.8395235538482666,903.4349135458469,0.0,4817.29248046875,7060.0,83.58244191890117
2344,1.7929905652999878,870.8280187249184,0.0,4817.29248046875,7060.0,83.61640502489172
2345,2.2326314449310303,1118.993466310203,0.0,4817.29248046875,7060.0,83.65035447792616
2346,1.796821117401123,904.8216709773988,0.0,4817.29248046875,7060.0,83.68437534198165
2347,2.63259220123291,1098.6656221747398,0.0,4817.29248046875,7060.0,83.71832708199508
2348,1.9658832550048828,1251.1590491570532,0.0,4817.29248046875,7060.0,83.75231852394063
2349,1.6980977058410645,1092.4026149101555,0.0,4817.29248046875,7060.0,83.78625426290091
2350,2.5956969261169434,1086.4455695077777,0.0,4817.29248046875,7060.0,83.82025766489096
2351,2.2967302799224854,899.2547635249794,0.0,4817.29248046875,7060.0,83.85427618492395
2352,1.5176901817321777,823.4237616248429,0.0,4817.29248046875,7060.0,83.88821166392881
2353,1.1883149147033691,751.9176778197289,0.0,4817.29248046875,7060.0,83.92227521690074
2354,1.7718535661697388,910.7546598352492,0.0,4817.29248046875,7060.0,83.95638282690197
2355,2.702970504760742,936.6748940348625,0.0,4817.29248046875,7060.0,83.99032992590219
2356,3.412555456161499,995.1035223156214,0.0,4817.29248046875,7060.0,84.02444927499164
2357,2.1633031368255615,776.6874348856509,0.0,4817.29248046875,7060.0,84.05713639396708
2358,1.962033748626709,932.3939308002591,0.0,4817.29248046875,7060.0,84.09105705993716
2359,1.2994160652160645,1095.9745521508157,0.0,4817.29248046875,7060.0,84.12503948691301
2360,3.18804931640625,961.2068616170436,0.0,4817.29248046875,7060.0,84.1590319488896
2361,2.1131558418273926,871.969090167433,0.0,4817.29248046875,7060.0,84.19308385089971
2362,1.0157814025878906,978.0409854035825,0.0,4817.29248046875,7060.0,84.22708352596965
2363,3.2627131938934326,1079.539422530681,0.0,4817.29248046875,7060.0,84.2613853958901
2364,1.34811270236969,924.4404269717634,0.0,4817.29248046875,7060.0,84.29534092999529
2365,2.5062177181243896,963.3720369935036,0.0,4817.29248046875,7060.0,84.32938248990104
2366,1.8365612030029297,876.0487295724452,0.0,4817.29248046875,7060.0,84.36318825290073
2367,1.6387197971343994,883.4101855307817,0.0,4817.29248046875,7060.0,84.39708414289635
2368,2.2679495811462402,907.2259246297181,0.0,4817.29248046875,7060.0,84.43117704091128
2369,1.614126205444336,781.0514279585332,0.0,4817.29248046875,7060.0,84.4651888019871
2370,2.1979808807373047,1104.6861564144492,0.0,4817.29248046875,7060.0,84.49901319597848
2371,0.9395379424095154,760.0956308953464,0.0,4817.29248046875,7060.0,84.53295388293918
2372,1.9000911712646484,687.6664681695402,0.0,4817.29248046875,7060.0,84.56689640891273
2373,2.0594732761383057,1146.9538670927286,0.0,4817.29248046875,7060.0,84.60095787700266
2374,1.0401637554168701,830.4917221404612,0.0,4817.29248046875,7060.0,84.6349015799351
2375,1.4057602882385254,685.4931133817881,0.0,4817.29248046875,7060.0,84.6688687329879
2376,3.6964282989501953,991.5816897321492,0.0,4817.29248046875,7060.0,84.70270882500336
2377,1.6080561876296997,789.7587947454304,0.0,4817.29248046875,7060.0,84.73672073998023
2378,3.646505355834961,1063.4460372123867,0.0,4817.29248046875,7060.0,84.77057961688843
2379,1.4605271816253662,732.8227871358395,0.0,4817.29248046875,7060.0,84.80451268795878
2380,2.498967170715332,874.2999388501048,0.0,4817.29248046875,7060.0,84.83847165293992
2381,1.5927022695541382,947.802876431495,0.0,4817.29248046875,7060.0,84.87240798189305
2382,2.0106124877929688,788.3092250414193,0.0,4817.29248046875,7060.0,84.90623312897515
2383,1.5458192825317383,795.3521820865571,0.0,4817.29248046875,7060.0,84.94027059397195
2384,2.438758134841919,915.1780928224325,0.0,4817.29248046875,7060.0,84.9742426899029
2385,3.4715871810913086,965.6650277450681,0.0,4817.29248046875,7060.0,85.00802842597477
2386,2.093437433242798,684.9726118557155,0.0,4817.29248046875,7060.0,85.04197092691902
2387,1.2493255138397217,917.0364172589034,0.0,4817.29248046875,7060.0,85.07591083599254
2388,2.066626787185669,827.2210884392262,0.0,4817.29248046875,7060.0,85.10982832999434
2389,1.040941596031189,748.659478019923,0.0,4817.29248046875,7060.0,85.14380939688999
2390,1.9572488069534302,994.5465878173709,0.0,4817.29248046875,7060.0,85.17769681091886
2391,3.2395706176757812,1251.3917040750384,0.0,4817.29248046875,7060.0,85.21151421789546
2392,2.54913592338562,881.4631057493389,0.0,4817.29248046875,7060.0,85.24568840989377
2393,1.2981027364730835,889.3351681269705,0.0,4817.29248046875,7060.0,85.27965686097741
2394,1.241835355758667,1242.8597021140158,0.0,4817.29248046875,7060.0,85.31362812989391
2395,1.9269840717315674,991.8004446327686,0.0,4817.29248046875,7060.0,85.34750195790548
2396,2.7651031017303467,820.5061088595539,0.0,4817.29248046875,7060.0,85.38165650400333
2397,2.3919296264648438,1306.3318582549691,0.0,4817.29248046875,7060.0,85.41599076392595
2398,3.0256898403167725,991.5088846310973,0.0,4817.29248046875,7060.0,85.4499612909276
2399,1.9778908491134644,988.262646863237,0.0,4817.29248046875,7060.0,85.48394998488948
2400,2.1248602867126465,699.5005445554852,0.0,4817.29248046875,7060.0,85.51793794997502
2401,2.092409610748291,908.1327992640436,0.0,4817.29248046875,7060.0,85.55196009296924
2402,2.439662456512451,1146.08383173123,0.0,4817.29248046875,7060.0,85.58616745297331
2403,1.5934536457061768,923.2614223938435,0.0,4817.29248046875,7060.0,85.62018961692229
2404,2.2427778244018555,1331.341689646244,0.0,4817.29248046875,7060.0,85.65411881089676
2405,1.494513750076294,813.6960527673364,0.0,4817.29248046875,7060.0,85.68798158597201
2406,1.2551875114440918,734.0155388899148,0.0,4817.29248046875,7060.0,85.72188242990524
2407,2.1740500926971436,1122.9015037119389,0.0,4817.29248046875,7060.0,85.75583653897047
2408,2.326254367828369,1233.087484717369,0.0,4817.29248046875,7060.0,85.78983778995462
2409,1.9542875289916992,802.419034909457,0.0,4817.29248046875,7060.0,85.82374329690356
2410,2.8774807453155518,1014.7855604961514,0.0,4817.29248046875,7060.0,85.85770353092812
2411,4.04417085647583,1265.7486342303455,0.0,4817.29248046875,7060.0,85.89166775997728
2412,1.010180115699768,701.5868827290833,0.0,4817.29248046875,7060.0,85.92566468997393
2413,0.5791274309158325,829.7875675447285,0.0,4817.29248046875,7060.0,85.9596829849761
2414,1.5927938222885132,682.825897756964,0.0,4817.29248046875,7060.0,85.99371752189472
2415,2.700042963027954,1212.5404364801943,0.0,4817.29248046875,7060.0,86.02757560799364
2416,2.452296733856201,1253.2530455961823,0.0,4817.29248046875,7060.0,86.06149944895878
2417,2.4176909923553467,814.834355937317,0.0,4817.29248046875,7060.0,86.09546994999982
2418,2.789116859436035,903.7289744094014,0.0,4817.29248046875,7060.0,86.1294565598946
2419,2.721141815185547,828.0430674627423,0.0,4817.29248046875,7060.0,86.16333895991556
2420,1.351708173751831,1259.3397914133966,0.0,4817.29248046875,7060.0,86.19720451789908
2421,1.684845209121704,905.8356679752469,0.0,4817.29248046875,7060.0,86.23108339693863
2422,1.93752121925354,756.9684471823275,0.0,4817.29248046875,7060.0,86.26501114899293
2423,1.3919742107391357,760.5204939581454,0.0,4817.29248046875,7060.0,86.29894598689862
2424,1.5625262260437012,752.8322285413742,0.0,4817.29248046875,7060.0,86.33298614097293
2425,1.6963015794754028,754.8054957129061,0.0,4817.29248046875,7060.0,86.3669069398893
2426,1.640814185142517,926.1920214425772,0.0,4817.29248046875,7060.0,86.4009043709375
2427,1.376521110534668,858.4572056271136,0.0,4817.29248046875,7060.0,86.43496173596941
2428,1.907294511795044,1253.402735158801,0.0,4817.29248046875,7060.0,86.4689629758941
2429,1.5278054475784302,988.7979903146625,0.0,4817.29248046875,7060.0,86.50297227094416
2430,3.115313768386841,955.1128244940192,0.0,4817.29248046875,7060.0,86.53712440794334
2431,2.0595314502716064,1122.6683169603348,0.0,4817.29248046875,7060.0,86.57103633496445
2432,2.4905645847320557,1297.465454146266,0.0,4817.29248046875,7060.0,86.60498875100166
2433,2.2924087047576904,1157.3232566192746,0.0,4817.29248046875,7060.0,86.63894454797264
2434,1.895823359489441,936.7294107526541,0.0,4817.29248046875,7060.0,86.6729186589364
2435,2.5049476623535156,1054.7166078686714,0.0,4817.29248046875,7060.0,86.70676262793131
2436,0.9844790101051331,684.2509725391865,0.0,4817.29248046875,7060.0,86.7407239129534
2437,1.4221372604370117,988.2288318350911,0.0,4817.29248046875,7060.0,86.77474095893558
2438,2.053394079208374,819.2252240590751,0.0,4817.29248046875,7060.0,86.8089970969595
2439,2.616480827331543,1160.2133152969182,0.0,4817.29248046875,7060.0,86.84296359994914
2440,1.9077128171920776,834.0216271542013,0.0,4817.29248046875,7060.0,86.8769549409626
2441,2.529324769973755,1264.7671847343445,0.0,4817.29248046875,7060.0,86.91081195592415
2442,1.975386142730713,756.8338603228331,0.0,4817.29248046875,7060.0,86.9448047199985
2443,2.514592170715332,756.3207619227469,0.0,4817.29248046875,7060.0,86.97878266999032
2444,3.366687536239624,925.8654197957367,0.0,4817.29248046875,7060.0,87.01284055493306
2445,0.6714254021644592,749.7751148436219,0.0,4817.29248046875,7060.0,87.04672253795434
2446,2.5297460556030273,938.7828830592334,0.0,4817.29248046875,7060.0,87.08071324694902
2447,1.2783894538879395,762.9929684661329,0.0,4817.29248046875,7060.0,87.11463719594758
2448,3.0710489749908447,1310.2151840776205,0.0,4817.29248046875,7060.0,87.14851207891479
2449,3.8453235626220703,1063.5437398962677,0.0,4817.29248046875,7060.0,87.1823466148926
2450,3.480710744857788,1206.6397155486047,0.0,4817.29248046875,7060.0,87.21631711290684
2451,1.8174498081207275,823.2708839401603,0.0,4817.29248046875,7060.0,87.25030286493711
2452,3.187110424041748,1177.2974840849638,0.0,4817.29248046875,7060.0,87.28407824097667
2453,1.8937796354293823,1209.3469427004457,0.0,4817.29248046875,7060.0,87.31798999896273
2454,1.9223603010177612,1106.1282149292529,0.0,4817.29248046875,7060.0,87.35195672395639
2455,2.552433490753174,1077.9887974373996,0.0,4817.29248046875,7060.0,87.38573050592095
2456,1.9721742868423462,1142.7556544356048,0.0,4817.29248046875,7060.0,87.41973748791497
2457,2.8835268020629883,3058.2622397318482,0.0,4817.29248046875,7060.0,87.4534609519178
2458,4.337174892425537,1581.1695982068777,0.0,4817.29248046875,7060.0,87.4874037199188
2459,1.4643125534057617,1488.7249600663781,0.0,4817.29248046875,7060.0,87.5212394229602
2460,1.9209450483322144,771.2811008840799,0.0,4817.29248046875,7060.0,87.55532548599876
2461,2.0654544830322266,1143.9466263353825,0.0,4817.29248046875,7060.0,87.58920149994083
2462,1.565263271331787,1384.129674822092,0.0,4817.29248046875,7060.0,87.62307473493274
2463,1.0838438272476196,916.6593869607896,0.0,4817.29248046875,7060.0,87.65712965792045
2464,2.5334560871124268,1793.914851501584,0.0,4817.29248046875,7060.0,87.69105443591252
2465,1.7942928075790405,1329.095488704741,0.0,4817.29248046875,7060.0,87.72493239992764
2466,2.8382692337036133,1033.6185968201607,0.0,4817.29248046875,7060.0,87.7588650349062
2467,1.2387723922729492,954.4573108311743,0.0,4817.29248046875,7060.0,87.79280101996846
2468,2.314012289047241,752.4385180845857,0.0,4817.29248046875,7060.0,87.82670251990203
2469,1.682268738746643,1462.4457983076572,0.0,4817.29248046875,7060.0,87.86048655991908
2470,3.2107951641082764,1489.566314253956,0.0,4817.29248046875,7060.0,87.89460937900003
2471,3.0379295349121094,1091.863140642643,0.0,4817.29248046875,7060.0,87.92853535397444
2472,1.7805395126342773,1110.9863819815218,0.0,4817.29248046875,7060.0,87.96261307096574
2473,1.3336824178695679,1140.1751103773713,0.0,4817.29248046875,7060.0,87.99659042200074
2474,1.7449616193771362,842.3027831315994,0.0,4817.29248046875,7060.0,88.03055519494228
2475,3.4029014110565186,935.8122488334775,0.0,4817.29248046875,7060.0,88.06436476693489
2476,1.6402628421783447,917.0467802397907,0.0,4817.29248046875,7060.0,88.09839442989323
2477,2.1522083282470703,1000.9570478498936,0.0,4817.29248046875,7060.0,88.13227961095981
2478,2.030202865600586,1039.6224841903895,0.0,4817.29248046875,7060.0,88.1663741589291
2479,2.152524471282959,768.2091892659664,0.0,4817.29248046875,7060.0,88.20033368596341
2480,2.7887024879455566,933.5402805656195,0.0,4817.29248046875,7060.0,88.23453562497161
2481,2.5403707027435303,1064.6318703368306,0.0,4817.29248046875,7060.0,88.26869836088736
2482,1.8887211084365845,972.3196643590927,0.0,4817.29248046875,7060.0,88.30268642189912
2483,2.3276913166046143,1072.7207819148898,0.0,4817.29248046875,7060.0,88.33668335189577
2484,1.0593551397323608,764.9830513950437,0.0,4817.29248046875,7060.0,88.3705384049099
2485,1.1491807699203491,885.9684270918369,0.0,4817.29248046875,7060.0,88.40439597493969
2486,0.9731502532958984,816.03070320189,0.0,4817.29248046875,7060.0,88.43837553798221
2487,3.1673777103424072,1247.0393346995115,0.0,4817.29248046875,7060.0,88.47227382392157
2488,1.714882731437683,723.3481452893466,0.0,4817.29248046875,7060.0,88.50626276491676
2489,5.178891181945801,1028.465015720576,0.0,4817.29248046875,7060.0,88.54008932691067
2490,2.079324722290039,1101.728198658675,0.0,4817.29248046875,7060.0,88.57403577794321
2491,1.3934037685394287,756.9695958048105,0.0,4817.29248046875,7060.0,88.60799296793994
2492,2.230462074279785,990.8209330402315,0.0,4817.29248046875,7060.0,88.64223082188983
2493,3.420661449432373,1027.28895688802,0.0,4817.29248046875,7060.0,88.67617453297134
2494,1.5527898073196411,972.8656689226627,0.0,4817.29248046875,7060.0,88.710166996927
2495,2.548034906387329,747.2336092181504,0.0,4817.29248046875,7060.0,88.74412973190192
2496,1.9261279106140137,956.5790871605277,0.0,4817.29248046875,7060.0,88.77809259993955
2497,1.7392148971557617,708.768794208765,0.0,4817.29248046875,7060.0,88.81205103092361
2498,2.829324960708618,1000.4775137491524,0.0,4817.29248046875,7060.0,88.8463176129153
2499,1.4535815715789795,768.5811636522412,0.0,4817.29248046875,7060.0,88.88030868594069
2500,3.195441961288452,1038.548998720944,0.0,4817.29248046875,7060.0,88.91419962991495
2501,2.9771740436553955,1022.7451201826334,0.0,4817.29248046875,7060.0,88.94830082694534
2502,1.176122784614563,958.8085439391434,0.0,4817.29248046875,7060.0,88.98230431391858
2503,1.2326502799987793,1113.4617511704564,0.0,4817.29248046875,7060.0,89.01616670191288
2504,1.9786009788513184,1083.9414250031114,0.0,4817.29248046875,7060.0,89.05007456999738
2505,1.3917701244354248,777.8664937661961,0.0,4817.29248046875,7060.0,89.0840175729245
2506,2.713338613510132,799.0622212290764,0.0,4817.29248046875,7060.0,89.1179878639523
2507,3.6826813220977783,1196.7656699568033,0.0,4817.29248046875,7060.0,89.15205163694918
2508,2.2415332794189453,1008.5005312040448,0.0,4817.29248046875,7060.0,89.1859767199494
2509,2.4354946613311768,885.5041195675731,0.0,4817.29248046875,7060.0,89.21981389296707
2510,1.4525796175003052,931.8697979077697,0.0,4817.29248046875,7060.0,89.25379227695521
2511,1.5048484802246094,773.5367283727974,0.0,4817.29248046875,7060.0,89.28770866699051
2512,1.7835242748260498,884.6167375408113,0.0,4817.29248046875,7060.0,89.32169333589263
2513,2.1886484622955322,1183.3025398775935,0.0,4817.29248046875,7060.0,89.35559975693468
2514,2.436476469039917,1098.3802147358656,0.0,4817.29248046875,7060.0,89.38952884997707
2515,1.6533246040344238,861.991214800626,0.0,4817.29248046875,7060.0,89.42354522598907
2516,0.7103981375694275,835.9159020408988,0.0,4817.29248046875,7060.0,89.45753232389688
2517,1.9876596927642822,875.4523767232895,0.0,4817.29248046875,7060.0,89.49149635399226
2518,3.6185684204101562,1048.0046829804778,0.0,4817.29248046875,7060.0,89.52536900097039
2519,2.8916497230529785,1131.882544849068,0.0,4817.29248046875,7060.0,89.55929086590186
2520,1.1483514308929443,976.8076981976628,0.0,4817.29248046875,7060.0,89.59316072089132
2521,2.90762996673584,1205.3063159957528,0.0,4817.29248046875,7060.0,89.62698081694543
2522,1.8604284524917603,1117.400093831122,0.0,4817.29248046875,7060.0,89.66093648399692
2523,1.8488454818725586,1117.4908753596246,0.0,4817.29248046875,7060.0,89.69475734897424
2524,2.4659626483917236,897.9344541281462,0.0,4817.29248046875,7060.0,89.72870999400038
2525,2.0996432304382324,826.364880990237,0.0,4817.29248046875,7060.0,89.76263154589105
2526,4.164770603179932,2244.661154180765,0.0,4817.29248046875,7060.0,89.79646228195634
2527,2.528076410293579,1283.1976869814098,0.0,4817.29248046875,7060.0,89.83042640192434
2528,2.638551712036133,1096.0445604100823,0.0,4817.29248046875,7060.0,89.8642630300019
2529,2.4415547847747803,1825.3608983010054,0.0,4817.29248046875,7060.0,89.89823345292825
2530,2.5895323753356934,1169.0402714274824,0.0,4817.29248046875,7060.0,89.93213131895754
2531,1.3817375898361206,1022.9883476234972,0.0,4817.29248046875,7060.0,89.96613904589321
2532,1.6914933919906616,1113.2544697951525,0.0,4817.29248046875,7060.0,90.0000223859679
2533,2.22295880317688,1074.7430951595306,0.0,4817.29248046875,7060.0,90.03397726698313
2534,1.1363919973373413,1000.3379488289356,0.0,4817.29248046875,7060.0,90.06796223297715
2535,1.424038290977478,1251.7736170068383,0.0,4817.29248046875,7060.0,90.10193684592377
2536,2.14689564704895,927.6944208443165,0.0,4817.29248046875,7060.0,90.13577741198242
2537,1.4837716817855835,818.5857546068728,0.0,4817.29248046875,7060.0,90.1697646639077
2538,1.0387848615646362,669.3684337530285,0.0,4817.29248046875,7060.0,90.20376910991035
2539,1.871414065361023,932.7818929590285,0.0,4817.29248046875,7060.0,90.2377539719455
2540,1.9627832174301147,1068.5418798215687,0.0,4817.29248046875,7060.0,90.27166165993549
2541,1.1025665998458862,854.2863540872931,0.0,4817.29248046875,7060.0,90.3055836049607
2542,1.7218616008758545,1098.3865977935493,0.0,4817.29248046875,7060.0,90.33946695190389
2543,1.9875293970108032,981.2143644355237,0.0,4817.29248046875,7060.0,90.37335601891391
2544,1.7248730659484863,788.1383557915688,0.0,4817.29248046875,7060.0,90.40732622391079
2545,3.532322883605957,1285.1852403841913,0.0,4817.29248046875,7060.0,90.44125855399761
2546,2.5657503604888916,718.8701227903366,0.0,4817.29248046875,7060.0,90.47522026195657
2547,1.415560245513916,873.7681180089712,0.0,4817.29248046875,7060.0,90.50917892798316
2548,2.186556339263916,1094.3633433431387,0.0,4817.29248046875,7060.0,90.54311458091252
2549,1.744204044342041,1203.2387215197086,0.0,4817.29248046875,7060.0,90.57709975389298
2550,1.3980883359909058,925.4873113241047,0.0,4817.29248046875,7060.0,90.61102405295242
2551,1.8673510551452637,1205.6312609054148,0.0,4817.29248046875,7060.0,90.64507013489492
2552,2.7359633445739746,931.8520631678402,0.0,4817.29248046875,7060.0,90.67889361199923
2553,1.8281886577606201,1368.4123717546463,0.0,4817.29248046875,7060.0,90.71294771891553
2554,1.404649019241333,1055.5007896199822,0.0,4817.29248046875,7060.0,90.74693113495596
2555,1.696489930152893,762.4093261398375,0.0,4817.29248046875,7060.0,90.78075832989998
2556,2.823129653930664,1126.0400640144944,0.0,4817.29248046875,7060.0,90.8146941649029
2557,1.738387942314148,831.7304360345006,0.0,4817.29248046875,7060.0,90.84869371098466
2558,0.9291117787361145,1070.6595331951976,0.0,4817.29248046875,7060.0,90.8826494179666
2559,3.6157145500183105,1098.395800050348,0.0,4817.29248046875,7060.0,90.91659078688826
2560,1.0501430034637451,804.4353771675378,0.0,4817.29248046875,7060.0,90.9506916779792
2561,1.558428406715393,935.4039563089609,0.0,4817.29248046875,7060.0,90.98475461499766
2562,1.351596474647522,694.5296313278377,0.0,4817.29248046875,7060.0,91.0186105578905
2563,2.5021936893463135,814.6338709108531,0.0,4817.29248046875,7060.0,91.0524677518988
2564,2.5261409282684326,861.817251201719,0.0,4817.29248046875,7060.0,91.08642475598026
2565,2.0062921047210693,1138.4122237227857,0.0,4817.29248046875,7060.0,91.12038029090036
2566,2.2168285846710205,1279.2642975449562,0.0,4817.29248046875,7060.0,91.15440389199648
2567,2.904548406600952,967.5128071717918,0.0,4817.29248046875,7060.0,91.18852862494532
2568,0.7188900709152222,1065.6253423448652,0.0,4817.29248046875,7060.0,91.2226442459505
2569,1.277675747871399,1283.1469387188554,0.0,4817.29248046875,7060.0,91.25691396393813
2570,2.4474828243255615,519.8790599666536,0.0,4817.29248046875,7060.0,91.29111030697823
2571,1.87147855758667,1026.249855235219,0.0,4817.29248046875,7060.0,91.32501943199895
2572,1.2537245750427246,919.8004706725478,0.0,4817.29248046875,7060.0,91.35895739588886
2573,2.3465139865875244,889.7968350835145,0.0,4817.29248046875,7060.0,91.39317141997162
2574,1.8086622953414917,1346.5140895545483,0.0,4817.29248046875,7060.0,91.42704564589076
2575,1.0881789922714233,908.885894574225,0.0,4817.29248046875,7060.0,91.46111898496747
2576,3.35593581199646,1030.8001654967666,0.0,4817.29248046875,7060.0,91.49499051389284
2577,4.373031139373779,859.7141578327864,0.0,4817.29248046875,7060.0,91.52897839795332
2578,1.1330218315124512,694.6881492957473,0.0,4817.29248046875,7060.0,91.56290311994962
2579,2.79765248298645,951.1076490022242,0.0,4817.29248046875,7060.0,91.59715683490504
2580,2.1707088947296143,851.0805673673749,0.0,4817.29248046875,7060.0,91.63107103889342
2581,4.59096622467041,1167.3392536295578,0.0,4817.29248046875,7060.0,91.66500745795202
2582,1.6607869863510132,723.4663474746048,0.0,4817.29248046875,7060.0,91.69897589599714
2583,1.137641191482544,864.2984042912722,0.0,4817.29248046875,7060.0,91.73291362496093
2584,1.3971463441848755,753.2296990081668,0.0,4817.29248046875,7060.0,91.76689002499916
2585,2.66870379447937,1149.323127143085,0.0,4817.29248046875,7060.0,91.8010856868932
2586,2.042546033859253,1210.8772469200194,0.0,4817.29248046875,7060.0,91.83496125391684
2587,1.5888174772262573,751.0148793179542,0.0,4817.29248046875,7060.0,91.86879511189181
2588,2.2690188884735107,1060.230783201754,0.0,4817.29248046875,7060.0,91.90266671392601
2589,1.8172672986984253,974.2407249845564,0.0,4817.29248046875,7060.0,91.93659357097931
2590,2.074009418487549,1158.568009212613,0.0,4817.29248046875,7060.0,91.97064971993677
2591,1.6376800537109375,940.6686584055424,0.0,4817.29248046875,7060.0,92.00458885892294
2592,1.4514753818511963,1325.68031873554,0.0,4817.29248046875,7060.0,92.03844613593537
2593,1.6651966571807861,702.3582149408758,0.0,4817.29248046875,7060.0,92.07243253092747
2594,2.8027665615081787,895.9055409897119,0.0,4817.29248046875,7060.0,92.10651619790588
2595,1.5734751224517822,1260.073315411806,0.0,4817.29248046875,7060.0,92.14054381591268
2596,1.2567462921142578,705.6870601736009,0.0,4817.29248046875,7060.0,92.17456646892242
2597,2.398221015930176,751.6734178587794,0.0,4817.29248046875,7060.0,92.20871198398527
2598,3.010770797729492,1096.2573779933155,0.0,4817.29248046875,7060.0,92.24270442291163
2599,1.0086878538131714,1186.176983524114,0.0,4817.29248046875,7060.0,92.27649677894078
2600,0.8834415078163147,624.2736211381853,0.0,4817.29248046875,7060.0,92.31044826097786
2601,1.2708332538604736,710.5580528005958,0.0,4817.29248046875,7060.0,92.34445648198016
2602,1.5884546041488647,769.0732149202377,0.0,4817.29248046875,7060.0,92.37837335595395
2603,0.9989796280860901,951.0810573967174,0.0,4817.29248046875,7060.0,92.41229181399103
2604,2.0254909992218018,759.955156095326,0.0,4817.29248046875,7060.0,92.4463174889097
2605,1.5121322870254517,708.790139388293,0.0,4817.29248046875,7060.0,92.48031810997054
2606,1.439468264579773,922.3618153780699,0.0,4817.29248046875,7060.0,92.51434031897224
2607,2.2704017162323,1222.0104462653399,0.0,4817.29248046875,7060.0,92.54817520291544
2608,0.6346297264099121,843.1918405238539,0.0,4817.29248046875,7060.0,92.58216949691996
2609,1.6492384672164917,1025.0695590097457,0.0,4817.29248046875,7060.0,92.6164304818958
2610,2.893214225769043,883.8750717826188,0.0,4817.29248046875,7060.0,92.6505098809721
2611,1.6300809383392334,1016.2988923303783,0.0,4817.29248046875,7060.0,92.68455508397892
2612,2.420286178588867,1057.4908537827432,0.0,4817.29248046875,7060.0,92.71851889393292
2613,2.666196346282959,999.3216377049685,0.0,4817.29248046875,7060.0,92.75234157999512
2614,2.0629677772521973,1435.5149905383587,0.0,4817.29248046875,7060.0,92.78627251589205
2615,2.8570189476013184,1031.6465459428728,0.0,4817.29248046875,7060.0,92.82019486499485
2616,1.2570903301239014,931.1566401049495,0.0,4817.29248046875,7060.0,92.85416297195479
2617,2.1030471324920654,931.5998937599361,0.0,4817.29248046875,7060.0,92.8881263139192
2618,2.243238687515259,1171.285736668855,0.0,4817.29248046875,7060.0,92.92248413991183
2619,1.8279335498809814,805.2901814784855,0.0,4817.29248046875,7060.0,92.95660894690081
2620,1.371687412261963,814.6979481372982,0.0,4817.29248046875,7060.0,92.99069658492226
2621,2.6249938011169434,786.66317284666,0.0,4817.29248046875,7060.0,93.0246533639729
2622,1.5800234079360962,890.7991464175284,0.0,4817.29248046875,7060.0,93.05854568490759
2623,1.552449345588684,942.0493964292109,0.0,4817.29248046875,7060.0,93.0925162769854
2624,2.632631778717041,1405.9655035212636,0.0,4817.29248046875,7060.0,93.12633856898174
2625,2.3250138759613037,760.6429231036454,0.0,4817.29248046875,7060.0,93.16049750091042
2626,2.9523937702178955,1026.415999919176,0.0,4817.29248046875,7060.0,93.19456965394784
2627,1.7959550619125366,770.1601862665266,0.0,4817.29248046875,7060.0,93.22873716894537
2628,1.104107141494751,846.3292772714049,0.0,4817.29248046875,7060.0,93.26267531688791
2629,1.6905148029327393,920.017920807004,0.0,4817.29248046875,7060.0,93.29662738391198
2630,1.49704909324646,786.2720383405685,0.0,4817.29248046875,7060.0,93.33043815789279
2631,1.3589071035385132,851.6805838309228,0.0,4817.29248046875,7060.0,93.36436959495768
2632,1.6491262912750244,848.402737673372,0.0,4817.29248046875,7060.0,93.3982906669844
2633,1.6591426134109497,795.391973067075,0.0,4817.29248046875,7060.0,93.43228177691344
2634,1.568894863128662,919.2413244135678,0.0,4817.29248046875,7060.0,93.46636412793305
2635,1.9333267211914062,940.2998037673533,0.0,4817.29248046875,7060.0,93.50026350293774
2636,2.4892895221710205,1149.4178535491228,0.0,4817.29248046875,7060.0,93.53412015992217
2637,2.509248733520508,813.8262168234214,0.0,4817.29248046875,7060.0,93.56799969996791
2638,1.8335931301116943,882.9847281239927,0.0,4817.29248046875,7060.0,93.60182727198116
2639,2.1506478786468506,1014.4217056632042,0.0,4817.29248046875,7060.0,93.63576629396994
2640,2.8236587047576904,926.5908714309335,0.0,4817.29248046875,7060.0,93.66959077492356
2641,2.520923614501953,1306.8925154656172,0.0,4817.29248046875,7060.0,93.70357104192954
2642,2.746131420135498,1212.3031021673232,0.0,4817.29248046875,7060.0,93.73742418095935
2643,1.7762019634246826,1096.7789706140757,0.0,4817.29248046875,7060.0,93.77137826790567
2644,1.0166575908660889,701.1699971705675,0.0,4817.29248046875,7060.0,93.80537234491203
2645,2.5300331115722656,1038.276060257107,0.0,4817.29248046875,7060.0,93.83927376091015
2646,3.0856049060821533,939.2763144858181,0.0,4817.29248046875,7060.0,93.87305401894264
2647,1.8246747255325317,879.0344664491713,0.0,4817.29248046875,7060.0,93.90701475390233
2648,2.7433414459228516,1276.4842974282801,0.0,4817.29248046875,7060.0,93.94117129791994
2649,3.5574891567230225,1156.2207805626094,0.0,4817.29248046875,7060.0,93.97507974191103
2650,3.0106446743011475,991.8632623013109,0.0,4817.29248046875,7060.0,94.00890689797234
2651,1.921260952949524,784.366215121001,0.0,4817.29248046875,7060.0,94.04285686090589
2652,2.705404758453369,1254.135493196547,0.0,4817.29248046875,7060.0,94.07669457094744
2653,1.6646173000335693,1416.5971860438585,0.0,4817.29248046875,7060.0,94.11065832991153
2654,2.129406690597534,1281.158408984542,0.0,4817.29248046875,7060.0,94.14459023589734
2655,2.413989543914795,952.424459990114,0.0,4817.29248046875,7060.0,94.17848028393928
2656,0.6856142282485962,713.7624886631966,0.0,4817.29248046875,7060.0,94.21251530293375
2657,1.1151783466339111,881.8397628553212,0.0,4817.29248046875,7060.0,94.2464874869911
2658,1.7931272983551025,1030.423539340496,0.0,4817.29248046875,7060.0,94.2803095249692
2659,0.6296746134757996,748.6034491127357,0.0,4817.29248046875,7060.0,94.31412356195506
2660,1.5168136358261108,1129.8003027178347,0.0,4817.29248046875,7060.0,94.34803508699406
2661,1.6028419733047485,872.3849034011364,0.0,4817.29248046875,7060.0,94.38202890695538
2662,1.6999483108520508,857.0692921448499,0.0,4817.29248046875,7060.0,94.41603835194837
2663,1.6088204383850098,657.5968325845897,0.0,4817.29248046875,7060.0,94.45004621194676
2664,2.822384834289551,1118.9583302363753,0.0,4817.29248046875,7060.0,94.48411283199675
2665,2.2966434955596924,1220.7910654768348,0.0,4817.29248046875,7060.0,94.51802032394335
2666,1.879028558731079,1052.1819474995136,0.0,4817.29248046875,7060.0,94.55192484892905
2667,2.006742477416992,1020.874288931489,0.0,4817.29248046875,7060.0,94.58578781993128
2668,1.542423963546753,810.3670627735555,0.0,4817.29248046875,7060.0,94.619765367941
2669,1.5821951627731323,678.2006332837045,0.0,4817.29248046875,7060.0,94.6537249799585
2670,2.7684528827667236,835.0142460539937,0.0,4817.29248046875,7060.0,94.68764324393123
2671,3.5909204483032227,1292.3763471059501,0.0,4817.29248046875,7060.0,94.72157878696453
2672,2.7875261306762695,1031.6449720356613,0.0,4817.29248046875,7060.0,94.7555540939793
2673,0.8644711375236511,660.5671164896339,0.0,4817.29248046875,7060.0,94.78945556096733
2674,2.889993667602539,1061.0729567278177,0.0,4817.29248046875,7060.0,94.82348442089278
2675,1.3752350807189941,793.0878421999514,0.0,4817.29248046875,7060.0,94.85735256492626
2676,1.6863970756530762,1074.8979523666203,0.0,4817.29248046875,7060.0,94.89126480894629
2677,1.3469866514205933,641.7380927652121,0.0,4817.29248046875,7060.0,94.92524564696942
2678,2.1002867221832275,801.6415427066386,0.0,4817.29248046875,7060.0,94.95928384596482
2679,1.7168598175048828,1316.1830817461014,0.0,4817.29248046875,7060.0,94.99327148892917
2680,2.89367938041687,921.8044161275029,0.0,4817.29248046875,7060.0,95.02748333592899
2681,3.106550455093384,1104.6855748593807,0.0,4817.29248046875,7060.0,95.06148461892735
2682,1.7618343830108643,857.9804336540401,0.0,4817.29248046875,7060.0,95.09543451189529
2683,1.941043496131897,931.9642650131136,0.0,4817.29248046875,7060.0,95.12943963694852
2684,2.3844470977783203,1614.1885825656354,0.0,4817.29248046875,7060.0,95.16329560999293
2685,1.7162754535675049,846.8035930506885,0.0,4817.29248046875,7060.0,95.19720551592764
2686,2.4607279300689697,1234.4534732475877,0.0,4817.29248046875,7060.0,95.2311415419681
2687,2.036475419998169,1393.4676687195897,0.0,4817.29248046875,7060.0,95.26511240098625
2688,1.1730717420578003,749.1329827196896,0.0,4817.29248046875,7060.0,95.29912014794536
2689,2.486663579940796,1096.7485419735312,0.0,4817.29248046875,7060.0,95.33308708493132
2690,2.5838239192962646,1377.304910093546,0.0,4817.29248046875,7060.0,95.36694314295892
2691,3.6864917278289795,1468.1717168986797,0.0,4817.29248046875,7060.0,95.40091695298906
2692,2.160900592803955,888.4167193640023,0.0,4817.29248046875,7060.0,95.43496412993409
2693,2.713761329650879,839.2526634214446,0.0,4817.29248046875,7060.0,95.46899152093101
2694,2.7279298305511475,1620.2067917212844,0.0,4817.29248046875,7060.0,95.50277540192474
2695,0.9853343367576599,963.8232843205333,0.0,4817.29248046875,7060.0,95.5367214679718
2696,1.934699296951294,744.9513482153416,0.0,4817.29248046875,7060.0,95.57070411497261
2697,2.6217970848083496,1615.7723143100739,0.0,4817.29248046875,7060.0,95.60463036189321
2698,2.3032524585723877,1227.145062558353,0.0,4817.29248046875,7060.0,95.638489411911
2699,1.9418182373046875,980.5792932994664,0.0,4817.29248046875,7060.0,95.67233545694035
2700,1.470884919166565,709.8770522177219,0.0,4817.29248046875,7060.0,95.70629825093783
2701,1.962702989578247,1006.9880238100886,0.0,4817.29248046875,7060.0,95.74011963489465
2702,0.5960421562194824,656.1078187860548,0.0,4817.29248046875,7060.0,95.77403474494349
2703,1.2368834018707275,1014.2438375130296,0.0,4817.29248046875,7060.0,95.80790935293771
2704,1.0477733612060547,744.2295324243605,0.0,4817.29248046875,7060.0,95.84188393491786
2705,1.9413927793502808,973.3314244784415,0.0,4817.29248046875,7060.0,95.87577043799683
2706,1.7793115377426147,1913.2217526510358,0.0,4817.29248046875,7060.0,95.90966470597778
2707,1.972252368927002,1001.3418085798621,0.0,4817.29248046875,7060.0,95.94369257299695
2708,1.7464065551757812,874.6294096186757,0.0,4817.29248046875,7060.0,95.97776891291142
2709,1.3504129648208618,920.8592964597046,0.0,4817.29248046875,7060.0,96.01165525894612
2710,1.5056689977645874,816.7597347088158,0.0,4817.29248046875,7060.0,96.04559050395619
2711,1.911519169807434,1443.1622298583388,0.0,4817.29248046875,7060.0,96.07946266699582
2712,1.1207506656646729,823.2040442656726,0.0,4817.29248046875,7060.0,96.11345649091527
2713,1.564928650856018,1022.629341609776,0.0,4817.29248046875,7060.0,96.14729379094206
2714,1.8337780237197876,1110.3310295641422,0.0,4817.29248046875,7060.0,96.18119184591342
2715,1.9978307485580444,1361.185158982873,0.0,4817.29248046875,7060.0,96.21506061090622
2716,2.5537302494049072,869.0636377856135,0.0,4817.29248046875,7060.0,96.24894295888953
2717,2.039806604385376,1040.3977442011237,0.0,4817.29248046875,7060.0,96.28285404900089
2718,2.2973108291625977,1134.9094628542662,0.0,4817.29248046875,7060.0,96.31687047798187
2719,2.0143327713012695,897.287941981107,0.0,4817.29248046875,7060.0,96.35079897893593
2720,1.3978807926177979,928.7007473632693,0.0,4817.29248046875,7060.0,96.38477662589867
2721,1.560591459274292,1068.8124918416142,0.0,4817.29248046875,7060.0,96.41876704292372
2722,2.5902199745178223,1270.2353154681623,0.0,4817.29248046875,7060.0,96.45275542896707
2723,1.8571653366088867,1469.6019823849201,0.0,4817.29248046875,7060.0,96.48674581688829
2724,1.2938816547393799,1047.3584806658328,0.0,4817.29248046875,7060.0,96.52072093193419
2725,1.4801207780838013,1094.7392810210586,0.0,4817.29248046875,7060.0,96.55467665591277
2726,1.7640340328216553,936.4201844073832,0.0,4817.29248046875,7060.0,96.58854193496518
2727,2.5828354358673096,1291.5450623109937,0.0,4817.29248046875,7060.0,96.62235007598065
2728,1.8092119693756104,1159.367863342166,0.0,4817.29248046875,7060.0,96.65631066798232
2729,1.8302198648452759,1374.6990939490497,0.0,4817.29248046875,7060.0,96.69018846191466
2730,0.6026780605316162,530.5286337435246,0.0,4817.29248046875,7060.0,96.72412305895705
2731,2.4525320529937744,1221.298490948975,0.0,4817.29248046875,7060.0,96.75805865693837
2732,0.6957774758338928,817.9744606530294,0.0,4817.29248046875,7060.0,96.79207046795636
2733,1.1984819173812866,832.5013244021684,0.0,4817.29248046875,7060.0,96.82600301189814
2734,1.9994416236877441,1086.4362163804471,0.0,4817.29248046875,7060.0,96.85995507694315
2735,0.9857878088951111,899.2833778709173,0.0,4817.29248046875,7060.0,96.89387523999903
2736,2.421757221221924,1194.4219755977392,0.0,4817.29248046875,7060.0,96.92777915589977
2737,2.703843832015991,1306.6081438381225,0.0,4817.29248046875,7060.0,96.96189468889497
2738,2.730393886566162,894.9040992222726,0.0,4817.29248046875,7060.0,96.99592833500355
2739,1.7534993886947632,1121.6424950808287,0.0,4817.29248046875,7060.0,97.02995933999773
2740,1.4891331195831299,885.3277561217546,0.0,4817.29248046875,7060.0,97.06392710795626
2741,2.822587728500366,1095.5493783541024,0.0,4817.29248046875,7060.0,97.09785331296735
2742,2.7420272827148438,1212.4341140463948,0.0,4817.29248046875,7060.0,97.13175332790706
2743,1.3126935958862305,1419.6221692860126,0.0,4817.29248046875,7060.0,97.16565849096514
2744,1.427154779434204,851.2034291531891,0.0,4817.29248046875,7060.0,97.199462493998
2745,2.007838726043701,1431.0718862116337,0.0,4817.29248046875,7060.0,97.23336206795648
2746,1.9934741258621216,1004.0606145039201,0.0,4817.29248046875,7060.0,97.26725815993268
2747,3.300450086593628,1497.6259569227695,0.0,4817.29248046875,7060.0,97.30112916196231
2748,2.3963067531585693,979.9886540398002,0.0,4817.29248046875,7060.0,97.33515095699113
2749,0.9651959538459778,645.5421966854483,0.0,4817.29248046875,7060.0,97.36909941898193
2750,3.525066614151001,982.6591662615538,0.0,4817.29248046875,7060.0,97.4032190979924
2751,1.3229643106460571,903.0581370610744,0.0,4817.29248046875,7060.0,97.43716147192754
2752,1.6972343921661377,987.5345164202154,0.0,4817.29248046875,7060.0,97.4710668529151
2753,2.164008855819702,1040.2001643888652,0.0,4817.29248046875,7060.0,97.50507101591211
2754,2.931716203689575,1154.998791769147,0.0,4817.29248046875,7060.0,97.53905114694498
2755,3.1834561824798584,1012.7546572647989,0.0,4817.29248046875,7060.0,97.57324522791896
2756,2.8231284618377686,1418.0443681180477,0.0,4817.29248046875,7060.0,97.60718797089066
2757,2.21915864944458,930.2743806801736,0.0,4817.29248046875,7060.0,97.64114436891396
2758,3.525291919708252,1259.3165056370199,0.0,4817.29248046875,7060.0,97.67499591188971
2759,1.6363822221755981,916.8026392422616,0.0,4817.29248046875,7060.0,97.70898453798145
2760,1.2201948165893555,890.2230945266783,0.0,4817.29248046875,7060.0,97.7429092999082
2761,1.6693528890609741,1080.9423968717456,0.0,4817.29248046875,7060.0,97.77691221691202
2762,2.2443246841430664,1442.480097964406,0.0,4817.29248046875,7060.0,97.81074790388811
2763,1.5030086040496826,730.7280999943614,0.0,4817.29248046875,7060.0,97.84472908091266
2764,1.6336345672607422,903.1944238692522,0.0,4817.29248046875,7060.0,97.8786447069142
2765,1.272257685661316,765.5269540138543,0.0,4817.29248046875,7060.0,97.91261597699486
2766,3.0209903717041016,1547.931289434433,0.0,4817.29248046875,7060.0,97.9465780579485
2767,1.9958659410476685,1106.604498013854,0.0,4817.29248046875,7060.0,97.98049273493234
2768,1.2547987699508667,1350.7028085887432,0.0,4817.29248046875,7060.0,98.01443365798332
2769,3.3219776153564453,1380.6484427824616,0.0,4817.29248046875,7060.0,98.04838348890189
2770,1.28752601146698,1230.4525360763073,0.0,4817.29248046875,7060.0,98.08217081194744
2771,1.722841739654541,1247.6283048130572,0.0,4817.29248046875,7060.0,98.1160902439151
2772,2.3562872409820557,1827.7026020139456,0.0,4817.29248046875,7060.0,98.14991529495455
2773,0.9957576990127563,1052.6259267702699,0.0,4817.29248046875,7060.0,98.18384650396183
2774,0.7238748073577881,859.2265585847199,0.0,4817.29248046875,7060.0,98.21786862798035
2775,2.544583559036255,1176.9286608472466,0.0,4817.29248046875,7060.0,98.25186856091022
2776,2.4374094009399414,1025.3964992575347,0.0,4817.29248046875,7060.0,98.28570715896785
2777,1.5766854286193848,730.9044408202171,0.0,4817.29248046875,7060.0,98.31975669797976
2778,1.1160860061645508,927.1794335134327,0.0,4817.29248046875,7060.0,98.35235369589645
2779,1.7437812089920044,828.7984525710344,0.0,4817.29248046875,7060.0,98.38633607199881
2780,2.3076860904693604,1235.8541164696217,0.0,4817.29248046875,7060.0,98.42014125094283
2781,2.908966064453125,1078.833174817264,0.0,4817.29248046875,7060.0,98.4541156248888
2782,2.1419661045074463,1093.8540687188506,0.0,4817.29248046875,7060.0,98.48812332889065
2783,1.7147777080535889,953.6887892764062,0.0,4817.29248046875,7060.0,98.5221130939899
2784,2.108290672302246,722.255500683561,0.0,4817.29248046875,7060.0,98.55613259098027
2785,1.8498800992965698,1046.145855717361,0.0,4817.29248046875,7060.0,98.59007143497001
2786,2.3015525341033936,1386.0057507529855,0.0,4817.29248046875,7060.0,98.62397333292756
2787,0.9195731282234192,1196.8521065022796,0.0,4817.29248046875,7060.0,98.65800731698982
2788,2.1789350509643555,985.9983568564057,0.0,4817.29248046875,7060.0,98.69070975796785
2789,2.330599308013916,923.8643817976117,0.0,4817.29248046875,7060.0,98.72467066592071
2790,2.007441759109497,841.6318783834577,0.0,4817.29248046875,7060.0,98.7585204159841
2791,1.7745541334152222,843.8588234558702,0.0,4817.29248046875,7060.0,98.79243958892766
2792,0.8223479390144348,1002.8750350726768,0.0,4817.29248046875,7060.0,98.82633599289693
2793,2.337000608444214,950.7089517116547,0.0,4817.29248046875,7060.0,98.86013883491978
2794,2.216567039489746,1471.6567727848887,0.0,4817.29248046875,7060.0,98.8941486699041
2795,2.911378860473633,1342.8018455989659,0.0,4817.29248046875,7060.0,98.92803013697267
2796,2.6198668479919434,1326.9277624860406,0.0,4817.29248046875,7060.0,98.96195639192592
2797,1.0495038032531738,739.9248884655535,0.0,4817.29248046875,7060.0,98.9959443139378
2798,1.2010639905929565,952.6949198897928,0.0,4817.29248046875,7060.0,99.02973483200185
2799,1.547715663909912,1252.4419669434428,0.0,4817.29248046875,7060.0,99.06372283690143
2800,1.38484525680542,748.3873224854469,0.0,4817.29248046875,7060.0,99.0976599069545
2801,1.9088863134384155,951.8424092791975,0.0,4817.29248046875,7060.0,99.1314942908939
2802,1.6568046808242798,750.5406090375036,0.0,4817.29248046875,7060.0,99.16534551989753
2803,1.8612098693847656,1116.6744989603758,0.0,4817.29248046875,7060.0,99.19929690589197
2804,2.364842414855957,714.4960464537144,0.0,4817.29248046875,7060.0,99.23340790590737
2805,2.078395366668701,834.6401336248964,0.0,4817.29248046875,7060.0,99.26761486195028
2806,2.040235996246338,937.0204632878304,0.0,4817.29248046875,7060.0,99.30162223998923
2807,2.219212770462036,1246.560340166092,0.0,4817.29248046875,7060.0,99.33564192790072
2808,1.0903421640396118,1215.8053432144225,0.0,4817.29248046875,7060.0,99.36965678597335
2809,0.5995022654533386,595.3889718679711,0.0,4817.29248046875,7060.0,99.40363286295906
2810,1.306195855140686,715.7421498037875,0.0,4817.29248046875,7060.0,99.43775555095635
2811,2.0779294967651367,1123.2418719753623,0.0,4817.29248046875,7060.0,99.47189412091393
2812,0.8652805685997009,715.0709120314568,0.0,4817.29248046875,7060.0,99.50592010188848
2813,1.712787389755249,626.465016759932,0.0,4817.29248046875,7060.0,99.53981539292727
2814,2.423482656478882,1084.4972327761352,0.0,4817.29248046875,7060.0,99.57409102888778
2815,1.2880196571350098,687.2386117130518,0.0,4817.29248046875,7060.0,99.60811942990404
2816,3.0157227516174316,1019.7078352998942,0.0,4817.29248046875,7060.0,99.64208332798444
2817,0.6715596318244934,610.7678004209884,0.0,4817.29248046875,7060.0,99.67594331293367
2818,2.6341805458068848,1169.7273074686527,0.0,4817.29248046875,7060.0,99.70985332899727
2819,2.3554558753967285,880.4147896058857,0.0,4817.29248046875,7060.0,99.74417078192346
2820,1.6211724281311035,924.3462562263012,0.0,4817.29248046875,7060.0,99.77814260590822
2821,3.071371555328369,1127.5865331664681,0.0,4817.29248046875,7060.0,99.8119750689948
2822,1.3333078622817993,725.0231283158064,0.0,4817.29248046875,7060.0,99.84597614593804
2823,2.364809036254883,1049.5331082195044,0.0,4817.29248046875,7060.0,99.87983729399275
2824,2.178375244140625,892.7094584479928,0.0,4817.29248046875,7060.0,99.91382929799147
2825,1.813085675239563,872.0250894352794,0.0,4817.29248046875,7060.0,99.947868076968
2826,1.1094659566879272,1024.7201370596886,0.0,4817.29248046875,7060.0,99.98188239790034
2827,1.6726038455963135,840.288401927799,0.0,4817.29248046875,7060.0,100.01583576493431
2828,1.7282154560089111,767.2347241044044,0.0,4817.29248046875,7060.0,100.04984082095325
2829,2.4542808532714844,1102.7208880372345,0.0,4817.29248046875,7060.0,100.08378495299257
2830,1.6466925144195557,794.0700627099723,0.0,4817.29248046875,7060.0,100.11777757492382
2831,2.0570433139801025,1247.3182670772076,0.0,4817.29248046875,7060.0,100.15168952697422
2832,2.313271999359131,792.3418683893979,0.0,4817.29248046875,7060.0,100.18586878897622
2833,2.0530614852905273,1170.498450314626,0.0,4817.29248046875,7060.0,100.21969582594465
2834,0.6468287110328674,727.4233323354274,0.0,4817.29248046875,7060.0,100.25362532294821
2835,2.258927345275879,1893.1307633966208,0.0,4817.29248046875,7060.0,100.28757936297916
2836,2.094280242919922,919.221638828516,0.0,4817.29248046875,7060.0,100.32156544690952
2837,1.535328984260559,764.421879902482,0.0,4817.29248046875,7060.0,100.35549079591874
2838,1.4219306707382202,1137.9282162487507,0.0,4817.29248046875,7060.0,100.38939529389609
2839,2.711367130279541,1563.3714562952518,0.0,4817.29248046875,7060.0,100.42335176095366
2840,1.4111846685409546,715.8756823055446,0.0,4817.29248046875,7060.0,100.45730234193616
2841,1.4909905195236206,793.1188498437405,0.0,4817.29248046875,7060.0,100.49129227595404
2842,3.0638811588287354,1394.5238876193762,0.0,4817.29248046875,7060.0,100.52525062300265
2843,2.6018950939178467,1108.416603282094,0.0,4817.29248046875,7060.0,100.5592197929509
2844,2.2299437522888184,933.4268335700035,0.0,4817.29248046875,7060.0,100.59305453195702
2845,1.1717021465301514,894.8985936827958,0.0,4817.29248046875,7060.0,100.62705260096118
2846,1.41764497756958,1006.2122524827719,0.0,4817.29248046875,7060.0,100.66104830789845
2847,1.517822504043579,931.1390579678118,0.0,4817.29248046875,7060.0,100.69503041694406
2848,2.7238399982452393,1047.6262148171663,0.0,4817.29248046875,7060.0,100.72902516298927
2849,1.941158652305603,1197.0862531512976,0.0,4817.29248046875,7060.0,100.76290461595636
2850,1.270706295967102,1143.5584627818316,0.0,4817.29248046875,7060.0,100.79680019698571
2851,2.8336281776428223,1081.0834549851716,0.0,4817.29248046875,7060.0,100.83065211691428
2852,2.352602005004883,883.3792480789125,0.0,4817.29248046875,7060.0,100.86468308093026
2853,2.460158348083496,1419.3309358507395,0.0,4817.29248046875,7060.0,100.8985255069565
2854,2.06182599067688,1060.915350317955,0.0,4817.29248046875,7060.0,100.93243952689227
2855,0.9326752424240112,1171.2605083640665,0.0,4817.29248046875,7060.0,100.96647574892268
2856,2.2839300632476807,966.7445603720844,0.0,4817.29248046875,7060.0,101.00046332692727
2857,0.919025719165802,634.1234919130802,0.0,4817.29248046875,7060.0,101.03441382898018
2858,1.941392421722412,906.0214129090309,0.0,4817.29248046875,7060.0,101.06826957198791
2859,1.4970357418060303,847.8631122354418,0.0,4817.29248046875,7060.0,101.10212964389939
2860,1.8355087041854858,906.2816315107048,0.0,4817.29248046875,7060.0,101.13606364291627
2861,2.787874937057495,1416.358754195273,0.0,4817.29248046875,7060.0,101.17002974590287
2862,0.8985717296600342,819.531560741365,0.0,4817.29248046875,7060.0,101.204039264936
2863,1.2032784223556519,959.9758995175362,0.0,4817.29248046875,7060.0,101.23806173494086
2864,2.4326629638671875,1026.8557160738856,0.0,4817.29248046875,7060.0,101.27207765891217
2865,1.2577537298202515,962.6072796415538,0.0,4817.29248046875,7060.0,101.30608119291719
2866,0.9475535750389099,708.886478160508,0.0,4817.29248046875,7060.0,101.34014889597893
2867,1.9522874355316162,1075.6083818674088,0.0,4817.29248046875,7060.0,101.37400458194315
2868,1.9310013055801392,870.5396761782467,0.0,4817.29248046875,7060.0,101.40798930299934
2869,1.4495631456375122,980.3652006816119,0.0,4817.29248046875,7060.0,101.44185052497778
2870,1.8986510038375854,981.2067244127393,0.0,4817.29248046875,7060.0,101.47587867092807
2871,1.6561473608016968,904.5286105126143,0.0,4817.29248046875,7060.0,101.50976329494733
2872,1.7964636087417603,930.1151116117835,0.0,4817.29248046875,7060.0,101.54369517799933
2873,1.2724913358688354,918.6209896616638,0.0,4817.29248046875,7060.0,101.57770172599703
2874,1.6710584163665771,1085.6600126177073,0.0,4817.29248046875,7060.0,101.6117030729074
2875,2.6844444274902344,1244.0148551911116,0.0,4817.29248046875,7060.0,101.64561135589611
2876,2.240811824798584,983.0481439903378,0.0,4817.29248046875,7060.0,101.67955158697441
2877,1.9266257286071777,1020.1081846021116,0.0,4817.29248046875,7060.0,101.71340517792851
2878,0.8063682913780212,648.2616208661348,0.0,4817.29248046875,7060.0,101.74726216599811
2879,1.7908269166946411,954.3538984227926,0.0,4817.29248046875,7060.0,101.7811967349844
2880,0.8778114914894104,1330.5283412430435,0.0,4817.29248046875,7060.0,101.81517732597422
2881,2.1859002113342285,1193.4749954491854,0.0,4817.29248046875,7060.0,101.84904516697861
2882,1.3146533966064453,1109.7799124456942,0.0,4817.29248046875,7060.0,101.883003943949
2883,2.327996015548706,842.4185694791377,0.0,4817.29248046875,7060.0,101.91713617893402
2884,3.4224631786346436,1771.106694020331,0.0,4817.29248046875,7060.0,101.95101045898627
2885,2.0130455493927,806.4555337019265,0.0,4817.29248046875,7060.0,101.98493462894112
2886,1.588355541229248,1026.1172796934843,0.0,4817.29248046875,7060.0,102.01878179295454
2887,1.6775416135787964,888.27220441401,0.0,4817.29248046875,7060.0,102.05277562898118
2888,1.2579466104507446,1151.3330881670117,0.0,4817.29248046875,7060.0,102.08667997492012
2889,2.122404098510742,1483.1964931935072,0.0,4817.29248046875,7060.0,102.12053746695165
2890,1.6410480737686157,880.5416108295321,0.0,4817.29248046875,7060.0,102.15449296997394
2891,1.6716426610946655,2037.8480696827173,0.0,4817.29248046875,7060.0,102.18845356593374
2892,1.170048713684082,702.1857791803777,0.0,4817.29248046875,7060.0,102.22241148795001
2893,1.8350201845169067,876.8403728380799,0.0,4817.29248046875,7060.0,102.2563878709916
2894,1.7205864191055298,1167.2970803380013,0.0,4817.29248046875,7060.0,102.29033541597892
2895,2.044138193130493,947.1314616911113,0.0,4817.29248046875,7060.0,102.32426190399565
2896,2.1083855628967285,1104.7279658913612,0.0,4817.29248046875,7060.0,102.35822652897332
2897,3.5851330757141113,1145.170195672661,0.0,4817.29248046875,7060.0,102.3922481869813
2898,3.0367813110351562,1447.1077829562128,0.0,4817.29248046875,7060.0,102.42612903693225
2899,1.886225700378418,780.5618789568543,0.0,4817.29248046875,7060.0,102.46008880494628
2900,3.0949106216430664,1619.0620140135288,0.0,4817.29248046875,7060.0,102.49409844796173
2901,1.2739745378494263,1508.0181242115796,0.0,4817.29248046875,7060.0,102.5279359499691
2902,1.2266727685928345,1212.23437435925,0.0,4817.29248046875,7060.0,102.56189403194003
2903,0.9585518836975098,824.3410471603274,0.0,4817.29248046875,7060.0,102.59618942195084
2904,2.4692814350128174,967.2192861363292,0.0,4817.29248046875,7060.0,102.63049312797375
2905,2.3398032188415527,1173.2732319533825,0.0,4817.29248046875,7060.0,102.66440748295281
2906,1.75529146194458,1249.9853104948997,0.0,4817.29248046875,7060.0,102.6983781378949
2907,1.9376022815704346,1136.5358242988586,0.0,4817.29248046875,7060.0,102.7322549619712
2908,0.6826229095458984,683.4348002914339,0.0,4817.29248046875,7060.0,102.76603733398952
2909,2.0743885040283203,879.3386057578027,0.0,4817.29248046875,7060.0,102.79999746195972
2910,1.9928624629974365,610.1296108122915,0.0,4817.29248046875,7060.0,102.83417826797813
2911,1.901993989944458,1125.133824389428,0.0,4817.29248046875,7060.0,102.86821236496326
2912,2.6457579135894775,1108.9512097463012,0.0,4817.29248046875,7060.0,102.90248578297906
2913,2.364230155944824,1575.5045363605022,0.0,4817.29248046875,7060.0,102.93626447790302
2914,1.6023608446121216,614.0680223442614,0.0,4817.29248046875,7060.0,102.97025717492215
2915,3.4894661903381348,1162.3758858665824,0.0,4817.29248046875,7060.0,103.00428251398262
2916,1.2433557510375977,882.0833641961217,0.0,4817.29248046875,7060.0,103.03824678889941
2917,1.6112805604934692,911.9683469682932,0.0,4817.29248046875,7060.0,103.07230495591648
2918,1.375105857849121,724.8623341340572,0.0,4817.29248046875,7060.0,103.10625155898742
2919,2.9247078895568848,1171.7248324975371,0.0,4817.29248046875,7060.0,103.14020712894853
2920,2.064880132675171,932.154403027147,0.0,4817.29248046875,7060.0,103.17417676700279
2921,1.432644248008728,874.324904140085,0.0,4817.29248046875,7060.0,103.20814550691284
2922,1.527152419090271,1046.5566259995103,0.0,4817.29248046875,7060.0,103.24214504193515
2923,2.0897345542907715,1316.8810934498906,0.0,4817.29248046875,7060.0,103.27596998692024
2924,2.027709722518921,1106.1803857907653,0.0,4817.29248046875,7060.0,103.3099083059933
2925,1.0105860233306885,794.3265208527446,0.0,4817.29248046875,7060.0,103.34386864793487
2926,1.1856054067611694,746.0251535139978,0.0,4817.29248046875,7060.0,103.3777155809803
2927,3.323486328125,815.8314539417624,0.0,4817.29248046875,7060.0,103.41166516696103
2928,2.677769899368286,987.1538304239511,0.0,4817.29248046875,7060.0,103.44567881489638
2929,1.5389842987060547,1337.6968891322613,0.0,4817.29248046875,7060.0,103.47964223299641
2930,3.122965097427368,994.534614238888,0.0,4817.29248046875,7060.0,103.5135194909526
2931,0.6729626059532166,627.7048826916143,0.0,4817.29248046875,7060.0,103.54738569492474
2932,0.9382712841033936,806.8679653387517,0.0,4817.29248046875,7060.0,103.58126879495103
2933,1.7742516994476318,1373.9872925207019,0.0,4817.29248046875,7060.0,103.61505632894114
2934,1.481427550315857,901.9169743955135,0.0,4817.29248046875,7060.0,103.64897092292085
2935,1.6397173404693604,1283.2993989661336,0.0,4817.29248046875,7060.0,103.68282563996036
2936,0.9229241609573364,913.1922016330063,0.0,4817.29248046875,7060.0,103.71677081496455
2937,1.976253867149353,1412.371139407158,0.0,4817.29248046875,7060.0,103.7507209549658
2938,1.9893299341201782,1072.5079462118447,0.0,4817.29248046875,7060.0,103.78464409895241
2939,1.858697533607483,1031.5864139273763,0.0,4817.29248046875,7060.0,103.81860179896466
2940,1.4851571321487427,773.8212346062064,0.0,4817.29248046875,7060.0,103.85247963492293
2941,1.406549096107483,1243.020959759131,0.0,4817.29248046875,7060.0,103.88641607295722
2942,1.7307356595993042,953.8265340104699,0.0,4817.29248046875,7060.0,103.92030502390116
2943,2.099022388458252,817.3971720151603,0.0,4817.29248046875,7060.0,103.95424646500032
2944,1.6561228036880493,739.2845227625221,0.0,4817.29248046875,7060.0,103.98827672493644
2945,1.507343053817749,954.2288924604654,0.0,4817.29248046875,7060.0,104.02213086897973
2946,1.3378705978393555,1130.306019898504,0.0,4817.29248046875,7060.0,104.0560760499211
2947,1.8400063514709473,1133.7232550904155,0.0,4817.29248046875,7060.0,104.0900165339699
2948,2.630025625228882,1299.2154645435512,0.0,4817.29248046875,7060.0,104.12383588997182
2949,2.124336004257202,1179.5472034364939,0.0,4817.29248046875,7060.0,104.15772172692232
2950,1.5435410737991333,867.2996563389897,0.0,4817.29248046875,7060.0,104.19169855199289
2951,1.2839370965957642,800.0395760163665,0.0,4817.29248046875,7060.0,104.22548324696254
2952,1.2132617235183716,733.3411783725023,0.0,4817.29248046875,7060.0,104.25941735692322
2953,1.455810546875,879.866481885314,0.0,4817.29248046875,7060.0,104.2932658449281
2954,3.660233974456787,917.8846822027117,0.0,4817.29248046875,7060.0,104.32732891000342
2955,2.438906192779541,1108.3686517551541,0.0,4817.29248046875,7060.0,104.3612440439174
2956,1.898561954498291,1305.5713710263371,0.0,4817.29248046875,7060.0,104.39514825493097
2957,2.212603807449341,1156.522596590221,0.0,4817.29248046875,7060.0,104.42894805700053
2958,1.0445913076400757,905.1978714950383,0.0,4817.29248046875,7060.0,104.4629482839955
2959,1.232265830039978,1075.0816325843334,0.0,4817.29248046875,7060.0,104.49676554999314
2960,0.6644550561904907,793.3998399954289,0.0,4817.29248046875,7060.0,104.53062522399705
2961,1.1848472356796265,1381.2441276200116,0.0,4817.29248046875,7060.0,104.56454133091029
2962,0.6932908892631531,677.0936857778579,0.0,4817.29248046875,7060.0,104.59853852691595
2963,0.9916695952415466,964.1787440627813,0.0,4817.29248046875,7060.0,104.63248631590977
2964,2.7304306030273438,1519.586700025946,0.0,4817.29248046875,7060.0,104.66623793693725
2965,1.8539563417434692,1118.2236475721002,0.0,4817.29248046875,7060.0,104.7002106969012
2966,2.135434150695801,1236.4191139116883,0.0,4817.29248046875,7060.0,104.73412791790906
2967,1.728774905204773,947.254274751991,0.0,4817.29248046875,7060.0,104.76802831795067
2968,1.162445306777954,775.5072838775814,0.0,4817.29248046875,7060.0,104.8019078039797
2969,2.6345317363739014,954.9264084249735,0.0,4817.29248046875,7060.0,104.8357165280031
2970,2.910625457763672,1260.3306969851255,0.0,4817.29248046875,7060.0,104.86952843796462
2971,2.351864814758301,1190.8836264126003,0.0,4817.29248046875,7060.0,104.90340645390097
2972,1.916914701461792,1234.5217800810933,0.0,4817.29248046875,7060.0,104.93723874399439
2973,1.2934846878051758,932.5118261277676,0.0,4817.29248046875,7060.0,104.971103666001
2974,2.1726431846618652,1320.436151780188,0.0,4817.29248046875,7060.0,105.00502910395153
2975,3.5267157554626465,1493.2272529378533,0.0,4817.29248046875,7060.0,105.03894869890064
2976,1.3586008548736572,1304.2275110036135,0.0,4817.29248046875,7060.0,105.07282427791506
2977,1.8137658834457397,969.2931061685085,0.0,4817.29248046875,7060.0,105.1066613229923
2978,2.6239919662475586,1047.9126302096993,0.0,4817.29248046875,7060.0,105.14051808894146
2979,1.3643971681594849,1077.5247724540532,0.0,4817.29248046875,7060.0,105.17426535394043
2980,2.5428521633148193,1173.715871207416,0.0,4817.29248046875,7060.0,105.20816469599959
2981,0.875343918800354,761.8237048238516,0.0,4817.29248046875,7060.0,105.24204335093964
2982,2.604442834854126,973.7278011087328,0.0,4817.29248046875,7060.0,105.27588357997593
2983,2.066931962966919,1358.3693740293384,0.0,4817.29248046875,7060.0,105.3098215200007
2984,1.450332760810852,960.6171712316573,0.0,4817.29248046875,7060.0,105.34397177794017
2985,2.1154732704162598,983.8652751278132,0.0,4817.29248046875,7060.0,105.37794025894254
2986,1.8420888185501099,1139.7280568443239,0.0,4817.29248046875,7060.0,105.41193675994873
2987,2.72294282913208,1245.510450400412,0.0,4817.29248046875,7060.0,105.44612923590466
2988,2.4350624084472656,1329.813465461135,0.0,4817.29248046875,7060.0,105.48004001798108
2989,1.2491127252578735,935.3030596375465,0.0,4817.29248046875,7060.0,105.5139606508892
2990,2.1502203941345215,972.2031535804272,0.0,4817.29248046875,7060.0,105.54782621294726
2991,2.0912182331085205,847.5750576928258,0.0,4817.29248046875,7060.0,105.58173948689364
2992,1.8935469388961792,766.0881786961108,0.0,4817.29248046875,7060.0,105.61567015992478
2993,1.3872959613800049,1309.442319124937,0.0,4817.29248046875,7060.0,105.64958221791312
2994,2.7868664264678955,1321.5420998707414,0.0,4817.29248046875,7060.0,105.68357762997039
2995,1.090777039527893,878.9405671153218,0.0,4817.29248046875,7060.0,105.71750049898401
2996,1.748810052871704,772.9911294542253,0.0,4817.29248046875,7060.0,105.75143012893386
2997,0.6897447109222412,823.9569257739931,0.0,4817.29248046875,7060.0,105.78527712495998
2998,2.3588624000549316,1116.6574798133224,0.0,4817.29248046875,7060.0,105.81922350090463
2999,1.992340326309204,1178.459046907723,0.0,4817.29248046875,7060.0,105.85318061895669
3000,1.8081722259521484,1075.3553545624018,0.0,4817.29248046875,7060.0,105.88700013095513
3001,2.7707815170288086,1226.1890105828643,0.0,4817.29248046875,7060.0,105.92088721995242
3002,1.8209830522537231,948.5125489979982,0.0,4817.29248046875,7060.0,105.95492500497494
3003,2.21062970161438,1361.5358226038516,0.0,4817.29248046875,7060.0,105.98885448498186
3004,2.248356342315674,1243.8732783421874,0.0,4817.29248046875,7060.0,106.02281865291297
3005,1.549259066581726,1039.9503438025713,0.0,4817.29248046875,7060.0,106.05671267292928
3006,2.284698009490967,1160.3313863873482,0.0,4817.29248046875,7060.0,106.09068549296353
3007,2.5918755531311035,1363.1513822376728,0.0,4817.29248046875,7060.0,106.124558672891
3008,2.1206610202789307,850.4828540943563,0.0,4817.29248046875,7060.0,106.15844288899098
3009,1.4316612482070923,951.8836670517921,0.0,4817.29248046875,7060.0,106.19241535291076
3010,1.3036017417907715,947.5328506492078,0.0,4817.29248046875,7060.0,106.22630467696581
3011,1.2047240734100342,815.0239150887355,0.0,4817.29248046875,7060.0,106.26025697996374
3012,2.995462656021118,1112.5037892349064,0.0,4817.29248046875,7060.0,106.2942530659493
3013,2.1808295249938965,906.1729852594435,0.0,4817.29248046875,7060.0,106.328167171916
3014,3.1750569343566895,1173.7678690105677,0.0,4817.29248046875,7060.0,106.36218074697535
3015,1.2143797874450684,883.8566664494574,0.0,4817.29248046875,7060.0,106.39605278195813
3016,1.6763992309570312,1009.165059581399,0.0,4817.29248046875,7060.0,106.42999049997889
3017,2.9427952766418457,1275.76727578789,0.0,4817.29248046875,7060.0,106.4638577279402
3018,1.041534662246704,750.582558196038,0.0,4817.29248046875,7060.0,106.49790372489952
3019,2.29451322555542,844.7629453986883,0.0,4817.29248046875,7060.0,106.53184117691126
3020,1.0069090127944946,712.818043332547,0.0,4817.29248046875,7060.0,106.56574666895904
3021,1.4505698680877686,639.022218214348,0.0,4817.29248046875,7060.0,106.5996359809069
3022,1.228582501411438,665.2153628692031,0.0,4817.29248046875,7060.0,106.63354799989611
3023,1.385107159614563,660.9786194972694,0.0,4817.29248046875,7060.0,106.66745517589152
3024,1.718117594718933,706.9763308241963,0.0,4817.29248046875,7060.0,106.70135446998756
3025,2.4081897735595703,1772.4507884532213,0.0,4817.29248046875,7060.0,106.73520716198254
3026,1.7864676713943481,1363.552101712674,0.0,4817.29248046875,7060.0,106.76906187389977
3027,1.1831696033477783,852.5706988796592,0.0,4817.29248046875,7060.0,106.80293395696208
3028,2.440802812576294,984.1129583343863,0.0,4817.29248046875,7060.0,106.83682688791305
3029,2.217914581298828,990.1494727768004,0.0,4817.29248046875,7060.0,106.870698279934
3030,1.7612988948822021,959.6788938380778,0.0,4817.29248046875,7060.0,106.90460051596165
3031,1.7103137969970703,1536.2764433398843,0.0,4817.29248046875,7060.0,106.93846151290927
3032,2.139029026031494,768.7951815538108,0.0,4817.29248046875,7060.0,106.97242169594392
3033,2.3432514667510986,1337.7388460934162,0.0,4817.29248046875,7060.0,107.006458653952
3034,1.8187170028686523,843.0031593665481,0.0,4817.29248046875,7060.0,107.0403899649391
3035,1.7116304636001587,1041.072559416294,0.0,4817.29248046875,7060.0,107.07417282799724
3036,1.3259828090667725,1788.3808702155948,0.0,4817.29248046875,7060.0,107.10816518589854
3037,3.113079786300659,1330.0412422195077,0.0,4817.29248046875,7060.0,107.14231850998476
3038,1.5473443269729614,1343.9993855431676,0.0,4817.29248046875,7060.0,107.17621703399345
3039,1.4499436616897583,1099.3734806738794,0.0,4817.29248046875,7060.0,107.21005528292153
3040,2.9990522861480713,1285.6225952208042,0.0,4817.29248046875,7060.0,107.24415975890588
3041,1.5992554426193237,1245.2865202724934,0.0,4817.29248046875,7060.0,107.27798794489354
3042,1.6870379447937012,866.0552913956344,0.0,4817.29248046875,7060.0,107.31187729991507
3043,1.2274415493011475,766.7452230863273,0.0,4817.29248046875,7060.0,107.34579381195363
3044,1.6855915784835815,1228.155118830502,0.0,4817.29248046875,7060.0,107.37968441599514
3045,1.6635992527008057,998.9662023540586,0.0,4817.29248046875,7060.0,107.41364249994513
3046,2.4726874828338623,1321.4661645516753,0.0,4817.29248046875,7060.0,107.44748967699707
3047,2.024240016937256,1198.9858410954475,0.0,4817.29248046875,7060.0,107.48135503090452
3048,2.1834752559661865,967.9152630474418,0.0,4817.29248046875,7060.0,107.51529472391121
3049,1.6952064037322998,739.5117160156369,0.0,4817.29248046875,7060.0,107.54908944992349
3050,1.3261616230010986,823.3224851302803,0.0,4817.29248046875,7060.0,107.58308035496157
3051,2.438495397567749,967.4076449796557,0.0,4817.29248046875,7060.0,107.61689655296504
3052,2.4395980834960938,724.5856247805059,0.0,4817.29248046875,7060.0,107.65101113799028
3053,2.291931390762329,883.5912892278284,0.0,4817.29248046875,7060.0,107.68485345994122
3054,2.01676869392395,1104.846819423139,0.0,4817.29248046875,7060.0,107.71869654895272
3055,0.5474256277084351,465.76579879410565,0.0,4817.29248046875,7060.0,107.75264091498684
3056,2.4917008876800537,972.5828309468925,0.0,4817.29248046875,7060.0,107.78655787499156
3057,1.2254738807678223,943.5338179171085,0.0,4817.29248046875,7060.0,107.82039345591329
3058,1.030791997909546,765.2388617508113,0.0,4817.29248046875,7060.0,107.85425829188898
3059,1.296667218208313,1391.7525860369205,0.0,4817.29248046875,7060.0,107.88810797792394
3060,1.582834005355835,1027.5270183235407,0.0,4817.29248046875,7060.0,107.92187531793024
3061,2.9513556957244873,1450.7589698396623,0.0,4817.29248046875,7060.0,107.95578024291899
3062,1.7132633924484253,1063.7080380171537,0.0,4817.29248046875,7060.0,107.98968661995605
3063,1.1545835733413696,747.143750872463,0.0,4817.29248046875,7060.0,108.02350102097262
3064,2.2346789836883545,1351.9348170757294,0.0,4817.29248046875,7060.0,108.05744547897484
3065,1.4689534902572632,1049.0951163768768,0.0,4817.29248046875,7060.0,108.09126629889943
3066,1.5106886625289917,1002.4776512123644,0.0,4817.29248046875,7060.0,108.12516402290203
3067,2.2447898387908936,1210.2600326016545,0.0,4817.29248046875,7060.0,108.15906932496
3068,2.160780429840088,1079.1916641462594,0.0,4817.29248046875,7060.0,108.19287598796654
3069,1.2987596988677979,899.9176505468786,0.0,4817.29248046875,7060.0,108.22677221591584
3070,1.5277795791625977,837.3004021700472,0.0,4817.29248046875,7060.0,108.2606891769683
3071,2.2213432788848877,1268.7265829890966,0.0,4817.29248046875,7060.0,108.29450199392159
3072,2.0537071228027344,1419.5352757908404,0.0,4817.29248046875,7060.0,108.32828370598145
3073,2.637206792831421,1366.4536949880421,0.0,4817.29248046875,7060.0,108.36216814198997
3074,1.0729601383209229,769.8012312334031,0.0,4817.29248046875,7060.0,108.39605491689872
3075,1.5495144128799438,1607.24343829602,0.0,4817.29248046875,7060.0,108.42994624690618
3076,1.4205948114395142,1760.8307683467865,0.0,4817.29248046875,7060.0,108.46390862797853
3077,1.7569283246994019,1093.0253494903445,0.0,4817.29248046875,7060.0,108.49785666493699
3078,0.598061740398407,531.841247709468,0.0,4817.29248046875,7060.0,108.53182308096439
3079,3.1148006916046143,1305.3390115387738,0.0,4817.29248046875,7060.0,108.56604358297773
3080,1.8598700761795044,1384.4546671956778,0.0,4817.29248046875,7060.0,108.59992293699179
3081,2.624398946762085,983.7556663192809,0.0,4817.29248046875,7060.0,108.6339999489719
3082,1.5035400390625,746.3498227149248,0.0,4817.29248046875,7060.0,108.6678933709627
3083,1.0368860960006714,860.4440391398966,0.0,4817.29248046875,7060.0,108.70178472297266
3084,2.0547142028808594,1169.6216119676828,0.0,4817.29248046875,7060.0,108.73566925700288
3085,2.0094058513641357,937.9620169438422,0.0,4817.29248046875,7060.0,108.76950661698356
3086,0.6391168832778931,753.0208212863654,0.0,4817.29248046875,7060.0,108.80341315094847
3087,1.109377384185791,921.9182382486761,0.0,4817.29248046875,7060.0,108.83737091289368
3088,1.4329177141189575,1084.3840892277658,0.0,4817.29248046875,7060.0,108.87126724899281
3089,2.124948024749756,868.4494577869773,0.0,4817.29248046875,7060.0,108.90499638288748
3090,1.69609534740448,859.3034408390522,0.0,4817.29248046875,7060.0,108.93878866394516
3091,2.113636016845703,934.9458171650767,0.0,4817.29248046875,7060.0,108.97265497699846
3092,1.8244935274124146,898.0589565113187,0.0,4817.29248046875,7060.0,109.00661255791783
3093,1.7194651365280151,1183.4066531136632,0.0,4817.29248046875,7060.0,109.04039067798294
3094,2.2665703296661377,1065.39368256554,0.0,4817.29248046875,7060.0,109.07417751394678
3095,1.5851645469665527,651.7501945756376,0.0,4817.29248046875,7060.0,109.10799634293653
3096,1.0841912031173706,698.4717665687203,0.0,4817.29248046875,7060.0,109.14186577789951
3097,1.466110110282898,861.4059294033796,0.0,4817.29248046875,7060.0,109.17582761496305
3098,1.4269815683364868,866.9548482149839,0.0,4817.29248046875,7060.0,109.2096613489557
3099,2.3149454593658447,974.188653409481,0.0,4817.29248046875,7060.0,109.24346384895034
3100,1.9222739934921265,953.4886157624424,0.0,4817.29248046875,7060.0,109.27726928994525
3101,1.4678819179534912,930.1803172156215,0.0,4817.29248046875,7060.0,109.3111170779448
3102,1.963815450668335,646.8080229274929,0.0,4817.29248046875,7060.0,109.34501931699924
3103,1.4878467321395874,826.4682510867715,0.0,4817.29248046875,7060.0,109.37887872196734
3104,2.880110502243042,1059.753924081102,0.0,4817.29248046875,7060.0,109.41269872197881
3105,4.328532695770264,1201.9091945644468,0.0,4817.29248046875,7060.0,109.44658960099332
3106,1.3148219585418701,641.5888253282756,0.0,4817.29248046875,7060.0,109.48052027600352
3107,2.4957633018493652,1075.4733689427376,0.0,4817.29248046875,7060.0,109.51473107293714
3108,0.9823518991470337,596.8177999183536,0.0,4817.29248046875,7060.0,109.54863630491309
3109,1.5734187364578247,829.5239033326507,0.0,4817.29248046875,7060.0,109.58245716500096
3110,3.1947433948516846,1132.9283516928554,0.0,4817.29248046875,7060.0,109.61657451896463
3111,2.0406131744384766,1135.1226100996137,0.0,4817.29248046875,7060.0,109.65045829990413
3112,3.417247772216797,1052.4243718981743,0.0,4817.29248046875,7060.0,109.68454648100305
3113,1.9775826930999756,946.9264236241579,0.0,4817.29248046875,7060.0,109.71827599790413
3114,2.0788612365722656,1076.2265618741512,0.0,4817.29248046875,7060.0,109.7520588869229
3115,1.5666180849075317,1304.5062812492251,0.0,4817.29248046875,7060.0,109.78593612893019
3116,1.5613375902175903,880.1915893740952,0.0,4817.29248046875,7060.0,109.81979323690757
3117,1.7304669618606567,874.9437149967998,0.0,4817.29248046875,7060.0,109.85361896199174
3118,2.078294515609741,809.7421920187771,0.0,4817.29248046875,7060.0,109.88741302897688
3119,1.513545274734497,960.4412504732609,0.0,4817.29248046875,7060.0,109.92133212089539
3120,0.9023317098617554,691.3244221489877,0.0,4817.29248046875,7060.0,109.95527789893094
3121,2.103252410888672,1127.185983210802,0.0,4817.29248046875,7060.0,109.98924553499091
3122,0.8005226850509644,686.2393272034824,0.0,4817.29248046875,7060.0,110.02325205190573
3123,2.3318350315093994,962.299185551703,0.0,4817.29248046875,7060.0,110.05712059396319
3124,3.0073447227478027,1178.5838050022721,0.0,4817.29248046875,7060.0,110.09104896592908
3125,1.9758281707763672,1434.195064947009,0.0,4817.29248046875,7060.0,110.12482564290985
3126,1.4328513145446777,1387.4442421086133,0.0,4817.29248046875,7060.0,110.1587390609784
3127,1.3706194162368774,846.0320586971939,0.0,4817.29248046875,7060.0,110.19256293191575
3128,1.7262393236160278,793.6920638643205,0.0,4817.29248046875,7060.0,110.22639587393496
3129,1.2200210094451904,823.0535669103265,0.0,4817.29248046875,7060.0,110.26033240999095
3130,1.588513731956482,1067.2792814224958,0.0,4817.29248046875,7060.0,110.29421207297128
3131,1.2332782745361328,721.6691048964858,0.0,4817.29248046875,7060.0,110.32807341497391
3132,1.50741446018219,1026.0568321943283,0.0,4817.29248046875,7060.0,110.36183187097777
3133,1.6790153980255127,821.9883432090282,0.0,4817.29248046875,7060.0,110.39572552591562
3134,1.2069859504699707,900.9795708581805,0.0,4817.29248046875,7060.0,110.4295846199384
3135,2.3614370822906494,1158.73674640432,0.0,4817.29248046875,7060.0,110.46335829095915
3136,0.8523661494255066,960.1266164518893,0.0,4817.29248046875,7060.0,110.49722715897951
3137,1.5255002975463867,815.1651573218405,0.0,4817.29248046875,7060.0,110.53117356298026
3138,0.6954423189163208,548.1231694705784,0.0,4817.29248046875,7060.0,110.56509934994392
3139,1.6578783988952637,958.10467149131,0.0,4817.29248046875,7060.0,110.59902011498343
3140,1.5070624351501465,1120.4593164250255,0.0,4817.29248046875,7060.0,110.63285466993693
3141,1.1161999702453613,874.6887298263609,0.0,4817.29248046875,7060.0,110.66687273292337
3142,1.9134923219680786,825.4300505397841,0.0,4817.29248046875,7060.0,110.70097458700184
3143,1.3116329908370972,597.6312728319317,0.0,4817.29248046875,7060.0,110.73484299192205
3144,1.6372108459472656,849.9249396696687,0.0,4817.29248046875,7060.0,110.76869793597143
3145,2.6488003730773926,1210.4074787348509,0.0,4817.29248046875,7060.0,110.80260626296513
3146,1.5706241130828857,1122.2269232980907,0.0,4817.29248046875,7060.0,110.83648005092982
3147,2.113356113433838,1648.4848411493003,0.0,4817.29248046875,7060.0,110.87030344689265
3148,2.6214189529418945,930.5906007066369,0.0,4817.29248046875,7060.0,110.90412235097028
3149,1.6290967464447021,916.5391988102347,0.0,4817.29248046875,7060.0,110.9380014949711
3150,0.8107609152793884,513.184089269489,0.0,4817.29248046875,7060.0,110.97194533399306
3151,1.0810989141464233,1099.242594446987,0.0,4817.29248046875,7060.0,111.00587632297538
3152,2.4714057445526123,1502.1042235940695,0.0,4817.29248046875,7060.0,111.0398620449705
3153,1.7973425388336182,872.7240277379751,0.0,4817.29248046875,7060.0,111.07373197400011
3154,2.4851505756378174,1726.7597311586142,0.0,4817.29248046875,7060.0,111.1074950209586
3155,1.0309826135635376,722.1751948520541,0.0,4817.29248046875,7060.0,111.14138858392835
3156,1.4119226932525635,752.4897020980716,0.0,4817.29248046875,7060.0,111.17526551894844
3157,2.7527434825897217,1329.5529206618667,0.0,4817.29248046875,7060.0,111.20909667189699
3158,1.132760763168335,816.4249878581613,0.0,4817.29248046875,7060.0,111.24300828494597
3159,1.322119116783142,1294.5350024923682,0.0,4817.29248046875,7060.0,111.2767564089736
3160,1.5491759777069092,1092.331137418747,0.0,4817.29248046875,7060.0,111.31063423096202
3161,1.4289759397506714,1160.2062321305275,0.0,4817.29248046875,7060.0,111.34448385389987
3162,1.5564451217651367,1271.9974342435598,0.0,4817.29248046875,7060.0,111.37832647690084
3163,1.7056525945663452,1039.7246284000576,0.0,4817.29248046875,7060.0,111.4122263659956
3164,1.3053756952285767,638.3981136456132,0.0,4817.29248046875,7060.0,111.44610354490578
3165,2.279120922088623,834.0132180377841,0.0,4817.29248046875,7060.0,111.47993537795264
3166,3.240265130996704,1260.3047706708312,0.0,4817.29248046875,7060.0,111.51380183792207
3167,3.299227237701416,1843.812964644283,0.0,4817.29248046875,7060.0,111.54767216893379
3168,1.198042869567871,1055.3458976969123,0.0,4817.29248046875,7060.0,111.58153518498875
3169,1.4736021757125854,788.307533044368,0.0,4817.29248046875,7060.0,111.61540116195101
3170,1.1558111906051636,706.524682380259,0.0,4817.29248046875,7060.0,111.64926938991994
3171,1.6519845724105835,1664.0588208287954,0.0,4817.29248046875,7060.0,111.68311810598243
3172,1.3399511575698853,934.5776307787746,0.0,4817.29248046875,7060.0,111.7168610659428
3173,1.5934648513793945,745.2440027557313,0.0,4817.29248046875,7060.0,111.7507961129304
3174,2.371642827987671,1055.9770107455552,0.0,4817.29248046875,7060.0,111.78463404497597
3175,1.444163203239441,1063.0440866872668,0.0,4817.29248046875,7060.0,111.81851227395236
3176,1.7051620483398438,737.0556687228382,0.0,4817.29248046875,7060.0,111.8524056719616
3177,1.7774059772491455,844.174447402358,0.0,4817.29248046875,7060.0,111.88622500293422
3178,1.3310099840164185,781.4136994108558,0.0,4817.29248046875,7060.0,111.92010742693674
3179,1.097358226776123,636.2105673626065,0.0,4817.29248046875,7060.0,111.95402422291227
3180,1.7868939638137817,854.2936031892896,0.0,4817.29248046875,7060.0,111.98794769891538
3181,1.6277477741241455,1423.7507447451353,0.0,4817.29248046875,7060.0,112.02195989096072
3182,2.090036392211914,1117.041860051453,0.0,4817.29248046875,7060.0,112.05577547091525
3183,1.4853607416152954,874.6212549190968,0.0,4817.29248046875,7060.0,112.08951684599742
3184,0.9603922367095947,710.2502088677138,0.0,4817.29248046875,7060.0,112.12337732198648
3185,1.9005262851715088,1569.230444073677,0.0,4817.29248046875,7060.0,112.15593650995288
3186,1.3961188793182373,1026.8156199902296,0.0,4817.29248046875,7060.0,112.18984732800163
3187,1.2006089687347412,740.6474735978991,0.0,4817.29248046875,7060.0,112.22370126494206
3188,1.7315090894699097,1007.8070174194872,0.0,4817.29248046875,7060.0,112.25752571492922
3189,1.706785798072815,967.6630238480866,0.0,4817.29248046875,7060.0,112.29141292895656
3190,1.3383588790893555,1225.242222495377,0.0,4817.29248046875,7060.0,112.32532094290946
3191,1.7281758785247803,1114.935750246048,0.0,4817.29248046875,7060.0,112.35926188493613
3192,1.7091447114944458,863.7790084145963,0.0,4817.29248046875,7060.0,112.39316877292003
3193,1.6496033668518066,934.2947187162936,0.0,4817.29248046875,7060.0,112.42692574998364
3194,2.903135061264038,1091.1797791011631,0.0,4817.29248046875,7060.0,112.46089079894591
3195,2.543832302093506,1384.6334564685822,0.0,4817.29248046875,7060.0,112.49476466898341
3196,1.772115707397461,872.6122517734766,0.0,4817.29248046875,7060.0,112.52878174791113
3197,1.2555902004241943,876.9403136894107,0.0,4817.29248046875,7060.0,112.56268556497525
3198,1.4543299674987793,1018.66666059196,0.0,4817.29248046875,7060.0,112.59666516794823
3199,1.4987077713012695,828.2505743131042,0.0,4817.29248046875,7060.0,112.6306117749773
3200,2.5034937858581543,971.8383651450276,0.0,4817.29248046875,7060.0,112.66480687295552
3201,1.342307686805725,814.9924538582563,0.0,4817.29248046875,7060.0,112.69895808189176
3202,1.5257761478424072,1304.8338296040893,0.0,4817.29248046875,7060.0,112.73277550295461
3203,3.0590548515319824,1057.406636055559,0.0,4817.29248046875,7060.0,112.76690026698634
3204,1.6147328615188599,622.9755549244583,0.0,4817.29248046875,7060.0,112.800841094926
3205,2.1709048748016357,1171.256581529975,0.0,4817.29248046875,7060.0,112.83475702989381
3206,1.0055992603302002,892.8544827178121,0.0,4817.29248046875,7060.0,112.86866075894795
3207,1.4855386018753052,935.6716982871294,0.0,4817.29248046875,7060.0,112.90258189896122
3208,2.4370999336242676,960.9853473342955,0.0,4817.29248046875,7060.0,112.93662445491645
3209,2.258094310760498,1083.2222028374672,0.0,4817.29248046875,7060.0,112.97049094398972
3210,1.8354089260101318,1483.0136604607105,0.0,4817.29248046875,7060.0,113.00440472690389
3211,1.1113717555999756,981.3832419365644,0.0,4817.29248046875,7060.0,113.03832682897337
3212,1.8286386728286743,1425.758151192218,0.0,4817.29248046875,7060.0,113.07228122092783
3213,1.2171456813812256,1224.4296249132603,0.0,4817.29248046875,7060.0,113.10627462691627
3214,1.9462413787841797,1641.6581979244947,0.0,4817.29248046875,7060.0,113.14021347195376
3215,2.0256125926971436,976.6845081597567,0.0,4817.29248046875,7060.0,113.1740079189185
3216,2.100909471511841,977.9465623833239,0.0,4817.29248046875,7060.0,113.20809594297316
3217,1.2774012088775635,970.4927684403956,0.0,4817.29248046875,7060.0,113.24203957396094
3218,2.15431547164917,1178.2453171610832,0.0,4817.29248046875,7060.0,113.2758750639623
3219,4.0921831130981445,1587.0786360614002,0.0,4817.29248046875,7060.0,113.30964485893492
3220,1.987625002861023,857.1956029906869,0.0,4817.29248046875,7060.0,113.34354855900165
3221,3.3949694633483887,1337.3117355518043,0.0,4817.29248046875,7060.0,113.3774926509941
3222,1.9910743236541748,1063.3528173491359,0.0,4817.29248046875,7060.0,113.41133176290896
3223,0.6165449023246765,609.151862738654,0.0,4817.29248046875,7060.0,113.44525254389737
3224,1.8426839113235474,1116.8485358655453,0.0,4817.29248046875,7060.0,113.47912605293095
3225,1.9205596446990967,938.7923135291785,0.0,4817.29248046875,7060.0,113.51314089191146
3226,2.0259745121002197,1234.6928342282772,0.0,4817.29248046875,7060.0,113.54712219093926
3227,1.594652533531189,790.8377508111298,0.0,4817.29248046875,7060.0,113.58102910697926
3228,0.934869647026062,698.4458221681416,0.0,4817.29248046875,7060.0,113.61488331994042
3229,1.05607271194458,822.8221882600337,0.0,4817.29248046875,7060.0,113.64877872297075
3230,1.8495186567306519,882.1655125543475,0.0,4817.29248046875,7060.0,113.68267543800175
3231,1.1527841091156006,914.2888892963529,0.0,4817.29248046875,7060.0,113.71655208792072
3232,2.0800650119781494,1232.8461586497724,0.0,4817.29248046875,7060.0,113.75038235995453
3233,1.477780818939209,1079.4672569818795,0.0,4817.29248046875,7060.0,113.78420410398394
3234,1.4648150205612183,971.4171254448593,0.0,4817.29248046875,7060.0,113.81803280394524
3235,1.1401759386062622,777.1428120564669,0.0,4817.29248046875,7060.0,113.851856054971
3236,1.627130150794983,821.4539888724685,0.0,4817.29248046875,7060.0,113.88562826090492
3237,1.0450547933578491,1010.4153399113566,0.0,4817.29248046875,7060.0,113.9194876709953
3238,1.9407141208648682,862.0239440649748,0.0,4817.29248046875,7060.0,113.95333672699053
3239,0.8525527715682983,519.1387328607962,0.0,4817.29248046875,7060.0,113.98731425998267
3240,1.260905385017395,773.6342458762228,0.0,4817.29248046875,7060.0,114.02138326293789
3241,0.9265744090080261,923.1135008335114,0.0,4817.29248046875,7060.0,114.0552701249253
3242,2.2787294387817383,1252.9479235261679,0.0,4817.29248046875,7060.0,114.08918953093234
3243,1.7235746383666992,1377.1671739667654,0.0,4817.29248046875,7060.0,114.12303189199883
3244,2.0422167778015137,950.8246836066246,0.0,4817.29248046875,7060.0,114.156873891945
3245,1.4244524240493774,766.5535933822393,0.0,4817.29248046875,7060.0,114.19075994496234
3246,1.8962349891662598,780.131414912641,0.0,4817.29248046875,7060.0,114.22453053190839
3247,2.187448263168335,1167.0553849898279,0.0,4817.29248046875,7060.0,114.25836645090021
3248,1.8772372007369995,1176.973211236298,0.0,4817.29248046875,7060.0,114.29222262790427
3249,1.6232599020004272,1090.5823930613697,0.0,4817.29248046875,7060.0,114.32613518589642
3250,2.884542465209961,1668.6769933998585,0.0,4817.29248046875,7060.0,114.35991740995087
3251,1.6948410272598267,1021.2856789566576,0.0,4817.29248046875,7060.0,114.39381956891157
3252,2.3158462047576904,1133.4050110280514,0.0,4817.29248046875,7060.0,114.42757116490975
3253,1.9046261310577393,1092.946905978024,0.0,4817.29248046875,7060.0,114.46138378093019
3254,1.1950520277023315,741.2442226558924,0.0,4817.29248046875,7060.0,114.49535140988883
3255,1.0576550960540771,617.1000585444272,0.0,4817.29248046875,7060.0,114.52920402691234
3256,1.8523391485214233,919.4243717156351,0.0,4817.29248046875,7060.0,114.5629993659677
3257,1.31247878074646,689.4093614779413,0.0,4817.29248046875,7060.0,114.59695534792263
3258,1.5067551136016846,713.6860241480172,0.0,4817.29248046875,7060.0,114.63083768088836
3259,1.2984579801559448,795.9534582775086,0.0,4817.29248046875,7060.0,114.66475565289147
3260,1.7111473083496094,997.7893922412768,0.0,4817.29248046875,7060.0,114.6986084029777
3261,0.6235232353210449,709.813044577837,0.0,4817.29248046875,7060.0,114.7324874199694
3262,1.1509579420089722,876.569273037836,0.0,4817.29248046875,7060.0,114.76637846499216
3263,1.0755263566970825,634.5089427176863,0.0,4817.29248046875,7060.0,114.80027023993898
3264,1.8223265409469604,927.0555947050452,0.0,4817.29248046875,7060.0,114.83414959500078
3265,1.7973672151565552,847.0862159654498,0.0,4817.29248046875,7060.0,114.86805542593356
3266,2.7507164478302,911.0909258499742,0.0,4817.29248046875,7060.0,114.90193158295006
3267,0.9434178471565247,694.287513397634,0.0,4817.29248046875,7060.0,114.93582878494635
3268,1.000810980796814,658.4975156374276,0.0,4817.29248046875,7060.0,114.96974730188958
3269,1.4298162460327148,701.7788633704185,0.0,4817.29248046875,7060.0,115.00373129290529
3270,1.8995598554611206,800.1732877269387,0.0,4817.29248046875,7060.0,115.03769819694571
3271,3.4674246311187744,1517.4828443191946,0.0,4817.29248046875,7060.0,115.07165638799779
3272,1.5787642002105713,967.3747906200588,0.0,4817.29248046875,7060.0,115.10562638100237
3273,1.4701682329177856,603.5962373428047,0.0,4817.29248046875,7060.0,115.1395487759728
3274,0.8091840744018555,699.680925693363,0.0,4817.29248046875,7060.0,115.17336816899478
3275,3.0274710655212402,1055.4517766516656,0.0,4817.29248046875,7060.0,115.20725196192507
3276,2.111119508743286,1025.2590971849859,0.0,4817.29248046875,7060.0,115.24117540288717
3277,1.6378408670425415,1138.439218422398,0.0,4817.29248046875,7060.0,115.2749231759226
3278,1.8964529037475586,890.3430561963469,0.0,4817.29248046875,7060.0,115.30880627094302
3279,2.079545736312866,1245.0013463012874,0.0,4817.29248046875,7060.0,115.34263334691059
3280,1.459320068359375,857.6410342901945,0.0,4817.29248046875,7060.0,115.37650270399172
3281,1.063785433769226,826.3087679110467,0.0,4817.29248046875,7060.0,115.41039278090466
3282,1.3141199350357056,918.6062161009759,0.0,4817.29248046875,7060.0,115.44429001293611
3283,2.6305315494537354,880.2053174115717,0.0,4817.29248046875,7060.0,115.47834863793105
3284,2.7693886756896973,1210.9685085006058,0.0,4817.29248046875,7060.0,115.51220659795217
3285,1.1134999990463257,828.7338134087622,0.0,4817.29248046875,7060.0,115.54612691490911
3286,1.0386255979537964,683.7381595335901,0.0,4817.29248046875,7060.0,115.57996552390978
3287,1.365933895111084,1138.0167882088572,0.0,4817.29248046875,7060.0,115.61382780689746
3288,1.9316197633743286,1073.819750726223,0.0,4817.29248046875,7060.0,115.64768129296135
3289,1.5266293287277222,968.6417085342109,0.0,4817.29248046875,7060.0,115.6815653629601
3290,1.6513464450836182,1135.0272302143276,0.0,4817.29248046875,7060.0,115.7153979470022
3291,1.5200828313827515,939.4467246923596,0.0,4817.29248046875,7060.0,115.74929525295738
3292,1.3602627515792847,735.3128738012165,0.0,4817.29248046875,7060.0,115.7832047889242
3293,1.0916157960891724,733.6909003090113,0.0,4817.29248046875,7060.0,115.81717963400297
3294,1.453537940979004,975.624201476574,0.0,4817.29248046875,7060.0,115.85097333893646
3295,2.464343786239624,813.6418962460011,0.0,4817.29248046875,7060.0,115.88509395089932
3296,2.2118730545043945,848.3510983288288,0.0,4817.29248046875,7060.0,115.91913048794959
3297,1.4033524990081787,1151.623434908688,0.0,4817.29248046875,7060.0,115.95298450696282
3298,1.9190555810928345,880.2840028740466,0.0,4817.29248046875,7060.0,115.98695745889563
3299,1.8786004781723022,1077.887364141643,0.0,4817.29248046875,7060.0,116.021079225
3300,2.5192956924438477,771.6775990054011,0.0,4817.29248046875,7060.0,116.05496898188721
3301,1.6457741260528564,1029.3551245853305,0.0,4817.29248046875,7060.0,116.08890386088751
3302,1.7543336153030396,841.2451476398855,0.0,4817.29248046875,7060.0,116.12284879991785
3303,2.771031379699707,1080.7395288273692,0.0,4817.29248046875,7060.0,116.15675471397117
3304,1.1778173446655273,832.5703961886466,0.0,4817.29248046875,7060.0,116.19054456194863
3305,1.611869215965271,940.5724407285452,0.0,4817.29248046875,7060.0,116.22445233992767
3306,1.2705492973327637,682.8947503753006,0.0,4817.29248046875,7060.0,116.258323395974
3307,3.1766586303710938,1094.5137634687126,0.0,4817.29248046875,7060.0,116.29226633394137
3308,0.6284061074256897,471.06500480137765,0.0,4817.29248046875,7060.0,116.32638649689034
3309,1.8221553564071655,1274.715278327465,0.0,4817.29248046875,7060.0,116.36029262898955
3310,2.872877359390259,1242.6716296486557,0.0,4817.29248046875,7060.0,116.39408999995794
3311,1.7419559955596924,1084.5725145973265,0.0,4817.29248046875,7060.0,116.42792343499605
3312,1.8342775106430054,800.28652558662,0.0,4817.29248046875,7060.0,116.461895176908
3313,3.320911407470703,938.3522191550583,0.0,4817.29248046875,7060.0,116.4960194498999
3314,1.5743805170059204,1084.687091384083,0.0,4817.29248046875,7060.0,116.52993805892766
3315,1.2863777875900269,947.6756253838539,0.0,4817.29248046875,7060.0,116.56385068898089
3316,1.3138506412506104,641.0763975307345,0.0,4817.29248046875,7060.0,116.5977428399492
3317,1.7521514892578125,929.5067449249327,0.0,4817.29248046875,7060.0,116.63168536592275
3318,1.5760616064071655,1203.7460977621377,0.0,4817.29248046875,7060.0,116.66551123093814
3319,1.5907515287399292,836.0328291580081,0.0,4817.29248046875,7060.0,116.69939731096383
3320,1.3900330066680908,829.179590433836,0.0,4817.29248046875,7060.0,116.73327920492738
3321,2.620396137237549,1043.4571279771626,0.0,4817.29248046875,7060.0,116.76709978294093
3322,1.3619534969329834,990.4172857478261,0.0,4817.29248046875,7060.0,116.80092086992227
3323,1.660961389541626,742.4475124944001,0.0,4817.29248046875,7060.0,116.83478185394779
3324,2.4116768836975098,1078.8716959357262,0.0,4817.29248046875,7060.0,116.86887983698398
3325,1.6658601760864258,897.9573381263763,0.0,4817.29248046875,7060.0,116.9028016529046
3326,1.0040234327316284,732.735036010854,0.0,4817.29248046875,7060.0,116.93673911399674
3327,1.5402896404266357,886.1129912808537,0.0,4817.29248046875,7060.0,116.97066583891865
3328,2.399101734161377,893.8918566238135,0.0,4817.29248046875,7060.0,117.00467127095908
3329,2.4420738220214844,1190.1748404577374,0.0,4817.29248046875,7060.0,117.0386085358914
3330,2.439296245574951,1307.302591867745,0.0,4817.29248046875,7060.0,117.0727546159178
3331,0.6444725394248962,672.514546633698,0.0,4817.29248046875,7060.0,117.10665856790729
3332,1.6185036897659302,1186.7341271489859,0.0,4817.29248046875,7060.0,117.14053749595769
3333,1.6469181776046753,1013.3927647434175,0.0,4817.29248046875,7060.0,117.17434689495713
3334,1.6924488544464111,855.9988634847105,0.0,4817.29248046875,7060.0,117.20823945396114
3335,1.0622488260269165,565.7679753154516,0.0,4817.29248046875,7060.0,117.24217342096381
3336,1.5241057872772217,786.4995612371713,0.0,4817.29248046875,7060.0,117.27601654990576
3337,1.777340054512024,1198.3742468953133,0.0,4817.29248046875,7060.0,117.31000645493623
3338,1.3430885076522827,1023.8360343836248,0.0,4817.29248046875,7060.0,117.3439898599172
3339,2.3533990383148193,827.5025777854025,0.0,4817.29248046875,7060.0,117.37782589998096
3340,1.2817461490631104,663.3459904063493,0.0,4817.29248046875,7060.0,117.41167355398647
3341,2.246722459793091,1627.8226712979376,0.0,4817.29248046875,7060.0,117.44560780597385
3342,1.5333203077316284,1261.8944171965122,0.0,4817.29248046875,7060.0,117.47953224892262
3343,2.5021538734436035,974.4018822349608,0.0,4817.29248046875,7060.0,117.51368406694382
3344,0.7880476117134094,1028.3515431508422,0.0,4817.29248046875,7060.0,117.5475433539832
3345,2.2743418216705322,1025.6144035737962,0.0,4817.29248046875,7060.0,117.58140631392598
3346,1.1309959888458252,758.233596758917,0.0,4817.29248046875,7060.0,117.61535983090289
3347,1.5435808897018433,1078.7396050058305,0.0,4817.29248046875,7060.0,117.64932776393835
3348,0.9404794573783875,1142.0087309256196,0.0,4817.29248046875,7060.0,117.68313203193247
3349,1.7062013149261475,668.4300072826445,0.0,4817.29248046875,7060.0,117.71700274990872
3350,1.9091999530792236,901.5178040228784,0.0,4817.29248046875,7060.0,117.75081742694601
3351,0.8418256044387817,888.2041892595589,0.0,4817.29248046875,7060.0,117.78473356191535
3352,1.2289711236953735,948.7524762488902,0.0,4817.29248046875,7060.0,117.81867152289487
3353,1.4581536054611206,996.0306624770164,0.0,4817.29248046875,7060.0,117.85252205096185
3354,1.25386381149292,960.4587476998568,0.0,4817.29248046875,7060.0,117.8863318678923
3355,1.3642857074737549,611.2206931114197,0.0,4817.29248046875,7060.0,117.92019479488954
3356,1.3365809917449951,826.4053325280547,0.0,4817.29248046875,7060.0,117.95416842296254
3357,0.7866198420524597,889.1136412732303,0.0,4817.29248046875,7060.0,117.98814039397985
3358,1.0376534461975098,698.7868413962424,0.0,4817.29248046875,7060.0,118.02225565793924
3359,1.5302162170410156,710.8146213367581,0.0,4817.29248046875,7060.0,118.05626381596085
3360,2.254274368286133,1228.1115512773395,0.0,4817.29248046875,7060.0,118.09007410192862
3361,2.571101665496826,1419.9060484915972,0.0,4817.29248046875,7060.0,118.12399371899664
3362,1.3523046970367432,719.516076374799,0.0,4817.29248046875,7060.0,118.1578200228978
3363,1.7505559921264648,739.6000405177474,0.0,4817.29248046875,7060.0,118.19179248297587
3364,2.969571828842163,1616.0102167502046,0.0,4817.29248046875,7060.0,118.2254896289669
3365,2.340564250946045,971.8552992194891,0.0,4817.29248046875,7060.0,118.25943613494746
3366,1.6027809381484985,1220.0279816240072,0.0,4817.29248046875,7060.0,118.29330374498386
3367,1.5238585472106934,840.8727015387267,0.0,4817.29248046875,7060.0,118.32723967789207
3368,2.1206612586975098,1172.4373018704355,0.0,4817.29248046875,7060.0,118.3610817429144
3369,1.2179107666015625,1195.7896986082196,0.0,4817.29248046875,7060.0,118.39493723690975
3370,1.7787575721740723,1005.0674534663558,0.0,4817.29248046875,7060.0,118.4288151479559
3371,1.889113187789917,766.0387751273811,0.0,4817.29248046875,7060.0,118.46262957190629
3372,2.0222878456115723,859.2585999295115,0.0,4817.29248046875,7060.0,118.49645963090006
3373,1.733289122581482,1113.0497761666775,0.0,4817.29248046875,7060.0,118.53033456299454
3374,1.1820346117019653,1123.6341603323817,0.0,4817.29248046875,7060.0,118.5642700738972
3375,0.9966648817062378,723.5719263777137,0.0,4817.29248046875,7060.0,118.59814889996778
3376,2.2923951148986816,1328.2391902804375,0.0,4817.29248046875,7060.0,118.6320806388976
3377,0.8543972373008728,892.2740039899945,0.0,4817.29248046875,7060.0,118.66609753691591
3378,2.6108992099761963,1184.0563171878457,0.0,4817.29248046875,7060.0,118.70016182796098
3379,2.203643560409546,1350.5884286090732,0.0,4817.29248046875,7060.0,118.73399307089858
3380,0.8210182785987854,666.2066180277616,0.0,4817.29248046875,7060.0,118.76789300295059
3381,1.2469514608383179,655.8384692892432,0.0,4817.29248046875,7060.0,118.8016953219194
3382,1.4244900941848755,719.6778454501182,0.0,4817.29248046875,7060.0,118.8355975409504
3383,1.2752434015274048,928.9462801031768,0.0,4817.29248046875,7060.0,118.8694726160029
3384,1.1261520385742188,994.3842858225107,0.0,4817.29248046875,7060.0,118.90336365194526
3385,1.3990229368209839,1108.9265324249864,0.0,4817.29248046875,7060.0,118.93720081995707
3386,2.1685080528259277,1273.1827562898397,0.0,4817.29248046875,7060.0,118.97110817197245
3387,1.1405857801437378,1016.1074147969484,0.0,4817.29248046875,7060.0,119.00505749590229
3388,2.849529504776001,1257.5920244827867,0.0,4817.29248046875,7060.0,119.03907530999277
3389,1.4751580953598022,668.8056439105421,0.0,4817.29248046875,7060.0,119.07298856298439
3390,1.5222221612930298,997.9294358976185,0.0,4817.29248046875,7060.0,119.1068351289723
3391,2.285454034805298,1224.1375894136727,0.0,4817.29248046875,7060.0,119.14082183293067
3392,1.1635444164276123,850.6750245541334,0.0,4817.29248046875,7060.0,119.17476890189573
3393,1.6272610425949097,1229.4963179528713,0.0,4817.29248046875,7060.0,119.2086976938881
3394,1.6244537830352783,1060.9759446419775,0.0,4817.29248046875,7060.0,119.2424749879865
3395,1.5098419189453125,1003.2568968087435,0.0,4817.29248046875,7060.0,119.27646952192299
3396,1.4750663042068481,945.8626134879887,0.0,4817.29248046875,7060.0,119.3103741989471
3397,2.2294206619262695,878.8694998025894,0.0,4817.29248046875,7060.0,119.34421727398876
3398,1.7824822664260864,832.4436742896214,0.0,4817.29248046875,7060.0,119.37827140593436
3399,1.858101725578308,954.404974590987,0.0,4817.29248046875,7060.0,119.41217369190417
3400,1.864537000656128,938.112243309617,0.0,4817.29248046875,7060.0,119.44609941495582
3401,1.8035928010940552,838.569476256147,0.0,4817.29248046875,7060.0,119.4802413629368
3402,2.5334231853485107,1158.0706227347255,0.0,4817.29248046875,7060.0,119.51408584590536
3403,1.7454832792282104,990.5903345681727,0.0,4817.29248046875,7060.0,119.54805204598233
3404,2.567732572555542,1046.9330539610237,0.0,4817.29248046875,7060.0,119.58199117390905
3405,1.4142100811004639,996.682201307267,0.0,4817.29248046875,7060.0,119.61582171393093
3406,0.7837870121002197,586.3691879212856,0.0,4817.29248046875,7060.0,119.64973864296917
3407,1.4450997114181519,797.0265296641737,0.0,4817.29248046875,7060.0,119.68368232797366
3408,1.1443907022476196,739.4095224086195,0.0,4817.29248046875,7060.0,119.7176646819571
3409,1.8887386322021484,1081.2840029373765,0.0,4817.29248046875,7060.0,119.7516151079908
3410,0.9801551699638367,724.4660436874256,0.0,4817.29248046875,7060.0,119.78554768091999
3411,3.394011974334717,1805.718685876578,0.0,4817.29248046875,7060.0,119.81944733299315
3412,0.6763512492179871,631.9156332239509,0.0,4817.29248046875,7060.0,119.8533551999135
3413,2.810096263885498,1187.8131439127028,0.0,4817.29248046875,7060.0,119.88722410192713
3414,1.5397435426712036,817.8964728973806,0.0,4817.29248046875,7060.0,119.92110252799466
3415,1.66922128200531,1316.015513598919,0.0,4817.29248046875,7060.0,119.95495609391946
3416,0.6221620440483093,531.7810117546469,0.0,4817.29248046875,7060.0,119.98888159589842
3417,1.0813493728637695,711.7702212417498,0.0,4817.29248046875,7060.0,120.02296312490944
3418,1.3925566673278809,961.8114013932645,0.0,4817.29248046875,7060.0,120.0568762779003
3419,1.9811619520187378,1228.4615268744528,0.0,4817.29248046875,7060.0,120.09075684193522
3420,3.15975022315979,978.8275212086737,0.0,4817.29248046875,7060.0,120.12457796989474
3421,1.4782750606536865,677.8827353045344,0.0,4817.29248046875,7060.0,120.15849928290118
3422,2.0284533500671387,1490.186157245189,0.0,4817.29248046875,7060.0,120.19240019191056
3423,1.4297406673431396,967.9949038345367,0.0,4817.29248046875,7060.0,120.2262900249334
3424,1.9269771575927734,1269.6943279877305,0.0,4817.29248046875,7060.0,120.26021735789254
3425,1.3930102586746216,1063.007386032492,0.0,4817.29248046875,7060.0,120.2940620459849
3426,1.6680948734283447,934.1549392938614,0.0,4817.29248046875,7060.0,120.32798494491726
3427,1.2334004640579224,781.6311208512634,0.0,4817.29248046875,7060.0,120.36194472294301
3428,1.6278553009033203,797.4513022080064,0.0,4817.29248046875,7060.0,120.39587176893838
3429,1.1480672359466553,901.578576695174,0.0,4817.29248046875,7060.0,120.42981696990319
3430,1.1345593929290771,762.7099293898791,0.0,4817.29248046875,7060.0,120.46360638993792
3431,1.5901979207992554,870.1860139891505,0.0,4817.29248046875,7060.0,120.49753350089304
3432,1.295707106590271,933.3762059137225,0.0,4817.29248046875,7060.0,120.53157845290843
3433,1.6983439922332764,836.3481040038168,0.0,4817.29248046875,7060.0,120.56552675296552
3434,0.5672427415847778,415.46460447460413,0.0,4817.29248046875,7060.0,120.59937369800173
3435,1.3288304805755615,620.613556837663,0.0,4817.29248046875,7060.0,120.6332675939193
3436,0.8754737973213196,810.701800249517,0.0,4817.29248046875,7060.0,120.66717623791192
3437,1.2554315328598022,809.2256084680557,0.0,4817.29248046875,7060.0,120.701241025934
3438,0.9773832559585571,804.8422874193639,0.0,4817.29248046875,7060.0,120.73518951795995
3439,1.9329769611358643,909.5164722651243,0.0,4817.29248046875,7060.0,120.76907688798383
3440,1.7359263896942139,738.2248936258256,0.0,4817.29248046875,7060.0,120.80300594691653
3441,0.7061808109283447,707.2029208373278,0.0,4817.29248046875,7060.0,120.83692955796141
3442,1.556207537651062,1035.8929970674217,0.0,4817.29248046875,7060.0,120.87090860493481
3443,1.7490220069885254,1001.8916141875088,0.0,4817.29248046875,7060.0,120.9047098539304
3444,1.0581448078155518,624.4458062686026,0.0,4817.29248046875,7060.0,120.93870705796871
3445,0.932196319103241,598.7798553742468,0.0,4817.29248046875,7060.0,120.97265527199488
3446,1.5996768474578857,559.1892185993493,0.0,4817.29248046875,7060.0,121.00660663994495
3447,1.857521653175354,781.373773900792,0.0,4817.29248046875,7060.0,121.04062367591541
3448,1.1412968635559082,747.6575615834445,0.0,4817.29248046875,7060.0,121.07449660496786
3449,1.413124918937683,837.6380060836673,0.0,4817.29248046875,7060.0,121.10842236096505
3450,0.6409084796905518,609.7214137073606,0.0,4817.29248046875,7060.0,121.14224246190861
3451,1.9981989860534668,691.1076131053269,0.0,4817.29248046875,7060.0,121.17616501497105
3452,1.9889764785766602,807.7871922031045,0.0,4817.29248046875,7060.0,121.21005372691434
3453,1.6607799530029297,1044.1059507802129,0.0,4817.29248046875,7060.0,121.24386839789804
3454,1.8495680093765259,1149.1726639717817,0.0,4817.29248046875,7060.0,121.27774416899774
3455,2.211423635482788,810.8407533783466,0.0,4817.29248046875,7060.0,121.31167216098402
3456,3.25618052482605,1211.3860031664371,0.0,4817.29248046875,7060.0,121.34551971091423
3457,1.7091870307922363,1041.5462754778564,0.0,4817.29248046875,7060.0,121.37930647295434
3458,1.9567657709121704,798.2716011963785,0.0,4817.29248046875,7060.0,121.41322276496794
3459,2.435434103012085,985.2857090048492,0.0,4817.29248046875,7060.0,121.44712172390427
3460,1.0890549421310425,1085.384475670755,0.0,4817.29248046875,7060.0,121.48108092998154
3461,1.3729490041732788,972.7993307411671,0.0,4817.29248046875,7060.0,121.51492213690653
3462,1.7781022787094116,1132.4406379070133,0.0,4817.29248046875,7060.0,121.54895194689743
3463,2.6733810901641846,1498.1501539722085,0.0,4817.29248046875,7060.0,121.58266407693736
3464,0.9812349081039429,813.9748299848288,0.0,4817.29248046875,7060.0,121.61660191591363
3465,1.1604074239730835,947.1335091292858,0.0,4817.29248046875,7060.0,121.65054878592491
3466,1.3399325609207153,976.8302858918905,0.0,4817.29248046875,7060.0,121.68433677696157
3467,2.071810722351074,975.5870699509978,0.0,4817.29248046875,7060.0,121.71827209496405
3468,0.9163703322410583,811.4060729295015,0.0,4817.29248046875,7060.0,121.75209308892954
3469,2.091974973678589,1129.6308111771941,0.0,4817.29248046875,7060.0,121.78602737095207
3470,1.7841123342514038,1088.9129313081503,0.0,4817.29248046875,7060.0,121.81987522996496
3471,1.5009671449661255,728.1527820602059,0.0,4817.29248046875,7060.0,121.85374206595588
3472,2.369035005569458,956.747446898371,0.0,4817.29248046875,7060.0,121.88756778999232
3473,2.4594287872314453,941.2302024886012,0.0,4817.29248046875,7060.0,121.92169062898029
3474,1.4186012744903564,787.6273241695017,0.0,4817.29248046875,7060.0,121.95557498093694
3475,2.082288980484009,911.2854137606919,0.0,4817.29248046875,7060.0,121.98948440689128
3476,1.013858437538147,1064.734265750274,0.0,4817.29248046875,7060.0,122.02341164590325
3477,0.6667394042015076,697.371953042224,0.0,4817.29248046875,7060.0,122.05749695398845
3478,2.163015604019165,1082.4309542030096,0.0,4817.29248046875,7060.0,122.09160361695103
3479,0.5918396711349487,643.5490947086364,0.0,4817.29248046875,7060.0,122.12545786600094
3480,1.4970033168792725,608.1384596116841,0.0,4817.29248046875,7060.0,122.15940117789432
3481,1.8641624450683594,1304.8155600205064,0.0,4817.29248046875,7060.0,122.19322512997314
3482,0.9488813281059265,810.2448116615415,0.0,4817.29248046875,7060.0,122.22713161597494
3483,2.5643088817596436,1274.72320997715,0.0,4817.29248046875,7060.0,122.26106402894948
3484,1.3866186141967773,727.6405822560191,0.0,4817.29248046875,7060.0,122.29495306999888
3485,0.9628753662109375,717.4295468721539,0.0,4817.29248046875,7060.0,122.32882419996895
3486,1.3676064014434814,1121.0650673136115,0.0,4817.29248046875,7060.0,122.3627227639081
3487,2.7157018184661865,1270.2711880393326,0.0,4817.29248046875,7060.0,122.39657605800312
3488,1.2432447671890259,756.0011889133602,0.0,4817.29248046875,7060.0,122.43047155300155
3489,1.329222321510315,722.1670727841556,0.0,4817.29248046875,7060.0,122.46429071191233
3490,2.3935177326202393,935.7679147087038,0.0,4817.29248046875,7060.0,122.4981817919761
3491,1.2303853034973145,817.0851218923926,0.0,4817.29248046875,7060.0,122.53218913800083
3492,1.5185467004776,982.032578278333,0.0,4817.29248046875,7060.0,122.56616493989713
3493,1.1011837720870972,808.652811979875,0.0,4817.29248046875,7060.0,122.60010697494727
3494,0.5719814300537109,500.40583961457014,0.0,4817.29248046875,7060.0,122.63409122091252
3495,3.3465664386749268,1256.5070010460913,0.0,4817.29248046875,7060.0,122.66784194891807
3496,1.8700655698776245,961.1661037802696,0.0,4817.29248046875,7060.0,122.70166301191784
3497,1.7864437103271484,794.8352189138532,0.0,4817.29248046875,7060.0,122.73555654694792
3498,3.8001792430877686,1241.0442189518362,0.0,4817.29248046875,7060.0,122.7695121288998
3499,2.127262592315674,996.4358506835997,0.0,4817.29248046875,7060.0,122.80343533493578
3500,1.601300835609436,1066.386226028204,0.0,4817.29248046875,7060.0,122.83733396290336
3501,2.626072883605957,868.4467519186437,0.0,4817.29248046875,7060.0,122.87150197592564
3502,1.7006924152374268,1048.0680110566318,0.0,4817.29248046875,7060.0,122.90543751197401
3503,1.6035492420196533,1062.6516766548157,0.0,4817.29248046875,7060.0,122.9393066149205
3504,1.318893551826477,799.9337990619242,0.0,4817.29248046875,7060.0,122.97320667793974
3505,0.9010350704193115,645.0627501867712,0.0,4817.29248046875,7060.0,123.00706431898288
3506,3.4576597213745117,1128.871791753918,0.0,4817.29248046875,7060.0,123.04133612895384
3507,1.2308152914047241,876.7545039840043,0.0,4817.29248046875,7060.0,123.07521713792812
3508,2.24479603767395,1017.556413307786,0.0,4817.29248046875,7060.0,123.10935921093915
3509,2.2045671939849854,890.8466412574053,0.0,4817.29248046875,7060.0,123.143242246937
3510,1.075600028038025,621.423894893378,0.0,4817.29248046875,7060.0,123.1771448609652
3511,1.6797460317611694,908.6784309819341,0.0,4817.29248046875,7060.0,123.2109664719319
3512,2.189469814300537,1090.4505874365568,0.0,4817.29248046875,7060.0,123.2448390419595
3513,1.0162321329116821,694.3324027098715,0.0,4817.29248046875,7060.0,123.27874309394974
3514,1.6329400539398193,1067.9303352814168,0.0,4817.29248046875,7060.0,123.31262576591689
3515,1.2870577573776245,931.9596311748028,0.0,4817.29248046875,7060.0,123.34654716798104
3516,2.1960465908050537,1171.1583577096462,0.0,4817.29248046875,7060.0,123.38039963890333
3517,2.6445460319519043,1294.0392786115408,0.0,4817.29248046875,7060.0,123.41413622989785
3518,1.6431478261947632,751.0921424627304,0.0,4817.29248046875,7060.0,123.44810581498314
3519,0.960430920124054,1060.6316186022013,0.0,4817.29248046875,7060.0,123.48194409592543
3520,1.1186366081237793,1011.40223813802,0.0,4817.29248046875,7060.0,123.51609519694466
3521,1.2926098108291626,1173.725855872035,0.0,4817.29248046875,7060.0,123.5500704809092
3522,1.8367561101913452,973.3244109526277,0.0,4817.29248046875,7060.0,123.58406915690284
3523,1.5918920040130615,701.788478013128,0.0,4817.29248046875,7060.0,123.61803785699885
3524,1.678768515586853,1061.6059066057205,0.0,4817.29248046875,7060.0,123.65191317198332
3525,1.559256672859192,992.9361957088113,0.0,4817.29248046875,7060.0,123.68583311792463
3526,1.2621947526931763,864.2749659866095,0.0,4817.29248046875,7060.0,123.71980940492358
3527,1.579345941543579,1007.6366680413485,0.0,4817.29248046875,7060.0,123.75367700099014
3528,1.6667011976242065,1631.815532632172,0.0,4817.29248046875,7060.0,123.78763125697151
3529,1.1557443141937256,1020.4282092116773,0.0,4817.29248046875,7060.0,123.82157149189152
3530,1.6416138410568237,866.7013187259436,0.0,4817.29248046875,7060.0,123.85555236891378
3531,0.9702041745185852,802.157612606883,0.0,4817.29248046875,7060.0,123.88949605589733
3532,1.015835165977478,667.9534390065819,0.0,4817.29248046875,7060.0,123.92346606892534
3533,2.0859084129333496,1579.5909386873245,0.0,4817.29248046875,7060.0,123.95732174289878
3534,2.040421962738037,925.766968794167,0.0,4817.29248046875,7060.0,123.99123344395775
3535,1.313366413116455,814.9690261557698,0.0,4817.29248046875,7060.0,124.02525517193135
3536,1.63034188747406,777.5439947545528,0.0,4817.29248046875,7060.0,124.05929397
3537,2.301074743270874,980.2556424289942,0.0,4817.29248046875,7060.0,124.09311926492956
3538,1.8310741186141968,892.2442591898143,0.0,4817.29248046875,7060.0,124.12707861990202
3539,1.6746635437011719,976.8159194923937,0.0,4817.29248046875,7060.0,124.16094840096775
3540,2.084768295288086,1284.9427275583148,0.0,4817.29248046875,7060.0,124.19482025399338
3541,1.7935374975204468,1013.8334000110626,0.0,4817.29248046875,7060.0,124.22878066590056
3542,1.533311367034912,799.2560921479017,0.0,4817.29248046875,7060.0,124.26274200098123
3543,1.2076916694641113,777.1418887544423,0.0,4817.29248046875,7060.0,124.29668582091108
3544,2.0055997371673584,1191.074802339077,0.0,4817.29248046875,7060.0,124.33051809389144
3545,1.0454078912734985,743.1599917467684,0.0,4817.29248046875,7060.0,124.36444174894132
3546,1.5539921522140503,1159.1932787187397,0.0,4817.29248046875,7060.0,124.39832948998082
3547,1.8604283332824707,947.3810516521335,0.0,4817.29248046875,7060.0,124.43220627389383
3548,1.4959309101104736,1224.0228476524353,0.0,4817.29248046875,7060.0,124.4660894148983
3549,0.8558451533317566,697.536770910956,0.0,4817.29248046875,7060.0,124.50001975195482
3550,1.6498745679855347,1111.8738733902574,0.0,4817.29248046875,7060.0,124.53407669893932
3551,1.9002270698547363,655.62380483374,0.0,4817.29248046875,7060.0,124.5682632989483
3552,1.188807487487793,1138.7075250297785,0.0,4817.29248046875,7060.0,124.60220846091397
3553,2.1919007301330566,1263.0142653435469,0.0,4817.29248046875,7060.0,124.63615135196596
3554,1.528246521949768,1116.7372842729092,0.0,4817.29248046875,7060.0,124.66994039691053
3555,1.019266128540039,882.336348131299,0.0,4817.29248046875,7060.0,124.70390416891314
3556,1.3933478593826294,758.3666689842939,0.0,4817.29248046875,7060.0,124.73786970193032
3557,2.3257386684417725,919.1736982911825,0.0,4817.29248046875,7060.0,124.77184098295402
3558,2.169921636581421,1082.840144880116,0.0,4817.29248046875,7060.0,124.80579792789649
3559,2.332829475402832,1017.9247026368976,0.0,4817.29248046875,7060.0,124.83966937591322
3560,1.4197943210601807,833.6274286638945,0.0,4817.29248046875,7060.0,124.87356746091973
3561,0.9679359793663025,681.7686038948596,0.0,4817.29248046875,7060.0,124.9075464339694
3562,2.3271639347076416,837.5101712886244,0.0,4817.29248046875,7060.0,124.9416992549086
3563,1.8958715200424194,914.6651334557682,0.0,4817.29248046875,7060.0,124.9755443969043
3564,1.6037821769714355,1021.6356941536069,0.0,4817.29248046875,7060.0,125.0094242990017
3565,1.180811882019043,736.4740594290197,0.0,4817.29248046875,7060.0,125.04348508396652
3566,1.4959206581115723,1121.9058624319732,0.0,4817.29248046875,7060.0,125.07744945597369
3567,1.7553503513336182,707.0374522078782,0.0,4817.29248046875,7060.0,125.11132921790704
3568,1.2649894952774048,791.7393782362342,0.0,4817.29248046875,7060.0,125.14534426294267
3569,1.7454665899276733,902.6388080865145,0.0,4817.29248046875,7060.0,125.17918508290313
3570,1.30467689037323,1162.0322528257966,0.0,4817.29248046875,7060.0,125.21313904598355
3571,0.793344259262085,543.0468223877251,0.0,4817.29248046875,7060.0,125.24700058298185
3572,0.9390603303909302,802.7367416992784,0.0,4817.29248046875,7060.0,125.28097276994959
3573,1.9364521503448486,1252.077330045402,0.0,4817.29248046875,7060.0,125.3148018309148
3574,1.3267625570297241,1007.2930746227503,0.0,4817.29248046875,7060.0,125.34870830597356
3575,1.087056040763855,720.2081721834838,0.0,4817.29248046875,7060.0,125.38251236092765
3576,2.510272264480591,833.1756240408868,0.0,4817.29248046875,7060.0,125.41662746295333
3577,1.4533754587173462,1140.5796195836738,0.0,4817.29248046875,7060.0,125.45046359999105
3578,1.4915235042572021,890.2381334919482,0.0,4817.29248046875,7060.0,125.48435928497929
3579,1.074539303779602,1055.2567815035582,0.0,4817.29248046875,7060.0,125.51832549495157
3580,1.3379042148590088,860.0224235057831,0.0,4817.29248046875,7060.0,125.55238175299019
3581,2.350701093673706,1073.1104884967208,0.0,4817.29248046875,7060.0,125.58632317290176
3582,1.6537843942642212,828.342496175319,0.0,4817.29248046875,7060.0,125.62018355599139
3583,2.1038284301757812,957.8674098923802,0.0,4817.29248046875,7060.0,125.65402631799225
3584,0.8413549065589905,610.0335910543799,0.0,4817.29248046875,7060.0,125.68793746992014
3585,1.130670189857483,806.2506947517395,0.0,4817.29248046875,7060.0,125.72181556199212
3586,1.1740511655807495,697.1814993098378,0.0,4817.29248046875,7060.0,125.75575151399244
3587,1.7779316902160645,588.70296687074,0.0,4817.29248046875,7060.0,125.78969133691862
3588,0.8628106713294983,593.55302580446,0.0,4817.29248046875,7060.0,125.82367106596939
3589,1.2302465438842773,709.1918021757156,0.0,4817.29248046875,7060.0,125.85761522792745
3590,1.125322937965393,607.0838253255934,0.0,4817.29248046875,7060.0,125.89150752092246
3591,1.5903767347335815,769.342464953661,0.0,4817.29248046875,7060.0,125.92547355091665
3592,1.5644303560256958,995.3054810576141,0.0,4817.29248046875,7060.0,125.9593476029113
3593,1.2412995100021362,1150.663656309247,0.0,4817.29248046875,7060.0,125.99333295389079
3594,1.578117847442627,734.4584086500108,0.0,4817.29248046875,7060.0,126.0273004299961
3595,1.2428113222122192,886.8049803897738,0.0,4817.29248046875,7060.0,126.06127331289463
3596,0.7266652584075928,1031.1561205387115,0.0,4817.29248046875,7060.0,126.09517669398338
3597,2.549913167953491,1335.8881233166903,0.0,4817.29248046875,7060.0,126.12943492992781
3598,1.4153257608413696,969.1070537082851,0.0,4817.29248046875,7060.0,126.16335576295387
3599,2.0005311965942383,1083.142298437655,0.0,4817.29248046875,7060.0,126.19721620192286
3600,1.0830744504928589,1005.0966680385172,0.0,4817.29248046875,7060.0,126.23113479895983
3601,1.241056203842163,1106.4281482845545,0.0,4817.29248046875,7060.0,126.26510980690364
3602,1.192313551902771,725.2151316106319,0.0,4817.29248046875,7060.0,126.29900900193024
3603,1.3986598253250122,751.9382807537913,0.0,4817.29248046875,7060.0,126.33291517093312
3604,0.8133918642997742,829.667182456702,0.0,4817.29248046875,7060.0,126.36684811499435
3605,1.7805237770080566,813.265869691968,0.0,4817.29248046875,7060.0,126.40077806997579
3606,1.5704671144485474,704.9766202419996,0.0,4817.29248046875,7060.0,126.43472040898632
3607,2.270402193069458,961.6371381171048,0.0,4817.29248046875,7060.0,126.4686074249912
3608,1.2424333095550537,728.0360054448247,0.0,4817.29248046875,7060.0,126.50256910489406
3609,1.5720542669296265,722.9838600493968,0.0,4817.29248046875,7060.0,126.5365663919365
3610,1.9446271657943726,895.5637200511992,0.0,4817.29248046875,7060.0,126.63526058499701
3611,0.7414975762367249,547.1580310519785,0.0,4817.29248046875,7060.0,126.66960430098698
3612,2.6125762462615967,904.3923595715314,0.0,4817.29248046875,7060.0,126.70352218591142
3613,2.845573902130127,1118.1890808623284,0.0,4817.29248046875,7060.0,126.73757840995677
3614,1.419350028038025,1120.3086085170507,0.0,4817.29248046875,7060.0,126.77157016296405
3615,1.715512752532959,785.3659788221121,0.0,4817.29248046875,7060.0,126.80552479496691
3616,1.7686903476715088,893.8760585412383,0.0,4817.29248046875,7060.0,126.83932973595802
3617,1.624657392501831,745.8982083536685,0.0,4817.29248046875,7060.0,126.87327214097604
3618,1.5700291395187378,994.2532112058252,0.0,4817.29248046875,7060.0,126.90725556295365
3619,1.5136533975601196,604.2408479033038,0.0,4817.29248046875,7060.0,126.94121155294124
3620,0.9780398011207581,631.3663883805275,0.0,4817.29248046875,7060.0,126.97513315198012
3621,0.6882578730583191,615.659938570112,0.0,4817.29248046875,7060.0,127.00896718492731
3622,1.2642993927001953,632.5444126054645,0.0,4817.29248046875,7060.0,127.04294693295378
3623,0.8154929876327515,720.910147158429,0.0,4817.29248046875,7060.0,127.07693177496549
3624,2.713503360748291,1000.5028132926673,0.0,4817.29248046875,7060.0,127.11093004094437
3625,1.5746413469314575,708.6225093789399,0.0,4817.29248046875,7060.0,127.14478577999398
3626,0.9164416790008545,561.6572561087087,0.0,4817.29248046875,7060.0,127.17875171091873
3627,1.5342880487442017,673.5828377641737,0.0,4817.29248046875,7060.0,127.21267837297637
3628,1.2685059309005737,822.5913853049278,0.0,4817.29248046875,7060.0,127.24657050089445
3629,1.904435157775879,807.7350544091314,0.0,4817.29248046875,7060.0,127.28045221394859
3630,1.575208067893982,795.6736085228622,0.0,4817.29248046875,7060.0,127.31445619696751
3631,0.7850771546363831,600.1685753054917,0.0,4817.29248046875,7060.0,127.34844864497427
3632,2.7413501739501953,1089.6431685388088,0.0,4817.29248046875,7060.0,127.38242892897688
3633,0.9725937247276306,683.1502730697393,0.0,4817.29248046875,7060.0,127.4163347419817
3634,1.3858205080032349,897.2281441874802,0.0,4817.29248046875,7060.0,127.45018175791483
3635,1.4925057888031006,1081.0496758259833,0.0,4817.29248046875,7060.0,127.48405977897346
3636,1.0636775493621826,660.8773855213076,0.0,4817.29248046875,7060.0,127.51799849094823
3637,0.9675003886222839,703.409052869305,0.0,4817.29248046875,7060.0,127.55217124288902
3638,1.292956829071045,1200.814016111195,0.0,4817.29248046875,7060.0,127.58615429198835
3639,2.444187641143799,979.8155139070004,0.0,4817.29248046875,7060.0,127.62017301493324
3640,0.886337161064148,652.5317755900323,0.0,4817.29248046875,7060.0,127.65415841096547
3641,0.968325138092041,674.7315103169531,0.0,4817.29248046875,7060.0,127.68817599292379
3642,1.8238192796707153,1171.8758314847946,0.0,4817.29248046875,7060.0,127.72209594899323
3643,0.9611302018165588,623.7837579920888,0.0,4817.29248046875,7060.0,127.75600635400042
3644,1.2586793899536133,865.9212967157364,0.0,4817.29248046875,7060.0,127.78991833690088
3645,2.3456501960754395,992.9442698433995,0.0,4817.29248046875,7060.0,127.82381913997233
3646,1.485023021697998,928.0476357657462,0.0,4817.29248046875,7060.0,127.85775229998399
3647,1.0890357494354248,710.4039502330124,0.0,4817.29248046875,7060.0,127.89172847091686
3648,1.045242428779602,736.7892597392201,0.0,4817.29248046875,7060.0,127.92560306296218
3649,0.9578052759170532,695.3685069531202,0.0,4817.29248046875,7060.0,127.95956509897951
3650,1.8514434099197388,922.7013476267457,0.0,4817.29248046875,7060.0,127.99342232896015
3651,2.438685417175293,1069.3279799632728,0.0,4817.29248046875,7060.0,128.02758682100102
3652,0.992206871509552,683.0085388608277,0.0,4817.29248046875,7060.0,128.06159342289902
3653,2.308924436569214,792.7630678527057,0.0,4817.29248046875,7060.0,128.0955202659825
3654,1.9252389669418335,790.1762424632907,0.0,4817.29248046875,7060.0,128.1296893529361
3655,1.8286747932434082,678.9895110204816,0.0,4817.29248046875,7060.0,128.16369254793972
3656,1.4615108966827393,903.0510667003691,0.0,4817.29248046875,7060.0,128.19750762195326
3657,1.5799156427383423,953.0186720434576,0.0,4817.29248046875,7060.0,128.2314472979633
3658,1.3687794208526611,1030.4490218013525,0.0,4817.29248046875,7060.0,128.26539380394388
3659,1.5461832284927368,1045.5677582994103,0.0,4817.29248046875,7060.0,128.29931507795118
3660,3.532843589782715,1256.8597498238087,0.0,4817.29248046875,7060.0,128.33332097390667
3661,1.0276529788970947,842.8104174546897,0.0,4817.29248046875,7060.0,128.36722989892587
3662,1.0765973329544067,1079.138855278492,0.0,4817.29248046875,7060.0,128.40112382697407
3663,1.2299714088439941,838.9800310432911,0.0,4817.29248046875,7060.0,128.43509950395674
3664,1.4198150634765625,998.5695669427514,0.0,4817.29248046875,7060.0,128.46886582497973
3665,1.4733229875564575,690.576265309006,0.0,4817.29248046875,7060.0,128.50271928997245
3666,1.5095305442810059,895.2360550239682,0.0,4817.29248046875,7060.0,128.53659168689046
3667,2.259385347366333,1031.6434029340744,0.0,4817.29248046875,7060.0,128.57099148491398
3668,1.5967373847961426,839.2178074121475,0.0,4817.29248046875,7060.0,128.60481337597594
3669,1.169024109840393,741.15848659724,0.0,4817.29248046875,7060.0,128.63878283591475
3670,1.3887569904327393,770.6461010053754,0.0,4817.29248046875,7060.0,128.67274916393217
3671,0.8864113092422485,735.8300636801869,0.0,4817.29248046875,7060.0,128.70676289091352
3672,1.9009212255477905,850.8212130405009,0.0,4817.29248046875,7060.0,128.74062113894615
3673,1.614603042602539,1614.4100905060768,0.0,4817.29248046875,7060.0,128.77461645798758
3674,1.291454792022705,688.3932583704591,0.0,4817.29248046875,7060.0,128.808510048897
3675,1.2350507974624634,932.9099756330252,0.0,4817.29248046875,7060.0,128.84252753888723
3676,2.770883798599243,1021.9857882782817,0.0,4817.29248046875,7060.0,128.8763732239604
3677,1.6748954057693481,870.0150853917003,0.0,4817.29248046875,7060.0,128.91025256190915
3678,1.4125816822052002,939.5436157770455,0.0,4817.29248046875,7060.0,128.94407990493346
3679,1.1572680473327637,1038.2035993300378,0.0,4817.29248046875,7060.0,128.97796705190558
3680,1.1541481018066406,643.4272932875901,0.0,4817.29248046875,7060.0,129.0119620319456
3681,0.9102408289909363,612.3886066097766,0.0,4817.29248046875,7060.0,129.04607428598683
3682,2.568974018096924,1055.3856232315302,0.0,4817.29248046875,7060.0,129.07993999298196
3683,1.6183178424835205,977.9768378026783,0.0,4817.29248046875,7060.0,129.11385581293143
3684,1.6023509502410889,858.1835370361805,0.0,4817.29248046875,7060.0,129.14779120497406
3685,1.3134429454803467,1168.20750689134,0.0,4817.29248046875,7060.0,129.18178136192728
3686,1.2504647970199585,890.4983908981085,0.0,4817.29248046875,7060.0,129.21572389593348
3687,1.435757040977478,669.5002568140626,0.0,4817.29248046875,7060.0,129.24971435696352
3688,1.0437226295471191,811.7327375542372,0.0,4817.29248046875,7060.0,129.28355442592874
3689,1.8241949081420898,1123.676910188049,0.0,4817.29248046875,7060.0,129.3174225758994
3690,0.7054328918457031,616.3782089101151,0.0,4817.29248046875,7060.0,129.35136863589287
3691,1.152206301689148,1130.01711794734,0.0,4817.29248046875,7060.0,129.3853305329103
3692,1.5690927505493164,908.6429864875972,0.0,4817.29248046875,7060.0,129.4192203299608
3693,0.9084829092025757,646.8585578612983,0.0,4817.29248046875,7060.0,129.45313316292595
3694,0.769098699092865,664.2167443782091,0.0,4817.29248046875,7060.0,129.4870508549502
3695,1.7644544839859009,901.4778024069965,0.0,4817.29248046875,7060.0,129.5213668840006
3696,1.248572826385498,738.9070476852357,0.0,4817.29248046875,7060.0,129.55534938594792
3697,1.2480876445770264,835.130240060389,0.0,4817.29248046875,7060.0,129.58933228696696
3698,1.0536913871765137,774.9865808188915,0.0,4817.29248046875,7060.0,129.62318417988718
3699,2.804633140563965,980.3675058111548,0.0,4817.29248046875,7060.0,129.65716191090178
3700,2.539393424987793,1485.8508327901363,0.0,4817.29248046875,7060.0,129.69105342694093
3701,0.9973168969154358,768.0969747621566,0.0,4817.29248046875,7060.0,129.72480669093784
3702,1.1025751829147339,839.9537158757448,0.0,4817.29248046875,7060.0,129.75874613795895
3703,3.1218137741088867,1114.018882330507,0.0,4817.29248046875,7060.0,129.7927874448942
3704,1.8164469003677368,1240.4770285189152,0.0,4817.29248046875,7060.0,129.82669490098488
3705,1.211592197418213,748.0272062197328,0.0,4817.29248046875,7060.0,129.8606917259749
3706,1.8892356157302856,991.1284922510386,0.0,4817.29248046875,7060.0,129.89460037299432
3707,1.2741680145263672,696.5700305327773,0.0,4817.29248046875,7060.0,129.92860255693085
3708,1.9755332469940186,774.9325042292476,0.0,4817.29248046875,7060.0,129.96277778898366
3709,2.0390517711639404,1089.3316330239177,0.0,4817.29248046875,7060.0,129.99672559299506
3710,1.3417563438415527,943.0645685791969,0.0,4817.29248046875,7060.0,130.03073391295038
3711,1.552918791770935,1005.5403828248382,0.0,4817.29248046875,7060.0,130.06467589992099
3712,1.7401610612869263,1076.0504085198045,0.0,4817.29248046875,7060.0,130.09874085290357
3713,1.6879340410232544,1070.9205414652824,0.0,4817.29248046875,7060.0,130.1325794289587
3714,1.7234399318695068,901.9596996400505,0.0,4817.29248046875,7060.0,130.16677395894658
3715,2.168562889099121,1011.9531960524619,0.0,4817.29248046875,7060.0,130.20074194890913
3716,0.9462794065475464,727.5698553975672,0.0,4817.29248046875,7060.0,130.23466517589986
3717,1.7229084968566895,1265.6873896308243,0.0,4817.29248046875,7060.0,130.26860813389067
3718,1.5848381519317627,659.3024614602327,0.0,4817.29248046875,7060.0,130.30247644498013
3719,1.986556053161621,947.2928967662156,0.0,4817.29248046875,7060.0,130.33641673997045
3720,0.8198427557945251,869.387583438307,0.0,4817.29248046875,7060.0,130.37026007589884
3721,1.9146088361740112,851.6883887499571,0.0,4817.29248046875,7060.0,130.40419062890578
3722,2.6305835247039795,1058.5095329415053,0.0,4817.29248046875,7060.0,130.43850398191717
3723,1.6351187229156494,946.082469496876,0.0,4817.29248046875,7060.0,130.47241416794714
3724,1.1927307844161987,864.8634052425623,0.0,4817.29248046875,7060.0,130.50630035693757
3725,1.4011321067810059,606.0246160104871,0.0,4817.29248046875,7060.0,130.54025388497394
3726,0.5976732969284058,490.14664169214666,0.0,4817.29248046875,7060.0,130.57438709691633
3727,1.0973279476165771,782.1708919890225,0.0,4817.29248046875,7060.0,130.60837931896094
3728,1.7533560991287231,842.8445371203125,0.0,4817.29248046875,7060.0,130.6423714190023
3729,1.9067482948303223,1014.8642292320728,0.0,4817.29248046875,7060.0,130.67638547997922
3730,1.2634837627410889,815.7881982307881,0.0,4817.29248046875,7060.0,130.71048506896477
3731,1.456433892250061,1115.9202172160149,0.0,4817.29248046875,7060.0,130.74440258089453
3732,0.8552804589271545,684.5158610455692,0.0,4817.29248046875,7060.0,130.77832863898948
3733,0.618015706539154,534.1635564565659,0.0,4817.29248046875,7060.0,130.8122215589974
3734,1.6717133522033691,1053.1865952797234,0.0,4817.29248046875,7060.0,130.84610306692775
3735,1.5471290349960327,1036.2087191790342,0.0,4817.29248046875,7060.0,130.88007134292275
3736,1.5311909914016724,693.4869305547327,0.0,4817.29248046875,7060.0,130.9139506429201
3737,1.025557279586792,871.7416075281799,0.0,4817.29248046875,7060.0,130.9479234518949
3738,1.982003092765808,1032.2633124627173,0.0,4817.29248046875,7060.0,130.9821541289566
3739,1.280672550201416,971.982762567699,0.0,4817.29248046875,7060.0,131.0161200419534
3740,1.4513819217681885,987.6314669325948,0.0,4817.29248046875,7060.0,131.05007801996544
3741,2.3447649478912354,1125.8535943329334,0.0,4817.29248046875,7060.0,131.08408093394246
3742,1.6225770711898804,713.1284792535007,0.0,4817.29248046875,7060.0,131.11787297890987
3743,1.9047127962112427,986.4011776745319,0.0,4817.29248046875,7060.0,131.15179078199435
3744,2.4421510696411133,1060.3538166563958,0.0,4817.29248046875,7060.0,131.18593486293685
3745,1.3911700248718262,879.9447852037847,0.0,4817.29248046875,7060.0,131.21982348291203
3746,2.9082272052764893,1213.2135787438601,0.0,4817.29248046875,7060.0,131.2537810408976
3747,2.1214847564697266,774.4624930508435,0.0,4817.29248046875,7060.0,131.287745523965
3748,1.8649024963378906,1017.8745358139277,0.0,4817.29248046875,7060.0,131.32171904388815
3749,1.024614691734314,678.5161705613136,0.0,4817.29248046875,7060.0,131.35568453592714
3750,1.1942551136016846,777.5222118832171,0.0,4817.29248046875,7060.0,131.38964553689584
3751,2.12774920463562,748.1226561106741,0.0,4817.29248046875,7060.0,131.42379929090384
3752,2.082448720932007,983.4883174821734,0.0,4817.29248046875,7060.0,131.4577290309826
3753,0.7371547818183899,613.8249739967287,0.0,4817.29248046875,7060.0,131.49163623189088
3754,1.4545478820800781,1211.0994185097516,0.0,4817.29248046875,7060.0,131.52554591395892
3755,1.4884377717971802,834.6868011299521,0.0,4817.29248046875,7060.0,131.55947721889243
3756,1.1973280906677246,814.162742998451,0.0,4817.29248046875,7060.0,131.59344102989417
3757,1.0165233612060547,627.1609662175179,0.0,4817.29248046875,7060.0,131.6273974099895
3758,2.121184825897217,996.3591531813145,0.0,4817.29248046875,7060.0,131.66139353392646
3759,1.1931722164154053,776.0661837309599,0.0,4817.29248046875,7060.0,131.69533651391976
3760,1.8153661489486694,1298.5867841690779,0.0,4817.29248046875,7060.0,131.72930056997575
3761,1.782126784324646,1107.1226163730025,0.0,4817.29248046875,7060.0,131.76326651591808
3762,0.9449881315231323,777.6429555583745,0.0,4817.29248046875,7060.0,131.7972142159706
3763,1.8044383525848389,810.8323929961771,0.0,4817.29248046875,7060.0,131.83122144197114
3764,2.5845420360565186,1150.8124564178288,0.0,4817.29248046875,7060.0,131.86517383193132
3765,1.3916910886764526,1586.0872409678996,0.0,4817.29248046875,7060.0,131.89905037591234
3766,0.9759081602096558,544.2347449380904,0.0,4817.29248046875,7060.0,131.93299283692613
3767,1.08457350730896,645.8522155508399,0.0,4817.29248046875,7060.0,131.96695318398997
3768,3.3996193408966064,1050.8535699173808,0.0,4817.29248046875,7060.0,132.00109596189577
3769,0.9738997220993042,856.3073560334742,0.0,4817.29248046875,7060.0,132.03515285195317
3770,1.582176685333252,849.6141590233892,0.0,4817.29248046875,7060.0,132.0691699909512
3771,1.1802297830581665,923.7849912568927,0.0,4817.29248046875,7060.0,132.10304010193795
3772,0.7190079689025879,717.6384316906333,0.0,4817.29248046875,7060.0,132.137051452999
3773,1.656158208847046,1084.7524757422507,0.0,4817.29248046875,7060.0,132.17110847390722
3774,1.0745168924331665,765.7466534841806,0.0,4817.29248046875,7060.0,132.20501367689576
3775,0.870678186416626,691.9485986977816,0.0,4817.29248046875,7060.0,132.23896956595127
3776,1.0187641382217407,863.7549819275737,0.0,4817.29248046875,7060.0,132.2728843189543
3777,1.890476107597351,916.9886183217168,0.0,4817.29248046875,7060.0,132.30684546695556
3778,1.7828755378723145,1073.7515905946493,0.0,4817.29248046875,7060.0,132.34073535795324
3779,1.429080843925476,1152.8994891047478,0.0,4817.29248046875,7060.0,132.37460492097307
3780,1.7978897094726562,932.5780515875667,0.0,4817.29248046875,7060.0,132.4085215969244
3781,1.7660483121871948,837.2057439312339,0.0,4817.29248046875,7060.0,132.44266653293744
3782,2.012239456176758,1479.9075758755207,0.0,4817.29248046875,7060.0,132.4765095670009
3783,1.1652365922927856,845.1465147286654,0.0,4817.29248046875,7060.0,132.51045860198792
3784,1.9288848638534546,919.616965636611,0.0,4817.29248046875,7060.0,132.54445799195673
3785,2.2695870399475098,1626.0495491996408,0.0,4817.29248046875,7060.0,132.578505644924
3786,1.235066294670105,712.0749038793147,0.0,4817.29248046875,7060.0,132.61258783191442
3787,1.3889994621276855,960.5742871053517,0.0,4817.29248046875,7060.0,132.64665792090818
3788,2.386305093765259,955.1194829456508,0.0,4817.29248046875,7060.0,132.68057693296578
3789,2.130505084991455,876.7323559559882,0.0,4817.29248046875,7060.0,132.71478259994183
3790,1.0469257831573486,622.0650302506983,0.0,4817.29248046875,7060.0,132.7487771799788
3791,1.587294101715088,901.2694221585989,0.0,4817.29248046875,7060.0,132.78274149494246
3792,1.4756958484649658,738.3177811652422,0.0,4817.29248046875,7060.0,132.816696464899
3793,2.3037092685699463,1074.579430937767,0.0,4817.29248046875,7060.0,132.85066396498587
3794,1.1520352363586426,864.8860510289669,0.0,4817.29248046875,7060.0,132.884651964996
3795,1.4945690631866455,980.9999550655484,0.0,4817.29248046875,7060.0,132.91856555489358
3796,1.3459992408752441,979.1701306477189,0.0,4817.29248046875,7060.0,132.95250060700346
3797,2.339939594268799,1075.2468118965626,0.0,4817.29248046875,7060.0,132.9867580779828
3798,1.01053786277771,742.6207571234554,0.0,4817.29248046875,7060.0,133.02074013091624
3799,2.491323471069336,1124.0606901459396,0.0,4817.29248046875,7060.0,133.0546580159571
3800,0.9149478077888489,742.0655807629228,0.0,4817.29248046875,7060.0,133.0885997809237
3801,2.0988974571228027,1103.5229285657406,0.0,4817.29248046875,7060.0,133.12264087889344
3802,1.740576982498169,818.9963159374893,0.0,4817.29248046875,7060.0,133.1565739349462
3803,1.2678513526916504,583.2527589891106,0.0,4817.29248046875,7060.0,133.19058432197198
3804,2.0814874172210693,814.8305702321231,0.0,4817.29248046875,7060.0,133.22439836792182
3805,1.1451342105865479,643.00250916183,0.0,4817.29248046875,7060.0,133.25840684596915
3806,0.8169569969177246,553.3249636758119,0.0,4817.29248046875,7060.0,133.29238511098083
3807,1.2767133712768555,674.8510858900845,0.0,4817.29248046875,7060.0,133.32622528495267
3808,1.1585686206817627,906.3909756951034,0.0,4817.29248046875,7060.0,133.3601558309747
3809,0.9404205083847046,601.0482135303319,0.0,4817.29248046875,7060.0,133.39411682193168
3810,0.8379619717597961,618.8846685998142,0.0,4817.29248046875,7060.0,133.42803752492182
3811,1.1524646282196045,959.2958798110485,0.0,4817.29248046875,7060.0,133.4617961179465
3812,1.2953261137008667,674.1391371972859,0.0,4817.29248046875,7060.0,133.4957544239005
3813,1.6414330005645752,736.1986093223095,0.0,4817.29248046875,7060.0,133.5298564459663
3814,0.9046003818511963,714.1122789792717,0.0,4817.29248046875,7060.0,133.5638486049138
3815,1.4244438409805298,1009.243294544518,0.0,4817.29248046875,7060.0,133.59782364498824
3816,0.9829270839691162,665.4914629124105,0.0,4817.29248046875,7060.0,133.63184938393533
3817,1.2168055772781372,1167.361480936408,0.0,4817.29248046875,7060.0,133.6658400669694
3818,0.9764163494110107,645.0270117111504,0.0,4817.29248046875,7060.0,133.69980261090677
3819,1.141539454460144,582.5855733081698,0.0,4817.29248046875,7060.0,133.7337596389698
3820,2.5596070289611816,988.3315599411726,0.0,4817.29248046875,7060.0,133.76802289893385
3821,1.4084044694900513,754.6574414074421,0.0,4817.29248046875,7060.0,133.8019925589906
3822,1.3797483444213867,700.8889919277281,0.0,4817.29248046875,7060.0,133.83596772688907
3823,1.4233759641647339,764.0286971218884,0.0,4817.29248046875,7060.0,133.86988106998615
3824,1.483357548713684,792.2975878864527,0.0,4817.29248046875,7060.0,133.90379824792035
3825,1.1582592725753784,587.5647469926625,0.0,4817.29248046875,7060.0,133.9377104039304
3826,1.4628936052322388,772.7417871877551,0.0,4817.29248046875,7060.0,133.97165405692067
3827,0.7644885778427124,782.5565635394305,0.0,4817.29248046875,7060.0,134.005490848911
3828,1.6863006353378296,962.8871583640575,0.0,4817.29248046875,7060.0,134.03934934991412
3829,0.6918861269950867,609.2511900244281,0.0,4817.29248046875,7060.0,134.0733569349395
3830,0.8099953532218933,573.0870424015447,0.0,4817.29248046875,7060.0,134.10738314595073
3831,1.162833333015442,853.1804685629904,0.0,4817.29248046875,7060.0,134.14121957099997
3832,1.674543857574463,959.097329929471,0.0,4817.29248046875,7060.0,134.17511357890908
3833,0.6658686995506287,599.1838983651251,0.0,4817.29248046875,7060.0,134.2091126529267
3834,1.0325531959533691,746.646749727428,0.0,4817.29248046875,7060.0,134.24312582588755
3835,1.0061993598937988,680.2276238445193,0.0,4817.29248046875,7060.0,134.27712692599744
3836,1.025149941444397,1013.7854720167816,0.0,4817.29248046875,7060.0,134.3110886029899
3837,1.7936757802963257,1660.8695202749223,0.0,4817.29248046875,7060.0,134.34503366192803
3838,1.12308669090271,1225.719121567905,0.0,4817.29248046875,7060.0,134.37887843197677
3839,1.3360886573791504,864.0887523144484,0.0,4817.29248046875,7060.0,134.41286394093186
3840,2.637489080429077,1318.2638753652573,0.0,4817.29248046875,7060.0,134.44675348489545
3841,1.383913278579712,745.8322699964046,0.0,4817.29248046875,7060.0,134.48076942597982
3842,1.6294264793395996,1032.9354016147554,0.0,4817.29248046875,7060.0,134.5147313149646
3843,1.1220160722732544,793.5620014816523,0.0,4817.29248046875,7060.0,134.54872961796355
3844,1.5346596240997314,721.4601267650723,0.0,4817.29248046875,7060.0,134.58273172890767
3845,0.9524499177932739,600.9223463926464,0.0,4817.29248046875,7060.0,134.61668385693338
3846,1.6191153526306152,948.3430396616459,0.0,4817.29248046875,7060.0,134.65070111700334
3847,1.7397280931472778,723.7185645438731,0.0,4817.29248046875,7060.0,134.68456609291025
3848,1.0603916645050049,670.3613858260214,0.0,4817.29248046875,7060.0,134.71851993899327
3849,0.7881474494934082,712.0158282443881,0.0,4817.29248046875,7060.0,134.75228491297457
3850,1.9349411725997925,911.9060952886939,0.0,4817.29248046875,7060.0,134.78623854299076
3851,1.4288954734802246,730.2128512896597,0.0,4817.29248046875,7060.0,134.8201808289159
3852,2.630774974822998,1016.6503424737602,0.0,4817.29248046875,7060.0,134.85412714094855
3853,2.1935946941375732,1010.1164752617478,0.0,4817.29248046875,7060.0,134.88828319089953
3854,1.5397433042526245,1183.3804818466306,0.0,4817.29248046875,7060.0,134.9221546939807
3855,1.749199628829956,879.1280476562679,0.0,4817.29248046875,7060.0,134.95599562500138
3856,1.0853593349456787,741.6525809802115,0.0,4817.29248046875,7060.0,134.98997027997393
3857,1.1116143465042114,629.2644393593073,0.0,4817.29248046875,7060.0,135.0239551909035
3858,1.5763970613479614,1334.9205358475447,0.0,4817.29248046875,7060.0,135.05793910392094
3859,1.1353790760040283,659.2606486454606,0.0,4817.29248046875,7060.0,135.0919533749111
3860,1.2260512113571167,668.6758175063878,0.0,4817.29248046875,7060.0,135.12589630298316
3861,1.4805388450622559,844.4356127902865,0.0,4817.29248046875,7060.0,135.15983924793545
3862,2.1287925243377686,1079.6407368555665,0.0,4817.29248046875,7060.0,135.1941254088888
3863,0.9953173398971558,948.8576152399182,0.0,4817.29248046875,7060.0,135.22812590899412
3864,1.8725392818450928,1441.455984979868,0.0,4817.29248046875,7060.0,135.26194540399592
3865,1.4697952270507812,784.1019446067512,0.0,4817.29248046875,7060.0,135.29595893993974
3866,1.5324738025665283,1056.3048321530223,0.0,4817.29248046875,7060.0,135.32989372999873
3867,1.0547568798065186,1018.0624035783112,0.0,4817.29248046875,7060.0,135.3638514248887
3868,2.305147886276245,835.405365459621,0.0,4817.29248046875,7060.0,135.3978266819613
3869,1.1354091167449951,921.284967970103,0.0,4817.29248046875,7060.0,135.43181719793938
3870,1.4808013439178467,1036.507927235216,0.0,4817.29248046875,7060.0,135.465823796927
3871,0.6974614858627319,509.2120898813009,0.0,4817.29248046875,7060.0,135.49982093297876
3872,0.8816726803779602,623.7732266578823,0.0,4817.29248046875,7060.0,135.53383831691463
3873,1.3134660720825195,855.6956562399864,0.0,4817.29248046875,7060.0,135.56794932391495
3874,2.1210250854492188,862.1508283484727,0.0,4817.29248046875,7060.0,135.60197150695603
3875,1.0633233785629272,901.6984535865486,0.0,4817.29248046875,7060.0,135.63582436391152
3876,1.0950852632522583,965.5633139275014,0.0,4817.29248046875,7060.0,135.66971895494498
3877,1.0101042985916138,665.1288190633059,0.0,4817.29248046875,7060.0,135.70387336798012
3878,1.5970618724822998,919.9819896221161,0.0,4817.29248046875,7060.0,135.737799452967
3879,1.3761965036392212,759.2557981722057,0.0,4817.29248046875,7060.0,135.77181646693498
3880,0.852748692035675,489.984625345096,0.0,4817.29248046875,7060.0,135.8057479179697
3881,2.0803470611572266,1014.9656591992825,0.0,4817.29248046875,7060.0,135.83985567395575
3882,1.6895397901535034,754.363964792341,0.0,4817.29248046875,7060.0,135.87369670788758
3883,1.3465588092803955,710.2460381519049,0.0,4817.29248046875,7060.0,135.90761997993104
3884,2.3849172592163086,1058.6059407405555,0.0,4817.29248046875,7060.0,135.94151307397988
3885,1.2055482864379883,984.6380267776549,0.0,4817.29248046875,7060.0,135.97535914194304
3886,2.189720630645752,703.0005503185093,0.0,4817.29248046875,7060.0,136.00930950092152
3887,1.1740272045135498,703.3245451375842,0.0,4817.29248046875,7060.0,136.04333699599374
3888,1.2387875318527222,1056.102352572605,0.0,4817.29248046875,7060.0,136.0772599419579
3889,2.327853202819824,941.247958727181,0.0,4817.29248046875,7060.0,136.11126062797848
3890,1.2107988595962524,905.237952131778,0.0,4817.29248046875,7060.0,136.14521984593011
3891,1.374552845954895,733.2869360335171,0.0,4817.29248046875,7060.0,136.179255434894
3892,1.0120400190353394,778.8829420916736,0.0,4817.29248046875,7060.0,136.2131180629367
3893,1.1412584781646729,841.9202088937163,0.0,4817.29248046875,7060.0,136.24704704096075
3894,1.648215651512146,874.9740621261299,0.0,4817.29248046875,7060.0,136.28094223490916
3895,1.386023998260498,940.1273476183414,0.0,4817.29248046875,7060.0,136.3151844489621
3896,1.6988813877105713,994.2910130359232,0.0,4817.29248046875,7060.0,136.3490599479992
3897,2.4529740810394287,1366.0531112663448,0.0,4817.29248046875,7060.0,136.3828945159912
3898,1.1491408348083496,749.4718668498099,0.0,4817.29248046875,7060.0,136.41686183796264
3899,1.3793388605117798,737.3148434981704,0.0,4817.29248046875,7060.0,136.4507695629727
3900,1.1973429918289185,1030.6843221187592,0.0,4817.29248046875,7060.0,136.48466197995003
3901,0.9290642142295837,856.5472098980099,0.0,4817.29248046875,7060.0,136.51860533491708
3902,0.8631472587585449,565.8085039258003,0.0,4817.29248046875,7060.0,136.55251888697967
3903,1.360558032989502,1091.7439446933568,0.0,4817.29248046875,7060.0,136.58644832193386
3904,1.6724177598953247,1138.738820746541,0.0,4817.29248046875,7060.0,136.62038297590334
3905,1.6041940450668335,1054.5260125547647,0.0,4817.29248046875,7060.0,136.6543170089135
3906,2.5262045860290527,1100.2769687417895,0.0,4817.29248046875,7060.0,136.68811514996924
3907,0.9310237765312195,717.7562629114836,0.0,4817.29248046875,7060.0,136.72203508892562
3908,0.999876081943512,1070.3105559498072,0.0,4817.29248046875,7060.0,136.75594907288905
3909,1.5409557819366455,1021.6032490860671,0.0,4817.29248046875,7060.0,136.78982391394675
3910,1.6517584323883057,939.4861023817211,0.0,4817.29248046875,7060.0,136.82376689789817
3911,1.198587417602539,869.961335144937,0.0,4817.29248046875,7060.0,136.857712443918
3912,0.8069066405296326,543.0136041734368,0.0,4817.29248046875,7060.0,136.8916075649904
3913,0.9739434123039246,663.3001488260925,0.0,4817.29248046875,7060.0,136.92552124895155
3914,1.7767122983932495,1163.3416759334505,0.0,4817.29248046875,7060.0,136.95933550794143
3915,1.7267838716506958,711.7219994552433,0.0,4817.29248046875,7060.0,136.9931305659702
3916,1.6637190580368042,917.6122761890292,0.0,4817.29248046875,7060.0,137.02708090399392
3917,1.0069383382797241,654.8324386440217,0.0,4817.29248046875,7060.0,137.06107433896977
3918,2.205909013748169,1463.3143067192286,0.0,4817.29248046875,7060.0,137.09505820495542
3919,2.509819507598877,998.3552791308612,0.0,4817.29248046875,7060.0,137.12910799891688
3920,1.028694748878479,510.88795343227684,0.0,4817.29248046875,7060.0,137.1630687539
3921,0.8285945057868958,483.30648914631456,0.0,4817.29248046875,7060.0,137.19706129690167
3922,1.5904074907302856,721.7173966951668,0.0,4817.29248046875,7060.0,137.23091160797048
3923,2.5142312049865723,983.6362156337127,0.0,4817.29248046875,7060.0,137.26506723288912
3924,1.528204321861267,867.8598052076995,0.0,4817.29248046875,7060.0,137.29888264089823
3925,1.0079668760299683,650.9344237744808,0.0,4817.29248046875,7060.0,137.33286333596334
3926,0.8644477128982544,522.8023770973086,0.0,4817.29248046875,7060.0,137.366820090916
3927,0.9227184057235718,554.5977144483477,0.0,4817.29248046875,7060.0,137.40084872790612
3928,2.2897658348083496,940.8417762368917,0.0,4817.29248046875,7060.0,137.43478606990539
3929,1.8072670698165894,1081.3361347690225,0.0,4817.29248046875,7060.0,137.46871792292222
3930,2.364001989364624,730.8158645126969,0.0,4817.29248046875,7060.0,137.50275462097488
3931,1.2782719135284424,638.0356984976679,0.0,4817.29248046875,7060.0,137.5367546939524
3932,1.8739562034606934,860.9393241852522,0.0,4817.29248046875,7060.0,137.57071074889973
3933,1.3094055652618408,693.1299246437848,0.0,4817.29248046875,7060.0,137.60474138893187
3934,1.122457504272461,646.502118088305,0.0,4817.29248046875,7060.0,137.63872502499726
3935,1.1198368072509766,837.1312747448683,0.0,4817.29248046875,7060.0,137.6726219309494
3936,1.2323696613311768,920.3364559821784,0.0,4817.29248046875,7060.0,137.70652015996166
3937,1.2353532314300537,765.641275152564,0.0,4817.29248046875,7060.0,137.74045805400237
3938,2.4123775959014893,1456.3804297931492,0.0,4817.29248046875,7060.0,137.77435923588928
3939,1.2078279256820679,676.8182454137132,0.0,4817.29248046875,7060.0,137.80830684292596
3940,1.3883672952651978,1047.3902947232127,0.0,4817.29248046875,7060.0,137.8423581199022
3941,1.3512179851531982,1206.6980193890631,0.0,4817.29248046875,7060.0,137.87633810692932
3942,1.615075707435608,962.6174626462162,0.0,4817.29248046875,7060.0,137.91026398190297
3943,1.240980863571167,968.7543043158948,0.0,4817.29248046875,7060.0,137.9441330829868
3944,2.28832745552063,894.2137754485011,0.0,4817.29248046875,7060.0,137.97798191790935
3945,1.4394112825393677,865.2177888564765,0.0,4817.29248046875,7060.0,138.0118364369264
3946,1.313314437866211,936.9133851807564,0.0,4817.29248046875,7060.0,138.0457197088981
3947,0.885574460029602,749.8392723426223,0.0,4817.29248046875,7060.0,138.07966078293975
3948,2.451296329498291,1232.938555482775,0.0,4817.29248046875,7060.0,138.11356001195963
3949,2.796649932861328,1278.4518571645021,0.0,4817.29248046875,7060.0,138.14774332300294
3950,1.2196919918060303,724.512791596353,0.0,4817.29248046875,7060.0,138.18171730195172
3951,1.139492154121399,835.879314314574,0.0,4817.29248046875,7060.0,138.21564342000056
3952,1.0185075998306274,799.134006537497,0.0,4817.29248046875,7060.0,138.24964427191298
3953,0.8903494477272034,878.6814069729298,0.0,4817.29248046875,7060.0,138.2835883249063
3954,1.8220508098602295,694.7177819982171,0.0,4817.29248046875,7060.0,138.31781671091449
3955,2.033182382583618,946.3231305312365,0.0,4817.29248046875,7060.0,138.351691840915
3956,1.2588340044021606,706.5176423303783,0.0,4817.29248046875,7060.0,138.38567669992335
3957,0.541867733001709,436.6991946436465,0.0,4817.29248046875,7060.0,138.4196341818897
3958,0.8816286325454712,857.7279245555401,0.0,4817.29248046875,7060.0,138.4536991378991
3959,2.6348845958709717,1206.0813498571515,0.0,4817.29248046875,7060.0,138.48753394093364
3960,1.0238852500915527,826.8009048998356,0.0,4817.29248046875,7060.0,138.5214342479594
3961,1.868682861328125,1075.9168476462364,0.0,4817.29248046875,7060.0,138.55526491894852
3962,1.6061341762542725,1032.507763274014,0.0,4817.29248046875,7060.0,138.58938568190206
3963,2.261019706726074,861.147176861763,0.0,4817.29248046875,7060.0,138.62343658600003
3964,1.2946600914001465,712.7595118638128,0.0,4817.29248046875,7060.0,138.65728818497155
3965,1.3526095151901245,712.9358753301203,0.0,4817.29248046875,7060.0,138.6912452148972
3966,1.5409713983535767,1118.0307182818651,0.0,4817.29248046875,7060.0,138.72521167888772
3967,1.255050778388977,776.6685258392245,0.0,4817.29248046875,7060.0,138.75911837699823
3968,1.3235722780227661,596.3174345381558,0.0,4817.29248046875,7060.0,138.79310949495994
3969,0.8272410035133362,711.0022968500853,0.0,4817.29248046875,7060.0,138.8271424958948
3970,1.0133404731750488,827.2419423013926,0.0,4817.29248046875,7060.0,138.86101003689691
3971,1.425737738609314,873.8075256198645,0.0,4817.29248046875,7060.0,138.8949671369046
3972,0.7758715748786926,439.480827848427,0.0,4817.29248046875,7060.0,138.92895465693437
3973,0.9090220332145691,501.40798234194517,0.0,4817.29248046875,7060.0,138.9629587349482
3974,1.3698288202285767,670.1688840016723,0.0,4817.29248046875,7060.0,138.9968880378874
3975,1.3174923658370972,657.7881898991764,0.0,4817.29248046875,7060.0,139.03076186799444
3976,1.0128018856048584,871.3179187551141,0.0,4817.29248046875,7060.0,139.06473330792505
3977,0.6681698560714722,602.01482029818,0.0,4817.29248046875,7060.0,139.0987549709389
3978,1.3656604290008545,915.8737280741334,0.0,4817.29248046875,7060.0,139.1326287909178
3979,2.2196969985961914,1246.2265198081732,0.0,4817.29248046875,7060.0,139.16654838097747
3980,1.4904087781906128,715.9284053556621,0.0,4817.29248046875,7060.0,139.20047574699856
3981,0.9120819568634033,718.8770910911262,0.0,4817.29248046875,7060.0,139.2345020569628
3982,1.7298725843429565,1002.8810271695256,0.0,4817.29248046875,7060.0,139.26832874096
3983,1.3773071765899658,1029.5501157455146,0.0,4817.29248046875,7060.0,139.3022000399651
3984,1.606167197227478,925.1049861982465,0.0,4817.29248046875,7060.0,139.33618030394427
3985,2.5161445140838623,937.9584244899452,0.0,4817.29248046875,7060.0,139.37016858393326
3986,1.2228665351867676,881.0207238048315,0.0,4817.29248046875,7060.0,139.4041070509702
3987,0.7594109177589417,589.1005438901484,0.0,4817.29248046875,7060.0,139.43801383895334
3988,1.3788186311721802,880.3876315318048,0.0,4817.29248046875,7060.0,139.47194222989492
3989,0.6773911714553833,680.3685471881181,0.0,4817.29248046875,7060.0,139.50589060992934
3990,0.8878751993179321,825.4868330452591,0.0,4817.29248046875,7060.0,139.53983044996858
3991,1.1068451404571533,768.5529644191265,0.0,4817.29248046875,7060.0,139.57386407989543
3992,1.836870789527893,921.1577059477568,0.0,4817.29248046875,7060.0,139.60791588993743
3993,1.462881326675415,697.4206373114139,0.0,4817.29248046875,7060.0,139.6419259828981
3994,1.28099524974823,827.3107006400824,0.0,4817.29248046875,7060.0,139.67589724890422
3995,2.0767910480499268,916.3810714110732,0.0,4817.29248046875,7060.0,139.7098410159815
3996,1.2526988983154297,716.9183648452163,0.0,4817.29248046875,7060.0,139.74381577793974
3997,1.4403215646743774,1054.9289190806448,0.0,4817.29248046875,7060.0,139.77775607293006
3998,0.6562024354934692,572.3778686458245,0.0,4817.29248046875,7060.0,139.8116819099523
3999,0.5594899654388428,564.1114039570093,0.0,4817.29248046875,7060.0,139.84572197392117
4000,1.1777352094650269,807.0686963610351,0.0,4817.29248046875,7060.0,139.87961695797276
4001,1.1315279006958008,787.6500075273216,0.0,4817.29248046875,7062.0,143.56365988589823
4002,2.430612802505493,1170.9369294531643,0.0,4817.29248046875,7062.0,143.59771702997386
4003,1.861091136932373,1003.9224422127008,0.0,4817.29248046875,7062.0,143.63177631399594
4004,0.9218523502349854,508.8052618727088,0.0,4817.29248046875,7062.0,143.6657725769328
4005,0.8133952617645264,545.060250358656,0.0,4817.29248046875,7062.0,143.69966873794328
4006,2.684925079345703,1098.4998002573848,0.0,4817.29248046875,7062.0,143.73366083588917
4007,1.2688308954238892,662.4147728662938,0.0,4817.29248046875,7062.0,143.76757048093714
4008,1.7647911310195923,775.7780583873391,0.0,4817.29248046875,7062.0,143.80155251093674
4009,2.2710721492767334,802.7694570887834,0.0,4817.29248046875,7062.0,143.83538135094568
4010,0.792617917060852,730.3774723038077,0.0,4817.29248046875,7062.0,143.8692621709779
4011,1.546786904335022,738.6523915790021,0.0,4817.29248046875,7062.0,143.90327884990256
4012,1.1705652475357056,848.3174999952316,0.0,4817.29248046875,7062.0,143.9373295129044
4013,0.9050441384315491,571.3368029166013,0.0,4817.29248046875,7062.0,143.9713861659402
4014,1.2541412115097046,751.4729606201872,0.0,4817.29248046875,7062.0,144.0053732029628
4015,1.3665771484375,986.6281594224274,0.0,4817.29248046875,7062.0,144.03927284199744
4016,1.0617890357971191,726.4809199767187,0.0,4817.29248046875,7062.0,144.07322536595166
4017,1.3472403287887573,1039.686415694654,0.0,4817.29248046875,7062.0,144.10716278397013
4018,1.0064958333969116,715.7438513636589,0.0,4817.29248046875,7062.0,144.14123849291354
4019,1.3873639106750488,891.0633890740573,0.0,4817.29248046875,7062.0,144.1753316419199
4020,1.4440281391143799,684.6908101569861,0.0,4817.29248046875,7062.0,144.20925372792408
4021,1.491575002670288,781.6816229484975,0.0,4817.29248046875,7062.0,144.24318758398294
4022,2.1567416191101074,917.2042712345719,0.0,4817.29248046875,7062.0,144.27701944194268
4023,0.8395110964775085,670.2929722797126,0.0,4817.29248046875,7062.0,144.31096125789918
4024,1.3285157680511475,1316.6736720576882,0.0,4817.29248046875,7062.0,144.34487229399383
4025,0.7872908115386963,744.9480534046888,0.0,4817.29248046875,7062.0,144.3788495049812
4026,1.8305610418319702,1181.9707039222121,0.0,4817.29248046875,7062.0,144.4128043669043
4027,1.492987036705017,797.3566524274647,0.0,4817.29248046875,7062.0,144.44662557390984
4028,1.948172688484192,869.551978059113,0.0,4817.29248046875,7062.0,144.4804460639134
4029,0.7857121229171753,605.4297729860991,0.0,4817.29248046875,7062.0,144.51435261091683
4030,1.1525709629058838,910.9265059717,0.0,4817.29248046875,7062.0,144.548351600999
4031,1.68255615234375,1009.2368229553103,0.0,4817.29248046875,7062.0,144.5823392829625
4032,0.8350568413734436,705.8089969102293,0.0,4817.29248046875,7062.0,144.61648850492202
4033,1.3334145545959473,683.7217512726784,0.0,4817.29248046875,7062.0,144.65042639197782
4034,1.7700097560882568,903.7084406912327,0.0,4817.29248046875,7062.0,144.68429201992694
4035,0.7323598265647888,665.3990707807243,0.0,4817.29248046875,7062.0,144.71827350498643
4036,2.5705277919769287,1034.4203763268888,0.0,4817.29248046875,7062.0,144.75225630193017
4037,2.1774866580963135,1029.3354074191302,0.0,4817.29248046875,7062.0,144.78628435195424
4038,0.8716771006584167,605.9710685834289,0.0,4817.29248046875,7062.0,144.82027475791983
4039,2.9303154945373535,1171.2715753801167,0.0,4817.29248046875,7062.0,144.85426505096257
4040,1.7292392253875732,982.2656014859676,0.0,4817.29248046875,7062.0,144.8881626179209
4041,1.4874235391616821,696.7875319011509,0.0,4817.29248046875,7062.0,144.9221102258889
4042,1.6054720878601074,847.1276656799018,0.0,4817.29248046875,7062.0,144.9559853329556
4043,1.492873191833496,909.3118471615016,0.0,4817.29248046875,7062.0,144.9899198039202
4044,0.5797922611236572,477.52236467506737,0.0,4817.29248046875,7062.0,145.02409539290238
4045,1.5439656972885132,794.1124355643988,0.0,4817.29248046875,7062.0,145.0580864479998
4046,1.1762501001358032,1073.816108558327,0.0,4817.29248046875,7062.0,145.09203313989565
4047,0.5947690010070801,474.19070115406066,0.0,4817.29248046875,7062.0,145.12601595697924
4048,1.2527616024017334,928.3365260120481,0.0,4817.29248046875,7062.0,145.1598978668917
4049,1.292276382446289,814.7297395356,0.0,4817.29248046875,7062.0,145.1938588769408
4050,0.9512103796005249,977.6585012152791,0.0,4817.29248046875,7062.0,145.2278319998877
4051,0.9599387049674988,705.440079851076,0.0,4817.29248046875,7062.0,145.261772044003
4052,1.312203049659729,726.482786655426,0.0,4817.29248046875,7062.0,145.29560667590704
4053,0.7179743647575378,484.12062729522586,0.0,4817.29248046875,7062.0,145.32954242592677
4054,0.9720098972320557,670.5389441084117,0.0,4817.29248046875,7062.0,145.36351487692446
4055,2.0780067443847656,1093.4698365032673,0.0,4817.29248046875,7062.0,145.39748537598643
4056,1.398537278175354,645.2914925701916,0.0,4817.29248046875,7062.0,145.43145659496076
4057,0.5964837074279785,475.42791374772787,0.0,4817.29248046875,7062.0,145.4654427289497
4058,1.3355916738510132,652.2859982922673,0.0,4817.29248046875,7062.0,145.49939048988745
4059,1.4844801425933838,590.42033813335,0.0,4817.29248046875,7062.0,145.5333781139925
4060,2.2050812244415283,693.8012607172132,0.0,4817.29248046875,7062.0,145.56762790994253
4061,1.2727779150009155,701.1353472396731,0.0,4817.29248046875,7062.0,145.6015779019799
4062,1.7638170719146729,939.0339982584119,0.0,4817.29248046875,7062.0,145.63560818193946
4063,1.0964049100875854,651.9594097584486,0.0,4817.29248046875,7062.0,145.66955007088836
4064,0.9595927000045776,550.5775291342288,0.0,4817.29248046875,7062.0,145.70348621194717
4065,1.3526943922042847,707.9756138026714,0.0,4817.29248046875,7062.0,145.73743536300026
4066,1.464852213859558,836.8125037960708,0.0,4817.29248046875,7062.0,145.77139157895
4067,1.2365251779556274,913.5043992362916,0.0,4817.29248046875,7062.0,145.80523220589384
4068,1.93838632106781,889.7184365727007,0.0,4817.29248046875,7062.0,145.83918537397403
4069,2.4904332160949707,811.2638506963849,0.0,4817.29248046875,7062.0,145.8733938978985
4070,0.8465635776519775,685.5558870155364,0.0,4817.29248046875,7062.0,145.90729155496228
4071,0.924903154373169,623.1373608857393,0.0,4817.29248046875,7062.0,145.94117356895003
4072,0.9532303810119629,722.178248880431,0.0,4817.29248046875,7062.0,145.97516464395449
4073,1.6278280019760132,838.8351749964058,0.0,4817.29248046875,7062.0,146.0091686489759
4074,1.6524934768676758,765.9170577228069,0.0,4817.29248046875,7062.0,146.04310226091184
4075,1.0518549680709839,680.7874510772526,0.0,4817.29248046875,7062.0,146.07706967997365
4076,2.4530770778656006,1007.3159252237529,0.0,4817.29248046875,7062.0,146.11113938991912
4077,0.8780255317687988,712.2367015890777,0.0,4817.29248046875,7062.0,146.14512411889154
4078,1.2455763816833496,919.7252746969461,0.0,4817.29248046875,7062.0,146.17907729290891
4079,1.2896008491516113,816.1981496363878,0.0,4817.29248046875,7062.0,146.21307628997602
4080,0.7577184438705444,715.3784024380147,0.0,4817.29248046875,7062.0,146.24699149094522
4081,1.6116137504577637,878.7429195567966,0.0,4817.29248046875,7062.0,146.28090091689955
4082,1.2491344213485718,836.1494361683726,0.0,4817.29248046875,7062.0,146.31489245092962
4083,0.9529186487197876,755.148732688278,0.0,4817.29248046875,7062.0,146.3487636599457
4084,1.0419141054153442,926.3618174642324,0.0,4817.29248046875,7062.0,146.382737022941
4085,1.0104447603225708,801.5174375548959,0.0,4817.29248046875,7062.0,146.41669694299344
4086,1.107855200767517,725.095647489652,0.0,4817.29248046875,7062.0,146.4506340449443
4087,1.6518217325210571,944.643523754552,0.0,4817.29248046875,7062.0,146.48454991192557
4088,2.526573657989502,1091.9930335395038,0.0,4817.29248046875,7062.0,146.51873211294878
4089,1.4234036207199097,787.8430184423923,0.0,4817.29248046875,7062.0,146.55270658398513
4090,1.2079955339431763,1032.7785026952624,0.0,4817.29248046875,7062.0,146.58676594391
4091,1.9873952865600586,946.153209451586,0.0,4817.29248046875,7062.0,146.6210678369971
4092,1.5397255420684814,1009.6450299248099,0.0,4817.29248046875,7062.0,146.6548886449309
4093,0.8679395914077759,527.783527973108,0.0,4817.29248046875,7062.0,146.6888492469443
4094,1.9534931182861328,921.7066716589034,0.0,4817.29248046875,7062.0,146.72274558700155
4095,1.6861655712127686,1110.5844896659255,0.0,4817.29248046875,7062.0,146.75668548990507
4096,2.4248640537261963,1113.4393171295524,0.0,4817.29248046875,7062.0,146.79054725798778
4097,1.162153720855713,923.0472481921315,0.0,4817.29248046875,7062.0,146.82449728192296
4098,0.8305385708808899,526.5135755948722,0.0,4817.29248046875,7062.0,146.8585115709575
4099,2.9876022338867188,1298.1774829402566,0.0,4817.29248046875,7062.0,146.8926554529462
4100,1.367767333984375,851.1373985819519,0.0,4817.29248046875,7062.0,146.92666280688718
4101,1.6239432096481323,988.4706510063261,0.0,4817.29248046875,7062.0,146.96058871189598
4102,1.294633150100708,807.9219658169895,0.0,4817.29248046875,7062.0,146.99451064493041
4103,0.7224884033203125,625.242249134928,0.0,4817.29248046875,7062.0,147.0284172249958
4104,2.4126009941101074,1038.6697067059577,0.0,4817.29248046875,7062.0,147.06233947898727
4105,1.2930126190185547,696.4334711823612,0.0,4817.29248046875,7062.0,147.09638074995019
4106,1.8185464143753052,1130.5204171277583,0.0,4817.29248046875,7062.0,147.13046204391867
4107,0.7722328305244446,711.4054903313518,0.0,4817.29248046875,7062.0,147.1644403039245
4108,2.1651883125305176,1114.010691024363,0.0,4817.29248046875,7062.0,147.19871874398086
4109,2.0990028381347656,1008.3667749240994,0.0,4817.29248046875,7062.0,147.23261124792043
4110,2.8401453495025635,968.5969779249281,0.0,4817.29248046875,7062.0,147.26659166195896
4111,1.3242374658584595,691.0369857884943,0.0,4817.29248046875,7062.0,147.30054691294208
4112,0.7282784581184387,606.6984656881541,0.0,4817.29248046875,7062.0,147.33449102798477
4113,1.394627571105957,735.1478635258973,0.0,4817.29248046875,7062.0,147.3684958779486
4114,1.2071365118026733,657.0962217785418,0.0,4817.29248046875,7062.0,147.40247993089724
4115,2.1205549240112305,890.2993276491761,0.0,4817.29248046875,7062.0,147.4362840859685
4116,1.755116581916809,1189.4172770828009,0.0,4817.29248046875,7062.0,147.47016776399687
4117,1.1421188116073608,679.2391131445765,0.0,4817.29248046875,7062.0,147.50413603696506
4118,1.3762831687927246,776.4611940048635,0.0,4817.29248046875,7062.0,147.538068379974
4119,0.606353759765625,591.0071644391865,0.0,4817.29248046875,7062.0,147.57202081999276
4120,0.8134518265724182,479.6604702230543,0.0,4817.29248046875,7062.0,147.60589501692448
4121,1.121992588043213,811.5384975261986,0.0,4817.29248046875,7062.0,147.63997518992983
4122,2.2994351387023926,1249.8127775266767,0.0,4817.29248046875,7062.0,147.67376354895532
4123,1.6907092332839966,1328.991677891463,0.0,4817.29248046875,7062.0,147.7077305689454
4124,1.128016710281372,1024.5209773033857,0.0,4817.29248046875,7062.0,147.7415693149669
4125,2.2554266452789307,1275.6798047050834,0.0,4817.29248046875,7062.0,147.77552289294545
4126,1.276026725769043,939.8745873887092,0.0,4817.29248046875,7062.0,147.80941579595674
4127,1.1195372343063354,823.1013170741498,0.0,4817.29248046875,7062.0,147.84323736291844
4128,1.2774763107299805,1166.2861321866512,0.0,4817.29248046875,7062.0,147.87723748991266
4129,1.4292441606521606,752.43317713961,0.0,4817.29248046875,7062.0,147.91115991398692
4130,1.8874329328536987,863.3938695676625,0.0,4817.29248046875,7062.0,147.94535185489804
4131,2.0302939414978027,1128.72000085935,0.0,4817.29248046875,7062.0,147.97922803193796
4132,1.3881065845489502,863.0212581437081,0.0,4817.29248046875,7062.0,148.01321019197349
4133,0.9363560080528259,691.6438252963126,0.0,4817.29248046875,7062.0,148.04720428097062
4134,2.3154079914093018,1206.7962616346776,0.0,4817.29248046875,7062.0,148.08139166492037
4135,1.069262981414795,986.7156306318939,0.0,4817.29248046875,7062.0,148.11531952489167
4136,1.0331007242202759,641.410864460282,0.0,4817.29248046875,7062.0,148.14934278291184
4137,1.4969340562820435,1005.2390943989158,0.0,4817.29248046875,7062.0,148.1834216719726
4138,0.607912003993988,559.4130249265581,0.0,4817.29248046875,7062.0,148.21745283389464
4139,1.8399091958999634,1347.730845682323,0.0,4817.29248046875,7062.0,148.2513232548954
4140,1.947902798652649,981.7401217371225,0.0,4817.29248046875,7062.0,148.2851573989028
4141,1.0871472358703613,786.3933617919683,0.0,4817.29248046875,7062.0,148.31918715289794
4142,1.1474635601043701,712.4032702371478,0.0,4817.29248046875,7062.0,148.3531383529771
4143,1.50941801071167,627.1372644975781,0.0,4817.29248046875,7062.0,148.38707079098094
4144,1.8208976984024048,910.0362775698304,0.0,4817.29248046875,7062.0,148.42100315191783
4145,1.080162525177002,935.7756196074188,0.0,4817.29248046875,7062.0,148.45489886088762
4146,1.0592684745788574,740.8939337525517,0.0,4817.29248046875,7062.0,148.4889282929944
4147,0.8664596080780029,623.0435967650265,0.0,4817.29248046875,7062.0,148.5229193699779
4148,2.132107734680176,931.0346611104906,0.0,4817.29248046875,7062.0,148.55695999390446
4149,0.8367180228233337,747.4330672221258,0.0,4817.29248046875,7062.0,148.5909834629856
4150,0.8683741688728333,579.2878150828183,0.0,4817.29248046875,7062.0,148.6250609459821
4151,1.195586919784546,1272.4572645127773,0.0,4817.29248046875,7062.0,148.65910872397944
4152,2.129845380783081,1098.0300569422543,0.0,4817.29248046875,7062.0,148.69303951098118
4153,1.2117931842803955,665.803453721106,0.0,4817.29248046875,7062.0,148.72706951992586
4154,1.0595533847808838,653.9986667465419,0.0,4817.29248046875,7062.0,148.76102874591015
4155,1.8164095878601074,974.7253470271826,0.0,4817.29248046875,7062.0,148.7948794629192
4156,2.286510705947876,1058.5608724839985,0.0,4817.29248046875,7062.0,148.82912889693398
4157,1.5096614360809326,1150.0981517732143,0.0,4817.29248046875,7062.0,148.863004215993
4158,0.8019298911094666,635.2658805698156,0.0,4817.29248046875,7062.0,148.89695065293927
4159,1.5312579870224,954.2691067159176,0.0,4817.29248046875,7062.0,148.93086319696158
4160,2.0257203578948975,1144.46948672086,0.0,4817.29248046875,7062.0,148.96492122497875
4161,1.7140003442764282,648.7142260856926,0.0,4817.29248046875,7062.0,148.99912223196588
4162,0.9596003890037537,798.8784751594067,0.0,4817.29248046875,7062.0,149.03308516996913
4163,1.4582107067108154,756.3789484035224,0.0,4817.29248046875,7062.0,149.06708566390444
4164,1.8740437030792236,1106.7049535140395,0.0,4817.29248046875,7062.0,149.10112718399614
4165,2.002476692199707,1074.4910399653018,0.0,4817.29248046875,7062.0,149.13517746690195
4166,0.5724666118621826,423.1174434674904,0.0,4817.29248046875,7062.0,149.16917359200306
4167,1.2500227689743042,806.5937393680215,0.0,4817.29248046875,7062.0,149.20308994990773
4168,1.076280951499939,598.5671109370887,0.0,4817.29248046875,7062.0,149.23702951800078
4169,1.5396015644073486,990.2733126096427,0.0,4817.29248046875,7062.0,149.27100429392885
4170,1.2244970798492432,865.5897406600416,0.0,4817.29248046875,7062.0,149.30491892294958
4171,1.3817111253738403,886.1015099659562,0.0,4817.29248046875,7062.0,149.33894398389384
4172,2.5231878757476807,1258.7822348754853,0.0,4817.29248046875,7062.0,149.37275851599406
4173,1.520694613456726,919.1807079836726,0.0,4817.29248046875,7062.0,149.40672264900059
4174,0.7707858681678772,684.5874463655055,0.0,4817.29248046875,7062.0,149.4407240889268
4175,2.0393779277801514,1787.217519506812,0.0,4817.29248046875,7062.0,149.47461712989025
4176,1.905587077140808,920.1053970940411,0.0,4817.29248046875,7062.0,149.5085863249842
4177,0.7320972084999084,750.1401446182281,0.0,4817.29248046875,7062.0,149.5426136199385
4178,1.4918889999389648,1343.3804286196828,0.0,4817.29248046875,7062.0,149.57660581194796
4179,1.6167947053909302,818.2599038667977,0.0,4817.29248046875,7062.0,149.61051179398783
4180,1.411397933959961,903.7923060022295,0.0,4817.29248046875,7062.0,149.64444954891223
4181,1.5799745321273804,665.7384452223778,0.0,4817.29248046875,7062.0,149.67837693099864
4182,1.3518751859664917,714.5784834101796,0.0,4817.29248046875,7062.0,149.7123722169781
4183,1.0100948810577393,738.5258359462023,0.0,4817.29248046875,7062.0,149.74635715188924
4184,1.1285687685012817,845.158643335104,0.0,4817.29248046875,7062.0,149.780245324946
4185,1.4294188022613525,864.0312362387776,0.0,4817.29248046875,7062.0,149.814239497995
4186,2.0745553970336914,666.5597183480859,0.0,4817.29248046875,7062.0,149.84840977494605
4187,1.2450871467590332,649.998999632895,0.0,4817.29248046875,7062.0,149.88237296394072
4188,1.5761511325836182,582.8300525862724,0.0,4817.29248046875,7062.0,149.91653949895408
4189,1.745475172996521,935.5417415462434,0.0,4817.29248046875,7062.0,149.9505527979927
4190,0.9391984939575195,561.5190595965832,0.0,4817.29248046875,7062.0,149.98453849495854
4191,1.6336112022399902,848.417028568685,0.0,4817.29248046875,7062.0,150.01836195297074
4192,1.3321032524108887,746.5528653804213,0.0,4817.29248046875,7062.0,150.05224558489863
4193,1.4421805143356323,893.3316369578242,0.0,4817.29248046875,7062.0,150.08616493293084
4194,1.3373669385910034,795.4724038019776,0.0,4817.29248046875,7062.0,150.12019482196774
4195,1.5533671379089355,741.5034612044692,0.0,4817.29248046875,7062.0,150.15418163489085
4196,0.864130437374115,589.3056265488267,0.0,4817.29248046875,7062.0,150.18809843598865
4197,1.4249359369277954,820.352494455874,0.0,4817.29248046875,7062.0,150.22203644691035
4198,0.8205744624137878,597.1533845700324,0.0,4817.29248046875,7062.0,150.25602202990558
4199,1.5864593982696533,940.8796502128243,0.0,4817.29248046875,7062.0,150.2898647049442
4200,0.9965863227844238,658.9208198189735,0.0,4817.29248046875,7062.0,150.32385711697862
4201,1.3790771961212158,922.2318022251129,0.0,4817.29248046875,7062.0,150.35782867192756
4202,2.1230661869049072,926.072844080627,0.0,4817.29248046875,7062.0,150.3917610528879
4203,1.2071138620376587,982.416699912399,0.0,4817.29248046875,7062.0,150.4257612299407
4204,1.7350722551345825,826.1155489608645,0.0,4817.29248046875,7062.0,150.45973804790992
4205,1.3977683782577515,971.7210443466902,0.0,4817.29248046875,7062.0,150.49368771596346
4206,3.0661303997039795,1440.4306362345815,0.0,4817.29248046875,7062.0,150.5275680659106
4207,0.9023898839950562,627.6591838374734,0.0,4817.29248046875,7062.0,150.56152028695215
4208,0.5526722073554993,413.2173791527748,0.0,4817.29248046875,7062.0,150.5955708869733
4209,1.0983564853668213,989.2316677235067,0.0,4817.29248046875,7062.0,150.62961141497362
4210,2.548588514328003,1225.8785260934383,0.0,4817.29248046875,7062.0,150.663659326965
4211,2.2134909629821777,1314.5888097696006,0.0,4817.29248046875,7062.0,150.6978640909074
4212,1.2630661725997925,1294.1858791969717,0.0,4817.29248046875,7062.0,150.73181568889413
4213,1.5431077480316162,1021.4290702436119,0.0,4817.29248046875,7062.0,150.76574679091573
4214,1.198686122894287,864.85819189623,0.0,4817.29248046875,7062.0,150.79967136390042
4215,1.241894245147705,963.0059316083789,0.0,4817.29248046875,7062.0,150.83367759094108
4216,1.9653187990188599,886.9733732528985,0.0,4817.29248046875,7062.0,150.86752569896635
4217,1.3237571716308594,910.5528700314462,0.0,4817.29248046875,7062.0,150.90146142896265
4218,0.815471887588501,796.7344339955598,0.0,4817.29248046875,7062.0,150.9353868989274
4219,2.0165395736694336,1246.999725330621,0.0,4817.29248046875,7062.0,150.96935361693613
4220,1.1212435960769653,664.2797319181263,0.0,4817.29248046875,7062.0,151.0032694779802
4221,1.5405172109603882,867.9430533014238,0.0,4817.29248046875,7062.0,151.0372087949654
4222,0.8497695922851562,610.5144895128906,0.0,4817.29248046875,7062.0,151.07113279600162
4223,1.068251371383667,641.1399471908808,0.0,4817.29248046875,7062.0,151.10509552096482
4224,1.4808262586593628,778.743067227304,0.0,4817.29248046875,7062.0,151.13916897890158
4225,1.1403493881225586,1129.246493857354,0.0,4817.29248046875,7062.0,151.1732028949773
4226,2.5431008338928223,1031.5439221039414,0.0,4817.29248046875,7062.0,151.20734202093445
4227,1.3115543127059937,859.7222978882492,0.0,4817.29248046875,7062.0,151.24139051698148
4228,1.5376206636428833,1052.4382276386023,0.0,4817.29248046875,7062.0,151.27561641391367
4229,1.3925158977508545,1034.9818216636777,0.0,4817.29248046875,7062.0,151.3096745169023
4230,1.4060766696929932,889.5160020180047,0.0,4817.29248046875,7062.0,151.3436912309844
4231,0.8292719125747681,728.2457921933383,0.0,4817.29248046875,7062.0,151.3775568769779
4232,1.315842866897583,770.65770226717,0.0,4817.29248046875,7062.0,151.41143267590087
4233,1.749950647354126,1279.6585620902479,0.0,4817.29248046875,7062.0,151.4454098449787
4234,1.0283374786376953,858.448633197695,0.0,4817.29248046875,7062.0,151.4793873958988
4235,1.1794277429580688,929.3599288091063,0.0,4817.29248046875,7062.0,151.51320985495113
4236,2.003077745437622,674.4587985724211,0.0,4817.29248046875,7062.0,151.54716289590579
4237,1.6506775617599487,944.0255676321685,0.0,4817.29248046875,7062.0,151.58108531392645
4238,1.0559407472610474,696.4514012560248,0.0,4817.29248046875,7062.0,151.6151461179834
4239,1.3242262601852417,681.3281404096633,0.0,4817.29248046875,7062.0,151.64922238490544
4240,1.314411997795105,988.8667957261205,0.0,4817.29248046875,7062.0,151.68323303293437
4241,1.3137489557266235,791.7245641574264,0.0,4817.29248046875,7062.0,151.7172005289467
4242,1.5087096691131592,904.4270401075482,0.0,4817.29248046875,7062.0,151.75123998895288
4243,1.2917927503585815,955.4637717530131,0.0,4817.29248046875,7062.0,151.78513033897616
4244,0.6017345190048218,455.22515460383147,0.0,4817.29248046875,7062.0,151.81912505393848
4245,2.4506468772888184,1096.9620561636984,0.0,4817.29248046875,7062.0,151.85308064089622
4246,1.192242980003357,691.3910927288234,0.0,4817.29248046875,7062.0,151.88698050298262
4247,1.9480838775634766,865.9505985081196,0.0,4817.29248046875,7062.0,151.9211456719786
4248,1.7117012739181519,1154.255454711616,0.0,4817.29248046875,7062.0,151.95509110891726
4249,1.37079918384552,925.7945598699152,0.0,4817.29248046875,7062.0,151.98906939395238
4250,2.2183148860931396,995.8610865455121,0.0,4817.29248046875,7062.0,152.0230053719133
4251,1.0299112796783447,529.3585172891617,0.0,4817.29248046875,7062.0,152.05703505093697
4252,1.2488688230514526,642.0551983714104,0.0,4817.29248046875,7062.0,152.0909029589966
4253,2.3535141944885254,1026.6683315820992,0.0,4817.29248046875,7062.0,152.12488391099032
4254,1.2725802659988403,973.33328204602,0.0,4817.29248046875,7062.0,152.15889067191165
4255,0.9825631380081177,695.1791396345943,0.0,4817.29248046875,7062.0,152.19301318994258
4256,1.2146872282028198,762.2883969396353,0.0,4817.29248046875,7062.0,152.22698158794083
4257,0.678974986076355,578.2286680787802,0.0,4817.29248046875,7062.0,152.2596584499115
4258,1.4002132415771484,899.0308202952147,0.0,4817.29248046875,7062.0,152.2935686080018
4259,0.6201114058494568,437.09652487840503,0.0,4817.29248046875,7062.0,152.3276448319666
4260,1.410866141319275,829.7220495417714,0.0,4817.29248046875,7062.0,152.36164242296945
4261,1.4865241050720215,761.4821115918458,0.0,4817.29248046875,7062.0,152.39568334189244
4262,2.396972894668579,1064.5038179196417,0.0,4817.29248046875,7062.0,152.42985954799224
4263,1.6534055471420288,1382.5826982185245,0.0,4817.29248046875,7062.0,152.46376937092282
4264,1.3023637533187866,676.772151466459,0.0,4817.29248046875,7062.0,152.49759532592725
4265,1.277799129486084,890.2400818392634,0.0,4817.29248046875,7062.0,152.5315128719667
4266,1.5947117805480957,953.979007422924,0.0,4817.29248046875,7062.0,152.56540348392446
4267,2.3457071781158447,1059.328688301146,0.0,4817.29248046875,7062.0,152.59957013488747
4268,1.450838565826416,1024.1354125514627,0.0,4817.29248046875,7062.0,152.63368101697415
4269,2.7202298641204834,1007.7520151250064,0.0,4817.29248046875,7062.0,152.66771253093611
4270,1.1177374124526978,729.2957947403193,0.0,4817.29248046875,7062.0,152.70168857695535
4271,0.9826819896697998,754.824512898922,0.0,4817.29248046875,7062.0,152.7356646329863
4272,1.1440380811691284,573.2722821142524,0.0,4817.29248046875,7062.0,152.76955335389357
4273,2.723949909210205,1471.9804586395621,0.0,4817.29248046875,7062.0,152.80348997493275
4274,1.6354700326919556,1171.895544566214,0.0,4817.29248046875,7062.0,152.83739686897025
4275,1.8573102951049805,772.907035857439,0.0,4817.29248046875,7062.0,152.87128822493833
4276,0.8022693395614624,667.4980088993907,0.0,4817.29248046875,7062.0,152.90511771396268
4277,1.0487635135650635,714.4132398329675,0.0,4817.29248046875,7062.0,152.93905960093252
4278,1.2702850103378296,710.0228211283684,0.0,4817.29248046875,7062.0,152.97305369598325
4279,1.165837049484253,669.5200252458453,0.0,4817.29248046875,7062.0,153.0069700559834
4280,2.2106587886810303,624.7202643509954,0.0,4817.29248046875,7062.0,153.04122059699148
4281,1.0238875150680542,742.7446301802993,0.0,4817.29248046875,7062.0,153.07521287794225
4282,1.1801706552505493,980.0501262433827,0.0,4817.29248046875,7062.0,153.10926647298038
4283,1.9823838472366333,1315.1578857153654,0.0,4817.29248046875,7062.0,153.14332326094154
4284,2.0843586921691895,922.0043318867683,0.0,4817.29248046875,7062.0,153.17734403989743
4285,0.8836560249328613,570.2471971511841,0.0,4817.29248046875,7062.0,153.21141161490232
4286,1.514604926109314,900.3360958918929,0.0,4817.29248046875,7062.0,153.2453468349995
4287,1.171626091003418,767.8584164790809,0.0,4817.29248046875,7062.0,153.27934472099878
4288,1.9916446208953857,696.3644524253905,0.0,4817.29248046875,7062.0,153.3135965029942
4289,0.7928311228752136,731.0091555714607,0.0,4817.29248046875,7062.0,153.34759232099168
4290,2.2493183612823486,1100.7966676726937,0.0,4817.29248046875,7062.0,153.3814846909372
4291,1.7676719427108765,1081.8485285639763,0.0,4817.29248046875,7062.0,153.41547816293314
4292,2.1846485137939453,842.5821466706693,0.0,4817.29248046875,7062.0,153.4496831978904
4293,1.564363956451416,655.0151257254183,0.0,4817.29248046875,7062.0,153.48352343589067
4294,1.1749110221862793,953.3168805986643,0.0,4817.29248046875,7062.0,153.51750661397818
4295,1.4320392608642578,854.7578780055046,0.0,4817.29248046875,7062.0,153.55147739499807
4296,2.3477134704589844,1359.8381115570664,0.0,4817.29248046875,7062.0,153.58536939194892
4297,2.605635166168213,1064.523412372917,0.0,4817.29248046875,7062.0,153.61962216999382
4298,1.0431933403015137,478.05549569427967,0.0,4817.29248046875,7062.0,153.65367802698165
4299,0.8076977133750916,771.6864193491638,0.0,4817.29248046875,7062.0,153.68781170190778
4300,1.3183059692382812,820.77686724253,0.0,4817.29248046875,7062.0,153.72180149692576
4301,1.2449053525924683,733.6948268562555,0.0,4817.29248046875,7062.0,153.75582427694462
4302,1.6825810670852661,852.8102620001882,0.0,4817.29248046875,7062.0,153.78979352593888
4303,1.1041306257247925,681.6342829931527,0.0,4817.29248046875,7062.0,153.82383692089934
4304,1.7679338455200195,1361.2407499998808,0.0,4817.29248046875,7062.0,153.85772070696112
4305,1.5556029081344604,786.4495493359864,0.0,4817.29248046875,7062.0,153.89163913798984
4306,1.5316483974456787,1028.4189617857337,0.0,4817.29248046875,7062.0,153.92569099192042
4307,1.738495111465454,856.2686332315207,0.0,4817.29248046875,7062.0,153.9597048399737
4308,1.2005921602249146,1068.6763271391392,0.0,4817.29248046875,7062.0,153.9937259699218
4309,1.4787791967391968,922.179835781455,0.0,4817.29248046875,7062.0,154.02764074597508
4310,1.5145343542099,795.7968575805426,0.0,4817.29248046875,7062.0,154.06161825894378
4311,0.9414233565330505,763.8165861256421,0.0,4817.29248046875,7062.0,154.09565810195636
4312,1.2594140768051147,1040.1588458642364,0.0,4817.29248046875,7062.0,154.12970853690058
4313,1.3467832803726196,1555.2476450130343,0.0,4817.29248046875,7062.0,154.1636086589424
4314,0.9187719821929932,644.4121682234108,0.0,4817.29248046875,7062.0,154.19754118693527
4315,1.5338038206100464,808.206425987184,0.0,4817.29248046875,7062.0,154.2314923389349
4316,0.8569167256355286,808.8981712199748,0.0,4817.29248046875,7062.0,154.26544490992092
4317,1.447564959526062,764.5427452996373,0.0,4817.29248046875,7062.0,154.29951945098583
4318,1.1760170459747314,793.3961462825537,0.0,4817.29248046875,7062.0,154.33347785193473
4319,1.024096965789795,754.9220483992249,0.0,4817.29248046875,7062.0,154.36727582896128
4320,2.089664936065674,904.007950887084,0.0,4817.29248046875,7062.0,154.4012788189575
4321,1.4764320850372314,971.354177378118,0.0,4817.29248046875,7062.0,154.43520409893245
4322,1.2107083797454834,963.0037576779723,0.0,4817.29248046875,7062.0,154.46919501491357
4323,1.6899513006210327,1008.6617403179407,0.0,4817.29248046875,7062.0,154.50350748293567
4324,0.7968464493751526,627.4001475870609,0.0,4817.29248046875,7062.0,154.53745821199846
4325,0.9302953481674194,750.9955308660865,0.0,4817.29248046875,7062.0,154.57145745889284
4326,1.5975629091262817,773.446640457958,0.0,4817.29248046875,7062.0,154.60550546390004
4327,1.372969388961792,942.1830956861377,0.0,4817.29248046875,7062.0,154.6395275419345
4328,0.9119214415550232,691.6935274861753,0.0,4817.29248046875,7062.0,154.67352525191382
4329,1.94110107421875,1137.131243173033,0.0,4817.29248046875,7062.0,154.70758712093811
4330,1.0744751691818237,628.3548238053918,0.0,4817.29248046875,7062.0,154.7414988799719
4331,1.1712050437927246,628.4407849088311,0.0,4817.29248046875,7062.0,154.7755847038934
4332,0.7601543664932251,710.1603776067495,0.0,4817.29248046875,7062.0,154.80954319390003
4333,1.577911615371704,838.2538720592856,0.0,4817.29248046875,7062.0,154.84379230591003
4334,1.1105329990386963,797.8000113219023,0.0,4817.29248046875,7062.0,154.87771907798015
4335,1.868583083152771,992.3703550323844,0.0,4817.29248046875,7062.0,154.91177046997473
4336,1.2110613584518433,712.2212751060724,0.0,4817.29248046875,7062.0,154.94576224894263
4337,1.0690698623657227,720.7527428753674,0.0,4817.29248046875,7062.0,154.9797714939341
4338,1.0016781091690063,785.9370977636427,0.0,4817.29248046875,7062.0,155.01363087899517
4339,1.2716306447982788,917.6865270286798,0.0,4817.29248046875,7062.0,155.04762967897113
4340,0.9854241013526917,774.4155760947615,0.0,4817.29248046875,7062.0,155.08168557391036
4341,1.8549724817276,977.6840876303613,0.0,4817.29248046875,7062.0,155.11581805895548
4342,0.8928391933441162,604.8632740452886,0.0,4817.29248046875,7062.0,155.149921315955
4343,0.9743022322654724,758.8342312350869,0.0,4817.29248046875,7062.0,155.18387938197702
4344,1.065329670906067,871.217935655266,0.0,4817.29248046875,7062.0,155.21782362891827
4345,0.7884765863418579,600.7046187184751,0.0,4817.29248046875,7062.0,155.25183367496356
4346,0.9781075119972229,843.882095772773,0.0,4817.29248046875,7062.0,155.2858451779466
4347,1.8760509490966797,732.8687961511314,0.0,4817.29248046875,7062.0,155.3198227349203
4348,1.3636420965194702,751.2634241692722,0.0,4817.29248046875,7062.0,155.35377733397763
4349,1.1897249221801758,891.5559767335653,0.0,4817.29248046875,7062.0,155.38775514194276
4350,1.614491581916809,663.4279485316947,0.0,4817.29248046875,7062.0,155.4217521789251
4351,1.4890025854110718,663.6853912323713,0.0,4817.29248046875,7062.0,155.45577710098587
4352,1.8415018320083618,995.3815855830908,0.0,4817.29248046875,7062.0,155.48968671890907
4353,2.471353054046631,1101.6210543941706,0.0,4817.29248046875,7062.0,155.5236811909126
4354,1.0774052143096924,670.6587317064404,0.0,4817.29248046875,7062.0,155.55756668490358
4355,1.384114146232605,702.029986038804,0.0,4817.29248046875,7062.0,155.5916195329046
4356,1.1037291288375854,683.8279430735856,0.0,4817.29248046875,7062.0,155.62557624594774
4357,1.4349333047866821,854.7972118686885,0.0,4817.29248046875,7062.0,155.65966254100204
4358,1.1798163652420044,1068.6037318967283,0.0,4817.29248046875,7062.0,155.69368790090084
4359,1.8403328657150269,1308.5463090017438,0.0,4817.29248046875,7062.0,155.72771784092765
4360,0.999002993106842,946.6569887883961,0.0,4817.29248046875,7062.0,155.76158177596517
4361,0.8933159708976746,655.4365443438292,0.0,4817.29248046875,7062.0,155.7956315568881
4362,1.485682487487793,720.848614603281,0.0,4817.29248046875,7062.0,155.82960209297016
4363,1.0371077060699463,568.5904224775732,0.0,4817.29248046875,7062.0,155.86362138099503
4364,0.7151345014572144,718.7477191351354,0.0,4817.29248046875,7062.0,155.89759947289713
4365,1.4799456596374512,934.4059204980731,0.0,4817.29248046875,7062.0,155.93157959799282
4366,0.9489424228668213,671.9538918565959,0.0,4817.29248046875,7062.0,155.96554610296153
4367,1.0092960596084595,510.1160367447883,0.0,4817.29248046875,7062.0,155.9995723629836
4368,1.1005381345748901,582.7048619482666,0.0,4817.29248046875,7062.0,156.03339526092168
4369,0.7862342000007629,440.54352409020066,0.0,4817.29248046875,7062.0,156.06743251893204
4370,1.0598552227020264,710.8537721950561,0.0,4817.29248046875,7062.0,156.1013552909717
4371,0.6806746125221252,605.3101783366874,0.0,4817.29248046875,7062.0,156.13532452099025
4372,1.2973875999450684,750.2843825016171,0.0,4817.29248046875,7062.0,156.1694461919833
4373,1.0130867958068848,619.0919461064041,0.0,4817.29248046875,7062.0,156.20361209788825
4374,0.8068326711654663,534.0836591739208,0.0,4817.29248046875,7062.0,156.23758407391142
4375,1.458786129951477,816.9913909845054,0.0,4817.29248046875,7062.0,156.27163075690623
4376,1.3627095222473145,834.194766709581,0.0,4817.29248046875,7062.0,156.30569833493792
4377,2.414287567138672,1018.2182178087533,0.0,4817.29248046875,7062.0,156.33972225291654
4378,1.1592477560043335,593.9542380943894,0.0,4817.29248046875,7062.0,156.37376371293794
4379,1.9307677745819092,930.2422101944685,0.0,4817.29248046875,7062.0,156.4077802998945
4380,0.9288597106933594,515.6867970190942,0.0,4817.29248046875,7062.0,156.44177082495298
4381,1.0660535097122192,754.259928593412,0.0,4817.29248046875,7062.0,156.47576944192406
4382,1.1272993087768555,787.1153676528484,0.0,4817.29248046875,7062.0,156.50977090897504
4383,2.011575222015381,1171.659807689488,0.0,4817.29248046875,7062.0,156.54404458892532
4384,1.5014183521270752,793.3942888341844,0.0,4817.29248046875,7062.0,156.57805897993967
4385,2.054088592529297,1301.2371545359492,0.0,4817.29248046875,7062.0,156.61210042994935
4386,1.0346076488494873,723.9985325708985,0.0,4817.29248046875,7062.0,156.64606979698874
4387,2.459287405014038,929.5636265426874,0.0,4817.29248046875,7062.0,156.68002617091406
4388,1.5958690643310547,793.5199007876217,0.0,4817.29248046875,7062.0,156.7139510079287
4389,0.8394079804420471,751.9110099934042,0.0,4817.29248046875,7062.0,156.74798236589413
4390,1.2317324876785278,759.9802825711668,0.0,4817.29248046875,7062.0,156.78200104797725
4391,0.9151577949523926,708.3127372935414,0.0,4817.29248046875,7062.0,156.81580938992556
4392,1.1339771747589111,920.4730120822787,0.0,4817.29248046875,7062.0,156.84981465095188
4393,1.115031361579895,864.2057441361248,0.0,4817.29248046875,7062.0,156.88376251095906
4394,1.1084916591644287,700.4816965721548,0.0,4817.29248046875,7062.0,156.91770992300007
4395,1.2824090719223022,888.9400624781847,0.0,4817.29248046875,7062.0,156.95174042799044
4396,1.6962881088256836,1055.2844518870115,0.0,4817.29248046875,7062.0,156.98565567389596
4397,0.7517750263214111,616.8181735053658,0.0,4817.29248046875,7062.0,157.01968771091197
4398,0.8038479685783386,949.6659341529012,0.0,4817.29248046875,7062.0,157.0536856619874
4399,2.6252315044403076,995.9637855142355,0.0,4817.29248046875,7062.0,157.08769873692654
4400,1.0392541885375977,951.3439768217504,0.0,4817.29248046875,7062.0,157.12040491693188
4401,1.5762534141540527,1084.1327158212662,0.0,4817.29248046875,7062.0,157.15450119890738
4402,0.9832860827445984,596.8849038891494,0.0,4817.29248046875,7062.0,157.1883921129629
4403,0.8273511528968811,524.9130317252129,0.0,4817.29248046875,7062.0,157.2224531219108
4404,0.609035074710846,553.9095716429874,0.0,4817.29248046875,7062.0,157.256281852955
4405,1.8208152055740356,1114.2935915961862,0.0,4817.29248046875,7062.0,157.29026258399244
4406,1.3362290859222412,654.0323335528374,0.0,4817.29248046875,7062.0,157.32422796695028
4407,0.6144871115684509,519.7952488632873,0.0,4817.29248046875,7062.0,157.35807859094348
4408,1.459507703781128,970.0550760030746,0.0,4817.29248046875,7062.0,157.39207685692236
4409,0.7470887899398804,725.6729933209717,0.0,4817.29248046875,7062.0,157.42615049495362
4410,1.5595930814743042,1038.9705574810505,0.0,4817.29248046875,7062.0,157.46009631094057
4411,1.2064244747161865,878.3970584608614,0.0,4817.29248046875,7062.0,157.49412395397667
4412,0.7329041957855225,605.8568863552064,0.0,4817.29248046875,7062.0,157.5281164679909
4413,0.9750316739082336,821.0763797108084,0.0,4817.29248046875,7062.0,157.5620856609894
4414,1.3615334033966064,882.2091405577958,0.0,4817.29248046875,7062.0,157.59605695295613
4415,0.7755903005599976,657.0347833167762,0.0,4817.29248046875,7062.0,157.63006211793981
4416,1.0758205652236938,805.5473771467805,0.0,4817.29248046875,7062.0,157.66409080591984
4417,1.3292797803878784,1025.7630657851696,0.0,4817.29248046875,7062.0,157.69811166089494
4418,2.1151890754699707,954.9671889040619,0.0,4817.29248046875,7062.0,157.73212184896693
4419,1.46193265914917,778.5485857650638,0.0,4817.29248046875,7062.0,157.766106009949
4420,1.197339653968811,790.3872798010707,0.0,4817.29248046875,7062.0,157.80006925889757
4421,1.4627065658569336,1037.9908886104822,0.0,4817.29248046875,7062.0,157.83411859592889
4422,1.3151826858520508,852.2762424033135,0.0,4817.29248046875,7062.0,157.8680918579921
4423,1.1630550622940063,802.0997140780091,0.0,4817.29248046875,7062.0,157.9019914349774
4424,0.6403115391731262,565.7405098406598,0.0,4817.29248046875,7062.0,157.9359205729561
4425,0.5585678815841675,473.9929040558636,0.0,4817.29248046875,7062.0,157.96993102994747
4426,1.5375803709030151,807.688014164567,0.0,4817.29248046875,7062.0,158.00386183394585
4427,1.4315279722213745,969.1188182681799,0.0,4817.29248046875,7062.0,158.0378628859762
4428,1.147417664527893,618.7875589793548,0.0,4817.29248046875,7062.0,158.07177769893315
4429,1.5371590852737427,844.7757928818464,0.0,4817.29248046875,7062.0,158.10580630297773
4430,1.2441089153289795,835.518329013139,0.0,4817.29248046875,7062.0,158.13988476991653
4431,0.680834174156189,464.58890702575445,0.0,4817.29248046875,7062.0,158.17394139489625
4432,2.3019497394561768,1102.6345814913511,0.0,4817.29248046875,7062.0,158.20799296488985
4433,1.1157699823379517,792.2944279126823,0.0,4817.29248046875,7062.0,158.2419329279801
4434,1.737939715385437,881.862352813594,0.0,4817.29248046875,7062.0,158.27584706794005
4435,1.3049260377883911,650.0505797769874,0.0,4817.29248046875,7062.0,158.3098508809926
4436,1.6654112339019775,845.00403996557,0.0,4817.29248046875,7062.0,158.34392511297483
4437,1.1860679388046265,864.66792829521,0.0,4817.29248046875,7062.0,158.37779633898754
4438,1.4463825225830078,931.3299732729793,0.0,4817.29248046875,7062.0,158.41173517890275
4439,1.1502069234848022,810.4733230210841,0.0,4817.29248046875,7062.0,158.44569555600174
4440,1.306252121925354,810.3344660438597,0.0,4817.29248046875,7062.0,158.47971714893356
4441,1.4404125213623047,1190.138571113348,0.0,4817.29248046875,7062.0,158.51373603590764
4442,1.4071184396743774,907.893880225718,0.0,4817.29248046875,7062.0,158.54772692394909
4443,0.9227496385574341,789.1219895891845,0.0,4817.29248046875,7062.0,158.58166388596874
4444,3.502683162689209,2119.270804338157,0.0,4817.29248046875,7062.0,158.61557670892216
4445,2.4755048751831055,2403.986824721098,0.0,4817.29248046875,7062.0,158.64950583898462
4446,2.3677518367767334,988.5136720947921,0.0,4817.29248046875,7062.0,158.68358255096246
4447,1.1857210397720337,810.3586479574442,0.0,4817.29248046875,7062.0,158.71755750791635
4448,0.722445547580719,751.4575432129204,0.0,4817.29248046875,7062.0,158.75161851395387
4449,1.1381895542144775,674.0394707880914,0.0,4817.29248046875,7062.0,158.7856292038923
4450,1.7193589210510254,799.2316120173782,0.0,4817.29248046875,7062.0,158.819669714896
4451,1.2695664167404175,927.1553569063544,0.0,4817.29248046875,7062.0,158.8538312339224
4452,1.1312053203582764,1292.9487289562821,0.0,4817.29248046875,7062.0,158.88782983692363
4453,1.4465034008026123,1300.8836874216795,0.0,4817.29248046875,7062.0,158.92178652388975
4454,0.9492087960243225,667.4411115758121,0.0,4817.29248046875,7062.0,158.95579792396165
4455,1.2540136575698853,687.2124131061137,0.0,4817.29248046875,7062.0,158.98972411698196
4456,1.2073167562484741,922.3741206154227,0.0,4817.29248046875,7062.0,159.02362470095977
4457,2.5932748317718506,905.9636376034468,0.0,4817.29248046875,7062.0,159.05765894788783
4458,1.589902639389038,1139.2605289071798,0.0,4817.29248046875,7062.0,159.09156266995706
4459,1.023705005645752,875.7846878804266,0.0,4817.29248046875,7062.0,159.12561586790252
4460,0.7951527237892151,565.2495542727411,0.0,4817.29248046875,7062.0,159.15973605494946
4461,1.3183363676071167,761.6134385690093,0.0,4817.29248046875,7062.0,159.1937586949207
4462,1.1757241487503052,934.6330984383821,0.0,4817.29248046875,7062.0,159.22774605290033
4463,1.130157709121704,923.9363016374409,0.0,4817.29248046875,7062.0,159.26166305993684
4464,1.2437396049499512,916.8581104129553,0.0,4817.29248046875,7062.0,159.29566516692284
4465,1.637131929397583,1183.048087850213,0.0,4817.29248046875,7062.0,159.32947921089362
4466,1.361122965812683,1084.8549421951175,0.0,4817.29248046875,7062.0,159.36344214098062
4467,0.940444827079773,809.1227505654097,0.0,4817.29248046875,7062.0,159.3973638069583
4468,1.6833451986312866,874.6120407972485,0.0,4817.29248046875,7062.0,159.43131345591974
4469,1.2012556791305542,789.4383592195809,0.0,4817.29248046875,7062.0,159.4653265819652
4470,1.9188625812530518,1217.6153048872948,0.0,4817.29248046875,7062.0,159.4991854109103
4471,0.92803955078125,628.0311865657568,0.0,4817.29248046875,7062.0,159.53315516398288
4472,1.571097493171692,953.0837644264102,0.0,4817.29248046875,7062.0,159.5670611569658
4473,0.9394282102584839,724.6700101904571,0.0,4817.29248046875,7062.0,159.6010639279848
4474,1.3403915166854858,918.7903915159404,0.0,4817.29248046875,7062.0,159.63504707894754
4475,2.36236834526062,924.7701130919158,0.0,4817.29248046875,7062.0,159.66927451698575
4476,1.3511242866516113,955.246955819428,0.0,4817.29248046875,7062.0,159.7032231889898
4477,0.9662303328514099,715.6756679303944,0.0,4817.29248046875,7062.0,159.73725035588723
4478,1.3626751899719238,856.283081267029,0.0,4817.29248046875,7062.0,159.77125168393832
4479,1.2048853635787964,875.6189429238439,0.0,4817.29248046875,7062.0,159.80514425889123
4480,0.9489015340805054,674.6755936220288,0.0,4817.29248046875,7062.0,159.83904773392715
4481,0.7848978638648987,471.6356578655541,0.0,4817.29248046875,7062.0,159.87303484790027
4482,1.5417983531951904,711.8326498121023,0.0,4817.29248046875,7062.0,159.90694911393803
4483,1.6400513648986816,1358.4455686062574,0.0,4817.29248046875,7062.0,159.94094972591847
4484,2.0137884616851807,1094.3131362609565,0.0,4817.29248046875,7062.0,159.97488778596744
4485,0.7001396417617798,535.3198565542698,0.0,4817.29248046875,7062.0,160.0088016919326
4486,1.3390449285507202,1111.0272741802037,0.0,4817.29248046875,7062.0,160.04279199591838
4487,1.3961904048919678,5041.454801350832,0.0,4817.29248046875,7062.0,160.07672458596062
4488,2.2408559322357178,1335.0155868567526,0.0,4817.29248046875,7062.0,160.11064072698355
4489,1.1265579462051392,858.7353704571724,0.0,4817.29248046875,7062.0,160.1446318469243
4490,1.325519323348999,829.4272695407271,0.0,4817.29248046875,7062.0,160.17875638394617
4491,1.885732889175415,3445.7985785976052,0.0,4817.29248046875,7062.0,160.21262692997698
4492,1.3951389789581299,2102.5046732127666,0.0,4817.29248046875,7062.0,160.24659555091057
4493,1.7770220041275024,41261.18914836645,0.0,4817.29248046875,7062.0,160.28076119092293
4494,1.1463887691497803,883.2626507207751,0.0,4817.29248046875,7062.0,160.31473538896535
4495,2.015435218811035,1563.585397861898,0.0,4817.29248046875,7062.0,160.34867157798726
4496,0.9355027675628662,865.1336089447141,0.0,4817.29248046875,7062.0,160.38264056493063
4497,1.3530168533325195,967.6176310032606,0.0,4817.29248046875,7062.0,160.416598701966
4498,2.027027130126953,1400.1353973671794,0.0,4817.29248046875,7062.0,160.45047883188818
4499,1.5357515811920166,985.788395434618,0.0,4817.29248046875,7062.0,160.48446996195707
4500,2.0035204887390137,1405.4403044581413,0.0,4817.29248046875,7062.0,160.5184154799208
4501,2.2075161933898926,1761.2444400414824,0.0,4817.29248046875,7062.0,160.55239403492305
4502,1.9254728555679321,1467.1711383499205,0.0,4817.29248046875,7062.0,160.58638139395043
4503,1.6481783390045166,1151.5338668748736,0.0,4817.29248046875,7062.0,160.6204531949479
4504,2.93694806098938,1859.1945763677359,0.0,4817.29248046875,7062.0,160.65457146894187
4505,1.7342119216918945,1413.8842672854662,0.0,4817.29248046875,7062.0,160.68859273090493
4506,1.8212084770202637,1026.157738994807,0.0,4817.29248046875,7062.0,160.72283755091485
4507,1.36173677444458,1235.633129592985,0.0,4817.29248046875,7062.0,160.756829574937
4508,1.3443150520324707,1084.2919524982572,0.0,4817.29248046875,7062.0,160.79074252094142
4509,1.2657800912857056,1388.9890933148563,0.0,4817.29248046875,7062.0,160.82461967295967
4510,0.718379020690918,831.280791869387,0.0,4817.29248046875,7062.0,160.8585643679835
4511,1.380394458770752,1064.841593388468,0.0,4817.29248046875,7062.0,160.8924930889625
4512,2.3124396800994873,1530.9160859175026,0.0,4817.29248046875,7062.0,160.9263454109896
4513,3.7772462368011475,1600.6514418311417,0.0,4817.29248046875,7062.0,160.96016989694908
4514,1.680856466293335,1141.4920953549445,0.0,4817.29248046875,7062.0,160.99419283797033
4515,1.3036586046218872,967.8223280087113,0.0,4817.29248046875,7062.0,161.0281067719916
4516,2.0763680934906006,995.9287037998438,0.0,4817.29248046875,7062.0,161.060640673968
4517,1.4546053409576416,673.5468867309391,0.0,4817.29248046875,7062.0,161.0947087459499
4518,1.5233173370361328,1252.484753139317,0.0,4817.29248046875,7062.0,161.12868113198783
4519,1.760783314704895,1247.9828192219138,0.0,4817.29248046875,7062.0,161.16264979192056
4520,4.779477119445801,1843.8708163648844,0.0,4817.29248046875,7062.0,161.1967177479528
4521,1.2630797624588013,970.5634604096413,0.0,4817.29248046875,7062.0,161.23059787298553
4522,2.341822385787964,1095.4046526551247,0.0,4817.29248046875,7062.0,161.2645090369042
4523,1.2634696960449219,827.9377003088593,0.0,4817.29248046875,7062.0,161.29838009097148
4524,1.7008442878723145,1118.1298680454493,0.0,4817.29248046875,7062.0,161.33235741092358
4525,1.444801688194275,732.5153046539053,0.0,4817.29248046875,7062.0,161.3663083849242
4526,0.7902264595031738,787.0095663070679,0.0,4817.29248046875,7062.0,161.4002926639514
4527,1.0894925594329834,639.7823403663933,0.0,4817.29248046875,7062.0,161.43428165791556
4528,1.4245496988296509,1213.2690838873386,0.0,4817.29248046875,7062.0,161.46820938889869
4529,0.908544659614563,780.3769755661488,0.0,4817.29248046875,7062.0,161.5021660149796
4530,1.3593254089355469,985.2060996070504,0.0,4817.29248046875,7062.0,161.53619817597792
4531,1.6398594379425049,1022.5638015680015,0.0,4817.29248046875,7062.0,161.57010741892736
4532,1.5010408163070679,931.3680310994387,0.0,4817.29248046875,7062.0,161.60404692590237
4533,0.8783397674560547,651.93574077636,0.0,4817.29248046875,7062.0,161.63809609599411
4534,1.0874180793762207,1009.6289708316326,0.0,4817.29248046875,7062.0,161.67201281595044
4535,1.1945934295654297,1054.8480415567756,0.0,4817.29248046875,7062.0,161.7059858549619
4536,2.3520538806915283,1158.9490368179977,0.0,4817.29248046875,7062.0,161.74020389595535
4537,2.1846961975097656,1507.897852152586,0.0,4817.29248046875,7062.0,161.77409940597136
4538,1.2396188974380493,1084.0521024167538,0.0,4817.29248046875,7062.0,161.80813235288952
4539,1.5318689346313477,1085.805991884321,0.0,4817.29248046875,7062.0,161.8421272468986
4540,0.9191806316375732,711.7852935753763,0.0,4817.29248046875,7062.0,161.8761131099891
4541,1.2832690477371216,800.8371575139463,0.0,4817.29248046875,7062.0,161.91005106293596
4542,1.3849934339523315,1058.2004722952843,0.0,4817.29248046875,7062.0,161.94401574099902
4543,1.9843262434005737,1275.4878149144351,0.0,4817.29248046875,7062.0,161.9778567008907
4544,2.789674758911133,1047.9992435351014,0.0,4817.29248046875,7062.0,162.012139756931
4545,1.0524616241455078,662.0712389722466,0.0,4817.29248046875,7062.0,162.0461521669058
4546,1.6310969591140747,799.0625605210662,0.0,4817.29248046875,7062.0,162.0801386819221
4547,1.5213700532913208,1136.1738008484244,0.0,4817.29248046875,7062.0,162.11407387699
4548,1.0064047574996948,630.2644808571786,0.0,4817.29248046875,7062.0,162.14803512592334
4549,1.1669788360595703,939.3697213977575,0.0,4817.29248046875,7062.0,162.18212678993586
4550,1.2073147296905518,928.0726468488574,0.0,4817.29248046875,7062.0,162.21599110693205
4551,2.0851709842681885,909.8254984989762,0.0,4817.29248046875,7062.0,162.2501862469362
4552,1.6580865383148193,1230.9932722523808,0.0,4817.29248046875,7062.0,162.28412406996358
4553,0.7273728847503662,657.4684350006282,0.0,4817.29248046875,7062.0,162.3181227738969
4554,0.893571138381958,897.7239506877959,0.0,4817.29248046875,7062.0,162.35196651297156
4555,1.5777108669281006,933.4710598811507,0.0,4817.29248046875,7062.0,162.38594528695103
4556,0.6870279908180237,525.4680321030319,0.0,4817.29248046875,7062.0,162.41994455398526
4557,1.2639034986495972,1128.7305982410908,0.0,4817.29248046875,7062.0,162.45380588294938
4558,1.12278151512146,816.5210276506841,0.0,4817.29248046875,7062.0,162.48778451792896
4559,2.0268797874450684,1313.3532389178872,0.0,4817.29248046875,7062.0,162.5217430649791
4560,1.1715377569198608,1166.1456337235868,0.0,4817.29248046875,7062.0,162.5556219969876
4561,1.0093152523040771,696.0595074556768,0.0,4817.29248046875,7062.0,162.58962033991702
4562,2.314622640609741,1346.5647380575538,0.0,4817.29248046875,7062.0,162.62374793493655
4563,2.3987674713134766,966.545488551259,0.0,4817.29248046875,7062.0,162.65774972492363
4564,2.0671944618225098,943.1589572615921,0.0,4817.29248046875,7062.0,162.69211685599294
4565,1.1073582172393799,707.1838063355535,0.0,4817.29248046875,7062.0,162.72606139199343
4566,1.353784441947937,970.0661677084863,0.0,4817.29248046875,7062.0,162.7601054609986
4567,0.9372537136077881,815.3949385471642,0.0,4817.29248046875,7062.0,162.79412386298645
4568,1.1425747871398926,829.5869741402566,0.0,4817.29248046875,7062.0,162.82802912697662
4569,0.9034844040870667,771.7969456836581,0.0,4817.29248046875,7062.0,162.86202799493913
4570,0.9216366410255432,576.5200472865254,0.0,4817.29248046875,7062.0,162.89603653992526
4571,2.1867001056671143,1320.6014492064714,0.0,4817.29248046875,7062.0,162.9299976269249
4572,1.0815449953079224,961.9089176729321,0.0,4817.29248046875,7062.0,162.96394281892572
4573,1.0860482454299927,774.3269284106791,0.0,4817.29248046875,7062.0,162.9979031299008
4574,0.9943922758102417,691.591312950477,0.0,4817.29248046875,7062.0,163.03191780298948
4575,1.0523085594177246,586.1815757416189,0.0,4817.29248046875,7062.0,163.06596705294214
4576,0.6791445016860962,763.1824273429811,0.0,4817.29248046875,7062.0,163.09991568990517
4577,1.5017415285110474,918.9428230356425,0.0,4817.29248046875,7062.0,163.13392890396062
4578,2.656938314437866,1072.1267428025603,0.0,4817.29248046875,7062.0,163.16831880796235
4579,2.678353786468506,978.8190008886158,0.0,4817.29248046875,7062.0,163.2024337069597
4580,1.1939653158187866,873.6517748087645,0.0,4817.29248046875,7062.0,163.23647610098124
4581,1.9853695631027222,756.8421834614128,0.0,4817.29248046875,7062.0,163.27077394991647
4582,2.013331890106201,978.5274674557149,0.0,4817.29248046875,7062.0,163.3047552088974
4583,1.526301622390747,820.9181268680841,0.0,4817.29248046875,7062.0,163.33874287293293
4584,1.3686227798461914,914.9848381131887,0.0,4817.29248046875,7062.0,163.37259264988825
4585,1.220584750175476,1066.0900220498443,0.0,4817.29248046875,7062.0,163.40661940991413
4586,2.494706392288208,938.7960155084729,0.0,4817.29248046875,7062.0,163.44052781595383
4587,2.3023130893707275,948.9399671629071,0.0,4817.29248046875,7062.0,163.4744437369518
4588,1.028038501739502,691.3811791744083,0.0,4817.29248046875,7062.0,163.50841393892188
4589,1.7425801753997803,709.6897667460144,0.0,4817.29248046875,7062.0,163.54243564000353
4590,1.6061664819717407,1028.8499972857535,0.0,4817.29248046875,7062.0,163.57635911589023
4591,1.0964131355285645,802.8720409795642,0.0,4817.29248046875,7062.0,163.61036042391788
4592,1.9874536991119385,866.2699922733009,0.0,4817.29248046875,7062.0,163.64434191491455
4593,1.1315711736679077,921.0588808115572,0.0,4817.29248046875,7062.0,163.67841723095626
4594,0.9978829622268677,635.2083050310612,0.0,4817.29248046875,7062.0,163.71237573295366
4595,1.2803566455841064,1224.882547210902,0.0,4817.29248046875,7062.0,163.74626526597422
4596,0.9072754979133606,539.4872259479016,0.0,4817.29248046875,7062.0,163.7802604259923
4597,1.8168405294418335,1046.4011187367141,0.0,4817.29248046875,7062.0,163.81424710189458
4598,1.1408154964447021,584.4635718241334,0.0,4817.29248046875,7062.0,163.8482704309281
4599,0.7716696262359619,639.3026169594377,0.0,4817.29248046875,7062.0,163.88229091488756
4600,1.2437469959259033,736.0531922355294,0.0,4817.29248046875,7062.0,163.9163335309131
4601,1.6088324785232544,898.127221442759,0.0,4817.29248046875,7062.0,163.95033768191934
4602,0.9443089365959167,779.9787484891713,0.0,4817.29248046875,7062.0,163.98427345696837
4603,1.3179528713226318,676.3997917436063,0.0,4817.29248046875,7062.0,164.0181551509304
4604,1.4109742641448975,1010.7928803600371,0.0,4817.29248046875,7062.0,164.05205189599656
4605,1.7738159894943237,906.1898056641221,0.0,4817.29248046875,7062.0,164.08608175290283
4606,1.1090723276138306,762.874299697578,0.0,4817.29248046875,7062.0,164.12006128393114
4607,1.3707046508789062,921.9204126447439,0.0,4817.29248046875,7062.0,164.15400988492183
4608,1.9849337339401245,883.4255767036229,0.0,4817.29248046875,7062.0,164.18800665298477
4609,1.2579996585845947,1189.756073731929,0.0,4817.29248046875,7062.0,164.22202103491873
4610,0.667273998260498,575.7193913962692,0.0,4817.29248046875,7062.0,164.2560445779236
4611,1.6589235067367554,799.6810637656599,0.0,4817.29248046875,7062.0,164.29009593999945
4612,1.482771635055542,661.7861657962203,0.0,4817.29248046875,7062.0,164.32409432996064
4613,0.8916580677032471,801.3767661843449,0.0,4817.29248046875,7062.0,164.358109846944
4614,1.607458472251892,760.6327956393361,0.0,4817.29248046875,7062.0,164.39209160592873
4615,0.9257987141609192,615.6585614327341,0.0,4817.29248046875,7062.0,164.42602523590904
4616,0.8508674502372742,480.7357519194484,0.0,4817.29248046875,7062.0,164.46002544590738
4617,1.3122395277023315,710.1001711227,0.0,4817.29248046875,7062.0,164.493840699899
4618,1.3502854108810425,784.202954147011,0.0,4817.29248046875,7062.0,164.5278542758897
4619,1.2077832221984863,818.35017510131,0.0,4817.29248046875,7062.0,164.56188297399785
4620,2.052983522415161,822.9300240799785,0.0,4817.29248046875,7062.0,164.59611305699218
4621,1.6420378684997559,1261.268568828702,0.0,4817.29248046875,7062.0,164.63000331493095
4622,1.4899449348449707,1207.1241331771016,0.0,4817.29248046875,7062.0,164.66392124292906
4623,1.2992053031921387,785.3833260722458,0.0,4817.29248046875,7062.0,164.6979426719481
4624,1.6737598180770874,1004.0845499243587,0.0,4817.29248046875,7062.0,164.73190755292308
4625,0.6287789940834045,516.6041869195178,0.0,4817.29248046875,7062.0,164.76601071993355
4626,2.0009491443634033,1029.2627165075392,0.0,4817.29248046875,7062.0,164.8002249239944
4627,1.1594336032867432,1127.1247606948018,0.0,4817.29248046875,7062.0,164.83418770099524
4628,1.9475377798080444,1235.6330050602555,0.0,4817.29248046875,7062.0,164.86821325391065
4629,1.9230061769485474,1038.642519403249,0.0,4817.29248046875,7062.0,164.90209505299572
4630,0.8001105785369873,647.4569929335266,0.0,4817.29248046875,7062.0,164.9360841459129
4631,0.6949256062507629,652.8448497820646,0.0,4817.29248046875,7062.0,164.97001537692267
4632,1.6335179805755615,1112.639597127214,0.0,4817.29248046875,7062.0,165.00396270793863
4633,1.7886065244674683,1387.6881118044257,0.0,4817.29248046875,7062.0,165.03797011391725
4634,1.8568310737609863,1335.2521772682667,0.0,4817.29248046875,7062.0,165.07197604095563
4635,1.1823316812515259,1145.0993827991188,0.0,4817.29248046875,7062.0,165.10588073090184
4636,1.02614164352417,797.3674527145922,0.0,4817.29248046875,7062.0,165.13991686399095
4637,1.6613032817840576,759.0578666627407,0.0,4817.29248046875,7062.0,165.1739861719543
4638,0.742808997631073,560.9820955134928,0.0,4817.29248046875,7062.0,165.20807017793413
4639,1.067310094833374,687.4848797470331,0.0,4817.29248046875,7062.0,165.24210459389724
4640,2.930454730987549,1040.652244227007,0.0,4817.29248046875,7062.0,165.27629495994188
4641,2.0673322677612305,1087.0689004734159,0.0,4817.29248046875,7062.0,165.31054320198018
4642,0.846513569355011,807.1181192472577,0.0,4817.29248046875,7062.0,165.3445459229406
4643,1.4012655019760132,1344.161248974502,0.0,4817.29248046875,7062.0,165.3784788949415
4644,1.3347610235214233,1081.3785909563303,0.0,4817.29248046875,7062.0,165.41249437793158
4645,1.1381187438964844,1056.7031721696258,0.0,4817.29248046875,7062.0,165.4464655269403
4646,1.2881813049316406,556.7549241492525,0.0,4817.29248046875,7062.0,165.4804393829545
4647,2.000453472137451,1081.038407728076,0.0,4817.29248046875,7062.0,165.51430770894513
4648,1.9657648801803589,1723.3666218221188,0.0,4817.29248046875,7062.0,165.54827949090395
4649,1.5703905820846558,909.2749391235411,0.0,4817.29248046875,7062.0,165.58216749492567
4650,1.424312949180603,737.7986977398396,0.0,4817.29248046875,7062.0,165.616191633977
4651,1.4010897874832153,1269.0345557555556,0.0,4817.29248046875,7062.0,165.6502745229518
4652,0.7765421271324158,477.52963672671467,0.0,4817.29248046875,7062.0,165.6843101439299
4653,1.1989023685455322,998.0502721332014,0.0,4817.29248046875,7062.0,165.7182320759166
4654,0.7089837193489075,522.0307583007962,0.0,4817.29248046875,7062.0,165.7522634359775
4655,1.585992693901062,722.5826800609939,0.0,4817.29248046875,7062.0,165.7863461759407
4656,1.0457179546356201,830.9967976845801,0.0,4817.29248046875,7062.0,165.82033165090252
4657,1.3867437839508057,1196.1970816478133,0.0,4817.29248046875,7062.0,165.85431079089176
4658,1.403498888015747,895.6035625636578,0.0,4817.29248046875,7062.0,165.8883200379787
4659,1.5202339887619019,772.9765701368451,0.0,4817.29248046875,7062.0,165.92228925891686
4660,1.6126686334609985,991.2409179769456,0.0,4817.29248046875,7062.0,165.95633455598727
4661,1.4946458339691162,1241.6495275497437,0.0,4817.29248046875,7062.0,165.99028698692564
4662,1.6853258609771729,1025.2044122293591,0.0,4817.29248046875,7062.0,166.02432125492487
4663,1.9491424560546875,989.8136471365578,0.0,4817.29248046875,7062.0,166.05825227091555
4664,1.2001370191574097,959.8412731960416,0.0,4817.29248046875,7062.0,166.0922636629548
4665,0.9196580648422241,819.472587319091,0.0,4817.29248046875,7062.0,166.1262619169429
4666,1.623856544494629,1228.3652802854776,0.0,4817.29248046875,7062.0,166.16029489797074
4667,2.3055808544158936,1337.451252821833,0.0,4817.29248046875,7062.0,166.19433853100054
4668,1.759709358215332,1204.9498356804252,0.0,4817.29248046875,7062.0,166.22823439899366
4669,1.7151774168014526,1780.4849767535925,0.0,4817.29248046875,7062.0,166.26221773889847
4670,1.0930171012878418,656.8324550967664,0.0,4817.29248046875,7062.0,166.29620930890087
4671,0.857463538646698,917.7995664663613,0.0,4817.29248046875,7062.0,166.33019744895864
4672,1.395277500152588,1285.7970968745649,0.0,4817.29248046875,7062.0,166.36411160894204
4673,2.3061063289642334,2037.0588181465864,0.0,4817.29248046875,7062.0,166.39803356595803
4674,1.0547499656677246,808.5905064679682,0.0,4817.29248046875,7062.0,166.43198984395713
4675,1.1587127447128296,1116.440440274775,0.0,4817.29248046875,7062.0,166.4660008409992
4676,1.2307244539260864,648.4063832871616,0.0,4817.29248046875,7062.0,166.49994777399115
4677,1.192935585975647,1111.0858047157526,0.0,4817.29248046875,7062.0,166.53389826288912
4678,0.769450843334198,660.5960393287241,0.0,4817.29248046875,7062.0,166.56792991189286
4679,0.807482123374939,543.2009441945702,0.0,4817.29248046875,7062.0,166.60195202496834
4680,1.3154464960098267,909.4790706299245,0.0,4817.29248046875,7062.0,166.63581891392823
4681,1.2145497798919678,761.7656680233777,0.0,4817.29248046875,7062.0,166.67000608192757
4682,1.187017560005188,723.8888108544052,0.0,4817.29248046875,7062.0,166.70402176689822
4683,0.655377984046936,494.56465170904994,0.0,4817.29248046875,7062.0,166.7379670588998
4684,0.6946333646774292,622.9495042581111,0.0,4817.29248046875,7062.0,166.77187586692162
4685,1.731091022491455,691.1280069723725,0.0,4817.29248046875,7062.0,166.8057732329471
4686,1.5392076969146729,941.025125157088,0.0,4817.29248046875,7062.0,166.83972957800142
4687,1.2463476657867432,850.8057588813826,0.0,4817.29248046875,7062.0,166.87374602688942
4688,0.605827808380127,429.34170326124877,0.0,4817.29248046875,7062.0,166.90776443795767
4689,1.5560719966888428,1149.965518284589,0.0,4817.29248046875,7062.0,166.94184866093565
4690,0.993916392326355,609.530153773725,0.0,4817.29248046875,7062.0,166.9757551419316
4691,2.2159152030944824,685.6483418811113,0.0,4817.29248046875,7062.0,167.00982827297412
4692,0.955915629863739,514.6093231067061,0.0,4817.29248046875,7062.0,167.04384713293985
4693,1.3484619855880737,1252.42863349244,0.0,4817.29248046875,7062.0,167.07785676594358
4694,0.6708046197891235,652.6655482333153,0.0,4817.29248046875,7062.0,167.11191429698374
4695,0.9578061103820801,637.3201349116862,0.0,4817.29248046875,7062.0,167.14594701793976
4696,1.3387514352798462,683.9833446852863,0.0,4817.29248046875,7062.0,167.18007725197822
4697,1.090354084968567,651.1311795711517,0.0,4817.29248046875,7062.0,167.21404772996902
4698,1.1381580829620361,853.6555806286633,0.0,4817.29248046875,7062.0,167.2480509019224
4699,1.9753717184066772,1180.7308945059776,0.0,4817.29248046875,7062.0,167.28201442898717
4700,2.033540725708008,1141.251067019999,0.0,4817.29248046875,7062.0,167.31607831991278
4701,1.6257283687591553,1077.2626186516136,0.0,4817.29248046875,7062.0,167.34989240195137
4702,1.2226548194885254,849.9789402782917,0.0,4817.29248046875,7062.0,167.38385602098424
4703,1.0642093420028687,862.5950525701046,0.0,4817.29248046875,7062.0,167.41778298700228
4704,1.9791067838668823,1161.4935292229056,0.0,4817.29248046875,7062.0,167.45209861989133
4705,1.294295310974121,964.7173366770148,0.0,4817.29248046875,7062.0,167.48592140490655
4706,1.1855719089508057,960.2036071009934,0.0,4817.29248046875,7062.0,167.51983305998147
4707,0.8559162020683289,599.7518471125513,0.0,4817.29248046875,7062.0,167.55380307498854
4708,1.6208012104034424,1024.0113754086196,0.0,4817.29248046875,7062.0,167.58779288898222
4709,1.03541100025177,812.8146707080305,0.0,4817.29248046875,7062.0,167.62179210793693
4710,1.343550443649292,1092.7979517690837,0.0,4817.29248046875,7062.0,167.6557686519809
4711,1.226722002029419,814.1105927750468,0.0,4817.29248046875,7062.0,167.68985095899552
4712,0.694136381149292,612.7524573653936,0.0,4817.29248046875,7062.0,167.72379547089804
4713,1.984057068824768,1080.4528813324869,0.0,4817.29248046875,7062.0,167.75771650392562
4714,1.1135815382003784,875.452270373702,0.0,4817.29248046875,7062.0,167.7917970099952
4715,0.5649855732917786,391.49360462324694,0.0,4817.29248046875,7062.0,167.82578248693608
4716,1.8260554075241089,1088.6260961666703,0.0,4817.29248046875,7062.0,167.85976918193046
4717,0.8335774540901184,598.0556968562305,0.0,4817.29248046875,7062.0,167.89381044195034
4718,1.338147759437561,843.7419948205352,0.0,4817.29248046875,7062.0,167.92787322192453
4719,1.5107614994049072,1058.6642632186413,0.0,4817.29248046875,7062.0,167.9618145689601
4720,1.6848281621932983,822.2916659936309,0.0,4817.29248046875,7062.0,167.99572561192326
4721,1.0703915357589722,673.482389472425,0.0,4817.29248046875,7062.0,168.02962119190488
4722,1.1358836889266968,696.5028629899025,0.0,4817.29248046875,7062.0,168.06362562195864
4723,0.8411077260971069,846.5496711097658,0.0,4817.29248046875,7062.0,168.09748269093689
4724,1.201263189315796,1015.2088728062809,0.0,4817.29248046875,7062.0,168.13145256089047
4725,1.4204161167144775,847.230058286339,0.0,4817.29248046875,7062.0,168.16543806996197
4726,1.2026374340057373,1141.298028677702,0.0,4817.29248046875,7062.0,168.19944866700098
4727,1.4429701566696167,1124.5177360326052,0.0,4817.29248046875,7062.0,168.23336052999366
4728,1.0824671983718872,791.7466379031539,0.0,4817.29248046875,7062.0,168.26732615195215
4729,1.4786914587020874,1078.7041512429714,0.0,4817.29248046875,7062.0,168.3013965470018
4730,1.4407058954238892,1168.431757092476,0.0,4817.29248046875,7062.0,168.335296770907
4731,0.7124168872833252,549.8453818242997,0.0,4817.29248046875,7062.0,168.36921755690128
4732,1.1194080114364624,887.0184588544071,0.0,4817.29248046875,7062.0,168.40325671900064
4733,1.5646437406539917,899.0611405149102,0.0,4817.29248046875,7062.0,168.4372232449241
4734,1.5723354816436768,889.8121593594551,0.0,4817.29248046875,7062.0,168.47109628492035
4735,1.01474928855896,900.7414859682322,0.0,4817.29248046875,7062.0,168.50510289089289
4736,0.9549817442893982,797.6754100639373,0.0,4817.29248046875,7062.0,168.53904367098585
4737,1.3401997089385986,780.5806079395115,0.0,4817.29248046875,7062.0,168.5730589539744
4738,1.3235491514205933,1296.469407349825,0.0,4817.29248046875,7062.0,168.60700250894297
4739,1.1590577363967896,686.1128735691309,0.0,4817.29248046875,7062.0,168.6409789409954
4740,1.6725735664367676,1468.3428898192942,0.0,4817.29248046875,7062.0,168.67495277395938
4741,1.4201464653015137,685.01934421435,0.0,4817.29248046875,7062.0,168.70895838690922
4742,0.9591209292411804,948.7543941102922,0.0,4817.29248046875,7062.0,168.74293958896305
4743,0.9414847493171692,730.6779111940414,0.0,4817.29248046875,7062.0,168.77693807089236
4744,2.023195505142212,1041.8621298838407,0.0,4817.29248046875,7062.0,168.8109191689873
4745,1.2933000326156616,1039.1875237822533,0.0,4817.29248046875,7062.0,168.84487960196566
4746,1.0398011207580566,664.9052832238376,0.0,4817.29248046875,7062.0,168.87885063898284
4747,1.5595444440841675,640.8683300092816,0.0,4817.29248046875,7062.0,168.91307330399286
4748,0.8692841529846191,554.6106765177101,0.0,4817.29248046875,7062.0,168.94705715798773
4749,1.5797921419143677,1478.7132680490613,0.0,4817.29248046875,7062.0,168.98112608597148
4750,1.2228938341140747,629.1986540593207,0.0,4817.29248046875,7062.0,169.0149944369914
4751,1.3144761323928833,1013.514929190278,0.0,4817.29248046875,7062.0,169.04898331000004
4752,1.4427895545959473,1088.1366855874658,0.0,4817.29248046875,7062.0,169.08285165694542
4753,1.5079030990600586,1329.5346490293741,0.0,4817.29248046875,7062.0,169.116784203914
4754,1.147700548171997,777.7301473729312,0.0,4817.29248046875,7062.0,169.15086276188958
4755,1.1744132041931152,1091.2505694180727,0.0,4817.29248046875,7062.0,169.1850618349854
4756,1.1341232061386108,1092.1117294430733,0.0,4817.29248046875,7062.0,169.21907338988967
4757,1.485796332359314,937.563329897821,0.0,4817.29248046875,7062.0,169.25308964797296
4758,1.7443045377731323,930.3382031358778,0.0,4817.29248046875,7062.0,169.28712439595256
4759,0.7023442387580872,543.8962738346308,0.0,4817.29248046875,7062.0,169.32116729090922
4760,2.0004427433013916,1338.935388982296,0.0,4817.29248046875,7062.0,169.35542552592233
4761,1.7718302011489868,888.0893199555576,0.0,4817.29248046875,7062.0,169.3895540049998
4762,1.812930703163147,1093.370733141899,0.0,4817.29248046875,7062.0,169.4234984969953
4763,1.9563182592391968,827.526405595243,0.0,4817.29248046875,7062.0,169.45763557194732
4764,1.291790246963501,867.8999244123697,0.0,4817.29248046875,7062.0,169.49161413300317
4765,1.8416931629180908,944.0201390422881,0.0,4817.29248046875,7062.0,169.5254938720027
4766,0.994321346282959,796.3981672413647,0.0,4817.29248046875,7062.0,169.55946997192223
4767,1.1803650856018066,723.8122293427587,0.0,4817.29248046875,7062.0,169.59351053193677
4768,1.5221449136734009,960.3488962501287,0.0,4817.29248046875,7062.0,169.62749879597686
4769,1.1204395294189453,759.7008786462247,0.0,4817.29248046875,7062.0,169.66158554097638
4770,1.6624444723129272,1320.6591093987226,0.0,4817.29248046875,7062.0,169.69564209796954
4771,2.0072920322418213,890.1975078880787,0.0,4817.29248046875,7062.0,169.7295324029401
4772,1.6302859783172607,804.5737241692841,0.0,4817.29248046875,7062.0,169.7638101549819
4773,0.7487572431564331,750.9629337694496,0.0,4817.29248046875,7062.0,169.79783440195024
4774,1.4141756296157837,866.9638675861061,0.0,4817.29248046875,7062.0,169.83184325299226
4775,0.9798794388771057,642.729840438813,0.0,4817.29248046875,7062.0,169.86588870396372
4776,1.8745487928390503,1166.0105824135244,0.0,4817.29248046875,7062.0,169.89993159589358
4777,1.5408741235733032,818.4107792433351,0.0,4817.29248046875,7062.0,169.93477680697106
4778,1.0037238597869873,533.9215140119195,0.0,4817.29248046875,7062.0,169.96879222092684
4779,1.076053500175476,823.0666506774724,0.0,4817.29248046875,7062.0,170.00257273192983
4780,1.3068091869354248,578.5153694134206,0.0,4817.29248046875,7062.0,170.036492264946
4781,1.0350043773651123,760.2285704612732,0.0,4817.29248046875,7062.0,170.07042429596186
4782,0.8848603963851929,603.3698630519211,0.0,4817.29248046875,7062.0,170.10423584096134
4783,1.6105046272277832,960.2478113472462,0.0,4817.29248046875,7062.0,170.13806816295255
4784,1.288756251335144,902.1036374289542,0.0,4817.29248046875,7062.0,170.17220927390736
4785,1.3438360691070557,976.1572263762355,0.0,4817.29248046875,7062.0,170.2061312929727
4786,0.956287682056427,739.5537400506437,0.0,4817.29248046875,7062.0,170.24003972799983
4787,0.8906739950180054,551.3674119133502,0.0,4817.29248046875,7062.0,170.2739079579478
4788,0.9105419516563416,641.1591399386525,0.0,4817.29248046875,7062.0,170.3077355629066
4789,1.3948774337768555,989.0363574288785,0.0,4817.29248046875,7062.0,170.3416163699003
4790,1.0546245574951172,659.5870708748698,0.0,4817.29248046875,7062.0,170.37552071199752
4791,1.068037509918213,839.2351463697851,0.0,4817.29248046875,7062.0,170.40940772090107
4792,0.6053944230079651,480.7237718468532,0.0,4817.29248046875,7062.0,170.44330365292262
4793,1.294869303703308,863.047056030482,0.0,4817.29248046875,7062.0,170.47721220797393
4794,1.2736613750457764,994.4349375516176,0.0,4817.29248046875,7062.0,170.51115702092648
4795,1.483452558517456,724.2491994276643,0.0,4817.29248046875,7062.0,170.54528423794545
4796,1.3628857135772705,657.586972180754,0.0,4817.29248046875,7062.0,170.5792300309986
4797,1.4729231595993042,675.2645487338305,0.0,4817.29248046875,7062.0,170.61320371890906
4798,0.8688181042671204,609.2036168128252,0.0,4817.29248046875,7062.0,170.64715909492224
4799,1.1173455715179443,1113.8995442986488,0.0,4817.29248046875,7062.0,170.68120648199692
4800,1.3525508642196655,1010.8728970885277,0.0,4817.29248046875,7062.0,170.7153230359545
4801,0.7848895788192749,545.9389228653163,0.0,4817.29248046875,7062.0,170.74933478794992
4802,0.992073118686676,829.3285443596542,0.0,4817.29248046875,7062.0,170.7831661819946
4803,1.207309603691101,801.22146483697,0.0,4817.29248046875,7062.0,170.81708519696258
4804,0.9334890246391296,716.2213712092489,0.0,4817.29248046875,7062.0,170.85086838295683
4805,0.6345734000205994,628.4469884680584,0.0,4817.29248046875,7062.0,170.8847460129764
4806,0.8502921462059021,791.9787176977843,0.0,4817.29248046875,7062.0,170.91865808691364
4807,1.7793556451797485,1079.9423878267407,0.0,4817.29248046875,7062.0,170.95253937190864
4808,1.0675941705703735,734.6873126216233,0.0,4817.29248046875,7062.0,170.98645143897738
4809,1.2387545108795166,844.880891058594,0.0,4817.29248046875,7062.0,171.02044880692847
4810,1.0358511209487915,701.3957475237548,0.0,4817.29248046875,7062.0,171.05435187392868
4811,0.9934494495391846,616.7435143953189,0.0,4817.29248046875,7062.0,171.08845578192268
4812,1.5107518434524536,994.3896766789258,0.0,4817.29248046875,7062.0,171.1221443869872
4813,0.7471624612808228,690.0184379778802,0.0,4817.29248046875,7062.0,171.15608233597595
4814,1.2727166414260864,759.6875172294676,0.0,4817.29248046875,7062.0,171.19008059392218
4815,1.0787166357040405,733.7010044269264,0.0,4817.29248046875,7062.0,171.22406888997648
4816,0.6639814972877502,606.6416480541229,0.0,4817.29248046875,7062.0,171.2579486859031
4817,1.2130717039108276,820.7317261919379,0.0,4817.29248046875,7062.0,171.29182446189225
4818,0.7435827851295471,535.2544795963913,0.0,4817.29248046875,7062.0,171.32561879092827
4819,1.2133077383041382,687.9831514190882,0.0,4817.29248046875,7062.0,171.35954564693384
4820,1.2677494287490845,885.7044314965606,0.0,4817.29248046875,7062.0,171.3934362839209
4821,0.8614762425422668,519.2651611827314,0.0,4817.29248046875,7062.0,171.42735309596173
4822,1.3815321922302246,830.665942620486,0.0,4817.29248046875,7062.0,171.46122431894764
4823,1.1695256233215332,550.3985490407795,0.0,4817.29248046875,7062.0,171.495293272892
4824,0.919566810131073,643.0105976182967,0.0,4817.29248046875,7062.0,171.52909621596336
4825,0.8450909852981567,704.0193255357444,0.0,4817.29248046875,7062.0,171.56301233591512
4826,0.9807801246643066,628.8997578881681,0.0,4817.29248046875,7062.0,171.59695426688995
4827,0.6147689819335938,644.0849830824882,0.0,4817.29248046875,7062.0,171.63087278895546
4828,0.9021879434585571,724.7476211376488,0.0,4817.29248046875,7062.0,171.66490262700245
4829,1.4390217065811157,940.106440493837,0.0,4817.29248046875,7062.0,171.69888141890988
4830,1.2961299419403076,1074.2690211199224,0.0,4817.29248046875,7062.0,171.73271124297753
4831,1.1976786851882935,651.8347997358069,0.0,4817.29248046875,7062.0,171.76651272492018
4832,1.472396731376648,871.9535966906697,0.0,4817.29248046875,7062.0,171.80038544896524
4833,1.1249555349349976,815.0683967135847,0.0,4817.29248046875,7062.0,171.83431216690224
4834,0.8268079161643982,691.2700314484537,0.0,4817.29248046875,7062.0,171.86817309400067
4835,0.8383687138557434,523.0444136448205,0.0,4817.29248046875,7062.0,171.9020294758957
4836,1.4178786277770996,719.5623903591186,0.0,4817.29248046875,7062.0,171.93591753696091
4837,0.8078882694244385,499.7366141267121,0.0,4817.29248046875,7062.0,171.969857621938
4838,0.9019474983215332,522.2427978031337,0.0,4817.29248046875,7062.0,172.0038026899565
4839,1.1906368732452393,770.4614117741585,0.0,4817.29248046875,7062.0,172.03770765091758
4840,1.0349372625350952,590.2446914836764,0.0,4817.29248046875,7062.0,172.0716363049578
4841,1.3260254859924316,927.4779985249043,0.0,4817.29248046875,7062.0,172.10543513996527
4842,1.062227487564087,632.8993982039392,0.0,4817.29248046875,7062.0,172.13933836796787
4843,0.9861363172531128,729.5376376565546,0.0,4817.29248046875,7062.0,172.1733810149599
4844,0.8813580274581909,625.9633745774627,0.0,4817.29248046875,7062.0,172.20735831698403
4845,1.1619874238967896,676.5850743055344,0.0,4817.29248046875,7062.0,172.24127237289213
4846,1.0802170038223267,558.6603156272322,0.0,4817.29248046875,7062.0,172.27515642892104
4847,0.895241916179657,543.1720445323735,0.0,4817.29248046875,7062.0,172.3089513919549
4848,1.1055964231491089,878.0038973223418,0.0,4817.29248046875,7062.0,172.34289005992468
4849,1.2761422395706177,609.9509063158184,0.0,4817.29248046875,7062.0,172.3768334389897
4850,0.5078697800636292,411.24320786073804,0.0,4817.29248046875,7062.0,172.41071744298097
4851,1.4455292224884033,766.6994928754866,0.0,4817.29248046875,7062.0,172.4445165579673
4852,1.7573630809783936,1066.9082941152155,0.0,4817.29248046875,7062.0,172.4783504679799
4853,0.9719018936157227,921.913743738085,0.0,4817.29248046875,7062.0,172.51229733298533
4854,1.1623908281326294,996.481655664742,0.0,4817.29248046875,7062.0,172.54611764790025
4855,0.8156639933586121,679.2814679536968,0.0,4817.29248046875,7062.0,172.58002324798144
4856,1.286855697631836,980.6491372175515,0.0,4817.29248046875,7062.0,172.61416344193276
4857,0.6239843964576721,453.7796079190448,0.0,4817.29248046875,7062.0,172.64813553891145
4858,1.2028363943099976,639.7905001118779,0.0,4817.29248046875,7062.0,172.68208945391234
4859,1.2252460718154907,637.7638127179816,0.0,4817.29248046875,7062.0,172.7161215179367
4860,1.5109593868255615,1235.372793983668,0.0,4817.29248046875,7062.0,172.74990240798797
4861,1.4189635515213013,769.7428138889372,0.0,4817.29248046875,7062.0,172.78373447293416
4862,1.4096016883850098,669.6670699957758,0.0,4817.29248046875,7062.0,172.81771227996796
4863,1.2034720182418823,708.5142566077411,0.0,4817.29248046875,7062.0,172.8515853579156
4864,1.832575798034668,823.7969793956727,0.0,4817.29248046875,7062.0,172.88570290990174
4865,0.6731246709823608,556.1555548505858,0.0,4817.29248046875,7062.0,172.9194927199278
4866,1.2892166376113892,759.2832784559578,0.0,4817.29248046875,7062.0,172.95343946898356
4867,0.9400068521499634,768.8688732553273,0.0,4817.29248046875,7062.0,172.98735096189193
4868,2.413870096206665,1111.4308866411448,0.0,4817.29248046875,7062.0,173.02154286496807
4869,1.3267273902893066,1076.7744155973196,0.0,4817.29248046875,7062.0,173.05540142790414
4870,0.8099094033241272,496.0374207235873,0.0,4817.29248046875,7062.0,173.0891770758899
4871,1.1809865236282349,693.9508211091161,0.0,4817.29248046875,7062.0,173.1229070049012
4872,1.4506641626358032,995.5008090622723,0.0,4817.29248046875,7062.0,173.1568424999714
4873,1.1697403192520142,953.9833590313792,0.0,4817.29248046875,7062.0,173.19075973692816
4874,1.1080982685089111,890.3053009286523,0.0,4817.29248046875,7062.0,173.22464370098896
4875,1.6151843070983887,1067.3396452888846,0.0,4817.29248046875,7062.0,173.25846684200224
4876,0.9425877928733826,643.3901244085282,0.0,4817.29248046875,7062.0,173.2922692958964
4877,1.9872742891311646,1340.117087803781,0.0,4817.29248046875,7062.0,173.32617395592388
4878,0.8515486121177673,631.2834578342736,0.0,4817.29248046875,7062.0,173.36008770391345
4879,1.054199457168579,857.7472201101482,0.0,4817.29248046875,7062.0,173.3938963569235
4880,0.6148389577865601,459.2650854345411,0.0,4817.29248046875,7062.0,173.4277443169849
4881,0.8234940767288208,723.6182027161121,0.0,4817.29248046875,7062.0,173.46165329194628
4882,1.189224362373352,836.5313919261098,0.0,4817.29248046875,7062.0,173.49555994791444
4883,0.9687350392341614,696.843124942854,0.0,4817.29248046875,7062.0,173.52941566496156
4884,1.1492574214935303,650.3213664535433,0.0,4817.29248046875,7062.0,173.63528448389843
4885,0.7406441569328308,462.5268087889999,0.0,4817.29248046875,7062.0,173.66976612689905
4886,0.8955828547477722,723.4317817129195,0.0,4817.29248046875,7062.0,173.70374131691642
4887,1.5032273530960083,710.4382080920041,0.0,4817.29248046875,7062.0,173.73766198498197
4888,1.499253273010254,843.2562201935798,0.0,4817.29248046875,7062.0,173.7717985829804
4889,0.8728868365287781,628.734310682863,0.0,4817.29248046875,7062.0,173.80580015596934
4890,0.9324700236320496,608.9064880795777,0.0,4817.29248046875,7062.0,173.83965165389236
4891,1.4804421663284302,1296.9046862386167,0.0,4817.29248046875,7062.0,173.87349537597038
4892,0.8748366236686707,772.8016733750701,0.0,4817.29248046875,7062.0,173.90739853389096
4893,0.865760087966919,775.9526936300099,0.0,4817.29248046875,7062.0,173.94126977189444
4894,0.9477905035018921,561.5175515096635,0.0,4817.29248046875,7062.0,173.9752755779773
4895,0.7797088027000427,731.733708774671,0.0,4817.29248046875,7062.0,174.00907074997667
4896,1.3806601762771606,912.7263929471374,0.0,4817.29248046875,7062.0,174.0429943179479
4897,0.6924489140510559,570.206760307774,0.0,4817.29248046875,7062.0,174.07691893493757
4898,1.108893632888794,758.3441371936351,0.0,4817.29248046875,7062.0,174.1108308029361
4899,0.9765813946723938,872.3488011918962,0.0,4817.29248046875,7062.0,174.14458279090468
4900,1.1877108812332153,734.8512597884983,0.0,4817.29248046875,7062.0,174.17851981299464
4901,0.8058228492736816,601.2623315146193,0.0,4817.29248046875,7062.0,174.21247034298722
4902,1.0807658433914185,593.805388330482,0.0,4817.29248046875,7062.0,174.2463972979458
4903,1.8454492092132568,1064.2598007451743,0.0,4817.29248046875,7062.0,174.2806126899086
4904,1.2204850912094116,934.6155428886414,0.0,4817.29248046875,7062.0,174.31460337189492
4905,0.7355855107307434,1155.5426569320261,0.0,4817.29248046875,7062.0,174.3485108279856
4906,1.2714897394180298,859.9689559228718,0.0,4817.29248046875,7062.0,174.38234428991564
4907,1.2566810846328735,756.1526024192572,0.0,4817.29248046875,7062.0,174.41641158389393
4908,0.6815366148948669,669.8630325086415,0.0,4817.29248046875,7062.0,174.45036161493044
4909,1.1493780612945557,639.0312529280782,0.0,4817.29248046875,7062.0,174.48447226698045
4910,0.6475062966346741,789.2568656485528,0.0,4817.29248046875,7062.0,174.51834846299607
4911,1.5848091840744019,1258.3169987015426,0.0,4817.29248046875,7062.0,174.55217469192576
4912,1.8203117847442627,971.2724402658641,0.0,4817.29248046875,7062.0,174.58638382994104
4913,0.6073606610298157,715.166740546003,0.0,4817.29248046875,7062.0,174.62028583395295
4914,0.9144967198371887,901.3692644350231,0.0,4817.29248046875,7062.0,174.65419675398152
4915,0.9750003218650818,701.8482397627085,0.0,4817.29248046875,7062.0,174.68805757688824
4916,1.2947601079940796,1125.5566842481494,0.0,4817.29248046875,7062.0,174.72207214299124
4917,0.9096791744232178,708.7099876590073,0.0,4817.29248046875,7062.0,174.75596014899202
4918,1.170889139175415,1009.5926925782114,0.0,4817.29248046875,7062.0,174.7898143819766
4919,1.1159838438034058,807.9416021183133,0.0,4817.29248046875,7062.0,174.8237181599252
4920,0.6779340505599976,519.6292558517307,0.0,4817.29248046875,7062.0,174.85760020895395
4921,1.2331880331039429,1319.4674423784018,0.0,4817.29248046875,7062.0,174.89145932695828
4922,0.904793381690979,449.39960511773825,0.0,4817.29248046875,7062.0,174.92552286491264
4923,1.0560497045516968,765.9103117212653,0.0,4817.29248046875,7062.0,174.95940930291545
4924,1.609637975692749,1134.9441692903638,0.0,4817.29248046875,7062.0,174.99329662090167
4925,1.0161653757095337,727.0439036637545,0.0,4817.29248046875,7062.0,175.02711333695333
4926,1.2124745845794678,640.967063780874,0.0,4817.29248046875,7062.0,175.06092120800167
4927,1.0857359170913696,537.2104117590934,0.0,4817.29248046875,7062.0,175.0949446199229
4928,0.7725324034690857,674.4861008729786,0.0,4817.29248046875,7062.0,175.1287586769322
4929,1.1573593616485596,585.6682030633092,0.0,4817.29248046875,7062.0,175.16269401996396
4930,1.0604151487350464,1001.0578479096293,0.0,4817.29248046875,7062.0,175.19681045296602
4931,1.1746212244033813,925.5393954440951,0.0,4817.29248046875,7062.0,175.2307890939992
4932,1.1637815237045288,1134.6181451156735,0.0,4817.29248046875,7062.0,175.2646764869569
4933,1.5336283445358276,781.1613598819822,0.0,4817.29248046875,7062.0,175.29851875791792
4934,1.279537320137024,790.5170452743769,0.0,4817.29248046875,7062.0,175.33236511889845
4935,0.8505170941352844,591.3759111035615,0.0,4817.29248046875,7062.0,175.3662618069211
4936,0.7125921249389648,749.5780811160803,0.0,4817.29248046875,7062.0,175.40025185293052
4937,1.2351545095443726,786.7873150296509,0.0,4817.29248046875,7062.0,175.43414884689264
4938,1.563923716545105,943.658307634294,0.0,4817.29248046875,7062.0,175.46808759891428
4939,1.0119893550872803,591.2418336626142,0.0,4817.29248046875,7062.0,175.5019820269663
4940,1.0233014822006226,698.3159376345575,0.0,4817.29248046875,7062.0,175.5359129179269
4941,1.6322622299194336,916.4293188434094,0.0,4817.29248046875,7062.0,175.5698219849728
4942,1.1637694835662842,876.6671107970178,0.0,4817.29248046875,7062.0,175.60376600699965
4943,1.1384217739105225,664.2744240816683,0.0,4817.29248046875,7062.0,175.63766220293473
4944,0.9715749025344849,773.8710176628083,0.0,4817.29248046875,7062.0,175.67152499197982
4945,1.587884545326233,741.4558439161628,0.0,4817.29248046875,7062.0,175.7053770798957
4946,1.5046091079711914,845.1633075475693,0.0,4817.29248046875,7062.0,175.7392596929567
4947,1.4513756036758423,977.9084089025855,0.0,4817.29248046875,7062.0,175.773185841972
4948,0.872087299823761,715.1401533354074,0.0,4817.29248046875,7062.0,175.80714607494883
4949,0.7986860275268555,679.3401961419731,0.0,4817.29248046875,7062.0,175.8411237319233
4950,0.8537934422492981,707.3488093726337,0.0,4817.29248046875,7062.0,175.87497137789614
4951,0.9127107858657837,1330.97456558235,0.0,4817.29248046875,7062.0,175.90898446494248
4952,1.0402188301086426,676.1672019138932,0.0,4817.29248046875,7062.0,175.94285862299148
4953,1.0300601720809937,903.8151592388749,0.0,4817.29248046875,7062.0,175.97672376490664
4954,0.6681243777275085,425.4372757105157,0.0,4817.29248046875,7062.0,176.0107115409337
4955,1.1354036331176758,659.5787942688912,0.0,4817.29248046875,7062.0,176.04459779593162
4956,1.0685511827468872,839.5460072383285,0.0,4817.29248046875,7062.0,176.07850643689744
4957,0.8380950689315796,676.6604112889618,0.0,4817.29248046875,7062.0,176.11239753093105
4958,1.1502987146377563,776.2675482612103,0.0,4817.29248046875,7062.0,176.14634159894194
4959,1.554706335067749,1094.1456716619432,0.0,4817.29248046875,7062.0,176.1804569090018
4960,1.1522657871246338,903.1159280985594,0.0,4817.29248046875,7062.0,176.21448914392386
4961,1.4259264469146729,987.4912351667881,0.0,4817.29248046875,7062.0,176.24840150692035
4962,1.323277235031128,1112.2003361284733,0.0,4817.29248046875,7062.0,176.2822714879876
4963,0.929252564907074,919.8776237759739,0.0,4817.29248046875,7062.0,176.3162305779988
4964,1.3434950113296509,1249.705996438861,0.0,4817.29248046875,7062.0,176.35009775694925
4965,1.3244463205337524,1070.3035378605127,0.0,4817.29248046875,7062.0,176.38391909690108
4966,1.018934965133667,875.5368029884994,0.0,4817.29248046875,7062.0,176.4178788199788
4967,1.1282669305801392,705.7157390099019,0.0,4817.29248046875,7062.0,176.45185731491074
4968,1.2991544008255005,806.2869793325663,0.0,4817.29248046875,7062.0,176.48573387996294
4969,0.8943076133728027,675.2277656160295,0.0,4817.29248046875,7062.0,176.51967943296768
4970,1.3420045375823975,1394.1408384665847,0.0,4817.29248046875,7062.0,176.55369213595986
4971,1.2735400199890137,613.4832422416657,0.0,4817.29248046875,7062.0,176.58781147294212
4972,1.1800048351287842,769.0799154751003,0.0,4817.29248046875,7062.0,176.62163038691506
4973,1.2411669492721558,803.0409714132547,0.0,4817.29248046875,7062.0,176.65559034992475
4974,1.2743421792984009,955.5186766162515,0.0,4817.29248046875,7062.0,176.68952616595197
4975,1.3906328678131104,759.3632902503014,0.0,4817.29248046875,7062.0,176.723554897937
4976,1.0576658248901367,675.5325467772782,0.0,4817.29248046875,7062.0,176.75749914592598
4977,1.0454373359680176,717.5458335615695,0.0,4817.29248046875,7062.0,176.79138835088816
4978,1.1044851541519165,833.477721709758,0.0,4817.29248046875,7062.0,176.82521718391217
4979,0.8345015048980713,730.2612794078887,0.0,4817.29248046875,7062.0,176.8591612689197
4980,1.4435975551605225,604.4978197384626,0.0,4817.29248046875,7062.0,176.8932777029695
4981,0.9462222456932068,766.9592076838017,0.0,4817.29248046875,7062.0,176.92725898197386
4982,0.962924599647522,682.2139531821012,0.0,4817.29248046875,7062.0,176.9611789229093
4983,1.4443987607955933,1014.2959680110216,0.0,4817.29248046875,7062.0,176.9950103299925
4984,1.1551181077957153,682.4577853493392,0.0,4817.29248046875,7062.0,177.02883577696048
4985,0.6943581104278564,676.3163355570287,0.0,4817.29248046875,7062.0,177.06283430196345
4986,1.2004551887512207,810.0001294650137,0.0,4817.29248046875,7062.0,177.09682169998996
4987,0.7052889466285706,694.0520290397108,0.0,4817.29248046875,7062.0,177.130638383911
4988,1.3777103424072266,809.7248079143465,0.0,4817.29248046875,7062.0,177.16456680791453
4989,1.7128266096115112,1054.920582409948,0.0,4817.29248046875,7062.0,177.19848214194644
4990,1.0718767642974854,942.3842655532062,0.0,4817.29248046875,7062.0,177.23245973989833
4991,1.0120805501937866,659.9707086887211,0.0,4817.29248046875,7062.0,177.26638319797348
4992,0.945517361164093,604.1133056115359,0.0,4817.29248046875,7062.0,177.30038353696
4993,0.8732879757881165,588.087990552187,0.0,4817.29248046875,7062.0,177.33439047797583
4994,1.0482655763626099,724.559863049537,0.0,4817.29248046875,7062.0,177.3684066919377
4995,0.7886855006217957,637.0109604578465,0.0,4817.29248046875,7062.0,177.40227809594944
4996,1.2906303405761719,719.095440549776,0.0,4817.29248046875,7062.0,177.43651641195174
4997,0.8342722654342651,771.0886015146971,0.0,4817.29248046875,7062.0,177.47051005798858
4998,0.9399201273918152,767.6743310429156,0.0,4817.29248046875,7062.0,177.5044111988973
4999,0.9420304298400879,561.4889432787895,0.0,4817.29248046875,7062.0,177.53823983296752
5000,1.5223373174667358,850.1998417973518,0.0,4817.29248046875,7062.0,177.57217206188943
5001,0.776843786239624,607.5557918176055,0.0,4817.29248046875,7062.0,177.60606504697353
5002,0.9011553525924683,898.4064876511693,0.0,4817.29248046875,7062.0,177.6400040979497
5003,0.6220435500144958,390.6489724488929,0.0,4817.29248046875,7062.0,177.67399230692536
5004,1.5044804811477661,821.7439407855272,0.0,4817.29248046875,7062.0,177.70804840396158
5005,1.780909776687622,1057.5645457543433,0.0,4817.29248046875,7062.0,177.7422241430031
5006,2.077373743057251,1362.1298926956952,0.0,4817.29248046875,7062.0,177.77619403391145
5007,1.304882526397705,1266.6224500760436,0.0,4817.29248046875,7062.0,177.8099972589407
5008,1.102898120880127,981.9974701739848,0.0,4817.29248046875,7062.0,177.84391222894192
5009,1.294149398803711,810.05833959952,0.0,4817.29248046875,7062.0,177.87778897793032
5010,0.9018524289131165,726.2304997593164,0.0,4817.29248046875,7062.0,177.91171895491425
5011,1.5075217485427856,1264.5280852764845,0.0,4817.29248046875,7062.0,177.94566121394746
5012,0.7619984149932861,693.4415666032583,0.0,4817.29248046875,7062.0,177.97960642597172
5013,1.390764594078064,989.6675374805927,0.0,4817.29248046875,7062.0,178.01350476394873
5014,1.314697265625,1171.4391179196537,0.0,4817.29248046875,7062.0,178.04747074691113
5015,1.464441180229187,821.907494418323,0.0,4817.29248046875,7062.0,178.08173255389556
5016,1.4288874864578247,753.1298792511225,0.0,4817.29248046875,7062.0,178.115778490901
5017,0.6590021848678589,527.7527991132811,0.0,4817.29248046875,7062.0,178.14964196598157
5018,0.7981041073799133,776.3451184909791,0.0,4817.29248046875,7062.0,178.18366150092334
5019,1.34846830368042,852.1233492195606,0.0,4817.29248046875,7062.0,178.21782106894534
5020,1.9254626035690308,1632.5758154541254,0.0,4817.29248046875,7062.0,178.25162813893985
5021,0.7158821225166321,1221.5347706153989,0.0,4817.29248046875,7062.0,178.2855588409584
5022,1.513596534729004,1267.1899652518332,0.0,4817.29248046875,7062.0,178.319457336911
5023,0.878872811794281,763.9171307086945,0.0,4817.29248046875,7062.0,178.3534217159031
5024,1.7990119457244873,1112.2196477763355,0.0,4817.29248046875,7062.0,178.3874090909958
5025,0.9725365042686462,1063.9456988610327,0.0,4817.29248046875,7062.0,178.4213867469225
5026,0.7271761298179626,549.800869550556,0.0,4817.29248046875,7062.0,178.45534364692867
5027,1.6014376878738403,1500.9115644693375,0.0,4817.29248046875,7062.0,178.4893059009919
5028,1.6729007959365845,1547.667627081275,0.0,4817.29248046875,7062.0,178.52314893191215
5029,1.0713552236557007,983.5664970763028,0.0,4817.29248046875,7062.0,178.55709643790033
5030,0.9582691788673401,712.9050251077861,0.0,4817.29248046875,7062.0,178.59103459492326
5031,1.2139405012130737,997.8916748128831,0.0,4817.29248046875,7062.0,178.62504407390952
5032,1.4179428815841675,1140.763724900782,0.0,4817.29248046875,7062.0,178.65901403792668
5033,1.049226999282837,881.434845302254,0.0,4817.29248046875,7062.0,178.69305454893038
5034,1.6116602420806885,1012.6487271487713,0.0,4817.29248046875,7062.0,178.7270127919037
5035,1.0569472312927246,518.5101174861193,0.0,4817.29248046875,7062.0,178.76097299996763
5036,0.7732668519020081,775.7762417532504,0.0,4817.29248046875,7062.0,178.79489850299433
5037,0.8726090788841248,593.6015065424144,0.0,4817.29248046875,7062.0,178.8288215099601
5038,1.023422122001648,1011.8391376957297,0.0,4817.29248046875,7062.0,178.86264517100062
5039,0.7038628458976746,761.3242809548974,0.0,4817.29248046875,7062.0,178.89644624793436
5040,1.5120190382003784,887.8380074501038,0.0,4817.29248046875,7062.0,178.9303893239703
5041,1.0406686067581177,752.7719660922885,0.0,4817.29248046875,7062.0,178.9642504209187
5042,1.0222978591918945,736.5136448293924,0.0,4817.29248046875,7062.0,178.9981581280008
5043,1.1651281118392944,823.7069877162576,0.0,4817.29248046875,7062.0,179.03209486894775
5044,1.4737889766693115,898.7183128148317,0.0,4817.29248046875,7062.0,179.06605048594065
5045,1.767647385597229,1381.5417765006423,0.0,4817.29248046875,7062.0,179.10000817896798
5046,1.3074997663497925,921.2008308321238,0.0,4817.29248046875,7062.0,179.13406391791068
5047,1.441951036453247,753.5323520824313,0.0,4817.29248046875,7062.0,179.16804555093404
5048,1.8953601121902466,1375.6574239954352,0.0,4817.29248046875,7062.0,179.20217823598068
5049,1.1505019664764404,856.4750158973038,0.0,4817.29248046875,7062.0,179.23608707799576
5050,0.6397965550422668,623.9414715003222,0.0,4817.29248046875,7062.0,179.2700167109724
5051,0.8330959677696228,487.735603235662,0.0,4817.29248046875,7062.0,179.30399508599658
5052,1.2029576301574707,745.4744826927781,0.0,4817.29248046875,7062.0,179.33786208590027
5053,1.151533603668213,826.4006259758025,0.0,4817.29248046875,7062.0,179.37182798492722
5054,1.1630407571792603,888.0348801724613,0.0,4817.29248046875,7062.0,179.40578183997422
5055,1.2542351484298706,772.6610701344907,0.0,4817.29248046875,7062.0,179.43974536191672
5056,1.007169485092163,623.4449903145432,0.0,4817.29248046875,7062.0,179.4736534099793
5057,0.8175317049026489,677.6870785094798,0.0,4817.29248046875,7062.0,179.5075083608972
5058,1.9100444316864014,1420.19781986624,0.0,4817.29248046875,7062.0,179.54140690190252
5059,0.7499145269393921,603.6084819510579,0.0,4817.29248046875,7062.0,179.57539236498997
5060,1.0474416017532349,858.7467546798289,0.0,4817.29248046875,7062.0,179.60932295699604
5061,1.702003002166748,1371.2940387949347,0.0,4817.29248046875,7062.0,179.64324358396698
5062,0.7513757348060608,805.843899525702,0.0,4817.29248046875,7062.0,179.67721268290188
5063,1.2791118621826172,864.5716337300837,0.0,4817.29248046875,7062.0,179.71129786095116
5064,0.7379883527755737,467.9732492044568,0.0,4817.29248046875,7062.0,179.74511621391866
5065,1.709885597229004,849.4712110683322,0.0,4817.29248046875,7062.0,179.77892177389003
5066,1.5683820247650146,955.0692057311535,0.0,4817.29248046875,7062.0,179.81295936496463
5067,1.3059146404266357,947.6688573434949,0.0,4817.29248046875,7062.0,179.84685856394935
5068,1.4388539791107178,749.0332575310022,0.0,4817.29248046875,7062.0,179.88104208791628
5069,0.8269019722938538,879.2952482048422,0.0,4817.29248046875,7062.0,179.91499966592528
5070,1.8560091257095337,1062.357477940619,0.0,4817.29248046875,7062.0,179.94889456091914
5071,0.7589243650436401,944.2203036993742,0.0,4817.29248046875,7062.0,179.98280662100296
5072,1.307830810546875,653.8519608788192,0.0,4817.29248046875,7062.0,180.0166785949841
5073,0.6928593516349792,577.8694658149034,0.0,4817.29248046875,7062.0,180.05056865594815
5074,0.9670476317405701,673.7126809060574,0.0,4817.29248046875,7062.0,180.0844249459915
5075,1.3486508131027222,1335.9731751568615,0.0,4817.29248046875,7062.0,180.11835693300236
5076,1.2699586153030396,648.4419571142644,0.0,4817.29248046875,7062.0,180.15233039692976
5077,1.0194166898727417,829.7260472048074,0.0,4817.29248046875,7062.0,180.18624605296645
5078,0.8995519280433655,651.7028860356659,0.0,4817.29248046875,7062.0,180.22030195593834
5079,1.4766113758087158,982.9979863539338,0.0,4817.29248046875,7062.0,180.2542960610008
5080,1.3356157541275024,1160.214256517589,0.0,4817.29248046875,7062.0,180.28821757191326
5081,1.0820531845092773,894.2962406128645,0.0,4817.29248046875,7062.0,180.3220574009465
5082,1.29586923122406,754.8874434456229,0.0,4817.29248046875,7062.0,180.35608104499988
5083,1.5405843257904053,1194.8030956685543,0.0,4817.29248046875,7062.0,180.38997106289025
5084,1.4046350717544556,886.3671183921397,0.0,4817.29248046875,7062.0,180.42392369289882
5085,0.7262933254241943,729.8434834312648,0.0,4817.29248046875,7062.0,180.45781362091657
5086,0.9417474269866943,839.0147285982966,0.0,4817.29248046875,7062.0,180.49173795094248
5087,2.551298141479492,1293.4063946455717,0.0,4817.29248046875,7062.0,180.52555736189242
5088,1.9408934116363525,956.5851599108428,0.0,4817.29248046875,7062.0,180.55980150797404
5089,1.0121883153915405,720.4110980220139,0.0,4817.29248046875,7062.0,180.59381216799375
5090,1.433944821357727,1098.4615646414459,0.0,4817.29248046875,7062.0,180.6277853549691
5091,0.6685549020767212,726.3181193098426,0.0,4817.29248046875,7062.0,180.66172702691983
5092,0.6221785545349121,537.2701417310163,0.0,4817.29248046875,7062.0,180.69585741695482
5093,1.7663625478744507,920.2235670760274,0.0,4817.29248046875,7062.0,180.7299857159378
5094,1.5646024942398071,887.5004587545991,0.0,4817.29248046875,7062.0,180.7639616949018
5095,1.2079107761383057,556.632989462465,0.0,4817.29248046875,7062.0,180.79791207099333
5096,1.3686145544052124,1065.6921577975154,0.0,4817.29248046875,7062.0,180.83187681494746
5097,1.004896640777588,595.1327649988234,0.0,4817.29248046875,7062.0,180.86602603795473
5098,1.2721014022827148,828.7389056012034,0.0,4817.29248046875,7062.0,180.8998225479154
5099,1.2978262901306152,843.5726565159857,0.0,4817.29248046875,7062.0,180.93374903593212
5100,1.044626235961914,747.4643284138292,0.0,4817.29248046875,7062.0,180.96775304095354
5101,1.4687185287475586,1088.1618521735072,0.0,4817.29248046875,7062.0,181.00165789190214
5102,1.079493761062622,792.9984442293644,0.0,4817.29248046875,7062.0,181.03550323098898
5103,0.9829598069190979,667.18070024997,0.0,4817.29248046875,7062.0,181.06950643693563
5104,0.7157542705535889,867.0423931721598,0.0,4817.29248046875,7062.0,181.10353445191868
5105,1.2907947301864624,935.6649943329394,0.0,4817.29248046875,7062.0,181.13737861299887
5106,0.779884934425354,565.3604308329523,0.0,4817.29248046875,7062.0,181.17131604789756
5107,1.143646240234375,849.3541915491223,0.0,4817.29248046875,7062.0,181.20527965889778
5108,1.3093820810317993,761.2636678926647,0.0,4817.29248046875,7062.0,181.23949697590433
5109,1.4473837614059448,866.0483685787767,0.0,4817.29248046875,7062.0,181.27343937789556
5110,0.9837377071380615,1007.0420777611434,0.0,4817.29248046875,7062.0,181.30743549694307
5111,1.8763339519500732,863.5633023306727,0.0,4817.29248046875,7062.0,181.34139520092867
5112,1.047225832939148,823.7897222153842,0.0,4817.29248046875,7062.0,181.3753549279645
5113,0.5721083283424377,505.4516105391085,0.0,4817.29248046875,7062.0,181.40912367694546
5114,1.2002705335617065,908.3878715857863,0.0,4817.29248046875,7062.0,181.4430628909031
5115,1.080582618713379,741.3474871944636,0.0,4817.29248046875,7062.0,181.4769704719074
5116,1.2747825384140015,718.6670563500375,0.0,4817.29248046875,7062.0,181.51094796392135
5117,0.7633959650993347,696.949223941192,0.0,4817.29248046875,7062.0,181.54491593095008
5118,1.2810025215148926,801.7616042755544,0.0,4817.29248046875,7062.0,181.5788258149987
5119,0.6829489469528198,577.2028082162142,0.0,4817.29248046875,7062.0,181.61265992594417
5120,1.085092306137085,788.5507197864354,0.0,4817.29248046875,7062.0,181.6465021299664
5121,1.2800328731536865,889.4104181937873,0.0,4817.29248046875,7062.0,181.68055122799706
5122,0.9224638342857361,576.5553232952952,0.0,4817.29248046875,7062.0,181.7146595979575
5123,0.9437903761863708,743.3768705949187,0.0,4817.29248046875,7062.0,181.74858925293665
5124,1.5804153680801392,1294.72639266029,0.0,4817.29248046875,7062.0,181.78254004498012
5125,1.0320340394973755,803.0510573126376,0.0,4817.29248046875,7062.0,181.8164424879942
5126,0.8610836863517761,732.4618090242147,0.0,4817.29248046875,7062.0,181.85026255995035
5127,0.7697850465774536,535.510973636061,0.0,4817.29248046875,7062.0,181.88418767496478
5128,1.2650718688964844,1074.2282070815563,0.0,4817.29248046875,7062.0,181.91796162398532
5129,0.8897013664245605,665.1117944791913,0.0,4817.29248046875,7062.0,181.9519446269842
5130,1.3465509414672852,1018.6831286810338,0.0,4817.29248046875,7062.0,181.98575548199005
5131,0.7429297566413879,550.1772779375315,0.0,4817.29248046875,7062.0,182.0196642189985
5132,0.8211730718612671,727.7218866534531,0.0,4817.29248046875,7062.0,182.053593599936
5133,0.9042649269104004,727.9354682713747,0.0,4817.29248046875,7062.0,182.08751901693176
5134,1.5294227600097656,1120.1554002985358,0.0,4817.29248046875,7062.0,182.12133938097395
5135,1.4080559015274048,857.738577766344,0.0,4817.29248046875,7062.0,182.15552342589945
5136,0.7918532490730286,604.8606592938304,0.0,4817.29248046875,7062.0,182.1895133049693
5137,1.227847695350647,806.703050237149,0.0,4817.29248046875,7062.0,182.22352184797637
5138,0.6747293472290039,630.6212570900097,0.0,4817.29248046875,7062.0,182.25749685894698
5139,0.9467215538024902,522.1741106584668,0.0,4817.29248046875,7062.0,182.29151653288864
5140,1.6542234420776367,855.3873325455934,0.0,4817.29248046875,7062.0,182.3254477638984
5141,0.9300286173820496,664.6919704973698,0.0,4817.29248046875,7062.0,182.3593348879367
5142,0.9109029769897461,776.6463558766991,0.0,4817.29248046875,7062.0,182.3932478229981
5143,0.7507540583610535,865.3168936707079,0.0,4817.29248046875,7062.0,182.42710149788763
5144,0.9404067397117615,793.4585719741881,0.0,4817.29248046875,7062.0,182.46103218593635
5145,0.7380848526954651,580.7261942569166,0.0,4817.29248046875,7062.0,182.49499623093288
5146,1.1270978450775146,702.5645051822066,0.0,4817.29248046875,7062.0,182.52890458598267
5147,1.1771622896194458,885.0263024605811,0.0,4817.29248046875,7062.0,182.5628639869392
5148,1.3004502058029175,895.3641310688108,0.0,4817.29248046875,7062.0,182.59689513791818
5149,1.0844635963439941,836.060904443264,0.0,4817.29248046875,7062.0,182.63098983594682
5150,0.8042131662368774,685.6005836129189,0.0,4817.29248046875,7062.0,182.66491722292267
5151,1.4193817377090454,935.8452242724597,0.0,4817.29248046875,7062.0,182.69892036297824
5152,1.140714406967163,736.8281642571092,0.0,4817.29248046875,7062.0,182.73299598298036
5153,1.1487759351730347,701.5771867632866,0.0,4817.29248046875,7062.0,182.76683294191025
5154,1.5620777606964111,832.730347532779,0.0,4817.29248046875,7062.0,182.80077242397238
5155,1.14231276512146,694.4302459694445,0.0,4817.29248046875,7062.0,182.83468831097707
5156,1.1388068199157715,754.7718343324959,0.0,4817.29248046875,7062.0,182.8686527949758
5157,0.9591811895370483,803.4233039803803,0.0,4817.29248046875,7062.0,182.90239092789125
5158,0.8922271728515625,660.3250410407782,0.0,4817.29248046875,7062.0,182.93631333694793
5159,1.3986907005310059,1009.2862651012838,0.0,4817.29248046875,7062.0,182.97021376888733
5160,1.1301459074020386,858.5679179169238,0.0,4817.29248046875,7062.0,183.00414687790908
5161,1.2122273445129395,791.0032233409584,0.0,4817.29248046875,7062.0,183.03800946299452
5162,0.68562912940979,433.1559210708365,0.0,4817.29248046875,7062.0,183.07196728594135
5163,1.0896382331848145,868.1806256528944,0.0,4817.29248046875,7062.0,183.10589242295828
5164,1.0235666036605835,605.5541476588696,0.0,4817.29248046875,7062.0,183.1397935509449
5165,1.0810794830322266,782.5082965753973,0.0,4817.29248046875,7062.0,183.1736995698884
5166,0.9354203939437866,636.8889609798789,0.0,4817.29248046875,7062.0,183.2075792629039
5167,0.9392048716545105,516.5084230806679,0.0,4817.29248046875,7062.0,183.24157793296035
5168,1.1538565158843994,742.3631718605757,0.0,4817.29248046875,7062.0,183.275492337998
5169,0.970844566822052,706.6429175175726,0.0,4817.29248046875,7062.0,183.30954048398416
5170,0.6601302623748779,459.7749004624784,0.0,4817.29248046875,7062.0,183.34349467698485
5171,1.3568670749664307,818.1016727797687,0.0,4817.29248046875,7062.0,183.37739283393603
5172,1.077589511871338,798.3680202290416,0.0,4817.29248046875,7062.0,183.4112866380019
5173,1.1800748109817505,600.8326418213546,0.0,4817.29248046875,7062.0,183.4452357919654
5174,1.1981792449951172,817.2945064678788,0.0,4817.29248046875,7062.0,183.47913983790204
5175,1.055849552154541,618.7879768908024,0.0,4817.29248046875,7062.0,183.5130585829029
5176,0.6753805875778198,777.9993714857846,0.0,4817.29248046875,7062.0,183.54696908197366
5177,1.3356953859329224,1003.8637855760753,0.0,4817.29248046875,7062.0,183.5808974339161
5178,0.7159878611564636,504.6199139645323,0.0,4817.29248046875,7062.0,183.61473928391933
5179,0.7263203859329224,621.133062645793,0.0,4817.29248046875,7062.0,183.64863592595793
5180,0.8341189622879028,717.5022632144392,0.0,4817.29248046875,7062.0,183.68261335697025
5181,1.159317135810852,608.7794744074345,0.0,4817.29248046875,7062.0,183.71657582197804
5182,1.2111332416534424,756.1081520840526,0.0,4817.29248046875,7062.0,183.7504796528956
5183,1.2758512496948242,862.9040875323117,0.0,4817.29248046875,7062.0,183.78436724294443
5184,1.057765007019043,904.3619550913572,0.0,4817.29248046875,7062.0,183.81819955492392
5185,1.0610265731811523,801.7757047004998,0.0,4817.29248046875,7062.0,183.85212489997502
5186,0.6715818643569946,625.8856906145811,0.0,4817.29248046875,7062.0,183.88610670599155
5187,1.1798290014266968,851.8851602822542,0.0,4817.29248046875,7062.0,183.9201254119398
5188,1.1843222379684448,768.0707400068641,0.0,4817.29248046875,7062.0,183.95401859399863
5189,1.077675461769104,720.1068600006402,0.0,4817.29248046875,7062.0,183.98798798699863
5190,0.6801331043243408,618.2446246035397,0.0,4817.29248046875,7062.0,184.02195101196412
5191,1.34656822681427,1298.9710174426436,0.0,4817.29248046875,7062.0,184.0558420829475
5192,1.0063557624816895,812.7264143973589,0.0,4817.29248046875,7062.0,184.08968901098706
5193,0.7195550799369812,680.6118805538863,0.0,4817.29248046875,7062.0,184.1237130939262
5194,1.2091425657272339,758.4695728067309,0.0,4817.29248046875,7062.0,184.15764616790693
5195,0.8751129508018494,678.7000136431307,0.0,4817.29248046875,7062.0,184.19175390095916
5196,1.005947470664978,687.019261430949,0.0,4817.29248046875,7062.0,184.22575243597385
5197,1.5022600889205933,1174.4924052096903,0.0,4817.29248046875,7062.0,184.2596477289917
5198,1.0837734937667847,1342.8201494924724,0.0,4817.29248046875,7062.0,184.29367197293323
5199,1.0238858461380005,908.8498783968389,0.0,4817.29248046875,7062.0,184.32762848690618
5200,1.164319634437561,947.0891379788518,0.0,4817.29248046875,7062.0,184.361591936904
5201,1.276282548904419,1248.0646951049566,0.0,4817.29248046875,7062.0,184.3955173039576
5202,0.990064263343811,760.2955084387213,0.0,4817.29248046875,7062.0,184.42943065194413
5203,0.9646564722061157,739.4718290120363,0.0,4817.29248046875,7062.0,184.46337539399974
5204,1.2355473041534424,1076.189987666905,0.0,4817.29248046875,7062.0,184.49728000699542
5205,1.5047215223312378,1031.8962382823229,0.0,4817.29248046875,7062.0,184.5312704029493
5206,1.3722048997879028,1115.181296415627,0.0,4817.29248046875,7062.0,184.56531546788756
5207,1.062624454498291,707.2251801043749,0.0,4817.29248046875,7062.0,184.59917959594168
5208,1.3441346883773804,920.2277691140771,0.0,4817.29248046875,7062.0,184.63320004194975
5209,1.0614374876022339,739.0736077688634,0.0,4817.29248046875,7062.0,184.66712751891464
5210,1.0299477577209473,936.4482189267874,0.0,4817.29248046875,7062.0,184.70109633891843
5211,1.2390276193618774,994.483696423471,0.0,4817.29248046875,7062.0,184.73516832396854
5212,0.9720911383628845,904.9832384176552,0.0,4817.29248046875,7062.0,184.76913254288957
5213,1.2697709798812866,851.1357226017863,0.0,4817.29248046875,7062.0,184.803125299979
5214,0.7344525456428528,541.7249858789146,0.0,4817.29248046875,7062.0,184.83700912399217
5215,1.4883793592453003,867.354492912069,0.0,4817.29248046875,7062.0,184.87126254395116
5216,1.1641513109207153,902.7498604282737,0.0,4817.29248046875,7062.0,184.90523374790791
5217,1.4471592903137207,953.351113319397,0.0,4817.29248046875,7062.0,184.9391049889382
5218,1.8164334297180176,1555.1176993846893,0.0,4817.29248046875,7062.0,184.97305731195956
5219,0.8375800251960754,448.8234929796308,0.0,4817.29248046875,7062.0,185.0070195099106
5220,1.0684912204742432,947.0533073432744,0.0,4817.29248046875,7062.0,185.04092979396228
5221,0.738658607006073,829.4670500736684,0.0,4817.29248046875,7062.0,185.07475787191652
5222,1.333175539970398,981.6550404131413,0.0,4817.29248046875,7062.0,185.10876295890193
5223,0.8855845332145691,701.4138220138848,0.0,4817.29248046875,7062.0,185.1427580739837
5224,0.6840184330940247,532.5954411514103,0.0,4817.29248046875,7062.0,185.17669641389512
5225,0.9141002893447876,773.3341150507331,0.0,4817.29248046875,7062.0,185.21069224795792
5226,0.9521144032478333,927.2275178395212,0.0,4817.29248046875,7062.0,185.24471780797467
5227,0.8777032494544983,705.5633875872009,0.0,4817.29248046875,7062.0,185.27870776096825
5228,0.8723196983337402,667.2063270173967,0.0,4817.29248046875,7062.0,185.31267376593314
5229,0.5940660238265991,470.9570684931241,0.0,4817.29248046875,7062.0,185.34657606796827
5230,0.71317058801651,719.2778703700751,0.0,4817.29248046875,7062.0,185.38047671690583
5231,1.0783758163452148,841.7122144885361,0.0,4817.29248046875,7062.0,185.4144031459
5232,0.8842658400535583,1069.1275991704315,0.0,4817.29248046875,7062.0,185.448336853995
5233,0.9376055598258972,607.5741286594421,0.0,4817.29248046875,7062.0,185.4822883439483
5234,1.6822000741958618,1281.5807106345892,0.0,4817.29248046875,7062.0,185.51609543990344
5235,0.989469051361084,805.6146835237741,0.0,4817.29248046875,7062.0,185.55008895299397
5236,1.1803239583969116,731.9482678584754,0.0,4817.29248046875,7062.0,185.58404309488833
5237,0.9292407631874084,710.6334493085742,0.0,4817.29248046875,7062.0,185.61792052094825
5238,0.6064481735229492,411.7715084524825,0.0,4817.29248046875,7062.0,185.6518120499095
5239,0.6876663565635681,459.2544043958187,0.0,4817.29248046875,7062.0,185.68578240589704
5240,1.5263923406600952,948.6988194286823,0.0,4817.29248046875,7062.0,185.7197913969867
5241,0.6954797506332397,806.7414216585457,0.0,4817.29248046875,7062.0,185.7537863299949
5242,0.8830037117004395,837.5496479421854,0.0,4817.29248046875,7062.0,185.78773227799684
5243,1.0172345638275146,937.5303470306098,0.0,4817.29248046875,7062.0,185.82159085397143
5244,0.995242714881897,707.3900300655514,0.0,4817.29248046875,7062.0,185.85543959098868
5245,1.3969424962997437,781.1770061440766,0.0,4817.29248046875,7062.0,185.88934230594896
5246,1.854617953300476,1114.999453973025,0.0,4817.29248046875,7062.0,185.92318528296892
5247,0.8119091391563416,692.3645422384143,0.0,4817.29248046875,7062.0,185.9571316979127
5248,0.7810646891593933,564.6069846656173,0.0,4817.29248046875,7062.0,185.99111700896174
5249,0.9711253643035889,761.2672823537141,0.0,4817.29248046875,7062.0,186.0249756539706
5250,1.286578893661499,803.678007632494,0.0,4817.29248046875,7062.0,186.05880503891967
5251,0.7845173478126526,655.4442108031362,0.0,4817.29248046875,7062.0,186.09268377593253
5252,1.2383803129196167,1067.9793432466686,0.0,4817.29248046875,7062.0,186.1265318338992
5253,0.8244515061378479,754.6148908697069,0.0,4817.29248046875,7062.0,186.16049861593638
5254,0.8203807473182678,575.0033426173031,0.0,4817.29248046875,7062.0,186.19443983992096
5255,0.921022355556488,630.8487687855959,0.0,4817.29248046875,7062.0,186.22841610899195
5256,1.381183385848999,870.6001605577767,0.0,4817.29248046875,7062.0,186.26234316895716
5257,1.6591126918792725,1154.950483508408,0.0,4817.29248046875,7062.0,186.2961986309383
5258,1.5421565771102905,839.6457439474761,0.0,4817.29248046875,7062.0,186.33018244092818
5259,0.7411301136016846,696.9891748018563,0.0,4817.29248046875,7062.0,186.364060148946
5260,1.3078895807266235,974.7124304436147,0.0,4817.29248046875,7062.0,186.3980143578956
5261,0.7197102308273315,504.99426606856287,0.0,4817.29248046875,7062.0,186.43185872596223
5262,0.7486700415611267,646.4619446061552,0.0,4817.29248046875,7062.0,186.46574268094264
5263,1.039259433746338,538.0663186702877,0.0,4817.29248046875,7062.0,186.49966274190228
5264,1.2290467023849487,1228.8976055905223,0.0,4817.29248046875,7062.0,186.53362662694417
5265,0.8289982676506042,1017.4894445985556,0.0,4817.29248046875,7062.0,186.56756016798317
5266,0.8360560536384583,572.5888278931379,0.0,4817.29248046875,7062.0,186.60152253892738
5267,1.134881615638733,760.1428570896387,0.0,4817.29248046875,7062.0,186.63538789597806
5268,1.1559474468231201,963.4356610663235,0.0,4817.29248046875,7062.0,186.66931290493812
5269,0.847878098487854,769.0636400766671,0.0,4817.29248046875,7062.0,186.7033382259542
5270,0.9966222643852234,819.022759757936,0.0,4817.29248046875,7062.0,186.7373887769645
5271,1.5143946409225464,1270.9880379922688,0.0,4817.29248046875,7062.0,186.77140075096395
5272,0.8338378667831421,671.437336569652,0.0,4817.29248046875,7062.0,186.80529245291837
5273,0.6982175707817078,689.9046774748713,0.0,4817.29248046875,7062.0,186.83935737493448
5274,1.121738076210022,875.119018824771,0.0,4817.29248046875,7062.0,186.8732694669161
5275,1.9041318893432617,949.3175629917532,0.0,4817.29248046875,7062.0,186.90745731489733
5276,0.7652379274368286,573.8617480862886,0.0,4817.29248046875,7062.0,186.9413072259631
5277,1.326626181602478,1050.8124106414616,0.0,4817.29248046875,7062.0,186.9752002939349
5278,0.976024329662323,952.4205237515271,0.0,4817.29248046875,7062.0,187.00909029191826
5279,0.8182690143585205,1206.9203035989776,0.0,4817.29248046875,7062.0,187.0430351329269
5280,1.3304001092910767,619.2900478253141,0.0,4817.29248046875,7062.0,187.07730678492226
5281,0.6796836256980896,721.2498588878661,0.0,4817.29248046875,7062.0,187.11123381194193
5282,0.6814496517181396,673.2395340595394,0.0,4817.29248046875,7062.0,187.14515033294447
5283,1.2353689670562744,1242.4851525239646,0.0,4817.29248046875,7062.0,187.17904781596735
5284,0.8867735862731934,719.8153632357717,0.0,4817.29248046875,7062.0,187.21305770392064
5285,1.1447906494140625,512.656848590821,0.0,4817.29248046875,7062.0,187.2470061139902
5286,0.648537278175354,676.6553017534316,0.0,4817.29248046875,7062.0,187.28099914593622
5287,1.7210509777069092,951.7767126113176,0.0,4817.29248046875,7062.0,187.3149260529317
5288,1.1213163137435913,879.0895687192678,0.0,4817.29248046875,7062.0,187.34885069692973
5289,0.8231906890869141,711.207796080038,0.0,4817.29248046875,7062.0,187.38275222899392
5290,0.581590473651886,435.03377466648817,0.0,4817.29248046875,7062.0,187.41671090596355
5291,0.852496325969696,527.7575527150184,0.0,4817.29248046875,7062.0,187.45064971398097
5292,1.3377217054367065,761.31524755992,0.0,4817.29248046875,7062.0,187.48453789099585
5293,1.3341950178146362,908.7929430305958,0.0,4817.29248046875,7062.0,187.5172288119793
5294,1.254035472869873,746.3716485910118,0.0,4817.29248046875,7062.0,187.55108700098936
5295,0.8385546803474426,782.9247176479548,0.0,4817.29248046875,7062.0,187.58506966393907
5296,0.825157105922699,503.5834096535109,0.0,4817.29248046875,7062.0,187.6192110379925
5297,1.2650976181030273,816.3245574384928,0.0,4817.29248046875,7062.0,187.65314767090604
5298,1.1876879930496216,827.8922194112092,0.0,4817.29248046875,7062.0,187.68694972689264
5299,1.3496956825256348,857.7791527342051,0.0,4817.29248046875,7062.0,187.72085997497197
5300,0.7347953915596008,549.0557237165049,0.0,4817.29248046875,7062.0,187.75476555898786
5301,0.7131178379058838,526.210647014901,0.0,4817.29248046875,7062.0,187.788616013946
5302,1.495686650276184,847.6365981139243,0.0,4817.29248046875,7062.0,187.82273829891346
5303,0.549248218536377,476.5217379857786,0.0,4817.29248046875,7062.0,187.85663094290067
5304,1.1781450510025024,1262.7177765257657,0.0,4817.29248046875,7062.0,187.89051239693072
5305,1.242797613143921,1067.1270348131657,0.0,4817.29248046875,7062.0,187.9244615639327
5306,0.7525604367256165,579.185386845842,0.0,4817.29248046875,7062.0,187.95840403693728
5307,0.6095077991485596,352.3404821846634,0.0,4817.29248046875,7062.0,187.99235858488828
5308,0.5177255272865295,359.0146728325635,0.0,4817.29248046875,7062.0,188.02646288194228
5309,1.4154582023620605,1392.6420556940138,0.0,4817.29248046875,7062.0,188.06039978493936
5310,1.0448566675186157,961.4358415082097,0.0,4817.29248046875,7062.0,188.0941783139715
5311,1.3532108068466187,1019.859725844115,0.0,4817.29248046875,7062.0,188.12794234394096
5312,0.8599526882171631,647.9314387366176,0.0,4817.29248046875,7062.0,188.16188074392267
5313,0.7354139685630798,475.6563483728096,0.0,4817.29248046875,7062.0,188.19586670596618
5314,0.7522372007369995,492.7339024785906,0.0,4817.29248046875,7062.0,188.22988627897575
5315,0.7882242798805237,661.7307742163539,0.0,4817.29248046875,7062.0,188.26384849194437
5316,0.9541865587234497,547.4382192213088,0.0,4817.29248046875,7062.0,188.29769245593343
5317,1.5079004764556885,799.88619341515,0.0,4817.29248046875,7062.0,188.3318574379664
5318,1.5296086072921753,1104.5803448595107,0.0,4817.29248046875,7062.0,188.3658288558945
5319,1.3198142051696777,1344.1031220890582,0.0,4817.29248046875,7062.0,188.3996738399146
5320,1.0203979015350342,695.2455656789243,0.0,4817.29248046875,7062.0,188.4336256099632
5321,1.4082380533218384,934.3187370449305,0.0,4817.29248046875,7062.0,188.46764753991738
5322,0.7760716676712036,739.2202778887004,0.0,4817.29248046875,7062.0,188.50155794492457
5323,0.984102189540863,587.4298836700618,0.0,4817.29248046875,7062.0,188.53560623899102
5324,1.215334415435791,963.4627472907305,0.0,4817.29248046875,7062.0,188.56954214489087
5325,0.8040884733200073,767.2693644054234,0.0,4817.29248046875,7062.0,188.60340733791236
5326,0.8511486649513245,712.0439580306411,0.0,4817.29248046875,7062.0,188.63730988593306
5327,0.8490997552871704,640.8960562236607,0.0,4817.29248046875,7062.0,188.67138964496553
5328,0.9316378831863403,678.507838472724,0.0,4817.29248046875,7062.0,188.70531482296064
5329,1.2993074655532837,943.4132089912891,0.0,4817.29248046875,7062.0,188.73944048490375
5330,1.8717952966690063,1175.0067378990352,0.0,4817.29248046875,7062.0,188.77323093498126
5331,1.304742455482483,984.4640850163996,0.0,4817.29248046875,7062.0,188.80714091693517
5332,1.316119909286499,1269.945011511445,0.0,4817.29248046875,7062.0,188.84099730092566
5333,1.2457411289215088,1059.8315084911883,0.0,4817.29248046875,7062.0,188.87491499399766
5334,1.2961729764938354,915.7209963165224,0.0,4817.29248046875,7062.0,188.9087055149721
5335,1.2731866836547852,1261.607498086989,0.0,4817.29248046875,7062.0,188.94249974389095
5336,1.0038948059082031,841.4808083772659,0.0,4817.29248046875,7062.0,188.97636016795877
5337,1.0060197114944458,679.6290623946115,0.0,4817.29248046875,7062.0,189.01025707891677
5338,0.6169189810752869,651.6927110720426,0.0,4817.29248046875,7062.0,189.04405421297997
5339,0.9904013872146606,1182.4622452706099,0.0,4817.29248046875,7062.0,189.07799259398598
5340,0.8354614973068237,822.0473187975585,0.0,4817.29248046875,7062.0,189.1119064919185
5341,0.6669183373451233,515.391460550949,0.0,4817.29248046875,7062.0,189.14586784492712
5342,1.4330408573150635,784.7504011876881,0.0,4817.29248046875,7062.0,189.1798309889855
5343,0.9605339765548706,896.9457203485072,0.0,4817.29248046875,7062.0,189.21383544895798
5344,0.9286362528800964,813.8945143818855,0.0,4817.29248046875,7062.0,189.24804019799922
5345,1.4485599994659424,843.9915654323995,0.0,4817.29248046875,7062.0,189.2819425339112
5346,1.559638500213623,978.7362198848277,0.0,4817.29248046875,7062.0,189.31587670790032
5347,1.0194820165634155,732.4965157955885,0.0,4817.29248046875,7062.0,189.34973550599534
5348,1.0408504009246826,760.0144780538976,0.0,4817.29248046875,7062.0,189.38353620294947
5349,1.3439761400222778,743.3191814795136,0.0,4817.29248046875,7062.0,189.41742565797176
5350,1.2083543539047241,661.3686312064528,0.0,4817.29248046875,7062.0,189.4512737689074
5351,1.1374564170837402,1160.699750058353,0.0,4817.29248046875,7062.0,189.48516939289402
5352,0.8476352095603943,619.2730899602175,0.0,4817.29248046875,7062.0,189.51911289489362
5353,1.1809083223342896,804.4348022639751,0.0,4817.29248046875,7062.0,189.55301262589637
5354,1.594735860824585,1113.4831742569804,0.0,4817.29248046875,7062.0,189.58688412199263
5355,0.7628921270370483,512.1225752215832,0.0,4817.29248046875,7062.0,189.6208313528914
5356,0.5790956616401672,343.38709515798837,0.0,4817.29248046875,7062.0,189.6547478379216
5357,0.9668892621994019,664.5419415794313,0.0,4817.29248046875,7062.0,189.68873111589346
5358,0.8381798267364502,484.88718963973224,0.0,4817.29248046875,7062.0,189.722709862981
5359,1.3961026668548584,941.3079264126718,0.0,4817.29248046875,7062.0,189.7567590989638
5360,0.7651165723800659,654.389811726287,0.0,4817.29248046875,7062.0,189.79073462600354
5361,0.9637967944145203,663.0539900194854,0.0,4817.29248046875,7062.0,189.82463052892126
5362,0.5507245659828186,744.2758991327137,0.0,4817.29248046875,7062.0,189.85859247890767
5363,1.094091773033142,1045.1676231119782,0.0,4817.29248046875,7062.0,189.89246859995183
5364,1.5713434219360352,661.4512721784413,0.0,4817.29248046875,7062.0,189.92658605996985
5365,0.888805627822876,731.9048724994063,0.0,4817.29248046875,7062.0,189.96047075500246
5366,1.6759778261184692,1384.4117378033698,0.0,4817.29248046875,7062.0,189.9943471379811
5367,1.1881369352340698,678.286519665271,0.0,4817.29248046875,7062.0,190.02830974094104
5368,1.0853798389434814,888.1832002224401,0.0,4817.29248046875,7062.0,190.06219198391773
5369,1.018910527229309,921.1552664153278,0.0,4817.29248046875,7062.0,190.09617079689633
5370,0.9429711699485779,688.2073294911534,0.0,4817.29248046875,7062.0,190.13010384188965
5371,0.7115713953971863,652.7273913882673,0.0,4817.29248046875,7062.0,190.16404397797305
5372,0.845869243144989,677.9960832223296,0.0,4817.29248046875,7062.0,190.19798477599397
5373,1.223935604095459,860.5564469099045,0.0,4817.29248046875,7062.0,190.2323948009871
5374,1.018087387084961,501.1586005166173,0.0,4817.29248046875,7062.0,190.266367239994
5375,1.316923975944519,835.915678024292,0.0,4817.29248046875,7062.0,190.30058441089932
5376,1.4686368703842163,1259.7690941654146,0.0,4817.29248046875,7062.0,190.33454731095117
5377,0.8208264708518982,626.0817941110581,0.0,4817.29248046875,7062.0,190.3683530439157
5378,1.2629355192184448,1053.5068292524666,0.0,4817.29248046875,7062.0,190.40226801496465
5379,0.5903028845787048,356.2342724967748,0.0,4817.29248046875,7062.0,190.43620011792518
5380,0.9975372552871704,857.6339671928436,0.0,4817.29248046875,7062.0,190.47013521497138
5381,1.0719852447509766,856.1748063005507,0.0,4817.29248046875,7062.0,190.50414442794863
5382,1.0876579284667969,1099.99215939641,0.0,4817.29248046875,7062.0,190.5380971429404
5383,1.1521949768066406,545.573384208139,0.0,4817.29248046875,7062.0,190.57223063497804
5384,0.8138696551322937,658.8604103047401,0.0,4817.29248046875,7062.0,190.60617328097578
5385,1.224318504333496,768.4152588956058,0.0,4817.29248046875,7062.0,190.64010948990472
5386,0.887334406375885,670.3158577866852,0.0,4817.29248046875,7062.0,190.67405829392374
5387,1.0712904930114746,838.8562662824988,0.0,4817.29248046875,7062.0,190.7080385159934
5388,0.8548187017440796,568.2689502555877,0.0,4817.29248046875,7062.0,190.7421377239516
5389,0.7397833466529846,700.4939324436709,0.0,4817.29248046875,7062.0,190.7761313020019
5390,1.2421215772628784,926.2679793220013,0.0,4817.29248046875,7062.0,190.81006030994467
5391,0.722529411315918,580.7976043745875,0.0,4817.29248046875,7062.0,190.84398895699997
5392,1.3510726690292358,1222.1032496355474,0.0,4817.29248046875,7062.0,190.8778539369814
5393,1.1668940782546997,699.223978497088,0.0,4817.29248046875,7062.0,190.91171082598157
5394,1.038872241973877,787.6245374679565,0.0,4817.29248046875,7062.0,190.94565211399458
5395,0.9343099594116211,1031.1612197421491,0.0,4817.29248046875,7062.0,190.97965083492454
5396,0.967781126499176,952.3168035671115,0.0,4817.29248046875,7062.0,191.01346711697988
5397,0.8897275328636169,678.3252151776105,0.0,4817.29248046875,7062.0,191.04739482398145
5398,1.2543824911117554,1071.8226914182305,0.0,4817.29248046875,7062.0,191.08124220196623
5399,0.9140380024909973,858.8086834363639,0.0,4817.29248046875,7062.0,191.11514990299474
5400,1.4631534814834595,1015.8228605091572,0.0,4817.29248046875,7062.0,191.14902081596665
5401,1.5527395009994507,1348.4330941028893,0.0,4817.29248046875,7062.0,191.18305526697077
5402,0.8279001712799072,694.0609697774053,0.0,4817.29248046875,7062.0,191.2168984519085
5403,0.8049867153167725,430.96828656457365,0.0,4817.29248046875,7062.0,191.2507994209882
5404,1.257110834121704,953.4247826933861,0.0,4817.29248046875,7062.0,191.2849336459767
5405,1.0894755125045776,691.2365104593337,0.0,4817.29248046875,7062.0,191.31879541196395
5406,0.6804781556129456,782.3278116248548,0.0,4817.29248046875,7062.0,191.35261613491457
5407,1.3093265295028687,1179.2466638609767,0.0,4817.29248046875,7062.0,191.38662194798235
5408,1.204003095626831,821.4380648806691,0.0,4817.29248046875,7062.0,191.42046539194416
5409,0.7954092621803284,515.8250449765474,0.0,4817.29248046875,7062.0,191.45427948399447
5410,0.5753136277198792,578.1254136580974,0.0,4817.29248046875,7062.0,191.48819009889849
5411,1.382148265838623,806.976789791137,0.0,4817.29248046875,7062.0,191.522094272892
5412,0.838247537612915,791.3821608349681,0.0,4817.29248046875,7062.0,191.55605292494874
5413,0.6255022287368774,566.4294278994203,0.0,4817.29248046875,7062.0,191.58998968394008
5414,0.8480346202850342,701.1157830189914,0.0,4817.29248046875,7062.0,191.62388481595553
5415,0.9855637550354004,705.8678605668247,0.0,4817.29248046875,7062.0,191.65780247398652
5416,1.1004528999328613,887.5524579938501,0.0,4817.29248046875,7062.0,191.69161023094784
5417,0.8228543996810913,645.4459043908864,0.0,4817.29248046875,7062.0,191.7255502139451
5418,0.8301227688789368,739.9784608054906,0.0,4817.29248046875,7062.0,191.75934201292694
5419,1.1560205221176147,852.8014167398214,0.0,4817.29248046875,7062.0,191.79328417091165
5420,1.1699631214141846,1005.7559524327517,0.0,4817.29248046875,7062.0,191.82727130688727
5421,0.9847299456596375,706.1763690635562,0.0,4817.29248046875,7062.0,191.86106732289772
5422,1.4054862260818481,1162.1881127804518,0.0,4817.29248046875,7062.0,191.8949687948916
5423,0.6289912462234497,562.1875749463215,0.0,4817.29248046875,7062.0,191.92883841390721
5424,1.6728936433792114,1184.9749012738466,0.0,4817.29248046875,7062.0,191.96268995699938
5425,1.1442301273345947,1136.7374636903405,0.0,4817.29248046875,7062.0,191.99667573394254
5426,0.9966679215431213,838.1213491559029,0.0,4817.29248046875,7062.0,192.03058392496314
5427,1.3853471279144287,836.1500892881304,0.0,4817.29248046875,7062.0,192.06442512990907
5428,0.9652501344680786,533.1056830156595,0.0,4817.29248046875,7062.0,192.0983180749463
5429,1.0599541664123535,1139.9766727276146,0.0,4817.29248046875,7062.0,192.1320644998923
5430,1.1155037879943848,905.9586340077221,0.0,4817.29248046875,7062.0,192.16596931696404
5431,1.2427656650543213,1311.721373230219,0.0,4817.29248046875,7062.0,192.1999984049471
5432,0.9303703904151917,840.5516603123397,0.0,4817.29248046875,7062.0,192.23393756197765
5433,1.3477065563201904,1065.2099217660725,0.0,4817.29248046875,7062.0,192.26781498198397
5434,1.2098114490509033,974.8869892768562,0.0,4817.29248046875,7062.0,192.30186483997386
5435,1.2688244581222534,887.1987896226346,0.0,4817.29248046875,7062.0,192.33577553194482
5436,1.0222944021224976,999.2638276666403,0.0,4817.29248046875,7062.0,192.36975016992074
5437,1.0158743858337402,847.3607960380614,0.0,4817.29248046875,7062.0,192.40351225493941
5438,0.939075767993927,798.4757579416037,0.0,4817.29248046875,7062.0,192.43746867589653
5439,0.6930850744247437,619.7714737504721,0.0,4817.29248046875,7062.0,192.47139629197773
5440,0.9348436594009399,787.8046822119504,0.0,4817.29248046875,7062.0,192.5053414219292
5441,0.6412301063537598,519.0247982311994,0.0,4817.29248046875,7062.0,192.53926483890973
5442,0.8704100251197815,947.6622912958264,0.0,4817.29248046875,7062.0,192.57314115099143
5443,1.1321550607681274,814.0851964410394,0.0,4817.29248046875,7062.0,192.60713283496443
5444,1.5037931203842163,891.5680597089231,0.0,4817.29248046875,7062.0,192.64142796292435
5445,1.1016045808792114,706.0218926277012,0.0,4817.29248046875,7062.0,192.675627944991
5446,1.0176154375076294,845.8701598122716,0.0,4817.29248046875,7062.0,192.70959622994997
5447,1.0845160484313965,764.7514624670148,0.0,4817.29248046875,7062.0,192.743616541964
5448,1.0381778478622437,934.2270299568772,0.0,4817.29248046875,7062.0,192.77744740096387
5449,0.5218252539634705,369.5077453237027,0.0,4817.29248046875,7062.0,192.81143245089334
5450,1.0595848560333252,815.2110484968871,0.0,4817.29248046875,7062.0,192.84528222389054
5451,1.2023003101348877,1033.3407077025622,0.0,4817.29248046875,7062.0,192.87919624289498
5452,1.370808720588684,911.7870198450983,0.0,4817.29248046875,7062.0,192.91339613194577
5453,1.0454436540603638,1025.6690963990986,0.0,4817.29248046875,7062.0,192.94737743888982
5454,0.9465141296386719,721.4276971928775,0.0,4817.29248046875,7062.0,192.9812916869996
5455,0.7312962412834167,777.1817808523774,0.0,4817.29248046875,7062.0,193.01517597294878
5456,0.9698150157928467,704.1939685419202,0.0,4817.29248046875,7062.0,193.04918878595345
5457,1.2609201669692993,1296.1918408311903,0.0,4817.29248046875,7062.0,193.08312090893742
5458,1.1089969873428345,1264.6500241607428,0.0,4817.29248046875,7062.0,193.11705655697733
5459,0.7484140396118164,548.9052724391222,0.0,4817.29248046875,7062.0,193.15101304696873
5460,1.3228775262832642,1162.625795789063,0.0,4817.29248046875,7062.0,193.18489568599034
5461,1.2821005582809448,1029.1485042348504,0.0,4817.29248046875,7062.0,193.21889932395425
5462,1.2270534038543701,1031.9126513991505,0.0,4817.29248046875,7062.0,193.2528319369303
5463,1.355053424835205,1282.756368033588,0.0,4817.29248046875,7062.0,193.28676216397434
5464,1.2555744647979736,879.5632043406367,0.0,4817.29248046875,7062.0,193.3206382628996
5465,0.9081000685691833,789.3538025841117,0.0,4817.29248046875,7062.0,193.3532177018933
5466,1.1320818662643433,793.6648150905967,0.0,4817.29248046875,7062.0,193.3871411579894
5467,1.4153975248336792,967.8582108430564,0.0,4817.29248046875,7062.0,193.42103876790497
5468,0.854846179485321,725.1068012230098,0.0,4817.29248046875,7062.0,193.45495753898285
5469,1.1181994676589966,987.9834086708724,0.0,4817.29248046875,7062.0,193.48895780497696
5470,0.7541333436965942,717.0498551707715,0.0,4817.29248046875,7062.0,193.52286270388868
5471,1.4580378532409668,996.697688292712,0.0,4817.29248046875,7062.0,193.5568974809721
5472,0.8372141122817993,835.2171428762376,0.0,4817.29248046875,7062.0,193.59077747690026
5473,0.7056641578674316,554.9343340443447,0.0,4817.29248046875,7062.0,193.62463857792318
5474,1.0315423011779785,773.149765316397,0.0,4817.29248046875,7062.0,193.65842855197843
5475,1.0518856048583984,972.7095601782203,0.0,4817.29248046875,7062.0,193.6922729439102
5476,1.1667498350143433,671.7554031386971,0.0,4817.29248046875,7062.0,193.72626358596608
5477,1.0626845359802246,893.6157918944955,0.0,4817.29248046875,7062.0,193.7603583119344
5478,0.5664244890213013,429.31040317425504,0.0,4817.29248046875,7062.0,193.79430440394208
5479,1.0696221590042114,801.3747674040496,0.0,4817.29248046875,7062.0,193.8282516459003
5480,1.0779955387115479,902.2448007278144,0.0,4817.29248046875,7062.0,193.8620367909316
5481,1.4869537353515625,1031.4867367371917,0.0,4817.29248046875,7062.0,193.89592675690074
5482,1.2822812795639038,899.5395016372204,0.0,4817.29248046875,7062.0,193.92986358096823
5483,1.0679572820663452,889.0803334526718,0.0,4817.29248046875,7062.0,193.963739338913
5484,0.944800615310669,686.2796326000243,0.0,4817.29248046875,7062.0,193.99764568498358
5485,1.1518020629882812,1164.472856014967,0.0,4817.29248046875,7062.0,194.03156398492865
5486,0.7367156744003296,609.8255467414856,0.0,4817.29248046875,7062.0,194.06417714594863
5487,0.8767357468605042,827.28121641092,0.0,4817.29248046875,7062.0,194.0981709229527
5488,0.7547115683555603,501.70217068493366,0.0,4817.29248046875,7062.0,194.1320020519197
5489,1.3145819902420044,956.1948491111398,0.0,4817.29248046875,7062.0,194.16456086293329
5490,1.5396755933761597,1654.940225943923,0.0,4817.29248046875,7062.0,194.19849210593384
5491,0.9948278665542603,717.7586270198226,0.0,4817.29248046875,7062.0,194.2324298719177
5492,1.0768684148788452,754.5213933773339,0.0,4817.29248046875,7062.0,194.26643161394168
5493,1.1280186176300049,1012.4475166723132,0.0,4817.29248046875,7062.0,194.30029982491396
5494,0.918243944644928,631.2700583767146,0.0,4817.29248046875,7062.0,194.33423175895587
5495,1.2823649644851685,1128.0901450514793,0.0,4817.29248046875,7062.0,194.36819992598612
5496,0.8855160474777222,662.017173236236,0.0,4817.29248046875,7062.0,194.40205949393567
5497,0.5934396386146545,439.17988804448396,0.0,4817.29248046875,7062.0,194.43603182490915
5498,1.100543737411499,772.8761264942586,0.0,4817.29248046875,7062.0,194.46984454989433
5499,0.6898133754730225,517.9375866586342,0.0,4817.29248046875,7062.0,194.50379442190751
5500,0.5824176073074341,474.4680933691561,0.0,4817.29248046875,7062.0,194.53762840293348
5501,1.032007098197937,849.0411155894399,0.0,4817.29248046875,7062.0,194.57149670494255
5502,1.2656763792037964,1032.3630837388337,0.0,4817.29248046875,7062.0,194.60546389897354
5503,1.360621452331543,1018.27066905424,0.0,4817.29248046875,7062.0,194.63940613495652
5504,1.2493902444839478,880.1807852722704,0.0,4817.29248046875,7062.0,194.67327113996726
5505,1.0160244703292847,1170.2773675359786,0.0,4817.29248046875,7062.0,194.70725194294937
5506,1.2207090854644775,882.4739613402635,0.0,4817.29248046875,7062.0,194.74121374695096
5507,0.8011077046394348,731.7089780010283,0.0,4817.29248046875,7062.0,194.77514164394233
5508,0.8604519963264465,618.6664752084762,0.0,4817.29248046875,7062.0,194.80908611195628
5509,1.3621183633804321,1400.2824771851301,0.0,4817.29248046875,7062.0,194.8429814769188
5510,0.7698506116867065,565.3776739928871,0.0,4817.29248046875,7062.0,194.87687033496331
5511,1.0331417322158813,842.8944111056626,0.0,4817.29248046875,7062.0,194.910719597945
5512,0.846889078617096,791.0323431305587,0.0,4817.29248046875,7062.0,194.94467768794857
5513,1.0037338733673096,840.1947690695524,0.0,4817.29248046875,7062.0,194.97857612697408
5514,0.8346720337867737,905.5820751246065,0.0,4817.29248046875,7062.0,195.01251356489956
5515,0.9244728684425354,686.204017598182,0.0,4817.29248046875,7062.0,195.04648450494278
5516,0.7618271112442017,610.2703476883471,0.0,4817.29248046875,7062.0,195.08036183891818
5517,1.0106959342956543,1269.6087699234486,0.0,4817.29248046875,7062.0,195.11427743698005
5518,0.6083937287330627,482.16360387951136,0.0,4817.29248046875,7062.0,195.14822343189735
5519,1.131132960319519,734.8259896859527,0.0,4817.29248046875,7062.0,195.1825199109735
5520,1.3712774515151978,989.954808652401,0.0,4817.29248046875,7062.0,195.21644522598945
5521,1.207987666130066,727.0412139222026,0.0,4817.29248046875,7062.0,195.25043818796985
5522,1.224130392074585,1292.3532268106937,0.0,4817.29248046875,7062.0,195.28432681190316
5523,1.4719634056091309,1171.0366453826427,0.0,4817.29248046875,7062.0,195.31830981490202
5524,1.770693063735962,1645.1382353194058,0.0,4817.29248046875,7062.0,195.3522179198917
5525,0.9011232256889343,1055.507971920073,0.0,4817.29248046875,7062.0,195.3860640869243
5526,0.880824863910675,845.9135880842805,0.0,4817.29248046875,7062.0,195.42019595392048
5527,1.2450276613235474,1088.309130270034,0.0,4817.29248046875,7062.0,195.45410656998865
5528,0.8652119636535645,553.2102101063356,0.0,4817.29248046875,7062.0,195.48801662994083
5529,1.0396435260772705,890.8901492841542,0.0,4817.29248046875,7062.0,195.5219409459969
5530,1.3996797800064087,825.2648948356509,0.0,4817.29248046875,7062.0,195.5561789709609
5531,1.3641127347946167,1135.6264110393822,0.0,4817.29248046875,7062.0,195.59007695596665
5532,1.0062917470932007,803.489049391821,0.0,4817.29248046875,7062.0,195.62397102895193
5533,0.7957213521003723,742.1471474096179,0.0,4817.29248046875,7062.0,195.65787364298012
5534,1.0489877462387085,760.240745536983,0.0,4817.29248046875,7062.0,195.69178476789966
5535,0.919202446937561,721.2878805529326,0.0,4817.29248046875,7062.0,195.72575584996957
5536,0.8822553157806396,714.7527246829122,0.0,4817.29248046875,7062.0,195.75972203398123
5537,1.1138981580734253,744.032289262861,0.0,4817.29248046875,7062.0,195.79364791396074
5538,0.7792853713035583,631.8660695645958,0.0,4817.29248046875,7062.0,195.82758027594537
5539,1.2470734119415283,803.4545787163079,0.0,4817.29248046875,7062.0,195.86149939591996
5540,1.2895228862762451,866.6598324999213,0.0,4817.29248046875,7062.0,195.89545059390366
5541,1.3224148750305176,983.3911131843925,0.0,4817.29248046875,7062.0,195.92929931392428
5542,0.9751860499382019,712.6964296214283,0.0,4817.29248046875,7062.0,195.96325151692145
5543,1.200968623161316,983.5984077267349,0.0,4817.29248046875,7062.0,195.99712220195215
5544,0.9902830719947815,722.475383695215,0.0,4817.29248046875,7062.0,196.03103774099145
5545,1.4191975593566895,934.3833119869232,0.0,4817.29248046875,7062.0,196.06495750090107
5546,1.4449422359466553,704.9093457907438,0.0,4817.29248046875,7062.0,196.0989202989731
5547,1.3043850660324097,1030.9388492964208,0.0,4817.29248046875,7062.0,196.13281036994886
5548,0.9991415739059448,684.3416114747524,0.0,4817.29248046875,7062.0,196.16679687600117
5549,0.8591826558113098,518.332579119131,0.0,4817.29248046875,7062.0,196.20068055891898
5550,1.0352741479873657,709.952102303505,0.0,4817.29248046875,7062.0,196.23456034995615
5551,0.6537564396858215,399.29061058629304,0.0,4817.29248046875,7062.0,196.2686155239353
5552,1.337287425994873,1192.9574858071283,0.0,4817.29248046875,7062.0,196.3024662618991
5553,1.5013442039489746,1041.0113754887134,0.0,4817.29248046875,7062.0,196.33631509693805
5554,0.9903066158294678,723.0278826244175,0.0,4817.29248046875,7062.0,196.37024537893012
5555,0.893212616443634,593.6401910297573,0.0,4817.29248046875,7062.0,196.40401449997444
5556,1.7925630807876587,1263.8031760118902,0.0,4817.29248046875,7062.0,196.43791718990542
5557,0.9577261209487915,870.9956728890538,0.0,4817.29248046875,7062.0,196.47183006990235
5558,0.8836832642555237,734.8841854967177,0.0,4817.29248046875,7062.0,196.50570482888725
5559,0.8363340497016907,748.8820347450674,0.0,4817.29248046875,7062.0,196.53961423493456
5560,1.3848762512207031,883.7752837352455,0.0,4817.29248046875,7062.0,196.573476784979
5561,0.8972980380058289,682.0272202771157,0.0,4817.29248046875,7062.0,196.60744243999943
5562,0.6248884797096252,523.1334364041686,0.0,4817.29248046875,7062.0,196.64132841990795
5563,1.2048630714416504,765.1999652534723,0.0,4817.29248046875,7062.0,196.67555791791528
5564,1.0879967212677002,695.3315406702459,0.0,4817.29248046875,7062.0,196.7095298419008
5565,0.94285649061203,696.4562453459948,0.0,4817.29248046875,7062.0,196.74329885689076
5566,1.2895218133926392,2826.6020828336477,0.0,4817.29248046875,7062.0,196.77733090193942
5567,1.1417202949523926,710.8943692818284,0.0,4817.29248046875,7062.0,196.8112141089514
5568,1.0173450708389282,802.9663103371859,0.0,4817.29248046875,7062.0,196.84505002596416
5569,1.5554150342941284,1761.9290531426668,0.0,4817.29248046875,7062.0,196.87894403398968
5570,1.042037010192871,717.1976791545749,0.0,4817.29248046875,7062.0,196.91280171996914
5571,0.8875128030776978,649.3293569348752,0.0,4817.29248046875,7062.0,196.94661138998345
5572,1.264085054397583,1086.647461462766,0.0,4817.29248046875,7062.0,196.9805575599894
5573,0.9936864376068115,802.6798055171967,0.0,4817.29248046875,7062.0,197.0144236459164
5574,0.8989955186843872,815.571927420795,0.0,4817.29248046875,7062.0,197.04815695993602
5575,1.1360597610473633,874.6079400777817,0.0,4817.29248046875,7062.0,197.08208500489127
5576,0.9179068803787231,639.3488044235855,0.0,4817.29248046875,7062.0,197.11602109193336
5577,0.7548226714134216,693.8913022065535,0.0,4817.29248046875,7062.0,197.15007800690364
5578,0.7089878916740417,647.4962862348184,0.0,4817.29248046875,7062.0,197.18398027692456
5579,1.0723856687545776,688.5114854462445,0.0,4817.29248046875,7062.0,197.2179454669822
5580,1.4849727153778076,1335.0569773055613,0.0,4817.29248046875,7062.0,197.25204552093055
5581,0.9653881192207336,663.6601395234466,0.0,4817.29248046875,7062.0,197.28597694297787
5582,0.8052608966827393,736.8816619552672,0.0,4817.29248046875,7062.0,197.32010385289323
5583,1.4532233476638794,1204.659569978714,0.0,4817.29248046875,7062.0,197.3539860029705
5584,0.9307830929756165,565.7573008853942,0.0,4817.29248046875,7062.0,197.3879522519419
5585,0.6379377841949463,570.4613219983876,0.0,4817.29248046875,7062.0,197.42183979193214
5586,0.8655436038970947,718.9037982411683,0.0,4817.29248046875,7062.0,197.45580585789867
5587,1.0932283401489258,928.9073366709054,0.0,4817.29248046875,7062.0,197.48962675291114
5588,0.8705927729606628,533.2830417174846,0.0,4817.29248046875,7062.0,197.52356506697834
5589,0.9513325691223145,862.8602868355811,0.0,4817.29248046875,7062.0,197.55740483198315
5590,0.907753586769104,919.9240382611752,0.0,4817.29248046875,7062.0,197.5913180069765
5591,1.0843017101287842,1020.29811835289,0.0,4817.29248046875,7062.0,197.62519126594998
5592,0.949626088142395,546.0669303797185,0.0,4817.29248046875,7062.0,197.65913159796037
5593,1.0355936288833618,630.4152076542377,0.0,4817.29248046875,7062.0,197.6930195708992
5594,0.7904972434043884,691.0810350626707,0.0,4817.29248046875,7062.0,197.72705194691662
5595,1.0515080690383911,691.1141527313739,0.0,4817.29248046875,7062.0,197.76112817693502
5596,1.0259883403778076,752.6552675236017,0.0,4817.29248046875,7062.0,197.79508301289752
5597,0.6589784026145935,484.1226013675332,0.0,4817.29248046875,7062.0,197.82898731692694
5598,1.0373276472091675,671.2918551564217,0.0,4817.29248046875,7062.0,197.86296516098082
5599,0.5776218175888062,364.11118528805673,0.0,4817.29248046875,7062.0,197.89697236998472
5600,0.8519968390464783,587.7073650769889,0.0,4817.29248046875,7062.0,197.930829652003
5601,0.9444568157196045,718.8461934998631,0.0,4817.29248046875,7062.0,197.9647993579274
5602,1.3287345170974731,974.9373795147985,0.0,4817.29248046875,7062.0,197.9985951189883
5603,0.8607208728790283,771.9950836151838,0.0,4817.29248046875,7062.0,198.0325343599543
5604,0.7902801632881165,468.9191527571529,0.0,4817.29248046875,7062.0,198.0663878399646
5605,1.0961097478866577,655.477958727628,0.0,4817.29248046875,7062.0,198.10031196696218
5606,1.2715507745742798,1000.4714430272579,0.0,4817.29248046875,7062.0,198.13418699789327
5607,1.000251293182373,994.9445644021034,0.0,4817.29248046875,7062.0,198.16797143197618
5608,1.2839137315750122,1022.7696290817112,0.0,4817.29248046875,7062.0,198.20196671190206
5609,0.9885174036026001,753.7886823453009,0.0,4817.29248046875,7062.0,198.23600508691743
5610,1.0479960441589355,919.701214902103,0.0,4817.29248046875,7062.0,198.2700847099768
5611,0.9132860898971558,521.1262805461884,0.0,4817.29248046875,7062.0,198.30394551192876
5612,1.2990785837173462,974.1109095811844,0.0,4817.29248046875,7062.0,198.3378587149782
5613,0.622840940952301,440.6315412065014,0.0,4817.29248046875,7062.0,198.3718002209207
5614,1.5562458038330078,1145.962251611054,0.0,4817.29248046875,7062.0,198.4055635749828
5615,0.7471643686294556,554.5203243065625,0.0,4817.29248046875,7062.0,198.43951965495944
5616,0.5643521547317505,546.4332980271429,0.0,4817.29248046875,7062.0,198.47336190089118
5617,1.1403217315673828,742.2432062514126,0.0,4817.29248046875,7062.0,198.5073000199627
5618,0.7336114645004272,575.2423914130777,0.0,4817.29248046875,7062.0,198.5413224789081
5619,0.7547960877418518,572.4695222880691,0.0,4817.29248046875,7062.0,198.57524862897117
5620,0.5718640089035034,461.1531471591443,0.0,4817.29248046875,7062.0,198.60918680590112
5621,1.1225073337554932,1207.587422169745,0.0,4817.29248046875,7062.0,198.64312104298733
5622,0.8284868597984314,455.1092819329351,0.0,4817.29248046875,7062.0,198.6770396019565
5623,0.7534909844398499,613.8930661547929,0.0,4817.29248046875,7062.0,198.7109858149197
5624,0.8190199732780457,625.9032803103328,0.0,4817.29248046875,7062.0,198.74486733798403
5625,1.1459838151931763,801.4475106932223,0.0,4817.29248046875,7062.0,198.77875250391662
5626,0.7833244800567627,603.5008753631264,0.0,4817.29248046875,7062.0,198.8127296839375
5627,1.045628547668457,907.7890711389482,0.0,4817.29248046875,7062.0,198.84668626997154
5628,0.9433398246765137,673.6744772456586,0.0,4817.29248046875,7062.0,198.88060581195168
5629,1.066823124885559,830.1363881751895,0.0,4817.29248046875,7062.0,198.91440685698763
5630,0.7664583325386047,437.52674236521125,0.0,4817.29248046875,7062.0,198.94834278000053
5631,1.1470524072647095,734.2344524879009,0.0,4817.29248046875,7062.0,198.98248299199622
5632,0.7277593612670898,648.113624648191,0.0,4817.29248046875,7062.0,199.0164248299552
5633,1.077926754951477,771.5759412907064,0.0,4817.29248046875,7062.0,199.05032855295576
5634,1.0192900896072388,712.9136772938073,0.0,4817.29248046875,7062.0,199.0841865099501
5635,1.1676276922225952,978.7309703044593,0.0,4817.29248046875,7062.0,199.11817359691486
5636,0.9580959677696228,675.6317085400224,0.0,4817.29248046875,7062.0,199.15213385398965
5637,0.6254040598869324,698.4654216673225,0.0,4817.29248046875,7062.0,199.18612095096614
5638,0.9647969007492065,862.5716141518205,0.0,4817.29248046875,7062.0,199.22008619096596
5639,1.3063323497772217,766.2511616647243,0.0,4817.29248046875,7062.0,199.253959233989
5640,0.8960832357406616,969.2091928236187,0.0,4817.29248046875,7062.0,199.28803167294245
5641,0.7045931220054626,463.02606213092804,0.0,4817.29248046875,7062.0,199.32206459192093
5642,1.6219912767410278,937.7971703894436,0.0,4817.29248046875,7062.0,199.3559723988874
5643,0.7551677823066711,510.2738131582737,0.0,4817.29248046875,7062.0,199.38991753093433
5644,0.8898549675941467,706.2722543142736,0.0,4817.29248046875,7062.0,199.42391713894904
5645,0.9282596111297607,644.3249762477353,0.0,4817.29248046875,7062.0,199.45797213399783
5646,0.8096644878387451,722.2012411653996,0.0,4817.29248046875,7062.0,199.4919960949337
5647,0.7587347626686096,588.2572010140866,0.0,4817.29248046875,7062.0,199.52599031291902
5648,1.4086833000183105,832.2091007754207,0.0,4817.29248046875,7062.0,199.56010377593338
5649,0.7835054993629456,666.0604783259332,0.0,4817.29248046875,7062.0,199.59405149996746
5650,0.8446197509765625,692.2534922249615,0.0,4817.29248046875,7062.0,199.6279342569178
5651,1.0628314018249512,994.1477883718908,0.0,4817.29248046875,7062.0,199.66189170989674
5652,1.3768243789672852,944.8819830156863,0.0,4817.29248046875,7062.0,199.6961500128964
5653,0.6900604963302612,427.22764461115,0.0,4817.29248046875,7062.0,199.73016730789095
5654,0.9381738901138306,750.5305326767266,0.0,4817.29248046875,7062.0,199.76424636796582
5655,1.8573472499847412,1020.1575433490798,0.0,4817.29248046875,7062.0,199.7984319749521
5656,0.8334153890609741,664.6741710696369,0.0,4817.29248046875,7062.0,199.83242389396764
5657,0.9447619318962097,874.4305305741727,0.0,4817.29248046875,7062.0,199.86625984497368
5658,0.8671689629554749,571.0381516907364,0.0,4817.29248046875,7062.0,199.9001978059532
5659,1.262933373451233,948.1196071729064,0.0,4817.29248046875,7062.0,199.9340940619586
5660,1.1572794914245605,662.7827494256198,0.0,4817.29248046875,7062.0,199.96801762096584
5661,0.6494049429893494,432.21816121041775,0.0,4817.29248046875,7062.0,200.00192462897394
5662,1.3720370531082153,1081.0211942382157,0.0,4817.29248046875,7062.0,200.0360495269997
5663,0.9965744614601135,934.427391692996,0.0,4817.29248046875,7062.0,200.06999386195093
5664,1.1300861835479736,938.7847128622234,0.0,4817.29248046875,7062.0,200.10401116788853
5665,1.1733980178833008,923.3471694495529,0.0,4817.29248046875,7062.0,200.1379775039386
5666,0.9343357682228088,508.10540984012187,0.0,4817.29248046875,7062.0,200.17199506692123
5667,0.5787752866744995,449.60919193178415,0.0,4817.29248046875,7062.0,200.20595810597297
5668,0.6174693703651428,618.7211748231202,0.0,4817.29248046875,7062.0,200.2401344999671
5669,0.8494201898574829,928.1261583901942,0.0,4817.29248046875,7062.0,200.27413199597504
5670,1.2623791694641113,936.3891188539565,0.0,4817.29248046875,7062.0,200.30801749892998
5671,0.9161856174468994,621.1418394315988,0.0,4817.29248046875,7062.0,200.34202683297917
5672,0.8748649954795837,504.0447195991874,0.0,4817.29248046875,7062.0,200.37593910191208
5673,0.9651585221290588,646.4350508414209,0.0,4817.29248046875,7062.0,200.40987403295003
5674,0.8930758237838745,910.0327570494264,0.0,4817.29248046875,7062.0,200.4438179229619
5675,1.1108429431915283,675.2531877029687,0.0,4817.29248046875,7062.0,200.4777013938874
5676,0.9471268057823181,707.0589562691748,0.0,4817.29248046875,7062.0,200.51160965196323
5677,1.7226614952087402,915.2587450146675,0.0,4817.29248046875,7062.0,200.54551889689174
5678,1.131858468055725,761.1115146540105,0.0,4817.29248046875,7062.0,200.5794150029542
5679,0.882749617099762,702.5047151334584,0.0,4817.29248046875,7062.0,200.6133922309382
5680,1.0347847938537598,917.7220108658075,0.0,4817.29248046875,7062.0,200.64731962489896
5681,0.9048839807510376,625.8301154393703,0.0,4817.29248046875,7062.0,200.6812128429301
5682,0.6238588690757751,541.0475054364651,0.0,4817.29248046875,7062.0,200.7152071299497
5683,1.2469404935836792,1313.1313990466297,0.0,4817.29248046875,7062.0,200.7491096399026
5684,1.2800005674362183,1013.522336922586,0.0,4817.29248046875,7062.0,200.78313771798275
5685,0.9909766316413879,836.1716574318707,0.0,4817.29248046875,7062.0,200.81712979299482
5686,0.9387332201004028,607.7013165745884,0.0,4817.29248046875,7062.0,200.85108113696333
5687,0.6498386859893799,506.7724692746997,0.0,4817.29248046875,7062.0,200.8849570659222
5688,1.2252086400985718,907.4162134341896,0.0,4817.29248046875,7062.0,200.91882975189947
5689,1.1021822690963745,1123.5840071551502,0.0,4817.29248046875,7062.0,200.9527645939961
5690,1.5146440267562866,1190.395453710109,0.0,4817.29248046875,7062.0,200.98660238890443
5691,0.6394742727279663,476.41206338535994,0.0,4817.29248046875,7062.0,201.02045605995227
5692,1.0859676599502563,970.2166337966919,0.0,4817.29248046875,7062.0,201.0544299678877
5693,0.7748323678970337,483.2651829626411,0.0,4817.29248046875,7062.0,201.0883947709808
5694,0.7082749009132385,735.3681655302644,0.0,4817.29248046875,7062.0,201.1223018009914
5695,0.8063052892684937,734.0319595970213,0.0,4817.29248046875,7062.0,201.156143279979
5696,0.8458432555198669,672.5369398668408,0.0,4817.29248046875,7062.0,201.1900987639092
5697,0.705233633518219,514.6628596521914,0.0,4817.29248046875,7062.0,201.22399766591843
5698,0.7799511551856995,1009.7094176728278,0.0,4817.29248046875,7062.0,201.2579477688996
5699,0.7041910290718079,414.551755505614,0.0,4817.29248046875,7062.0,201.29194292495959
5700,0.6624439358711243,686.0322838015854,0.0,4817.29248046875,7062.0,201.32590706995688
5701,1.5971843004226685,1130.2467805445194,0.0,4817.29248046875,7062.0,201.36015628895257
5702,1.0980647802352905,553.8782341070473,0.0,4817.29248046875,7062.0,201.39413340296596
5703,1.2390856742858887,852.3199771121144,0.0,4817.29248046875,7062.0,201.42825921089388
5704,1.0138559341430664,1052.8689268752933,0.0,4817.29248046875,7062.0,201.46213979891036
5705,0.9382323026657104,809.7276189178228,0.0,4817.29248046875,7062.0,201.49610448395833
5706,0.8717145919799805,1004.2594306655228,0.0,4817.29248046875,7062.0,201.5300238589989
5707,0.9615308046340942,698.1893283557147,0.0,4817.29248046875,7062.0,201.56396850198507
5708,0.8483110666275024,683.8815407007933,0.0,4817.29248046875,7062.0,201.59795284096617
5709,1.1617673635482788,783.4504199847579,0.0,4817.29248046875,7062.0,201.631852751947
5710,1.0802421569824219,897.9890379682183,0.0,4817.29248046875,7062.0,201.66576790099498
5711,1.0087580680847168,706.9383502155542,0.0,4817.29248046875,7062.0,201.69966305198614
5712,0.7961673140525818,772.2876592427492,0.0,4817.29248046875,7062.0,201.73362717591226
5713,1.0481809377670288,729.9141075890511,0.0,4817.29248046875,7062.0,201.76768118294422
5714,0.7521146535873413,516.4270479623228,0.0,4817.29248046875,7062.0,201.80168101598974
5715,0.8841825723648071,603.4938382152468,0.0,4817.29248046875,7062.0,201.8356138309464
5716,1.003651738166809,697.0332391262054,0.0,4817.29248046875,7062.0,201.86958088888787
5717,0.7327931523323059,577.0429737046361,0.0,4817.29248046875,7062.0,201.90344929299317
5718,0.8453263640403748,692.0631329230964,0.0,4817.29248046875,7062.0,201.93738644896075
5719,0.8895007967948914,756.3973934091628,0.0,4817.29248046875,7062.0,201.97126384289004
5720,1.1537871360778809,929.5256292503327,0.0,4817.29248046875,7062.0,202.0052599759074
5721,1.4373416900634766,1035.9246175140142,0.0,4817.29248046875,7062.0,202.0392451629741
5722,0.7185335755348206,888.6897599548101,0.0,4817.29248046875,7062.0,202.0732198379701
5723,1.0274535417556763,674.6377050615847,0.0,4817.29248046875,7062.0,202.10716120689176
5724,0.7946935296058655,810.5438071209937,0.0,4817.29248046875,7062.0,202.14107264089398
5725,0.7256900072097778,593.8977271392941,0.0,4817.29248046875,7062.0,202.17499345191754
5726,0.8925445079803467,734.122346688062,0.0,4817.29248046875,7062.0,202.20893458998762
5727,1.1735329627990723,1109.5075577721,0.0,4817.29248046875,7062.0,202.2428691929672
5728,1.8624248504638672,1984.1282226257026,0.0,4817.29248046875,7062.0,202.2769765648991
5729,0.9194619059562683,725.3777956441045,0.0,4817.29248046875,7062.0,202.31092106190044
5730,0.8751096725463867,669.3567873835564,0.0,4817.29248046875,7062.0,202.34503188089002
5731,1.0993847846984863,995.5074717476964,0.0,4817.29248046875,7062.0,202.37902001990005
5732,0.5730857849121094,468.0426521440968,0.0,4817.29248046875,7062.0,202.41295420797542
5733,1.4009640216827393,1304.574778854847,0.0,4817.29248046875,7062.0,202.44689944793936
5734,0.9054934978485107,653.6538758166134,0.0,4817.29248046875,7062.0,202.4807404099265
5735,1.0682084560394287,701.8700674585998,0.0,4817.29248046875,7062.0,202.51454749889672
5736,0.7564123868942261,533.4745730273426,0.0,4817.29248046875,7062.0,202.5485366359353
5737,0.7580475807189941,726.6125484406948,0.0,4817.29248046875,7062.0,202.58248978189658
5738,1.0589278936386108,634.6586206331849,0.0,4817.29248046875,7062.0,202.6165068729315
5739,0.8568994402885437,579.8321778066456,0.0,4817.29248046875,7062.0,202.6504686389817
5740,1.2043224573135376,1135.2432949543,0.0,4817.29248046875,7062.0,202.68440475093666
5741,1.3026282787322998,1318.9494344517589,0.0,4817.29248046875,7062.0,202.7182129198918
5742,0.8417890667915344,701.8896722402424,0.0,4817.29248046875,7062.0,202.75207954691723
5743,1.0676463842391968,708.4376705531031,0.0,4817.29248046875,7062.0,202.78612790291663
5744,0.7625470161437988,649.9871178120375,0.0,4817.29248046875,7062.0,202.8201389159076
5745,0.9576908946037292,1600.0010973066092,0.0,4817.29248046875,7062.0,202.8539367839694
5746,1.3018404245376587,1120.4693168699741,0.0,4817.29248046875,7062.0,202.8877886038972
5747,0.9398194551467896,701.4465457424521,0.0,4817.29248046875,7062.0,202.9217570949113
5748,0.9472995400428772,762.7850300245918,0.0,4817.29248046875,7062.0,202.95567050599493
5749,0.8594403862953186,565.7903583887964,0.0,4817.29248046875,7062.0,202.98963806289248
5750,0.9374098181724548,967.2138585969806,0.0,4817.29248046875,7062.0,203.02349206793588
5751,1.3979454040527344,1080.0892684236169,0.0,4817.29248046875,7062.0,203.05744030489586
5752,1.041527509689331,496.8902253508568,0.0,4817.29248046875,7062.0,203.09140144498087
5753,0.5999979376792908,725.749943645671,0.0,4817.29248046875,7062.0,203.1254091549199
5754,0.6505656838417053,550.0932235531509,0.0,4817.29248046875,7062.0,203.15939294197597
5755,1.1989043951034546,871.9856205321848,0.0,4817.29248046875,7062.0,203.19335788895842
5756,0.9093899130821228,564.3956087119877,0.0,4817.29248046875,7062.0,203.2273735149065
5757,0.8667194247245789,651.6910047195852,0.0,4817.29248046875,7062.0,203.26125108997803
5758,0.9137880802154541,836.4260406773537,0.0,4817.29248046875,7062.0,203.29524380690418
5759,1.2778236865997314,1175.099383071065,0.0,4817.29248046875,7062.0,203.32920076395385
5760,0.9816556572914124,714.9192481935024,0.0,4817.29248046875,7062.0,203.36304216389544
5761,0.8780232667922974,772.4083917848766,0.0,4817.29248046875,7062.0,203.39698527299333
5762,1.0109968185424805,1070.3291089087725,0.0,4817.29248046875,7062.0,203.43076611391734
5763,0.9100364446640015,547.0310836061835,0.0,4817.29248046875,7062.0,203.46470296697225
5764,1.3751691579818726,945.0819989480078,0.0,4817.29248046875,7062.0,203.49852991988882
5765,1.152188777923584,905.043841149658,0.0,4817.29248046875,7062.0,203.53243055893108
5766,0.7568889856338501,531.398332003504,0.0,4817.29248046875,7062.0,203.56631212693173
5767,1.1866289377212524,446.197049501352,0.0,4817.29248046875,7062.0,203.60049810190685
5768,0.8126868009567261,607.3533198088408,0.0,4817.29248046875,7062.0,203.63450176396873
5769,0.8737538456916809,607.233147116378,0.0,4817.29248046875,7062.0,203.66841191390995
5770,0.6679493188858032,480.7135325372219,0.0,4817.29248046875,7062.0,203.70240813994315
5771,1.0915523767471313,743.2280188724399,0.0,4817.29248046875,7062.0,203.73628720792476
5772,1.14274001121521,615.4273797851056,0.0,4817.29248046875,7062.0,203.77035681298003
5773,0.8947104811668396,485.9642176348716,0.0,4817.29248046875,7062.0,203.80444234597962
5774,1.129947543144226,1050.244928676635,0.0,4817.29248046875,7062.0,203.83837376593146
5775,1.015047311782837,736.0123497657478,0.0,4817.29248046875,7062.0,203.87235928094015
5776,1.0358201265335083,568.327454611659,0.0,4817.29248046875,7062.0,203.9062257829355
5777,1.1397267580032349,1062.0104014724493,0.0,4817.29248046875,7062.0,203.94004676793702
5778,0.8428054451942444,673.3205653615296,0.0,4817.29248046875,7062.0,203.97389773093164
5779,0.7375544905662537,738.4338835235685,0.0,4817.29248046875,7062.0,204.00780137290712
5780,1.285529375076294,922.9953138120472,0.0,4817.29248046875,7062.0,204.04177379596513
5781,1.1374001502990723,865.3957800269127,0.0,4817.29248046875,7062.0,204.07577111991122
5782,0.926124095916748,529.7110182121396,0.0,4817.29248046875,7062.0,204.10971010790672
5783,1.2390087842941284,745.0455251485109,0.0,4817.29248046875,7062.0,204.14371104794554
5784,1.0105775594711304,758.8026164919138,0.0,4817.29248046875,7062.0,204.17765512992628
5785,0.77579665184021,458.3131975783035,0.0,4817.29248046875,7062.0,204.2116692949785
5786,0.859237015247345,659.3426925390959,0.0,4817.29248046875,7062.0,204.24561312189326
5787,1.6034754514694214,917.797605002299,0.0,4817.29248046875,7062.0,204.2797984139761
5788,1.2718946933746338,1002.2881235405803,0.0,4817.29248046875,7062.0,204.31384560198057
5789,0.7319597601890564,468.8031407119706,0.0,4817.29248046875,7062.0,204.347836463945
5790,0.8480809330940247,570.40125470981,0.0,4817.29248046875,7062.0,204.3816786929965
5791,1.3943625688552856,1243.2973061259836,0.0,4817.29248046875,7062.0,204.4155740289716
5792,0.8986810445785522,664.4766457118094,0.0,4817.29248046875,7062.0,204.44955175789073
5793,0.8808255791664124,584.0912524834275,0.0,4817.29248046875,7062.0,204.48349676991347
5794,1.1519293785095215,787.071326829493,0.0,4817.29248046875,7062.0,204.5174617849989
5795,1.4452229738235474,726.9093040861189,0.0,4817.29248046875,7062.0,204.55137765791733
5796,1.105164885520935,600.8528680931777,0.0,4817.29248046875,7062.0,204.58533147792332
5797,1.243892788887024,1106.766878079623,0.0,4817.29248046875,7062.0,204.61947912198957
5798,0.7804014086723328,975.6098849847913,0.0,4817.29248046875,7062.0,204.65335938497446
5799,0.7328169345855713,802.2130951918662,0.0,4817.29248046875,7062.0,204.68723793397658
5800,1.172335147857666,1160.5070308223367,0.0,4817.29248046875,7062.0,204.72114443895407
5801,0.5544693470001221,497.072940915823,0.0,4817.29248046875,7062.0,204.7552188379923
5802,1.1169028282165527,1008.6522947773337,0.0,4817.29248046875,7062.0,204.78917329991236
5803,1.4321054220199585,1238.4346046969295,0.0,4817.29248046875,7062.0,204.82301883597393
5804,0.9609962105751038,848.1163034066558,0.0,4817.29248046875,7062.0,204.85685226193164
5805,0.9979796409606934,799.9176290873438,0.0,4817.29248046875,7062.0,204.89074920292478
5806,1.3145126104354858,1460.9906972423196,0.0,4817.29248046875,7062.0,204.92468550999183
5807,0.9582347869873047,982.321706533432,0.0,4817.29248046875,7062.0,204.95854178699665
5808,0.9090703725814819,674.2115243338048,0.0,4817.29248046875,7062.0,204.9925381098874
5809,1.026469349861145,867.4208176247776,0.0,4817.29248046875,7062.0,205.0264720019186
5810,0.9423595666885376,568.4008429180831,0.0,4817.29248046875,7062.0,205.06031850492582
5811,1.2679920196533203,754.9875420294702,0.0,4817.29248046875,7062.0,205.09433694300242
5812,0.6929742693901062,651.625351363793,0.0,4817.29248046875,7062.0,205.1283323469106
5813,1.0331127643585205,1072.5518754050136,0.0,4817.29248046875,7062.0,205.16224686289206
5814,0.6603034138679504,526.6045328583568,0.0,4817.29248046875,7062.0,205.1962082159007
5815,1.092345952987671,552.3094198405743,0.0,4817.29248046875,7062.0,205.23018893098924
5816,1.17183518409729,609.5488033257425,0.0,4817.29248046875,7062.0,205.26448342495132
5817,0.8134717345237732,737.149956420064,0.0,4817.29248046875,7062.0,205.29858568299096
5818,1.0170753002166748,801.8570754230022,0.0,4817.29248046875,7062.0,205.3324786189478
5819,1.1879026889801025,709.8262726478279,0.0,4817.29248046875,7062.0,205.36641702393536
5820,1.0317802429199219,1202.8432846218348,0.0,4817.29248046875,7062.0,205.40039809490554
5821,0.7374220490455627,477.05763857997954,0.0,4817.29248046875,7062.0,205.43439029692672
5822,1.1155591011047363,607.0423986483365,0.0,4817.29248046875,7062.0,205.46838310698513
5823,1.1278923749923706,972.2036444358528,0.0,4817.29248046875,7062.0,205.50078113994095
5824,0.9350466728210449,530.294384136796,0.0,4817.29248046875,7062.0,205.5348564889282
5825,0.7924047112464905,692.685986276716,0.0,4817.29248046875,7062.0,205.5688474199269
5826,1.0046964883804321,760.2100967429578,0.0,4817.29248046875,7062.0,205.60278001590632
5827,0.7990209460258484,597.7157172709703,0.0,4817.29248046875,7062.0,205.6367622349644
5828,0.8084478974342346,702.727763293311,0.0,4817.29248046875,7062.0,205.67063064698596
5829,0.9326217174530029,1265.4456515610218,0.0,4817.29248046875,7062.0,205.70460449089296
5830,0.5641467571258545,478.0346221309155,0.0,4817.29248046875,7062.0,205.7383939429419
5831,0.9265046715736389,607.8304253295064,0.0,4817.29248046875,7062.0,205.772404577001
5832,0.685287356376648,410.8257599584758,0.0,4817.29248046875,7062.0,205.80646663194057
5833,0.9420068264007568,430.97099910117686,0.0,4817.29248046875,7062.0,205.84044342290144
5834,0.6859545707702637,516.9970244057477,0.0,4817.29248046875,7062.0,205.87435481499415
5835,1.193878412246704,784.161626689136,0.0,4817.29248046875,7062.0,205.90827863197774
5836,1.3444551229476929,2174.2612775564194,0.0,4817.29248046875,7062.0,205.94220375292934
5837,1.1347168684005737,1276.8967759907246,0.0,4817.29248046875,7062.0,205.9761152039282
5838,1.1567150354385376,927.931508269161,0.0,4817.29248046875,7062.0,206.01002463698387
5839,0.9357689023017883,813.9582750424743,0.0,4817.29248046875,7062.0,206.0439689089544
5840,1.0906742811203003,899.7689718510956,0.0,4817.29248046875,7062.0,206.07798119599465
5841,0.9993849396705627,1011.0164712071419,0.0,4817.29248046875,7062.0,206.11187654396053
5842,0.8657659888267517,646.1088684089482,0.0,4817.29248046875,7062.0,206.14574892888777
5843,1.2553155422210693,850.5219989456236,0.0,4817.29248046875,7062.0,206.17968783597462
5844,1.3129370212554932,1050.6465863212943,0.0,4817.29248046875,7062.0,206.2136894769501
5845,1.0910645723342896,902.9946380779147,0.0,4817.29248046875,7062.0,206.24749707896262
5846,0.8930027484893799,755.8499243017286,0.0,4817.29248046875,7062.0,206.28140768199228
5847,1.093668818473816,1057.0869815908372,0.0,4817.29248046875,7062.0,206.31537973997183
5848,0.8820736408233643,845.8633044101298,0.0,4817.29248046875,7062.0,206.34924829693045
5849,0.8639014363288879,758.1996489893645,0.0,4817.29248046875,7062.0,206.38304604997393
5850,0.7913039326667786,641.7458637207747,0.0,4817.29248046875,7062.0,206.4169759840006
5851,0.9310389161109924,595.8571356441826,0.0,4817.29248046875,7062.0,206.45088487293106
5852,0.7666237950325012,806.199303470552,0.0,4817.29248046875,7062.0,206.48483969899826
5853,0.7434247732162476,791.4096353724599,0.0,4817.29248046875,7062.0,206.51876430900302
5854,1.095585823059082,1069.3799431733787,0.0,4817.29248046875,7062.0,206.55269825994037
5855,1.010925531387329,686.7386285327375,0.0,4817.29248046875,7062.0,206.58657250995748
5856,0.977331280708313,839.2094541601837,0.0,4817.29248046875,7062.0,206.62046858295798
5857,0.7603214383125305,528.2704159729183,0.0,4817.29248046875,7062.0,206.65441103593912
5858,0.7796938419342041,696.2423823326826,0.0,4817.29248046875,7062.0,206.68831352994312
5859,0.7778847813606262,598.1740456409752,0.0,4817.29248046875,7062.0,206.72221556399018
5860,0.8213050365447998,640.4013717770576,0.0,4817.29248046875,7062.0,206.75611042999662
5861,1.0005658864974976,995.6090238764882,0.0,4817.29248046875,7062.0,206.79008188389707
5862,0.691364586353302,659.8410690072924,0.0,4817.29248046875,7062.0,206.82388922397513
5863,0.8570464849472046,666.2198795732111,0.0,4817.29248046875,7062.0,206.8578048349591
5864,1.1859081983566284,758.3375453110784,0.0,4817.29248046875,7062.0,206.89172856300138
5865,0.9040879607200623,443.80740057118237,0.0,4817.29248046875,7062.0,206.92560511489864
5866,1.0189169645309448,657.8071245290339,0.0,4817.29248046875,7062.0,206.95952183194458
5867,0.6191412210464478,441.4828716237098,0.0,4817.29248046875,7062.0,206.993344151997
5868,0.9429342746734619,747.4180836826563,0.0,4817.29248046875,7062.0,207.02710824797396
5869,0.857460618019104,973.4915443733335,0.0,4817.29248046875,7062.0,207.06094023189507
5870,1.1664437055587769,879.0437258277088,0.0,4817.29248046875,7062.0,207.0948244369356
5871,0.9516059756278992,674.207191163674,0.0,4817.29248046875,7062.0,207.1286455669906
5872,0.855838418006897,733.3074795119464,0.0,4817.29248046875,7062.0,207.16252647188958
5873,1.1352044343948364,919.6979504842311,0.0,4817.29248046875,7062.0,207.19658086099662
5874,1.344768762588501,739.1616523787379,0.0,4817.29248046875,7062.0,207.23050877591595
5875,1.1941224336624146,975.3473218046129,0.0,4817.29248046875,7062.0,207.2643584619509
5876,1.1841562986373901,995.040889121592,0.0,4817.29248046875,7062.0,207.29820017889142
5877,0.769001841545105,872.6161449700594,0.0,4817.29248046875,7062.0,207.33209056092892
5878,0.7590126395225525,679.002454193309,0.0,4817.29248046875,7062.0,207.36598837492056
5879,0.9158504605293274,869.5429141521454,0.0,4817.29248046875,7062.0,207.3998517569853
5880,0.8454403877258301,918.987310834229,0.0,4817.29248046875,7062.0,207.43375406996347
5881,0.5872113704681396,426.825711755082,0.0,4817.29248046875,7062.0,207.46777527790982
5882,0.7661377191543579,541.549001256004,0.0,4817.29248046875,7062.0,207.50160553189926
5883,1.2001293897628784,856.8633898459375,0.0,4817.29248046875,7062.0,207.53559678792953
5884,1.325958251953125,665.5599327124655,0.0,4817.29248046875,7062.0,207.56936837092508
5885,1.1309438943862915,576.5957690458745,0.0,4817.29248046875,7062.0,207.60350034490693
5886,1.0702875852584839,887.3583334758878,0.0,4817.29248046875,7062.0,207.63733299798332
5887,0.775426983833313,682.8261148780584,0.0,4817.29248046875,7062.0,207.67125291994307
5888,1.2225629091262817,1205.5389025360346,0.0,4817.29248046875,7062.0,207.70502817898523
5889,0.7627118229866028,815.0003988705575,0.0,4817.29248046875,7062.0,207.7389282899676
5890,0.8976454138755798,767.6302677132189,0.0,4817.29248046875,7062.0,207.77288310194854
5891,0.7222836017608643,445.20030086301267,0.0,4817.29248046875,7062.0,207.8069029119797
5892,0.7986848950386047,708.5526822861284,0.0,4817.29248046875,7062.0,207.84081061498728
5893,1.1630873680114746,821.5245165489614,0.0,4817.29248046875,7062.0,207.87473886390217
5894,0.7914590239524841,771.1378555614501,0.0,4817.29248046875,7062.0,207.90864245197736
5895,0.9522637128829956,684.8691349122673,0.0,4817.29248046875,7062.0,207.94250588899013
5896,1.471391201019287,649.8759832642972,0.0,4817.29248046875,7062.0,207.97666882700287
5897,0.8756963610649109,566.3100831992924,0.0,4817.29248046875,7062.0,208.01053456694353
5898,0.851762592792511,498.477602314204,0.0,4817.29248046875,7062.0,208.04453417495824
5899,0.7948132157325745,543.280682221055,0.0,4817.29248046875,7062.0,208.07846869598143
5900,1.0674508810043335,639.5520795732737,0.0,4817.29248046875,7062.0,208.11238974996377
5901,1.2227847576141357,700.9130835216492,0.0,4817.29248046875,7062.0,208.1462217119988
5902,0.9102140665054321,560.2446437142789,0.0,4817.29248046875,7062.0,208.180291156983
5903,0.7986218929290771,526.2619400639087,0.0,4817.29248046875,7062.0,208.21419345296454
5904,0.6390438079833984,434.8613197039813,0.0,4817.29248046875,7062.0,208.24800316698384
5905,0.8631814122200012,797.8241290859878,0.0,4817.29248046875,7062.0,208.28201226796955
5906,0.5842642188072205,587.1367375832051,0.0,4817.29248046875,7062.0,208.3160105649149
5907,0.834221601486206,608.2623409125954,0.0,4817.29248046875,7062.0,208.34994687291328
5908,0.8885396122932434,696.266919568181,0.0,4817.29248046875,7062.0,208.38384191598743
5909,1.002593994140625,654.7829985897988,0.0,4817.29248046875,7062.0,208.41772117791697
5910,0.7634466290473938,510.8082615863532,0.0,4817.29248046875,7062.0,208.4516452429816
5911,0.9197937846183777,549.5810457672924,0.0,4817.29248046875,7062.0,208.48551859497093
5912,0.5323927402496338,482.54765397682786,0.0,4817.29248046875,7062.0,208.51948982896283
5913,1.3910701274871826,919.5847084261477,0.0,4817.29248046875,7062.0,208.5534801289905
5914,1.1304255723953247,873.4078298695385,0.0,4817.29248046875,7062.0,208.58729366399348
5915,1.2177544832229614,948.3138055466115,0.0,4817.29248046875,7062.0,208.62115256791003
5916,1.0204992294311523,896.8083335720003,0.0,4817.29248046875,7062.0,208.65497804491315
5917,1.2759981155395508,835.2212202548981,0.0,4817.29248046875,7062.0,208.68886976293288
5918,0.791345477104187,663.3515140358359,0.0,4817.29248046875,7062.0,208.72279214998707
5919,1.0953004360198975,903.0980809796602,0.0,4817.29248046875,7062.0,208.75662082992494
5920,0.828153133392334,736.8770173154771,0.0,4817.29248046875,7062.0,208.7905701509444
5921,0.7097748517990112,900.3915921077132,0.0,4817.29248046875,7062.0,208.82465830189176
5922,0.7374836802482605,640.2548367977142,0.0,4817.29248046875,7062.0,208.85861044889316
5923,0.786335289478302,833.8878364637494,0.0,4817.29248046875,7062.0,208.89253899396863
5924,1.0664794445037842,626.2965555042028,0.0,4817.29248046875,7062.0,208.92645610589534
5925,0.6996036171913147,651.4213600838557,0.0,4817.29248046875,7062.0,208.9605273779016
5926,0.9307531714439392,635.5406479164958,0.0,4817.29248046875,7062.0,208.99428782588802
5927,0.6818875670433044,473.59620511345565,0.0,4817.29248046875,7062.0,209.0281507759355
5928,1.2976921796798706,969.5661586001515,0.0,4817.29248046875,7062.0,209.06205808499362
5929,0.8440402150154114,659.1434364840388,0.0,4817.29248046875,7062.0,209.09597691195086
5930,1.0269110202789307,739.9140734672546,0.0,4817.29248046875,7062.0,209.12986336194444
5931,0.45757824182510376,359.7255902881734,0.0,4817.29248046875,7062.0,209.16375686693937
5932,1.1173796653747559,938.8492737598717,0.0,4817.29248046875,7062.0,209.19763085397426
5933,1.2239584922790527,922.3323895446956,0.0,4817.29248046875,7062.0,209.2316663779784
5934,1.0079681873321533,706.7526612207294,0.0,4817.29248046875,7062.0,209.26569833699614
5935,0.8778796792030334,831.918848220259,0.0,4817.29248046875,7062.0,209.29966876690742
5936,0.7733837962150574,675.2614175863564,0.0,4817.29248046875,7062.0,209.33357950299978
5937,0.9587742686271667,1092.3370109908283,0.0,4817.29248046875,7062.0,209.36747425294016
5938,0.9253034591674805,716.3725683316588,0.0,4817.29248046875,7062.0,209.40140219195746
5939,0.9985013008117676,761.5964707136154,0.0,4817.29248046875,7062.0,209.435290794936
5940,0.6651114225387573,402.9087037630379,0.0,4817.29248046875,7062.0,209.46921898098662
5941,1.0223175287246704,943.5867956578732,0.0,4817.29248046875,7062.0,209.5031378219137
5942,0.8813676834106445,606.15013987571,0.0,4817.29248046875,7062.0,209.53714993491303
5943,1.1113581657409668,596.5442759506404,0.0,4817.29248046875,7062.0,209.57126120792236
5944,0.642117440700531,500.6627015704289,0.0,4817.29248046875,7062.0,209.6050012089545
5945,0.8188985586166382,739.0144255831838,0.0,4817.29248046875,7062.0,209.63890668388922
5946,0.843455970287323,684.4779692776501,0.0,4817.29248046875,7062.0,209.67296732997056
5947,1.1410096883773804,1167.782269258052,0.0,4817.29248046875,7062.0,209.70689175394364
5948,0.7849077582359314,640.4733254313469,0.0,4817.29248046875,7062.0,209.74073891993612
5949,0.9878832697868347,842.4620849713683,0.0,4817.29248046875,7062.0,209.77449345600326
5950,0.7533372044563293,450.4310494624078,0.0,4817.29248046875,7062.0,209.80855579092167
5951,0.7030866742134094,691.9018852598965,0.0,4817.29248046875,7062.0,209.84252202697098
5952,0.7905365824699402,602.9073342019692,0.0,4817.29248046875,7062.0,209.87639981496613
5953,0.8509221076965332,1133.1501188650727,0.0,4817.29248046875,7062.0,209.91019894892816
5954,1.1126461029052734,705.5088518075645,0.0,4817.29248046875,7062.0,209.9440986549016
5955,0.7684313058853149,814.5051482757553,0.0,4817.29248046875,7062.0,209.9778315599542
5956,0.6786664128303528,606.3334638867527,0.0,4817.29248046875,7062.0,210.01172065897845
5957,0.9662920832633972,813.3484290298074,0.0,4817.29248046875,7062.0,210.04559108894318
5958,0.7502810955047607,603.0936836898327,0.0,4817.29248046875,7062.0,210.079517180915
5959,0.9897516369819641,584.0553805809468,0.0,4817.29248046875,7062.0,210.1134021099424
5960,0.7161732316017151,634.4222093895078,0.0,4817.29248046875,7062.0,210.14721529290546
5961,0.8590686321258545,776.676676005125,0.0,4817.29248046875,7062.0,210.18101905996446
5962,0.6259476542472839,511.8210761677474,0.0,4817.29248046875,7062.0,210.2148770299973
5963,1.7564774751663208,1018.9194323606789,0.0,4817.29248046875,7062.0,210.2490015819203
5964,0.9013018012046814,700.0167761016637,0.0,4817.29248046875,7062.0,210.28284960391466
5965,0.6697943806648254,528.2690522056073,0.0,4817.29248046875,7062.0,210.3168301898986
5966,0.7821674942970276,402.2917937580496,0.0,4817.29248046875,7062.0,210.35065450100228
5967,1.1321979761123657,739.8633373044431,0.0,4817.29248046875,7062.0,210.3845347618917
5968,0.950038492679596,695.222208045423,0.0,4817.29248046875,7062.0,210.4184126809705
5969,1.0357751846313477,653.5516010280699,0.0,4817.29248046875,7062.0,210.4523048918927
5970,0.6477056741714478,428.617614495568,0.0,4817.29248046875,7062.0,210.48613368696533
5971,1.2306581735610962,869.2090892028064,0.0,4817.29248046875,7062.0,210.52002980094403
5972,0.7785821557044983,603.5886144842952,0.0,4817.29248046875,7062.0,210.5539242529776
5973,0.9531317353248596,887.152716210112,0.0,4817.29248046875,7062.0,210.58765670796856
5974,1.0493236780166626,1048.7401838451624,0.0,4817.29248046875,7062.0,210.62154089694377
5975,0.8980014324188232,741.9941634424031,0.0,4817.29248046875,7062.0,210.6553840499837
5976,1.5715515613555908,689.5037866979837,0.0,4817.29248046875,7062.0,210.68952101899777
5977,0.7994280457496643,650.0806517004967,0.0,4817.29248046875,7062.0,210.72374549892265
5978,0.7737283706665039,742.3340737614781,0.0,4817.29248046875,7062.0,210.75766377989203
5979,0.9525177478790283,587.3398622889072,0.0,4817.29248046875,7062.0,210.79160763998516
5980,0.8910087943077087,542.2262662984431,0.0,4817.29248046875,7062.0,210.82561321393587
5981,0.6750083565711975,388.8621809761971,0.0,4817.29248046875,7062.0,210.85950226092245
5982,0.940056324005127,569.9429623372853,0.0,4817.29248046875,7062.0,210.89340381894726
5983,0.8516836166381836,657.5692789331079,0.0,4817.29248046875,7062.0,210.9273193969857
5984,0.7843128442764282,687.8816567212343,0.0,4817.29248046875,7062.0,210.96122594189364
5985,0.8240598440170288,629.1547603718936,0.0,4817.29248046875,7062.0,210.99506427289452
5986,1.1722806692123413,668.6920330505818,0.0,4817.29248046875,7062.0,211.02897504798602
5987,0.6783353686332703,474.33259700238705,0.0,4817.29248046875,7062.0,211.06287997192703
5988,1.2237638235092163,355.8006580309011,0.0,4817.29248046875,7062.0,211.09708610200323
5989,1.340779185295105,892.3822200633585,0.0,4817.29248046875,7062.0,211.13093085691798
5990,1.1786175966262817,1089.6675495021045,0.0,4817.29248046875,7062.0,211.16481563600246
5991,0.8647797703742981,575.6413419209421,0.0,4817.29248046875,7062.0,211.1987011169549
5992,1.167750597000122,666.6434354558587,0.0,4817.29248046875,7062.0,211.23273649800103
5993,1.0139912366867065,584.0805614441633,0.0,4817.29248046875,7062.0,211.26678958698176
5994,0.8807333111763,669.5072168847546,0.0,4817.29248046875,7062.0,211.30074169591535
5995,1.292175531387329,980.6611936762929,0.0,4817.29248046875,7062.0,211.33460865996312
5996,0.8986954689025879,572.0591638796031,0.0,4817.29248046875,7062.0,211.3684707148932
5997,0.5441134572029114,450.05549144372344,0.0,4817.29248046875,7062.0,211.40245739999227
5998,0.8012083172798157,529.2874265350401,0.0,4817.29248046875,7062.0,211.4363561209757
5999,1.0460784435272217,797.1448575034738,0.0,4817.29248046875,7062.0,211.47016586689278
6000,0.7079897522926331,687.4326451160014,0.0,4817.29248046875,7062.0,211.50394531397615
6001,0.8602916598320007,627.312135130167,0.0,4817.29248046875,7064.0,215.18402082298417
6002,1.10548996925354,624.0255986563861,0.0,4817.29248046875,7064.0,215.21797927189618
6003,0.7752322554588318,501.32847725227475,0.0,4817.29248046875,7064.0,215.2518159119645
6004,0.8063991069793701,740.9263024441898,0.0,4817.29248046875,7064.0,215.28570667898748
6005,0.8976696133613586,659.1171882208437,0.0,4817.29248046875,7064.0,215.31982297694776
6006,0.6929126977920532,600.2949215266854,0.0,4817.29248046875,7064.0,215.35389823489822
6007,0.7908493280410767,860.0842981049791,0.0,4817.29248046875,7064.0,215.38772702997085
6008,0.8438413143157959,595.7173453904688,0.0,4817.29248046875,7064.0,215.42172468500212
6009,1.3954339027404785,1589.2220828682184,0.0,4817.29248046875,7064.0,215.4556787739275
6010,0.6645894646644592,485.1334447506815,0.0,4817.29248046875,7064.0,215.48955563397612
6011,1.1092534065246582,761.9487498477101,0.0,4817.29248046875,7064.0,215.52333945792634
6012,0.8176732659339905,686.0273985676467,0.0,4817.29248046875,7064.0,215.55727432889398
6013,0.9629923701286316,879.4014426320791,0.0,4817.29248046875,7064.0,215.5911701709265
6014,0.861563503742218,682.5950791724026,0.0,4817.29248046875,7064.0,215.6249551239889
6015,0.9775807857513428,784.8502027019858,0.0,4817.29248046875,7064.0,215.6588743419852
6016,0.9204145669937134,691.7166971191764,0.0,4817.29248046875,7064.0,215.69278447597753
6017,0.5777550935745239,342.11989012919366,0.0,4817.29248046875,7064.0,215.72671386692673
6018,0.8496905565261841,737.6361705865711,0.0,4817.29248046875,7064.0,215.76059490488842
6019,1.0192675590515137,863.0393468476832,0.0,4817.29248046875,7064.0,215.79453600093257
6020,0.9393805861473083,691.4320272989571,0.0,4817.29248046875,7064.0,215.82843172491994
6021,0.7629984021186829,676.9676665142179,0.0,4817.29248046875,7064.0,215.86232201289386
6022,0.7399712204933167,554.7752250339836,0.0,4817.29248046875,7064.0,215.8962631819304
6023,0.7079838514328003,542.3912516869605,0.0,4817.29248046875,7064.0,215.93014789791778
6024,1.0282920598983765,933.3535914421082,0.0,4817.29248046875,7064.0,215.96394580195192
6025,0.9880326390266418,1101.7345127798617,0.0,4817.29248046875,7064.0,215.99780280096456
6026,0.8358955979347229,744.7053099852055,0.0,4817.29248046875,7064.0,216.03161346598063
6027,0.9805502891540527,708.1308618746698,0.0,4817.29248046875,7064.0,216.06553479796275
6028,1.055922031402588,857.5750656165183,0.0,4817.29248046875,7064.0,216.09948934195563
6029,1.0534584522247314,936.023458622396,0.0,4817.29248046875,7064.0,216.1332865229342
6030,1.1198564767837524,833.3908406533301,0.0,4817.29248046875,7064.0,216.1673175119795
6031,0.8163000345230103,724.265303639695,0.0,4817.29248046875,7064.0,216.20122742594685
6032,1.0117284059524536,630.6401306428015,0.0,4817.29248046875,7064.0,216.23512202093843
6033,0.5714272260665894,366.5921530453488,0.0,4817.29248046875,7064.0,216.26905000698753
6034,0.8844735622406006,888.473331425339,0.0,4817.29248046875,7064.0,216.30289669393096
6035,0.5906491279602051,485.66487071476877,0.0,4817.29248046875,7064.0,216.3369228709489
6036,0.779996395111084,511.61025571636856,0.0,4817.29248046875,7064.0,216.3708155369386
6037,0.8382657170295715,774.8513290844858,0.0,4817.29248046875,7064.0,216.40477645990904
6038,0.5900030732154846,576.3265206813812,0.0,4817.29248046875,7064.0,216.4386566299945
6039,1.2170507907867432,1135.775929439813,0.0,4817.29248046875,7064.0,216.47257017495576
6040,0.9339399337768555,679.2680873908103,0.0,4817.29248046875,7064.0,216.50646410998888
6041,0.6629536151885986,524.2712531480938,0.0,4817.29248046875,7064.0,216.54028950689826
6042,1.1183745861053467,937.6145794708282,0.0,4817.29248046875,7064.0,216.57410795695614
6043,0.8815685510635376,650.5371879804879,0.0,4817.29248046875,7064.0,216.6080464539118
6044,1.048271656036377,834.2996156495064,0.0,4817.29248046875,7064.0,216.64200424298178
6045,0.7945920825004578,690.7891890965402,0.0,4817.29248046875,7064.0,216.67573831090704
6046,1.2282021045684814,656.8011971972883,0.0,4817.29248046875,7064.0,216.70964834094048
6047,0.8839808702468872,894.1580313313752,0.0,4817.29248046875,7064.0,216.74367877899203
6048,0.7103584408760071,451.1754144243896,0.0,4817.29248046875,7064.0,216.7775550528895
6049,0.9731529355049133,732.334925763309,0.0,4817.29248046875,7064.0,216.81156290892977
6050,1.2555915117263794,793.989444302395,0.0,4817.29248046875,7064.0,216.84418415394612
6051,0.8671973347663879,657.5000932812691,0.0,4817.29248046875,7064.0,216.87808332196437
6052,0.751844048500061,625.0576915275306,0.0,4817.29248046875,7064.0,216.91195343993604
6053,0.8931854367256165,644.5112106390297,0.0,4817.29248046875,7064.0,216.94593260495458
6054,0.6098082065582275,530.2854800252244,0.0,4817.29248046875,7064.0,216.97983735089656
6055,1.149816632270813,765.9642978087068,0.0,4817.29248046875,7064.0,217.01372842199635
6056,0.6241984367370605,484.93060686811805,0.0,4817.29248046875,7064.0,217.04765437892638
6057,0.8943371176719666,771.1770241688937,0.0,4817.29248046875,7064.0,217.08155169291422
6058,1.0326234102249146,797.8592249043286,0.0,4817.29248046875,7064.0,217.1154912619386
6059,1.0098292827606201,591.8280355166644,0.0,4817.29248046875,7064.0,217.14943904289976
6060,0.9377359747886658,778.414874561131,0.0,4817.29248046875,7064.0,217.18332764389925
6061,1.013521432876587,764.8273741491139,0.0,4817.29248046875,7064.0,217.21724120597355
6062,0.9454554319381714,594.5099857468158,0.0,4817.29248046875,7064.0,217.2511687449878
6063,0.8083176612854004,720.9768237695098,0.0,4817.29248046875,7064.0,217.28512862499338
6064,1.1593104600906372,852.1728126909584,0.0,4817.29248046875,7064.0,217.31904049089644
6065,0.7244536280632019,652.9479319863021,0.0,4817.29248046875,7064.0,217.35298345191404
6066,1.0970830917358398,946.3250526227057,0.0,4817.29248046875,7064.0,217.3869541179156
6067,0.7402937412261963,461.0451133809984,0.0,4817.29248046875,7064.0,217.4208986449521
6068,1.0605170726776123,1073.0305814817548,0.0,4817.29248046875,7064.0,217.4546314139152
6069,1.0418834686279297,872.8600565977395,0.0,4817.29248046875,7064.0,217.48850095598027
6070,0.8539418578147888,564.6293003130704,0.0,4817.29248046875,7064.0,217.52238331793342
6071,1.0212231874465942,750.3637844845653,0.0,4817.29248046875,7064.0,217.55631768598687
6072,0.9257340431213379,844.3783573899418,0.0,4817.29248046875,7064.0,217.59028340596706
6073,0.948066771030426,742.0794402398169,0.0,4817.29248046875,7064.0,217.62407897098456
6074,0.7708768248558044,732.6805399823934,0.0,4817.29248046875,7064.0,217.6580040518893
6075,0.9044540524482727,644.5032393373549,0.0,4817.29248046875,7064.0,217.6919053349411
6076,0.8610637187957764,743.9452300742269,0.0,4817.29248046875,7064.0,217.72577192191966
6077,0.9275689125061035,730.631467256695,0.0,4817.29248046875,7064.0,217.75984276994132
6078,0.6537520885467529,388.56213061418384,0.0,4817.29248046875,7064.0,217.79374996793922
6079,0.674585223197937,460.84520127251744,0.0,4817.29248046875,7064.0,217.82780625589658
6080,0.8055158257484436,803.492308974266,0.0,4817.29248046875,7064.0,217.86171311698854
6081,1.0334057807922363,1007.9349658749998,0.0,4817.29248046875,7064.0,217.8955406929599
6082,0.9267070889472961,897.6598305888474,0.0,4817.29248046875,7064.0,217.92942330695223
6083,0.6238492131233215,699.8565979734994,0.0,4817.29248046875,7064.0,217.9634400079958
6084,0.6176354885101318,439.49865886569023,0.0,4817.29248046875,7064.0,217.9973789929645
6085,1.2205538749694824,1441.2521770112216,0.0,4817.29248046875,7064.0,218.0313015509164
6086,0.7505536675453186,621.5045566987246,0.0,4817.29248046875,7064.0,218.0652357249055
6087,1.2777780294418335,1219.8589698448777,0.0,4817.29248046875,7064.0,218.09906774992123
6088,0.7233293652534485,447.1146191228181,0.0,4817.29248046875,7064.0,218.13303843990434
6089,0.9279280304908752,649.6655178442597,0.0,4817.29248046875,7064.0,218.16694915900007
6090,0.7344351410865784,567.6089299153537,0.0,4817.29248046875,7064.0,218.20103903790005
6091,0.999051034450531,613.9395892880857,0.0,4817.29248046875,7064.0,218.23491999099497
6092,1.2637265920639038,864.1757866330445,0.0,4817.29248046875,7064.0,218.2691462849034
6093,0.8161365389823914,847.2148830685765,0.0,4817.29248046875,7064.0,218.30296801694203
6094,0.7843140959739685,524.0304129458964,0.0,4817.29248046875,7064.0,218.3371757438872
6095,1.17496657371521,1145.3187127485871,0.0,4817.29248046875,7064.0,218.37116708199028
6096,1.0131795406341553,1292.2208232991397,0.0,4817.29248046875,7064.0,218.40491045394447
6097,0.6358579993247986,443.4097017683089,0.0,4817.29248046875,7064.0,218.43882652989123
6098,0.8270178437232971,729.9236485660076,0.0,4817.29248046875,7064.0,218.47278288996313
6099,0.8004299998283386,603.7702008951455,0.0,4817.29248046875,7064.0,218.5066596448887
6100,0.7732858657836914,854.7898116856813,0.0,4817.29248046875,7064.0,218.54047912289388
6101,0.7794068455696106,547.2126794978976,0.0,4817.29248046875,7064.0,218.57438831496984
6102,0.8398224115371704,596.4205873906612,0.0,4817.29248046875,7064.0,218.6082711078925
6103,1.075706958770752,680.524600494653,0.0,4817.29248046875,7064.0,218.64213179796934
6104,1.0809108018875122,969.355700712651,0.0,4817.29248046875,7064.0,218.67604442697484
6105,0.7785768508911133,661.0027713514864,0.0,4817.29248046875,7064.0,218.70984806795605
6106,1.087833285331726,676.2338113151491,0.0,4817.29248046875,7064.0,218.74382564797997
6107,1.2056763172149658,730.2664003968239,0.0,4817.29248046875,7064.0,218.77772712591104
6108,1.6932264566421509,1425.9001999534667,0.0,4817.29248046875,7064.0,218.8116311529884
6109,0.5370921492576599,473.5067013371736,0.0,4817.29248046875,7064.0,218.8456377319526
6110,1.0597288608551025,1006.3316792380065,0.0,4817.29248046875,7064.0,218.8794522889657
6111,0.9445661902427673,585.0269463472068,0.0,4817.29248046875,7064.0,218.91334483399987
6112,0.8055061101913452,589.6741751711816,0.0,4817.29248046875,7064.0,218.94727335090283
6113,0.6539487242698669,511.4199034012854,0.0,4817.29248046875,7064.0,218.98114081390668
6114,0.7602788805961609,532.5724492408335,0.0,4817.29248046875,7064.0,219.0150572929997
6115,0.6897808909416199,463.9239310687408,0.0,4817.29248046875,7064.0,219.0489319349872
6116,1.062201976776123,978.2442168295383,0.0,4817.29248046875,7064.0,219.08274054294452
6117,1.0109434127807617,897.763217702508,0.0,4817.29248046875,7064.0,219.11659680097364
6118,0.9587554931640625,655.5414437577128,0.0,4817.29248046875,7064.0,219.15051564294845
6119,1.203035593032837,925.3341307230294,0.0,4817.29248046875,7064.0,219.18429343099706
6120,0.7683674097061157,697.5945515781641,0.0,4817.29248046875,7064.0,219.21811461390462
6121,0.741561770439148,560.6038265321404,0.0,4817.29248046875,7064.0,219.25199845596217
6122,1.3077982664108276,787.9374503344297,0.0,4817.29248046875,7064.0,219.28597416297998
6123,1.050248146057129,812.2401763871312,0.0,4817.29248046875,7064.0,219.31991369393654
6124,0.7824211716651917,546.4030424878001,0.0,4817.29248046875,7064.0,219.35397493792698
6125,0.5970787405967712,353.2052298905328,0.0,4817.29248046875,7064.0,219.38782157597598
6126,0.6946588158607483,459.86662989109755,0.0,4817.29248046875,7064.0,219.42177054390777
6127,1.2075097560882568,788.0825746245682,0.0,4817.29248046875,7064.0,219.45560653100256
6128,1.033632755279541,943.0534639693797,0.0,4817.29248046875,7064.0,219.4881744349841
6129,0.9461733102798462,626.3164834808558,0.0,4817.29248046875,7064.0,219.5221164189279
6130,1.4659004211425781,1028.3448122367263,0.0,4817.29248046875,7064.0,219.55590851290617
6131,0.9960932731628418,1007.3382627367973,0.0,4817.29248046875,7064.0,219.5898198389914
6132,0.922895073890686,875.0936858691275,0.0,4817.29248046875,7064.0,219.62359205796383
6133,0.9336286187171936,832.7782321609557,0.0,4817.29248046875,7064.0,219.6574508609483
6134,1.2588492631912231,967.1170849390328,0.0,4817.29248046875,7064.0,219.69135785091203
6135,0.7275234460830688,587.5935099916533,0.0,4817.29248046875,7064.0,219.72528196393978
6136,1.8508843183517456,1794.595687277615,0.0,4817.29248046875,7064.0,219.75905874196906
6137,1.4745804071426392,1131.798907097429,0.0,4817.29248046875,7064.0,219.792923930916
6138,0.7466456294059753,601.7324097016826,0.0,4817.29248046875,7064.0,219.8268122309819
6139,1.2880682945251465,1172.6121863424778,0.0,4817.29248046875,7064.0,219.8606873919489
6140,0.9773614406585693,770.8381481580436,0.0,4817.29248046875,7064.0,219.89452974288724
6141,0.5832219123840332,443.86236843280494,0.0,4817.29248046875,7064.0,219.92847006989177
6142,0.9221878051757812,658.8559888675809,0.0,4817.29248046875,7064.0,219.96247647190467
6143,1.0868130922317505,736.9048071410507,0.0,4817.29248046875,7064.0,219.99638569098897
6144,0.5932534337043762,459.48564863204956,0.0,4817.29248046875,7064.0,220.03032110794447
6145,0.9371525645256042,790.6647407636046,0.0,4817.29248046875,7064.0,220.0642680749297
6146,1.0358775854110718,861.1096002310514,0.0,4817.29248046875,7064.0,220.09823671693448
6147,1.0210975408554077,999.4750554710627,0.0,4817.29248046875,7064.0,220.132192581892
6148,1.116965651512146,786.9195037260652,0.0,4817.29248046875,7064.0,220.16609732899815
6149,0.8238743543624878,687.6108847353607,0.0,4817.29248046875,7064.0,220.1999697959982
6150,1.4815406799316406,839.0601127520204,0.0,4817.29248046875,7064.0,220.23415936494712
6151,0.7379065752029419,546.1549252886325,0.0,4817.29248046875,7064.0,220.26812205289025
6152,1.1023215055465698,942.6304496377707,0.0,4817.29248046875,7064.0,220.30218556988984
6153,1.1846039295196533,1102.2757826782763,0.0,4817.29248046875,7064.0,220.33617624395993
6154,1.107991099357605,893.7914744373411,0.0,4817.29248046875,7064.0,220.37004200695083
6155,1.0131601095199585,549.2864302247763,0.0,4817.29248046875,7064.0,220.4039882979123
6156,0.6866679191589355,852.76308606565,0.0,4817.29248046875,7064.0,220.4377567699412
6157,1.767902135848999,741.2416929900646,0.0,4817.29248046875,7064.0,220.47188680293038
6158,0.8050962090492249,595.3302842425182,0.0,4817.29248046875,7064.0,220.50581340293866
6159,0.9469352960586548,965.8476730361581,0.0,4817.29248046875,7064.0,220.53974028094672
6160,0.7505839467048645,671.3434617444873,0.0,4817.29248046875,7064.0,220.5736411869293
6161,1.0299102067947388,1096.3082314059138,0.0,4817.29248046875,7064.0,220.60751401097514
6162,0.6502619981765747,713.8358561089262,0.0,4817.29248046875,7064.0,220.71384152793325
6163,0.79486083984375,554.7359672803432,0.0,4817.29248046875,7064.0,220.74822997895535
6164,1.1052577495574951,1412.3805940300226,0.0,4817.29248046875,7064.0,220.782112521003
6165,0.929368257522583,604.2918455880135,0.0,4817.29248046875,7064.0,220.81608723988757
6166,1.3739619255065918,1253.8354384284467,0.0,4817.29248046875,7064.0,220.85004688089248
6167,0.9124190211296082,785.9591336585581,0.0,4817.29248046875,7064.0,220.883952516946
6168,1.0841702222824097,625.1825392600149,0.0,4817.29248046875,7064.0,220.9178657019511
6169,1.013214349746704,812.6767948102206,0.0,4817.29248046875,7064.0,220.95175599795766
6170,1.1119626760482788,1049.9861713461578,0.0,4817.29248046875,7064.0,220.98557752091438
6171,1.457385778427124,720.8039830811322,0.0,4817.29248046875,7064.0,221.0197352139512
6172,0.9001011252403259,697.1034580543637,0.0,4817.29248046875,7064.0,221.05364687391557
6173,0.8325478434562683,595.9791053254157,0.0,4817.29248046875,7064.0,221.08779881696682
6174,0.781511127948761,461.12522542104125,0.0,4817.29248046875,7064.0,221.12166915391572
6175,0.8724858164787292,713.7904436551034,0.0,4817.29248046875,7064.0,221.15566644596402
6176,0.9807206988334656,967.4537093434483,0.0,4817.29248046875,7064.0,221.18972540600225
6177,1.0420414209365845,1152.8006159961224,0.0,4817.29248046875,7064.0,221.22354390996043
6178,0.8744041323661804,1141.7436413746327,0.0,4817.29248046875,7064.0,221.25727894890588
6179,0.6318582892417908,526.5100696980953,0.0,4817.29248046875,7064.0,221.29120909492485
6180,0.6470637917518616,503.8759338511154,0.0,4817.29248046875,7064.0,221.32506033591926
6181,0.6358526349067688,495.5909253489226,0.0,4817.29248046875,7064.0,221.35894511896186
6182,0.6927610039710999,499.46225879341364,0.0,4817.29248046875,7064.0,221.39285564993042
6183,0.9848897457122803,877.8483221754432,0.0,4817.29248046875,7064.0,221.42673459788784
6184,0.8516536355018616,857.4392952136695,0.0,4817.29248046875,7064.0,221.46070822200272
6185,0.8055846691131592,676.0615847613662,0.0,4817.29248046875,7064.0,221.49468018091284
6186,0.8076178431510925,633.1367232622579,0.0,4817.29248046875,7064.0,221.52879979694262
6187,1.154421091079712,723.3289708141237,0.0,4817.29248046875,7064.0,221.56271605589427
6188,0.604340136051178,483.65310671925545,0.0,4817.29248046875,7064.0,221.59662979992572
6189,0.8172096610069275,515.404913417995,0.0,4817.29248046875,7064.0,221.63061804091558
6190,0.7911698222160339,628.2880906611681,0.0,4817.29248046875,7064.0,221.66457020991948
6191,1.1072125434875488,885.118356063962,0.0,4817.29248046875,7064.0,221.69850241800305
6192,1.19767427444458,847.8600007817149,0.0,4817.29248046875,7064.0,221.73243488697335
6193,0.9452740550041199,571.7573291696608,0.0,4817.29248046875,7064.0,221.76637581491377
6194,0.7802838087081909,517.7916666585952,0.0,4817.29248046875,7064.0,221.80023823399097
6195,0.8438075184822083,523.4386798888445,0.0,4817.29248046875,7064.0,221.83421128499322
6196,0.6814755797386169,446.3668094603345,0.0,4817.29248046875,7064.0,221.86817650089506
6197,0.5632885098457336,560.620708046481,0.0,4817.29248046875,7064.0,221.90209898992907
6198,0.7986921072006226,1051.9090256094933,0.0,4817.29248046875,7064.0,221.9359381319955
6199,0.922411322593689,1003.613536098972,0.0,4817.29248046875,7064.0,221.96977676695678
6200,1.307408332824707,961.5331420376897,0.0,4817.29248046875,7064.0,222.00361419690307
6201,0.8002130389213562,569.1208130791783,0.0,4817.29248046875,7064.0,222.03758034296334
6202,1.2852879762649536,917.0601581484079,0.0,4817.29248046875,7064.0,222.0715157779632
6203,0.5684582591056824,430.4603722663596,0.0,4817.29248046875,7064.0,222.1054583049845
6204,1.1016600131988525,873.3269805796444,0.0,4817.29248046875,7064.0,222.13937672693282
6205,0.7255647778511047,809.5553207341582,0.0,4817.29248046875,7064.0,222.1732053179294
6206,0.880198061466217,640.4873095564544,0.0,4817.29248046875,7064.0,222.20712989394087
6207,1.02182137966156,610.210991166532,0.0,4817.29248046875,7064.0,222.24101508990861
6208,0.7120424509048462,493.33752956055105,0.0,4817.29248046875,7064.0,222.274927050923
6209,1.0448914766311646,848.3400063421577,0.0,4817.29248046875,7064.0,222.30878610897344
6210,0.6999651789665222,645.9992646314204,0.0,4817.29248046875,7064.0,222.34267097699922
6211,0.522606611251831,480.3884136187844,0.0,4817.29248046875,7064.0,222.37670275499113
6212,0.9741750955581665,571.1266154106706,0.0,4817.29248046875,7064.0,222.41055139992386
6213,1.0224679708480835,795.4586075432599,0.0,4817.29248046875,7064.0,222.44445667997934
6214,1.1234564781188965,1549.6116055902094,0.0,4817.29248046875,7064.0,222.47818979190197
6215,1.0088475942611694,880.3100638044998,0.0,4817.29248046875,7064.0,222.51217829191592
6216,1.1546084880828857,872.6145439855754,0.0,4817.29248046875,7064.0,222.54606943693943
6217,1.0077440738677979,886.66311461851,0.0,4817.29248046875,7064.0,222.58002800494432
6218,1.189551591873169,977.7526256628335,0.0,4817.29248046875,7064.0,222.6142038149992
6219,1.0477683544158936,878.9786766562611,0.0,4817.29248046875,7064.0,222.64803619496524
6220,0.9412410855293274,614.1418000850827,0.0,4817.29248046875,7064.0,222.68199112894945
6221,0.6452900171279907,532.8779949229211,0.0,4817.29248046875,7064.0,222.71591520193033
6222,1.020763874053955,763.2520180270076,0.0,4817.29248046875,7064.0,222.7498494569445
6223,0.9562541246414185,964.3841335810721,0.0,4817.29248046875,7064.0,222.78374960494693
6224,1.337042212486267,1222.6117893382907,0.0,4817.29248046875,7064.0,222.81760259589646
6225,0.7840025424957275,953.1015389934182,0.0,4817.29248046875,7064.0,222.85163247596938
6226,0.6952120065689087,501.04353452660143,0.0,4817.29248046875,7064.0,222.885602789931
6227,1.290751338005066,809.0240325909108,0.0,4817.29248046875,7064.0,222.91954019793775
6228,0.8589457869529724,1144.3971551116556,0.0,4817.29248046875,7064.0,222.95350711792707
6229,1.2722282409667969,1198.544631075114,0.0,4817.29248046875,7064.0,222.98765421193093
6230,1.319883942604065,1060.6094705872238,0.0,4817.29248046875,7064.0,223.02159993490204
6231,0.9937131404876709,711.7269494384527,0.0,4817.29248046875,7064.0,223.05552717193495
6232,1.0619620084762573,654.9628564193845,0.0,4817.29248046875,7064.0,223.08939206891228
6233,1.0674824714660645,1177.0403846744448,0.0,4817.29248046875,7064.0,223.12345519999508
6234,0.8058621287345886,786.9946071431041,0.0,4817.29248046875,7064.0,223.15740415698383
6235,0.7673476338386536,610.4395891949534,0.0,4817.29248046875,7064.0,223.19131335092243
6236,0.8958092331886292,863.1419202778488,0.0,4817.29248046875,7064.0,223.22519427491352
6237,1.0606412887573242,908.8402186110616,0.0,4817.29248046875,7064.0,223.2590649749618
6238,1.4279820919036865,836.4386362237856,0.0,4817.29248046875,7064.0,223.29322424193379
6239,1.0546972751617432,700.7828825339675,0.0,4817.29248046875,7064.0,223.32719209499191
6240,0.8862191438674927,554.164403276518,0.0,4817.29248046875,7064.0,223.36109198490158
6241,0.5036640167236328,340.30001369677484,0.0,4817.29248046875,7064.0,223.39502360392362
6242,0.8418029546737671,623.9872344788164,0.0,4817.29248046875,7064.0,223.4289772339398
6243,0.8099752068519592,769.5835385210812,0.0,4817.29248046875,7064.0,223.46295720990747
6244,0.7655691504478455,531.9840079611167,0.0,4817.29248046875,7064.0,223.49683270591777
6245,0.7171459794044495,468.34300854057074,0.0,4817.29248046875,7064.0,223.53080684388988
6246,0.7526341080665588,524.2008071667515,0.0,4817.29248046875,7064.0,223.56488858896773
6247,0.7315903306007385,854.7919124420732,0.0,4817.29248046875,7064.0,223.59875262493733
6248,1.3662567138671875,1023.5080400370061,0.0,4817.29248046875,7064.0,223.63263141096104
6249,1.2122987508773804,1147.407904382795,0.0,4817.29248046875,7064.0,223.66656906390563
6250,1.185584545135498,768.5260959528387,0.0,4817.29248046875,7064.0,223.70068194693886
6251,0.7268404364585876,781.1758339703083,0.0,4817.29248046875,7064.0,223.73456640390214
6252,1.0329667329788208,747.5784683786333,0.0,4817.29248046875,7064.0,223.76850162399933
6253,0.8798530697822571,775.1779895424843,0.0,4817.29248046875,7064.0,223.80236057098955
6254,0.7704906463623047,608.0903657115996,0.0,4817.29248046875,7064.0,223.83633814193308
6255,1.1115437746047974,791.8220598138869,0.0,4817.29248046875,7064.0,223.87047844892368
6256,0.8906991481781006,677.0578070562333,0.0,4817.29248046875,7064.0,223.9042857378954
6257,0.83845055103302,664.0036116782576,0.0,4817.29248046875,7064.0,223.93817648291588
6258,0.6624959707260132,628.0932561960071,0.0,4817.29248046875,7064.0,223.97208083898295
6259,1.0582077503204346,783.4140942860395,0.0,4817.29248046875,7064.0,224.00604759389535
6260,0.8230816721916199,668.5541311129928,0.0,4817.29248046875,7064.0,224.03999957395718
6261,0.8424031138420105,617.2451968993992,0.0,4817.29248046875,7064.0,224.0739428109955
6262,1.271763801574707,812.5171815939248,0.0,4817.29248046875,7064.0,224.10787289391737
6263,0.8351429104804993,463.54865124542266,0.0,4817.29248046875,7064.0,224.14178424794227
6264,0.5694858431816101,409.685574141331,0.0,4817.29248046875,7064.0,224.17582740692887
6265,0.9298462271690369,874.0266198404133,0.0,4817.29248046875,7064.0,224.20969161496032
6266,0.8402553200721741,575.8012316972017,0.0,4817.29248046875,7064.0,224.24362631689291
6267,0.6856158971786499,636.1579503733665,0.0,4817.29248046875,7064.0,224.27750902692787
6268,1.5783984661102295,978.2207647077739,0.0,4817.29248046875,7064.0,224.31149325694423
6269,0.9052262306213379,662.9765896685421,0.0,4817.29248046875,7064.0,224.34545588190667
6270,0.9697555303573608,735.659040607512,0.0,4817.29248046875,7064.0,224.3793528699316
6271,0.8366186618804932,664.0318174567074,0.0,4817.29248046875,7064.0,224.41325877897907
6272,0.9046931862831116,809.3182703834027,0.0,4817.29248046875,7064.0,224.44719874300063
6273,1.0549794435501099,758.0308190919459,0.0,4817.29248046875,7064.0,224.4811312619131
6274,0.9988448619842529,1011.6514568477869,0.0,4817.29248046875,7064.0,224.51506045390852
6275,0.735852062702179,638.8735915794969,0.0,4817.29248046875,7064.0,224.5488356529968
6276,0.8997976183891296,503.4425071589649,0.0,4817.29248046875,7064.0,224.58272140996996
6277,0.6952552199363708,789.7554720714688,0.0,4817.29248046875,7064.0,224.61664386990014
6278,0.8875864148139954,657.9158550724387,0.0,4817.29248046875,7064.0,224.65048674389254
6279,1.2902129888534546,1367.7959729023278,0.0,4817.29248046875,7064.0,224.6843860509107
6280,1.1474744081497192,794.0756155401468,0.0,4817.29248046875,7064.0,224.71833353792317
6281,0.6198992133140564,530.7727092951536,0.0,4817.29248046875,7064.0,224.75225799588952
6282,0.6536248922348022,497.6573504684493,0.0,4817.29248046875,7064.0,224.78632083698176
6283,1.054084300994873,851.5818289890885,0.0,4817.29248046875,7064.0,224.8201527929632
6284,1.1724740266799927,913.7238194011152,0.0,4817.29248046875,7064.0,224.85416784591507
6285,1.0238686800003052,1008.2075670342892,0.0,4817.29248046875,7064.0,224.88813672598917
6286,1.2685039043426514,592.7232418879867,0.0,4817.29248046875,7064.0,224.92218592297286
6287,0.7006140947341919,445.73093866184354,0.0,4817.29248046875,7064.0,224.95612774195615
6288,0.7439077496528625,681.6301205288619,0.0,4817.29248046875,7064.0,224.9899723449489
6289,0.9584187865257263,621.561386205256,0.0,4817.29248046875,7064.0,225.02390710799955
6290,1.1665211915969849,953.5308878831565,0.0,4817.29248046875,7064.0,225.05774148390628
6291,0.6991432309150696,491.2067834995687,0.0,4817.29248046875,7064.0,225.09173706988804
6292,0.9393996596336365,673.956382907927,0.0,4817.29248046875,7064.0,225.12567409093026
6293,1.035845398902893,947.9635154753923,0.0,4817.29248046875,7064.0,225.1595014479244
6294,0.8407953977584839,753.4599908590317,0.0,4817.29248046875,7064.0,225.19341504597105
6295,1.2137433290481567,1013.8993090800941,0.0,4817.29248046875,7064.0,225.22733790497296
6296,0.832750678062439,756.8094349950552,0.0,4817.29248046875,7064.0,225.26132741000038
6297,1.1368972063064575,739.0438958667219,0.0,4817.29248046875,7064.0,225.29525699291844
6298,0.8066180944442749,547.2690709736198,0.0,4817.29248046875,7064.0,225.32927548489533
6299,0.9377345442771912,765.9024432357401,0.0,4817.29248046875,7064.0,225.36329107591882
6300,0.9575899839401245,776.3224986046553,0.0,4817.29248046875,7064.0,225.39725697296672
6301,1.2020769119262695,810.2481492944062,0.0,4817.29248046875,7064.0,225.43118179298472
6302,0.9850161671638489,471.6126934001222,0.0,4817.29248046875,7064.0,225.46505165693816
6303,0.5545864701271057,505.55097207892686,0.0,4817.29248046875,7064.0,225.49898173392285
6304,0.8530783653259277,930.4051495194435,0.0,4817.29248046875,7064.0,225.53285773692187
6305,0.8836016654968262,579.3215441722423,0.0,4817.29248046875,7064.0,225.56669198698364
6306,0.9804812073707581,934.4879265241325,0.0,4817.29248046875,7064.0,225.60078351700213
6307,0.866283118724823,526.0940215010196,0.0,4817.29248046875,7064.0,225.63461049390025
6308,0.9458426237106323,550.9241612385958,0.0,4817.29248046875,7064.0,225.6685115689179
6309,0.744386613368988,573.440172534436,0.0,4817.29248046875,7064.0,225.70239826990291
6310,0.7249228358268738,578.1648482717574,0.0,4817.29248046875,7064.0,225.7362802179996
6311,0.9782583117485046,630.6948993075639,0.0,4817.29248046875,7064.0,225.7701613769168
6312,0.7703624367713928,448.4417911488563,0.0,4817.29248046875,7064.0,225.80411864991765
6313,0.9153093695640564,512.5650749690831,0.0,4817.29248046875,7064.0,225.83817645499948
6314,0.8040977716445923,529.1171232163906,0.0,4817.29248046875,7064.0,225.8721652419772
6315,0.9156584143638611,1082.1666095536202,0.0,4817.29248046875,7064.0,225.90610867994837
6316,0.5693089365959167,358.0798090323806,0.0,4817.29248046875,7064.0,225.94008119194768
6317,0.8203291296958923,491.62759045884013,0.0,4817.29248046875,7064.0,225.9739943499444
6318,0.9734510779380798,487.9413756337017,0.0,4817.29248046875,7064.0,226.00800423091277
6319,0.7755755186080933,891.76182667166,0.0,4817.29248046875,7064.0,226.04183123190887
6320,0.6184661984443665,396.59946037083864,0.0,4817.29248046875,7064.0,226.07569586799946
6321,0.828584611415863,527.2271742597222,0.0,4817.29248046875,7064.0,226.1094979479676
6322,0.725580632686615,602.6702268105,0.0,4817.29248046875,7064.0,226.14344059396535
6323,1.046579360961914,805.2253007888794,0.0,4817.29248046875,7064.0,226.17725375690497
6324,1.0204237699508667,475.5810187738389,0.0,4817.29248046875,7064.0,226.21116311394144
6325,1.1190303564071655,1291.2616094816476,0.0,4817.29248046875,7064.0,226.2451037899591
6326,1.0499145984649658,648.8847805820405,0.0,4817.29248046875,7064.0,226.27895588998217
6327,1.2328416109085083,663.4853646736592,0.0,4817.29248046875,7064.0,226.31293611193541
6328,0.8410027027130127,511.30363608151674,0.0,4817.29248046875,7064.0,226.3469090278959
6329,0.8897293210029602,638.5887292250991,0.0,4817.29248046875,7064.0,226.38092889392283
6330,0.5380807518959045,487.3696669898927,0.0,4817.29248046875,7064.0,226.4147551099304
6331,0.9117266535758972,756.1547171827406,0.0,4817.29248046875,7064.0,226.44854037289042
6332,0.8723791837692261,593.6200956404209,0.0,4817.29248046875,7064.0,226.48235982190818
6333,0.7102658152580261,401.23770069144666,0.0,4817.29248046875,7064.0,226.51626352290623
6334,0.9988937377929688,1158.9233600758016,0.0,4817.29248046875,7064.0,226.5502334299963
6335,0.8878566026687622,989.5142820365727,0.0,4817.29248046875,7064.0,226.58416954497807
6336,1.280739188194275,780.7412871569395,0.0,4817.29248046875,7064.0,226.61831001599785
6337,1.092872142791748,666.4642028454691,0.0,4817.29248046875,7064.0,226.6521960159298
6338,0.7965304851531982,507.57597468048334,0.0,4817.29248046875,7064.0,226.68613078794442
6339,0.873020350933075,685.5472302567214,0.0,4817.29248046875,7064.0,226.71993910497986
6340,0.8623661994934082,643.0417448692024,0.0,4817.29248046875,7064.0,226.75382011092734
6341,0.9154217839241028,707.0105446763337,0.0,4817.29248046875,7064.0,226.78776284388732
6342,1.1282062530517578,635.97022148408,0.0,4817.29248046875,7064.0,226.82171906589065
6343,0.8382445573806763,652.7888179495931,0.0,4817.29248046875,7064.0,226.8556402559625
6344,0.9474078416824341,592.4272440262139,0.0,4817.29248046875,7064.0,226.8896439699456
6345,1.0707216262817383,723.7969510257244,0.0,4817.29248046875,7064.0,226.92362102190964
6346,0.945235013961792,963.4019531216472,0.0,4817.29248046875,7064.0,226.9577246059198
6347,0.7426000237464905,838.8725641071796,0.0,4817.29248046875,7064.0,226.99165022489615
6348,1.0643731355667114,877.3813681192696,0.0,4817.29248046875,7064.0,227.02563239994925
6349,0.8040786385536194,769.4878861662,0.0,4817.29248046875,7064.0,227.05952938389964
6350,1.0910751819610596,795.1805074252188,0.0,4817.29248046875,7064.0,227.0933262089966
6351,0.9749757647514343,529.7809300646186,0.0,4817.29248046875,7064.0,227.12726598593872
6352,0.7919338345527649,736.7228980194777,0.0,4817.29248046875,7064.0,227.1612209189916
6353,0.9037789106369019,616.9800669383258,0.0,4817.29248046875,7064.0,227.19506948895287
6354,0.9665325284004211,818.6691148392856,0.0,4817.29248046875,7064.0,227.22891853190958
6355,1.2039549350738525,1032.4888137951493,0.0,4817.29248046875,7064.0,227.26280585699715
6356,0.7212359309196472,893.9092539604753,0.0,4817.29248046875,7064.0,227.29665802197997
6357,0.8631265759468079,681.2273487206548,0.0,4817.29248046875,7064.0,227.33056938892696
6358,1.184332251548767,879.0550679638982,0.0,4817.29248046875,7064.0,227.3645956889959
6359,1.1659783124923706,793.09991575405,0.0,4817.29248046875,7064.0,227.39853113191202
6360,0.8494229912757874,582.7430942161009,0.0,4817.29248046875,7064.0,227.43269452196546
6361,1.013655185699463,861.7416637288406,0.0,4817.29248046875,7064.0,227.46662840689532
6362,0.6065140962600708,543.2739989217371,0.0,4817.29248046875,7064.0,227.50059059099294
6363,0.7733600735664368,636.4417988788337,0.0,4817.29248046875,7064.0,227.53457329794765
6364,0.8853780031204224,730.2838104944676,0.0,4817.29248046875,7064.0,227.56848584895488
6365,0.7028259634971619,567.1798662301153,0.0,4817.29248046875,7064.0,227.602384269936
6366,0.8799445033073425,723.1604416891932,0.0,4817.29248046875,7064.0,227.6362885859562
6367,0.8573046922683716,664.032685181126,0.0,4817.29248046875,7064.0,227.67021520191338
6368,1.023887276649475,865.8121090307832,0.0,4817.29248046875,7064.0,227.70399732899386
6369,1.4852944612503052,941.4813400972635,0.0,4817.29248046875,7064.0,227.73819851293229
6370,0.8400025963783264,768.2656996883452,0.0,4817.29248046875,7064.0,227.77191634394694
6371,0.7754406929016113,504.2686461880803,0.0,4817.29248046875,7064.0,227.8057442549616
6372,0.6898919343948364,567.1178625319153,0.0,4817.29248046875,7064.0,227.83970178395975
6373,0.6731597185134888,603.9391824156046,0.0,4817.29248046875,7064.0,227.87372906890232
6374,1.0825049877166748,770.1210594289005,0.0,4817.29248046875,7064.0,227.9076297429856
6375,0.717907726764679,476.1395444031805,0.0,4817.29248046875,7064.0,227.9415152729489
6376,0.762371301651001,907.8865084648132,0.0,4817.29248046875,7064.0,227.97542909299955
6377,1.3662607669830322,1342.465457227081,0.0,4817.29248046875,7064.0,228.00927548890468
6378,0.9876571297645569,692.094979127869,0.0,4817.29248046875,7064.0,228.0432251188904
6379,1.2298916578292847,749.5971031654626,0.0,4817.29248046875,7064.0,228.0773384149652
6380,0.547481119632721,581.5369381271303,0.0,4817.29248046875,7064.0,228.11118757189251
6381,0.539119303226471,350.11219098232687,0.0,4817.29248046875,7064.0,228.1451420369558
6382,0.9703853130340576,684.3490916211158,0.0,4817.29248046875,7064.0,228.17908463196363
6383,1.0724000930786133,730.0479529574513,0.0,4817.29248046875,7064.0,228.21292816498317
6384,1.4967646598815918,702.8548359200358,0.0,4817.29248046875,7064.0,228.2468809519196
6385,0.8727681040763855,656.7691154051572,0.0,4817.29248046875,7064.0,228.2808225658955
6386,0.9779673218727112,725.635484687984,0.0,4817.29248046875,7064.0,228.3146845579613
6387,1.1066882610321045,796.0323935486376,0.0,4817.29248046875,7064.0,228.34863254299853
6388,1.082641363143921,765.664204057306,0.0,4817.29248046875,7064.0,228.3825982719427
6389,0.9933726787567139,945.667244143784,0.0,4817.29248046875,7064.0,228.4165363869397
6390,0.8972440361976624,727.1958682984114,0.0,4817.29248046875,7064.0,228.45048029592726
6391,0.8862033486366272,569.5552242156118,0.0,4817.29248046875,7064.0,228.48447932698764
6392,0.7640777230262756,553.7839268501848,0.0,4817.29248046875,7064.0,228.51828195899725
6393,0.7673494815826416,634.9893693905324,0.0,4817.29248046875,7064.0,228.55214145197533
6394,0.92872554063797,763.3347953520715,0.0,4817.29248046875,7064.0,228.58607461093925
6395,0.9339529275894165,1078.8780423291028,0.0,4817.29248046875,7064.0,228.61989180499222
6396,0.9158186316490173,617.6401196047664,0.0,4817.29248046875,7064.0,228.65383341698907
6397,0.9969894886016846,810.1446046195924,0.0,4817.29248046875,7064.0,228.68767989089247
6398,0.876655101776123,669.1380726303905,0.0,4817.29248046875,7064.0,228.72157505399082
6399,0.6026524305343628,693.0319992620498,0.0,4817.29248046875,7064.0,228.75554191193078
6400,0.5928748846054077,512.2963002501056,0.0,4817.29248046875,7064.0,228.7893227029126
6401,0.8720631003379822,657.7634233869612,0.0,4817.29248046875,7064.0,228.82330960698891
6402,0.6980931758880615,534.8471507504582,0.0,4817.29248046875,7064.0,228.85726973298006
6403,0.8629209399223328,775.8531712070107,0.0,4817.29248046875,7064.0,228.89125686697662
6404,1.0778448581695557,915.3964964710176,0.0,4817.29248046875,7064.0,228.9250965899555
6405,0.7992285490036011,637.7467399314046,0.0,4817.29248046875,7064.0,228.95900196488947
6406,0.8364179134368896,724.9348146989942,0.0,4817.29248046875,7064.0,228.99282304290682
6407,0.8967437744140625,557.5908926781267,0.0,4817.29248046875,7064.0,229.0267640108941
6408,0.8297719359397888,667.916945412755,0.0,4817.29248046875,7064.0,229.0606672569411
6409,0.725351870059967,628.641708008945,0.0,4817.29248046875,7064.0,229.0945998679381
6410,0.6705747246742249,451.700512252748,0.0,4817.29248046875,7064.0,229.12848034698982
6411,0.6185753345489502,443.18969258572906,0.0,4817.29248046875,7064.0,229.16235927399248
6412,1.2094357013702393,1258.2026001140475,0.0,4817.29248046875,7064.0,229.1961419149302
6413,1.0349639654159546,705.4291635900736,0.0,4817.29248046875,7064.0,229.22992597799748
6414,1.1247318983078003,1066.773983065039,0.0,4817.29248046875,7064.0,229.26384264894295
6415,0.7587661743164062,867.9605059381574,0.0,4817.29248046875,7064.0,229.2977623149054
6416,0.6390750408172607,538.5662047863007,0.0,4817.29248046875,7064.0,229.3315677579958
6417,0.9083417057991028,871.8276421166956,0.0,4817.29248046875,7064.0,229.36568676994648
6418,0.6893886923789978,922.6527991052717,0.0,4817.29248046875,7064.0,229.39963134890422
6419,1.0015541315078735,872.0857827588916,0.0,4817.29248046875,7064.0,229.4334739089245
6420,0.8318557143211365,784.1939671747386,0.0,4817.29248046875,7064.0,229.46739500493277
6421,0.6418257355690002,552.0332233998924,0.0,4817.29248046875,7064.0,229.50130572298076
6422,1.0038542747497559,919.8755488004535,0.0,4817.29248046875,7064.0,229.5352400369011
6423,0.6696448922157288,378.6127825342119,0.0,4817.29248046875,7064.0,229.56911546492483
6424,1.1376731395721436,634.5704225543886,0.0,4817.29248046875,7064.0,229.60305700090248
6425,0.7789268493652344,424.1165317296982,0.0,4817.29248046875,7064.0,229.63704193290323
6426,0.9918223023414612,672.1770230904222,0.0,4817.29248046875,7064.0,229.67089529393706
6427,1.1074742078781128,1116.7567176446319,0.0,4817.29248046875,7064.0,229.70479758898728
6428,0.6885287761688232,515.8243824485689,0.0,4817.29248046875,7064.0,229.73875104798935
6429,0.5843288898468018,463.0429821778089,0.0,4817.29248046875,7064.0,229.77260856691282
6430,1.0411533117294312,778.6743082143366,0.0,4817.29248046875,7064.0,229.8064005379565
6431,0.6903077960014343,497.19143153727055,0.0,4817.29248046875,7064.0,229.84030930895824
6432,0.7574197053909302,804.8584728464484,0.0,4817.29248046875,7064.0,229.8742449459387
6433,0.8470256328582764,685.5557210147381,0.0,4817.29248046875,7064.0,229.9081970039988
6434,0.8687543272972107,745.3514538370073,0.0,4817.29248046875,7064.0,229.94204343494494
6435,0.7493385076522827,794.5777167119086,0.0,4817.29248046875,7064.0,229.9759179429384
6436,0.5980603694915771,572.6528205536306,0.0,4817.29248046875,7064.0,230.0098408429185
6437,0.9889163374900818,914.8424367178231,0.0,4817.29248046875,7064.0,230.04376282298472
6438,0.7585357427597046,548.2675054334104,0.0,4817.29248046875,7064.0,230.07764521997888
6439,1.0931792259216309,820.2686634454876,0.0,4817.29248046875,7064.0,230.11157151695807
6440,0.8180450797080994,890.7643725760281,0.0,4817.29248046875,7064.0,230.1454129619524
6441,0.8972941637039185,592.7530128601938,0.0,4817.29248046875,7064.0,230.17947159998585
6442,1.0106767416000366,511.54710091184825,0.0,4817.29248046875,7064.0,230.21369172190316
6443,0.5838306546211243,594.9039868470281,0.0,4817.29248046875,7064.0,230.24755570699926
6444,0.6349624991416931,454.3774333447218,0.0,4817.29248046875,7064.0,230.28135177399963
6445,0.8559533953666687,644.6726602949202,0.0,4817.29248046875,7064.0,230.31529894890264
6446,0.6507806777954102,463.2640458587557,0.0,4817.29248046875,7064.0,230.34925771097187
6447,0.8657557964324951,991.0325364563614,0.0,4817.29248046875,7064.0,230.3831496089697
6448,1.1049259901046753,711.5579945519567,0.0,4817.29248046875,7064.0,230.41702567099128
6449,0.7891364097595215,747.6892794463784,0.0,4817.29248046875,7064.0,230.45096480695065
6450,0.777666449546814,484.82241552881896,0.0,4817.29248046875,7064.0,230.48492217995226
6451,1.3052929639816284,1032.2751133218408,0.0,4817.29248046875,7064.0,230.51884374197107
6452,0.8823839426040649,669.2033294793218,0.0,4817.29248046875,7064.0,230.5527842239244
6453,1.0202372074127197,780.7643639035523,0.0,4817.29248046875,7064.0,230.58672436093912
6454,0.6077192425727844,444.0191723983735,0.0,4817.29248046875,7064.0,230.62055360490922
6455,0.739655613899231,805.037312079221,0.0,4817.29248046875,7064.0,230.6543584848987
6456,0.5857069492340088,517.859389253892,0.0,4817.29248046875,7064.0,230.68826513597742
6457,0.6056088209152222,496.4469699561596,0.0,4817.29248046875,7064.0,230.722201130935
6458,0.6789624094963074,583.0147151555866,0.0,4817.29248046875,7064.0,230.75622736499645
6459,0.8006340861320496,636.593331348151,0.0,4817.29248046875,7064.0,230.79021215694956
6460,0.6352934837341309,467.9660479594022,0.0,4817.29248046875,7064.0,230.82414957799483
6461,0.8721214532852173,834.9661285988986,0.0,4817.29248046875,7064.0,230.8582359548891
6462,0.6357955932617188,452.6874836580828,0.0,4817.29248046875,7064.0,230.89217418595217
6463,0.5014378428459167,327.8524144459516,0.0,4817.29248046875,7064.0,230.92612981190905
6464,0.8261392712593079,604.7520120870322,0.0,4817.29248046875,7064.0,230.9600213658996
6465,1.0711848735809326,974.5442000292242,0.0,4817.29248046875,7064.0,230.99393025890458
6466,0.7256752848625183,527.3756134472787,0.0,4817.29248046875,7064.0,231.02797595597804
6467,0.7623472809791565,797.7546433657408,0.0,4817.29248046875,7064.0,231.06182744598482
6468,0.869444727897644,779.47110016644,0.0,4817.29248046875,7064.0,231.0956318329554
6469,0.6487779021263123,552.737368516624,0.0,4817.29248046875,7064.0,231.1293906419305
6470,1.0623091459274292,781.8454348258674,0.0,4817.29248046875,7064.0,231.16326044790912
6471,0.6260088682174683,432.1664565866813,0.0,4817.29248046875,7064.0,231.19718411390204
6472,1.0184577703475952,858.5086176507175,0.0,4817.29248046875,7064.0,231.2311430259142
6473,1.0492806434631348,752.9611403420568,0.0,4817.29248046875,7064.0,231.2649537329562
6474,0.7522304058074951,1108.2487234435976,0.0,4817.29248046875,7064.0,231.29886261292268
6475,0.7899420261383057,786.2732366640121,0.0,4817.29248046875,7064.0,231.33271771192085
6476,0.7956662178039551,715.5496675167233,0.0,4817.29248046875,7064.0,231.3666675610002
6477,0.745766818523407,640.7933661835268,0.0,4817.29248046875,7064.0,231.40065941994544
6478,0.9853442311286926,614.8187454082072,0.0,4817.29248046875,7064.0,231.4345904039219
6479,0.9856442809104919,780.1023174114525,0.0,4817.29248046875,7064.0,231.46850015991367
6480,0.9173918962478638,663.134204108268,0.0,4817.29248046875,7064.0,231.50234355789144
6481,1.2084871530532837,1078.2629575803876,0.0,4817.29248046875,7064.0,231.5363189879572
6482,0.7151287794113159,511.44217002391815,0.0,4817.29248046875,7064.0,231.57034868793562
6483,0.9018256068229675,812.0829610601068,0.0,4817.29248046875,7064.0,231.60427900298964
6484,0.9462819695472717,611.0221036970615,0.0,4817.29248046875,7064.0,231.63829128199723
6485,0.6544316411018372,567.3081502784044,0.0,4817.29248046875,7064.0,231.67236947698984
6486,0.6902818083763123,780.7994086239487,0.0,4817.29248046875,7064.0,231.70648825890385
6487,0.7985051870346069,537.39988803491,0.0,4817.29248046875,7064.0,231.74039521696977
6488,0.7905405163764954,617.2290254458785,0.0,4817.29248046875,7064.0,231.77425451693125
6489,0.8673644065856934,791.2101106066257,0.0,4817.29248046875,7064.0,231.80819859798066
6490,0.8328067064285278,602.9515415988863,0.0,4817.29248046875,7064.0,231.84200721990783
6491,0.6893166303634644,489.24446610640734,0.0,4817.29248046875,7064.0,231.8757967329584
6492,0.8149300217628479,430.58185699768364,0.0,4817.29248046875,7064.0,231.90971663594246
6493,0.5930284261703491,672.5041838027537,0.0,4817.29248046875,7064.0,231.94354500097688
6494,0.6399585008621216,520.0780650284141,0.0,4817.29248046875,7064.0,231.97750663699117
6495,1.2871116399765015,1135.1770876795053,0.0,4817.29248046875,7064.0,232.01145118498243
6496,0.599087655544281,338.5029351916164,0.0,4817.29248046875,7064.0,232.04536317789461
6497,1.281530499458313,704.8954389803112,0.0,4817.29248046875,7064.0,232.07927109696902
6498,0.7925488352775574,599.7489955499768,0.0,4817.29248046875,7064.0,232.11316969699692
6499,0.8891478776931763,725.5312600471079,0.0,4817.29248046875,7064.0,232.14709110499825
6500,0.8031504154205322,727.5313132386655,0.0,4817.29248046875,7064.0,232.18118653795682
6501,0.8140491247177124,534.3642935920507,0.0,4817.29248046875,7064.0,232.21499445894733
6502,0.6232598423957825,492.588951732032,0.0,4817.29248046875,7064.0,232.2488130129641
6503,0.6609692573547363,430.7356536258012,0.0,4817.29248046875,7064.0,232.2827464559814
6504,0.8298285007476807,584.7492184480652,0.0,4817.29248046875,7064.0,232.31676873890683
6505,0.8523191809654236,733.5506512187421,0.0,4817.29248046875,7064.0,232.35073426296003
6506,1.1440913677215576,585.4589063636959,0.0,4817.29248046875,7064.0,232.38496933493298
6507,1.0082367658615112,546.3571098539978,0.0,4817.29248046875,7064.0,232.41918661794625
6508,0.7350249886512756,641.2666171975434,0.0,4817.29248046875,7064.0,232.45304753794335
6509,1.256626844406128,868.3271504752338,0.0,4817.29248046875,7064.0,232.48696812591515
6510,0.832901120185852,824.448295334354,0.0,4817.29248046875,7064.0,232.52084205998108
6511,1.0393677949905396,1003.7771285399795,0.0,4817.29248046875,7064.0,232.55469925992656
6512,0.6443170309066772,497.0716867800802,0.0,4817.29248046875,7064.0,232.58870940492488
6513,1.3221631050109863,1524.964442268014,0.0,4817.29248046875,7064.0,232.62271479598712
6514,0.7018092274665833,597.6003519631922,0.0,4817.29248046875,7064.0,232.65654557291418
6515,0.6971377730369568,585.5138805694878,0.0,4817.29248046875,7064.0,232.69048088090494
6516,0.5622311234474182,404.72816688008606,0.0,4817.29248046875,7064.0,232.72436685289722
6517,0.859056830406189,1051.4228478185833,0.0,4817.29248046875,7064.0,232.75832244497724
6518,0.9031518697738647,1074.4567838720977,0.0,4817.29248046875,7064.0,232.79222600895446
6519,0.7299598455429077,746.1865797266364,0.0,4817.29248046875,7064.0,232.82619660790078
6520,0.5673787593841553,518.7531106825918,0.0,4817.29248046875,7064.0,232.85999698692467
6521,1.1686582565307617,1052.980770662427,0.0,4817.29248046875,7064.0,232.8942846879363
6522,1.0828206539154053,841.9141652733088,0.0,4817.29248046875,7064.0,232.92825020698365
6523,1.0675115585327148,1210.4156954362988,0.0,4817.29248046875,7064.0,232.9620314189233
6524,0.9874642491340637,722.5732884630561,0.0,4817.29248046875,7064.0,232.99590941693168
6525,0.914216160774231,984.7250003777444,0.0,4817.29248046875,7064.0,233.02968128200155
6526,1.0667328834533691,698.3937711045146,0.0,4817.29248046875,7064.0,233.06388181389775
6527,0.9956939220428467,1094.71891903691,0.0,4817.29248046875,7064.0,233.09759727295022
6528,1.0656819343566895,859.0896668881178,0.0,4817.29248046875,7064.0,233.13156336697284
6529,0.8796020150184631,871.75403014943,0.0,4817.29248046875,7064.0,233.16542126389686
6530,1.1303647756576538,1040.082292623818,0.0,4817.29248046875,7064.0,233.19922988093458
6531,1.1125149726867676,931.7846885845065,0.0,4817.29248046875,7064.0,233.23307981190737
6532,1.1458041667938232,676.8110569827259,0.0,4817.29248046875,7064.0,233.26691257790662
6533,1.252049446105957,928.9986524228007,0.0,4817.29248046875,7064.0,233.30103614891414
6534,0.8754673004150391,699.0532721318305,0.0,4817.29248046875,7064.0,233.33497837290633
6535,0.9280732274055481,615.5489788688719,0.0,4817.29248046875,7064.0,233.36890951695386
6536,0.9195703268051147,671.2207463607192,0.0,4817.29248046875,7064.0,233.40287227195222
6537,0.7253475785255432,473.10262930206954,0.0,4817.29248046875,7064.0,233.4368141029263
6538,1.0152231454849243,642.2205901788548,0.0,4817.29248046875,7064.0,233.47075420198962
6539,0.8669729828834534,654.8552481848747,0.0,4817.29248046875,7064.0,233.50452717591543
6540,0.8472816348075867,932.1732103452086,0.0,4817.29248046875,7064.0,233.53832196095027
6541,0.7122889161109924,527.9820858500898,0.0,4817.29248046875,7064.0,233.5722634209087
6542,0.8534156084060669,664.0059233754873,0.0,4817.29248046875,7064.0,233.6061186689185
6543,1.3825130462646484,835.2134735397995,0.0,4817.29248046875,7064.0,233.6400119899772
6544,1.0962858200073242,1050.2953477837145,0.0,4817.29248046875,7064.0,233.67378709593322
6545,0.567202091217041,679.9369134698063,0.0,4817.29248046875,7064.0,233.7075423449278
6546,0.5564271807670593,386.0211343150586,0.0,4817.29248046875,7064.0,233.74147378699854
6547,0.627571165561676,515.7127107679844,0.0,4817.29248046875,7064.0,233.7753737309249
6548,1.1648362874984741,1117.448975224048,0.0,4817.29248046875,7064.0,233.80920888192486
6549,0.9802991151809692,870.8430661186576,0.0,4817.29248046875,7064.0,233.84313959395513
6550,0.6991977095603943,749.9806496836245,0.0,4817.29248046875,7064.0,233.87702450493816
6551,0.6275480389595032,532.0007211798802,0.0,4817.29248046875,7064.0,233.910931267892
6552,1.047556757926941,623.5584330223501,0.0,4817.29248046875,7064.0,233.9449395010015
6553,1.0046364068984985,499.8257905561477,0.0,4817.29248046875,7064.0,233.97884228499606
6554,0.7639021873474121,626.6947807762772,0.0,4817.29248046875,7064.0,234.012751470902
6555,0.8504630923271179,976.6182644553483,0.0,4817.29248046875,7064.0,234.0465808159206
6556,0.6270312666893005,388.9731559101492,0.0,4817.29248046875,7064.0,234.08042261691298
6557,0.8677699565887451,659.1218476071954,0.0,4817.29248046875,7064.0,234.1144459709758
6558,0.5301565527915955,379.05898848734796,0.0,4817.29248046875,7064.0,234.1483367549954
6559,1.0665630102157593,1071.638544537127,0.0,4817.29248046875,7064.0,234.18224954791367
6560,0.9853901267051697,834.0607092529535,0.0,4817.29248046875,7064.0,234.21619383397046
6561,0.6253190040588379,342.1798300324008,0.0,4817.29248046875,7064.0,234.2499346259283
6562,0.7875473499298096,634.0641215741634,0.0,4817.29248046875,7064.0,234.28385496488772
6563,1.0077751874923706,838.0187344625592,0.0,4817.29248046875,7064.0,234.3177084409399
6564,0.9670441150665283,736.8623251691461,0.0,4817.29248046875,7064.0,234.35154673096258
6565,0.9641507267951965,718.2601033039391,0.0,4817.29248046875,7064.0,234.38552320795134
6566,0.6449717283248901,635.6880064196885,0.0,4817.29248046875,7064.0,234.41946131398436
6567,0.6273772120475769,550.079224254936,0.0,4817.29248046875,7064.0,234.45332819398027
6568,0.6870819330215454,741.6594180837274,0.0,4817.29248046875,7064.0,234.48714010696858
6569,0.94978928565979,627.3871236816049,0.0,4817.29248046875,7064.0,234.52096973289736
6570,0.8912930488586426,662.3884784393013,0.0,4817.29248046875,7064.0,234.5548898949055
6571,0.9350118041038513,866.5450534746051,0.0,4817.29248046875,7064.0,234.5887564868899
6572,0.6979432106018066,864.1431575901806,0.0,4817.29248046875,7064.0,234.62253079691436
6573,0.7328462600708008,458.63268261775374,0.0,4817.29248046875,7064.0,234.65644306188915
6574,0.9763140678405762,579.2815698981285,0.0,4817.29248046875,7064.0,234.69019939797
6575,0.8490671515464783,570.390045363456,0.0,4817.29248046875,7064.0,234.7241355839651
6576,1.1873843669891357,1278.0418839082122,0.0,4817.29248046875,7064.0,234.75797344499733
6577,0.6690842509269714,460.4518651496619,0.0,4817.29248046875,7064.0,234.79184299788903
6578,0.7095015048980713,527.2707183286548,0.0,4817.29248046875,7064.0,234.82570816099178
6579,0.6408723592758179,562.2314275205135,0.0,4817.29248046875,7064.0,234.85964598297141
6580,0.5693005323410034,484.98410573229194,0.0,4817.29248046875,7064.0,234.8935725929914
6581,0.7551534175872803,689.4391630580649,0.0,4817.29248046875,7064.0,234.92743634595536
6582,1.2809714078903198,833.9445536993444,0.0,4817.29248046875,7064.0,234.9613493179204
6583,0.6880056262016296,687.2001197971404,0.0,4817.29248046875,7064.0,234.9951962159248
6584,0.757178008556366,504.00666438788176,0.0,4817.29248046875,7064.0,235.0291240689112
6585,0.5687078237533569,413.060153035447,0.0,4817.29248046875,7064.0,235.06302258197684
6586,0.9503743648529053,909.5829100962728,0.0,4817.29248046875,7064.0,235.09696288290434
6587,0.9008413553237915,544.1630449015647,0.0,4817.29248046875,7064.0,235.13083303789608
6588,0.5355403423309326,296.3217197274789,0.0,4817.29248046875,7064.0,235.16467494389508
6589,0.8095175623893738,697.4482700228691,0.0,4817.29248046875,7064.0,235.19855236797594
6590,0.9802756309509277,852.4931813701987,0.0,4817.29248046875,7064.0,235.23238147899974
6591,0.8719318509101868,564.5567349176854,0.0,4817.29248046875,7064.0,235.26631429593544
6592,0.7623105645179749,796.4723623655736,0.0,4817.29248046875,7064.0,235.30028514191508
6593,0.8952468037605286,644.1768652573228,0.0,4817.29248046875,7064.0,235.3342530139489
6594,0.6032587885856628,689.9112315811217,0.0,4817.29248046875,7064.0,235.3682245479431
6595,0.9521411657333374,695.2411031872034,0.0,4817.29248046875,7064.0,235.40233629092108
6596,0.643887996673584,403.86818206496537,0.0,4817.29248046875,7064.0,235.43626430688892
6597,0.6924924850463867,332.45607241243124,0.0,4817.29248046875,7064.0,235.47022332798224
6598,0.9959253072738647,876.7244605496526,0.0,4817.29248046875,7064.0,235.50402882997878
6599,1.139951229095459,955.8621068149805,0.0,4817.29248046875,7064.0,235.5377916879952
6600,0.6528856754302979,516.3795203566551,0.0,4817.29248046875,7064.0,235.57166073890403
6601,0.8111495971679688,535.7835669275373,0.0,4817.29248046875,7064.0,235.60550514992792
6602,0.9240329265594482,858.3950334265828,0.0,4817.29248046875,7064.0,235.6397109759273
6603,0.6045606732368469,411.3532114047557,0.0,4817.29248046875,7064.0,235.67362043994945
6604,1.063923716545105,754.4242922626436,0.0,4817.29248046875,7064.0,235.7075141329551
6605,0.8938555121421814,839.7128502838314,0.0,4817.29248046875,7064.0,235.74146795796696
6606,1.0098284482955933,633.2211570963264,0.0,4817.29248046875,7064.0,235.7756294719875
6607,0.9895675182342529,818.4214860554785,0.0,4817.29248046875,7064.0,235.80950905091595
6608,0.6740971803665161,563.7324771750718,0.0,4817.29248046875,7064.0,235.84341268299613
6609,0.8601905703544617,882.6087375432253,0.0,4817.29248046875,7064.0,235.8773587869946
6610,0.7058286070823669,585.3829771373421,0.0,4817.29248046875,7064.0,235.9113038489595
6611,0.913153350353241,574.9896975951269,0.0,4817.29248046875,7064.0,235.94520583190024
6612,0.9282376766204834,788.4844099916518,0.0,4817.29248046875,7064.0,235.97912399296183
6613,0.837742269039154,770.8066755235195,0.0,4817.29248046875,7064.0,236.01301551889628
6614,0.6115396022796631,519.1914012972265,0.0,4817.29248046875,7064.0,236.04695354297291
6615,0.8083577752113342,711.7948821000755,0.0,4817.29248046875,7064.0,236.08073882688768
6616,0.5904284119606018,644.3342243768275,0.0,4817.29248046875,7064.0,236.11460584693123
6617,1.1592283248901367,908.3233653083444,0.0,4817.29248046875,7064.0,236.14842387894168
6618,1.0985866785049438,841.9498979896307,0.0,4817.29248046875,7064.0,236.18234150891658
6619,0.9559216499328613,909.4288655184209,0.0,4817.29248046875,7064.0,236.21619720989838
6620,0.770150363445282,760.5527650434524,0.0,4817.29248046875,7064.0,236.25034252298065
6621,0.95322185754776,806.7871092297137,0.0,4817.29248046875,7064.0,236.28444995591417
6622,1.0075634717941284,674.9238199852407,0.0,4817.29248046875,7064.0,236.31827459996566
6623,1.1213821172714233,956.0418319758028,0.0,4817.29248046875,7064.0,236.35223025490995
6624,1.098240852355957,816.1033198833466,0.0,4817.29248046875,7064.0,236.38631754391827
6625,0.9465409517288208,905.4345513135195,0.0,4817.29248046875,7064.0,236.42026505991817
6626,1.0390361547470093,745.8331413865089,0.0,4817.29248046875,7064.0,236.454258971964
6627,0.9311939477920532,711.0673994962126,0.0,4817.29248046875,7064.0,236.48813793098088
6628,0.845450758934021,599.3170958086848,0.0,4817.29248046875,7064.0,236.52204352093395
6629,0.5688989758491516,470.17582438420504,0.0,4817.29248046875,7064.0,236.55598947394174
6630,0.6622686386108398,865.2096068561077,0.0,4817.29248046875,7064.0,236.58972989593167
6631,0.740075409412384,738.3647516109049,0.0,4817.29248046875,7064.0,236.62369398691226
6632,0.7405075430870056,756.3167575448751,0.0,4817.29248046875,7064.0,236.6576197448885
6633,0.95805823802948,878.4828835241497,0.0,4817.29248046875,7064.0,236.69140001991764
6634,1.093549132347107,909.0735723525286,0.0,4817.29248046875,7064.0,236.7253183569992
6635,0.887982964515686,761.1236060615629,0.0,4817.29248046875,7064.0,236.75920576800127
6636,1.0161954164505005,878.5915178731084,0.0,4817.29248046875,7064.0,236.79299591400195
6637,0.6649178862571716,517.4746108986437,0.0,4817.29248046875,7064.0,236.8267808619421
6638,0.8031198382377625,736.1534603666514,0.0,4817.29248046875,7064.0,236.8607147448929
6639,0.6341966390609741,521.2622366445139,0.0,4817.29248046875,7064.0,236.894630251918
6640,0.7659481167793274,516.3130102716386,0.0,4817.29248046875,7064.0,236.92866302200127
6641,1.0841443538665771,546.7351619172841,0.0,4817.29248046875,7064.0,236.96260305994656
6642,0.7175074219703674,636.6015869174153,0.0,4817.29248046875,7064.0,236.99643514293712
6643,0.8562350869178772,730.3422510698438,0.0,4817.29248046875,7064.0,237.03028208692558
6644,0.9304116368293762,665.1683227140456,0.0,4817.29248046875,7064.0,237.06430171697866
6645,1.0011658668518066,1125.9144085384905,0.0,4817.29248046875,7064.0,237.09811739099678
6646,0.6290997266769409,591.9480594061315,0.0,4817.29248046875,7064.0,237.13204694993328
6647,0.7301254272460938,492.9409512486309,0.0,4817.29248046875,7064.0,237.16590543696657
6648,1.04762864112854,903.2398802936077,0.0,4817.29248046875,7064.0,237.19983214698732
6649,1.1019212007522583,670.5209569912404,0.0,4817.29248046875,7064.0,237.23371193092316
6650,1.0703214406967163,803.6331525295973,0.0,4817.29248046875,7064.0,237.2675920309266
6651,0.737214207649231,548.4385647457093,0.0,4817.29248046875,7064.0,237.3014552729437
6652,0.49462661147117615,282.0420134635642,0.0,4817.29248046875,7064.0,237.33538065990433
6653,0.7215976715087891,750.5754855833948,0.0,4817.29248046875,7064.0,237.36918184289243
6654,1.026203989982605,665.0723819583654,0.0,4817.29248046875,7064.0,237.4031728839036
6655,0.7842450141906738,718.5770943015814,0.0,4817.29248046875,7064.0,237.4370772599941
6656,0.6805521249771118,755.9035792853683,0.0,4817.29248046875,7064.0,237.47093756997492
6657,0.8805242776870728,662.9855872318149,0.0,4817.29248046875,7064.0,237.5047420699848
6658,0.7203019857406616,799.2312835119665,0.0,4817.29248046875,7064.0,237.53859466896392
6659,0.6388169527053833,409.32874517701566,0.0,4817.29248046875,7064.0,237.57248362491373
6660,0.717256486415863,570.3374095810577,0.0,4817.29248046875,7064.0,237.60654123988934
6661,0.6965749263763428,385.5602284707129,0.0,4817.29248046875,7064.0,237.64042824390344
6662,0.7490001320838928,696.4773006625473,0.0,4817.29248046875,7064.0,237.67437349900138
6663,0.7632868885993958,616.7686665002257,0.0,4817.29248046875,7064.0,237.70821716694627
6664,0.5639975070953369,484.64673131518066,0.0,4817.29248046875,7064.0,237.74202949600294
6665,0.7730005979537964,458.32894322276115,0.0,4817.29248046875,7064.0,237.77597872691695
6666,0.6731250286102295,623.8351961979643,0.0,4817.29248046875,7064.0,237.80983717693016
6667,0.9253661036491394,1040.1234819442034,0.0,4817.29248046875,7064.0,237.84364450292196
6668,1.0533514022827148,1023.2902394384146,0.0,4817.29248046875,7064.0,237.8775333929807
6669,0.6746304631233215,545.2694258438423,0.0,4817.29248046875,7064.0,237.911572999903
6670,0.8515059351921082,467.1924974862486,0.0,4817.29248046875,7064.0,237.94552473293152
6671,0.7426380515098572,480.335555751808,0.0,4817.29248046875,7064.0,237.97943390894216
6672,0.6206763982772827,574.6231602486223,0.0,4817.29248046875,7064.0,238.0132944789948
6673,0.802982747554779,604.783991780132,0.0,4817.29248046875,7064.0,238.04708963190205
6674,0.9738814830780029,790.3906928990036,0.0,4817.29248046875,7064.0,238.08122015697882
6675,0.5908189415931702,384.7186383511871,0.0,4817.29248046875,7064.0,238.11506997491233
6676,1.068971872329712,787.9935199059546,0.0,4817.29248046875,7064.0,238.1492011519149
6677,0.9993375539779663,701.6272805407643,0.0,4817.29248046875,7064.0,238.18319729692303
6678,0.7763653993606567,728.6502971090376,0.0,4817.29248046875,7064.0,238.21702389698476
6679,0.6776404976844788,600.8779193852097,0.0,4817.29248046875,7064.0,238.25090635893866
6680,0.897826611995697,1089.0218636542559,0.0,4817.29248046875,7064.0,238.28480213088915
6681,0.7481536865234375,1008.3940602056682,0.0,4817.29248046875,7064.0,238.31868817692157
6682,0.974320113658905,729.471264384687,0.0,4817.29248046875,7064.0,238.35262092098128
6683,1.1637046337127686,850.7230767868459,0.0,4817.29248046875,7064.0,238.386429502978
6684,1.0327179431915283,1046.5601107776165,0.0,4817.29248046875,7064.0,238.42038521997165
6685,1.095155119895935,753.6014149412513,0.0,4817.29248046875,7064.0,238.4542535529472
6686,0.8233528137207031,528.3507855609059,0.0,4817.29248046875,7064.0,238.48817667597905
6687,0.5722615718841553,426.1930445879698,0.0,4817.29248046875,7064.0,238.5220323499525
6688,0.9455472826957703,719.8466739133,0.0,4817.29248046875,7064.0,238.55592006992083
6689,0.6677627563476562,628.7213088087738,0.0,4817.29248046875,7064.0,238.58983070089016
6690,0.9044130444526672,747.0733073428273,0.0,4817.29248046875,7064.0,238.62371214095037
6691,1.0982612371444702,627.6163218691945,0.0,4817.29248046875,7064.0,238.65767876291648
6692,0.8272413015365601,817.7882058117539,0.0,4817.29248046875,7064.0,238.69167965091765
6693,0.9818465709686279,895.7169118374586,0.0,4817.29248046875,7064.0,238.72552893392276
6694,0.6937074065208435,661.365773787722,0.0,4817.29248046875,7064.0,238.75936001900118
6695,0.961058497428894,694.7601050175726,0.0,4817.29248046875,7064.0,238.79323344689328
6696,0.994667649269104,1021.2628034949303,0.0,4817.29248046875,7064.0,238.8273239689879
6697,1.0389175415039062,753.4725903384387,0.0,4817.29248046875,7064.0,238.8612583479844
6698,0.9824512600898743,945.46205919981,0.0,4817.29248046875,7064.0,238.89521388499998
6699,0.744530439376831,1091.6699472740293,0.0,4817.29248046875,7064.0,238.92909222398885
6700,0.9998800754547119,562.2752647027373,0.0,4817.29248046875,7064.0,238.96307115792297
6701,1.2367929220199585,916.142898555845,0.0,4817.29248046875,7064.0,238.9955886299722
6702,1.1079503297805786,725.4248441383243,0.0,4817.29248046875,7064.0,239.02952987491153
6703,0.7482522130012512,589.6003637984395,0.0,4817.29248046875,7064.0,239.06339419889264
6704,0.5707324147224426,432.6860222518444,0.0,4817.29248046875,7064.0,239.09729159495328
6705,0.937820553779602,684.128748273477,0.0,4817.29248046875,7064.0,239.1312198638916
6706,0.8467919230461121,665.5485987514257,0.0,4817.29248046875,7064.0,239.1649231578922
6707,0.6398665904998779,543.32728208974,0.0,4817.29248046875,7064.0,239.19889065495227
6708,0.75201016664505,639.2500615417957,0.0,4817.29248046875,7064.0,239.23263201396912
6709,0.7723879218101501,760.3715777136385,0.0,4817.29248046875,7064.0,239.26650683500338
6710,0.683927059173584,560.3518592687324,0.0,4817.29248046875,7064.0,239.30038401891943
6711,1.1019095182418823,919.3678511530161,0.0,4817.29248046875,7064.0,239.3342721449444
6712,0.8048171401023865,706.3946264199913,0.0,4817.29248046875,7064.0,239.3680797739653
6713,0.9412841796875,828.5645292140543,0.0,4817.29248046875,7064.0,239.40202518890146
6714,0.6483327746391296,371.93738233298063,0.0,4817.29248046875,7064.0,239.4359472009819
6715,1.0055090188980103,886.1382024660707,0.0,4817.29248046875,7064.0,239.46981604991015
6716,0.9172007441520691,638.9515217207372,0.0,4817.29248046875,7064.0,239.5036762919044
6717,0.876176118850708,681.7157158963382,0.0,4817.29248046875,7064.0,239.53746667294763
6718,0.7559311389923096,669.501742804423,0.0,4817.29248046875,7064.0,239.57123698689975
6719,0.8585696816444397,734.83478423208,0.0,4817.29248046875,7064.0,239.60498508799355
6720,0.6960273385047913,542.7803365662694,0.0,4817.29248046875,7064.0,239.63893718097825
6721,0.7374578714370728,667.9881931729615,0.0,4817.29248046875,7064.0,239.6727848649025
6722,0.6042702794075012,428.33096873480827,0.0,4817.29248046875,7064.0,239.70666162995622
6723,0.7791798710823059,830.3732599839568,0.0,4817.29248046875,7064.0,239.7405649209395
6724,0.8318565487861633,640.7471127696335,0.0,4817.29248046875,7064.0,239.77445096196607
6725,0.7925729155540466,577.4109333120286,0.0,4817.29248046875,7064.0,239.80830699193757
6726,0.9176773428916931,513.5013585630804,0.0,4817.29248046875,7064.0,239.84217973798513
6727,1.2572200298309326,907.4927239306271,0.0,4817.29248046875,7064.0,239.87605841597542
6728,0.7726759910583496,739.8876152709126,0.0,4817.29248046875,7064.0,239.9100307628978
6729,0.8794483542442322,1333.338235322386,0.0,4817.29248046875,7064.0,239.94393600989133
6730,0.7997668981552124,640.1618647351861,0.0,4817.29248046875,7064.0,239.97785972990096
6731,0.577466607093811,461.59992841631174,0.0,4817.29248046875,7064.0,240.01173592498526
6732,1.0750561952590942,904.4307403042912,0.0,4817.29248046875,7064.0,240.04553226695862
6733,0.8112860321998596,662.8072792505845,0.0,4817.29248046875,7064.0,240.07945503189694
6734,0.5898329019546509,565.1071165222675,0.0,4817.29248046875,7064.0,240.11336307798047
6735,0.5564286708831787,548.3078548796475,0.0,4817.29248046875,7064.0,240.14730447495822
6736,0.733999490737915,702.6010165885091,0.0,4817.29248046875,7064.0,240.1811888939701
6737,1.0061074495315552,1144.4337436491624,0.0,4817.29248046875,7064.0,240.2153992379317
6738,0.9482415914535522,1006.9287143573165,0.0,4817.29248046875,7064.0,240.2493036428932
6739,1.0447670221328735,686.1950943190604,0.0,4817.29248046875,7064.0,240.28303522593342
6740,0.872722864151001,751.4019623696804,0.0,4817.29248046875,7064.0,240.31695282598957
6741,0.5514708161354065,413.9354921411723,0.0,4817.29248046875,7064.0,240.3508935329737
6742,0.7771036028862,617.9848838616163,0.0,4817.29248046875,7064.0,240.38476424093824
6743,0.975380539894104,500.09713417105377,0.0,4817.29248046875,7064.0,240.41873418889008
6744,0.5680066347122192,529.7178680915385,0.0,4817.29248046875,7064.0,240.45258063997608
6745,1.0207855701446533,877.4718504399061,0.0,4817.29248046875,7064.0,240.48624236800242
6746,1.0244354009628296,815.2286782339215,0.0,4817.29248046875,7064.0,240.52007628290448
6747,0.8243436217308044,615.0435909647495,0.0,4817.29248046875,7064.0,240.55395062896423
6748,0.8506205677986145,646.5711114779115,0.0,4817.29248046875,7064.0,240.58789692190476
6749,0.675630509853363,481.7391473688185,0.0,4817.29248046875,7064.0,240.62170224497095
6750,0.8691146373748779,549.967309800908,0.0,4817.29248046875,7064.0,240.65560438588727
6751,0.7666371464729309,544.0153572456911,0.0,4817.29248046875,7064.0,240.6894769659266
6752,0.5817378759384155,655.843945402652,0.0,4817.29248046875,7064.0,240.72357650799677
6753,1.182296872138977,884.4995197616518,0.0,4817.29248046875,7064.0,240.7575860809302
6754,0.9938880801200867,778.9289146196097,0.0,4817.29248046875,7064.0,240.791575091891
6755,0.6680081486701965,414.71034106239676,0.0,4817.29248046875,7064.0,240.8253924769815
6756,0.9990241527557373,774.4549752101302,0.0,4817.29248046875,7064.0,240.85940224991646
6757,0.8122261166572571,957.8856332395226,0.0,4817.29248046875,7064.0,240.89326683897525
6758,0.6563412547111511,415.0003225430846,0.0,4817.29248046875,7064.0,240.9272659838898
6759,1.029779314994812,707.0953667834401,0.0,4817.29248046875,7064.0,240.96103953989223
6760,0.6749739050865173,615.2755597047508,0.0,4817.29248046875,7064.0,240.99493549996987
6761,0.7399487495422363,563.0191832445562,0.0,4817.29248046875,7064.0,241.02887305396143
6762,0.8603755235671997,965.9473850093782,0.0,4817.29248046875,7064.0,241.06277243292425
6763,0.7871711254119873,506.61840190179646,0.0,4817.29248046875,7064.0,241.09659009194002
6764,0.8661341667175293,521.1672480031848,0.0,4817.29248046875,7064.0,241.13047508196905
6765,0.7604268789291382,579.9380754092708,0.0,4817.29248046875,7064.0,241.16437449096702
6766,0.7756092548370361,605.9352466417477,0.0,4817.29248046875,7064.0,241.1983701220015
6767,0.6912769675254822,582.1269749850035,0.0,4817.29248046875,7064.0,241.23227412393317
6768,0.5635740160942078,527.3680079206824,0.0,4817.29248046875,7064.0,241.2662188479444
6769,0.8557170629501343,687.1888137292117,0.0,4817.29248046875,7064.0,241.3001140379347
6770,0.9839878082275391,984.8037840910256,0.0,4817.29248046875,7064.0,241.33403648098465
6771,1.0047358274459839,940.7263670880347,0.0,4817.29248046875,7064.0,241.368030646001
6772,0.7649440169334412,463.3106387294829,0.0,4817.29248046875,7064.0,241.402010347927
6773,0.8645070195198059,983.1316915638745,0.0,4817.29248046875,7064.0,241.4359178089071
6774,0.9793124198913574,797.6759206391871,0.0,4817.29248046875,7064.0,241.4698090169113
6775,0.869551420211792,706.5737500190735,0.0,4817.29248046875,7064.0,241.5037425039336
6776,0.7488660216331482,616.4388906825334,0.0,4817.29248046875,7064.0,241.53772740997374
6777,0.7622427344322205,853.1552971117198,0.0,4817.29248046875,7064.0,241.57162683596835
6778,1.1710691452026367,1109.9131814017892,0.0,4817.29248046875,7064.0,241.6055106339045
6779,0.7590929865837097,840.6518472135067,0.0,4817.29248046875,7064.0,241.6393144549802
6780,1.012447476387024,1008.0652616471052,0.0,4817.29248046875,7064.0,241.6731462388998
6781,0.9304329752922058,721.7062243130058,0.0,4817.29248046875,7064.0,241.70712435198948
6782,0.5965786576271057,536.739214790985,0.0,4817.29248046875,7064.0,241.7409260099521
6783,0.6795864105224609,384.28509494755417,0.0,4817.29248046875,7064.0,241.77486570493784
6784,0.9444460868835449,883.815937211737,0.0,4817.29248046875,7064.0,241.8088742949767
6785,0.8065458536148071,518.2082268502563,0.0,4817.29248046875,7064.0,241.84272972890176
6786,0.7460552453994751,760.4017548896372,0.0,4817.29248046875,7064.0,241.876750303898
6787,0.8740332126617432,790.888773355633,0.0,4817.29248046875,7064.0,241.91072206990793
6788,1.2802519798278809,1169.211401131004,0.0,4817.29248046875,7064.0,241.94458881695755
6789,0.8001074194908142,624.6162931639701,0.0,4817.29248046875,7064.0,241.9784653519746
6790,0.7533344626426697,554.2647268231958,0.0,4817.29248046875,7064.0,242.01243944989983
6791,0.9517766833305359,1027.950121536851,0.0,4817.29248046875,7064.0,242.04634849890135
6792,1.1482969522476196,1215.2575094774365,0.0,4817.29248046875,7064.0,242.0803341649007
6793,1.0619432926177979,740.7221235819161,0.0,4817.29248046875,7064.0,242.11414951598272
6794,0.698849618434906,519.6395514113829,0.0,4817.29248046875,7064.0,242.14804715500213
6795,1.0310044288635254,639.1198298539966,0.0,4817.29248046875,7064.0,242.18213239894249
6796,0.9584383368492126,982.5424691066146,0.0,4817.29248046875,7064.0,242.21602473594248
6797,0.904949963092804,762.7081007696688,0.0,4817.29248046875,7064.0,242.24991037498694
6798,0.953435480594635,694.4359236992896,0.0,4817.29248046875,7064.0,242.2837817579275
6799,0.6767531633377075,486.9870618060231,0.0,4817.29248046875,7064.0,242.31776527292095
6800,0.6571573615074158,523.2929255999625,0.0,4817.29248046875,7064.0,242.35169154393952
6801,0.8157519698143005,676.4420181885362,0.0,4817.29248046875,7064.0,242.38572814094368
6802,0.8003503084182739,786.1329584065825,0.0,4817.29248046875,7064.0,242.41990068589803
6803,0.9311119318008423,711.2437671497464,0.0,4817.29248046875,7064.0,242.4539635159308
6804,0.834769606590271,516.7586779221892,0.0,4817.29248046875,7064.0,242.48788601893466
6805,1.0402036905288696,703.3550937771797,0.0,4817.29248046875,7064.0,242.52174586290494
6806,0.6773138046264648,862.5929098986089,0.0,4817.29248046875,7064.0,242.5556822649669
6807,0.6707172393798828,622.4158550836146,0.0,4817.29248046875,7064.0,242.58952521393076
6808,0.6123074889183044,513.8831461155787,0.0,4817.29248046875,7064.0,242.6235714739887
6809,0.9343871474266052,838.3872013837099,0.0,4817.29248046875,7064.0,242.65719501592685
6810,0.6968326568603516,738.9856303744018,0.0,4817.29248046875,7064.0,242.69113758695312
6811,0.7355018258094788,412.7919042855501,0.0,4817.29248046875,7064.0,242.7250179509865
6812,0.8621859550476074,795.4904515650123,0.0,4817.29248046875,7064.0,242.75891081697773
6813,1.0866878032684326,816.5558497197926,0.0,4817.29248046875,7064.0,242.79279643890914
6814,1.287650227546692,736.9648413471878,0.0,4817.29248046875,7064.0,242.8266961069312
6815,1.7286657094955444,660.1400245018303,0.0,4817.29248046875,7064.0,242.8608471029438
6816,1.6164652109146118,818.802488937974,0.0,4817.29248046875,7064.0,242.89485556294676
6817,0.6839419007301331,555.8138817008585,0.0,4817.29248046875,7064.0,242.92889624193776
6818,0.8188479542732239,645.9691232014447,0.0,4817.29248046875,7064.0,242.96283135493286
6819,0.7282915115356445,430.78387316316366,0.0,4817.29248046875,7064.0,242.99679880100302
6820,1.0587236881256104,1056.6651612892747,0.0,4817.29248046875,7064.0,243.0306015969254
6821,0.7299082279205322,539.1437477720901,0.0,4817.29248046875,7064.0,243.06453639594838
6822,1.0099596977233887,947.7466151043773,0.0,4817.29248046875,7064.0,243.09849746292457
6823,0.5304200053215027,538.1238095127046,0.0,4817.29248046875,7064.0,243.13238622189965
6824,0.8945715427398682,560.273613806814,0.0,4817.29248046875,7064.0,243.16638196690474
6825,0.5010824203491211,338.3029473600909,0.0,4817.29248046875,7064.0,243.2002537419321
6826,0.6706270575523376,538.9451913516968,0.0,4817.29248046875,7064.0,243.2341282540001
6827,0.6527608036994934,503.5416808919981,0.0,4817.29248046875,7064.0,243.26809016789775
6828,0.7480860352516174,581.3424074314535,0.0,4817.29248046875,7064.0,243.30199889698997
6829,0.8796496987342834,639.1637254022062,0.0,4817.29248046875,7064.0,243.335944050923
6830,0.7677507400512695,621.7160056568682,0.0,4817.29248046875,7064.0,243.3698903719196
6831,0.9670153856277466,679.3402761518955,0.0,4817.29248046875,7064.0,243.40387718298007
6832,0.727182924747467,534.4877616595477,0.0,4817.29248046875,7064.0,243.43788449594285
6833,0.6308764219284058,365.68860208336264,0.0,4817.29248046875,7064.0,243.47190673893783
6834,0.7259351015090942,1143.8853175863624,0.0,4817.29248046875,7064.0,243.5058418349363
6835,0.740328311920166,493.47501206211746,0.0,4817.29248046875,7064.0,243.5397882219404
6836,0.4981352388858795,294.9738727770746,0.0,4817.29248046875,7064.0,243.57373518997338
6837,1.052709698677063,1008.0816143509,0.0,4817.29248046875,7064.0,243.60760265693534
6838,0.6823317408561707,644.6379571445286,0.0,4817.29248046875,7064.0,243.64158722292632
6839,0.7880640625953674,739.6377243008465,0.0,4817.29248046875,7064.0,243.67537027900107
6840,1.0104376077651978,791.0801356583834,0.0,4817.29248046875,7064.0,243.70920818997547
6841,0.6046534776687622,541.5953697580844,0.0,4817.29248046875,7064.0,243.7430388618959
6842,0.8690475821495056,1055.1669237539172,0.0,4817.29248046875,7064.0,243.7768892449094
6843,0.883747935295105,615.2668142225593,0.0,4817.29248046875,7064.0,243.810759492917
6844,0.6643772125244141,643.1436931304634,0.0,4817.29248046875,7064.0,243.84465385589283
6845,1.02321457862854,1150.121447830461,0.0,4817.29248046875,7064.0,243.87856056191958
6846,0.8801356554031372,800.559897409752,0.0,4817.29248046875,7064.0,243.91249823290855
6847,0.8523678183555603,601.6071806773543,0.0,4817.29248046875,7064.0,243.94643144391011
6848,1.2898287773132324,1011.6034883894026,0.0,4817.29248046875,7064.0,243.9803349209251
6849,0.8676596283912659,699.986186934635,0.0,4817.29248046875,7064.0,244.01423682796303
6850,0.9990262389183044,705.7849226687104,0.0,4817.29248046875,7064.0,244.04815072496422
6851,0.8015722632408142,732.3694130592048,0.0,4817.29248046875,7064.0,244.08208255795762
6852,0.6551949977874756,525.5337052568793,0.0,4817.29248046875,7064.0,244.11603520496283
6853,0.6859365105628967,906.9797463733703,0.0,4817.29248046875,7064.0,244.15020418690983
6854,1.0347331762313843,994.007387638092,0.0,4817.29248046875,7064.0,244.18420884595253
6855,0.5569700002670288,525.783854059875,0.0,4817.29248046875,7064.0,244.21807479998097
6856,0.737984299659729,452.62779366690665,0.0,4817.29248046875,7064.0,244.25202949391678
6857,0.8264394998550415,686.0574402697384,0.0,4817.29248046875,7064.0,244.2859710509656
6858,0.5970893502235413,408.8168262206018,0.0,4817.29248046875,7064.0,244.31986781093292
6859,0.6646983027458191,437.30049270018935,0.0,4817.29248046875,7064.0,244.35377302393317
6860,1.4674551486968994,495.43373399041593,0.0,4817.29248046875,7064.0,244.38793802191503
6861,0.6755750179290771,541.8513453491032,0.0,4817.29248046875,7064.0,244.4219519739272
6862,0.9452939629554749,821.8069860879332,0.0,4817.29248046875,7064.0,244.4560107869329
6863,0.9305320978164673,805.3723105490208,0.0,4817.29248046875,7064.0,244.48983622191008
6864,0.7922506928443909,710.0240082554519,0.0,4817.29248046875,7064.0,244.5237668599002
6865,0.840990424156189,570.2466723024845,0.0,4817.29248046875,7064.0,244.55768572492525
6866,0.5860620737075806,441.3778415694833,0.0,4817.29248046875,7064.0,244.59150617197156
6867,0.8998807072639465,705.6890397109091,0.0,4817.29248046875,7064.0,244.62542457296513
6868,1.1313611268997192,670.7995044961572,0.0,4817.29248046875,7064.0,244.65936331590638
6869,0.9909010529518127,640.4285787604749,0.0,4817.29248046875,7064.0,244.69330425094813
6870,0.8447093367576599,661.4941908959299,0.0,4817.29248046875,7064.0,244.72724128793925
6871,0.7282332181930542,604.7039713617414,0.0,4817.29248046875,7064.0,244.76108444889542
6872,0.5472738742828369,403.20786040928215,0.0,4817.29248046875,7064.0,244.79499574098736
6873,0.6740074753761292,568.5612585619092,0.0,4817.29248046875,7064.0,244.82895436498802
6874,0.7448287010192871,611.9160009734333,0.0,4817.29248046875,7064.0,244.8628321639262
6875,0.756888210773468,565.9539994373918,0.0,4817.29248046875,7064.0,244.89682709390763
6876,0.8129821419715881,551.8304577153176,0.0,4817.29248046875,7064.0,244.930875049904
6877,0.7504708170890808,435.6327644120902,0.0,4817.29248046875,7064.0,244.96481247793417
6878,0.7552261352539062,515.9312462378293,0.0,4817.29248046875,7064.0,244.9987312098965
6879,0.6287347078323364,417.2226068135351,0.0,4817.29248046875,7064.0,245.0326356999576
6880,0.8751233220100403,905.7576669473201,0.0,4817.29248046875,7064.0,245.06645391590428
6881,0.8474062085151672,934.5026315003633,0.0,4817.29248046875,7064.0,245.10034070792608
6882,0.8064016103744507,480.97690555267036,0.0,4817.29248046875,7064.0,245.13425166299567
6883,0.7266693115234375,463.3807715913281,0.0,4817.29248046875,7064.0,245.16823439591099
6884,0.8414625525474548,672.129814459011,0.0,4817.29248046875,7064.0,245.2021491129417
6885,0.9093397259712219,795.8324545323849,0.0,4817.29248046875,7064.0,245.2359953679843
6886,1.0884586572647095,751.1984636411071,0.0,4817.29248046875,7064.0,245.269939537975
6887,0.6671239733695984,632.1209933012724,0.0,4817.29248046875,7064.0,245.30381019192282
6888,1.1446329355239868,751.6802459172904,0.0,4817.29248046875,7064.0,245.33774297998752
6889,0.6871179938316345,696.624391419813,0.0,4817.29248046875,7064.0,245.37180771294516
6890,0.9240829348564148,702.2579557280988,0.0,4817.29248046875,7064.0,245.4057392498944
6891,0.5032669305801392,551.8880783151835,0.0,4817.29248046875,7064.0,245.44000784796663
6892,0.7235686182975769,668.6572372429073,0.0,4817.29248046875,7064.0,245.47385557298549
6893,0.8828441500663757,721.2281704545021,0.0,4817.29248046875,7064.0,245.50778797094245
6894,1.0730583667755127,1245.8793152421713,0.0,4817.29248046875,7064.0,245.5416064269375
6895,0.8659881353378296,625.1669136006385,0.0,4817.29248046875,7064.0,245.5755541109247
6896,0.9018818140029907,707.2804961018264,0.0,4817.29248046875,7064.0,245.60950492694974
6897,0.9223459362983704,629.2381870429963,0.0,4817.29248046875,7064.0,245.64331884589046
6898,0.5700037479400635,494.2482643732801,0.0,4817.29248046875,7064.0,245.67727544391528
6899,0.5931558609008789,482.4760635383427,0.0,4817.29248046875,7064.0,245.71120173693635
6900,0.8371546268463135,906.6166675500572,0.0,4817.29248046875,7064.0,245.74514756491408
6901,0.716493546962738,708.9749421454035,0.0,4817.29248046875,7064.0,245.779186273925
6902,1.4382120370864868,1011.3644450008869,0.0,4817.29248046875,7064.0,245.81303667998873
6903,0.6528229117393494,578.8202130794525,0.0,4817.29248046875,7064.0,245.8468543579802
6904,1.2545762062072754,875.2758023552597,0.0,4817.29248046875,7064.0,245.88078692695126
6905,0.5656130909919739,502.3171662762761,0.0,4817.29248046875,7064.0,245.91475474496838
6906,1.6608322858810425,1122.6582976635545,0.0,4817.29248046875,7064.0,245.94898968795314
6907,0.9342195987701416,702.3375136572868,0.0,4817.29248046875,7064.0,245.98290915298276
6908,0.543023407459259,414.16408810112625,0.0,4817.29248046875,7064.0,246.01689450489357
6909,0.7605844736099243,907.0860821120441,0.0,4817.29248046875,7064.0,246.05074231594335
6910,0.6796521544456482,540.0625925567001,0.0,4817.29248046875,7064.0,246.08473038999364
6911,0.6864742040634155,589.2893018852919,0.0,4817.29248046875,7064.0,246.11863037291914
6912,1.1773171424865723,991.0297403391451,0.0,4817.29248046875,7064.0,246.15253149194177
6913,0.9510492086410522,776.4628029055893,0.0,4817.29248046875,7064.0,246.18648326792754
6914,1.198192834854126,927.3566992972046,0.0,4817.29248046875,7064.0,246.2205044470029
6915,1.987687587738037,1658.0928026400506,0.0,4817.29248046875,7064.0,246.25444177992176
6916,0.8281955122947693,673.2782467678189,0.0,4817.29248046875,7064.0,246.28704793693032
6917,0.7472833395004272,608.6630913466215,0.0,4817.29248046875,7064.0,246.3210432449123
6918,1.0157548189163208,747.4038603976369,0.0,4817.29248046875,7064.0,246.355023035896
6919,0.8558763265609741,734.487721901387,0.0,4817.29248046875,7064.0,246.388847622904
6920,0.7878235578536987,613.5554812699556,0.0,4817.29248046875,7064.0,246.4227517329855
6921,1.018352746963501,661.8048460809514,0.0,4817.29248046875,7064.0,246.45668744598515
6922,0.616132915019989,549.6829073857516,0.0,4817.29248046875,7064.0,246.49066148791462
6923,0.7301383018493652,687.7141693700105,0.0,4817.29248046875,7064.0,246.52453200798482
6924,0.719256579875946,582.5823559090495,0.0,4817.29248046875,7064.0,246.55835529090837
6925,0.692328929901123,533.446611540392,0.0,4817.29248046875,7064.0,246.59232679393608
6926,0.5385819673538208,298.0039511518553,0.0,4817.29248046875,7064.0,246.62634929595515
6927,1.2809542417526245,858.6830268278718,0.0,4817.29248046875,7064.0,246.6602690529544
6928,0.9125378131866455,645.0570743698627,0.0,4817.29248046875,7064.0,246.69415942195337
6929,0.842234194278717,526.646315745078,0.0,4817.29248046875,7064.0,246.7281659359578
6930,0.831979513168335,789.3903596904129,0.0,4817.29248046875,7064.0,246.76195177494083
6931,0.6262310743331909,536.1210272610188,0.0,4817.29248046875,7064.0,246.79586554691195
6932,0.7609992027282715,845.228752873838,0.0,4817.29248046875,7064.0,246.82991265691817
6933,0.9896373748779297,959.5229508541524,0.0,4817.29248046875,7064.0,246.86378444789443
6934,0.6095065474510193,460.35535748302937,0.0,4817.29248046875,7064.0,246.89764468197245
6935,0.6801596879959106,587.4363596793264,0.0,4817.29248046875,7064.0,246.93161910399795
6936,0.8857676386833191,993.0872127786279,0.0,4817.29248046875,7064.0,246.96553832490463
6937,1.0069953203201294,898.7147725466639,0.0,4817.29248046875,7064.0,246.99948753393255
6938,0.6303087472915649,642.3462797887623,0.0,4817.29248046875,7064.0,247.03343268600293
6939,0.5916003584861755,325.34781848825514,0.0,4817.29248046875,7064.0,247.06739534798544
6940,0.7079460024833679,909.4334344770759,0.0,4817.29248046875,7064.0,247.10136729094665
6941,0.8109986186027527,787.1511396355927,0.0,4817.29248046875,7064.0,247.13530654797796
6942,1.056264877319336,998.7465667948127,0.0,4817.29248046875,7064.0,247.16920119989663
6943,0.811079204082489,586.9914617091417,0.0,4817.29248046875,7064.0,247.20298641792033
6944,0.7327895760536194,517.0722695738077,0.0,4817.29248046875,7064.0,247.23689389589708
6945,1.0151561498641968,640.2055824287236,0.0,4817.29248046875,7064.0,247.27088393492159
6946,0.6582949757575989,396.9880614168942,0.0,4817.29248046875,7064.0,247.30480285699014
6947,0.797893762588501,546.082720477134,0.0,4817.29248046875,7064.0,247.33873566891998
6948,0.6353129744529724,426.4653820125386,0.0,4817.29248046875,7064.0,247.37257307989057
6949,0.8403936624526978,584.4340304546058,0.0,4817.29248046875,7064.0,247.40656002389733
6950,1.1037569046020508,1014.6573227755725,0.0,4817.29248046875,7064.0,247.44060639396776
6951,0.9495176672935486,597.7873422391713,0.0,4817.29248046875,7064.0,247.4745702178916
6952,0.5606266260147095,411.7080719899386,0.0,4817.29248046875,7064.0,247.50850842194632
6953,0.5798588395118713,533.0909509286284,0.0,4817.29248046875,7064.0,247.54244328394998
6954,0.5835691690444946,434.9925032733008,0.0,4817.29248046875,7064.0,247.57637485291343
6955,0.6812552809715271,730.9819643972442,0.0,4817.29248046875,7064.0,247.61038429592736
6956,0.8730071187019348,555.1534037590027,0.0,4817.29248046875,7064.0,247.64430441195145
6957,0.6659496426582336,775.3697040975094,0.0,4817.29248046875,7064.0,247.67825058591552
6958,0.8443723320960999,759.4598200693727,0.0,4817.29248046875,7064.0,247.71207542088814
6959,0.6061798334121704,445.50650700367987,0.0,4817.29248046875,7064.0,247.74601290293504
6960,0.6029379367828369,473.13961376063526,0.0,4817.29248046875,7064.0,247.77994320599828
6961,0.9083817005157471,646.5817274805158,0.0,4817.29248046875,7064.0,247.8138957649935
6962,0.7919962406158447,696.4088451582938,0.0,4817.29248046875,7064.0,247.8476953099016
6963,0.6108624935150146,424.7223097477108,0.0,4817.29248046875,7064.0,247.88168840191793
6964,0.8793680667877197,851.3240853212774,0.0,4817.29248046875,7064.0,247.91585289291106
6965,1.0101206302642822,1119.7086123283952,0.0,4817.29248046875,7064.0,247.94979138090275
6966,0.9999592900276184,849.4187617301941,0.0,4817.29248046875,7064.0,247.98366734292358
6967,0.9047915935516357,739.911374758929,0.0,4817.29248046875,7064.0,248.01763610297348
6968,0.6555894017219543,440.36454977747053,0.0,4817.29248046875,7064.0,248.05180424498394
6969,0.9236307740211487,955.2374520897865,0.0,4817.29248046875,7064.0,248.08570445899386
6970,0.7858155965805054,677.5341063123196,0.0,4817.29248046875,7064.0,248.1196221159771
6971,0.9956820607185364,652.5897415578365,0.0,4817.29248046875,7064.0,248.15353302494623
6972,0.5827580094337463,433.5368433771655,0.0,4817.29248046875,7064.0,248.18748867989052
6973,0.6113172769546509,471.7264311462641,0.0,4817.29248046875,7064.0,248.22140495700296
6974,0.8097261190414429,657.4906937554479,0.0,4817.29248046875,7064.0,248.25543859694153
6975,0.8209307193756104,801.9859544374049,0.0,4817.29248046875,7064.0,248.28950613795314
6976,0.8512328863143921,1012.3902279026806,0.0,4817.29248046875,7064.0,248.32345318398438
6977,0.8756804466247559,789.0656145531684,0.0,4817.29248046875,7064.0,248.35743485589046
6978,0.7152402400970459,659.6485029486939,0.0,4817.29248046875,7064.0,248.39134544192348
6979,0.7956669330596924,548.8712676763535,0.0,4817.29248046875,7064.0,248.42538519389927
6980,1.6934810876846313,1023.5658786911517,0.0,4817.29248046875,7064.0,248.45968559593894
6981,0.619627833366394,391.44228822924197,0.0,4817.29248046875,7064.0,248.49374811490998
6982,0.8200454115867615,760.2128558829427,0.0,4817.29248046875,7064.0,248.5277345299255
6983,0.7379946708679199,793.948209900409,0.0,4817.29248046875,7064.0,248.56165394594427
6984,0.9210405945777893,936.206851862371,0.0,4817.29248046875,7064.0,248.5954413159052
6985,0.7876461744308472,687.6815654728562,0.0,4817.29248046875,7064.0,248.62926625600085
6986,0.6626043319702148,395.7133815540001,0.0,4817.29248046875,7064.0,248.66317452199291
6987,0.8718949556350708,601.7428983785212,0.0,4817.29248046875,7064.0,248.6970919308951
6988,0.8317530155181885,583.1165002901107,0.0,4817.29248046875,7064.0,248.73103462997824
6989,1.1092312335968018,808.5780521556735,0.0,4817.29248046875,7064.0,248.76499852794223
6990,0.6037457585334778,412.4280583560467,0.0,4817.29248046875,7064.0,248.79889015795197
6991,0.7552943825721741,540.6343525052071,0.0,4817.29248046875,7064.0,248.8328405059874
6992,0.7766822576522827,711.9096956625581,0.0,4817.29248046875,7064.0,248.86670341494028
6993,0.5564094185829163,436.89924627542496,0.0,4817.29248046875,7064.0,248.90047776792198
6994,0.9178356528282166,513.9904144071043,0.0,4817.29248046875,7064.0,248.93449301389046
6995,0.8411286473274231,540.0217062886804,0.0,4817.29248046875,7064.0,248.9684237879701
6996,0.6999204754829407,501.09957798197865,0.0,4817.29248046875,7064.0,249.00230853189714
6997,0.7153636813163757,664.5025916155428,0.0,4817.29248046875,7064.0,249.0361172449775
6998,0.6879443526268005,520.6880011418834,0.0,4817.29248046875,7064.0,249.07004797796253
6999,0.8095332384109497,753.4676804840565,0.0,4817.29248046875,7064.0,249.10389900696464
7000,0.8799580335617065,582.6397144012153,0.0,4817.29248046875,7064.0,249.1377595119411
7001,1.3086217641830444,915.2531415037811,0.0,4817.29248046875,7064.0,249.17167711397633
7002,1.2493120431900024,1059.6050344798714,0.0,4817.29248046875,7064.0,249.2056018419098
7003,0.5321723818778992,486.5268115326762,0.0,4817.29248046875,7064.0,249.23952724598348
7004,0.5570349097251892,618.6329708918929,0.0,4817.29248046875,7064.0,249.27344281994738
7005,0.49753764271736145,514.506450808607,0.0,4817.29248046875,7064.0,249.3072896549711
7006,1.558695912361145,1140.5705183949322,0.0,4817.29248046875,7064.0,249.34107098996174
7007,0.838753342628479,725.8672574497759,0.0,4817.29248046875,7064.0,249.3749439039966
7008,1.1121379137039185,927.182116869837,0.0,4817.29248046875,7064.0,249.40867072099354
7009,0.5811676383018494,468.497406007722,0.0,4817.29248046875,7064.0,249.44267990696244
7010,0.783075749874115,529.6996345613152,0.0,4817.29248046875,7064.0,249.47669539996423
7011,0.681259036064148,522.6680685887113,0.0,4817.29248046875,7064.0,249.51058341690805
7012,0.9214633107185364,933.3155781365931,0.0,4817.29248046875,7064.0,249.54446464497596
7013,0.948655366897583,954.4257676266134,0.0,4817.29248046875,7064.0,249.57832207495812
7014,0.8419195413589478,593.4024592200294,0.0,4817.29248046875,7064.0,249.61221331497654
7015,0.7081786394119263,580.722199358046,0.0,4817.29248046875,7064.0,249.64470613899175
7016,1.1946446895599365,1089.7338745445013,0.0,4817.29248046875,7064.0,249.6786526819924
7017,0.5406500697135925,517.9167107455432,0.0,4817.29248046875,7064.0,249.71260734496173
7018,0.9001584053039551,800.836638789624,0.0,4817.29248046875,7064.0,249.74658784491476
7019,1.244905710220337,1384.7846722006798,0.0,4817.29248046875,7064.0,249.78073856397532
7020,0.5382901430130005,605.7908240482211,0.0,4817.29248046875,7064.0,249.81462459894828
7021,0.7098950147628784,682.9390251059085,0.0,4817.29248046875,7064.0,249.84854258794803
7022,0.7184075713157654,805.8587683588266,0.0,4817.29248046875,7064.0,249.88247781491373
7023,0.7451913952827454,903.6442272160202,0.0,4817.29248046875,7064.0,249.91638046689332
7024,0.772898256778717,726.7998037328944,0.0,4817.29248046875,7064.0,249.9503482049331
7025,0.937015175819397,557.3830642458051,0.0,4817.29248046875,7064.0,249.98426127899438
7026,0.768081784248352,675.8443221021444,0.0,4817.29248046875,7064.0,250.0180770959705
7027,0.7714080810546875,450.73570452444255,0.0,4817.29248046875,7064.0,250.05061263393145
7028,0.9061049818992615,769.2365121170878,0.0,4817.29248046875,7064.0,250.0845387779409
7029,0.785304069519043,612.9297243561596,0.0,4817.29248046875,7064.0,250.1184832250001
7030,0.7663124799728394,645.6649966873229,0.0,4817.29248046875,7064.0,250.1524512199685
7031,0.7811979055404663,631.8500329330564,0.0,4817.29248046875,7064.0,250.18642647890374
7032,0.5968800783157349,401.45609001256526,0.0,4817.29248046875,7064.0,250.22032087598927
7033,0.6959506273269653,484.84462880995125,0.0,4817.29248046875,7064.0,250.25423292897176
7034,0.6261826157569885,529.4747371897101,0.0,4817.29248046875,7064.0,250.288264078903
7035,0.9512560367584229,706.0950621552765,0.0,4817.29248046875,7064.0,250.32219168299343
7036,0.9617679715156555,1230.0447587110102,0.0,4817.29248046875,7064.0,250.35608008794952
7037,1.0854448080062866,855.2612599469721,0.0,4817.29248046875,7064.0,250.39004806999583
7038,0.8638445734977722,784.1466044038534,0.0,4817.29248046875,7064.0,250.42400783288758
7039,0.9140869379043579,672.3029775032774,0.0,4817.29248046875,7064.0,250.45811977691483
7040,0.8503512144088745,598.21135115996,0.0,4817.29248046875,7064.0,250.49204879894387
7041,0.6263998746871948,645.8183559793979,0.0,4817.29248046875,7064.0,250.52601353893988
7042,0.6914225220680237,770.542464254424,0.0,4817.29248046875,7064.0,250.5599145559827
7043,0.7239935994148254,740.2837048657238,0.0,4817.29248046875,7064.0,250.59388298389968
7044,0.7824861407279968,846.9120047930628,0.0,4817.29248046875,7064.0,250.62775203294586
7045,0.8054539561271667,575.5322723276913,0.0,4817.29248046875,7064.0,250.66166204598267
7046,0.9342486262321472,741.1526318918914,0.0,4817.29248046875,7064.0,250.69567198189907
7047,0.6732674241065979,612.5309295710176,0.0,4817.29248046875,7064.0,250.72967073798645
7048,0.7472550272941589,603.8534672632813,0.0,4817.29248046875,7064.0,250.76376806595363
7049,0.6169586181640625,589.0393965560943,0.0,4817.29248046875,7064.0,250.79773007298354
7050,1.0061147212982178,740.2771747745574,0.0,4817.29248046875,7064.0,250.8316441499628
7051,0.6045833230018616,727.7292044926435,0.0,4817.29248046875,7064.0,250.86551804095507
7052,0.9339175820350647,1195.150587502867,0.0,4817.29248046875,7064.0,250.89943419897463
7053,0.9881619215011597,851.1140227429569,0.0,4817.29248046875,7064.0,250.9333919408964
7054,0.688605785369873,523.7115544602275,0.0,4817.29248046875,7064.0,250.96753936097957
7055,0.6217222809791565,530.8254537004977,0.0,4817.29248046875,7064.0,251.00149447994772
7056,1.146741271018982,781.0481082499027,0.0,4817.29248046875,7064.0,251.0352977969451
7057,0.7903487086296082,706.0810971334577,0.0,4817.29248046875,7064.0,251.06925116397906
7058,0.5899993181228638,582.9904471915215,0.0,4817.29248046875,7064.0,251.10307169391308
7059,0.7114353179931641,635.3458180148154,0.0,4817.29248046875,7064.0,251.13700819492806
7060,0.8917062878608704,864.5494292862713,0.0,4817.29248046875,7064.0,251.17095484095626
7061,1.100600242614746,772.2622564360499,0.0,4817.29248046875,7064.0,251.2048884279793
7062,0.5389689207077026,525.1214224826545,0.0,4817.29248046875,7064.0,251.2387906590011
7063,0.8200460076332092,827.0341387614608,0.0,4817.29248046875,7064.0,251.27268976799678
7064,1.2401719093322754,885.1341677866876,0.0,4817.29248046875,7064.0,251.30663503299002
7065,0.5915235877037048,553.2557751471177,0.0,4817.29248046875,7064.0,251.3406529049389
7066,0.948829174041748,801.5777095630765,0.0,4817.29248046875,7064.0,251.37454556894954
7067,0.7864211201667786,687.2558782584965,0.0,4817.29248046875,7064.0,251.408415610902
7068,0.6801152229309082,607.0005874484777,0.0,4817.29248046875,7064.0,251.44230312888976
7069,1.1170145273208618,653.8355350755155,0.0,4817.29248046875,7064.0,251.47632097196765
7070,0.8544018268585205,689.6139721330255,0.0,4817.29248046875,7064.0,251.51027342199814
7071,0.9994713068008423,1140.1552469525486,0.0,4817.29248046875,7064.0,251.54412632994354
7072,0.8228193521499634,571.0569624789059,0.0,4817.29248046875,7064.0,251.5780604298925
7073,0.8707330226898193,773.0586602911353,0.0,4817.29248046875,7064.0,251.61197126389015
7074,0.6458720564842224,395.00629301555455,0.0,4817.29248046875,7064.0,251.6459776929114
7075,0.8926810026168823,669.9156827367842,0.0,4817.29248046875,7064.0,251.67988958000205
7076,0.7956651449203491,530.8651015125215,0.0,4817.29248046875,7064.0,251.71380624792073
7077,0.7900441884994507,759.7589485775679,0.0,4817.29248046875,7064.0,251.7476171089802
7078,0.8642510175704956,510.98750752117485,0.0,4817.29248046875,7064.0,251.78155986091588
7079,0.6364638805389404,551.79789057374,0.0,4817.29248046875,7064.0,251.8154671319062
7080,0.8066003918647766,435.4727190360427,0.0,4817.29248046875,7064.0,251.84931179799605
7081,0.6615138053894043,450.8161498121917,0.0,4817.29248046875,7064.0,251.8833029839443
7082,0.968583345413208,943.7646857872605,0.0,4817.29248046875,7064.0,251.91713613597676
7083,0.6525750756263733,623.3531723842025,0.0,4817.29248046875,7064.0,251.9512264969526
7084,0.6525765657424927,477.2188871540129,0.0,4817.29248046875,7064.0,251.98517721297685
7085,0.7231759428977966,551.1031790263951,0.0,4817.29248046875,7064.0,252.01906280696858
7086,0.7562633752822876,609.3353208545595,0.0,4817.29248046875,7064.0,252.05302622099407
7087,0.7492709159851074,724.4345096163452,0.0,4817.29248046875,7064.0,252.08693996688817
7088,0.758767306804657,504.32189095951617,0.0,4817.29248046875,7064.0,252.12077606492676
7089,1.0409430265426636,1013.0341400913894,0.0,4817.29248046875,7064.0,252.1546233049594
7090,0.9066786766052246,529.2299169804901,0.0,4817.29248046875,7064.0,252.18857623194344
7091,0.9350142478942871,612.7625612076372,0.0,4817.29248046875,7064.0,252.22254267998505
7092,0.9445145726203918,730.8014993779361,0.0,4817.29248046875,7064.0,252.25518058391754
7093,0.6855689883232117,577.6113020647317,0.0,4817.29248046875,7064.0,252.2891404669499
7094,1.2704092264175415,826.4332920182496,0.0,4817.29248046875,7064.0,252.3233039949555
7095,0.770649254322052,610.8400489222258,0.0,4817.29248046875,7064.0,252.3571812818991
7096,0.9411314725875854,567.3058608099818,0.0,4817.29248046875,7064.0,252.3911764579825
7097,1.0186479091644287,632.7951067686081,0.0,4817.29248046875,7064.0,252.4250606909627
7098,0.9171901345252991,637.4150762278587,0.0,4817.29248046875,7064.0,252.45906625397038
7099,1.045183539390564,587.7742738127708,0.0,4817.29248046875,7064.0,252.49295162595809
7100,1.3459856510162354,854.8334608599544,0.0,4817.29248046875,7064.0,252.52691029699054
7101,0.5549985766410828,493.9954990129918,0.0,4817.29248046875,7064.0,252.56081381393597
7102,0.6816918849945068,541.0083612129092,0.0,4817.29248046875,7064.0,252.59481048991438
7103,0.9572404623031616,829.2756762532517,0.0,4817.29248046875,7064.0,252.6288777309237
7104,0.8247259855270386,737.6793424226344,0.0,4817.29248046875,7064.0,252.66298981988803
7105,0.7248787879943848,590.062008947134,0.0,4817.29248046875,7064.0,252.69692156498786
7106,1.5714290142059326,878.0731553379446,0.0,4817.29248046875,7064.0,252.73107423097827
7107,0.5808646082878113,483.7059795409441,0.0,4817.29248046875,7064.0,252.76490175095387
7108,0.6307082772254944,632.986556570977,0.0,4817.29248046875,7064.0,252.79871847189497
7109,0.6856514811515808,684.8696074290201,0.0,4817.29248046875,7064.0,252.83269172499422
7110,0.6800444722175598,487.1689296197146,0.0,4817.29248046875,7064.0,252.86668331199326
7111,0.658404529094696,450.28079602494836,0.0,4817.29248046875,7064.0,252.9007054619724
7112,0.8357490301132202,848.6798150017858,0.0,4817.29248046875,7064.0,252.9346106799785
7113,0.6657229065895081,771.9498735647649,0.0,4817.29248046875,7064.0,252.96838568989187
7114,0.6214286088943481,414.28869509510696,0.0,4817.29248046875,7064.0,253.0022728939075
7115,0.9687049984931946,783.3161091599613,0.0,4817.29248046875,7064.0,253.0360887099523
7116,0.8883553147315979,996.0267080515623,0.0,4817.29248046875,7064.0,253.07002245693002
7117,0.7403159737586975,580.0336351115257,0.0,4817.29248046875,7064.0,253.10384503589012
7118,0.5953742861747742,604.2517193183303,0.0,4817.29248046875,7064.0,253.13776217994746
7119,0.9740813374519348,787.1377695649862,0.0,4817.29248046875,7064.0,253.17155245190952
7120,0.8397461771965027,714.6516043320298,0.0,4817.29248046875,7064.0,253.20569638488814
7121,0.8639954924583435,633.7460161224008,0.0,4817.29248046875,7064.0,253.23960247298237
7122,0.80372154712677,563.7813870552927,0.0,4817.29248046875,7064.0,253.2734496879857
7123,0.6949414610862732,611.8173119015992,0.0,4817.29248046875,7064.0,253.30743460694794
7124,0.8798845410346985,682.5139789395034,0.0,4817.29248046875,7064.0,253.34134645794984
7125,0.5668355822563171,430.3641225071624,0.0,4817.29248046875,7064.0,253.37525163497776
7126,0.8136580586433411,529.9418101944029,0.0,4817.29248046875,7064.0,253.40922459890135
7127,0.4539843797683716,604.9072515834123,0.0,4817.29248046875,7064.0,253.44319049292244
7128,0.5710184574127197,616.5743716023862,0.0,4817.29248046875,7064.0,253.47703343792818
7129,0.8545392751693726,681.5630982778966,0.0,4817.29248046875,7064.0,253.51092928193975
7130,0.6239222884178162,422.5929004214704,0.0,4817.29248046875,7064.0,253.54493452096358
7131,0.7761248350143433,629.2152747306973,0.0,4817.29248046875,7064.0,253.57889733090997
7132,0.7617380619049072,645.6126613356173,0.0,4817.29248046875,7064.0,253.6128187479917
7133,0.8510066270828247,510.58939529955387,0.0,4817.29248046875,7064.0,253.6467398609966
7134,0.7176990509033203,571.0122210737318,0.0,4817.29248046875,7064.0,253.6807618899038
7135,0.9888961911201477,745.0219633895904,0.0,4817.29248046875,7064.0,253.71459025295917
7136,0.6433955430984497,557.8075079843402,0.0,4817.29248046875,7064.0,253.74843307293486
7137,0.6075498461723328,433.5377112235874,0.0,4817.29248046875,7064.0,253.782328931964
7138,0.8106626868247986,642.7446566931903,0.0,4817.29248046875,7064.0,253.8163441439392
7139,0.624728262424469,412.4309504143894,0.0,4817.29248046875,7064.0,253.85037836898118
7140,0.6350558400154114,849.0891990587115,0.0,4817.29248046875,7064.0,253.88427732000127
7141,0.8127192854881287,670.9106506891549,0.0,4817.29248046875,7064.0,253.9182062969776
7142,0.6646093130111694,658.9439582694322,0.0,4817.29248046875,7064.0,253.95237256994005
7143,0.7302126884460449,681.0080160265788,0.0,4817.29248046875,7064.0,253.9862531349063
7144,0.9388607740402222,610.5724981818348,0.0,4817.29248046875,7064.0,254.0201184429461
7145,0.6130733489990234,426.5586773175746,0.0,4817.29248046875,7064.0,254.0539772879565
7146,0.9419496655464172,789.8901379033923,0.0,4817.29248046875,7064.0,254.08792034490034
7147,0.7483195066452026,646.2520601879805,0.0,4817.29248046875,7064.0,254.12179061898496
7148,0.6145642995834351,382.8717407649383,0.0,4817.29248046875,7064.0,254.1556650949642
7149,0.7858763933181763,874.7492200955749,0.0,4817.29248046875,7064.0,254.1895251419628
7150,0.8257516622543335,625.4112738352269,0.0,4817.29248046875,7064.0,254.22354029398412
7151,0.7996086478233337,622.9317562524229,0.0,4817.29248046875,7064.0,254.2574470009422
7152,0.6521634459495544,476.66360886767507,0.0,4817.29248046875,7064.0,254.29148451297078
7153,0.6923335194587708,771.8791184993461,0.0,4817.29248046875,7064.0,254.32561690395232
7154,0.5722846388816833,476.3241922855377,0.0,4817.29248046875,7064.0,254.3594343769364
7155,0.9933698177337646,549.9420664291829,0.0,4817.29248046875,7064.0,254.39331345795654
7156,0.5142525434494019,521.0189576344565,0.0,4817.29248046875,7064.0,254.4272246209439
7157,0.794944167137146,918.7606649287045,0.0,4817.29248046875,7064.0,254.4614243899705
7158,0.8471041321754456,713.5634116493165,0.0,4817.29248046875,7064.0,254.49545068398584
7159,0.6927708387374878,592.8568025752902,0.0,4817.29248046875,7064.0,254.5293962409487
7160,0.6373700499534607,546.6171442456543,0.0,4817.29248046875,7064.0,254.56313934596255
7161,0.9788987636566162,718.4511086400598,0.0,4817.29248046875,7064.0,254.5971002629958
7162,0.7514343857765198,558.7577361706644,0.0,4817.29248046875,7064.0,254.63101306499448
7163,0.9842379093170166,884.7343817465007,0.0,4817.29248046875,7064.0,254.66492214996833
7164,0.7206010818481445,618.4263388887048,0.0,4817.29248046875,7064.0,254.6987939659739
7165,0.6262767314910889,422.2796534281224,0.0,4817.29248046875,7064.0,254.73274765198585
7166,0.6899580359458923,683.7762010395527,0.0,4817.29248046875,7064.0,254.76667091192212
7167,0.7794145941734314,965.7564372997731,0.0,4817.29248046875,7064.0,254.80032718891744
7168,0.8530852198600769,579.8414675444365,0.0,4817.29248046875,7064.0,254.8341538789682
7169,1.1134990453720093,899.3762113600969,0.0,4817.29248046875,7064.0,254.86804365494754
7170,0.6196708679199219,497.78180037252605,0.0,4817.29248046875,7064.0,254.90193460392766
7171,0.6291512250900269,692.3374020773917,0.0,4817.29248046875,7064.0,254.9357799689751
7172,0.6577300429344177,521.493097608909,0.0,4817.29248046875,7064.0,254.96973306697328
7173,0.7924343943595886,722.3351224325597,0.0,4817.29248046875,7064.0,255.00367123191245
7174,0.8343357443809509,586.6724143587053,0.0,4817.29248046875,7064.0,255.03751458099578
7175,1.005980134010315,1083.2098135091364,0.0,4817.29248046875,7064.0,255.07148405490443
7176,0.9270251989364624,727.3139900639653,0.0,4817.29248046875,7064.0,255.10538185597397
7177,0.5049790143966675,509.007223431021,0.0,4817.29248046875,7064.0,255.13923088193405
7178,0.6371012330055237,495.87872830592096,0.0,4817.29248046875,7064.0,255.17315037094522
7179,0.959636926651001,803.0569108612835,0.0,4817.29248046875,7064.0,255.20694884099066
7180,0.7018893361091614,616.2029792089015,0.0,4817.29248046875,7064.0,255.2409945599502
7181,0.6187449097633362,483.33448659349233,0.0,4817.29248046875,7064.0,255.274921315955
7182,1.0173470973968506,578.5504536479712,0.0,4817.29248046875,7064.0,255.30880281096324
7183,0.8898601531982422,767.6159334369004,0.0,4817.29248046875,7064.0,255.34252948593348
7184,1.0313034057617188,808.0682588666677,0.0,4817.29248046875,7064.0,255.3763850579271
7185,0.5776472091674805,393.1489287391305,0.0,4817.29248046875,7064.0,255.41026633197907
7186,0.8695138692855835,715.2844584938139,0.0,4817.29248046875,7064.0,255.4440935839666
7187,0.4841643273830414,384.18452152144164,0.0,4817.29248046875,7064.0,255.4780618819641
7188,0.9062994122505188,729.5532569494098,0.0,4817.29248046875,7064.0,255.51195297192317
7189,0.580561637878418,542.8238475397229,0.0,4817.29248046875,7064.0,255.54589511593804
7190,0.6787216067314148,543.3717246968299,0.0,4817.29248046875,7064.0,255.5798103569541
7191,0.8851305246353149,582.6167062371969,0.0,4817.29248046875,7064.0,255.6136949659558
7192,0.7358511090278625,670.1163279954344,0.0,4817.29248046875,7064.0,255.6477188699646
7193,0.5749998688697815,380.41809351556003,0.0,4817.29248046875,7064.0,255.68151674291585
7194,0.5877851843833923,498.4289499670267,0.0,4817.29248046875,7064.0,255.71536637598183
7195,0.541231632232666,447.9752803631127,0.0,4817.29248046875,7064.0,255.74929622095078
7196,0.9139076471328735,711.3988767750561,0.0,4817.29248046875,7064.0,255.7831455708947
7197,0.6084319949150085,476.56821535527706,0.0,4817.29248046875,7064.0,255.81709529692307
7198,1.0578495264053345,1014.6690845452249,0.0,4817.29248046875,7064.0,255.8510487069143
7199,0.9052009582519531,924.7623143922538,0.0,4817.29248046875,7064.0,255.8848785489099
7200,0.4637678265571594,330.5143684949726,0.0,4817.29248046875,7064.0,255.91872585297097
7201,0.7777653932571411,832.9268449358642,0.0,4817.29248046875,7064.0,255.9527161018923
7202,0.7230609655380249,641.1604232825339,0.0,4817.29248046875,7064.0,255.98651193396654
7203,0.7941130995750427,829.0261279121041,0.0,4817.29248046875,7064.0,256.0203586439602
7204,0.8068923354148865,527.4285953436047,0.0,4817.29248046875,7064.0,256.0541168448981
7205,0.695889413356781,544.4097768701613,0.0,4817.29248046875,7064.0,256.08804181194864
7206,0.8085086345672607,870.4532590210438,0.0,4817.29248046875,7064.0,256.12184805597644
7207,0.529477596282959,533.3095995914191,0.0,4817.29248046875,7064.0,256.1557518739719
7208,0.7072098255157471,484.33463393710554,0.0,4817.29248046875,7064.0,256.1895861509256
7209,0.9558767080307007,829.923186801374,0.0,4817.29248046875,7064.0,256.2234755048994
7210,0.8979760408401489,940.0468875113875,0.0,4817.29248046875,7064.0,256.25742930790875
7211,0.5779792070388794,524.1161596029997,0.0,4817.29248046875,7064.0,256.2912505539134
7212,0.6113414168357849,507.20912284078076,0.0,4817.29248046875,7064.0,256.3252284299815
7213,0.6374660730361938,583.6657219007611,0.0,4817.29248046875,7064.0,256.3591280989349
7214,0.6254271864891052,427.2951433286071,0.0,4817.29248046875,7064.0,256.393207254936
7215,0.9017671942710876,828.6647730246186,0.0,4817.29248046875,7064.0,256.4270919429837
7216,0.7880702614784241,632.7173956669867,0.0,4817.29248046875,7064.0,256.46110426296946
7217,0.6346578598022461,565.7659595757723,0.0,4817.29248046875,7064.0,256.49501013499685
7218,1.0039591789245605,834.963498622179,0.0,4817.29248046875,7064.0,256.52891818992794
7219,1.1757949590682983,685.503038527444,0.0,4817.29248046875,7064.0,256.5628705089912
7220,0.6521657109260559,497.51764401141554,0.0,4817.29248046875,7064.0,256.59689165698364
7221,0.6035934686660767,534.3068513860926,0.0,4817.29248046875,7064.0,256.63083390996326
7222,0.672944962978363,632.343355409801,0.0,4817.29248046875,7064.0,256.6647709480021
7223,0.6949841380119324,577.1093761771917,0.0,4817.29248046875,7064.0,256.69853878195863
7224,0.7211703658103943,568.2034637946635,0.0,4817.29248046875,7064.0,256.7325301109813
7225,0.6259033679962158,479.8516722563654,0.0,4817.29248046875,7064.0,256.766463270993
7226,0.5863627195358276,583.2762270513922,0.0,4817.29248046875,7064.0,256.80034825298935
7227,0.47993203997612,489.45954752899706,0.0,4817.29248046875,7064.0,256.83426273893565
7228,0.8304569125175476,642.9275991655886,0.0,4817.29248046875,7064.0,256.8681676859269
7229,0.5549619197845459,459.8943960443139,0.0,4817.29248046875,7064.0,256.90209414390847
7230,0.6055889129638672,541.6822805441916,0.0,4817.29248046875,7064.0,256.93600830691867
7231,0.8475357890129089,944.709879681468,0.0,4817.29248046875,7064.0,256.97000183095224
7232,0.8164151906967163,438.22494251281023,0.0,4817.29248046875,7064.0,257.0039732439909
7233,0.509601891040802,390.53966826666147,0.0,4817.29248046875,7064.0,257.03794443490915
7234,0.598128080368042,552.9398641102016,0.0,4817.29248046875,7064.0,257.07192333589774
7235,1.1353086233139038,1221.7905807495117,0.0,4817.29248046875,7064.0,257.1059213489061
7236,0.7317604422569275,521.1120307873935,0.0,4817.29248046875,7064.0,257.13983049290255
7237,0.9646656513214111,977.0991301760077,0.0,4817.29248046875,7064.0,257.1738294879906
7238,0.5157821774482727,369.02213828172535,0.0,4817.29248046875,7064.0,257.2077482009772
7239,0.6599715948104858,904.0532151162624,0.0,4817.29248046875,7064.0,257.2417393049691
7240,0.746417760848999,880.2373992837965,0.0,4817.29248046875,7064.0,257.27558294998016
7241,0.8238458633422852,791.1036799252033,0.0,4817.29248046875,7064.0,257.30947156692855
7242,0.5378727316856384,377.9204489281401,0.0,4817.29248046875,7064.0,257.34343146998435
7243,0.7644408345222473,648.4550218665972,0.0,4817.29248046875,7064.0,257.37732641294133
7244,0.7526898980140686,496.9146305397153,0.0,4817.29248046875,7064.0,257.4112271768972
7245,0.7669763565063477,678.9037121552974,0.0,4817.29248046875,7064.0,257.4453842099756
7246,0.7470187544822693,799.0950677599758,0.0,4817.29248046875,7064.0,257.4792070268886
7247,0.6682467460632324,683.7580163488165,0.0,4817.29248046875,7064.0,257.5132109259721
7248,1.010144591331482,671.9657393489033,0.0,4817.29248046875,7064.0,257.5474289759295
7249,1.046763300895691,1300.8111713007092,0.0,4817.29248046875,7064.0,257.5813357149018
7250,0.48627591133117676,406.8451622836292,0.0,4817.29248046875,7064.0,257.61528409889434
7251,0.7232005000114441,609.7422731593251,0.0,4817.29248046875,7064.0,257.6492005100008
7252,0.7165347933769226,392.53299058042467,0.0,4817.29248046875,7064.0,257.6831514319638
7253,0.7539572715759277,624.6410574074835,0.0,4817.29248046875,7064.0,257.71714661689475
7254,0.8382335901260376,892.3086857106537,0.0,4817.29248046875,7064.0,257.751008177991
7255,0.7956710457801819,690.9863617047668,0.0,4817.29248046875,7064.0,257.78484361898154
7256,1.1509286165237427,888.0560367442667,0.0,4817.29248046875,7064.0,257.81873439089395
7257,0.9219229221343994,820.7883066162467,0.0,4817.29248046875,7064.0,257.8526231430005
7258,0.6444665789604187,574.2956588789821,0.0,4817.29248046875,7064.0,257.8865425789263
7259,0.7277832627296448,585.2587450575083,0.0,4817.29248046875,7064.0,257.92041528690606
7260,0.5918907523155212,583.0282309893519,0.0,4817.29248046875,7064.0,257.9543734029867
7261,0.685789167881012,947.0826000608504,0.0,4817.29248046875,7064.0,257.98835866199806
7262,0.881411612033844,594.4857230745256,0.0,4817.29248046875,7064.0,258.02218244294636
7263,0.6327199339866638,424.3212816696614,0.0,4817.29248046875,7064.0,258.0561378779821
7264,0.6028180718421936,499.8583350814879,0.0,4817.29248046875,7064.0,258.09012954996433
7265,0.8563302159309387,861.1161567680538,0.0,4817.29248046875,7064.0,258.1238870959496
7266,0.6953662037849426,682.8626998439431,0.0,4817.29248046875,7064.0,258.1577609459637
7267,0.8206664323806763,709.1701264176518,0.0,4817.29248046875,7064.0,258.19154527795035
7268,0.5943922996520996,533.1402901904657,0.0,4817.29248046875,7064.0,258.2254018499516
7269,0.5861989855766296,497.7608924265951,0.0,4817.29248046875,7064.0,258.2593720268924
7270,0.722575306892395,519.9902518521994,0.0,4817.29248046875,7064.0,258.29330212494824
7271,0.9217373728752136,813.2686848565936,0.0,4817.29248046875,7064.0,258.3272460718872
7272,0.7476098537445068,667.8898615501821,0.0,4817.29248046875,7064.0,258.36117650498636
7273,0.5438315272331238,432.0469695162028,0.0,4817.29248046875,7064.0,258.3951152799418
7274,1.2775702476501465,798.5895027033985,0.0,4817.29248046875,7064.0,258.42932153795846
7275,0.949597954750061,712.8371472582221,0.0,4817.29248046875,7064.0,258.46317067497876
7276,0.5522375702857971,447.0851158890873,0.0,4817.29248046875,7064.0,258.4973184039118
7277,0.7484861612319946,521.9948455542326,0.0,4817.29248046875,7064.0,258.5311793779256
7278,0.5730486512184143,695.3333598896861,0.0,4817.29248046875,7064.0,258.56513296591584
7279,0.9565449953079224,664.1713682971895,0.0,4817.29248046875,7064.0,258.598941798904
7280,0.9898442029953003,1384.1543766520917,0.0,4817.29248046875,7064.0,258.63292802497745
7281,0.5734331607818604,499.8271447699517,0.0,4817.29248046875,7064.0,258.66678972390946
7282,0.9869312644004822,671.3359383698553,0.0,4817.29248046875,7064.0,258.7006994879339
7283,0.48952236771583557,325.7572830240242,0.0,4817.29248046875,7064.0,258.7344859549776
7284,0.42041778564453125,392.3496474768035,0.0,4817.29248046875,7064.0,258.7684055099962
7285,0.7037086486816406,776.0992491804063,0.0,4817.29248046875,7064.0,258.80239705590066
7286,0.8239062428474426,723.4507084805518,0.0,4817.29248046875,7064.0,258.83651296189055
7287,0.8206794857978821,1078.746922366321,0.0,4817.29248046875,7064.0,258.8704509779345
7288,0.7642226815223694,639.813369108364,0.0,4817.29248046875,7064.0,258.9045001969207
7289,0.6740401983261108,405.1434922348708,0.0,4817.29248046875,7064.0,258.93847278598696
7290,0.5152072906494141,383.6016077529639,0.0,4817.29248046875,7064.0,258.9724742259132
7291,0.5496076941490173,516.1055654864758,0.0,4817.29248046875,7064.0,259.00631363491993
7292,0.46118229627609253,534.3660067273304,0.0,4817.29248046875,7064.0,259.0402358249994
7293,0.5922620296478271,588.930389104411,0.0,4817.29248046875,7064.0,259.0740691779647
7294,0.6175711750984192,461.1863437779248,0.0,4817.29248046875,7064.0,259.10798447800335
7295,0.7579889297485352,699.4831567890942,0.0,4817.29248046875,7064.0,259.1418550979579
7296,0.8940449357032776,737.6184470839798,0.0,4817.29248046875,7064.0,259.1758731349837
7297,1.1593189239501953,2960.0602935403585,0.0,4817.29248046875,7064.0,259.2098344099941
7298,0.6909820437431335,630.2607952784747,0.0,4817.29248046875,7064.0,259.24366517097224
7299,0.8500628471374512,591.8680850230157,0.0,4817.29248046875,7064.0,259.277623842936
7300,0.9794453382492065,743.0342725738883,0.0,4817.29248046875,7064.0,259.31151051598135
7301,0.68131422996521,816.4222176745534,0.0,4817.29248046875,7064.0,259.3453939999454
7302,0.5757052898406982,486.91493759304285,0.0,4817.29248046875,7064.0,259.37931724789087
7303,0.8282171487808228,603.545685775578,0.0,4817.29248046875,7064.0,259.4131839548936
7304,1.0546115636825562,858.4424761794508,0.0,4817.29248046875,7064.0,259.4470790718915
7305,0.5233138799667358,386.43291935138404,0.0,4817.29248046875,7064.0,259.48110784892924
7306,0.9676552414894104,863.0821398738772,0.0,4817.29248046875,7064.0,259.51503552799113
7307,0.6598467826843262,587.6961682364345,0.0,4817.29248046875,7064.0,259.5490313739283
7308,0.683258056640625,644.1482315585017,0.0,4817.29248046875,7064.0,259.5829183529131
7309,0.7194496989250183,590.8585167340934,0.0,4817.29248046875,7064.0,259.616843542899
7310,0.9349721670150757,1210.3897674828768,0.0,4817.29248046875,7064.0,259.65069815400057
7311,1.0343151092529297,645.0920061729848,0.0,4817.29248046875,7064.0,259.68474812898785
7312,0.5581203103065491,615.2383339945227,0.0,4817.29248046875,7064.0,259.71872146998066
7313,0.7256617546081543,558.2895688544959,0.0,4817.29248046875,7064.0,259.7526434339816
7314,0.6945643424987793,607.0568066369742,0.0,4817.29248046875,7064.0,259.78657908400055
7315,1.2164702415466309,1314.2267877571285,0.0,4817.29248046875,7064.0,259.8205437309807
7316,0.8104149103164673,748.0007085576653,0.0,4817.29248046875,7064.0,259.8543780639302
7317,0.9096364974975586,764.0494860801846,0.0,4817.29248046875,7064.0,259.8883207179606
7318,1.057653546333313,1139.2643216587603,0.0,4817.29248046875,7064.0,259.9222600699868
7319,1.2659761905670166,967.8883006721735,0.0,4817.29248046875,7064.0,259.95622062892653
7320,0.7355108261108398,666.7099345847964,0.0,4817.29248046875,7064.0,259.9903161559487
7321,0.6046246290206909,523.2746088262647,0.0,4817.29248046875,7064.0,260.024246524903
7322,0.6326754689216614,689.4566898401827,0.0,4817.29248046875,7064.0,260.05806863994803
7323,0.9388508796691895,929.9522650167346,0.0,4817.29248046875,7064.0,260.09192930790596
7324,0.8433923721313477,833.6364440787584,0.0,4817.29248046875,7064.0,260.1258259289898
7325,0.939196765422821,1006.2394706830382,0.0,4817.29248046875,7064.0,260.15976788289845
7326,0.9584060907363892,595.4398740138859,0.0,4817.29248046875,7064.0,260.19364019297063
7327,0.8870434165000916,827.2150209564716,0.0,4817.29248046875,7064.0,260.2274624699494
7328,0.55638587474823,433.05305383354425,0.0,4817.29248046875,7064.0,260.2613938408904
7329,0.822865903377533,653.9786779545248,0.0,4817.29248046875,7064.0,260.2951842059847
7330,1.0246998071670532,1015.9180308356881,0.0,4817.29248046875,7064.0,260.3291225489229
7331,0.900406539440155,853.1083524152637,0.0,4817.29248046875,7064.0,260.36293886997737
7332,0.6839118599891663,469.67293440923095,0.0,4817.29248046875,7064.0,260.39697416790295
7333,0.5920363664627075,809.9477564049885,0.0,4817.29248046875,7064.0,260.4308420639718
7334,0.9016215205192566,682.4217243138701,0.0,4817.29248046875,7064.0,260.4648154180031
7335,0.5244734883308411,337.9611393706873,0.0,4817.29248046875,7064.0,260.4988683629781
7336,0.9546542167663574,782.0291560832411,0.0,4817.29248046875,7064.0,260.5327448839089
7337,0.7779502868652344,493.62418459914625,0.0,4817.29248046875,7064.0,260.5666345269419
7338,0.8325876593589783,416.1085863877088,0.0,4817.29248046875,7064.0,260.60059177095536
7339,0.6425802707672119,642.7231413247064,0.0,4817.29248046875,7064.0,260.63454618596006
7340,1.03776216506958,537.0667773932219,0.0,4817.29248046875,7064.0,260.6685539849568
7341,0.9178544282913208,709.7632658183575,0.0,4817.29248046875,7064.0,260.7024754669983
7342,0.9246371388435364,875.3865119703114,0.0,4817.29248046875,7064.0,260.7364639749285
7343,0.7560349106788635,532.5598468668759,0.0,4817.29248046875,7064.0,260.7705189639237
7344,0.6733946800231934,610.449148664251,0.0,4817.29248046875,7064.0,260.8045449979836
7345,1.3235946893692017,681.6638671532273,0.0,4817.29248046875,7064.0,260.83848938089795
7346,0.7067508697509766,526.6559269400313,0.0,4817.29248046875,7064.0,260.8723061908968
7347,0.7492620348930359,533.3162783551961,0.0,4817.29248046875,7064.0,260.9061329769902
7348,0.8490118980407715,389.4532537292689,0.0,4817.29248046875,7064.0,260.9400681878906
7349,0.4306614100933075,230.11428498243913,0.0,4817.29248046875,7064.0,260.9741271910025
7350,1.0042098760604858,469.2295682262629,0.0,4817.29248046875,7064.0,261.00808901397977
7351,0.7658072113990784,696.0925670191646,0.0,4817.29248046875,7064.0,261.04202563199215
7352,0.6654693484306335,652.0383256170899,0.0,4817.29248046875,7064.0,261.07593632594217
7353,0.501477837562561,422.08133053500205,0.0,4817.29248046875,7064.0,261.10990704991855
7354,0.617072582244873,472.6425983607769,0.0,4817.29248046875,7064.0,261.14379227592144
7355,0.6999607682228088,715.5371549148113,0.0,4817.29248046875,7064.0,261.1777609689161
7356,0.8202522397041321,575.210828229785,0.0,4817.29248046875,7064.0,261.2115464839153
7357,0.9273949861526489,653.1187975257635,0.0,4817.29248046875,7064.0,261.2455135959899
7358,1.060141921043396,717.081016888842,0.0,4817.29248046875,7064.0,261.27942798798904
7359,0.6477083563804626,894.3473501764238,0.0,4817.29248046875,7064.0,261.31346500490326
7360,0.6283694505691528,571.2346026413143,0.0,4817.29248046875,7064.0,261.3473050649045
7361,0.7642810940742493,595.4497521370649,0.0,4817.29248046875,7064.0,261.3812044849619
7362,0.7032350301742554,602.338800964877,0.0,4817.29248046875,7064.0,261.4150808888953
7363,0.713235080242157,517.8910799855366,0.0,4817.29248046875,7064.0,261.4491102229804
7364,0.7155205607414246,345.982398445718,0.0,4817.29248046875,7064.0,261.4831931559602
7365,0.5109410881996155,419.1946883043274,0.0,4817.29248046875,7064.0,261.5172383199679
7366,0.6435766816139221,396.5606779847294,0.0,4817.29248046875,7064.0,261.55125015589874
7367,1.0433316230773926,770.8373907022178,0.0,4817.29248046875,7064.0,261.5851079899585
7368,0.7914126515388489,576.9746466688812,0.0,4817.29248046875,7064.0,261.61897143896203
7369,0.7321504354476929,470.8508897665888,0.0,4817.29248046875,7064.0,261.6528247219976
7370,0.7491939663887024,507.2672712728381,0.0,4817.29248046875,7064.0,261.6866328049218
7371,0.5397771000862122,475.7702023293823,0.0,4817.29248046875,7064.0,261.72057067090645
7372,0.8576637506484985,880.4504976570606,0.0,4817.29248046875,7064.0,261.7543903508922
7373,0.6351513266563416,463.9400233589113,0.0,4817.29248046875,7064.0,261.78832499997225
7374,0.5926634073257446,493.53639846574515,0.0,4817.29248046875,7064.0,261.8221440559719
7375,0.971248209476471,848.5326567105949,0.0,4817.29248046875,7064.0,261.8560255499324
7376,0.8570497035980225,772.5772078894079,0.0,4817.29248046875,7064.0,261.88987468299456
7377,0.786579966545105,457.1821701871231,0.0,4817.29248046875,7064.0,261.9237326818984
7378,0.8850577473640442,645.3078514114022,0.0,4817.29248046875,7064.0,261.9577340139076
7379,0.7081156373023987,777.266392339021,0.0,4817.29248046875,7064.0,261.9918173139449
7380,0.6497809886932373,468.3368416996673,0.0,4817.29248046875,7064.0,262.0257319730008
7381,0.887476921081543,761.478531902656,0.0,4817.29248046875,7064.0,262.05991723795887
7382,1.1489115953445435,642.7700547240674,0.0,4817.29248046875,7064.0,262.0938861659961
7383,0.6415704488754272,693.1224714647979,0.0,4817.29248046875,7064.0,262.1277214989532
7384,0.9658711552619934,637.3943424616009,0.0,4817.29248046875,7064.0,262.16167142696213
7385,0.8801787495613098,745.1770029328763,0.0,4817.29248046875,7064.0,262.195584038971
7386,1.1236127614974976,1175.098986916244,0.0,4817.29248046875,7064.0,262.22951156890485
7387,0.9019152522087097,903.1854683831334,0.0,4817.29248046875,7064.0,262.2634146719938
7388,0.5648022294044495,419.440539711155,0.0,4817.29248046875,7064.0,262.29732259293087
7389,0.6746750473976135,637.5357648022473,0.0,4817.29248046875,7064.0,262.33128767099697
7390,0.723278284072876,595.4990652017295,0.0,4817.29248046875,7064.0,262.3652399079874
7391,0.6158655285835266,560.469934400171,0.0,4817.29248046875,7064.0,262.39929698593915
7392,0.7300558686256409,601.8316716514528,0.0,4817.29248046875,7064.0,262.4332734938944
7393,0.6763089299201965,611.5870195813477,0.0,4817.29248046875,7064.0,262.4672317079967
7394,0.6134396195411682,445.13727492280304,0.0,4817.29248046875,7064.0,262.5011729649268
7395,1.2072490453720093,719.0563744045794,0.0,4817.29248046875,7064.0,262.53512884897646
7396,0.5231431126594543,623.9639668408781,0.0,4817.29248046875,7064.0,262.5687791989185
7397,0.6555947065353394,496.90479015372694,0.0,4817.29248046875,7064.0,262.6028496159706
7398,0.6910420060157776,694.143548947759,0.0,4817.29248046875,7064.0,262.63685405196156
7399,0.9566019177436829,653.6965792048723,0.0,4817.29248046875,7064.0,262.6706649279222
7400,1.3680901527404785,576.1222829408944,0.0,4817.29248046875,7064.0,262.7048500200035
7401,1.3515021800994873,632.0393518470228,0.0,4817.29248046875,7064.0,262.7390808929922
7402,0.7100371718406677,406.9074345668778,0.0,4817.29248046875,7064.0,262.77302072092425
7403,0.6478556394577026,569.2971809366718,0.0,4817.29248046875,7064.0,262.8069535079412
7404,1.048956274986267,1007.5361958220601,0.0,4817.29248046875,7064.0,262.84125901490916
7405,0.4927200973033905,430.5627141324803,0.0,4817.29248046875,7064.0,262.8751638738904
7406,0.6212135553359985,522.5675185155123,0.0,4817.29248046875,7064.0,262.90922380797565
7407,0.5612969994544983,598.4707581568509,0.0,4817.29248046875,7064.0,262.94314420898445
7408,0.9451754093170166,719.7411410789937,0.0,4817.29248046875,7064.0,262.97703880397603
7409,0.7693779468536377,884.5865268968046,0.0,4817.29248046875,7064.0,263.0110886578914
7410,0.9405472874641418,831.5662532001734,0.0,4817.29248046875,7064.0,263.04498022794724
7411,0.6370688080787659,428.791850393638,0.0,4817.29248046875,7064.0,263.07894924189895
7412,0.6382356882095337,547.9511333871633,0.0,4817.29248046875,7064.0,263.11293356493115
7413,0.7054962515830994,630.2831232193857,0.0,4817.29248046875,7064.0,263.1469037269708
7414,0.6901037693023682,525.0941168926656,0.0,4817.29248046875,7064.0,263.1808450919343
7415,0.5547560453414917,521.930290251039,0.0,4817.29248046875,7064.0,263.21476675989106
7416,0.7176781296730042,615.6735448092222,0.0,4817.29248046875,7064.0,263.248568257899
7417,0.5289912819862366,664.4343248344958,0.0,4817.29248046875,7064.0,263.2825192089658
7418,0.9882784485816956,823.9077133387327,0.0,4817.29248046875,7064.0,263.3163842569338
7419,0.6901509761810303,501.5601054150611,0.0,4817.29248046875,7064.0,263.35030813294
7420,0.5440232157707214,412.24617094453424,0.0,4817.29248046875,7064.0,263.3842457489809
7421,0.8243904113769531,773.726716754958,0.0,4817.29248046875,7064.0,263.41814488591626
7422,0.6624546647071838,944.7835463099182,0.0,4817.29248046875,7064.0,263.4520962398965
7423,0.8927004933357239,684.1494492553174,0.0,4817.29248046875,7064.0,263.48613513994496
7424,0.8391271233558655,400.6001703552902,0.0,4817.29248046875,7064.0,263.52007039496675
7425,0.6064767837524414,401.38981792889535,0.0,4817.29248046875,7064.0,263.5539875299437
7426,0.8039348125457764,558.5041768401861,0.0,4817.29248046875,7064.0,263.5879521369934
7427,0.5926423072814941,494.41992278024554,0.0,4817.29248046875,7064.0,263.6218344209483
7428,0.8236262202262878,575.275819583796,0.0,4817.29248046875,7064.0,263.65573710098397
7429,0.6188173294067383,616.8751736674458,0.0,4817.29248046875,7064.0,263.6896860098932
7430,0.6932457089424133,666.7870414387435,0.0,4817.29248046875,7064.0,263.7236194149591
7431,0.6914886236190796,598.8008213099092,0.0,4817.29248046875,7064.0,263.75752284098417
7432,0.7769083380699158,594.7678934969008,0.0,4817.29248046875,7064.0,263.79149749095086
7433,0.8215342164039612,794.7141615077853,0.0,4817.29248046875,7064.0,263.8253790149465
7434,0.6499810218811035,379.8348901960999,0.0,4817.29248046875,7064.0,263.8592995519284
7435,0.4828360378742218,577.262432327494,0.0,4817.29248046875,7064.0,263.89315984991845
7436,0.5664222240447998,560.8093683160841,0.0,4817.29248046875,7064.0,263.9267861729022
7437,0.9981651902198792,844.932586222887,0.0,4817.29248046875,7064.0,263.96074047498405
7438,0.8928077816963196,585.3880151193589,0.0,4817.29248046875,7064.0,263.9947708529653
7439,0.5293385982513428,615.2923086490482,0.0,4817.29248046875,7064.0,264.02871773496736
7440,0.6405524015426636,510.935335541144,0.0,4817.29248046875,7064.0,264.13483947794884
7441,0.6648734211921692,591.3165801279247,0.0,4817.29248046875,7064.0,264.1692774849944
7442,0.9795117974281311,806.1030187960714,0.0,4817.29248046875,7064.0,264.20337091898546
7443,0.946438193321228,754.2091735899448,0.0,4817.29248046875,7064.0,264.2373716379516
7444,0.4772275686264038,349.7393410168588,0.0,4817.29248046875,7064.0,264.27142910298426
7445,0.6352111101150513,463.10381226427853,0.0,4817.29248046875,7064.0,264.3055433409754
7446,0.6127966642379761,451.9281378351152,0.0,4817.29248046875,7064.0,264.33940850698855
7447,0.6839406490325928,476.2334370696917,0.0,4817.29248046875,7064.0,264.37337885494344
7448,0.5517252683639526,403.22789468988776,0.0,4817.29248046875,7064.0,264.4072838400025
7449,0.6076391935348511,457.9332928885706,0.0,4817.29248046875,7064.0,264.441259264946
7450,0.8799316883087158,581.3429381363094,0.0,4817.29248046875,7064.0,264.47525238397066
7451,0.6221814155578613,523.6030093319714,0.0,4817.29248046875,7064.0,264.50927076896187
7452,0.5543891191482544,416.5005879290402,0.0,4817.29248046875,7064.0,264.54325943789445
7453,0.7071141600608826,620.6957840491086,0.0,4817.29248046875,7064.0,264.577297515003
7454,0.7155749797821045,437.6073871962726,0.0,4817.29248046875,7064.0,264.61129065591376
7455,0.9942148923873901,710.2046438772231,0.0,4817.29248046875,7064.0,264.64550728490576
7456,0.8709026575088501,602.5042643137276,0.0,4817.29248046875,7064.0,264.6794271399267
7457,0.7452375888824463,450.93328286893666,0.0,4817.29248046875,7064.0,264.71335055993404
7458,0.661471962928772,484.36983427219093,0.0,4817.29248046875,7064.0,264.74727637390606
7459,0.535047173500061,534.8411627681926,0.0,4817.29248046875,7064.0,264.7813105098903
7460,0.6173240542411804,570.3537314925343,0.0,4817.29248046875,7064.0,264.8152522459859
7461,0.5635623335838318,1005.8446104601026,0.0,4817.29248046875,7064.0,264.84919573098887
7462,0.8767336010932922,650.9120597653091,0.0,4817.29248046875,7064.0,264.8831292069517
7463,0.6677616834640503,456.52206092327833,0.0,4817.29248046875,7064.0,264.9169742818922
7464,0.6431009769439697,663.4905800446868,0.0,4817.29248046875,7064.0,264.95088189898524
7465,1.020150899887085,643.2157277073711,0.0,4817.29248046875,7064.0,264.9849415429635
7466,0.6766538023948669,520.8779998682439,0.0,4817.29248046875,7064.0,265.018941127928
7467,0.742378294467926,772.8853350915015,0.0,4817.29248046875,7064.0,265.0529321539216
7468,0.7429748773574829,528.3892121128738,0.0,4817.29248046875,7064.0,265.0869090099586
7469,0.9387511014938354,784.923581732437,0.0,4817.29248046875,7064.0,265.12090704089496
7470,0.6731469631195068,654.6085296981037,0.0,4817.29248046875,7064.0,265.15493082790636
7471,0.5842068791389465,490.8046273216605,0.0,4817.29248046875,7064.0,265.18892823392525
7472,0.5114452242851257,462.97575214877725,0.0,4817.29248046875,7064.0,265.2228497979231
7473,0.5738019347190857,503.09373709745705,0.0,4817.29248046875,7064.0,265.2567163539352
7474,0.6082237362861633,558.2641098685563,0.0,4817.29248046875,7064.0,265.2905746609904
7475,1.2368433475494385,939.11720902659,0.0,4817.29248046875,7064.0,265.32441301993094
7476,0.5540891289710999,419.7469772528857,0.0,4817.29248046875,7064.0,265.3583269229857
7477,0.6511839032173157,650.8713637851179,0.0,4817.29248046875,7064.0,265.39227740396746
7478,0.7081577181816101,658.0130639914423,0.0,4817.29248046875,7064.0,265.42621198494453
7479,0.5098506212234497,366.06508401967585,0.0,4817.29248046875,7064.0,265.46021073893644
7480,1.101080060005188,699.1118482723832,0.0,4817.29248046875,7064.0,265.4942198919598
7481,0.5802280306816101,413.1578529328108,0.0,4817.29248046875,7064.0,265.52818158990704
7482,0.786419153213501,859.5428098477423,0.0,4817.29248046875,7064.0,265.56219710200094
7483,0.5600722432136536,529.6572951776907,0.0,4817.29248046875,7064.0,265.5961943969596
7484,0.7261735796928406,703.3164351731539,0.0,4817.29248046875,7064.0,265.6303133768961
7485,0.7591353058815002,701.3724004141986,0.0,4817.29248046875,7064.0,265.66417194192763
7486,0.6187258362770081,538.9456618763506,0.0,4817.29248046875,7064.0,265.6981571048964
7487,0.8407146334648132,616.5338564086705,0.0,4817.29248046875,7064.0,265.7320381499594
7488,0.6363311409950256,491.9186662416905,0.0,4817.29248046875,7064.0,265.7659662759397
7489,0.9636313319206238,625.9669948481023,0.0,4817.29248046875,7064.0,265.79999112396035
7490,0.6130899786949158,576.9133234266192,0.0,4817.29248046875,7064.0,265.8339834699873
7491,0.7678244709968567,715.0891447290778,0.0,4817.29248046875,7064.0,265.8678707269719
7492,0.682124674320221,512.214868305251,0.0,4817.29248046875,7064.0,265.9017294999212
7493,0.9734750986099243,855.8437687242404,0.0,4817.29248046875,7064.0,265.93588865490165
7494,0.8731482625007629,685.1659531258047,0.0,4817.29248046875,7064.0,265.96989248495083
7495,0.654930830001831,515.9467930514365,0.0,4817.29248046875,7064.0,266.0039183339104
7496,0.8159226179122925,708.7165428716689,0.0,4817.29248046875,7064.0,266.0379287089454
7497,0.9133485555648804,906.3716699313372,0.0,4817.29248046875,7064.0,266.0720800498966
7498,0.8425029516220093,648.492921454832,0.0,4817.29248046875,7064.0,266.1061432939023
7499,0.5963394641876221,411.51310852356255,0.0,4817.29248046875,7064.0,266.14008044998627
7500,0.9362401962280273,689.0880196271464,0.0,4817.29248046875,7064.0,266.174294315977
7501,0.7042029500007629,560.8714678157121,0.0,4817.29248046875,7064.0,266.2081966579426
7502,0.8920375108718872,747.9238600265235,0.0,4817.29248046875,7064.0,266.24211018299684
7503,0.7961585521697998,684.4920956343412,0.0,4817.29248046875,7064.0,266.27610548294615
7504,1.0491081476211548,948.4576661549509,0.0,4817.29248046875,7064.0,266.30996882892214
7505,0.5189028382301331,303.00304338894784,0.0,4817.29248046875,7064.0,266.34398410399444
7506,0.9709427356719971,849.0954615399241,0.0,4817.29248046875,7064.0,266.3778640528908
7507,0.5638412833213806,434.23132001794875,0.0,4817.29248046875,7064.0,266.41198393295053
7508,0.5798612236976624,480.7003659363836,0.0,4817.29248046875,7064.0,266.44598455599044
7509,0.8710899353027344,640.4077110737562,0.0,4817.29248046875,7064.0,266.47995531198103
7510,1.011215329170227,1105.8002256080508,0.0,4817.29248046875,7064.0,266.5139298439026
7511,0.6250596046447754,489.8482331354171,0.0,4817.29248046875,7064.0,266.54792643897235
7512,0.5995711088180542,462.7711433134973,0.0,4817.29248046875,7064.0,266.5817540739663
7513,0.6114446520805359,680.8652808647603,0.0,4817.29248046875,7064.0,266.61568467796315
7514,0.6406394243240356,658.0587464347482,0.0,4817.29248046875,7064.0,266.64963391888887
7515,0.6756822466850281,411.02183213829994,0.0,4817.29248046875,7064.0,266.6837365279207
7516,0.8253693580627441,846.8665326666087,0.0,4817.29248046875,7064.0,266.71757323190104
7517,0.912686288356781,709.2500540688634,0.0,4817.29248046875,7064.0,266.75147604895756
7518,0.8654721975326538,762.0906541831791,0.0,4817.29248046875,7064.0,266.78535735199694
7519,0.475315123796463,673.470006255433,0.0,4817.29248046875,7064.0,266.81916305900086
7520,0.7673446536064148,844.4317479068413,0.0,4817.29248046875,7064.0,266.85344529896975
7521,0.7045331001281738,523.3040662743151,0.0,4817.29248046875,7064.0,266.8873066519154
7522,1.0429656505584717,869.7103785462677,0.0,4817.29248046875,7064.0,266.9212650239933
7523,1.0693682432174683,779.4490276500583,0.0,4817.29248046875,7064.0,266.95515387598425
7524,0.7150387167930603,629.9100688993931,0.0,4817.29248046875,7064.0,266.98922175192274
7525,0.6395833492279053,510.0123456949368,0.0,4817.29248046875,7064.0,267.0230832059169
7526,0.5432755947113037,445.6379737071693,0.0,4817.29248046875,7064.0,267.05699306796305
7527,0.6536650061607361,653.8471173197031,0.0,4817.29248046875,7064.0,267.0908422959037
7528,0.670609176158905,478.09605696145445,0.0,4817.29248046875,7064.0,267.1247251579771
7529,1.2428491115570068,1146.0789847001433,0.0,4817.29248046875,7064.0,267.1586621119641
7530,1.0133956670761108,885.2847984321415,0.0,4817.29248046875,7064.0,267.19261821499094
7531,0.7398278713226318,633.1800117269158,0.0,4817.29248046875,7064.0,267.2265474939486
7532,0.7813574075698853,699.3700272133574,0.0,4817.29248046875,7064.0,267.26035713299643
7533,0.6037102937698364,534.0998520366848,0.0,4817.29248046875,7064.0,267.29426706791855
7534,0.5954650640487671,480.4675793563947,0.0,4817.29248046875,7064.0,267.3282801070018
7535,0.8234040141105652,535.2138680890203,0.0,4817.29248046875,7064.0,267.36222393391654
7536,0.5176877379417419,541.9762380160391,0.0,4817.29248046875,7064.0,267.39618416293524
7537,0.8566042184829712,946.5937627963722,0.0,4817.29248046875,7064.0,267.4303971839836
7538,0.8499671220779419,1074.5128839351237,0.0,4817.29248046875,7064.0,267.46425566996913
7539,0.9104558825492859,791.2693417491391,0.0,4817.29248046875,7064.0,267.4985086179804
7540,0.5539090633392334,368.3459140099585,0.0,4817.29248046875,7064.0,267.5324368790025
7541,0.7284961342811584,681.9503054134548,0.0,4817.29248046875,7064.0,267.56640085193794
7542,0.9027743935585022,827.2086029648781,0.0,4817.29248046875,7064.0,267.6005082639167
7543,1.3675224781036377,611.5734898336232,0.0,4817.29248046875,7064.0,267.6350004749838
7544,0.6250733733177185,535.5113131599501,0.0,4817.29248046875,7064.0,267.66897459398024
7545,0.9479764699935913,911.9885383779183,0.0,4817.29248046875,7064.0,267.70287369191647
7546,0.8117565512657166,498.61068803444505,0.0,4817.29248046875,7064.0,267.73685843893327
7547,0.7251029014587402,779.2712289169431,0.0,4817.29248046875,7064.0,267.77069576992653
7548,0.6562973260879517,496.7520412877202,0.0,4817.29248046875,7064.0,267.80474277294707
7549,0.5833961963653564,494.1231999602169,0.0,4817.29248046875,7064.0,267.83875912590884
7550,0.9878040552139282,711.3067264929414,0.0,4817.29248046875,7064.0,267.87257784593385
7551,0.7708476185798645,581.8926547802985,0.0,4817.29248046875,7064.0,267.90664116397966
7552,0.7406906485557556,421.56274127215147,0.0,4817.29248046875,7064.0,267.94055928697344
7553,0.578303337097168,368.920627232641,0.0,4817.29248046875,7064.0,267.9745728248963
7554,0.6277933716773987,415.74506090581417,0.0,4817.29248046875,7064.0,268.0085445930017
7555,0.5706163048744202,522.5562016051263,0.0,4817.29248046875,7064.0,268.0425366079435
7556,0.6918533444404602,523.4207438211888,0.0,4817.29248046875,7064.0,268.076565937954
7557,0.5825772285461426,389.03351651877165,0.0,4817.29248046875,7064.0,268.10920624493156
7558,0.9317205548286438,637.4484899900854,0.0,4817.29248046875,7064.0,268.14315851498395
7559,0.6112910509109497,469.7266770163551,0.0,4817.29248046875,7064.0,268.17715311597567
7560,0.6560912728309631,640.0515912771225,0.0,4817.29248046875,7064.0,268.21100228396244
7561,0.6016368269920349,448.4186668917537,0.0,4817.29248046875,7064.0,268.24504097690806
7562,0.6202453374862671,667.4411888215691,0.0,4817.29248046875,7064.0,268.2789122869726
7563,0.7276126146316528,836.0506983026862,0.0,4817.29248046875,7064.0,268.31281369691715
7564,0.7316637635231018,611.8151886034757,0.0,4817.29248046875,7064.0,268.34673406998627
7565,0.5761591792106628,413.8876149710268,0.0,4817.29248046875,7064.0,268.38067979889456
7566,0.5398325324058533,609.9666730388999,0.0,4817.29248046875,7064.0,268.4145875609247
7567,0.607695996761322,410.08541947975755,0.0,4817.29248046875,7064.0,268.44855997292325
7568,0.5095701813697815,432.2215772625059,0.0,4817.29248046875,7064.0,268.48252995696384
7569,0.6353060007095337,560.9199220854789,0.0,4817.29248046875,7064.0,268.51649395690765
7570,0.8063166737556458,629.3554069846869,0.0,4817.29248046875,7064.0,268.55046666797716
7571,0.49356523156166077,365.931710164994,0.0,4817.29248046875,7064.0,268.5845585959032
7572,0.5838416814804077,361.7971706036478,0.0,4817.29248046875,7064.0,268.6185112299863
7573,0.6598978638648987,469.18756999634206,0.0,4817.29248046875,7064.0,268.6525253689615
7574,0.46853429079055786,341.8748887218535,0.0,4817.29248046875,7064.0,268.6864458778873
7575,0.9680439829826355,709.9133117953315,0.0,4817.29248046875,7064.0,268.7205958549166
7576,0.6747195720672607,512.5618504527956,0.0,4817.29248046875,7064.0,268.7545156489359
7577,0.619774580001831,528.8020615056157,0.0,4817.29248046875,7064.0,268.7883282159455
7578,0.7694969773292542,557.0956684593111,0.0,4817.29248046875,7064.0,268.82247339293826
7579,0.5102722644805908,230.88153791055083,0.0,4817.29248046875,7064.0,268.85655024589505
7580,0.5105672478675842,454.2159627247602,0.0,4817.29248046875,7064.0,268.89037088199984
7581,0.49169522523880005,346.13412685971707,0.0,4817.29248046875,7064.0,268.92434804397635
7582,0.8939521312713623,979.400002297014,0.0,4817.29248046875,7064.0,268.9581646049628
7583,0.6345319747924805,575.5233785659075,0.0,4817.29248046875,7064.0,268.99217549792957
7584,0.5623364448547363,379.84185254760087,0.0,4817.29248046875,7064.0,269.02617526997346
7585,0.8574443459510803,729.6534681655467,0.0,4817.29248046875,7064.0,269.0601745758904
7586,0.5964435935020447,387.9379918659106,0.0,4817.29248046875,7064.0,269.0941705239238
7587,0.6406884789466858,777.5246137678623,0.0,4817.29248046875,7064.0,269.12816488498356
7588,1.2357993125915527,712.8564288523048,0.0,4817.29248046875,7064.0,269.1622199269477
7589,0.7551939487457275,609.9042968256399,0.0,4817.29248046875,7064.0,269.1961529639084
7590,0.5622244477272034,515.5413978993893,0.0,4817.29248046875,7064.0,269.22994935989846
7591,0.6101864576339722,527.8309654090554,0.0,4817.29248046875,7064.0,269.2638099140022
7592,0.7295092940330505,479.90902041550726,0.0,4817.29248046875,7064.0,269.2977420249954
7593,0.9907890558242798,834.1126855835319,0.0,4817.29248046875,7064.0,269.33165091997944
7594,0.6941688060760498,1018.8067515194416,0.0,4817.29248046875,7064.0,269.3655602319632
7595,0.87298184633255,690.3942804187536,0.0,4817.29248046875,7064.0,269.39946547395084
7596,0.4839398264884949,411.4240037733689,0.0,4817.29248046875,7064.0,269.43339271692093
7597,0.5253490209579468,353.84480075724423,0.0,4817.29248046875,7064.0,269.4674798148917
7598,0.5567572712898254,526.5116720572114,0.0,4817.29248046875,7064.0,269.5014711129479
7599,0.6828792691230774,1011.7689527217299,0.0,4817.29248046875,7064.0,269.53550573496614
7600,0.41254013776779175,381.2812482248992,0.0,4817.29248046875,7064.0,269.5695088019129
7601,0.578213095664978,435.2197290956974,0.0,4817.29248046875,7064.0,269.6035048519261
7602,0.5855782628059387,461.91575229912996,0.0,4817.29248046875,7064.0,269.63744631793816
7603,0.5979561805725098,552.9256932586432,0.0,4817.29248046875,7064.0,269.6714370478876
7604,1.0126495361328125,728.1893926337361,0.0,4817.29248046875,7064.0,269.7053904379718
7605,0.6001103520393372,521.419478546828,0.0,4817.29248046875,7064.0,269.7393089039251
7606,0.549532949924469,405.7637292649597,0.0,4817.29248046875,7064.0,269.77312605897896
7607,0.7367393374443054,524.0907558277249,0.0,4817.29248046875,7064.0,269.80710516893305
7608,1.2098240852355957,662.4643259439617,0.0,4817.29248046875,7064.0,269.84132146299817
7609,0.5844042301177979,644.9086594115943,0.0,4817.29248046875,7064.0,269.8752067249734
7610,0.5948306322097778,486.40008519403636,0.0,4817.29248046875,7064.0,269.90925626293756
7611,0.5133689045906067,522.3883936582133,0.0,4817.29248046875,7064.0,269.94311692391057
7612,0.7302232980728149,550.7661943212152,0.0,4817.29248046875,7064.0,269.9770981069887
7613,0.6295775771141052,306.9836778640747,0.0,4817.29248046875,7064.0,270.0111335439142
7614,0.829825758934021,946.3195757977664,0.0,4817.29248046875,7064.0,270.0450581709156
7615,0.6699431538581848,617.890850128606,0.0,4817.29248046875,7064.0,270.07893974496983
7616,0.5300275683403015,425.3986669667065,0.0,4817.29248046875,7064.0,270.1129508749582
7617,0.9332277774810791,946.8782003335655,0.0,4817.29248046875,7064.0,270.14718887396157
7618,0.8728135824203491,958.5591620393097,0.0,4817.29248046875,7064.0,270.1811601659283
7619,0.6153563857078552,447.97517920285463,0.0,4817.29248046875,7064.0,270.21513618994504
7620,0.6128876209259033,669.2246553786099,0.0,4817.29248046875,7064.0,270.2490962339798
7621,0.7259736061096191,623.0522339679301,0.0,4817.29248046875,7064.0,270.2830862029223
7622,0.641579806804657,761.8048971891403,0.0,4817.29248046875,7064.0,270.3170395329362
7623,0.7538558840751648,680.6990770809352,0.0,4817.29248046875,7064.0,270.350952949957
7624,0.8220107555389404,592.9016837477684,0.0,4817.29248046875,7064.0,270.38489689398557
7625,1.0614932775497437,722.7805143520236,0.0,4817.29248046875,7064.0,270.41883014899213
7626,0.9124230742454529,1031.0012487843633,0.0,4817.29248046875,7064.0,270.45264310389757
7627,0.628842830657959,883.4883994571865,0.0,4817.29248046875,7064.0,270.48666579590645
7628,0.703972578048706,530.4131635520607,0.0,4817.29248046875,7064.0,270.52059447194915
7629,0.4695732593536377,325.14856705768034,0.0,4817.29248046875,7064.0,270.5544548468897
7630,0.7372808456420898,925.7913311989978,0.0,4817.29248046875,7064.0,270.5883930689888
7631,0.5951220393180847,529.0891380254179,0.0,4817.29248046875,7064.0,270.6223154729232
7632,0.4441123604774475,325.31666636653244,0.0,4817.29248046875,7064.0,270.65627967892215
7633,0.8515877723693848,516.9466972891241,0.0,4817.29248046875,7064.0,270.69014444190543
7634,0.743600606918335,619.957210233435,0.0,4817.29248046875,7064.0,270.72404646489304
7635,0.742526113986969,886.2224350431934,0.0,4817.29248046875,7064.0,270.75801080290694
7636,0.6630847454071045,505.696126466617,0.0,4817.29248046875,7064.0,270.7918840009952
7637,0.4972166419029236,262.37382839713246,0.0,4817.29248046875,7064.0,270.82587860990316
7638,0.912867546081543,1288.4230257552117,0.0,4817.29248046875,7064.0,270.85968530597165
7639,0.7035134434700012,592.2175450641662,0.0,4817.29248046875,7064.0,270.89361140993424
7640,0.7703707218170166,649.5203281641006,0.0,4817.29248046875,7064.0,270.92756701796316
7641,0.6989152431488037,692.083243926987,0.0,4817.29248046875,7064.0,270.96155011095107
7642,1.0899697542190552,1131.6259988360107,0.0,4817.29248046875,7064.0,270.9954587579705
7643,0.8044434189796448,537.6327782897279,0.0,4817.29248046875,7064.0,271.02944999793544
7644,0.8565270900726318,629.8513116426766,0.0,4817.29248046875,7064.0,271.0633173539536
7645,0.8957135677337646,730.9911915706471,0.0,4817.29248046875,7064.0,271.0975157159846
7646,0.4480869174003601,294.75100180879235,0.0,4817.29248046875,7064.0,271.1314325039275
7647,0.8483837246894836,1108.1469443365932,0.0,4817.29248046875,7064.0,271.1653122459538
7648,1.066996693611145,1375.7369607631117,0.0,4817.29248046875,7064.0,271.1992015549913
7649,0.6720759868621826,501.8563492950052,0.0,4817.29248046875,7064.0,271.2331478119595
7650,0.4120151698589325,307.96226305607706,0.0,4817.29248046875,7064.0,271.2672907389933
7651,0.5565559267997742,592.1658993866295,0.0,4817.29248046875,7064.0,271.3012541619828
7652,0.9657081365585327,1174.2790567837656,0.0,4817.29248046875,7064.0,271.33513660694007
7653,0.7540545463562012,674.6035166885704,0.0,4817.29248046875,7064.0,271.36899298394565
7654,0.5191890001296997,388.6263943128288,0.0,4817.29248046875,7064.0,271.4028173019178
7655,0.6555232405662537,614.2592012733221,0.0,4817.29248046875,7064.0,271.43679659289774
7656,0.8172990679740906,876.118163658306,0.0,4817.29248046875,7064.0,271.4706908899825
7657,0.654448926448822,598.7549513233826,0.0,4817.29248046875,7064.0,271.5047675339738
7658,0.7574660778045654,716.3284160532057,0.0,4817.29248046875,7064.0,271.5386448999634
7659,0.5952140092849731,633.2121222997084,0.0,4817.29248046875,7064.0,271.57259016192984
7660,0.6898559331893921,655.7135771661997,0.0,4817.29248046875,7064.0,271.60642899991944
7661,0.5679073929786682,481.51635341718793,0.0,4817.29248046875,7064.0,271.64042504900135
7662,0.6516929268836975,663.435820158571,0.0,4817.29248046875,7064.0,271.6742931929184
7663,0.6974247097969055,548.2250628806651,0.0,4817.29248046875,7064.0,271.7082352369325
7664,0.5857887864112854,538.3040335141122,0.0,4817.29248046875,7064.0,271.7421835399
7665,0.7534096837043762,865.7441076058894,0.0,4817.29248046875,7064.0,271.7761430199025
7666,0.6769015192985535,660.0114526487887,0.0,4817.29248046875,7064.0,271.81008075689897
7667,1.1536870002746582,799.2458615265787,0.0,4817.29248046875,7064.0,271.8440398389939
7668,0.6538921594619751,530.1673326864839,0.0,4817.29248046875,7064.0,271.87781725497916
7669,0.6747106909751892,515.4877262488008,0.0,4817.29248046875,7064.0,271.91174929693807
7670,1.1501522064208984,1012.5682690124959,0.0,4817.29248046875,7064.0,271.94567357900087
7671,0.8034523129463196,811.5294336853549,0.0,4817.29248046875,7064.0,271.97964938695077
7672,0.5694005489349365,402.02182726655155,0.0,4817.29248046875,7064.0,272.0136796949664
7673,0.9412214159965515,581.1407290734351,0.0,4817.29248046875,7064.0,272.04766047990415
7674,0.743972897529602,934.978489536792,0.0,4817.29248046875,7064.0,272.0815745209111
7675,0.4977360963821411,471.48122810944915,0.0,4817.29248046875,7064.0,272.11545076197945
7676,0.668239176273346,486.8167525725439,0.0,4817.29248046875,7064.0,272.14947436295915
7677,0.46780312061309814,512.6221166392788,0.0,4817.29248046875,7064.0,272.18342378991656
7678,0.6510941982269287,427.06447809562087,0.0,4817.29248046875,7064.0,272.21741677389946
7679,0.6894542574882507,534.6597848916426,0.0,4817.29248046875,7064.0,272.25137713889126
7680,0.850621223449707,659.740244621411,0.0,4817.29248046875,7064.0,272.2851500309771
7681,0.6577861309051514,541.9173880759627,0.0,4817.29248046875,7064.0,272.31908713898156
7682,0.782150387763977,580.0120395794511,0.0,4817.29248046875,7064.0,272.3530839548912
7683,0.7485049366950989,507.1167923081666,0.0,4817.29248046875,7064.0,272.3871814128943
7684,0.7023211121559143,584.4244731962681,0.0,4817.29248046875,7064.0,272.4210017279256
7685,0.7122625708580017,548.2612220402807,0.0,4817.29248046875,7064.0,272.45500181696843
7686,0.8165320754051208,745.2391038797796,0.0,4817.29248046875,7064.0,272.4889749509748
7687,0.7408410310745239,617.7845374681056,0.0,4817.29248046875,7064.0,272.5229476939421
7688,0.954131007194519,639.1288554780185,0.0,4817.29248046875,7064.0,272.55682461499237
7689,0.6228723526000977,612.454583004117,0.0,4817.29248046875,7064.0,272.59091339295264
7690,1.0120187997817993,831.5880074501038,0.0,4817.29248046875,7064.0,272.6248497389024
7691,0.44844210147857666,341.84726965008304,0.0,4817.29248046875,7064.0,272.65870886296034
7692,0.6350351572036743,568.5281230062246,0.0,4817.29248046875,7064.0,272.6926831549499
7693,0.7770834565162659,811.1187760494649,0.0,4817.29248046875,7064.0,272.72648006200325
7694,0.6739000082015991,530.7616227827966,0.0,4817.29248046875,7064.0,272.7603875079658
7695,0.7649668455123901,539.8228132519871,0.0,4817.29248046875,7064.0,272.79428350098897
7696,0.8280964493751526,971.9313317295164,0.0,4817.29248046875,7064.0,272.82817105192225
7697,0.6496101021766663,781.4119345713407,0.0,4817.29248046875,7064.0,272.86211628990714
7698,0.7283735871315002,748.2279340587556,0.0,4817.29248046875,7064.0,272.89605726499576
7699,0.6747210621833801,712.3667975571007,0.0,4817.29248046875,7064.0,272.9299803499598
7700,0.6993664503097534,480.2901596436277,0.0,4817.29248046875,7064.0,272.96393841295503
7701,1.0810084342956543,633.2694095578045,0.0,4817.29248046875,7064.0,272.99793941690587
7702,0.7555810213088989,567.0201736725867,0.0,4817.29248046875,7064.0,273.0320694639813
7703,0.5811315178871155,555.5253057330847,0.0,4817.29248046875,7064.0,273.06595876289066
7704,0.9782150983810425,736.5742087159306,0.0,4817.29248046875,7064.0,273.0999275438953
7705,0.5010325312614441,375.79576924815774,0.0,4817.29248046875,7064.0,273.1339619879145
7706,0.7531629800796509,571.1919669769704,0.0,4817.29248046875,7064.0,273.1679303519195
7707,0.7180454730987549,484.93817765265703,0.0,4817.29248046875,7064.0,273.2018854529597
7708,0.6256487965583801,417.921933548525,0.0,4817.29248046875,7064.0,273.2358906469308
7709,1.021368145942688,995.5598849318922,0.0,4817.29248046875,7064.0,273.2699024929898
7710,0.9697331786155701,754.9269405733794,0.0,4817.29248046875,7064.0,273.30392841796856
7711,0.9348945021629333,663.381742304191,0.0,4817.29248046875,7064.0,273.33792152791284
7712,0.6385533809661865,414.6674163080752,0.0,4817.29248046875,7064.0,273.3718657538993
7713,0.6479724645614624,267.27888858597726,0.0,4817.29248046875,7064.0,273.4058519839309
7714,0.600697934627533,473.95134630799294,0.0,4817.29248046875,7064.0,273.4398808539845
7715,0.5861778855323792,457.30155903752893,0.0,4817.29248046875,7064.0,273.4739029459888
7716,0.8124263286590576,683.9419087003917,0.0,4817.29248046875,7064.0,273.5080269109458
7717,0.6295652985572815,511.87943670526147,0.0,4817.29248046875,7064.0,273.54191049793735
7718,0.6142949461936951,483.8224052451551,0.0,4817.29248046875,7064.0,273.5758580369875
7719,0.6949511766433716,542.0372671466321,0.0,4817.29248046875,7064.0,273.60972110088915
7720,0.7706801295280457,731.7051539868116,0.0,4817.29248046875,7064.0,273.64358600997366
7721,0.9307200908660889,626.1303615607321,0.0,4817.29248046875,7064.0,273.67752258491237
7722,0.6676827669143677,467.7564020641148,0.0,4817.29248046875,7064.0,273.71152113191783
7723,0.8007940053939819,547.6292776567861,0.0,4817.29248046875,7064.0,273.74543579493184
7724,0.9897562265396118,512.0704765934497,0.0,4817.29248046875,7064.0,273.7794244349934
7725,0.7001422047615051,386.6685989545658,0.0,4817.29248046875,7064.0,273.81356655899435
7726,1.2430371046066284,1165.863862145692,0.0,4817.29248046875,7064.0,273.84744638192933
7727,0.9425182938575745,749.127245457843,0.0,4817.29248046875,7064.0,273.88143468194176
7728,0.8308005332946777,714.0546802226454,0.0,4817.29248046875,7064.0,273.91537886299193
7729,0.6098433136940002,785.6347505878657,0.0,4817.29248046875,7064.0,273.9494763769908
7730,0.7357765436172485,688.8427192401141,0.0,4817.29248046875,7064.0,273.98353032791056
7731,0.5969640016555786,482.02805980294943,0.0,4817.29248046875,7064.0,274.0176933099283
7732,0.7268391847610474,869.1781693641096,0.0,4817.29248046875,7064.0,274.05177639599424
7733,0.6023616194725037,553.405497469008,0.0,4817.29248046875,7064.0,274.0855487328954
7734,0.5245237350463867,279.061874515377,0.0,4817.29248046875,7064.0,274.1194982189918
7735,0.758110761642456,666.5787348356098,0.0,4817.29248046875,7064.0,274.153597692959
7736,0.6761810779571533,704.2035702932626,0.0,4817.29248046875,7064.0,274.18744859297294
7737,0.796478807926178,915.9308410398662,0.0,4817.29248046875,7064.0,274.2214085808955
7738,0.9381962418556213,776.8347376026213,0.0,4817.29248046875,7064.0,274.25554811093025
7739,0.6540880799293518,511.4891264550388,0.0,4817.29248046875,7064.0,274.28940199990757
7740,0.4600823223590851,382.646035855636,0.0,4817.29248046875,7064.0,274.3233950039139
7741,0.5833080410957336,507.0299465190619,0.0,4817.29248046875,7064.0,274.3572705569677
7742,0.6599908471107483,604.6433951538056,0.0,4817.29248046875,7064.0,274.391140370979
7743,1.234522819519043,515.2707515126094,0.0,4817.29248046875,7064.0,274.42530709994026
7744,0.504804253578186,454.367204638198,0.0,4817.29248046875,7064.0,274.45926454197615
7745,0.5194448232650757,472.0786333568394,0.0,4817.29248046875,7064.0,274.49326976400334
7746,0.6263848543167114,537.8424971969798,0.0,4817.29248046875,7064.0,274.5274093638873
7747,0.659578263759613,561.8136089229956,0.0,4817.29248046875,7064.0,274.56135482690297
7748,0.8728681206703186,900.7881501242518,0.0,4817.29248046875,7064.0,274.5952699529007
7749,0.6221505403518677,528.6552448933944,0.0,4817.29248046875,7064.0,274.6293235908961
7750,0.9085547924041748,638.0693534091115,0.0,4817.29248046875,7064.0,274.66327360796276
7751,1.265769124031067,776.8522544857115,0.0,4817.29248046875,7064.0,274.6974223329453
7752,1.065352201461792,789.8080646805465,0.0,4817.29248046875,7064.0,274.73165698791854
7753,0.6897717118263245,710.9965606648475,0.0,4817.29248046875,7064.0,274.7657255619997
7754,0.8696067333221436,648.8915547821671,0.0,4817.29248046875,7064.0,274.79971242893953
7755,0.8531023859977722,586.6073243338615,0.0,4817.29248046875,7064.0,274.83368946192786
7756,0.8732200264930725,497.17325516603887,0.0,4817.29248046875,7064.0,274.8677162709646
7757,0.6503846645355225,555.6513893362135,0.0,4817.29248046875,7064.0,274.90164964995347
7758,0.5228849053382874,442.8760250303894,0.0,4817.29248046875,7064.0,274.93555076094344
7759,0.5651124715805054,627.906213901937,0.0,4817.29248046875,7064.0,274.96942764893174
7760,0.6326805353164673,563.8203955814242,0.0,4817.29248046875,7064.0,275.00342815590557
7761,0.95735102891922,868.9355170903727,0.0,4817.29248046875,7064.0,275.03743949194904
7762,0.9985933899879456,650.8830100223422,0.0,4817.29248046875,7064.0,275.0714373269584
7763,0.601150631904602,400.57330658845603,0.0,4817.29248046875,7064.0,275.105446973932
7764,0.5059753656387329,378.06776820262894,0.0,4817.29248046875,7064.0,275.13940125494264
7765,1.1245605945587158,717.6246674638242,0.0,4817.29248046875,7064.0,275.17338486993685
7766,0.7406660318374634,659.5980646517128,0.0,4817.29248046875,7064.0,275.20738259796053
7767,0.5397210121154785,322.6778647918254,0.0,4817.29248046875,7064.0,275.2413173120003
7768,0.803269624710083,596.2347535658628,0.0,4817.29248046875,7064.0,275.2755810149247
7769,0.906390368938446,824.0626096278429,0.0,4817.29248046875,7064.0,275.3094134659041
7770,0.5420740842819214,433.4783332403749,0.0,4817.29248046875,7064.0,275.34338284190744
7771,0.7035651803016663,583.8261220064014,0.0,4817.29248046875,7064.0,275.3773162988946
7772,0.7632275819778442,701.945864027366,0.0,4817.29248046875,7064.0,275.4111887878971
7773,0.8198747038841248,540.1929177101701,0.0,4817.29248046875,7064.0,275.44513243890833
7774,1.1115120649337769,911.2348338197917,0.0,4817.29248046875,7064.0,275.47905241290573
7775,0.7907559275627136,564.0263913720846,0.0,4817.29248046875,7064.0,275.5131785059348
7776,0.7343142628669739,583.057609109208,0.0,4817.29248046875,7064.0,275.5471639849711
7777,0.7357872128486633,574.5283053927124,0.0,4817.29248046875,7064.0,275.5811264779186
7778,0.6739851832389832,797.4679964948446,0.0,4817.29248046875,7064.0,275.6152330460027
7779,0.5034050345420837,353.03263148805127,0.0,4817.29248046875,7064.0,275.6492409099592
7780,0.7983902096748352,878.0269923135638,0.0,4817.29248046875,7064.0,275.68313079699874
7781,0.7317410111427307,1169.8932308517396,0.0,4817.29248046875,7064.0,275.7171528399922
7782,1.0898972749710083,986.5282191038132,0.0,4817.29248046875,7064.0,275.751111458987
7783,0.6795318126678467,962.6222594194114,0.0,4817.29248046875,7064.0,275.7850277828984
7784,0.9851928353309631,922.366282839328,0.0,4817.29248046875,7064.0,275.81884786090814
7785,0.6363392472267151,522.8103616740555,0.0,4817.29248046875,7064.0,275.8528676669812
7786,0.9088960289955139,776.0504737943411,0.0,4817.29248046875,7064.0,275.8868836709298
7787,0.7034628391265869,675.1270128525794,0.0,4817.29248046875,7064.0,275.92088809399866
7788,0.49639660120010376,346.3314197603613,0.0,4817.29248046875,7064.0,275.9549694888992
7789,0.6607416272163391,387.1748268287629,0.0,4817.29248046875,7064.0,275.988994951942
7790,1.1450315713882446,837.8912779502571,0.0,4817.29248046875,7064.0,276.02334809990134
7791,0.5343146920204163,376.21944937389344,0.0,4817.29248046875,7064.0,276.05737313989084
7792,0.7749779224395752,647.6712829153985,0.0,4817.29248046875,7064.0,276.0913009659853
7793,0.6657887697219849,443.09282675851136,0.0,4817.29248046875,7064.0,276.12518057599664
7794,0.7778527140617371,486.37797992583364,0.0,4817.29248046875,7064.0,276.159335812903
7795,0.869166374206543,488.7665012925863,0.0,4817.29248046875,7064.0,276.1932492549531
7796,0.7716459035873413,492.93804509565234,0.0,4817.29248046875,7064.0,276.2273058479186
7797,0.6939521431922913,422.5092456713319,0.0,4817.29248046875,7064.0,276.2611830329988
7798,0.46075135469436646,433.92522803880274,0.0,4817.29248046875,7064.0,276.2951953019947
7799,1.0308473110198975,847.291233215481,0.0,4817.29248046875,7064.0,276.32908292196225
7800,0.5922489762306213,543.303409524262,0.0,4817.29248046875,7064.0,276.3630470269127
7801,0.5772194266319275,651.8522772025317,0.0,4817.29248046875,7064.0,276.3970000129193
7802,0.5987943410873413,518.8782779639587,0.0,4817.29248046875,7064.0,276.4310667469399
7803,0.4591618776321411,326.1626721448265,0.0,4817.29248046875,7064.0,276.4649917249335
7804,0.5861324071884155,716.7001687153243,0.0,4817.29248046875,7064.0,276.4990131550003
7805,0.8717944622039795,1025.6627841964364,0.0,4817.29248046875,7064.0,276.5331148559926
7806,0.43851977586746216,423.5165375042707,0.0,4817.29248046875,7064.0,276.56717842200305
7807,0.805787205696106,547.5029298793525,0.0,4817.29248046875,7064.0,276.6011543889763
7808,0.6851431727409363,644.6908025629818,0.0,4817.29248046875,7064.0,276.6351098829182
7809,0.5567735433578491,371.2331052981317,0.0,4817.29248046875,7064.0,276.66906943300273
7810,0.7862955331802368,623.4459501318634,0.0,4817.29248046875,7064.0,276.7029438179452
7811,0.5306320786476135,483.9264808706939,0.0,4817.29248046875,7064.0,276.73693389992695
7812,0.5581076741218567,426.192419430241,0.0,4817.29248046875,7064.0,276.7709539399948
7813,0.6541328430175781,556.4329059310257,0.0,4817.29248046875,7064.0,276.804919890943
7814,0.6980461478233337,624.8169929943979,0.0,4817.29248046875,7064.0,276.8388112189714
7815,0.4727901220321655,552.0327614583075,0.0,4817.29248046875,7064.0,276.8726591069717
7816,0.5811677575111389,441.2527952073142,0.0,4817.29248046875,7064.0,276.90663509094156
7817,0.5197815895080566,419.104572721757,0.0,4817.29248046875,7064.0,276.940612303908
7818,0.5610700845718384,416.2266526790336,0.0,4817.29248046875,7064.0,276.9745636798907
7819,0.7977334856987,489.38651917129755,0.0,4817.29248046875,7064.0,277.0088610269595
7820,0.5607134103775024,604.5825813850388,0.0,4817.29248046875,7064.0,277.04290455195587
7821,0.9822142720222473,878.4931152351201,0.0,4817.29248046875,7064.0,277.0769119539764
7822,0.4616966247558594,401.9025135729462,0.0,4817.29248046875,7064.0,277.11110278894193
7823,0.6339014768600464,534.1885010115802,0.0,4817.29248046875,7064.0,277.14500805095304
7824,0.6960780024528503,676.1901578381658,0.0,4817.29248046875,7064.0,277.1789123129565
7825,0.6655364632606506,542.350637331605,0.0,4817.29248046875,7064.0,277.21296641090885
7826,0.5239752531051636,486.1028319224715,0.0,4817.29248046875,7064.0,277.2468716269359
7827,0.661513090133667,389.42963538039476,0.0,4817.29248046875,7064.0,277.28089403000195
7828,0.7793602347373962,564.5480582602322,0.0,4817.29248046875,7064.0,277.3149260189384
7829,0.936555027961731,769.6610023109242,0.0,4817.29248046875,7064.0,277.3488556049997
7830,0.8258965611457825,700.6934580076486,0.0,4817.29248046875,7064.0,277.3827619499061
7831,0.5926846861839294,427.18645856156945,0.0,4817.29248046875,7064.0,277.41673917497974
7832,0.48012053966522217,492.2544745076448,0.0,4817.29248046875,7064.0,277.45070985599887
7833,1.136527419090271,474.89426307938993,0.0,4817.29248046875,7064.0,277.4850136319874
7834,0.7304273247718811,502.1330355927348,0.0,4817.29248046875,7064.0,277.51908834895585
7835,0.6641136407852173,580.8651128485799,0.0,4817.29248046875,7064.0,277.5530655779876
7836,0.5081935524940491,440.03279651887715,0.0,4817.29248046875,7064.0,277.58705949189607
7837,0.9964202642440796,1056.4323005899787,0.0,4817.29248046875,7064.0,277.62095030699857
7838,0.5660752654075623,379.8745913133025,0.0,4817.29248046875,7064.0,277.6548877489986
7839,0.6900633573532104,587.2035742849112,0.0,4817.29248046875,7064.0,277.6888647809392
7840,0.578211784362793,415.8768166396767,0.0,4817.29248046875,7064.0,277.72278338100296
7841,0.8486202955245972,679.0423248577863,0.0,4817.29248046875,7064.0,277.75668113399297
7842,0.5644139051437378,335.80625517107546,0.0,4817.29248046875,7064.0,277.7905848259106
7843,0.5987504124641418,667.4331738911569,0.0,4817.29248046875,7064.0,277.8244287659181
7844,0.7764817476272583,554.0360267870128,0.0,4817.29248046875,7064.0,277.85848701000214
7845,0.6095306873321533,377.09571716189384,0.0,4817.29248046875,7064.0,277.8925019209273
7846,0.9935863614082336,685.9414621647447,0.0,4817.29248046875,7064.0,277.9265193179017
7847,0.9168136715888977,539.4533893875778,0.0,4817.29248046875,7064.0,277.96049836894963
7848,0.49709197878837585,351.24092985503376,0.0,4817.29248046875,7064.0,277.9945203840034
7849,0.8101813197135925,487.7347540585324,0.0,4817.29248046875,7064.0,278.0285461508902
7850,1.0645629167556763,848.0497622843832,0.0,4817.29248046875,7064.0,278.0624478668906
7851,0.8627999424934387,609.1546440795064,0.0,4817.29248046875,7064.0,278.0964807769051
7852,0.5991661548614502,442.56232082284987,0.0,4817.29248046875,7064.0,278.130350376945
7853,0.5322097539901733,463.07246157713234,0.0,4817.29248046875,7064.0,278.1642116209259
7854,0.5768799781799316,465.13441164791584,0.0,4817.29248046875,7064.0,278.1982408289332
7855,0.5886979699134827,539.5717971175909,0.0,4817.29248046875,7064.0,278.2321942159906
7856,0.5108665823936462,481.3813719339669,0.0,4817.29248046875,7064.0,278.26620812888723
7857,0.7678636908531189,575.7509933095425,0.0,4817.29248046875,7064.0,278.3000804949552
7858,0.7952831387519836,546.1159109435976,0.0,4817.29248046875,7064.0,278.33407052699476
7859,0.6969424486160278,546.9379027411342,0.0,4817.29248046875,7064.0,278.36786873894744
7860,0.7664579153060913,558.782247283496,0.0,4817.29248046875,7064.0,278.40182247397024
7861,0.6581078767776489,817.1861166059971,0.0,4817.29248046875,7064.0,278.435650511994
7862,0.8505936861038208,850.9042574763298,0.0,4817.29248046875,7064.0,278.4696517739212
7863,0.6240153312683105,326.6924802400172,0.0,4817.29248046875,7064.0,278.5036831239704
7864,0.7607805728912354,571.8481363654137,0.0,4817.29248046875,7064.0,278.537724580965
7865,0.9250693917274475,669.7702757325023,0.0,4817.29248046875,7064.0,278.5716859019594
7866,0.4448939859867096,478.44015762303025,0.0,4817.29248046875,7064.0,278.6057350629708
7867,0.7915284633636475,648.259900521487,0.0,4817.29248046875,7064.0,278.6396614079131
7868,0.7715348601341248,644.8024069033563,0.0,4817.29248046875,7064.0,278.6738122799434
7869,0.6814473271369934,490.99515791609883,0.0,4817.29248046875,7064.0,278.7076183479512
7870,1.0074224472045898,995.430169114843,0.0,4817.29248046875,7064.0,278.74161462590564
7871,0.7443751096725464,819.2660657428205,0.0,4817.29248046875,7064.0,278.77569659997243
7872,0.6595447659492493,434.86115486733615,0.0,4817.29248046875,7064.0,278.809629942989
7873,0.6862935423851013,726.1655416712165,0.0,4817.29248046875,7064.0,278.8435225118883
7874,0.5991312265396118,542.7756599886343,0.0,4817.29248046875,7064.0,278.87749963789247
7875,0.8750786185264587,741.3490533940494,0.0,4817.29248046875,7064.0,278.91142862290144
7876,0.7058134078979492,655.9535216763616,0.0,4817.29248046875,7064.0,278.94533740193583
7877,1.1071748733520508,1005.4942811410874,0.0,4817.29248046875,7064.0,278.9793296069838
7878,0.6707837581634521,480.0298444479704,0.0,4817.29248046875,7064.0,279.0132938049501
7879,0.608258843421936,473.1220511458814,0.0,4817.29248046875,7064.0,279.0473388209939
7880,0.9884153008460999,657.4277825690806,0.0,4817.29248046875,7064.0,279.0812857398996
7881,0.8429973125457764,537.202748471871,0.0,4817.29248046875,7064.0,279.115306476946
7882,0.7314051985740662,502.60658713430166,0.0,4817.29248046875,7064.0,279.1492919359589
7883,0.5023847222328186,674.9699454680085,0.0,4817.29248046875,7064.0,279.1834728529211
7884,0.6025241613388062,608.9273016881198,0.0,4817.29248046875,7064.0,279.2175127349328
7885,0.7300140857696533,729.470894753933,0.0,4817.29248046875,7064.0,279.25151111593004
7886,0.7335641980171204,1087.5025849342346,0.0,4817.29248046875,7064.0,279.28525113489013
7887,0.6040841937065125,588.7590054031461,0.0,4817.29248046875,7064.0,279.3192497139098
7888,0.6241386532783508,550.9964734520763,0.0,4817.29248046875,7064.0,279.3532428769395
7889,0.9179360270500183,799.7161478027701,0.0,4817.29248046875,7064.0,279.3870475689182
7890,0.6969395279884338,550.30849224329,0.0,4817.29248046875,7064.0,279.42093372589443
7891,0.6509885787963867,497.43760680779815,0.0,4817.29248046875,7064.0,279.45488567999564
7892,0.743496298789978,940.3190368525684,0.0,4817.29248046875,7064.0,279.48883433593437
7893,0.6295798420906067,403.71686276607215,0.0,4817.29248046875,7064.0,279.52295576094184
7894,0.6291247606277466,486.73903028294444,0.0,4817.29248046875,7064.0,279.5568563839188
7895,1.1253355741500854,695.7835789769888,0.0,4817.29248046875,7064.0,279.5908448799746
7896,0.6049732565879822,553.666202345863,0.0,4817.29248046875,7064.0,279.6248106599087
7897,0.6500388383865356,596.3646151516587,0.0,4817.29248046875,7064.0,279.6587253639009
7898,0.5376555919647217,506.88306407630444,0.0,4817.29248046875,7064.0,279.6926818329375
7899,1.037724494934082,617.1273898649961,0.0,4817.29248046875,7064.0,279.72665105899796
7900,0.8633391857147217,510.0303755812347,0.0,4817.29248046875,7064.0,279.7606284749927
7901,0.5682809948921204,335.5167540125549,0.0,4817.29248046875,7064.0,279.79459868895356
7902,0.6401471495628357,436.99311285838485,0.0,4817.29248046875,7064.0,279.8285423499765
7903,0.712050199508667,669.4554591737688,0.0,4817.29248046875,7064.0,279.8625247949967
7904,0.9472692012786865,806.681281613186,0.0,4817.29248046875,7064.0,279.8964871299686
7905,0.5394605994224548,527.6954712457955,0.0,4817.29248046875,7064.0,279.9304404759314
7906,0.779262900352478,526.346406146884,0.0,4817.29248046875,7064.0,279.96440281299874
7907,0.6963676810264587,423.7222959306091,0.0,4817.29248046875,7064.0,279.99837689695414
7908,0.6390483975410461,609.8395943790674,0.0,4817.29248046875,7064.0,280.0324423989514
7909,0.4362424314022064,479.6638636793941,0.0,4817.29248046875,7064.0,280.0662730889162
7910,0.4905882477760315,380.1664524320513,0.0,4817.29248046875,7064.0,280.1003561159596
7911,0.6508859395980835,564.2480364311486,0.0,4817.29248046875,7064.0,280.1342693968909
7912,0.7352573871612549,746.9178498480469,0.0,4817.29248046875,7064.0,280.16813352389727
7913,0.6671087145805359,416.5693372618407,0.0,4817.29248046875,7064.0,280.2020317419665
7914,0.7776879072189331,666.294611832127,0.0,4817.29248046875,7064.0,280.23591004894115
7915,0.834244430065155,646.2367095127702,0.0,4817.29248046875,7064.0,280.2699146189261
7916,0.7516422271728516,511.7373725101352,0.0,4817.29248046875,7064.0,280.30387337191496
7917,0.7464970350265503,669.9522606320679,0.0,4817.29248046875,7064.0,280.33780547697097
7918,0.7671656608581543,627.5863315481693,0.0,4817.29248046875,7064.0,280.3717527829576
7919,0.7370327115058899,586.8514892011881,0.0,4817.29248046875,7064.0,280.40567684697453
7920,0.6575884819030762,548.1098797991872,0.0,4817.29248046875,7064.0,280.4396858549444
7921,0.6732388138771057,477.0717448554933,0.0,4817.29248046875,7064.0,280.4723013899056
7922,0.5544704794883728,425.0425020083785,0.0,4817.29248046875,7064.0,280.50634127995
7923,0.49006733298301697,410.285127364099,0.0,4817.29248046875,7064.0,280.54043319891207
7924,0.6572082042694092,483.91420673951507,0.0,4817.29248046875,7064.0,280.5743249859661
7925,1.1144300699234009,895.4189904928207,0.0,4817.29248046875,7064.0,280.60825096897315
7926,0.8450718522071838,389.3292201664299,0.0,4817.29248046875,7064.0,280.6421039298875
7927,0.6810083389282227,513.5343532636762,0.0,4817.29248046875,7064.0,280.6760765479412
7928,0.6115847229957581,406.4062297819182,0.0,4817.29248046875,7064.0,280.7099667699076
7929,0.7244644165039062,844.3613173402846,0.0,4817.29248046875,7064.0,280.7438410819741
7930,1.4209599494934082,464.3614182844758,0.0,4817.29248046875,7064.0,280.77802872192115
7931,0.6298598647117615,531.5000841319561,0.0,4817.29248046875,7064.0,280.81200016394723
7932,0.5328592658042908,380.35095212236047,0.0,4817.29248046875,7064.0,280.8460020319326
7933,0.5699062943458557,434.6928099952638,0.0,4817.29248046875,7064.0,280.8799086929066
7934,0.5032415986061096,374.9505115170032,0.0,4817.29248046875,7064.0,280.91386128088925
7935,0.6480990052223206,554.799666211009,0.0,4817.29248046875,7064.0,280.9477854669094
7936,0.9652344584465027,525.7446656636894,0.0,4817.29248046875,7064.0,280.981826824951
7937,1.436455249786377,847.8876284733415,0.0,4817.29248046875,7064.0,281.0157225179719
7938,0.7246512174606323,591.3328955210745,0.0,4817.29248046875,7064.0,281.04977773397695
7939,0.6610939502716064,428.4397722464055,0.0,4817.29248046875,7064.0,281.0837110829307
7940,0.5207100510597229,594.2025635167956,0.0,4817.29248046875,7064.0,281.11766441795044
7941,0.8082906603813171,867.5494214817882,0.0,4817.29248046875,7064.0,281.1515631049406
7942,1.0982297658920288,738.4890885055065,0.0,4817.29248046875,7064.0,281.18549665494356
7943,0.7815869450569153,707.4016069853678,0.0,4817.29248046875,7064.0,281.2193312839372
7944,0.7438189387321472,478.52860911004245,0.0,4817.29248046875,7064.0,281.2532041009981
7945,0.6563382148742676,446.59275541082025,0.0,4817.29248046875,7064.0,281.2871327759931
7946,0.6469312906265259,781.1860575582832,0.0,4817.29248046875,7064.0,281.3211044059135
7947,0.7114670872688293,590.881216770038,0.0,4817.29248046875,7064.0,281.3549598089885
7948,0.5894620418548584,393.97175165452063,0.0,4817.29248046875,7064.0,281.3888826989569
7949,0.5774285197257996,312.32787227258086,0.0,4817.29248046875,7064.0,281.42291257495526
7950,0.5756824016571045,433.1736207511276,0.0,4817.29248046875,7064.0,281.45689416094683
7951,0.42652514576911926,255.18065382307395,0.0,4817.29248046875,7064.0,281.49079763388727
7952,0.7693988084793091,546.1506498195231,0.0,4817.29248046875,7064.0,281.5247076739324
7953,0.5428800582885742,420.3575511248782,0.0,4817.29248046875,7064.0,281.55863406695426
7954,0.6951839923858643,606.5349971726537,0.0,4817.29248046875,7064.0,281.5925613628933
7955,0.4746430516242981,380.63834236282855,0.0,4817.29248046875,7064.0,281.6265212659491
7956,0.6284259557723999,561.7976730521768,0.0,4817.29248046875,7064.0,281.66046534094494
7957,0.6868735551834106,559.9866096135229,0.0,4817.29248046875,7064.0,281.694423672976
7958,0.7192205786705017,881.0768628828228,0.0,4817.29248046875,7064.0,281.7282523579197
7959,0.513295590877533,497.07554416451603,0.0,4817.29248046875,7064.0,281.7622380099492
7960,0.6664232611656189,550.6039485819638,0.0,4817.29248046875,7064.0,281.7961459889775
7961,0.8153427243232727,810.9918041396886,0.0,4817.29248046875,7064.0,281.83010763290804
7962,0.9209326505661011,644.5932151284069,0.0,4817.29248046875,7064.0,281.86405049299356
7963,0.638685941696167,507.76126334629953,0.0,4817.29248046875,7064.0,281.8980786539614
7964,0.5234618186950684,555.1665211617947,0.0,4817.29248046875,7064.0,281.9319563258905
7965,0.9773582220077515,692.3540688110515,0.0,4817.29248046875,7064.0,281.96591750194784
7966,0.6341052651405334,710.8302700519562,0.0,4817.29248046875,7064.0,281.99987307796255
7967,0.7525230050086975,593.5288298670202,0.0,4817.29248046875,7064.0,282.0340451169759
7968,0.8248058557510376,695.1811445904896,0.0,4817.29248046875,7064.0,282.0679929179605
7969,0.6002976894378662,469.41784489899874,0.0,4817.29248046875,7064.0,282.1018724619644
7970,0.6406040787696838,681.3788077477366,0.0,4817.29248046875,7064.0,282.1358916449826
7971,0.9378480315208435,679.8264703974128,0.0,4817.29248046875,7064.0,282.16974181099795
7972,0.5731255412101746,439.50089157000184,0.0,4817.29248046875,7064.0,282.2036457778886
7973,1.1124504804611206,753.8925199732184,0.0,4817.29248046875,7064.0,282.237773093977
7974,0.7710168957710266,614.3920680060983,0.0,4817.29248046875,7064.0,282.27172810793854
7975,0.655066192150116,863.9321087598801,0.0,4817.29248046875,7064.0,282.3056544259889
7976,1.0537091493606567,800.7749792151153,0.0,4817.29248046875,7064.0,282.3395374909742
7977,0.4953778386116028,445.8872587699443,0.0,4817.29248046875,7064.0,282.3734967589844
7978,0.7060867547988892,614.2973765451461,0.0,4817.29248046875,7064.0,282.40737126697786
7979,0.5567030906677246,580.7272850237787,0.0,4817.29248046875,7064.0,282.4414280829951
7980,0.7199259996414185,1002.254348423332,0.0,4817.29248046875,7064.0,282.475231342949
7981,0.435708224773407,586.9219529312104,0.0,4817.29248046875,7064.0,282.5091322379885
7982,0.4472104609012604,495.44078493025154,0.0,4817.29248046875,7064.0,282.54319464589935
7983,0.7185624837875366,595.4144387170672,0.0,4817.29248046875,7064.0,282.5770750489319
7984,0.47271624207496643,287.10636328626424,0.0,4817.29248046875,7064.0,282.611186590977
7985,0.9133033752441406,1171.7367692887783,0.0,4817.29248046875,7064.0,282.64523433195427
7986,0.4441366493701935,351.61688625160605,0.0,4817.29248046875,7064.0,282.67921640200075
7987,0.5266395211219788,534.7699476964772,0.0,4817.29248046875,7064.0,282.71318274899386
7988,0.5991161465644836,387.1189026758075,0.0,4817.29248046875,7064.0,282.7471173279919
7989,0.5822135210037231,406.9166438188404,0.0,4817.29248046875,7064.0,282.78109120496083
7990,0.7812219858169556,782.752425134182,0.0,4817.29248046875,7064.0,282.8150141319493
7991,0.5085119009017944,439.32601723633707,0.0,4817.29248046875,7064.0,282.84896193095483
7992,0.5123220086097717,308.09235488343984,0.0,4817.29248046875,7064.0,282.8829500619322
7993,0.4983973503112793,450.116024248302,0.0,4817.29248046875,7064.0,282.91685727995355
7994,0.6016057729721069,814.7003647498786,0.0,4817.29248046875,7064.0,282.9507519908948
7995,0.8733430504798889,693.9999796263874,0.0,4817.29248046875,7064.0,282.9846728759585
7996,0.40573471784591675,289.6369278486818,0.0,4817.29248046875,7064.0,283.01863610593136
7997,0.7750572562217712,680.0810747407377,0.0,4817.29248046875,7064.0,283.0527390249772
7998,0.64300137758255,487.4034090898931,0.0,4817.29248046875,7064.0,283.08670033095405
7999,0.6438835859298706,527.8122575003654,0.0,4817.29248046875,7064.0,283.12061568396166
8000,0.4937702715396881,534.8062029257417,0.0,4817.29248046875,7064.0,283.1544868759811
