step,loss,adapter_grad_abs_sum,llm_grad_abs_sum,gpu_mem_allocated_mb,gpu_mem_reserved_mb,elapsed_sec
1,6.07919979095459,3953.725564599037,0.0,2476.1787109375,2614.0,0.4326934950076975
2,6.01472282409668,2674.228675365448,0.0,2490.6396484375,2908.0,0.4788889890041901
3,5.905615329742432,2780.032810628414,0.0,2490.6396484375,2908.0,0.5231100700038951
4,5.910001754760742,2516.5123851895332,0.0,2514.751953125,2918.0,0.5648601540015079
5,5.194087982177734,2457.199079632759,0.0,2783.16650390625,3592.0,0.6058018250041641
6,5.710896968841553,3258.7919268608093,0.0,2783.16650390625,3592.0,0.6479591929964954
7,5.365812301635742,1514.8144931197166,0.0,2783.16650390625,3592.0,0.6899020749988267
8,5.574557304382324,3093.723217368126,0.0,2783.16650390625,3592.0,0.7324168799968902
9,5.673165321350098,1714.9704887270927,0.0,2783.16650390625,3592.0,0.7737692130031064
10,5.360158443450928,1980.0620177388191,0.0,2783.16650390625,3592.0,0.8159783949959092
11,5.542719841003418,4728.604523897171,0.0,2783.16650390625,3592.0,0.857197769000777
12,5.837688446044922,2524.2638700008392,0.0,2783.16650390625,3592.0,0.8993824799981667
13,5.389787197113037,2162.548389196396,0.0,2783.16650390625,3592.0,0.9404651350050699
14,5.439578533172607,2063.792889714241,0.0,2783.16650390625,3592.0,0.981712984998012
15,4.897623538970947,2663.445163846016,0.0,2783.16650390625,3596.0,1.0241075660014758
16,5.4262566566467285,1687.5881212949753,0.0,2783.16650390625,3596.0,1.0654600470006699
17,5.613666534423828,4660.22281062603,0.0,2783.16650390625,3596.0,1.107914537002216
18,5.704143047332764,2668.574451446533,0.0,2783.16650390625,3596.0,1.1508727339969482
19,5.091355323791504,2231.865358889103,0.0,2783.16650390625,3596.0,1.1930550160031999
20,4.935412883758545,2331.9980334043503,0.0,2783.16650390625,3596.0,1.2358190310042119
21,4.873206615447998,1957.298962533474,0.0,2783.16650390625,3596.0,1.2767241429974092
22,4.806318283081055,2802.7449778318405,0.0,2783.16650390625,3596.0,1.3173518920084462
23,4.279890537261963,1572.5983943343163,0.0,2783.16650390625,3596.0,1.3582513330038637
24,4.983675479888916,2430.414309859276,0.0,2783.16650390625,3596.0,1.399418822998996
25,4.971987724304199,2292.0801171064377,0.0,2783.16650390625,3596.0,1.4418735560029745
26,4.630646705627441,2068.144705414772,0.0,2783.16650390625,3596.0,1.483919316000538
27,4.628882884979248,1768.8516270518303,0.0,2783.16650390625,3596.0,1.5265109250030946
28,4.828007698059082,1862.7387296557426,0.0,2783.16650390625,3616.0,1.5679317500034813
29,4.871603965759277,3704.6970188617706,0.0,2783.16650390625,3616.0,1.6106681829987792
30,4.577542304992676,2443.7464756965637,0.0,2783.16650390625,3616.0,1.652059565007221
31,4.609241485595703,2126.7915492653847,0.0,2783.16650390625,3616.0,1.6924574069998926
32,4.664247989654541,2122.04903703928,0.0,2783.16650390625,3616.0,1.734762898995541
33,4.083495140075684,1525.7355362772942,0.0,2783.16650390625,3616.0,1.7758041330089327
34,4.329966068267822,1693.0912630558014,0.0,2783.16650390625,3616.0,1.8157658999989508
35,4.384994983673096,2229.066919565201,0.0,2783.16650390625,3616.0,1.855523115998949
36,4.101988315582275,1893.3198164105415,0.0,2783.16650390625,3616.0,1.8982390180026414
37,3.6960697174072266,2475.268993616104,0.0,2783.16650390625,3616.0,1.939913959999103
38,4.036996364593506,2539.2178946733475,0.0,2783.16650390625,3616.0,1.982137518003583
39,4.168625354766846,2620.255429804325,0.0,2783.16650390625,3616.0,2.0225838530022884
40,4.195522308349609,2522.8171966075897,0.0,2783.16650390625,3616.0,2.0631180409982335
41,4.1151652336120605,2676.433647632599,0.0,2783.16650390625,3616.0,2.1034094030037522
42,3.8779397010803223,1827.7506207823753,0.0,2783.16650390625,3616.0,2.1453983270039316
43,4.1350226402282715,2119.379475772381,0.0,2783.16650390625,3616.0,2.1875147670070874
44,3.8490729331970215,4015.6327950954437,0.0,2783.16650390625,3616.0,2.2302509389992338
45,3.676788568496704,2049.9691042900085,0.0,2783.16650390625,3616.0,2.27206821499567
46,3.4620320796966553,2256.2487357258797,0.0,2783.16650390625,3616.0,2.313336489998619
47,3.4400973320007324,2357.7027134895325,0.0,2783.16650390625,3616.0,2.3551696210051887
48,3.4691121578216553,2406.9440900087357,0.0,2783.16650390625,3616.0,2.3971977420005715
49,3.5854296684265137,3489.3315234184265,0.0,2783.16650390625,3616.0,2.4370742500032065
50,3.5548741817474365,2711.45312833786,0.0,2783.16650390625,3616.0,2.4791610310057877
51,2.995856285095215,3973.3147090673447,0.0,2783.16650390625,3616.0,2.520993993006414
52,3.2285659313201904,2670.637573838234,0.0,2783.16650390625,3616.0,2.5637181880010758
53,3.0043392181396484,7096.559711933136,0.0,2783.16650390625,3616.0,2.605295923000085
54,3.139312267303467,2852.748924255371,0.0,2783.16650390625,3616.0,2.6483630480070133
55,3.1924116611480713,2989.1265431642532,0.0,2783.16650390625,3616.0,2.68846581899561
56,3.4033946990966797,3746.5023906230927,0.0,2783.16650390625,3616.0,2.7302173740026774
57,2.7003252506256104,2930.771907031536,0.0,2783.16650390625,3616.0,2.771187781007029
58,3.904721736907959,4132.811443924904,0.0,2783.16650390625,3616.0,2.811150056004408
59,3.114605188369751,2583.9853615164757,0.0,2783.16650390625,3616.0,2.8529775659990264
60,2.605353355407715,2210.0792060494423,0.0,2783.16650390625,3616.0,2.8949767090089153
61,3.156109094619751,2757.058049619198,0.0,2783.16650390625,3616.0,2.9365551060036523
62,3.0809669494628906,2448.927849829197,0.0,2783.16650390625,3616.0,2.9782501540030353
63,2.9417409896850586,2682.8427364230156,0.0,2783.16650390625,3616.0,3.020901045005303
64,2.598480701446533,3190.6959624290466,0.0,2783.16650390625,3616.0,3.0620589580066735
65,3.155686616897583,2946.5077505111694,0.0,2783.16650390625,3616.0,3.1023438749980414
66,3.214027166366577,2997.3120868206024,0.0,2783.16650390625,3616.0,3.1440017639979487
67,3.011235475540161,3215.497906565666,0.0,2783.16650390625,3616.0,3.1842529810091946
68,3.3263680934906006,3629.825340270996,0.0,2783.16650390625,3616.0,3.2260380759980762
69,3.3509979248046875,4750.043491482735,0.0,2783.16650390625,3616.0,3.269181630006642
70,3.1332359313964844,4320.793811798096,0.0,2783.16650390625,3616.0,3.311422817001585
71,2.5901684761047363,3562.7029178142548,0.0,2783.16650390625,3616.0,3.3526425570016727
72,2.870626449584961,3148.1611819267273,0.0,2783.16650390625,3616.0,3.3944676950050052
73,3.004373073577881,3295.732394695282,0.0,2783.16650390625,3616.0,3.437517497004592
74,2.441983938217163,3884.0775442123413,0.0,2783.16650390625,3616.0,3.476915352002834
75,2.7134921550750732,3184.713168025017,0.0,2783.16650390625,3616.0,3.5190430899965577
76,2.2473607063293457,2380.2681805491447,0.0,2783.16650390625,3616.0,3.5600580030004494
77,2.9561171531677246,3419.4648135900497,0.0,2783.16650390625,3616.0,3.6025879160006298
78,2.495610237121582,2406.9174891114235,0.0,2783.16650390625,3616.0,3.644232838996686
79,2.661381483078003,2858.0584594011307,0.0,2783.16650390625,3616.0,3.685200394000276
80,3.2108137607574463,3046.875080347061,0.0,2783.16650390625,3616.0,3.726903286995366
81,2.8630359172821045,2502.482084929943,0.0,2783.16650390625,3616.0,3.7695222690090304
82,2.0454399585723877,2584.5009098649025,0.0,2783.16650390625,3616.0,3.8100514560064767
83,2.37838077545166,3200.917843222618,0.0,2783.16650390625,3616.0,3.8512594330095453
84,2.0400002002716064,2833.4891077280045,0.0,2783.16650390625,3616.0,3.893446076006512
85,2.4342269897460938,1999.926083445549,0.0,2783.16650390625,3616.0,3.9337509210017743
86,1.9612915515899658,2391.6957620978355,0.0,2783.16650390625,3616.0,3.974632836005185
87,2.652259349822998,2447.7219322919846,0.0,2783.16650390625,3616.0,4.016393537007389
88,2.5264885425567627,3289.640283346176,0.0,2783.16650390625,3616.0,4.058343188007711
89,2.0407681465148926,2349.865526497364,0.0,2783.16650390625,3616.0,4.100368637009524
90,2.29372501373291,2863.14992249012,0.0,2783.16650390625,3616.0,4.143135856007575
91,2.201901912689209,3656.0859389305115,0.0,2783.16650390625,3616.0,4.184994440001901
92,2.170518398284912,2260.659275174141,0.0,2783.16650390625,3616.0,4.225923040998168
93,2.6459848880767822,4428.502945303917,0.0,2783.16650390625,3616.0,4.267051479997463
94,2.0649025440216064,2482.5251317620277,0.0,2784.09423828125,3616.0,4.308545043997583
95,2.3740994930267334,2692.7511633634567,0.0,2784.09423828125,3616.0,4.350739133995376
96,2.3702661991119385,3171.8096982836723,0.0,2784.09423828125,3616.0,4.391167775000213
97,1.769858717918396,3130.855875313282,0.0,2784.09423828125,3616.0,4.43298913500621
98,1.9715577363967896,3863.196340203285,0.0,2784.09423828125,3616.0,4.474656360995141
99,2.37430739402771,4273.32441842556,0.0,2784.09423828125,3616.0,4.516399507003371
100,2.1636369228363037,4451.977506041527,0.0,2784.09423828125,3616.0,4.559293316007825
101,1.8452168703079224,2457.0338277220726,0.0,2784.09423828125,3616.0,4.60091800900409
102,1.802817463874817,2455.107532143593,0.0,2784.09423828125,3616.0,4.642374286995619
103,2.2453341484069824,2924.5296518802643,0.0,2784.09423828125,3616.0,4.684267552001984
104,1.807256817817688,2701.7766768336296,0.0,2784.09423828125,3616.0,4.724311997008044
105,1.8264142274856567,3641.1120824813843,0.0,2784.09423828125,3616.0,4.7652480590040796
106,1.7429474592208862,2950.0239641666412,0.0,2784.09423828125,3616.0,4.807337562000612
107,1.9683094024658203,4254.907291889191,0.0,2784.09423828125,3616.0,4.84802194700751
108,2.1182968616485596,3083.81153434515,0.0,2784.09423828125,3616.0,4.889571998995962
109,1.8080792427062988,3977.3230566978455,0.0,2784.09423828125,3616.0,4.9304393750062445
110,1.819146990776062,3582.27641749382,0.0,2784.09423828125,3616.0,4.9714461190014845
111,2.006751537322998,2917.603510260582,0.0,2784.09423828125,3616.0,5.013230262004072
112,2.3639397621154785,2416.7794740200043,0.0,2784.09423828125,3616.0,5.0545063269964885
113,2.0203795433044434,2596.2840089797974,0.0,2784.09423828125,3616.0,5.095871744997567
114,2.1704001426696777,2495.7986305356026,0.0,2784.09423828125,3616.0,5.1381204210047144
115,2.249802827835083,2714.129738688469,0.0,2784.09423828125,3616.0,5.1815622360009
116,1.793108582496643,3840.4519233703613,0.0,2784.09423828125,3616.0,5.224115555000026
117,2.352376699447632,4219.944544315338,0.0,2784.09423828125,3616.0,5.265594513999531
118,1.8240916728973389,2797.587700486183,0.0,2784.09423828125,3616.0,5.30903996899724
119,2.0037286281585693,2430.0865587592125,0.0,2784.09423828125,3616.0,5.349285415999475
120,1.6208196878433228,2515.881195664406,0.0,2784.09423828125,3616.0,5.39178016500955
121,1.8381001949310303,3044.7635645270348,0.0,2784.09423828125,3616.0,5.434097040997585
122,1.5385655164718628,2606.915772855282,0.0,2784.09423828125,3616.0,5.4758417650009505
123,1.6003614664077759,2701.8867163062096,0.0,2784.09423828125,3616.0,5.518534050002927
124,1.7175616025924683,2954.191094815731,0.0,2784.09423828125,3616.0,5.559818110996275
125,1.7249664068222046,2738.8268501758575,0.0,2784.09423828125,3616.0,5.601579823996872
126,1.5058600902557373,6613.649084329605,0.0,2784.09423828125,3616.0,5.643006098005571
127,1.7824610471725464,3494.0038192272186,0.0,2784.09423828125,3616.0,5.6860146280087065
128,1.4358816146850586,2627.332771718502,0.0,2784.09423828125,3616.0,5.728006302000722
129,1.5815709829330444,5161.810314655304,0.0,2784.09423828125,3616.0,5.7700815810094355
130,1.3070088624954224,2203.742525577545,0.0,2784.09423828125,3616.0,5.8115423590061255
131,1.7290863990783691,2622.809457421303,0.0,2784.09423828125,3616.0,5.852518415005761
132,2.1312248706817627,3039.5747779011726,0.0,2784.09423828125,3616.0,5.893911951003247
133,1.4557826519012451,2437.7165682315826,0.0,2784.09423828125,3616.0,5.936531940009445
134,1.8876733779907227,2747.604034602642,0.0,2784.09423828125,3616.0,5.977447049997863
135,1.3570443391799927,2345.001119494438,0.0,2784.09423828125,3616.0,6.020191646006424
136,1.2614376544952393,2289.234150290489,0.0,2784.09423828125,3616.0,6.0614988610032015
137,1.5849289894104004,3648.266811966896,0.0,2784.09423828125,3616.0,6.104743457006407
138,1.258387804031372,2316.775080025196,0.0,2784.09423828125,3616.0,6.146979537996231
139,1.132848858833313,2150.4032336473465,0.0,2784.09423828125,3616.0,6.189135314998566
140,1.220453143119812,2413.209892332554,0.0,2784.09423828125,3616.0,6.230015826004092
141,1.5333460569381714,2202.268658399582,0.0,2784.09423828125,3616.0,6.2705108060035855
142,1.490226149559021,2375.6787395477295,0.0,2784.09423828125,3616.0,6.311342920002062
143,1.1466766595840454,2909.3191937208176,0.0,2784.09423828125,3616.0,6.35217523999745
144,1.3309969902038574,2375.501849591732,0.0,2784.09423828125,3616.0,6.393263513004058
145,1.1189501285552979,2351.4726596474648,0.0,2784.09423828125,3616.0,6.4341712059977
146,1.1459681987762451,2029.7410832047462,0.0,2784.09423828125,3616.0,6.475126154007739
147,1.2307250499725342,2330.7084918022156,0.0,2784.09423828125,3616.0,6.517332710005576
148,1.6963858604431152,2546.2178889513016,0.0,2784.09423828125,3616.0,6.5599707850051345
149,1.729777216911316,3625.050040960312,0.0,2784.09423828125,3616.0,6.603964780995739
150,1.2788397073745728,2891.25469571352,0.0,2784.09423828125,3616.0,6.646250120000332
151,1.0804336071014404,2830.6556909680367,0.0,2784.09423828125,3616.0,6.688359282998135
152,1.588972806930542,2166.7301540970802,0.0,2784.09423828125,3616.0,6.730064763003611
153,1.2231637239456177,2622.959013223648,0.0,2784.09423828125,3616.0,6.771559526008787
154,1.2504757642745972,1860.1962773799896,0.0,2784.09423828125,3616.0,6.813934767997125
155,1.5498683452606201,2624.674558877945,0.0,2784.09423828125,3616.0,6.854745079006534
156,1.558728814125061,2304.856969833374,0.0,2784.09423828125,3616.0,6.896802816001582
157,1.0878287553787231,2376.3021369576454,0.0,2784.09423828125,3616.0,6.9375611069990555
158,1.3723089694976807,2071.0424164533615,0.0,2784.09423828125,3616.0,6.977067576008267
159,1.0110422372817993,2452.6208565831184,0.0,2784.09423828125,3616.0,7.0179162040003575
160,1.5882568359375,2542.0501692295074,0.0,2784.09423828125,3616.0,7.0585289190057665
161,1.4609109163284302,3151.081698656082,0.0,2784.09423828125,3616.0,7.099999003999983
162,1.3923795223236084,2323.993877530098,0.0,2784.09423828125,3616.0,7.141150805997313
163,2.2259521484375,3293.0103874206543,0.0,2784.09423828125,3616.0,7.181590246997075
164,1.1420559883117676,2502.567838191986,0.0,2784.09423828125,3616.0,7.222386695997557
165,1.1442863941192627,2173.6184559464455,0.0,2784.09423828125,3616.0,7.2653338450036244
166,1.4308487176895142,2120.061324238777,0.0,2784.09423828125,3616.0,7.306611506995978
167,1.9282934665679932,2155.9062071442604,0.0,2784.09423828125,3616.0,7.346762729997863
168,1.066941738128662,2427.2756003141403,0.0,2784.09423828125,3616.0,7.387230905005708
169,0.9779433608055115,1976.0897481441498,0.0,2784.09423828125,3616.0,7.429068773999461
170,1.1542541980743408,1627.3774489462376,0.0,2784.09423828125,3616.0,7.47034257100313
171,1.126577377319336,2779.941974580288,0.0,2784.09423828125,3616.0,7.5122202259954065
172,0.9906690120697021,2393.5081200003624,0.0,2784.09423828125,3616.0,7.553430693005794
173,0.9554967880249023,2871.673823237419,0.0,2784.09423828125,3616.0,7.59529057200416
174,1.513401985168457,1937.939982533455,0.0,2784.09423828125,3616.0,7.637370836004266
175,2.407663106918335,2832.7338234186172,0.0,2784.09423828125,3616.0,7.678140871998039
176,0.9520531296730042,3010.6945403814316,0.0,2784.09423828125,3616.0,7.7205295489984564
177,1.3143162727355957,1980.060485780239,0.0,2784.55908203125,3616.0,7.762214250004035
178,1.81736421585083,2284.450798690319,0.0,2784.55908203125,3616.0,7.804828110005474
179,1.2698639631271362,2117.063199698925,0.0,2784.55908203125,3616.0,7.844836446005502
180,1.2395340204238892,2575.8891000151634,0.0,2784.55908203125,3616.0,7.886503340996569
181,1.5769131183624268,2673.614709198475,0.0,2784.55908203125,3616.0,7.927311872001155
182,1.435336709022522,2340.1417168974876,0.0,2784.55908203125,3616.0,7.968834793995484
183,1.1511921882629395,2247.9923355579376,0.0,2784.55908203125,3616.0,8.010209268002654
184,0.8763515949249268,2312.622416973114,0.0,2784.55908203125,3616.0,8.05126798299898
185,0.9747030138969421,2138.46409368515,0.0,2784.55908203125,3616.0,8.093781340998248
186,1.4217380285263062,2330.539636015892,0.0,2784.55908203125,3616.0,8.136304237996228
187,1.112108826637268,2599.237700879574,0.0,2784.55908203125,3616.0,8.178797494008904
188,1.3021823167800903,2331.242741525173,0.0,2784.55908203125,3616.0,8.219754545003525
189,0.9110060930252075,2504.0007905960083,0.0,2784.55908203125,3616.0,8.261883428000147
190,1.7591984272003174,2461.9433628320694,0.0,2784.55908203125,3616.0,8.302657870008261
191,1.1606842279434204,2762.500231027603,0.0,2784.55908203125,3616.0,8.344304694997845
192,1.0655345916748047,1799.978874206543,0.0,2784.55908203125,3616.0,8.386512169003254
193,1.222997784614563,1732.0557372272015,0.0,2784.55908203125,3616.0,8.428110346998437
194,1.0373663902282715,1648.843428015709,0.0,2784.55908203125,3616.0,8.469316912000068
195,1.1069934368133545,2373.4650329351425,0.0,2784.55908203125,3616.0,8.510671313997591
196,1.2935421466827393,2533.795498609543,0.0,2784.55908203125,3616.0,8.55361750999873
197,1.166538119316101,1697.347708582878,0.0,2784.55908203125,3616.0,8.595261363996542
198,0.7667441964149475,2357.153943181038,0.0,2784.55908203125,3616.0,8.635285495998687
199,1.479801058769226,2473.6580651402473,0.0,2784.55908203125,3616.0,8.67676167099853
200,0.9613141417503357,1819.6665745973587,0.0,2784.55908203125,3616.0,8.717081641007098
201,1.6752386093139648,2982.5168517827988,0.0,2784.55908203125,3616.0,8.758548145997338
202,1.0446267127990723,2217.2425605654716,0.0,2784.55908203125,3616.0,8.800924718001625
203,0.7924352288246155,1974.1180609464645,0.0,2784.55908203125,3616.0,8.842311334999977
204,1.3059617280960083,3328.4995200634003,0.0,2784.55908203125,3616.0,8.884448295997572
205,0.7949576377868652,1931.8695475161076,0.0,2784.55908203125,3616.0,8.926345550004044
206,0.8218316435813904,1678.8352702856064,0.0,2784.55908203125,3616.0,8.967888166997
207,1.9918583631515503,2103.7091448307037,0.0,2784.55908203125,3616.0,9.010164254999836
208,0.9653491973876953,2007.847532749176,0.0,2784.55908203125,3616.0,9.051493179009412
209,1.6266473531723022,1337.6372056305408,0.0,2784.55908203125,3616.0,9.093086306995247
210,0.9414662718772888,2000.9187188148499,0.0,2784.55908203125,3616.0,9.135378733000834
211,0.8577194809913635,2188.12748837471,0.0,2784.55908203125,3616.0,9.177178694008035
212,1.2401854991912842,1667.9356092214584,0.0,2784.55908203125,3616.0,9.217533233007998
213,1.2374317646026611,1672.1695038080215,0.0,2784.55908203125,3616.0,9.259594304996426
214,1.1353753805160522,2141.1728066802025,0.0,2784.55908203125,3616.0,9.300098777996027
215,0.9932846426963806,1814.4582493007183,0.0,2784.55908203125,3616.0,9.340748575996258
216,1.2170732021331787,1830.5840750336647,0.0,2784.55908203125,3616.0,9.382560297002783
217,1.0896050930023193,2513.9260130524635,0.0,2784.55908203125,3616.0,9.425245056001586
218,0.8819222450256348,2097.5135363936424,0.0,2784.55908203125,3616.0,9.467174823003006
219,1.2320470809936523,4573.613242387772,0.0,2784.55908203125,3616.0,9.507915417008917
220,0.9753938913345337,1815.5752685666084,0.0,2784.55908203125,3616.0,9.550667378003709
221,1.3066935539245605,1797.0743532180786,0.0,2784.55908203125,3616.0,9.58997059900139
222,0.8395625352859497,1641.22764056921,0.0,2784.55908203125,3616.0,9.629714178008726
223,1.2408503293991089,2150.0226405262947,0.0,2784.55908203125,3616.0,9.671911983008613
224,0.6798434853553772,1567.6048247218132,0.0,2784.55908203125,3616.0,9.713098253996577
225,0.7424502372741699,3206.071346282959,0.0,2784.55908203125,3616.0,9.754382040002383
226,0.7435301542282104,2483.6858615279198,0.0,2784.55908203125,3616.0,9.795441141002811
227,0.8853783011436462,2918.576350390911,0.0,2784.55908203125,3616.0,9.838140742009273
228,1.0099879503250122,1906.3656187653542,0.0,2784.55908203125,3616.0,9.877535499996156
229,1.8123310804367065,2057.8100672364235,0.0,2784.55908203125,3616.0,9.919940980995307
230,0.8518428206443787,1752.7911740541458,0.0,2784.55908203125,3616.0,9.963202846003696
231,0.7869278192520142,2048.7256467938423,0.0,2784.55908203125,3616.0,10.00469335600792
232,1.341972827911377,2243.654546201229,0.0,2784.55908203125,3616.0,10.047673736000434
233,1.9274688959121704,2362.509937942028,0.0,2784.55908203125,3616.0,10.08993975300109
234,0.7534365057945251,1720.8761925697327,0.0,2784.55908203125,3616.0,10.132883494006819
235,0.867456316947937,2583.2667222619057,0.0,2784.55908203125,3616.0,10.175394391000737
236,0.9924069046974182,1885.1692224740982,0.0,2784.55908203125,3616.0,10.217097679007566
237,0.9712637662887573,1766.6164981722832,0.0,2784.55908203125,3616.0,10.258383763008169
238,0.7742967009544373,2091.5514067411423,0.0,2784.55908203125,3616.0,10.299292750001769
239,0.8954127430915833,1507.094858288765,0.0,2784.55908203125,3616.0,10.339603874002933
240,1.320316195487976,2983.5337628126144,0.0,2784.55908203125,3616.0,10.380712780999602
241,0.8493913412094116,2239.4190030395985,0.0,2784.55908203125,3616.0,10.4237807860045
242,0.5740822553634644,1594.33041331172,0.0,2784.55908203125,3616.0,10.465415234008105
243,0.797737181186676,2552.117471396923,0.0,2784.55908203125,3616.0,10.507701662005275
244,1.1952992677688599,1673.8823201954365,0.0,2784.55908203125,3616.0,10.550591810999322
245,0.8101797699928284,2345.9440581202507,0.0,2784.55908203125,3616.0,10.592218406003667
246,0.7151176333427429,1828.2108760476112,0.0,2784.55908203125,3616.0,10.634454105995246
247,1.164129614830017,1405.8817707300186,0.0,2784.55908203125,3616.0,10.675892298007966
248,0.7498666644096375,1763.4705639481544,0.0,2784.55908203125,3616.0,10.718135467002867
249,0.9842631220817566,2242.762025952339,0.0,2784.55908203125,3616.0,10.761461426998721
250,0.5892925262451172,1866.2617518305779,0.0,2784.55908203125,3616.0,10.803055177006172
251,1.46742582321167,2094.9301644563675,0.0,2784.55908203125,3616.0,10.845008225995116
252,1.219683289527893,5703.661722660065,0.0,2784.55908203125,3616.0,10.886879665005836
253,1.0481387376785278,2095.5153008699417,0.0,2784.55908203125,3616.0,10.927683493006043
254,0.8226088285446167,1863.5992527008057,0.0,2784.55908203125,3616.0,10.970276880005258
255,0.6025491952896118,1861.3145214915276,0.0,2784.55908203125,3616.0,11.011348704996635
256,0.8655858635902405,2255.27199280262,0.0,2784.55908203125,3616.0,11.054021247997298
257,0.6714443564414978,1729.947535008192,0.0,2784.55908203125,3616.0,11.096635898007662
258,1.311393141746521,2301.0836054086685,0.0,2784.55908203125,3616.0,11.1379660070088
259,1.0267651081085205,1995.2405414581299,0.0,2784.55908203125,3616.0,11.180326822999632
260,0.8009418845176697,2160.2813283205032,0.0,2784.55908203125,3616.0,11.222683125000913
261,0.5846079587936401,2218.998525559902,0.0,2784.55908203125,3616.0,11.264105584006757
262,1.2784274816513062,2378.60747975111,0.0,2784.55908203125,3616.0,11.304532068999833
263,0.7372962236404419,1810.612715601921,0.0,2784.55908203125,3616.0,11.346576142997947
264,0.6627337336540222,3183.2420021295547,0.0,2784.55908203125,3616.0,11.388138991998858
265,0.9273517727851868,2552.290339589119,0.0,2784.55908203125,3616.0,11.42778006500157
266,0.8147387504577637,2568.5881437063217,0.0,2784.55908203125,3616.0,11.4699471740023
267,0.5935978293418884,1654.3463850021362,0.0,2784.55908203125,3616.0,11.511873776995344
268,0.7494018077850342,2041.5049454569817,0.0,2784.55908203125,3616.0,11.553895176999504
269,1.1225550174713135,1776.2074087262154,0.0,2784.55908203125,3616.0,11.594922557007521
270,0.938856840133667,1853.8077939748764,0.0,2784.55908203125,3616.0,11.6376397270069
271,0.6761747002601624,1462.6128197908401,0.0,2784.55908203125,3616.0,11.679578780007432
272,0.6498984694480896,2295.5490630865097,0.0,2784.55908203125,3616.0,11.721130392004852
273,0.7614806890487671,1497.7100774943829,0.0,2784.55908203125,3616.0,11.764112339005806
274,0.5053460597991943,1039.3556020259857,0.0,2784.55908203125,3616.0,11.804328680998879
275,0.8350890278816223,1409.6027270257473,0.0,2784.55908203125,3616.0,11.84494894600357
276,0.9972403645515442,1794.208555996418,0.0,2784.55908203125,3616.0,11.886134740998386
277,0.5134075880050659,1926.909485399723,0.0,2784.55908203125,3616.0,11.926813833008055
278,1.2641326189041138,2773.8593720197678,0.0,2784.55908203125,3616.0,11.968224698997801
279,0.721377968788147,1783.609364360571,0.0,2784.55908203125,3616.0,12.009252318996005
280,0.9727728962898254,2194.839827001095,0.0,2784.55908203125,3616.0,12.05211866600439
281,1.064009666442871,1556.8080007135868,0.0,2784.55908203125,3616.0,12.094146229006583
282,0.9696894288063049,889.67632342875,0.0,2784.55908203125,3616.0,12.135264851007378
283,0.6165868043899536,1578.4484651386738,0.0,2784.55908203125,3616.0,12.177190632006386
284,0.8632186651229858,1544.7525171935558,0.0,2784.55908203125,3616.0,12.21952067699749
285,0.5765541791915894,1338.266215533018,0.0,2784.55908203125,3616.0,12.260657109000022
286,0.6224557757377625,1669.4070974886417,0.0,2784.55908203125,3616.0,12.302246035003918
287,1.5180796384811401,2084.052123427391,0.0,2784.55908203125,3616.0,12.3427981010027
288,0.6199083924293518,1512.696961581707,0.0,2784.55908203125,3616.0,12.384958103997633
289,0.485702782869339,1514.8368883132935,0.0,2784.55908203125,3616.0,12.425736520002829
290,0.8349964022636414,1813.586980253458,0.0,2784.55908203125,3616.0,12.467377139008022
291,0.7507106065750122,1813.473089814186,0.0,2784.55908203125,3616.0,12.50995859199611
292,0.5538091659545898,1204.5291222631931,0.0,2784.55908203125,3616.0,12.551077259005979
293,1.1684389114379883,1632.3117622733116,0.0,2784.55908203125,3616.0,12.593042435997631
294,1.707301378250122,1809.3142995238304,0.0,2784.55908203125,3616.0,12.634922728000674
295,0.6564017534255981,1396.5039225816727,0.0,2784.55908203125,3616.0,12.67755213700002
296,1.2421000003814697,1812.8805243372917,0.0,2784.55908203125,3616.0,12.716833444006625
297,1.103347897529602,2599.2978316545486,0.0,2784.55908203125,3616.0,12.75861843500752
298,1.7724026441574097,1901.1475295424461,0.0,2784.55908203125,3616.0,12.799936730007175
299,0.887297511100769,2013.7405306696892,0.0,2784.55908203125,3616.0,12.84039927899721
300,0.5590313076972961,1475.1619327068329,0.0,2784.55908203125,3616.0,12.88173056099913
301,1.0922695398330688,1730.3159081339836,0.0,2784.55908203125,3616.0,12.924678744006087
302,0.5573461055755615,1143.875918328762,0.0,2784.55908203125,3616.0,12.967215033000684
303,0.46382755041122437,1668.379975438118,0.0,2784.55908203125,3616.0,13.008770729997195
304,0.5220574140548706,1482.6977225244045,0.0,2784.55908203125,3616.0,13.050352535006823
305,0.584541380405426,1412.7603577971458,0.0,2784.55908203125,3616.0,13.092677113003447
306,0.5929418206214905,1946.8155393600464,0.0,2784.55908203125,3616.0,13.134589412002242
307,0.7469190359115601,1255.9251845777035,0.0,2784.55908203125,3616.0,13.17580230999738
308,0.6465793251991272,1733.998824954033,0.0,2784.55908203125,3616.0,13.21831465199648
309,0.7916207909584045,1962.1143479943275,0.0,2784.55908203125,3616.0,13.261354396003298
310,1.112960696220398,1766.1113086938858,0.0,2784.55908203125,3616.0,13.302647407006589
311,1.3276914358139038,1870.281405389309,0.0,2784.55908203125,3616.0,13.342671018006513
312,1.3478589057922363,1467.7268742918968,0.0,2784.55908203125,3616.0,13.384428471996216
313,0.4896240234375,1642.6526485085487,0.0,2784.55908203125,3616.0,13.426008884998737
314,0.9807897806167603,1734.3343964219093,0.0,2784.55908203125,3616.0,13.467780815000879
315,0.6658067107200623,3220.117842912674,0.0,2784.55908203125,3616.0,13.508755230999668
316,0.5765458941459656,1234.3478588461876,0.0,2784.55908203125,3616.0,13.551660141005414
317,0.7391427159309387,1733.0551087856293,0.0,2784.55908203125,3616.0,13.594131079007639
318,1.2562755346298218,1804.4397339224815,0.0,2784.55908203125,3616.0,13.636788167001214
319,0.890771746635437,1256.914925545454,0.0,2784.55908203125,3616.0,13.677538703996106
320,0.7990122437477112,1872.3008586466312,0.0,2784.55908203125,3616.0,13.719945331002236
321,0.5630407333374023,1319.552214026451,0.0,2784.55908203125,3616.0,13.762483840007917
322,0.9169253706932068,1617.9203628897667,0.0,2784.55908203125,3616.0,13.803487070006668
323,1.0197341442108154,2046.6849927902222,0.0,2784.55908203125,3616.0,13.845211977008148
324,1.3368874788284302,4192.363151550293,0.0,2784.55908203125,3616.0,13.88535066600889
325,0.6939423680305481,1296.555624306202,0.0,2784.55908203125,3616.0,13.927228882996133
326,0.6420893669128418,1360.7782265245914,0.0,2784.55908203125,3616.0,13.967965678995824
327,0.5285137295722961,1462.9500713646412,0.0,2784.55908203125,3616.0,14.008736916002817
328,1.2990679740905762,2326.02780520916,0.0,2784.55908203125,3616.0,14.051066118001472
329,0.8232377171516418,1014.2374995052814,0.0,2784.55908203125,3616.0,14.091812550002942
330,1.1972371339797974,2094.6829665899277,0.0,2784.55908203125,3616.0,14.133959469007095
331,0.6602590680122375,1338.6577153205872,0.0,2784.55908203125,3616.0,14.174592012001085
332,0.5345181822776794,1366.0545712709427,0.0,2784.55908203125,3616.0,14.216633110001567
333,0.6351256966590881,1439.190247386694,0.0,2784.55908203125,3616.0,14.259077080001589
334,1.2001419067382812,1479.4186063110828,0.0,2784.55908203125,3616.0,14.301738784008194
335,0.5881094336509705,1643.6707122325897,0.0,2784.55908203125,3616.0,14.344001046003541
336,0.9347589612007141,2135.1843079924583,0.0,2784.55908203125,3616.0,14.387406585999997
337,1.1029280424118042,1572.8270400762558,0.0,2784.55908203125,3616.0,14.428455832006875
338,0.8289090394973755,1848.8933870196342,0.0,2784.55908203125,3616.0,14.471098510999582
339,0.5904072523117065,1564.6394590735435,0.0,2784.55908203125,3616.0,14.513042671998846
340,0.6437201499938965,1517.9398556351662,0.0,2784.55908203125,3616.0,14.556491053008358
341,0.5023499727249146,1485.9072160720825,0.0,2784.55908203125,3616.0,14.598076477006543
342,0.3143070936203003,1140.7071608603,0.0,2784.55908203125,3616.0,14.63909316000354
343,0.48309066891670227,1158.7607921659946,0.0,2784.55908203125,3616.0,14.679999854008202
344,1.9816148281097412,3264.2716126441956,0.0,2784.55908203125,3616.0,14.720266459000413
345,0.6124865412712097,1771.5317630171776,0.0,2784.55908203125,3616.0,14.762393589000567
346,0.527432918548584,1254.344474196434,0.0,2784.55908203125,3616.0,14.804555904003792
347,0.729336678981781,1777.200503885746,0.0,2784.55908203125,3616.0,14.846960843002307
348,0.9148225784301758,1543.8346910178661,0.0,2784.55908203125,3616.0,14.887224813996
349,0.696343183517456,1919.4940682947636,0.0,2784.55908203125,3616.0,14.93058118299814
350,0.6697255373001099,1422.0050845742226,0.0,2784.55908203125,3616.0,14.973295493007754
351,1.5332096815109253,1259.6508520245552,0.0,2784.55908203125,3616.0,15.013127340003848
352,0.5596907734870911,1740.4638953208923,0.0,2784.55908203125,3616.0,15.054890446001082
353,0.7478783130645752,1913.3379584550858,0.0,2784.55908203125,3616.0,15.098316878007608
354,0.4231274425983429,971.1393821537495,0.0,2784.55908203125,3616.0,15.139986374008004
355,0.665744423866272,1943.0441924929619,0.0,2784.55908203125,3616.0,15.182724519007024
356,0.6748611927032471,1492.1019270122051,0.0,2784.55908203125,3616.0,15.224662542008446
357,0.35234469175338745,622.9323637634516,0.0,2784.55908203125,3616.0,15.264465175001533
358,1.0007823705673218,1367.2617745399475,0.0,2784.55908203125,3616.0,15.306169144998421
359,1.3775180578231812,2620.821277678013,0.0,2784.55908203125,3616.0,15.348140301008243
360,0.5034400820732117,1261.2740073502064,0.0,2784.55908203125,3616.0,15.39016487900517
361,0.4166374206542969,1127.1275315880775,0.0,2784.55908203125,3616.0,15.431065771001158
362,1.3174266815185547,1513.5747248530388,0.0,2784.55908203125,3616.0,15.471107856996241
363,1.0077955722808838,1854.4215624928474,0.0,2784.55908203125,3616.0,15.51359586000035
364,0.7296048402786255,1904.1647554636002,0.0,2784.55908203125,3616.0,15.55260377500963
365,0.3902410864830017,2156.644570529461,0.0,2784.55908203125,3616.0,15.593127515996457
366,0.5433940291404724,1476.495754301548,0.0,2784.55908203125,3616.0,15.63588962200447
367,0.6005733609199524,1582.00498893857,0.0,2784.55908203125,3616.0,15.678679941003793
368,1.1920816898345947,2091.6085069179535,0.0,2784.55908203125,3616.0,15.720891575008864
369,0.6487141847610474,2081.3300696611404,0.0,2784.55908203125,3616.0,15.762837055997807
370,1.4079519510269165,1323.732964605093,0.0,2784.55908203125,3616.0,15.804625486009172
371,0.4324348568916321,1103.5064559280872,0.0,2784.55908203125,3616.0,15.846404149007867
372,0.69657963514328,1498.2573920488358,0.0,2784.55908203125,3616.0,15.888787432006211
373,0.5459849834442139,1320.2426114976406,0.0,2784.55908203125,3616.0,15.930079386002035
374,0.7531953454017639,1443.3264327645302,0.0,2784.55908203125,3616.0,15.970836495995172
375,0.37907296419143677,1295.9653399586678,0.0,2784.55908203125,3616.0,16.01046369600226
376,0.5604367852210999,2069.2462461590767,0.0,2784.55908203125,3616.0,16.052440640996792
377,0.7998852729797363,1515.3204645812511,0.0,2784.55908203125,3616.0,16.09289840600104
378,1.4743479490280151,1521.6637113690376,0.0,2784.55908203125,3616.0,16.132773104007356
379,0.9399675130844116,1420.6687969863415,0.0,2784.55908203125,3616.0,16.173792433997733
380,0.7315852046012878,1178.0251116752625,0.0,2784.55908203125,3616.0,16.215277965005953
381,0.8616108894348145,1369.8433527946472,0.0,2784.55908203125,3616.0,16.25713540300785
382,0.6961849331855774,1379.4337359666824,0.0,2784.55908203125,3616.0,16.29835629100853
383,0.6067596673965454,1509.5912191569805,0.0,2784.55908203125,3616.0,16.341080883998075
384,1.0157700777053833,1077.2958126366138,0.0,2784.55908203125,3616.0,16.38061132200528
385,1.4740736484527588,2232.4396589398384,0.0,2784.55908203125,3616.0,16.422826859008637
386,0.8057379722595215,2422.5226787924767,0.0,2784.55908203125,3616.0,16.465865773003316
387,0.6207544207572937,1621.016856521368,0.0,2784.55908203125,3616.0,16.509138391003944
388,1.1643636226654053,1654.6155806779861,0.0,2784.55908203125,3616.0,16.55096152299666
389,0.960261881351471,1644.484271645546,0.0,2784.55908203125,3616.0,16.59259984100936
390,0.6047408580780029,2054.549315094948,0.0,2784.55908203125,3616.0,16.634181243003695
391,0.6429697871208191,1463.6802250146866,0.0,2784.55908203125,3616.0,16.67763031400682
392,1.1238304376602173,1326.0458626747131,0.0,2784.55908203125,3616.0,16.71918774000369
393,0.5174179673194885,1062.520532310009,0.0,2784.55908203125,3616.0,16.761308333007037
394,0.48587170243263245,1205.3800652325153,0.0,2784.55908203125,3616.0,16.80297239300853
395,0.6651429533958435,2048.08586537838,0.0,2784.55908203125,3616.0,16.84351127500122
396,1.4381465911865234,1799.836630642414,0.0,2784.55908203125,3616.0,16.88596707499528
397,0.5108101963996887,1493.961926996708,0.0,2784.55908203125,3616.0,16.927764274005312
398,0.6362051963806152,1684.38299036026,0.0,2784.55908203125,3616.0,16.97026089200517
399,0.7520078420639038,1465.0491122305393,0.0,2784.55908203125,3616.0,17.011279134996585
400,0.914474606513977,1040.3178673386574,0.0,2784.55908203125,3616.0,17.053534065009444
401,1.0846883058547974,2746.1813371777534,0.0,2784.55908203125,3616.0,17.094057406007778
402,0.5810889005661011,1495.7646714448929,0.0,2784.55908203125,3616.0,17.13759997600573
403,0.5192646980285645,1062.3988977968693,0.0,2784.55908203125,3616.0,17.179855131995282
404,0.7327145338058472,2255.951690375805,0.0,2784.55908203125,3616.0,17.223190058997716
405,0.4821017384529114,1128.5004475712776,0.0,2784.55908203125,3616.0,17.265583820000757
406,0.541035532951355,1789.9567415118217,0.0,2784.55908203125,3616.0,17.307332362004672
407,0.817276120185852,1438.4530169069767,0.0,2784.55908203125,3616.0,17.349680052007898
408,0.5211312770843506,1098.6568180024624,0.0,2784.55908203125,3616.0,17.392577748003532
409,0.6782696843147278,1220.904819726944,0.0,2784.55908203125,3616.0,17.43446331200539
410,0.8694810271263123,2485.7820188999176,0.0,2784.55908203125,3616.0,17.477810048003448
411,0.501118540763855,1069.4026615917683,0.0,2784.55908203125,3616.0,17.520592647997546
412,0.8948182463645935,1003.7500623464584,0.0,2784.55908203125,3616.0,17.562978305999422
413,0.5600928068161011,1779.5753434300423,0.0,2784.55908203125,3616.0,17.606266066999524
414,0.536004900932312,1457.5371087491512,0.0,2784.55908203125,3616.0,17.648944557004143
415,0.7083569169044495,1432.426884174347,0.0,2784.55908203125,3616.0,17.690350119999493
416,0.8199437260627747,1401.9456301629543,0.0,2784.55908203125,3616.0,17.73200725200877
417,0.8109041452407837,1581.4376499950886,0.0,2784.55908203125,3616.0,17.77335183499963
418,0.9501105546951294,1471.166520267725,0.0,2784.55908203125,3616.0,17.814460114997928
419,0.46226173639297485,1493.3111197948456,0.0,2784.55908203125,3616.0,17.85663102500257
420,0.44203999638557434,2597.6542031168938,0.0,2784.55908203125,3616.0,17.897869980006362
421,0.8233624696731567,1441.6067690253258,0.0,2784.55908203125,3616.0,17.940776445000665
422,1.1627988815307617,2095.7937297821045,0.0,2784.55908203125,3616.0,17.98154499499651
423,0.561743974685669,1836.961185991764,0.0,2784.55908203125,3616.0,18.024559673998738
424,1.1931618452072144,1253.508722037077,0.0,2784.55908203125,3616.0,18.06581337400712
425,0.5136398673057556,1957.0699868798256,0.0,2784.55908203125,3616.0,18.108837970998138
426,0.4526740610599518,1208.2422181367874,0.0,2784.55908203125,3616.0,18.150564388997736
427,0.42776474356651306,989.769531339407,0.0,2784.55908203125,3616.0,18.192980906998855
428,0.7106022238731384,1141.2332506477833,0.0,2784.55908203125,3616.0,18.23404500199831
429,1.250149130821228,1680.9146187007427,0.0,2784.55908203125,3616.0,18.274919196002884
430,0.4663946032524109,1037.5353254377842,0.0,2784.55908203125,3616.0,18.316638418007642
431,1.0121519565582275,1404.9132936000824,0.0,2784.55908203125,3616.0,18.35765837499639
432,0.5350855588912964,1363.3379130661488,0.0,2784.55908203125,3616.0,18.400128991008387
433,1.1521347761154175,1425.780534029007,0.0,2784.55908203125,3616.0,18.440670440002577
434,0.6235263347625732,2969.47039103508,0.0,2784.55908203125,3616.0,18.48355686099967
435,0.46706828474998474,711.6086148172617,0.0,2784.55908203125,3616.0,18.525480053009233
436,0.9583098292350769,1481.1635062992573,0.0,2784.55908203125,3616.0,18.568118776005576
437,0.547714114189148,1243.7532936930656,0.0,2784.55908203125,3616.0,18.610485942001105
438,0.7858917117118835,10312.077807426453,0.0,2784.55908203125,3616.0,18.653453364997404
439,0.7743592262268066,1970.3841956853867,0.0,2784.55908203125,3616.0,18.695984195001074
440,0.7912499308586121,1590.770987033844,0.0,2784.55908203125,3616.0,18.737439507996896
441,0.4402787983417511,1030.6108310222626,0.0,2784.55908203125,3616.0,18.778742141003022
442,0.4866163432598114,1713.3368555903435,0.0,2784.55908203125,3616.0,18.81991874599771
443,0.6652288436889648,3079.76504278183,0.0,2784.55908203125,3616.0,18.861762954998994
444,0.36745092272758484,1333.0916039645672,0.0,2784.55908203125,3616.0,18.90253244600899
445,0.887024462223053,1509.5693465471268,0.0,2784.55908203125,3616.0,18.944466157001443
446,0.8463793396949768,1414.0586249232292,0.0,2784.55908203125,3616.0,18.985417468997184
447,0.9113892316818237,2069.458992063999,0.0,2784.55908203125,3616.0,19.027526382007636
448,0.7880021929740906,1195.7558947205544,0.0,2784.55908203125,3616.0,19.068586679000873
449,0.7115964293479919,2283.739281773567,0.0,2784.55908203125,3616.0,19.107933719002176
450,0.5056656002998352,1441.901540338993,0.0,2784.55908203125,3616.0,19.15062040599878
451,0.6162633299827576,2094.7957769036293,0.0,2784.55908203125,3616.0,19.193279583007097
452,0.4475117027759552,1385.037203848362,0.0,2784.55908203125,3616.0,19.23473808899871
453,0.6865015029907227,1668.573333710432,0.0,2784.55908203125,3616.0,19.27553312899545
454,0.5584232211112976,1098.4332617521286,0.0,2784.55908203125,3616.0,19.31768341299903
455,0.8449936509132385,1110.8712721168995,0.0,2784.55908203125,3616.0,19.358878351995372
456,0.6148442625999451,1557.8646372556686,0.0,2784.55908203125,3616.0,19.401644819008652
457,0.429036945104599,1049.350510329008,0.0,2784.55908203125,3616.0,19.443904904008377
458,0.4747466444969177,1264.0660110414028,0.0,2784.55908203125,3616.0,19.484615499008214
459,0.989425778388977,1709.4474467039108,0.0,2784.55908203125,3616.0,19.52621100000397
460,1.0469290018081665,1388.6365486979485,0.0,2784.55908203125,3616.0,19.567981284999405
461,0.9025083780288696,1473.7273835539818,0.0,2784.55908203125,3616.0,19.60893017600756
462,1.1112864017486572,3201.4547765254974,0.0,2784.55908203125,3616.0,19.651186497008894
463,0.5187767148017883,1257.7960179448128,0.0,2784.55908203125,3616.0,19.69339208700694
464,0.6575056910514832,1980.0296698212624,0.0,2784.55908203125,3616.0,19.73598900300567
465,0.9619531035423279,1408.0786337852478,0.0,2784.55908203125,3616.0,19.777329325006576
466,0.7471184730529785,1391.6133103370667,0.0,2784.55908203125,3616.0,19.819606941004167
467,0.6196651458740234,1878.0460144281387,0.0,2784.55908203125,3616.0,19.861570305001806
468,0.5164052844047546,1704.68305259943,0.0,2784.55908203125,3616.0,19.903103616001317
469,0.8637116551399231,1483.3522333800793,0.0,2784.55908203125,3616.0,19.944660830995417
470,1.065448522567749,1662.0841909050941,0.0,2784.55908203125,3616.0,19.98693425199599
471,0.7631322741508484,1451.043463677168,0.0,2784.55908203125,3616.0,20.028889352004626
472,0.8405819535255432,1570.6582968235016,0.0,2784.55908203125,3616.0,20.06951959899743
473,0.8447849154472351,1438.282446861267,0.0,2784.55908203125,3616.0,20.11024434599676
474,0.48756954073905945,1397.041977018118,0.0,2784.55908203125,3616.0,20.15186923100555
475,0.7523037791252136,1856.6871011257172,0.0,2784.55908203125,3616.0,20.193869819006068
476,1.2078078985214233,1846.8661287426949,0.0,2784.55908203125,3616.0,20.234970588004217
477,1.2649649381637573,2034.984621167183,0.0,2784.55908203125,3616.0,20.276349246996688
478,1.0186117887496948,1660.3239961862564,0.0,2784.55908203125,3616.0,20.319128752002143
479,0.5859137177467346,2301.938922762871,0.0,2784.55908203125,3616.0,20.36125067299872
480,0.86549311876297,1694.022341966629,0.0,2784.55908203125,3616.0,20.40276439100853
481,0.5966899394989014,1782.0991840958595,0.0,2784.55908203125,3616.0,20.444192081005895
482,0.5775361061096191,1598.3592899739742,0.0,2784.55908203125,3616.0,20.48648336599581
483,0.5166634321212769,1171.9058890342712,0.0,2784.55908203125,3616.0,20.53034070500871
484,1.209015965461731,1362.664187669754,0.0,2784.55908203125,3616.0,20.572083164996002
485,0.49079054594039917,1609.3681035637856,0.0,2784.55908203125,3616.0,20.613437349005835
486,0.7318620681762695,1403.2232253849506,0.0,2784.55908203125,3616.0,20.65477263100911
487,0.5651370286941528,951.3831966817379,0.0,2784.55908203125,3616.0,20.697545368006104
488,0.48545247316360474,1168.9947980642319,0.0,2784.55908203125,3616.0,20.739073012999143
489,0.6222506165504456,1228.312011986971,0.0,2784.55908203125,3616.0,20.782204531002208
490,0.43353959918022156,901.6258047968149,0.0,2784.55908203125,3616.0,20.823051661995123
491,0.7342612147331238,1168.567925363779,0.0,2784.55908203125,3616.0,20.863894313006313
492,0.7087077498435974,1252.2349393069744,0.0,2784.55908203125,3616.0,20.904768252003123
493,0.664979875087738,2236.0774730443954,0.0,2784.55908203125,3616.0,20.947728430997813
494,0.7876203060150146,1524.0158241987228,0.0,2784.55908203125,3616.0,20.98818179599766
495,0.6974385380744934,962.579915702343,0.0,2784.55908203125,3616.0,21.03087891099858
496,0.610010027885437,1200.6103656589985,0.0,2784.55908203125,3616.0,21.073519715995644
497,0.8462360501289368,1229.8186352849007,0.0,2784.55908203125,3616.0,21.112972746006562
498,0.7950470447540283,1667.6807920336723,0.0,2784.55908203125,3616.0,21.15544987100293
499,0.4779246151447296,1286.457400649786,0.0,2784.55908203125,3616.0,21.197802526003215
500,0.5505345463752747,1608.163485944271,0.0,2784.55908203125,3616.0,21.240122671006247
501,1.492047905921936,4288.611824154854,0.0,2784.55908203125,3616.0,21.279812064996804
502,0.39762458205223083,975.3854949772358,0.0,2784.55908203125,3616.0,21.32139694300713
503,0.6540171504020691,1025.392611503601,0.0,2784.55908203125,3616.0,21.361016082999413
504,0.5230823755264282,1664.544407904148,0.0,2784.55908203125,3616.0,21.40268325600482
505,0.5968347191810608,1780.789746940136,0.0,2784.55908203125,3616.0,21.446171759002027
506,0.384062796831131,768.5461388528347,0.0,2784.55908203125,3616.0,21.487971466005547
507,0.5186411142349243,1732.7683963775635,0.0,2784.55908203125,3616.0,21.530026205000468
508,1.0966747999191284,5373.398757219315,0.0,2784.55908203125,3616.0,21.572177898007794
509,0.8209984302520752,1692.4681787490845,0.0,2784.55908203125,3616.0,21.6149120869959
510,0.4037545323371887,1130.277352064848,0.0,2784.55908203125,3616.0,21.656508294996456
511,0.608137309551239,2321.6656004190445,0.0,2784.55908203125,3616.0,21.69996230599645
512,1.509793758392334,1636.5296037197113,0.0,2784.55908203125,3616.0,21.73921289399732
513,0.9305390119552612,1307.404411137104,0.0,2784.55908203125,3616.0,21.78026761300862
514,0.9525051712989807,1565.5568557977676,0.0,2784.55908203125,3616.0,21.822104120001313
515,0.7019864320755005,2794.193009495735,0.0,2784.55908203125,3616.0,21.865155146006146
516,0.9221446514129639,2659.6718720197678,0.0,2784.55908203125,3616.0,21.90576612400764
517,0.6672760844230652,1428.0953314900398,0.0,2784.55908203125,3616.0,21.94722360400192
518,0.6964994072914124,1909.3344101905823,0.0,2784.55908203125,3616.0,21.990633933004574
519,0.7303309440612793,1241.0177605450153,0.0,2784.55908203125,3616.0,22.03117355100403
520,0.3829619288444519,984.321790844202,0.0,2784.55908203125,3616.0,22.073837078001816
521,0.3995724618434906,1831.86238270998,0.0,2784.55908203125,3616.0,22.115325310005574
522,0.7551077008247375,1243.7277982532978,0.0,2784.55908203125,3616.0,22.156868685997324
523,0.5621190667152405,1200.601979702711,0.0,2784.55908203125,3616.0,22.200634749009623
524,0.9909045100212097,1724.4177861213684,0.0,2784.55908203125,3616.0,22.24237542800256
525,0.4671556055545807,1440.3536782562733,0.0,2784.55908203125,3616.0,22.28427462700347
526,0.707450807094574,1037.453014165163,0.0,2784.55908203125,3616.0,22.32573747599963
527,0.7543760538101196,1767.1720156669617,0.0,2784.55908203125,3616.0,22.366654647004907
528,1.2180119752883911,2178.1640496850014,0.0,2784.55908203125,3616.0,22.40735183999641
529,0.8957434892654419,1887.355560541153,0.0,2784.55908203125,3616.0,22.449148842002614
530,0.9355915188789368,1714.8971542716026,0.0,2784.55908203125,3616.0,22.490620949000004
531,0.6496607065200806,1301.598130106926,0.0,2784.55908203125,3616.0,22.533261748001678
532,0.6306639313697815,1300.4063744544983,0.0,2784.55908203125,3616.0,22.573504486004822
533,0.3422526717185974,938.0760703980923,0.0,2784.55908203125,3616.0,22.61517470200488
534,0.3210151791572571,1118.5572601556778,0.0,2784.55908203125,3616.0,22.657260364008835
535,0.5527637004852295,1577.8662006258965,0.0,2784.55908203125,3616.0,22.700842816004297
536,0.47195160388946533,1490.9691075086594,0.0,2784.55908203125,3616.0,22.742172423997545
537,0.4852157235145569,1171.879217684269,0.0,2784.55908203125,3616.0,22.785165071007214
538,0.5473744869232178,2654.196317613125,0.0,2784.55908203125,3616.0,22.827510831004474
539,0.556021511554718,2225.914893388748,0.0,2784.55908203125,3616.0,22.869932779009105
540,0.6838163733482361,1020.2375557422638,0.0,2784.55908203125,3616.0,22.912625053999363
541,0.6936604976654053,2084.4847880005836,0.0,2784.55908203125,3616.0,22.95328932000848
542,0.6834185123443604,1270.8077465891838,0.0,2784.55908203125,3616.0,22.99482339899987
543,0.35230448842048645,801.2406116575003,0.0,2784.55908203125,3616.0,23.035540682001738
544,0.8910150527954102,1981.5994111299515,0.0,2784.55908203125,3616.0,23.077759075007634
545,0.3368721306324005,1186.4725186228752,0.0,2784.55908203125,3616.0,23.118804005003767
546,0.38194218277931213,961.0977898687124,0.0,2784.55908203125,3616.0,23.15960727199854
547,0.8956869840621948,1533.0687827467918,0.0,2784.55908203125,3616.0,23.202108045996283
548,0.524430513381958,1235.012990027666,0.0,2784.55908203125,3616.0,23.24396593500569
549,0.47297823429107666,1304.7942189276218,0.0,2784.55908203125,3616.0,23.285531546003767
550,0.473018079996109,956.6423206329346,0.0,2784.55908203125,3616.0,23.326394679999794
551,0.6737527251243591,1423.987997084856,0.0,2784.55908203125,3616.0,23.3693307890062
552,1.3955788612365723,1266.429454088211,0.0,2784.55908203125,3616.0,23.4098413860047
553,0.39362266659736633,1024.7042372822762,0.0,2784.55908203125,3616.0,23.450781300009112
554,0.6055393815040588,1699.2023924589157,0.0,2784.55908203125,3616.0,23.493833803004236
555,0.9100819230079651,1035.794701039791,0.0,2784.55908203125,3616.0,23.535153118005837
556,0.684816300868988,1672.1205615997314,0.0,2784.55908203125,3616.0,23.578818704001606
557,0.5110008716583252,1378.7036131322384,0.0,2784.55908203125,3616.0,23.620931787008885
558,0.4457733631134033,894.4613091796637,0.0,2784.55908203125,3616.0,23.66295694699511
559,0.3516124188899994,915.5144920945168,0.0,2784.55908203125,3616.0,23.703241916009574
560,0.508367121219635,821.0173441320658,0.0,2784.55908203125,3616.0,23.745115413999883
561,0.8198767900466919,1086.813056051731,0.0,2784.55908203125,3616.0,23.784719944000244
562,0.8908575773239136,1888.909570157528,0.0,2784.55908203125,3616.0,23.825919474009424
563,0.871958315372467,959.589033305645,0.0,2784.55908203125,3616.0,23.867390954008442
564,0.5164108872413635,1865.5923605561256,0.0,2784.55908203125,3616.0,23.909815897000954
565,0.8385435342788696,1928.7404335737228,0.0,2784.55908203125,3616.0,23.95367914700182
566,0.32599109411239624,884.2155886590481,0.0,2784.55908203125,3616.0,23.99485761699907
567,0.622346818447113,2039.8011624217033,0.0,2784.55908203125,3616.0,24.038047827008995
568,0.9695261716842651,870.210284948349,0.0,2784.55908203125,3616.0,24.079726290001418
569,0.45879867672920227,1463.3154104351997,0.0,2784.55908203125,3616.0,24.122220062999986
570,0.3918379247188568,814.3407182097435,0.0,2784.55908203125,3616.0,24.163738014001865
571,0.5166390538215637,1646.3412401080132,0.0,2784.55908203125,3616.0,24.205785309008206
572,0.5005220770835876,1138.102247029543,0.0,2784.55908203125,3616.0,24.24799876700854
573,0.6992882490158081,2345.772979259491,0.0,2784.55908203125,3616.0,24.28989255700435
574,0.49583226442337036,1515.8120169639587,0.0,2784.55908203125,3616.0,24.332606174008106
575,0.42364969849586487,958.8088437020779,0.0,2784.55908203125,3616.0,24.374667195006623
576,0.721561849117279,1284.6552331447601,0.0,2784.55908203125,3616.0,24.416107787998044
577,0.9084839820861816,2169.245736002922,0.0,2784.55908203125,3616.0,24.459341288005817
578,0.4951309561729431,1168.3310654759407,0.0,2784.55908203125,3616.0,24.501316007997957
579,0.5146763920783997,1444.3369274437428,0.0,2784.55908203125,3616.0,24.54390619500191
580,0.4336567223072052,980.7061402499676,0.0,2784.55908203125,3616.0,24.58635702400352
581,0.5842637419700623,1536.9845682382584,0.0,2784.55908203125,3616.0,24.62925626600918
582,0.9513238668441772,2576.828973889351,0.0,2784.55908203125,3616.0,24.672216603008565
583,0.9241489768028259,1089.8783624768257,0.0,2784.55908203125,3616.0,24.714536380997743
584,0.6505062580108643,1022.0468610525131,0.0,2784.55908203125,3616.0,24.756698291006614
585,0.43392884731292725,1248.3752506375313,0.0,2784.55908203125,3616.0,24.797671587002696
586,0.3649499714374542,856.0037414133549,0.0,2784.55908203125,3616.0,24.83917136400123
587,0.9619314670562744,1308.115806043148,0.0,2784.55908203125,3616.0,24.87939009600086
588,0.48708856105804443,1105.976140677929,0.0,2784.55908203125,3616.0,24.921483357000398
589,0.355456680059433,969.3626734614372,0.0,2784.55908203125,3616.0,24.963666559997364
590,0.8567331433296204,1680.8409515023232,0.0,2784.55908203125,3616.0,25.005445679009426
591,0.3044355511665344,596.6278784275055,0.0,2784.55908203125,3616.0,25.045988074009074
592,0.5269036889076233,1781.6343618035316,0.0,2784.55908203125,3616.0,25.087740693008527
593,0.7764301300048828,4214.777158856392,0.0,2784.55908203125,3616.0,25.13071762000618
594,0.9789577722549438,2473.637486219406,0.0,2784.55908203125,3616.0,25.174577657002374
595,0.6918630599975586,941.516280323267,0.0,2784.55908203125,3616.0,25.216942530008964
596,0.6718122959136963,1397.275253623724,0.0,2784.55908203125,3616.0,25.257788354996592
597,0.5116857886314392,1132.4360149800777,0.0,2784.55908203125,3616.0,25.300441144005163
598,0.6010121703147888,836.376769721508,0.0,2784.55908203125,3616.0,25.342108127006213
599,0.5762426257133484,1016.3475242257118,0.0,2784.55908203125,3616.0,25.384395629007486
600,0.5794478058815002,1094.6238037347794,0.0,2784.55908203125,3616.0,25.42459768599656
601,1.1070233583450317,875.5184256881475,0.0,3466.115234375,7592.0,28.030052098998567
602,0.4426496624946594,907.8390661031008,0.0,3466.115234375,7592.0,28.07252065099601
603,0.8465293049812317,3170.9695867300034,0.0,3466.115234375,7592.0,28.115655732006417
604,0.4039415419101715,1234.9041282832623,0.0,3466.115234375,7592.0,28.15839856500679
605,0.5527940392494202,1467.407418847084,0.0,3466.115234375,7592.0,28.201648731002933
606,0.2939445376396179,906.2898490130901,0.0,3466.115234375,7592.0,28.243287113000406
607,0.951853334903717,1135.2514948546886,0.0,3466.115234375,7592.0,28.284334972006036
608,0.45888787508010864,919.5783896744251,0.0,3466.115234375,7592.0,28.32618371299759
609,0.5422778129577637,858.771550565958,0.0,3466.115234375,7592.0,28.36713302299904
610,0.8769997358322144,1558.3888353705406,0.0,3466.115234375,7592.0,28.40852208499564
611,0.6086757779121399,1611.7472777068615,0.0,3466.115234375,7592.0,28.450399699999252
612,0.9085896611213684,1763.603203713894,0.0,3466.115234375,7592.0,28.49311380799918
613,0.5078008770942688,1248.6868635714054,0.0,3466.115234375,7592.0,28.534409401996527
614,0.42643922567367554,770.0871762931347,0.0,3466.115234375,7592.0,28.57655615999829
615,0.4020843803882599,741.5046897828579,0.0,3466.115234375,7592.0,28.6184053360048
616,0.45314499735832214,2880.424376010895,0.0,3466.115234375,7592.0,28.661075477997656
617,0.4810035228729248,1473.109603703022,0.0,3466.115234375,7592.0,28.703738896001596
618,0.47885191440582275,1411.5242656171322,0.0,3466.115234375,7592.0,28.746154387001297
619,0.46378543972969055,1289.385471522808,0.0,3466.115234375,7592.0,28.789556561008794
620,0.5145398378372192,1820.4714292287827,0.0,3466.115234375,7592.0,28.831355889997212
621,0.7422464489936829,962.4136818051338,0.0,3466.115234375,7592.0,28.872453008996672
622,0.6657992601394653,994.4646073579788,0.0,3466.115234375,7592.0,28.91391789499903
623,0.6691334843635559,853.542322486639,0.0,3466.115234375,7592.0,28.95551417399838
624,0.42727741599082947,807.0026089847088,0.0,3466.115234375,7592.0,28.99760960500862
625,0.8084906339645386,1919.4375174045563,0.0,3466.115234375,7592.0,29.03888891900715
626,0.9787654280662537,724.6848985254765,0.0,3466.115234375,7592.0,29.078723864004132
627,0.46594083309173584,920.9280577600002,0.0,3466.115234375,7592.0,29.121101541997632
628,0.9136399626731873,1781.7479733228683,0.0,3466.115234375,7592.0,29.164514022006188
629,0.4027741849422455,981.6443120837212,0.0,3466.115234375,7592.0,29.206845401000464
630,0.3193223476409912,984.7194994390011,0.0,3466.115234375,7592.0,29.247684421003214
631,0.5310648679733276,1473.4446368813515,0.0,3466.115234375,7592.0,29.291387486999156
632,0.5301170945167542,1147.583578467369,0.0,3466.115234375,7592.0,29.332985896005994
633,0.6114017963409424,3713.4092799425125,0.0,3466.115234375,7592.0,29.37437903600221
634,0.3326731026172638,854.7587875425816,0.0,3466.115234375,7592.0,29.41508779700962
635,0.4786764681339264,576.2997426837683,0.0,3466.115234375,7592.0,29.45610135899915
636,0.6782254576683044,1497.1168662905693,0.0,3466.115234375,7592.0,29.498525603004964
637,0.761387050151825,936.1482816338539,0.0,3466.115234375,7592.0,29.540509384998586
638,1.4020510911941528,2083.24464404583,0.0,3466.115234375,7592.0,29.58177905100456
639,0.5895039439201355,3541.960678100586,0.0,3466.115234375,7592.0,29.62357318699651
640,0.3028940260410309,974.546096354723,0.0,3466.115234375,7592.0,29.6685767040035
641,0.659800112247467,1285.7860299050808,0.0,3466.115234375,7592.0,29.71231800899841
642,0.790360152721405,1328.2081799805164,0.0,3466.115234375,7592.0,29.756229678998352
643,1.490887999534607,1519.894273340702,0.0,3466.115234375,7592.0,29.796611919009592
644,0.4600459933280945,1138.7162055373192,0.0,3466.115234375,7592.0,29.838740671999403
645,0.45544207096099854,1738.6289254426956,0.0,3466.115234375,7592.0,29.880877456002054
646,0.5357151031494141,1565.143126308918,0.0,3466.115234375,7592.0,29.923286346995155
647,0.4934287667274475,1224.291916579008,0.0,3466.115234375,7592.0,29.966353391995654
648,0.5934095978736877,1221.6472620368004,0.0,3466.115234375,7592.0,30.00934561100439
649,0.9493101239204407,1162.6043383479118,0.0,3466.115234375,7592.0,30.051752685001702
650,0.359954833984375,1172.1600704491138,0.0,3466.115234375,7592.0,30.094229448004626
651,0.7415371537208557,1584.5930137634277,0.0,3466.115234375,7592.0,30.134792402008316
652,0.5166995525360107,1110.936413615942,0.0,3466.115234375,7592.0,30.176851074997103
653,0.2744932174682617,632.0705018937588,0.0,3466.115234375,7592.0,30.217662341005052
654,0.4320926070213318,7145.393577814102,0.0,3466.115234375,7592.0,30.260016315005487
655,0.38897421956062317,1340.453143119812,0.0,3466.115234375,7592.0,30.302159439001116
656,0.576613187789917,1012.2107386887074,0.0,3466.115234375,7592.0,30.34287852399575
657,0.928444504737854,1410.544113188982,0.0,3466.115234375,7592.0,30.38471194700105
658,0.3610007166862488,909.1666556596756,0.0,3466.115234375,7592.0,30.426260890002595
659,0.43375131487846375,1308.465674430132,0.0,3466.115234375,7592.0,30.46799106200342
660,0.4284576177597046,1400.5276411771774,0.0,3466.115234375,7592.0,30.510298513007
661,0.7390915751457214,1448.1657758951187,0.0,3466.115234375,7592.0,30.55387909199635
662,0.3920231759548187,964.6946713924408,0.0,3466.115234375,7592.0,30.59738403900701
663,0.3767445981502533,648.2761878967285,0.0,3466.115234375,7592.0,30.638982253003633
664,0.4916877746582031,1841.6239700317383,0.0,3466.115234375,7592.0,30.681725786009338
665,0.4375746250152588,995.2279817163944,0.0,3466.115234375,7592.0,30.72393881600874
666,0.5878570675849915,1241.5336450636387,0.0,3466.115234375,7592.0,30.76493125699926
667,0.335446834564209,1356.862690627575,0.0,3466.115234375,7592.0,30.806655018008314
668,0.6482704877853394,1447.5659891366959,0.0,3466.115234375,7592.0,30.848522002997925
669,0.48601070046424866,1035.5459946095943,0.0,3466.115234375,7592.0,30.889404914996703
670,0.5857732892036438,1196.906889140606,0.0,3466.115234375,7592.0,30.9305359209975
671,0.20733074843883514,608.4758435636759,0.0,3466.115234375,7592.0,30.970924060005927
672,0.7716911435127258,950.0592811107635,0.0,3466.115234375,7592.0,31.011827930997242
673,0.5333118438720703,1190.7427779734135,0.0,3466.115234375,7592.0,31.05346701500821
674,0.7982721328735352,1632.1681151390076,0.0,3466.115234375,7592.0,31.09535548099666
675,0.4122473895549774,1270.8505784273148,0.0,3466.115234375,7592.0,31.137008374003926
676,0.9644986987113953,1448.6717483997345,0.0,3466.115234375,7592.0,31.18019484700926
677,0.40900054574012756,1270.4852600991726,0.0,3466.115234375,7592.0,31.22336114900827
678,0.663848876953125,892.8545579016209,0.0,3466.115234375,7592.0,31.264558509006747
679,0.37209635972976685,1065.1152861118317,0.0,3466.115234375,7592.0,31.30715064299875
680,0.8434333801269531,1126.118171095848,0.0,3466.115234375,7592.0,31.348883165002917
681,0.7580166459083557,1388.796665608883,0.0,3466.115234375,7592.0,31.39278678499977
682,0.3322986662387848,919.9246436357498,0.0,3466.115234375,7592.0,31.435965837008553
683,0.7037659287452698,1393.3526418805122,0.0,3466.115234375,7592.0,31.481339863996254
684,0.5324737429618835,1398.5854013562202,0.0,3466.115234375,7592.0,31.52457781099656
685,0.44709649682044983,1087.8232732713223,0.0,3466.115234375,7592.0,31.568735356006073
686,0.43388599157333374,931.078826546669,0.0,3466.115234375,7592.0,31.61110221600393
687,0.3787439465522766,800.7250241488218,0.0,3466.115234375,7592.0,31.653081935000955
688,1.2222141027450562,1955.3209993839264,0.0,3466.115234375,7592.0,31.69642589399882
689,0.9983428716659546,1539.8856444954872,0.0,3466.115234375,7592.0,31.738366820005467
690,0.8946964144706726,878.3000713288784,0.0,3466.115234375,7592.0,31.779516812006477
691,0.6054624915122986,752.3504915982485,0.0,3466.115234375,7592.0,31.821232866001083
692,0.6159601807594299,1152.1632830500603,0.0,3466.115234375,7592.0,31.864543026007595
693,0.9556967616081238,2120.701007127762,0.0,3466.115234375,7592.0,31.906298009998864
694,1.6155165433883667,1377.210837393999,0.0,3466.115234375,7592.0,31.94820395699935
695,0.862209677696228,1144.6173188090324,0.0,3466.115234375,7592.0,31.991160562000005
696,0.3804905414581299,937.3417686223984,0.0,3466.115234375,7592.0,32.03389426700596
697,0.6419566869735718,1127.5992402732372,0.0,3466.115234375,7592.0,32.076025400005165
698,0.7163185477256775,1486.3063597679138,0.0,3466.115234375,7592.0,32.11917431400798
699,0.7842875123023987,1968.5423696041107,0.0,3466.115234375,7592.0,32.16107393900165
700,0.6226544976234436,1596.2676894068718,0.0,3466.115234375,7592.0,32.20437829599541
701,0.9994720220565796,825.6136837601662,0.0,3466.115234375,7592.0,32.243955768004525
702,0.8434352278709412,2253.658984065056,0.0,3466.115234375,7592.0,32.28628392300743
703,0.42533841729164124,1176.9213716685772,0.0,3466.115234375,7592.0,32.32894137100084
704,0.4096357822418213,1092.8188742101192,0.0,3466.115234375,7592.0,32.3712880200037
705,0.33006027340888977,723.895054847002,0.0,3466.115234375,7592.0,32.412744975998066
706,0.3558282256126404,1171.6826269328594,0.0,3466.115234375,7592.0,32.45516217200202
707,0.5582433342933655,1268.1923315227032,0.0,3466.115234375,7592.0,32.49609031599539
708,0.3329896032810211,1015.1391315460205,0.0,3466.115234375,7592.0,32.54119780000474
709,0.7749121785163879,921.6541555225849,0.0,3466.115234375,7592.0,32.58427104599832
710,0.44523707032203674,1013.4636814892292,0.0,3466.115234375,7592.0,32.62596638999821
711,0.7810107469558716,1342.3557980656624,0.0,3466.115234375,7592.0,32.66878597100731
712,0.6222350001335144,1002.2588385939598,0.0,3466.115234375,7592.0,32.71053199500602
713,0.43346598744392395,1429.3924763798714,0.0,3466.115234375,7592.0,32.753452913006186
714,0.34092414379119873,1233.9358221292496,0.0,3466.115234375,7592.0,32.795115991000785
715,0.50342857837677,1143.430728316307,0.0,3466.115234375,7592.0,32.83828204500605
716,0.8484524488449097,999.6631951928139,0.0,3466.115234375,7592.0,32.880343309007
717,0.9200027585029602,1066.2368724644184,0.0,3466.115234375,7592.0,32.92333604900341
718,0.5847585201263428,1258.704894542694,0.0,3466.115234375,7592.0,32.96685960100149
719,0.6080917119979858,833.5934235453606,0.0,3466.115234375,7592.0,33.00790661299834
720,0.3763589859008789,1593.1593061089516,0.0,3466.115234375,7592.0,33.049943908001296
721,0.5561692714691162,1459.164718925953,0.0,3466.115234375,7592.0,33.092536771000596
722,0.3672495484352112,1091.49943703413,0.0,3466.115234375,7592.0,33.13488764100475
723,0.9655076861381531,798.5280613750219,0.0,3466.115234375,7592.0,33.175944539005286
724,0.3849601745605469,932.0157510638237,0.0,3466.115234375,7592.0,33.21840699200402
725,0.3152998089790344,661.0566867291927,0.0,3466.115234375,7592.0,33.25996883200423
726,0.6444413661956787,1004.0501369833946,0.0,3466.115234375,7592.0,33.300484777995734
727,1.328171968460083,1899.3124817609787,0.0,3466.115234375,7592.0,33.34253171000455
728,0.40120404958724976,919.4848574399948,0.0,3466.115234375,7592.0,33.38415221699688
729,0.6207101941108704,1261.2661294341087,0.0,3466.115234375,7592.0,33.42625997500727
730,0.2614069879055023,759.4231579005718,0.0,3466.115234375,7592.0,33.466991920999135
731,0.6087488532066345,1486.9660392403603,0.0,3466.115234375,7592.0,33.50913371199567
732,0.4694342017173767,898.1500911414623,0.0,3466.115234375,7592.0,33.54947866500879
733,0.6060382723808289,878.1748897433281,0.0,3466.115234375,7592.0,33.5915645500063
734,0.3591628670692444,1088.313615322113,0.0,3466.115234375,7592.0,33.634666024008766
735,0.5586656928062439,1610.9405047297478,0.0,3466.115234375,7592.0,33.677263863995904
736,0.3132460117340088,599.7135278880596,0.0,3466.115234375,7592.0,33.72023771800741
737,0.4200935661792755,1009.1864061951637,0.0,3466.115234375,7592.0,33.76288318600564
738,0.5080857276916504,1029.3967380225658,0.0,3466.115234375,7592.0,33.804449094997835
739,0.8973289132118225,1055.4860763549805,0.0,3466.115234375,7592.0,33.846184395006276
740,0.44182053208351135,1209.2231496572495,0.0,3466.115234375,7592.0,33.88724952400662
741,0.6330028176307678,1839.9251593351364,0.0,3466.115234375,7592.0,33.92989837400091
742,0.43800950050354004,1333.1316709518433,0.0,3466.115234375,7592.0,33.97208815100021
743,0.2860300540924072,970.0415958464146,0.0,3466.115234375,7592.0,34.013237998005934
744,0.6914162039756775,1155.7571135759354,0.0,3466.115234375,7592.0,34.056121114001144
745,0.755099356174469,1554.5772988200188,0.0,3466.115234375,7592.0,34.09966893000819
746,0.2870733141899109,542.4045901894569,0.0,3466.115234375,7592.0,34.140466755998204
747,0.8622424006462097,1181.4568560421467,0.0,3466.115234375,7592.0,34.182855068997014
748,0.30453920364379883,1075.8999514579773,0.0,3466.115234375,7592.0,34.22474864400283
749,0.6102317571640015,1013.6575263440609,0.0,3466.115234375,7592.0,34.26851481900667
750,0.4343133568763733,1266.0386618375778,0.0,3466.115234375,7592.0,34.309514595006476
751,0.8461201786994934,975.3026464283466,0.0,3466.115234375,7592.0,34.35277034500905
752,0.6407256126403809,1385.640630364418,0.0,3466.115234375,7592.0,34.39436448000197
753,0.22874145209789276,554.5632794499397,0.0,3466.115234375,7592.0,34.435160127002746
754,0.29187721014022827,481.00870832800865,0.0,3466.115234375,7592.0,34.477192014004686
755,0.36511990427970886,697.9511405080557,0.0,3466.115234375,7592.0,34.519463140997686
756,0.3156752288341522,893.305684953928,0.0,3466.115234375,7592.0,34.56231685500825
757,0.5895721912384033,1158.1027857363224,0.0,3466.115234375,7592.0,34.604112947999965
758,0.7893496155738831,1120.6984055936337,0.0,3466.115234375,7592.0,34.64485879300628
759,0.46932265162467957,773.109451174736,0.0,3466.115234375,7592.0,34.68655611699796
760,0.731250524520874,1337.7199630141258,0.0,3466.115234375,7592.0,34.72695247900265
761,0.7982111573219299,1601.0643965005875,0.0,3466.115234375,7592.0,34.7670794930018
762,0.524061381816864,1425.2024676799774,0.0,3466.115234375,7592.0,34.81080954900244
763,0.23887573182582855,592.8097311109304,0.0,3466.115234375,7592.0,34.852620871999534
764,0.712899386882782,2753.8103543519974,0.0,3466.115234375,7592.0,34.89539413200691
765,0.8677723407745361,1721.2717901468277,0.0,3466.115234375,7592.0,34.93544653299614
766,0.3118477165699005,696.6778578311205,0.0,3466.115234375,7592.0,34.976641536006355
767,0.9183892011642456,1286.16648671031,0.0,3466.115234375,7592.0,35.01953090399911
768,0.4617566168308258,1289.4793504476547,0.0,3466.115234375,7592.0,35.06195331799972
769,0.5624412298202515,1199.8341186642647,0.0,3466.115234375,7592.0,35.10257412800274
770,0.9721948504447937,1370.051215827465,0.0,3466.115234375,7592.0,35.144015854995814
771,0.8044223189353943,1547.5126661658287,0.0,3466.115234375,7592.0,35.18507655500434
772,0.4128727614879608,1721.650664448738,0.0,3466.115234375,7592.0,35.22871604299871
773,1.0536701679229736,1900.895249247551,0.0,3466.115234375,7592.0,35.26832339700195
774,0.6208754777908325,1605.2355684638023,0.0,3466.115234375,7592.0,35.31219272900489
775,0.630042552947998,994.4288917779922,0.0,3466.115234375,7592.0,35.35413527699711
776,1.0042270421981812,1311.7355841696262,0.0,3466.115234375,7592.0,35.396726170001784
777,0.32997867465019226,1132.8067862689495,0.0,3466.115234375,7592.0,35.437185504997615
778,0.1969590038061142,746.1602054238319,0.0,3466.115234375,7592.0,35.47781952600053
779,1.028780221939087,1254.5741756856441,0.0,3466.115234375,7592.0,35.521625997003866
780,0.4021289348602295,638.4421737790108,0.0,3466.115234375,7592.0,35.56209302600473
781,0.4073220491409302,802.8211634457111,0.0,3466.115234375,7592.0,35.60499101699679
782,0.4508391320705414,1348.337190270424,0.0,3466.115234375,7592.0,35.647547136002686
783,0.6567782759666443,1412.329218864441,0.0,3466.115234375,7592.0,35.689745302996016
784,0.6234070658683777,1074.8507695496082,0.0,3466.115234375,7592.0,35.73302363800758
785,0.2883104383945465,585.0541672557592,0.0,3466.115234375,7592.0,35.77411223700619
786,0.42939409613609314,969.0594981312752,0.0,3466.115234375,7592.0,35.81657731400628
787,0.42994818091392517,1362.1705222129822,0.0,3466.115234375,7592.0,35.85983006999595
788,0.4160170257091522,882.370752453804,0.0,3466.115234375,7592.0,35.90273026100476
789,0.35206368565559387,885.3191451132298,0.0,3466.115234375,7592.0,35.94470551899576
790,0.8949377536773682,1010.49185064435,0.0,3466.115234375,7592.0,35.986934904009104
791,0.3408695459365845,958.0047626197338,0.0,3466.115234375,7592.0,36.02906292700209
792,0.3472532629966736,735.5122756958008,0.0,3466.115234375,7592.0,36.07043154499843
793,0.5005592107772827,1022.7323783934116,0.0,3466.115234375,7592.0,36.112015284001245
794,0.36172375082969666,1077.8893007934093,0.0,3466.115234375,7592.0,36.15413715300383
795,0.3742084801197052,949.2406790852547,0.0,3466.115234375,7592.0,36.19698605200392
796,0.46277162432670593,784.931592464447,0.0,3466.115234375,7592.0,36.23745660300483
797,0.4583922326564789,1136.7779982686043,0.0,3466.115234375,7592.0,36.27934736800671
798,0.327301561832428,1000.70000654459,0.0,3466.115234375,7592.0,36.32255398700363
799,0.2985643446445465,436.94303192198277,0.0,3466.115234375,7592.0,36.36490998300724
800,0.4750623404979706,1019.7208183705807,0.0,3466.115234375,7592.0,36.406798502997844
801,0.5081597566604614,1140.1806457042694,0.0,3466.115234375,7592.0,36.45033623500785
802,0.4960665702819824,3610.524064183235,0.0,3466.115234375,7592.0,36.49273697400349
803,0.28001728653907776,809.2571296989918,0.0,3466.115234375,7592.0,36.53597116100718
804,0.3564664423465729,643.499816685915,0.0,3466.115234375,7592.0,36.578604187001474
805,0.33488836884498596,824.7351931631565,0.0,3466.115234375,7592.0,36.61985740000091
806,0.4430001676082611,1092.4414465725422,0.0,3466.115234375,7592.0,36.66216198900656
807,0.40009021759033203,1252.2257212400436,0.0,3466.115234375,7592.0,36.70524013400427
808,0.4495260417461395,1295.8854393363,0.0,3466.115234375,7592.0,36.74775698200392
809,0.2884467840194702,567.602548584342,0.0,3466.115234375,7592.0,36.79007033800008
810,0.6809369921684265,982.2543990314007,0.0,3466.115234375,7592.0,36.83186136200675
811,0.4350934326648712,926.251565694809,0.0,3466.115234375,7592.0,36.87356957999873
812,0.36836642026901245,1350.327812165022,0.0,3466.115234375,7592.0,36.91406168600952
813,0.29384085536003113,856.8635406494141,0.0,3466.115234375,7592.0,36.954164290000335
814,0.3123758137226105,1283.7574298977852,0.0,3466.115234375,7592.0,36.99554788800015
815,0.4207192063331604,1225.4464794695377,0.0,3466.115234375,7592.0,37.037349806996644
816,0.268466055393219,644.2449113279581,0.0,3466.115234375,7592.0,37.07948707700416
817,0.8238698840141296,1222.621406674385,0.0,3466.115234375,7592.0,37.12150728100096
818,0.35505902767181396,1596.2914916872978,0.0,3466.115234375,7592.0,37.16404496600444
819,0.3989839255809784,1434.818303734064,0.0,3466.115234375,7592.0,37.20613502600463
820,0.7063650488853455,1305.3704260587692,0.0,3466.115234375,7592.0,37.24885726200591
821,0.2853972017765045,686.100050136447,0.0,3466.115234375,7592.0,37.29107025799749
822,0.3386547863483429,955.6526897251606,0.0,3466.115234375,7592.0,37.33421339900815
823,0.2953553795814514,1144.9520676136017,0.0,3466.115234375,7592.0,37.37591406900901
824,0.509264349937439,4787.132281422615,0.0,3466.115234375,7592.0,37.419184329002746
825,0.4876188039779663,1451.4696592986584,0.0,3466.115234375,7592.0,37.45996459800517
826,1.0535881519317627,2546.527318775654,0.0,3466.115234375,7592.0,37.50258698599646
827,0.5541206002235413,1711.0345688462257,0.0,3466.115234375,7592.0,37.543980403002934
828,0.9585353136062622,1300.7618323266506,0.0,3466.115234375,7592.0,37.586470775000635
829,0.7258740067481995,949.3575355112553,0.0,3466.115234375,7592.0,37.626825586005
830,0.4612003266811371,1077.1795456707478,0.0,3466.115234375,7592.0,37.66961672100297
831,0.599312424659729,1365.618500173092,0.0,3466.115234375,7592.0,37.71296873700339
832,0.9366579651832581,1106.734319448471,0.0,3466.115234375,7592.0,37.75420464100898
833,0.427985817193985,1099.3029943108559,0.0,3466.115234375,7592.0,37.796272402003524
834,0.4693926274776459,1332.1200997829437,0.0,3466.115234375,7592.0,37.83787879599549
835,0.463894784450531,2113.3538424372673,0.0,3466.115234375,7592.0,37.88078595099796
836,0.5516296029090881,1611.5615328550339,0.0,3466.115234375,7592.0,37.92135573399719
837,0.691521942615509,1118.5779906511307,0.0,3466.115234375,7592.0,37.9628520749975
838,0.7008044719696045,895.5181820690632,0.0,3466.115234375,7592.0,38.00335221100249
839,0.3462209701538086,829.9203843176365,0.0,3466.115234375,7592.0,38.04543403899879
840,0.9560256600379944,1326.9860441088676,0.0,3466.115234375,7592.0,38.08909986000799
841,0.8002126812934875,1527.9862841367722,0.0,3466.115234375,7592.0,38.13216526599717
842,0.6502372026443481,1623.0357857346535,0.0,3466.115234375,7592.0,38.17438487500476
843,0.504854679107666,1145.1967488825321,0.0,3466.115234375,7592.0,38.215763416999835
844,0.4388495683670044,1212.9051450490952,0.0,3466.115234375,7592.0,38.258140407997416
845,0.462870329618454,1127.638094842434,0.0,3466.115234375,7592.0,38.299923015001696
846,0.6463379859924316,1272.265258193016,0.0,3466.115234375,7592.0,38.34111540700542
847,0.6324408054351807,968.2642214000225,0.0,3466.115234375,7592.0,38.38142783100193
848,0.43386322259902954,1002.955886632204,0.0,3466.115234375,7592.0,38.42170768600772
849,0.43681055307388306,903.2043306529522,0.0,3466.115234375,7592.0,38.463152594995336
850,0.5159717202186584,2144.7740947008133,0.0,3466.115234375,7592.0,38.505923703996814
851,0.3013390004634857,843.1931222081184,0.0,3466.115234375,7592.0,38.54785353499756
852,0.4666537046432495,1627.966768860817,0.0,3466.115234375,7592.0,38.591032052005176
853,0.3780789375305176,1087.4015386104584,0.0,3466.115234375,7592.0,38.633597478008596
854,0.29634496569633484,672.661014854908,0.0,3466.115234375,7592.0,38.67464480100898
855,0.31191548705101013,626.5528777837753,0.0,3466.115234375,7592.0,38.715949218007154
856,0.908596396446228,1443.3181948065758,0.0,3466.115234375,7592.0,38.75813495500188
857,0.31929948925971985,722.7967001348734,0.0,3466.115234375,7592.0,38.800210625006
858,0.36791762709617615,713.7057413160801,0.0,3466.115234375,7592.0,38.84309924700938
859,0.4253900945186615,1066.7109364569187,0.0,3466.115234375,7592.0,38.88625618000515
860,0.4651676118373871,848.3217253088951,0.0,3466.115234375,7592.0,38.926973164008814
861,0.37755703926086426,1365.1126934885979,0.0,3466.115234375,7592.0,38.96956562800915
862,0.2779303789138794,545.5098202079535,0.0,3466.115234375,7592.0,39.01172009699803
863,0.3810046315193176,1339.7927379906178,0.0,3466.115234375,7592.0,39.05585855500249
864,0.36643919348716736,1044.414675205946,0.0,3466.115234375,7592.0,39.097920512998826
865,0.6302129030227661,975.0703865587711,0.0,3466.115234375,7592.0,39.13887539700954
866,0.7958508133888245,1514.3638598322868,0.0,3466.115234375,7592.0,39.181021468000836
867,0.7311527132987976,913.8250206708908,0.0,3466.115234375,7592.0,39.22315946800518
868,0.6624690890312195,947.0654463171959,0.0,3466.115234375,7592.0,39.26615907800442
869,0.4692194163799286,1231.490394383669,0.0,3466.115234375,7592.0,39.30831782000314
870,0.3276616334915161,982.9981091916561,0.0,3466.115234375,7592.0,39.35070930200163
871,0.45226773619651794,1077.5395606160164,0.0,3466.115234375,7592.0,39.393999102001544
872,0.4193781316280365,813.0188523828983,0.0,3466.115234375,7592.0,39.43701134400908
873,0.2925947606563568,470.8468691855669,0.0,3466.115234375,7592.0,39.47862693099887
874,0.39050883054733276,429.96863558888435,0.0,3466.115234375,7592.0,39.52078513300512
875,0.5940786004066467,702.6396071016788,0.0,3466.115234375,7592.0,39.56282679899596
876,0.9551961421966553,1124.4468873739243,0.0,3466.115234375,7592.0,39.60357941100665
877,0.4662020802497864,819.4920606613159,0.0,3466.115234375,7592.0,39.64573392299644
878,0.8952247500419617,1755.0694717168808,0.0,3466.115234375,7592.0,39.6877320259955
879,0.4767168164253235,1119.7631332874298,0.0,3466.115234375,7592.0,39.731978473995696
880,0.44925060868263245,822.6038525104523,0.0,3466.115234375,7592.0,39.77390611299779
881,0.5276901125907898,1070.3207036852837,0.0,3466.115234375,7592.0,39.816500291999546
882,0.38715559244155884,875.0367475897074,0.0,3466.115234375,7592.0,39.859726787995896
883,0.45213446021080017,822.152867987752,0.0,3466.115234375,7592.0,39.90313103400695
884,0.39407122135162354,1195.1481146216393,0.0,3466.115234375,7592.0,39.9455198180076
885,1.407484769821167,1272.5036655068398,0.0,3466.115234375,7592.0,39.986238148005214
886,0.7130109071731567,1204.6380756497383,0.0,3466.115234375,7592.0,40.02854183499585
887,0.5799724459648132,923.7007235586643,0.0,3466.115234375,7592.0,40.07002964100684
888,0.2904872000217438,864.7296509742737,0.0,3466.115234375,7592.0,40.11129948099551
889,0.3002387583255768,766.0961063206196,0.0,3466.115234375,7592.0,40.15347955400648
890,0.38104796409606934,1154.5280622243881,0.0,3466.115234375,7592.0,40.19545009599824
891,0.2701748311519623,648.9468535482883,0.0,3466.115234375,7592.0,40.235759832008625
892,0.2630021572113037,892.5387738347054,0.0,3466.115234375,7592.0,40.277758661002736
893,0.6480832099914551,1623.7608515024185,0.0,3466.115234375,7592.0,40.318711150001036
894,0.688629150390625,997.2112819552422,0.0,3466.115234375,7592.0,40.360208896003314
895,0.6933001279830933,1131.9284908175468,0.0,3466.115234375,7592.0,40.40292822899937
896,0.5150101184844971,1262.471593439579,0.0,3466.115234375,7592.0,40.44623949100787
897,0.387445867061615,804.724186450243,0.0,3466.115234375,7592.0,40.488921008000034
898,0.38936635851860046,702.2467905879021,0.0,3466.115234375,7592.0,40.531904279996525
899,0.36405882239341736,1319.2008624076843,0.0,3466.115234375,7592.0,40.57466426200699
900,0.5046756267547607,1165.9664952456951,0.0,3466.115234375,7592.0,40.6151660750038
901,0.803994357585907,1503.3559391498566,0.0,3466.115234375,7592.0,40.65759097599948
902,0.6624642610549927,1468.1923812627792,0.0,3466.115234375,7592.0,40.69984412200574
903,0.3854171335697174,970.0933614075184,0.0,3466.115234375,7592.0,40.74177103600232
904,0.6578412652015686,1075.018489599228,0.0,3466.115234375,7592.0,40.784121757009416
905,0.38948848843574524,965.4841668903828,0.0,3466.115234375,7592.0,40.82638645899715
906,0.3197205066680908,545.0377727895975,0.0,3466.115234375,7592.0,40.86869715600915
907,0.3057636320590973,647.4222142100334,0.0,3466.115234375,7592.0,40.91009314400435
908,0.5619669556617737,1436.2080560326576,0.0,3466.115234375,7592.0,40.952984090006794
909,0.7244749069213867,1388.5864177048206,0.0,3466.115234375,7592.0,40.99588567500177
910,0.4705081284046173,1542.040944159031,0.0,3466.115234375,7592.0,41.03797242199653
911,0.2104697823524475,744.4759741127491,0.0,3466.115234375,7592.0,41.079470384007436
912,0.6495228409767151,1231.3561584949493,0.0,3466.115234375,7592.0,41.1229532139987
913,0.4152179956436157,1057.350162923336,0.0,3466.115234375,7592.0,41.1662378940091
914,0.2266346961259842,465.93594059348106,0.0,3466.115234375,7592.0,41.206346892999136
915,0.6954131126403809,1197.063363045454,0.0,3466.115234375,7592.0,41.24756835799781
916,0.33923280239105225,542.3436685353518,0.0,3466.115234375,7592.0,41.289368323996314
917,0.5469477772712708,10388.5430393219,0.0,3466.115234375,7592.0,41.33254064100038
918,0.747516393661499,1214.8112303316593,0.0,3466.115234375,7592.0,41.37380581900652
919,0.43943852186203003,961.0607887208462,0.0,3466.115234375,7592.0,41.41637987199647
920,0.5299175381660461,988.2410477697849,0.0,3466.115234375,7592.0,41.45721289400535
921,0.5650561451911926,1334.3502997159958,0.0,3466.115234375,7592.0,41.49950171400269
922,0.7991012930870056,1576.5211674571037,0.0,3466.115234375,7592.0,41.54076224000892
923,0.8473846316337585,1540.9157085418701,0.0,3466.115234375,7592.0,41.58307722200698
924,0.5916047096252441,1495.6842902302742,0.0,3466.115234375,7592.0,41.62543385999743
925,0.561346173286438,1290.6214722692966,0.0,3466.115234375,7592.0,41.66795096700662
926,0.5599936246871948,801.5511215627193,0.0,3466.115234375,7592.0,41.70948877700721
927,0.6207644939422607,1263.1147620975971,0.0,3466.115234375,7592.0,41.75308122999559
928,0.4332582950592041,1135.6528085172176,0.0,3466.115234375,7592.0,41.7953281049995
929,0.2707017660140991,746.4595073312521,0.0,3466.115234375,7592.0,41.83843946100387
930,1.0193747282028198,1383.0487931966782,0.0,3466.115234375,7592.0,41.87957683100831
931,0.6464555263519287,1089.5905303657055,0.0,3466.115234375,7592.0,41.921550799001125
932,0.2822670638561249,689.3743481487036,0.0,3466.115234375,7592.0,41.96396681200713
933,0.45249655842781067,1247.3492261469364,0.0,3466.115234375,7592.0,42.00633764700615
934,0.4495614767074585,1484.0311723947525,0.0,3466.115234375,7592.0,42.04771727800835
935,0.36376938223838806,1012.3876288533211,0.0,3466.115234375,7592.0,42.089634058007505
936,0.9836131930351257,1233.995400428772,0.0,3466.115234375,7592.0,42.13123987900326
937,0.7649871706962585,1858.3119879364967,0.0,3466.115234375,7592.0,42.17410518199904
938,0.5718527436256409,2589.358559370041,0.0,3466.115234375,7592.0,42.21645860299759
939,0.587205171585083,1294.1464404463768,0.0,3466.115234375,7592.0,42.25834090799617
940,0.8548853993415833,1570.2005416154861,0.0,3466.115234375,7592.0,42.29961552700843
941,1.4143321514129639,1598.177637398243,0.0,3466.115234375,7592.0,42.33943520899629
942,0.42587804794311523,1079.3300232887268,0.0,3466.115234375,7592.0,42.38311136199627
943,0.4140520393848419,1058.1337216198444,0.0,3466.115234375,7592.0,42.42516472500574
944,0.5033033490180969,1390.7594002187252,0.0,3466.115234375,7592.0,42.46656075300416
945,0.4237852096557617,1450.9011619091034,0.0,3466.115234375,7592.0,42.50677175099554
946,0.7945409417152405,1112.936728298664,0.0,3466.115234375,7592.0,42.548108768998645
947,0.9389841556549072,2253.1134915947914,0.0,3466.115234375,7592.0,42.588632640996366
948,0.4645403027534485,1127.45497494936,0.0,3466.115234375,7592.0,42.6293125180091
949,0.150222510099411,533.7539024800062,0.0,3466.115234375,7592.0,42.66927817600663
950,0.32566067576408386,1270.1412930488586,0.0,3466.115234375,7592.0,42.71064162500261
951,0.4886471927165985,1299.8538393378258,0.0,3466.115234375,7592.0,42.75354183399759
952,0.7122406959533691,1479.803984284401,0.0,3466.115234375,7592.0,42.796563126001274
953,0.43369364738464355,1013.5462717711926,0.0,3466.115234375,7592.0,42.838570570995216
954,0.5799378156661987,1386.4098047614098,0.0,3466.115234375,7592.0,42.880116604006616
955,0.7511686086654663,947.6806237995625,0.0,3466.115234375,7592.0,42.92213782900944
956,0.4504825472831726,1259.4845024347305,0.0,3466.115234375,7592.0,42.96389294099936
957,0.6082676649093628,1281.3857637047768,0.0,3466.115234375,7592.0,43.00602412200533
958,0.35975706577301025,1080.5355758070946,0.0,3466.115234375,7592.0,43.04768634799984
959,0.26954275369644165,601.5654316097498,0.0,3466.115234375,7592.0,43.088716947007924
960,0.39421892166137695,811.0583191215992,0.0,3466.115234375,7592.0,43.131415185998776
961,0.7023079991340637,1162.3505229055882,0.0,3466.115234375,7592.0,43.1747424070054
962,0.7317190170288086,1503.8380836248398,0.0,3466.115234375,7592.0,43.21655521100911
963,0.38683706521987915,771.6199471950531,0.0,3466.115234375,7592.0,43.25950032500259
964,0.3345945179462433,739.8647626489401,0.0,3466.115234375,7592.0,43.30042409300222
965,0.478147953748703,1238.2942727804184,0.0,3466.115234375,7592.0,43.3419858480047
966,0.49607062339782715,1176.2607950866222,0.0,3466.115234375,7592.0,43.384270720009226
967,0.3124751150608063,745.6503733992577,0.0,3466.115234375,7592.0,43.42625552300888
968,0.34838157892227173,583.9109820574522,0.0,3466.115234375,7592.0,43.467104477997054
969,0.9456090331077576,1868.870782315731,0.0,3466.115234375,7592.0,43.50846014500712
970,0.8470719456672668,1121.4365918636322,0.0,3466.115234375,7592.0,43.548770780005725
971,0.41287049651145935,1098.0719272494316,0.0,3466.115234375,7592.0,43.59157637199678
972,0.5667027235031128,994.8283542394638,0.0,3466.115234375,7592.0,43.631996552008786
973,0.44808194041252136,1062.674464046955,0.0,3466.115234375,7592.0,43.67443384299986
974,0.6305520534515381,1206.1992791593075,0.0,3466.115234375,7592.0,43.71682037800201
975,0.4328030049800873,563.5613392442465,0.0,3466.115234375,7592.0,43.75977069299552
976,0.363068550825119,752.9156934916973,0.0,3466.115234375,7592.0,43.80205837900576
977,0.3688468635082245,736.7993887960911,0.0,3466.115234375,7592.0,43.84472125899629
978,0.4944385588169098,1333.8210572600365,0.0,3466.115234375,7592.0,43.88824774499517
979,0.8329654335975647,1073.9451704323292,0.0,3466.115234375,7592.0,43.93020330100262
980,1.0248934030532837,904.6700914502144,0.0,3466.115234375,7592.0,43.97168246700312
981,1.104684591293335,1171.60471701622,0.0,3466.115234375,7592.0,44.01248670399946
982,0.3371172547340393,936.0601981580257,0.0,3466.115234375,7592.0,44.05506996299664
983,0.9738690853118896,1279.7471785247326,0.0,3466.115234375,7592.0,44.09861167000781
984,0.5966342091560364,1026.7323494553566,0.0,3466.115234375,7592.0,44.139976973005105
985,0.27634426951408386,658.503242328763,0.0,3466.115234375,7592.0,44.18318629999703
986,0.32110950350761414,889.7229897081852,0.0,3466.115234375,7592.0,44.225272784999106
987,1.0631335973739624,813.6008915752172,0.0,3466.115234375,7592.0,44.26736488500319
988,0.941820502281189,720.5892417132854,0.0,3466.115234375,7592.0,44.3084197910066
989,0.2537258267402649,626.7457571327686,0.0,3466.115234375,7592.0,44.35020986699965
990,0.24550651013851166,470.671076387167,0.0,3466.115234375,7592.0,44.391565095997066
991,0.5728275179862976,895.479709148407,0.0,3466.115234375,7592.0,44.433546390006086
992,0.6461641788482666,1008.8011949658394,0.0,3466.115234375,7592.0,44.476113544005784
993,0.3491113781929016,637.5757359713316,0.0,3466.115234375,7592.0,44.518673398008104
994,0.32473984360694885,1091.96758633852,0.0,3466.115234375,7592.0,44.56087021200801
995,0.46184077858924866,891.6162755787373,0.0,3466.115234375,7592.0,44.60268891000305
996,0.3515971899032593,783.6233751177788,0.0,3466.115234375,7592.0,44.64425165700959
997,0.5582684278488159,1150.7076042890549,0.0,3466.115234375,7592.0,44.68613003099745
998,0.5099769234657288,1091.2526121139526,0.0,3466.115234375,7592.0,44.72732657000597
999,0.444970041513443,914.3195353150368,0.0,3466.115234375,7592.0,44.77156554799876
1000,0.3969995379447937,937.0149438977242,0.0,3466.115234375,7592.0,44.81590288699954
1001,0.26299166679382324,597.8873072862625,0.0,3466.115234375,7592.0,44.85854895300872
1002,0.2672463059425354,595.4585602879524,0.0,3466.115234375,7592.0,44.90085612400435
1003,0.4888741672039032,1132.6888891458511,0.0,3466.115234375,7592.0,44.94228913199913
1004,0.3738996088504791,858.6996982693672,0.0,3466.115234375,7592.0,44.98468163200596
1005,0.5417842268943787,622.7713562995195,0.0,3466.115234375,7592.0,45.025739938006154
1006,0.20594783127307892,500.36379547417164,0.0,3466.115234375,7592.0,45.06714466500853
1007,0.3433365225791931,653.3178363293409,0.0,3466.115234375,7592.0,45.10874888500257
1008,0.40286552906036377,907.2073449492455,0.0,3466.115234375,7592.0,45.150869274002616
1009,0.31514105200767517,816.9989568591118,0.0,3466.115234375,7592.0,45.192576757995994
1010,0.3716297149658203,564.5475409775972,0.0,3466.115234375,7592.0,45.23398923900095
1011,0.2693946957588196,452.500347211957,0.0,3466.115234375,7592.0,45.2754641000065
1012,0.5072903633117676,815.8524897992611,0.0,3466.115234375,7592.0,45.317335733998334
1013,0.2825183570384979,605.9239781647921,0.0,3466.115234375,7592.0,45.359788640998886
1014,0.29924309253692627,828.1025060415268,0.0,3466.115234375,7592.0,45.40130620000127
1015,0.33760499954223633,600.5469448566437,0.0,3466.115234375,7592.0,45.44413846600219
1016,0.5206539034843445,1125.8939076662064,0.0,3466.115234375,7592.0,45.486881214004825
1017,0.5737612843513489,832.7072807252407,0.0,3466.115234375,7592.0,45.52938251000887
1018,0.855872631072998,1202.3769791126251,0.0,3466.115234375,7592.0,45.57229937100783
1019,0.41138237714767456,1050.7715030610561,0.0,3466.115234375,7592.0,45.61576265099575
1020,0.26859191060066223,512.2843711674213,0.0,3466.115234375,7592.0,45.65755368099781
1021,0.28354108333587646,704.3225228786469,0.0,3466.115234375,7592.0,45.69908949099772
1022,0.3968318700790405,677.4607506394386,0.0,3466.115234375,7592.0,45.741713245006395
1023,0.6248882412910461,873.2320192754269,0.0,3466.115234375,7592.0,45.78282899700571
1024,0.4162372350692749,713.3108408898115,0.0,3466.115234375,7592.0,45.825038408002
1025,0.27555784583091736,683.9796527773142,0.0,3466.115234375,7592.0,45.865702096998575
1026,0.3202788531780243,1249.761814892292,0.0,3466.115234375,7592.0,45.90897158300504
1027,0.6005685329437256,895.6177558302879,0.0,3466.115234375,7592.0,45.95057611599623
1028,0.25579455494880676,728.876777857542,0.0,3466.115234375,7592.0,45.99286080400634
1029,0.5955597758293152,950.4168393909931,0.0,3466.115234375,7592.0,46.03572716799681
1030,0.7946401238441467,1017.2890101075172,0.0,3466.115234375,7592.0,46.07750233300612
1031,0.5651382803916931,1290.2141211032867,0.0,3466.115234375,7592.0,46.121691395004746
1032,0.4779745638370514,689.9439469575882,0.0,3466.115234375,7592.0,46.16329352000321
1033,0.31068122386932373,692.4302567839622,0.0,3466.115234375,7592.0,46.20497674700164
1034,0.5470756888389587,1177.113094508648,0.0,3466.115234375,7592.0,46.245515558999614
1035,0.6310688853263855,1268.0214042663574,0.0,3466.115234375,7592.0,46.28672403500241
1036,0.7150121927261353,871.6393929123878,0.0,3466.115234375,7592.0,46.32711210299749
1037,0.3644219636917114,809.8111421912909,0.0,3466.115234375,7592.0,46.368890840007225
1038,0.36942750215530396,953.6747780442238,0.0,3466.115234375,7592.0,46.412310681000235
1039,0.7523996829986572,1203.5709949731827,0.0,3466.115234375,7592.0,46.45362394300173
1040,0.29497769474983215,996.9911760389805,0.0,3466.115234375,7592.0,46.49630083399825
1041,0.8809717297554016,795.3824816644192,0.0,3466.115234375,7592.0,46.53725036900141
1042,0.4544057846069336,1810.6701860427856,0.0,3466.115234375,7592.0,46.58094135200372
1043,0.5518738031387329,1212.9736714959145,0.0,3466.115234375,7592.0,46.62182124500396
1044,0.3564857244491577,932.1639107763767,0.0,3466.115234375,7592.0,46.66375711699948
1045,0.7084974646568298,547.0917724072933,0.0,3466.115234375,7592.0,46.70546460199694
1046,0.3375288248062134,594.8180657327175,0.0,3466.115234375,7592.0,46.74760830200103
1047,0.4258575737476349,1229.049732208252,0.0,3466.115234375,7592.0,46.788882941997144
1048,0.32269391417503357,1692.494919359684,0.0,3466.115234375,7592.0,46.83236547000706
1049,0.3063832223415375,634.9041446298361,0.0,3466.115234375,7592.0,46.874667958996724
1050,0.47842052578926086,1063.5147113502026,0.0,3466.115234375,7592.0,46.915765586003545
1051,0.4448019564151764,1290.5604909062386,0.0,3466.115234375,7592.0,46.95819385100913
1052,0.3648228049278259,670.0951323062181,0.0,3466.115234375,7592.0,46.999732495998614
1053,0.44674402475357056,856.3455007076263,0.0,3466.115234375,7592.0,47.04100013899733
1054,0.49255913496017456,1367.949540734291,0.0,3466.115234375,7592.0,47.083670574997086
1055,0.2600397765636444,865.9393326044083,0.0,3466.115234375,7592.0,47.124445738008944
1056,0.414194256067276,790.2132150232792,0.0,3466.115234375,7592.0,47.16709585500939
1057,0.4409864842891693,661.3707266896963,0.0,3466.115234375,7592.0,47.209529810003005
1058,0.2944642901420593,653.9337616860867,0.0,3466.115234375,7592.0,47.251536609997856
1059,0.4984617233276367,822.9977726191282,0.0,3466.115234375,7592.0,47.2921556049987
1060,0.38880613446235657,1064.5997095108032,0.0,3466.115234375,7592.0,47.33463576900249
1061,0.6347877979278564,868.1242185533047,0.0,3466.115234375,7592.0,47.37603018000664
1062,0.6702158451080322,546.3502994775772,0.0,3466.115234375,7592.0,47.41769753799599
1063,0.5048462748527527,676.5334164202213,0.0,3466.115234375,7592.0,47.45952270500129
1064,0.2759200632572174,683.2720899879932,0.0,3466.115234375,7592.0,47.50177007900493
1065,0.28939637541770935,725.3135674595833,0.0,3466.115234375,7592.0,47.54442008500337
1066,0.38670504093170166,1134.9560488462448,0.0,3466.115234375,7592.0,47.587542531997315
1067,0.4502289295196533,1277.449075460434,0.0,3466.115234375,7592.0,47.63020029499603
1068,0.398052841424942,904.9871649444103,0.0,3466.115234375,7592.0,47.67244430500432
1069,0.359647274017334,768.7120350599289,0.0,3466.115234375,7592.0,47.71431981900241
1070,0.3109963834285736,532.8553787916899,0.0,3466.115234375,7592.0,47.75559463200625
1071,0.5298481583595276,941.692176014185,0.0,3466.115234375,7592.0,47.796855982000125
1072,0.534432590007782,835.6964931041002,0.0,3466.115234375,7592.0,47.83897364299628
1073,0.330667108297348,874.8415198475122,0.0,3466.115234375,7592.0,47.880044443008956
1074,0.16863040626049042,222.19997613132,0.0,3466.115234375,7592.0,47.92064915099763
1075,0.5130228996276855,852.1888602077961,0.0,3466.115234375,7592.0,47.96230240800651
1076,0.4017432630062103,852.0327840149403,0.0,3466.115234375,7592.0,48.00385417100915
1077,0.3495645225048065,725.3553365021944,0.0,3466.115234375,7592.0,48.045836175995646
1078,0.38011714816093445,1003.5335466861725,0.0,3466.115234375,7592.0,48.088538459007395
1079,0.265896737575531,673.8539440333843,0.0,3466.115234375,7592.0,48.130733682002756
1080,0.4971335232257843,974.6642537713051,0.0,3466.115234375,7592.0,48.173628548000124
1081,0.7009367942810059,7166.603308200836,0.0,3466.115234375,7592.0,48.21476541200536
1082,0.28574249148368835,913.0183601677418,0.0,3466.115234375,7592.0,48.25656179100042
1083,0.737909197807312,1587.0735556483269,0.0,3466.115234375,7592.0,48.29903376099537
1084,0.5553790926933289,1197.9455308616161,0.0,3466.115234375,7592.0,48.342242911006906
1085,0.7448269128799438,1231.3533676862717,0.0,3466.115234375,7592.0,48.38412858299853
1086,0.6161202192306519,1251.8296060860157,0.0,3466.115234375,7592.0,48.4260212740046
1087,0.7173516154289246,1372.0436113774776,0.0,3466.115234375,7592.0,48.468332635995466
1088,0.4317816495895386,1875.4558209180832,0.0,3466.115234375,7592.0,48.51048382499721
1089,0.3425622880458832,1187.5190973579884,0.0,3466.115234375,7592.0,48.55385113900411
1090,0.9088067412376404,2324.5003557801247,0.0,3466.115234375,7592.0,48.595639267005026
1091,0.5046014189720154,1159.7615081965923,0.0,3466.115234375,7592.0,48.63741476400173
1092,0.47212356328964233,1471.968503832817,0.0,3466.115234375,7592.0,48.678516334999586
1093,0.7633678317070007,1143.0367098152637,0.0,3466.115234375,7592.0,48.71994735200133
1094,0.42795640230178833,1213.7670407891273,0.0,3466.115234375,7592.0,48.76173250100692
1095,0.3517877459526062,950.1902703940868,0.0,3466.115234375,7592.0,48.803539446002105
1096,0.8916632533073425,1584.2818570137024,0.0,3466.115234375,7592.0,48.843967203007196
1097,0.42750316858291626,1421.2616838216782,0.0,3466.115234375,7592.0,48.88694206200307
1098,0.5154199004173279,1516.3818019032478,0.0,3466.115234375,7592.0,48.929488549008965
1099,0.5405318737030029,1261.022327721119,0.0,3466.115234375,7592.0,48.969607100007124
1100,0.6042498350143433,1423.675556242466,0.0,3466.115234375,7592.0,49.01211802000762
1101,0.7384244203567505,637.2679704427719,0.0,3466.115234375,7592.0,49.054485903005116
1102,0.4959559142589569,1275.3174164295197,0.0,3466.115234375,7592.0,49.09542250300001
1103,0.4748584032058716,1049.609149992466,0.0,3466.115234375,7592.0,49.13690502800455
1104,0.340751051902771,833.6948530673981,0.0,3466.115234375,7592.0,49.17976553500921
1105,0.48818349838256836,1378.3377848863602,0.0,3466.115234375,7592.0,49.22397299700242
1106,0.4881387948989868,574.190221324563,0.0,3466.115234375,7592.0,49.26588503700623
1107,0.494208425283432,1032.7656693458557,0.0,3466.115234375,7592.0,49.30952877200616
1108,0.7894196510314941,1603.785708129406,0.0,3466.115234375,7592.0,49.352037746008136
1109,0.6422884464263916,2649.2481385469437,0.0,3466.115234375,7592.0,49.39575673300715
1110,0.4640730619430542,913.7017372846603,0.0,3466.115234375,7592.0,49.43630738199863
1111,0.5619866847991943,1292.0048384070396,0.0,3466.115234375,7592.0,49.47659550300159
1112,0.5270622968673706,869.2855444848537,0.0,3466.115234375,7592.0,49.519370477995835
1113,0.3616674244403839,595.5672245025635,0.0,3466.115234375,7592.0,49.56203943300352
1114,0.5692983269691467,1088.8546303510666,0.0,3466.115234375,7592.0,49.60337267300929
1115,0.3754086494445801,1241.0416877269745,0.0,3466.115234375,7592.0,49.645337641995866
1116,0.5043618083000183,1068.6709322333336,0.0,3466.115234375,7592.0,49.68629041299573
1117,0.35253334045410156,626.4272852092981,0.0,3466.115234375,7592.0,49.72822872000688
1118,0.5019710659980774,1021.8947542607784,0.0,3466.115234375,7592.0,49.77009187800286
1119,0.37602484226226807,1102.7618507742882,0.0,3466.115234375,7592.0,49.812762681001914
1120,0.8270896077156067,1581.2403123378754,0.0,3466.115234375,7592.0,49.85424955900817
1121,0.29400235414505005,626.4294702261686,0.0,3466.115234375,7592.0,49.89653327599808
1122,0.3874601125717163,701.2908111214638,0.0,3466.115234375,7592.0,49.938779928008444
1123,0.35349977016448975,777.0991087257862,0.0,3466.115234375,7592.0,49.98133181700541
1124,0.7139808535575867,1272.5092732310295,0.0,3466.115234375,7592.0,50.023527636003564
1125,0.5046142935752869,955.76001983881,0.0,3466.115234375,7592.0,50.06607398400956
1126,0.581962525844574,1130.7690110206604,0.0,3466.115234375,7592.0,50.106989517997135
1127,0.36362239718437195,564.9816042035818,0.0,3466.115234375,7592.0,50.14871151000261
1128,0.5822300910949707,1104.553884536028,0.0,3466.115234375,7592.0,50.18968957499601
1129,0.6632552146911621,732.9187852144241,0.0,3466.115234375,7592.0,50.2306817649951
1130,0.7521799206733704,644.4274613261223,0.0,3466.115234375,7592.0,50.272975045998464
1131,0.4257291555404663,970.4287056028843,0.0,3466.115234375,7592.0,50.31646719200944
1132,0.4757547676563263,889.9750183224678,0.0,3466.115234375,7592.0,50.35999617500056
1133,0.4593883454799652,902.1135493218899,0.0,3466.115234375,7592.0,50.40255536099721
1134,0.33096423745155334,878.9429925084114,0.0,3466.115234375,7592.0,50.444163430001936
1135,0.38461825251579285,1182.5268812775612,0.0,3466.115234375,7592.0,50.48630490399955
1136,0.42163267731666565,894.2630796432495,0.0,3466.115234375,7592.0,50.528891613997985
1137,0.3672521412372589,1759.4849680066109,0.0,3466.115234375,7592.0,50.57266979799897
1138,0.3971118927001953,2176.6204521656036,0.0,3466.115234375,7592.0,50.614800740004284
1139,0.45683497190475464,906.457995146513,0.0,3466.115234375,7592.0,50.65854527900228
1140,0.525435209274292,989.2017863094807,0.0,3466.115234375,7592.0,50.69985545700183
1141,0.49773991107940674,975.0159845948219,0.0,3466.115234375,7592.0,50.742766657000175
1142,0.44626685976982117,821.1268658638,0.0,3466.115234375,7592.0,50.784870271003456
1143,0.3033392131328583,484.7945726811886,0.0,3466.115234375,7592.0,50.82650905899936
1144,0.5891923904418945,1054.542554885149,0.0,3466.115234375,7592.0,50.869151802005945
1145,0.4518139958381653,883.2328343987465,0.0,3466.115234375,7592.0,50.91116606800642
1146,0.3860924541950226,1384.4369869828224,0.0,3466.115234375,7592.0,50.95332997800142
1147,0.7667565941810608,835.744603395462,0.0,3466.115234375,7592.0,50.99497685300594
1148,0.5002197027206421,1668.5048954486847,0.0,3466.115234375,7592.0,51.03597635900951
1149,0.5108893513679504,1488.8151692152023,0.0,3466.115234375,7592.0,51.07751092899707
1150,0.7538056969642639,1245.4025630950928,0.0,3466.115234375,7592.0,51.1181905179983
1151,0.5071401000022888,859.9468650817871,0.0,3466.115234375,7592.0,51.15841820499918
1152,0.4709835946559906,1120.6807053685188,0.0,3466.115234375,7592.0,51.20072550199984
1153,0.27126070857048035,759.1097539961338,0.0,3466.115234375,7592.0,51.24145272599708
1154,0.3428296744823456,1119.9619399607182,0.0,3466.115234375,7592.0,51.28347865999967
1155,0.2935536801815033,1697.0220575332642,0.0,3466.115234375,7592.0,51.325393913008156
1156,0.35553592443466187,801.4015804827213,0.0,3466.115234375,7592.0,51.36794213599933
1157,0.3970933258533478,1090.881245046854,0.0,3466.115234375,7592.0,51.410285617996124
1158,0.3139217495918274,759.4078637361526,0.0,3466.115234375,7592.0,51.45265731900872
1159,0.48162516951560974,1030.933299869299,0.0,3466.115234375,7592.0,51.495234752001124
1160,0.9685799479484558,1595.5947454571724,0.0,3466.115234375,7592.0,51.53616530200816
1161,0.2803405225276947,617.4822072088718,0.0,3466.115234375,7592.0,51.577869892003946
1162,0.3534081280231476,1307.8085612654686,0.0,3466.115234375,7592.0,51.619689858998754
1163,0.3707508146762848,1270.1017761826515,0.0,3466.115234375,7592.0,51.66318193200277
1164,0.4052519202232361,1258.9614441990852,0.0,3466.115234375,7592.0,51.705856161002885
1165,0.6337481141090393,1436.4131716489792,0.0,3466.115234375,7592.0,51.74686432100134
1166,0.8380244374275208,1408.7433593273163,0.0,3466.115234375,7592.0,51.78749275500013
1167,0.5414525866508484,1530.1015421748161,0.0,3466.115234375,7592.0,51.82828774000518
1168,0.30953434109687805,456.27560046315193,0.0,3466.115234375,7592.0,51.870355557999574
1169,0.4552086591720581,828.319149851799,0.0,3466.115234375,7592.0,51.91085047999513
1170,0.215868279337883,545.0384535491467,0.0,3466.115234375,7592.0,51.95177656400483
1171,0.4934488832950592,856.3583334684372,0.0,3466.115234375,7592.0,51.99428913999873
1172,0.49964597821235657,970.7102020084858,0.0,3466.115234375,7592.0,52.03546984499553
1173,0.40854671597480774,1547.326535999775,0.0,3466.115234375,7592.0,52.07735193100234
1174,0.31903886795043945,689.8007569313049,0.0,3466.115234375,7592.0,52.11976675600454
1175,0.4362794756889343,1065.7385914325714,0.0,3466.115234375,7592.0,52.16294964100234
1176,0.46873942017555237,965.3718966245651,0.0,3466.115234375,7592.0,52.20615583800827
1177,0.6424826979637146,1111.9803610146046,0.0,3466.115234375,7592.0,52.24848096299684
1178,0.3200254440307617,1003.7505197525024,0.0,3466.115234375,7592.0,52.29099562000192
1179,0.3658423125743866,672.5652971714735,0.0,3466.115234375,7592.0,52.33347337599844
1180,0.2288944274187088,1666.920861840248,0.0,3466.115234375,7592.0,52.37668962699536
1181,0.3252543807029724,647.615457251668,0.0,3466.115234375,7592.0,52.41879512999731
1182,0.35653620958328247,618.8159649074078,0.0,3466.115234375,7592.0,52.46091465000063
1183,0.44881293177604675,899.0759265720844,0.0,3466.115234375,7592.0,52.50370532400848
1184,0.3856090307235718,687.0057229399681,0.0,3466.115234375,7592.0,52.54585189600766
1185,0.37160927057266235,767.5068769156933,0.0,3466.115234375,7592.0,52.588343113005976
1186,0.42937275767326355,1265.5521438717842,0.0,3466.115234375,7592.0,52.63074651399802
1187,0.33616402745246887,497.16768807172775,0.0,3466.115234375,7592.0,52.67295055300929
1188,0.3053426742553711,409.9855517745018,0.0,3466.115234375,7592.0,52.71466089799651
1189,0.8505970239639282,898.8985005915165,0.0,3466.115234375,7592.0,52.75569390899909
1190,0.40507271885871887,1136.2519082427025,0.0,3466.115234375,7592.0,52.79889767599525
1191,0.2790091037750244,1150.6548145115376,0.0,3466.115234375,7592.0,52.84175644200877
1192,0.2534368634223938,511.4216209948063,0.0,3466.115234375,7592.0,52.88377050100826
1193,0.586906909942627,1171.3780789375305,0.0,3466.115234375,7592.0,52.923342907000915
1194,0.3875756859779358,785.4044897258282,0.0,3466.115234375,7592.0,52.96405237900035
1195,0.3451303541660309,728.8466948568821,0.0,3466.115234375,7592.0,53.00725741800852
1196,0.8043376207351685,824.7926591932774,0.0,3466.115234375,7592.0,53.049279940009
1197,0.4542330503463745,1034.5977734923363,0.0,3466.115234375,7592.0,53.089629472000524
1198,0.3064539432525635,894.0460914969444,0.0,3466.115234375,7592.0,53.13269559999753
1199,0.27078837156295776,354.2538514584303,0.0,3466.115234375,7592.0,53.174503632006235
1200,0.5656793713569641,1089.3749988377094,0.0,3466.115234375,7592.0,53.21522807200381
