step,loss,top1,top5,valid_spans,adapter_grad_abs_sum,llm_grad_abs_sum,gpu_mem_allocated_mb,gpu_mem_reserved_mb,elapsed_sec
1,11.970450401306152,0.0,0.0,384,1481.7933853566647,0.0,3848.48974609375,4540.0,0.24426015399512835
2,11.144856452941895,0.11197916666666667,0.18229166666666666,384,1146.9478810727596,0.0,3848.48974609375,4542.0,0.2928192340041278
3,10.670636177062988,0.09809264305177112,0.20435967302452315,367,1007.5331618189812,0.0,3848.48974609375,4542.0,0.3390593380026985
4,9.366304397583008,0.09114583333333333,0.2421875,384,1133.84728500247,0.0,3848.48974609375,4544.0,0.3865133719955338
5,8.275419235229492,0.09703504043126684,0.24528301886792453,371,1095.3612883239985,0.0,3848.48974609375,4544.0,0.43219553999369964
6,6.781144618988037,0.09333333333333334,0.2,375,1155.0697270035744,0.0,3848.48974609375,4544.0,0.47843660599028226
7,6.466258525848389,0.1171875,0.2109375,384,1138.3519321084023,0.0,3848.48974609375,4544.0,0.5256202969903825
8,7.0613932609558105,0.16032608695652173,0.20108695652173914,368,1408.5071582198143,0.0,3848.48974609375,4544.0,0.5712674879905535
9,6.781949520111084,0.1820580474934037,0.24010554089709762,379,1211.8940131366253,0.0,3848.48974609375,4544.0,0.6178300059982575
10,7.0545501708984375,0.171875,0.2838541666666667,384,2743.7690911889076,0.0,3848.48974609375,4544.0,0.6652286710013868
11,6.99121618270874,0.171875,0.2734375,384,1410.846350491047,0.0,3848.48974609375,4544.0,0.7123719869996421
12,5.501852035522461,0.23958333333333334,0.3359375,384,1101.329979211092,0.0,3848.48974609375,4544.0,0.7592963549977867
13,5.35605525970459,0.2749326145552561,0.38544474393531,371,1279.1533156335354,0.0,3848.48974609375,4544.0,0.804779605998192
14,5.006267547607422,0.3151041666666667,0.40625,384,1153.228694319725,0.0,3848.48974609375,4544.0,0.8515588650043355
15,5.903081893920898,0.2552083333333333,0.34375,384,1449.6433971226215,0.0,3848.48974609375,4544.0,0.8988855600036914
16,5.8181281089782715,0.28125,0.3567708333333333,384,1389.2885150313377,0.0,3848.48974609375,4544.0,0.9461566679965472
17,4.786983489990234,0.3255208333333333,0.4453125,384,1342.4026403725147,0.0,3848.48974609375,4544.0,0.9930291539931204
18,5.157320976257324,0.336,0.41333333333333333,375,1222.451701104641,0.0,3848.48974609375,4544.0,1.0391476039949339
19,4.445341110229492,0.3880208333333333,0.4817708333333333,384,893.8484054803848,0.0,3848.48974609375,4544.0,1.0858839269931195
20,4.860861778259277,0.3421750663129973,0.44297082228116713,377,933.6478787064552,0.0,3848.48974609375,4544.0,1.1319687380018877
21,5.428165912628174,0.316622691292876,0.41160949868073876,379,1400.9367417097092,0.0,3848.48974609375,4544.0,1.1785277299932204
22,4.809873104095459,0.3619791666666667,0.4296875,384,1256.8687373399734,0.0,3848.48974609375,4544.0,1.2257056550006382
23,6.0383782386779785,0.2991913746630728,0.3638814016172507,371,1085.3878144025803,0.0,3848.48974609375,4544.0,1.272069972997997
24,3.730168581008911,0.4869791666666667,0.5520833333333334,384,2844.173804551363,0.0,3848.48974609375,4544.0,1.3183226099936292
25,4.261561393737793,0.4088541666666667,0.4921875,384,876.2509252727032,0.0,3848.48974609375,4544.0,1.3651311159919715
26,5.56850004196167,0.3645833333333333,0.4114583333333333,384,1729.5509819686413,0.0,3848.48974609375,4544.0,1.4123140610026894
27,4.027909278869629,0.43466666666666665,0.5066666666666667,375,946.9324751496315,0.0,3848.48974609375,4544.0,1.4580155159928836
28,4.015871047973633,0.4375,0.5026041666666666,384,961.6626006066799,0.0,3848.48974609375,4544.0,1.5049750659964047
29,4.22321891784668,0.40625,0.4713541666666667,384,1272.9124945998192,0.0,3848.48974609375,4544.0,1.5520589200023096
30,4.963028907775879,0.375,0.4322916666666667,384,1234.0530332922935,0.0,3848.48974609375,4544.0,1.5993066219962202
31,5.038229465484619,0.3645833333333333,0.4036458333333333,384,1091.2302420437336,0.0,3848.48974609375,4544.0,1.6464909499918576
32,4.137695789337158,0.4348958333333333,0.484375,384,1240.014473348856,0.0,3848.48974609375,4544.0,1.693399359995965
33,3.605926513671875,0.5026041666666666,0.5286458333333334,384,1564.360200881958,0.0,3848.48974609375,4544.0,1.74007045700273
34,3.761591672897339,0.4479166666666667,0.4817708333333333,384,918.5025873482227,0.0,3848.48974609375,4544.0,1.7871676439972362
35,3.7698001861572266,0.4401041666666667,0.4947916666666667,384,702.5733270198107,0.0,3848.48974609375,4544.0,1.8336513620015467
36,4.336977005004883,0.4088541666666667,0.46875,384,959.521247535944,0.0,3848.48974609375,4544.0,1.880791681993287
37,5.220117568969727,0.37329700272479566,0.4196185286103542,367,1345.7106347382069,0.0,3848.48974609375,4544.0,1.9263100329990266
38,4.953037261962891,0.4010989010989011,0.4423076923076923,364,1210.826183617115,0.0,3848.48974609375,4544.0,1.9716758519934956
39,4.243889808654785,0.3880208333333333,0.4869791666666667,384,1365.9619024395943,0.0,3848.48974609375,4544.0,2.018987796996953
40,4.3361382484436035,0.4348958333333333,0.4895833333333333,384,741.5263480693102,0.0,3848.48974609375,4544.0,2.0660543639969546
41,3.836228132247925,0.4322916666666667,0.5026041666666666,384,1035.0636637359858,0.0,3848.48974609375,4544.0,2.1129204829921946
42,3.415151596069336,0.484375,0.5625,384,1023.965708822012,0.0,3848.48974609375,4544.0,2.1593792049970943
43,3.4898672103881836,0.4713541666666667,0.5208333333333334,384,816.4729769974947,0.0,3848.48974609375,4544.0,2.2056959189940244
44,5.015439033508301,0.35013262599469497,0.3978779840848806,377,1077.0886797606945,0.0,3848.48974609375,4544.0,2.2522835679992568
45,5.895318508148193,0.2695417789757412,0.3557951482479784,371,1564.6218287944794,0.0,3848.48974609375,4544.0,2.298499319003895
46,4.606205463409424,0.3984375,0.453125,384,1021.7252481877804,0.0,3848.48974609375,4544.0,2.345737697003642
47,4.382361888885498,0.37566137566137564,0.4576719576719577,378,1023.0214717388153,0.0,3848.48974609375,4544.0,2.392289052004344
48,4.19272518157959,0.4036458333333333,0.4921875,384,1255.4445255249739,0.0,3848.48974609375,4544.0,2.4392691029934213
49,3.739069938659668,0.4453125,0.4973958333333333,384,1026.176729157567,0.0,3848.48974609375,4544.0,2.486293214999023
50,4.326209545135498,0.4036458333333333,0.453125,384,776.5175414383411,0.0,3848.48974609375,4544.0,2.533493073991849
51,3.3572473526000977,0.47733333333333333,0.56,375,746.5692634731531,0.0,3848.48974609375,4544.0,2.57956753099279
52,3.4624826908111572,0.4509283819628647,0.5358090185676393,377,745.2904666364193,0.0,3848.48974609375,4544.0,2.6256632739969064
53,4.439881801605225,0.3828125,0.4453125,384,885.8265500515699,0.0,3848.48974609375,4544.0,2.672907783999108
54,2.9883549213409424,0.5026041666666666,0.5572916666666666,384,679.7187513113022,0.0,3848.48974609375,4544.0,2.7197516419983003
55,3.147585153579712,0.49206349206349204,0.5502645502645502,378,555.0902150571346,0.0,3848.48974609375,4544.0,2.76599894699757
56,3.9311530590057373,0.4322916666666667,0.5078125,384,718.8841111212969,0.0,3848.48974609375,4544.0,2.812847294990206
57,4.156459808349609,0.38258575197889183,0.46437994722955145,379,712.5355104655027,0.0,3848.48974609375,4544.0,2.859179380000569
58,4.168717384338379,0.41688654353562005,0.5118733509234829,379,835.8043130487204,0.0,3848.48974609375,4544.0,2.9057832969992887
59,4.52992582321167,0.3780821917808219,0.4520547945205479,365,943.6421828269958,0.0,3848.48974609375,4544.0,2.950924254997517
60,4.158794403076172,0.3952254641909814,0.4960212201591512,377,712.1467789262533,0.0,3848.48974609375,4544.0,2.9977369339903817
61,4.2635273933410645,0.3797814207650273,0.4453551912568306,366,773.4810374379158,0.0,3848.48974609375,4544.0,3.0431593999965116
62,4.003306865692139,0.45135135135135135,0.4945945945945946,370,1330.9368596076965,0.0,3848.48974609375,4544.0,3.0882714960025623
63,3.7634613513946533,0.4323607427055703,0.4854111405835544,377,791.5625478774309,0.0,3848.48974609375,4544.0,3.1342762499989476
64,3.540238380432129,0.45272206303724927,0.5358166189111748,349,859.1752242296934,0.0,3848.48974609375,4544.0,3.1780480809975415
65,3.953240394592285,0.4036458333333333,0.4817708333333333,384,711.7662249356508,0.0,3848.48974609375,4544.0,3.225229991992819
66,4.217347145080566,0.3879781420765027,0.5163934426229508,366,980.5862317085266,0.0,3848.48974609375,4544.0,3.271033992001321
67,4.379643440246582,0.38005390835579517,0.4636118598382749,371,1000.4446275234222,0.0,3848.48974609375,4544.0,3.3174523369962117
68,3.7355756759643555,0.4361111111111111,0.5138888888888888,360,739.5204726755619,0.0,3848.48974609375,4544.0,3.3622836650029058
69,3.9754974842071533,0.4114583333333333,0.4973958333333333,384,719.3716927617788,0.0,3848.48974609375,4544.0,3.4091758279973874
70,3.2116611003875732,0.4713541666666667,0.5364583333333334,384,783.4325808137655,0.0,3848.48974609375,4544.0,3.455762187993969
71,3.7753942012786865,0.4339622641509434,0.48247978436657685,371,651.1942009925842,0.0,3848.48974609375,4544.0,3.5017490799946245
72,4.6315131187438965,0.36486486486486486,0.4540540540540541,370,907.1040076315403,0.0,3848.48974609375,4544.0,3.547601169004338
73,4.084240436553955,0.40641711229946526,0.5187165775401069,374,705.760012447834,0.0,3848.48974609375,4544.0,3.5937163019989384
74,3.908102512359619,0.4180327868852459,0.49453551912568305,366,722.0131850838661,0.0,3848.48974609375,4544.0,3.639395666992641
75,3.8107171058654785,0.44562334217506633,0.519893899204244,377,821.7546646893024,0.0,3848.48974609375,4544.0,3.685817285993835
76,4.146683692932129,0.40947075208913647,0.5125348189415042,359,845.6587501168251,0.0,3848.48974609375,4544.0,3.7307544170034816
77,2.8412792682647705,0.5286458333333334,0.59375,384,704.9735585153103,0.0,3848.48974609375,4544.0,3.7772415130020818
78,3.6554901599884033,0.45066666666666666,0.5146666666666667,375,603.3570564091206,0.0,3848.48974609375,4544.0,3.8232954800041625
79,2.7898173332214355,0.5148247978436657,0.601078167115903,371,569.8926872164011,0.0,3848.48974609375,4544.0,3.8685919309937162
80,3.2341651916503906,0.4588859416445623,0.5623342175066313,377,707.6092802733183,0.0,3848.48974609375,4544.0,3.914451090997318
81,2.7664334774017334,0.5,0.5602094240837696,382,519.2535741329193,0.0,3848.48974609375,4544.0,3.960774805993424
82,3.6475865840911865,0.4270833333333333,0.5182291666666666,384,866.7294060885906,0.0,3848.48974609375,4544.0,4.007527524998295
83,3.4499711990356445,0.4562334217506631,0.5490716180371353,377,774.6012910455465,0.0,3848.48974609375,4544.0,4.053829684999073
84,3.671468496322632,0.4340659340659341,0.5412087912087912,364,890.8206900954247,0.0,3848.48974609375,4544.0,4.098874994990183
85,3.751500368118286,0.3723958333333333,0.5182291666666666,384,879.305179387331,0.0,3848.48974609375,4544.0,4.146237294989987
86,3.7670187950134277,0.4037433155080214,0.5187165775401069,374,1169.0209910571575,0.0,3848.48974609375,4544.0,4.192375081998762
87,5.7657246589660645,0.2761394101876676,0.35656836461126007,373,1174.83676764369,0.0,3848.48974609375,4544.0,4.239231350002228
88,3.591670274734497,0.4375,0.53125,384,1055.412282526493,0.0,3848.48974609375,4544.0,4.286797577995458
89,4.210992813110352,0.3541666666666667,0.4661458333333333,384,1056.0800950229168,0.0,3848.48974609375,4544.0,4.333950649990584
90,3.05584979057312,0.4895833333333333,0.5572916666666666,384,920.8629781156778,0.0,3848.48974609375,4544.0,4.380700502995751
91,3.9508578777313232,0.4114583333333333,0.4947916666666667,384,717.7634197026491,0.0,3848.48974609375,4544.0,4.427830382992397
92,4.041306018829346,0.4166666666666667,0.5052083333333334,384,846.1242333650589,0.0,3848.48974609375,4544.0,4.47516831199755
93,2.663057565689087,0.5338541666666666,0.6041666666666666,384,597.0483495295048,0.0,3848.48974609375,4544.0,4.522075346991187
94,4.595025539398193,0.2942708333333333,0.4557291666666667,384,1105.3644217252731,0.0,3848.48974609375,4544.0,4.569553527995595
95,4.82657527923584,0.29971988795518206,0.44537815126050423,357,1169.5521400272846,0.0,3848.48974609375,4544.0,4.614755349000916
96,3.502765655517578,0.42670157068062825,0.5575916230366492,382,755.6421148329973,0.0,3848.48974609375,4544.0,4.661502685994492
97,3.6627731323242188,0.41160949868073876,0.5408970976253298,379,839.026561319828,0.0,3848.48974609375,4544.0,4.707977379992371
98,3.080183982849121,0.48066298342541436,0.580110497237569,362,944.971553504467,0.0,3848.48974609375,4544.0,4.753361702998518
99,3.889007329940796,0.3958333333333333,0.5078125,384,810.6714265793562,0.0,3848.48974609375,4544.0,4.800455762000638
100,3.0556600093841553,0.453125,0.578125,384,826.5371517688036,0.0,3848.48974609375,4544.0,4.847030909004388
101,2.771415948867798,0.4972677595628415,0.6120218579234973,366,882.2436980009079,0.0,3848.48974609375,4544.0,4.892085005994886
102,3.7333362102508545,0.40583554376657827,0.5092838196286472,377,752.6680700182915,0.0,3848.48974609375,4544.0,4.938405380991753
103,3.7009341716766357,0.3681462140992167,0.5535248041775457,383,1007.4171449244022,0.0,3848.48974609375,4544.0,4.985246595999342
104,4.09456729888916,0.3723958333333333,0.4921875,384,896.1295690834522,0.0,3848.48974609375,4544.0,5.032883063002373
105,2.6220407485961914,0.488,0.5973333333333334,375,649.9421309381723,0.0,3848.48974609375,4544.0,5.078509113998734
106,3.6460869312286377,0.4420485175202156,0.522911051212938,371,711.9464848935604,0.0,3848.48974609375,4544.0,5.124626556003932
107,3.4736135005950928,0.421875,0.5234375,384,759.2528084516525,0.0,3848.48974609375,4544.0,5.171704866996151
108,3.9305131435394287,0.3619791666666667,0.5260416666666666,384,892.2411206066608,0.0,3848.48974609375,4544.0,5.219376118999207
109,3.4023754596710205,0.4128686327077748,0.5227882037533512,373,783.8550024330616,0.0,3848.48974609375,4544.0,5.2654115250043105
110,3.8900129795074463,0.4114583333333333,0.4817708333333333,384,680.8808067142963,0.0,3848.48974609375,4544.0,5.312510388990631
111,3.6938564777374268,0.4244791666666667,0.5182291666666666,384,754.5639701187611,0.0,3848.48974609375,4544.0,5.359645859003649
112,4.554104328155518,0.33692722371967654,0.4420485175202156,371,748.6967757046223,0.0,3848.48974609375,4544.0,5.406226424995111
113,2.7680370807647705,0.4921875,0.6015625,384,764.1574847996235,0.0,3848.48974609375,4544.0,5.452696384003502
114,2.7540409564971924,0.5052083333333334,0.5911458333333334,384,703.0211533755064,0.0,3848.48974609375,4544.0,5.499253357003909
115,4.442591190338135,0.3463541666666667,0.4296875,384,800.0607994049788,0.0,3848.48974609375,4544.0,5.547459815003094
116,3.1684463024139404,0.4505208333333333,0.5520833333333334,384,555.1792944520712,0.0,3848.48974609375,4544.0,5.594410459991195
117,3.3777897357940674,0.4401041666666667,0.5052083333333334,384,634.6525450795889,0.0,3848.48974609375,4544.0,5.6414940469985595
118,2.6447207927703857,0.5130890052356021,0.6099476439790575,382,572.4646576344967,0.0,3848.48974609375,4544.0,5.68829612499394
119,2.9962878227233887,0.464,0.5813333333333334,375,608.2462501376867,0.0,3848.48974609375,4544.0,5.733908655995037
120,4.132416248321533,0.37994722955145116,0.49604221635883905,379,838.6861728131771,0.0,3848.48974609375,4544.0,5.780956841990701
121,3.208916187286377,0.4713896457765668,0.553133514986376,367,570.2690813541412,0.0,3848.48974609375,4544.0,5.826563353999518
122,3.3164219856262207,0.4474393530997305,0.5417789757412399,371,775.4289947450161,0.0,3848.48974609375,4544.0,5.872318366004038
123,2.5352017879486084,0.5282485875706214,0.6129943502824858,354,591.0268302112818,0.0,3848.48974609375,4544.0,5.916282025995315
124,3.2286901473999023,0.4583333333333333,0.5520833333333334,384,584.4238141030073,0.0,3848.48974609375,4544.0,5.963457934994949
125,3.3799774646759033,0.4339622641509434,0.5094339622641509,371,633.0657867491245,0.0,3848.48974609375,4544.0,6.009600848003174
126,3.4130847454071045,0.421875,0.5286458333333334,384,630.3372131288052,0.0,3848.48974609375,4544.0,6.056758474995149
127,3.1880505084991455,0.4509283819628647,0.5464190981432361,377,570.919478148222,0.0,3848.48974609375,4544.0,6.103195756004425
128,3.341606855392456,0.453125,0.5286458333333334,384,575.104000672698,0.0,3848.48974609375,4544.0,6.150516594992951
129,3.5311336517333984,0.4348958333333333,0.515625,384,592.3667269945145,0.0,3848.48974609375,4544.0,6.1971751719975146
130,3.2156503200531006,0.4666666666666667,0.5333333333333333,375,607.8817405700684,0.0,3848.48974609375,4544.0,6.243079084990313
131,3.321251630783081,0.44385026737967914,0.5213903743315508,374,642.4349499940872,0.0,3848.48974609375,4544.0,6.28951444599079
132,3.82749342918396,0.41192411924119243,0.5284552845528455,369,768.4911346435547,0.0,3848.48974609375,4544.0,6.335475845000474
133,2.8145227432250977,0.48055555555555557,0.6222222222222222,360,690.206031024456,0.0,3848.48974609375,4544.0,6.380455539998366
134,2.716128349304199,0.5208333333333334,0.59375,384,611.5281400233507,0.0,3848.48974609375,4544.0,6.426940260993433
135,3.80224609375,0.41621621621621624,0.5405405405405406,370,770.2580422312021,0.0,3848.48974609375,4544.0,6.472932022996247
136,3.1809399127960205,0.4505208333333333,0.5729166666666666,384,636.5518124401569,0.0,3848.48974609375,4544.0,6.519947384993429
137,3.437570571899414,0.4244791666666667,0.5104166666666666,384,649.2920277416706,0.0,3848.48974609375,4544.0,6.5670317909971345
138,3.3588478565216064,0.4401041666666667,0.5390625,384,680.9030094146729,0.0,3848.48974609375,4544.0,6.614275136002107
139,3.0219199657440186,0.4726775956284153,0.5737704918032787,366,601.6828249692917,0.0,3848.48974609375,4544.0,6.660002970995265
140,3.812223196029663,0.3896457765667575,0.5149863760217984,367,804.3037250936031,0.0,3848.48974609375,4544.0,6.706175952000194
141,3.8252322673797607,0.42587601078167114,0.48247978436657685,371,665.7530176788568,0.0,3848.48974609375,4544.0,6.752249557001051
142,3.0110561847686768,0.4479166666666667,0.5911458333333334,384,663.3017625510693,0.0,3848.48974609375,4544.0,6.799005239998223
143,3.8942508697509766,0.3932291666666667,0.4921875,384,689.6750159263611,0.0,3848.48974609375,4544.0,6.846111833991017
144,3.626612901687622,0.41847826086956524,0.5244565217391305,368,720.432849675417,0.0,3848.48974609375,4544.0,6.891314291002345
145,3.054459810256958,0.4973958333333333,0.5572916666666666,384,607.8103136867285,0.0,3848.48974609375,4544.0,6.9378283330006525
146,4.186671257019043,0.34770114942528735,0.4425287356321839,348,877.8349010646343,0.0,3848.48974609375,4544.0,6.982035665991134
147,3.2433533668518066,0.4501347708894879,0.5525606469002695,371,836.8303478658199,0.0,3848.48974609375,4544.0,7.027895755993086
148,3.550461530685425,0.40633245382585753,0.5092348284960422,379,668.2522725015879,0.0,3848.48974609375,4544.0,7.074508207995677
149,3.5790882110595703,0.4348958333333333,0.5442708333333334,384,734.9150803685188,0.0,3848.48974609375,4544.0,7.121695715002716
150,3.8811161518096924,0.3541666666666667,0.5026041666666666,384,682.896680995822,0.0,3848.48974609375,4544.0,7.1688641240034485
151,4.173635005950928,0.3671875,0.5078125,384,864.1440390944481,0.0,3848.48974609375,4544.0,7.215576882997993
152,3.463930130004883,0.4270833333333333,0.5494791666666666,384,818.5715154409409,0.0,3848.48974609375,4544.0,7.26242044600076
153,2.757185935974121,0.46321525885558584,0.6049046321525886,367,825.9362891316414,0.0,3848.48974609375,4544.0,7.3075004589918535
154,3.4538192749023438,0.4376657824933687,0.5623342175066313,377,699.7786817252636,0.0,3848.48974609375,4544.0,7.353934967992245
155,2.8863441944122314,0.4716981132075472,0.5876010781671159,371,713.517468303442,0.0,3848.48974609375,4544.0,7.399495153003954
156,3.1989810466766357,0.4609375,0.5546875,384,656.5884711146355,0.0,3848.48974609375,4544.0,7.446586489997571
157,3.263329029083252,0.4366576819407008,0.5795148247978437,371,644.9592636078596,0.0,3848.48974609375,4544.0,7.4927285150042735
158,3.03715443611145,0.4582210242587601,0.601078167115903,371,716.8713803887367,0.0,3848.48974609375,4544.0,7.538574011996388
159,3.1913321018218994,0.4293193717277487,0.5706806282722513,382,659.2511492222548,0.0,3848.48974609375,4544.0,7.5854686700040475
160,3.904656171798706,0.3881401617250674,0.5121293800539084,371,765.8011170625687,0.0,3848.48974609375,4544.0,7.631412306000129
161,2.8915021419525146,0.46153846153846156,0.5782493368700266,377,765.3635921925306,0.0,3848.48974609375,4544.0,7.677563072997145
162,3.13657808303833,0.46380697050938335,0.5442359249329759,373,711.0124164074659,0.0,3848.48974609375,4544.0,7.723594344992307
163,4.111299991607666,0.3770491803278688,0.46994535519125685,366,844.0810531973839,0.0,3848.48974609375,4544.0,7.7693599199992605
164,3.2566754817962646,0.4891891891891892,0.5783783783783784,370,661.8021974414587,0.0,3848.48974609375,4544.0,7.81523332100187
165,2.73187518119812,0.5080213903743316,0.5855614973262032,374,569.5890648961067,0.0,3848.48974609375,4544.0,7.861075376000372
166,3.251688241958618,0.4476439790575916,0.5445026178010471,382,695.1606239378452,0.0,3848.48974609375,4544.0,7.907940773002338
167,3.5911617279052734,0.4088541666666667,0.5442708333333334,384,595.2187280356884,0.0,3848.48974609375,4544.0,7.954910473999917
168,3.0272252559661865,0.4716981132075472,0.5768194070080862,371,618.2751303166151,0.0,3848.48974609375,4544.0,8.000863802997628
169,3.198032855987549,0.4604904632152589,0.5967302452316077,367,628.476629793644,0.0,3848.48974609375,4544.0,8.04632370499894
170,3.3177778720855713,0.4453125,0.5520833333333334,384,611.3031296283007,0.0,3848.48974609375,4544.0,8.09354135299509
171,3.151461601257324,0.4594594594594595,0.5486486486486486,370,786.0273728370667,0.0,3848.48974609375,4544.0,8.139163614992867
172,3.1546413898468018,0.4497354497354497,0.5846560846560847,378,666.5305686891079,0.0,3848.48974609375,4544.0,8.191776526989997
173,2.9401888847351074,0.49056603773584906,0.5983827493261455,371,677.4423527270555,0.0,3848.48974609375,4544.0,8.240748500000336
174,2.6594903469085693,0.4791666666666667,0.6119791666666666,384,648.7331122159958,0.0,3848.48974609375,4544.0,8.29065619299945
175,3.6333529949188232,0.4166666666666667,0.5260416666666666,384,698.1187719702721,0.0,3848.48974609375,4544.0,8.341304938992835
176,2.484673261642456,0.53125,0.6015625,384,470.86041934788227,0.0,3848.48974609375,4544.0,8.390838876992348
177,4.207520484924316,0.3351206434316354,0.5335120643431636,373,1028.207360625267,0.0,3848.48974609375,4544.0,8.440835353001603
178,3.1081860065460205,0.4713541666666667,0.578125,384,629.0988233536482,0.0,3848.48974609375,4544.0,8.491673723998247
179,3.0314266681671143,0.4869791666666667,0.5677083333333334,384,506.81412267684937,0.0,3848.48974609375,4544.0,8.541686526994454
180,3.1680257320404053,0.425,0.6138888888888889,360,662.5009796768427,0.0,3848.48974609375,4544.0,8.590453466997133
181,2.7267284393310547,0.4869791666666667,0.6015625,384,675.2122119516134,0.0,3848.48974609375,4544.0,8.640385962993605
182,3.171107769012451,0.43699731903485256,0.6085790884718498,373,674.0711793452501,0.0,3848.48974609375,4544.0,8.68943329299509
183,2.725847005844116,0.453125,0.5833333333333334,384,646.4976139813662,0.0,3848.48974609375,4544.0,8.739324640991981
184,3.2273833751678467,0.4296875,0.5416666666666666,384,628.9151735752821,0.0,3848.48974609375,4544.0,8.789470121992053
185,3.6754536628723145,0.38726790450928383,0.5437665782493368,377,810.1284775733948,0.0,3848.48974609375,4544.0,8.839367741995375
186,4.0180344581604,0.3854166666666667,0.4921875,384,775.5792501717806,0.0,3848.48974609375,4544.0,8.890285618996131
187,2.3761651515960693,0.5390625,0.6354166666666666,384,562.7522391974926,0.0,3848.48974609375,4544.0,8.940283869000268
188,2.7261908054351807,0.5118733509234829,0.5989445910290238,379,591.7658153772354,0.0,3848.48974609375,4544.0,8.990064003999578
189,2.8588504791259766,0.49142857142857144,0.5714285714285714,350,701.4074019640684,0.0,3848.48974609375,4544.0,9.036727384998812
190,3.1720104217529297,0.4609375,0.5572916666666666,384,568.9253208786249,0.0,3848.48974609375,4544.0,9.087621373997536
191,3.133049488067627,0.444743935309973,0.5983827493261455,371,792.2989906072617,0.0,3848.48974609375,4544.0,9.13651738599583
192,3.396257162094116,0.4192708333333333,0.5494791666666666,384,732.2643250972033,0.0,3848.48974609375,4544.0,9.186808714002836
193,3.485567808151245,0.421875,0.5546875,384,664.1959634870291,0.0,3848.48974609375,4544.0,9.237312582990853
194,2.9545156955718994,0.4635416666666667,0.5885416666666666,384,606.1854835748672,0.0,3848.48974609375,4544.0,9.287695100996643
195,3.2743332386016846,0.4767123287671233,0.547945205479452,365,697.845349997282,0.0,3848.48974609375,4544.0,9.336189826994087
196,2.423992395401001,0.5078125,0.6171875,384,651.1442877948284,0.0,3848.48974609375,4544.0,9.386219929991057
197,3.5788967609405518,0.40509915014164305,0.5609065155807366,353,764.1577686071396,0.0,3848.48974609375,4544.0,9.43443146799109
198,4.090916633605957,0.3984375,0.5052083333333334,384,831.8833483159542,0.0,3848.48974609375,4544.0,9.485406644002069
199,3.2328920364379883,0.4583333333333333,0.5572916666666666,384,611.300951898098,0.0,3848.48974609375,4544.0,9.535857094990206
200,2.741619825363159,0.4895833333333333,0.609375,384,653.4771289974451,0.0,3848.48974609375,4544.0,9.586301991992514
201,3.386218786239624,0.4117647058823529,0.5798319327731093,357,696.4988518506289,0.0,3848.48974609375,4544.0,9.63484056199377
202,3.9594483375549316,0.4162303664921466,0.49476439790575916,382,723.7075924575329,0.0,3848.48974609375,4544.0,9.685284008999588
203,3.8770132064819336,0.4427083333333333,0.5182291666666666,384,671.8700825870037,0.0,3848.48974609375,4544.0,9.73583574499935
204,4.560980796813965,0.337696335078534,0.45287958115183247,382,803.4521741867065,0.0,3848.48974609375,4544.0,9.787129385993467
205,3.3491649627685547,0.4505208333333333,0.5442708333333334,384,640.5604342669249,0.0,3848.48974609375,4544.0,9.837600867991569
206,2.707289457321167,0.5172413793103449,0.610079575596817,377,667.8012713640928,0.0,3848.48974609375,4544.0,9.886995128996205
207,2.8891336917877197,0.5286458333333334,0.5859375,384,587.7287577092648,0.0,3848.48974609375,4544.0,9.93747259999509
208,2.8227131366729736,0.4739583333333333,0.578125,384,578.9227477908134,0.0,3848.48974609375,4544.0,9.987650798997493
209,3.2364370822906494,0.4501347708894879,0.5444743935309974,371,613.7213105261326,0.0,3848.48974609375,4544.0,10.037272037996445
210,3.1695687770843506,0.45118733509234826,0.575197889182058,379,685.7173911184072,0.0,3848.48974609375,4544.0,10.086816604001797
211,2.8185315132141113,0.48533333333333334,0.576,375,478.00914311408997,0.0,3848.48974609375,4544.0,10.136042591999285
212,3.4295895099639893,0.4378531073446328,0.5338983050847458,354,720.8004940748215,0.0,3848.48974609375,4544.0,10.183716468993225
213,3.7903354167938232,0.4427083333333333,0.5416666666666666,384,767.7030755281448,0.0,3848.48974609375,4544.0,10.234640823997324
214,3.7151753902435303,0.42048517520215634,0.522911051212938,371,669.5973352044821,0.0,3848.48974609375,4544.0,10.284271213997272
215,3.440464496612549,0.45930232558139533,0.5697674418604651,344,768.211013674736,0.0,3848.48974609375,4544.0,10.3310478170024
216,3.233187198638916,0.43526170798898073,0.5619834710743802,363,678.5186507701874,0.0,3848.48974609375,4544.0,10.37947064799664
217,3.540273904800415,0.3958333333333333,0.5078125,384,688.2309666126966,0.0,3848.48974609375,4544.0,10.429811252994114
218,2.9654123783111572,0.4739583333333333,0.5729166666666666,384,838.8585102558136,0.0,3848.48974609375,4544.0,10.480111632990884
219,3.236523389816284,0.4583333333333333,0.5286458333333334,384,683.7753041088581,0.0,3848.48974609375,4544.0,10.530828171002213
220,2.9042599201202393,0.4739583333333333,0.578125,384,667.0266860425472,0.0,3848.48974609375,4544.0,10.581116094996105
221,3.420513153076172,0.4311377245508982,0.5479041916167665,334,761.7621013969183,0.0,3848.48974609375,4544.0,10.627115834999131
222,3.8140876293182373,0.38461538461538464,0.4880636604774536,377,745.6769594848156,0.0,3848.48974609375,4544.0,10.677211567002814
223,3.5076560974121094,0.43243243243243246,0.5081081081081081,370,701.2805713266134,0.0,3848.48974609375,4544.0,10.72641422599554
224,3.3801329135894775,0.45027624309392267,0.56353591160221,362,672.0233755707741,0.0,3848.48974609375,4544.0,10.7748879139981
225,2.837158203125,0.5,0.5494791666666666,384,484.8609031587839,0.0,3848.48974609375,4544.0,10.824906134992489
226,3.260988473892212,0.4497354497354497,0.5396825396825397,378,551.5442351251841,0.0,3848.48974609375,4544.0,10.87496154299879
227,2.993716239929199,0.45776566757493187,0.5776566757493188,367,629.8251360207796,0.0,3848.48974609375,4544.0,10.923378947001765
228,3.470639705657959,0.4297082228116711,0.53315649867374,377,712.7412301450968,0.0,3848.48974609375,4544.0,10.974219604991958
229,3.845438241958618,0.3958333333333333,0.4869791666666667,384,673.673368871212,0.0,3848.48974609375,4544.0,11.025004092996824
230,3.0422298908233643,0.46875,0.5494791666666666,384,593.5744156390429,0.0,3848.48974609375,4544.0,11.07564128699596
231,3.1692068576812744,0.4453125,0.5338541666666666,384,620.6348531544209,0.0,3848.48974609375,4544.0,11.126441689993953
232,3.7713444232940674,0.4192708333333333,0.5182291666666666,384,626.0834985673428,0.0,3848.48974609375,4544.0,11.17738529999042
233,3.3350613117218018,0.4505208333333333,0.5286458333333334,384,586.035231590271,0.0,3848.48974609375,4544.0,11.22787870799948
234,3.5549347400665283,0.4583333333333333,0.5338541666666666,384,619.2095002681017,0.0,3848.48974609375,4544.0,11.278792470999178
235,2.8037378787994385,0.510989010989011,0.5851648351648352,364,553.183046579361,0.0,3848.48974609375,4544.0,11.32692326499091
236,3.2583515644073486,0.4895833333333333,0.546875,384,615.2473850101233,0.0,3848.48974609375,4544.0,11.377078782999888
237,3.5990023612976074,0.42318059299191374,0.5202156334231806,371,716.3864112645388,0.0,3848.48974609375,4544.0,11.426619873993332
238,3.1949565410614014,0.4479166666666667,0.5520833333333334,384,513.4322510957718,0.0,3848.48974609375,4544.0,11.477327806991525
239,2.9570939540863037,0.46875,0.5651041666666666,384,604.7097102701664,0.0,3848.48974609375,4544.0,11.528761636000127
240,3.404682159423828,0.43535620052770446,0.5145118733509235,379,637.0250277966261,0.0,3848.48974609375,4544.0,11.57937435900385
241,2.9311611652374268,0.477088948787062,0.5660377358490566,371,522.9930015355349,0.0,3848.48974609375,4544.0,11.628446549992077
242,2.6848788261413574,0.49865229110512127,0.5876010781671159,371,616.4466256350279,0.0,3848.48974609375,4544.0,11.677633790997788
243,3.6162726879119873,0.40897097625329815,0.5435356200527705,379,694.1555901914835,0.0,3848.48974609375,4544.0,11.727989773993613
244,3.3602633476257324,0.41778975741239893,0.5390835579514824,371,685.5227054804564,0.0,3848.48974609375,4544.0,11.776990805999958
245,2.999027967453003,0.4765625,0.5625,384,534.8616424947977,0.0,3848.48974609375,4544.0,11.827349699000479
246,2.6618406772613525,0.5094339622641509,0.5983827493261455,371,580.2108799815178,0.0,3848.48974609375,4544.0,11.876314583991189
247,3.2006771564483643,0.4450402144772118,0.5442359249329759,373,701.39498052001,0.0,3848.48974609375,4544.0,11.92563994700322
248,3.2482616901397705,0.4397905759162304,0.5392670157068062,382,699.7205395847559,0.0,3848.48974609375,4544.0,11.976107487003901
249,3.3167619705200195,0.4296875,0.5494791666666666,384,556.5323084443808,0.0,3848.48974609375,4544.0,12.026901953999186
250,2.7762954235076904,0.4817708333333333,0.59375,384,554.2806263715029,0.0,3848.48974609375,4544.0,12.076808764992165
251,3.123234272003174,0.46701846965699206,0.5408970976253298,379,530.1577366441488,0.0,3848.48974609375,4544.0,12.126687191994279
252,2.988046646118164,0.48787061994609165,0.5471698113207547,371,576.4828365892172,0.0,3848.48974609375,4544.0,12.175580921990331
253,3.0816352367401123,0.4765625,0.5442708333333334,384,547.8406039476395,0.0,3848.48974609375,4544.0,12.225800546002574
254,2.786755323410034,0.4947916666666667,0.578125,384,516.1793498843908,0.0,3848.48974609375,4544.0,12.276164039998548
255,2.941533327102661,0.4626038781163435,0.5706371191135734,361,543.0527279227972,0.0,3848.48974609375,4544.0,12.324614368990296
256,3.3858227729797363,0.4101876675603217,0.5442359249329759,373,739.7089613676071,0.0,3848.48974609375,4544.0,12.374929224999505
257,2.975674867630005,0.48324022346368717,0.5614525139664804,358,513.7426884025335,0.0,3848.48974609375,4544.0,12.423524419995374
258,3.24733829498291,0.4583333333333333,0.5520833333333334,384,558.701124817133,0.0,3848.48974609375,4544.0,12.474934238998685
259,3.1915090084075928,0.4453125,0.5546875,384,576.7868904471397,0.0,3848.48974609375,4544.0,12.526005856998381
260,2.769963026046753,0.5,0.5859375,384,501.6681711226702,0.0,3848.48974609375,4544.0,12.576147810992552
261,3.3988895416259766,0.421875,0.5182291666666666,384,639.312110260129,0.0,3848.48974609375,4544.0,12.627308102004463
262,3.4883687496185303,0.44327176781002636,0.5277044854881267,379,636.012840166688,0.0,3848.48974609375,4544.0,12.677505664003547
263,2.872133255004883,0.4739583333333333,0.5885416666666666,384,556.1467760652304,0.0,3848.48974609375,4544.0,12.72760282100353
264,3.850733518600464,0.4128686327077748,0.5522788203753352,373,883.9538945257664,0.0,3848.48974609375,4544.0,12.77759020299709
265,3.617449998855591,0.4562841530054645,0.5300546448087432,366,676.6426414698362,0.0,3848.48974609375,4544.0,12.826664644002449
266,3.3266220092773438,0.4401041666666667,0.5260416666666666,384,595.327506005764,0.0,3848.48974609375,4544.0,12.877185613004258
267,2.8604776859283447,0.5,0.59375,384,736.0663534402847,0.0,3848.48974609375,4544.0,12.927581686992198
268,2.6216912269592285,0.5026737967914439,0.606951871657754,374,627.2761040776968,0.0,3848.48974609375,4544.0,12.977124322002055
269,3.455801010131836,0.4427083333333333,0.53125,384,532.5748305022717,0.0,3848.48974609375,4544.0,13.028035404000548
270,3.464186906814575,0.4348958333333333,0.5260416666666666,384,570.7979411631823,0.0,3848.48974609375,4544.0,13.079142959992168
271,2.994126796722412,0.4718498659517426,0.6246648793565683,373,587.7670259773731,0.0,3848.48974609375,4544.0,13.128631650994066
272,3.654966115951538,0.4401041666666667,0.5416666666666666,384,688.6455632299185,0.0,3848.48974609375,4544.0,13.179768583999248
273,3.0557758808135986,0.4869791666666667,0.5572916666666666,384,559.6352443993092,0.0,3848.48974609375,4544.0,13.230261363001773
274,2.6395151615142822,0.5,0.59375,384,476.9541547894478,0.0,3848.48974609375,4544.0,13.280259149003541
275,2.6175243854522705,0.5096952908587258,0.6066481994459834,361,555.1532099545002,0.0,3848.48974609375,4544.0,13.328376311998
276,4.06940221786499,0.3952254641909814,0.5039787798408488,377,896.2245461940765,0.0,3848.48974609375,4544.0,13.378497568992316
277,2.86076021194458,0.5109289617486339,0.6038251366120219,366,538.9228329658508,0.0,3848.48974609375,4544.0,13.427145388995996
278,3.1618289947509766,0.43243243243243246,0.5864864864864865,370,586.2440662235022,0.0,3848.48974609375,4544.0,13.47668197400344
279,3.3091013431549072,0.45118733509234826,0.5646437994722955,379,643.4003234952688,0.0,3848.48974609375,4544.0,13.527144972991664
280,3.7201426029205322,0.3958333333333333,0.4947916666666667,384,621.0791760832071,0.0,3848.48974609375,4544.0,13.57839351099392
281,3.5108392238616943,0.42779291553133514,0.5204359673024523,367,622.8866128027439,0.0,3848.48974609375,4544.0,13.627374128991505
282,3.2093346118927,0.4322916666666667,0.5572916666666666,384,635.3015898764133,0.0,3848.48974609375,4544.0,13.678173327003606
283,2.7315080165863037,0.4921875,0.5833333333333334,384,699.2852801084518,0.0,3848.48974609375,4544.0,13.728129037990584
284,3.2780590057373047,0.46630727762803237,0.5444743935309974,371,551.5045624375343,0.0,3848.48974609375,4544.0,13.777702024002792
285,3.1251957416534424,0.48725212464589235,0.5637393767705382,353,507.18250051140785,0.0,3848.48974609375,4544.0,13.82489050499862
286,2.9956891536712646,0.4636118598382749,0.5633423180592992,371,565.1968404352665,0.0,3848.48974609375,4544.0,13.874127486997168
287,2.761841058731079,0.4921875,0.546875,384,505.8268705755472,0.0,3848.48974609375,4544.0,13.923907500997302
288,3.45096492767334,0.4026666666666667,0.552,375,697.7070431113243,0.0,3848.48974609375,4544.0,13.973981497998466
289,3.023607015609741,0.44537815126050423,0.5826330532212886,357,702.1515897363424,0.0,3848.48974609375,4544.0,14.022115990999737
290,3.526026487350464,0.4244791666666667,0.5104166666666666,384,682.9863700270653,0.0,3848.48974609375,4544.0,14.073087087992462
291,2.797848701477051,0.4947916666666667,0.5625,384,499.0088113695383,0.0,3848.48974609375,4544.0,14.1232326469908
292,3.139808416366577,0.4270557029177719,0.6127320954907162,377,742.042043864727,0.0,3848.48974609375,4544.0,14.17317603599804
293,3.0488979816436768,0.4582210242587601,0.5902964959568733,371,628.9421194940805,0.0,3848.48974609375,4544.0,14.222213859990006
294,2.914320707321167,0.4635416666666667,0.5755208333333334,384,582.1063524335623,0.0,3848.48974609375,4544.0,14.272570656990865
295,3.1768922805786133,0.446524064171123,0.5641711229946524,374,637.2980817109346,0.0,3848.48974609375,4544.0,14.322524725997937
296,3.269292116165161,0.4557291666666667,0.546875,384,525.5378385782242,0.0,3848.48974609375,4544.0,14.372955190003267
297,3.8575966358184814,0.3645833333333333,0.5026041666666666,384,731.6320259422064,0.0,3848.48974609375,4544.0,14.423951798991766
298,3.6381092071533203,0.41530054644808745,0.5683060109289617,366,710.3248204886913,0.0,3848.48974609375,4544.0,14.473346689002938
299,3.4564220905303955,0.4427083333333333,0.5546875,384,573.4318131059408,0.0,3848.48974609375,4544.0,14.523936291996506
300,3.425861358642578,0.40625,0.5494791666666666,384,666.3653668910265,0.0,3848.48974609375,4544.0,14.57467764300236
301,3.2421627044677734,0.4557291666666667,0.5390625,384,630.5918012708426,0.0,3848.48974609375,4544.0,14.625199952002731
302,3.426949977874756,0.3941798941798942,0.5714285714285714,378,676.5517718940973,0.0,3848.48974609375,4544.0,14.67574927599344
303,3.3751840591430664,0.4036458333333333,0.546875,384,634.7396318018436,0.0,3848.48974609375,4544.0,14.726001788993017
304,3.1609580516815186,0.4401041666666667,0.5546875,384,572.4620732218027,0.0,3848.48974609375,4544.0,14.775986870998167
305,3.628897190093994,0.4323607427055703,0.5358090185676393,377,677.9788984954357,0.0,3848.48974609375,4544.0,14.825650332000805
306,3.1694271564483643,0.4114583333333333,0.5625,384,606.7094162404537,0.0,3848.48974609375,4544.0,14.87646427800064
307,3.2431187629699707,0.48247978436657685,0.5633423180592992,371,577.6987550407648,0.0,3848.48974609375,4544.0,14.925174632997368
308,3.1640703678131104,0.4827586206896552,0.5809018567639257,377,601.332255423069,0.0,3848.48974609375,4544.0,14.975289120004163
309,2.8766448497772217,0.515625,0.5911458333333334,384,555.6798629760742,0.0,3848.48974609375,4544.0,15.025882936999551
310,3.5271010398864746,0.42702702702702705,0.5162162162162162,370,658.0711485445499,0.0,3848.48974609375,4544.0,15.075056375004351
311,2.9852941036224365,0.4739583333333333,0.5364583333333334,384,486.54994724690914,0.0,3848.48974609375,4544.0,15.12523925799178
312,2.7409169673919678,0.5,0.5598958333333334,384,442.8905782997608,0.0,3848.48974609375,4544.0,15.175252889996045
313,2.8820202350616455,0.4713541666666667,0.5729166666666666,384,523.4728013128042,0.0,3848.48974609375,4544.0,15.225198122003349
314,3.4465198516845703,0.4192708333333333,0.5625,384,583.7155359238386,0.0,3848.48974609375,4544.0,15.275746156999958
315,3.625046730041504,0.40934065934065933,0.5137362637362637,364,738.246481731534,0.0,3848.48974609375,4544.0,15.324328329996206
316,2.884049415588379,0.4743935309973046,0.555256064690027,371,508.62247021496296,0.0,3848.48974609375,4544.0,15.373261679997086
317,2.7194149494171143,0.5026178010471204,0.6335078534031413,382,525.4205229878426,0.0,3848.48974609375,4544.0,15.423017558001447
318,3.526226043701172,0.421875,0.5364583333333334,384,632.98521271348,0.0,3848.48974609375,4544.0,15.47396037899307
319,3.004411458969116,0.49171270718232046,0.6077348066298343,362,574.7249413877726,0.0,3848.48974609375,4544.0,15.522564540995518
320,3.3254027366638184,0.43271767810026385,0.5329815303430079,379,660.9095364511013,0.0,3848.48974609375,4544.0,15.572475927998312
321,2.8712079524993896,0.4903047091412742,0.6011080332409973,361,596.6700412929058,0.0,3848.48974609375,4544.0,15.620943407004233
322,2.5050594806671143,0.5260416666666666,0.5885416666666666,384,481.5002062320709,0.0,3848.48974609375,4544.0,15.670659796000109
323,3.9442083835601807,0.3854166666666667,0.4791666666666667,384,695.7699694633484,0.0,3848.48974609375,4544.0,15.72164974399493
324,2.8254458904266357,0.5260416666666666,0.6041666666666666,384,512.3322230875492,0.0,3848.48974609375,4544.0,15.772114099003375
325,3.1603503227233887,0.48247978436657685,0.568733153638814,371,569.072516053915,0.0,3848.48974609375,4544.0,15.821578003989998
326,3.7314326763153076,0.3854166666666667,0.5260416666666666,384,685.5230831205845,0.0,3848.48974609375,4544.0,15.872549339997931
327,3.5610477924346924,0.4296875,0.5208333333333334,384,600.6179179996252,0.0,3848.48974609375,4544.0,15.923788268992212
328,2.922130823135376,0.5,0.5677083333333334,384,479.88359163701534,0.0,3848.48974609375,4544.0,15.974067888004356
329,3.0258638858795166,0.4635416666666667,0.578125,384,502.018259704113,0.0,3848.48974609375,4544.0,16.024196789992857
330,3.365050792694092,0.43731778425655976,0.5685131195335277,343,647.1893462985754,0.0,3848.48974609375,4544.0,16.070653230999596
331,3.076072931289673,0.4973958333333333,0.5807291666666666,384,515.8929343223572,0.0,3848.48974609375,4544.0,16.121369464002782
332,2.256129503250122,0.5757575757575758,0.6446280991735537,363,456.91966810822487,0.0,3848.48974609375,4544.0,16.169468127991422
333,2.745925188064575,0.5027472527472527,0.6263736263736264,364,488.9189065694809,0.0,3848.48974609375,4544.0,16.217878429000848
334,3.104339838027954,0.477088948787062,0.568733153638814,371,627.1126807928085,0.0,3848.48974609375,4544.0,16.267615570992348
335,2.6314902305603027,0.5092838196286472,0.596816976127321,377,435.19875468313694,0.0,3848.48974609375,4544.0,16.316675729991402
336,2.900690793991089,0.4895833333333333,0.5729166666666666,384,471.58409099280834,0.0,3848.48974609375,4544.0,16.36682309299067
337,3.0005404949188232,0.47802197802197804,0.5796703296703297,364,541.0900258868933,0.0,3848.48974609375,4544.0,16.415489478997188
338,3.1968510150909424,0.45454545454545453,0.5748663101604278,374,664.1651741713285,0.0,3848.48974609375,4544.0,16.465390065000975
339,3.182643175125122,0.4401041666666667,0.5442708333333334,384,617.3801845014095,0.0,3848.48974609375,4544.0,16.515624298001057
340,3.346637487411499,0.4723756906077348,0.5359116022099447,362,578.9992107897997,0.0,3848.48974609375,4544.0,16.564338967000367
341,3.3289594650268555,0.43989071038251365,0.5683060109289617,366,617.6606639176607,0.0,3848.48974609375,4544.0,16.61335073399823
342,3.6668665409088135,0.3952254641909814,0.53315649867374,377,726.586403131485,0.0,3848.48974609375,4544.0,16.66374339099275
343,3.5844218730926514,0.39313984168865435,0.5171503957783641,379,657.9796974658966,0.0,3848.48974609375,4544.0,16.71392799100431
344,3.6502037048339844,0.42587601078167114,0.522911051212938,371,718.7959040403366,0.0,3848.48974609375,4544.0,16.763342878999538
345,2.9309983253479004,0.5013477088948787,0.5768194070080862,371,791.5327097475529,0.0,3848.48974609375,4544.0,16.812195067002904
346,2.522599935531616,0.5286458333333334,0.609375,384,674.5655623674393,0.0,3848.48974609375,4544.0,16.861911440995755
347,3.7654240131378174,0.3645833333333333,0.4817708333333333,384,624.2418980896473,0.0,3848.48974609375,4544.0,16.912543528000242
348,3.787665605545044,0.4270833333333333,0.5130208333333334,384,650.7911852151155,0.0,3848.48974609375,4544.0,16.963670044002356
349,2.82065486907959,0.4869791666666667,0.5598958333333334,384,470.696815431118,0.0,3848.48974609375,4544.0,17.013785481991363
350,4.02869176864624,0.3489583333333333,0.4817708333333333,384,795.4556849002838,0.0,3848.48974609375,4544.0,17.065156306998688
351,3.283620834350586,0.3619791666666667,0.6067708333333334,384,755.4890005290508,0.0,3848.48974609375,4544.0,17.11621661199024
352,2.9792189598083496,0.45910290237467016,0.5620052770448549,379,581.9944793730974,0.0,3848.48974609375,4544.0,17.16605074799736
353,3.095731735229492,0.4582210242587601,0.5768194070080862,371,641.8658078014851,0.0,3848.48974609375,4544.0,17.215312867003377
354,3.1767513751983643,0.4676056338028169,0.6,355,695.3703735023737,0.0,3848.48974609375,4544.0,17.26300161499239
355,2.686312437057495,0.5111731843575419,0.5921787709497207,358,550.7308187186718,0.0,3848.48974609375,4544.0,17.310548990004463
356,3.303696393966675,0.4713541666666667,0.5494791666666666,384,539.3070290237665,0.0,3848.48974609375,4544.0,17.361182355991332
357,3.4048542976379395,0.45118733509234826,0.5408970976253298,379,598.2883940786123,0.0,3848.48974609375,4544.0,17.411394572001882
358,2.799872636795044,0.4921875,0.5729166666666666,384,418.91566275060177,0.0,3848.48974609375,4544.0,17.461731222996605
359,3.524012804031372,0.4088541666666667,0.5234375,384,618.251422315836,0.0,3848.48974609375,4544.0,17.51247114299622
360,2.814387559890747,0.4791666666666667,0.5755208333333334,384,489.0942804813385,0.0,3848.48974609375,4544.0,17.562953158994787
361,3.6425857543945312,0.40625,0.4921875,384,672.7768563777208,0.0,3848.48974609375,4544.0,17.614008025993826
362,2.91113543510437,0.4869791666666667,0.5755208333333334,384,496.3497614711523,0.0,3848.48974609375,4544.0,17.66407965599501
363,2.931009531021118,0.48787061994609165,0.5876010781671159,371,486.4513622969389,0.0,3848.48974609375,4544.0,17.713165758003015
364,4.179982662200928,0.3723958333333333,0.4635416666666667,384,753.9842272698879,0.0,3848.48974609375,4544.0,17.763725183001952
365,2.9403131008148193,0.4895833333333333,0.5494791666666666,384,545.1289671063423,0.0,3848.48974609375,4544.0,17.81390390099841
366,3.429331064224243,0.4036458333333333,0.5286458333333334,384,638.0664608031511,0.0,3848.48974609375,4544.0,17.864629114003037
367,2.672710418701172,0.5078125,0.5885416666666666,384,472.8743825852871,0.0,3848.48974609375,4544.0,17.914680034999037
368,3.2513952255249023,0.4348958333333333,0.5598958333333334,384,535.4822776466608,0.0,3848.48974609375,4544.0,17.965438177998294
369,3.4251363277435303,0.4322916666666667,0.5364583333333334,384,615.991699308157,0.0,3848.48974609375,4544.0,18.016203469000175
370,2.7731077671051025,0.4453551912568306,0.5819672131147541,366,567.0897880345583,0.0,3848.48974609375,4544.0,18.064988382990123
371,3.66616153717041,0.3914209115281501,0.5040214477211796,373,744.134457975626,0.0,3848.48974609375,4544.0,18.114788035993115
372,2.5069704055786133,0.5336927223719676,0.6253369272237197,371,521.0107524991035,0.0,3848.48974609375,4544.0,18.16361788699578
373,2.7585573196411133,0.522911051212938,0.5956873315363881,371,508.1935589313507,0.0,3848.48974609375,4544.0,18.2125065089931
374,3.6614913940429688,0.3854166666666667,0.5260416666666666,384,721.193842291832,0.0,3848.48974609375,4544.0,18.264116249993094
375,3.0638558864593506,0.46875,0.5442708333333334,384,503.6371655613184,0.0,3848.48974609375,4544.0,18.314579258003505
376,2.422009229660034,0.5260416666666666,0.5833333333333334,384,414.63049022853374,0.0,3848.48974609375,4544.0,18.364358381993952
377,2.9059696197509766,0.5172413793103449,0.6047745358090185,377,517.8149634301662,0.0,3848.48974609375,4544.0,18.414451906995964
378,3.337132692337036,0.42780748663101603,0.5454545454545454,374,633.8259550631046,0.0,3848.48974609375,4544.0,18.464818558990373
379,2.9537675380706787,0.4895833333333333,0.5833333333333334,384,456.82596129179,0.0,3848.48974609375,4544.0,18.51537625299534
380,3.591691017150879,0.4296875,0.5416666666666666,384,615.5207518190145,0.0,3848.48974609375,4544.0,18.566537826991407
381,3.627587080001831,0.4036458333333333,0.5078125,384,625.2134315669537,0.0,3848.48974609375,4544.0,18.61730655399151
382,3.4070706367492676,0.42318059299191374,0.5660377358490566,371,687.6081028878689,0.0,3848.48974609375,4544.0,18.66731003500172
383,3.5515449047088623,0.421875,0.546875,384,626.4902055859566,0.0,3848.48974609375,4544.0,18.7182019269967
384,3.5963656902313232,0.45231607629427795,0.5694822888283378,367,772.5595745444298,0.0,3848.48974609375,4544.0,18.768434978992445
385,3.5574710369110107,0.4114583333333333,0.5260416666666666,384,636.758555278182,0.0,3848.48974609375,4544.0,18.819167203997495
386,2.689356565475464,0.5208333333333334,0.5989583333333334,384,648.7837329208851,0.0,3848.48974609375,4544.0,18.86922297500132
387,2.9849929809570312,0.4869791666666667,0.5598958333333334,384,565.198462665081,0.0,3848.48974609375,4544.0,18.91974871000275
388,2.6663200855255127,0.5208333333333334,0.6145833333333334,384,501.5470012128353,0.0,3848.48974609375,4544.0,18.970626541995443
389,3.115812063217163,0.5106951871657754,0.5775401069518716,374,572.5675278156996,0.0,3848.48974609375,4544.0,19.02068493599654
390,3.5844578742980957,0.40897097625329815,0.5382585751978892,379,660.470361083746,0.0,3848.48974609375,4544.0,19.071187829002156
391,2.7504312992095947,0.49595687331536387,0.6118598382749326,371,462.7581153213978,0.0,3848.48974609375,4544.0,19.120094703001087
392,2.5618488788604736,0.5078125,0.5833333333333334,384,409.73061168193817,0.0,3848.48974609375,4544.0,19.17037071599043
393,3.087052583694458,0.46875,0.5651041666666666,384,498.66510547697544,0.0,3848.48974609375,4544.0,19.220887977004168
394,3.2247474193573,0.5182291666666666,0.5833333333333334,384,572.5892956256866,0.0,3848.48974609375,4544.0,19.27165502400021
395,2.8978867530822754,0.4723756906077348,0.5773480662983426,362,467.6690541356802,0.0,3848.48974609375,4544.0,19.32007383200107
396,2.6220014095306396,0.4869791666666667,0.5833333333333334,384,427.3291679620743,0.0,3848.48974609375,4544.0,19.370243708995986
397,3.006836175918579,0.44266666666666665,0.616,375,634.1313732117414,0.0,3848.48974609375,4544.0,19.419686795998132
398,2.9496657848358154,0.4817708333333333,0.5651041666666666,384,530.1882207840681,0.0,3848.48974609375,4544.0,19.470661678002216
399,2.888953924179077,0.45054945054945056,0.5824175824175825,364,584.0074683725834,0.0,3848.48974609375,4544.0,19.519343469000887
400,3.377967119216919,0.4375,0.5416666666666666,384,613.5991106927395,0.0,3848.48974609375,4544.0,19.570139734991244
401,3.06413197517395,0.4582210242587601,0.555256064690027,371,559.0782404989004,0.0,3848.48974609375,4544.0,19.61942079999426
402,3.792815923690796,0.4166666666666667,0.5078125,384,643.6845308691263,0.0,3848.48974609375,4544.0,19.670478839994757
403,3.2075655460357666,0.44297082228116713,0.5623342175066313,377,608.9826371669769,0.0,3848.48974609375,4544.0,19.720511166000506
404,2.7180001735687256,0.5026041666666666,0.5598958333333334,384,476.4485798329115,0.0,3848.48974609375,4544.0,19.77051804799703
405,2.902484893798828,0.4895833333333333,0.5598958333333334,384,487.6456561535597,0.0,3848.48974609375,4544.0,19.82072031700227
406,3.0323078632354736,0.4453125,0.546875,384,537.3779888451099,0.0,3848.48974609375,4544.0,19.871173934996477
407,2.8428549766540527,0.4716981132075472,0.5579514824797843,371,565.2235731780529,0.0,3848.48974609375,4544.0,19.920123385993065
408,3.639665365219116,0.4099722991689751,0.5263157894736842,361,727.0309358984232,0.0,3848.48974609375,4544.0,19.96914812999603
409,3.4195165634155273,0.4244791666666667,0.5182291666666666,384,622.0258506536484,0.0,3848.48974609375,4544.0,20.020386313990457
410,3.391766309738159,0.4322916666666667,0.5234375,384,605.4251377433538,0.0,3848.48974609375,4544.0,20.071574171000975
411,3.2707643508911133,0.42587601078167114,0.5606469002695418,371,547.2525880038738,0.0,3848.48974609375,4544.0,20.12107694799488
412,3.0898334980010986,0.46153846153846156,0.5649867374005305,377,510.6204667240381,0.0,3848.48974609375,4544.0,20.17088527699525
413,3.201998472213745,0.477088948787062,0.5633423180592992,371,531.71941845119,0.0,3848.48974609375,4544.0,20.21974199799297
414,2.8451027870178223,0.50997150997151,0.6096866096866097,351,572.8897638469934,0.0,3848.48974609375,4544.0,20.267194897998706
415,3.291527509689331,0.4322916666666667,0.5286458333333334,384,528.1004173606634,0.0,3848.48974609375,4544.0,20.317485559004126
416,2.3665735721588135,0.5442708333333334,0.609375,384,534.9073925614357,0.0,3848.48974609375,4544.0,20.36733335099416
417,3.0923335552215576,0.4739583333333333,0.578125,384,543.0390818119049,0.0,3848.48974609375,4544.0,20.418106609999086
418,3.39404559135437,0.3984375,0.5572916666666666,384,644.1339093595743,0.0,3848.48974609375,4544.0,20.469139594992157
419,3.2152698040008545,0.4505208333333333,0.5520833333333334,384,561.9007728993893,0.0,3848.48974609375,4544.0,20.519404132995987
420,3.22367787361145,0.41952506596306066,0.5672823218997362,379,660.0176849216223,0.0,3848.48974609375,4544.0,20.569694559002528
421,2.993016481399536,0.48284960422163586,0.5778364116094987,379,513.5729630589485,0.0,3848.48974609375,4544.0,20.620013432999258
422,2.907167434692383,0.4661458333333333,0.5416666666666666,384,502.9698001742363,0.0,3848.48974609375,4544.0,20.67030669999076
423,2.498889446258545,0.4765625,0.6119791666666666,384,432.4135932698846,0.0,3848.48974609375,4544.0,20.720056962003582
424,2.7817447185516357,0.4557291666666667,0.5651041666666666,384,512.2309577167034,0.0,3848.48974609375,4544.0,20.770263635989977
425,3.1517558097839355,0.4582210242587601,0.5660377358490566,371,546.8637481033802,0.0,3848.48974609375,4544.0,20.81908622800256
426,3.2141366004943848,0.4555256064690027,0.5525606469002695,371,601.1885702162981,0.0,3848.48974609375,4544.0,20.86812539199309
427,3.3482437133789062,0.41424802110817943,0.5567282321899736,379,634.7951435446739,0.0,3848.48974609375,4544.0,20.9183848840039
428,4.004642486572266,0.375,0.4973958333333333,384,732.3367338478565,0.0,3848.48974609375,4544.0,20.96982897799171
429,3.3945679664611816,0.44854881266490765,0.525065963060686,379,532.699585750699,0.0,3848.48974609375,4544.0,21.020081208000192
430,2.8876280784606934,0.46701846965699206,0.5883905013192612,379,513.0323474705219,0.0,3848.48974609375,4544.0,21.069932304992108
431,3.124354124069214,0.48828125,0.56640625,256,684.0948644131422,0.0,3848.48974609375,4544.0,21.107127893992583
432,2.7417213916778564,0.5067385444743935,0.6118598382749326,371,529.0489365160465,0.0,3848.48974609375,4544.0,21.156082507994142
433,2.9202723503112793,0.45910290237467016,0.58311345646438,379,502.54820561408997,0.0,3848.48974609375,4544.0,21.205944075001753
434,2.762624740600586,0.4817708333333333,0.5807291666666666,384,459.31575933098793,0.0,3848.48974609375,4544.0,21.25621308099653
435,2.834866762161255,0.477088948787062,0.5956873315363881,371,520.1380371153355,0.0,3848.48974609375,4544.0,21.305054116994143
436,3.468034029006958,0.4296875,0.5546875,384,666.7151894569397,0.0,3848.48974609375,4544.0,21.355621013994096
437,3.1797077655792236,0.4557291666666667,0.5442708333333334,384,531.5465979874134,0.0,3848.48974609375,4544.0,21.406282814990846
438,2.969735860824585,0.4453125,0.5729166666666666,384,523.6539756655693,0.0,3848.48974609375,4544.0,21.45668749399192
439,2.5417001247406006,0.4973958333333333,0.5859375,384,411.6646993905306,0.0,3848.48974609375,4544.0,21.506701874997816
440,2.9345545768737793,0.48128342245989303,0.5855614973262032,374,515.55789090693,0.0,3848.48974609375,4544.0,21.557121887002722
441,3.2363786697387695,0.4090909090909091,0.5614973262032086,374,658.0145526826382,0.0,3848.48974609375,4544.0,21.606752558000153
442,3.209087371826172,0.44591029023746703,0.5488126649076517,379,542.2367568314075,0.0,3848.48974609375,4544.0,21.65635547299462
443,2.7665188312530518,0.4973958333333333,0.5651041666666666,384,450.90072540938854,0.0,3848.48974609375,4544.0,21.70622233400354
444,3.3448219299316406,0.41359773371104813,0.5495750708215298,353,627.6320306956768,0.0,3848.48974609375,4544.0,21.75427411599958
445,3.2987823486328125,0.39572192513368987,0.553475935828877,374,617.0635862052441,0.0,3848.48974609375,4544.0,21.804044959004386
446,2.947911500930786,0.46756756756756757,0.5648648648648649,370,573.0962382853031,0.0,3848.48974609375,4544.0,21.853136976991664
447,2.8842642307281494,0.4730878186968839,0.5892351274787535,353,533.6791659146547,0.0,3848.48974609375,4544.0,21.900725732994033
448,2.3619205951690674,0.5339233038348082,0.6342182890855457,339,600.0001299083233,0.0,3848.48974609375,4544.0,21.946603151998715
449,3.068070888519287,0.4509283819628647,0.5464190981432361,377,485.49167877435684,0.0,3848.48974609375,4544.0,21.996387345003313
450,3.1075010299682617,0.4581151832460733,0.5445026178010471,382,579.2686489075422,0.0,3848.48974609375,4544.0,22.04735779699695
451,3.2606453895568848,0.4339622641509434,0.5471698113207547,371,685.4028825312853,0.0,3848.48974609375,4544.0,22.097383694999735
452,2.726358652114868,0.5,0.5885416666666666,384,448.6689430773258,0.0,3848.48974609375,4544.0,22.148008264994132
453,3.1050732135772705,0.4296875,0.5572916666666666,384,542.3874982446432,0.0,3848.48974609375,4544.0,22.198493684001733
454,3.234370470046997,0.4322916666666667,0.5625,384,654.3249884992838,0.0,3848.48974609375,4544.0,22.250148111997987
455,2.7597155570983887,0.4810810810810811,0.5756756756756757,370,502.25363636016846,0.0,3848.48974609375,4544.0,22.299195603991393
456,2.7207844257354736,0.5104166666666666,0.5755208333333334,384,431.8263096958399,0.0,3848.48974609375,4544.0,22.34919736700249
457,2.6939761638641357,0.484375,0.5807291666666666,384,458.8829083740711,0.0,3848.48974609375,4544.0,22.399729069002206
458,2.548328399658203,0.5185185185185185,0.6164021164021164,378,418.70346735417843,0.0,3848.48974609375,4544.0,22.44980974099599
459,3.3355517387390137,0.4197860962566845,0.5641711229946524,374,742.634592205286,0.0,3848.48974609375,4544.0,22.49988437400316
460,3.4511613845825195,0.40625,0.5390625,384,623.3080247938633,0.0,3848.48974609375,4544.0,22.550845908001065
461,3.1130893230438232,0.44324324324324327,0.5540540540540541,370,501.26034374535084,0.0,3848.48974609375,4544.0,22.600051731991698
462,2.7838661670684814,0.49326145552560646,0.601078167115903,371,531.9742409586906,0.0,3848.48974609375,4544.0,22.649533103001886
463,2.9092910289764404,0.4583333333333333,0.609375,384,445.45169401168823,0.0,3848.48974609375,4544.0,22.700061030991492
464,3.041407823562622,0.4713541666666667,0.5598958333333334,384,530.7788478881121,0.0,3848.48974609375,4544.0,22.75110256500193
465,3.1982638835906982,0.4393530997304582,0.5498652291105122,371,523.4175415039062,0.0,3848.48974609375,4544.0,22.80064047599444
466,2.8147857189178467,0.4739583333333333,0.59375,384,472.2564826309681,0.0,3848.48974609375,4544.0,22.851324003990158
467,2.305811643600464,0.5390625,0.6171875,384,418.61988167464733,0.0,3848.48974609375,4544.0,22.901247486996
468,2.7643089294433594,0.4821917808219178,0.6109589041095891,365,510.5957844555378,0.0,3848.48974609375,4544.0,22.95015872300428
469,2.6484110355377197,0.5208333333333334,0.5755208333333334,384,349.3274444490671,0.0,3848.48974609375,4544.0,23.000449846003903
470,2.969496488571167,0.46965699208443273,0.5593667546174143,379,543.6232327073812,0.0,3848.48974609375,4544.0,23.050491510002757
471,2.7189857959747314,0.5109289617486339,0.5956284153005464,366,431.9059552103281,0.0,3848.48974609375,4544.0,23.099261052004294
472,2.9429566860198975,0.4453125,0.5677083333333334,384,545.912540152669,0.0,3848.48974609375,4544.0,23.149719070992433
473,2.8252527713775635,0.4713541666666667,0.5755208333333334,384,454.8489008694887,0.0,3848.48974609375,4544.0,23.20029794999573
474,2.445927858352661,0.5442708333333334,0.6223958333333334,384,441.0506658703089,0.0,3848.48974609375,4544.0,23.250631582995993
475,2.391937494277954,0.5078125,0.6041666666666666,384,353.35935436189175,0.0,3848.48974609375,4544.0,23.300759698002366
476,3.0087594985961914,0.4959785522788204,0.5844504021447721,373,526.4198210388422,0.0,3848.48974609375,4544.0,23.350380117000896
477,2.9577367305755615,0.4756756756756757,0.5756756756756757,370,555.6732823997736,0.0,3848.48974609375,4544.0,23.39906620400143
478,2.892406463623047,0.4635416666666667,0.5677083333333334,384,523.0391209721565,0.0,3848.48974609375,4544.0,23.449676331001683
479,2.645000457763672,0.4973958333333333,0.5859375,384,414.01541981101036,0.0,3848.48974609375,4544.0,23.500060296995798
480,2.9895641803741455,0.46875,0.578125,384,541.5952988862991,0.0,3848.48974609375,4544.0,23.55143933299405
481,3.1374828815460205,0.4427083333333333,0.5520833333333334,384,543.7381081581116,0.0,3848.48974609375,4544.0,23.601781067991396
482,2.8708302974700928,0.48021108179419525,0.5699208443271768,379,503.11855709552765,0.0,3848.48974609375,4544.0,23.65219513599004
483,3.0568740367889404,0.4609375,0.5338541666666666,384,508.87601505219936,0.0,3848.48974609375,4544.0,23.7030870019953
484,2.8287105560302734,0.46701846965699206,0.6121372031662269,379,563.5424143522978,0.0,3848.48974609375,4544.0,23.752711241992074
485,3.0594680309295654,0.4739583333333333,0.5598958333333334,384,460.77942360937595,0.0,3848.48974609375,4544.0,23.803125940990867
486,2.5348546504974365,0.5052083333333334,0.6067708333333334,384,513.0813618898392,0.0,3848.48974609375,4544.0,23.852982288997737
487,3.098759174346924,0.45382585751978893,0.5435356200527705,379,603.9870858043432,0.0,3848.48974609375,4544.0,23.90307996099
488,3.0964317321777344,0.4265536723163842,0.5932203389830508,354,622.5676967054605,0.0,3848.48974609375,4544.0,23.951482745993417
489,2.6914479732513428,0.5130208333333334,0.5677083333333334,384,420.87786942720413,0.0,3848.48974609375,4544.0,24.001480494000134
490,3.174715280532837,0.4557291666666667,0.5260416666666666,384,571.1738303303719,0.0,3848.48974609375,4544.0,24.052725720001035
491,2.7983198165893555,0.484375,0.5546875,384,450.6824762672186,0.0,3848.48974609375,4544.0,24.10302118799882
492,2.9076414108276367,0.46875,0.59375,384,513.0250091999769,0.0,3848.48974609375,4544.0,24.153629125998123
493,2.8362884521484375,0.4739583333333333,0.578125,384,453.4567969739437,0.0,3848.48974609375,4544.0,24.203875042992877
494,3.116177797317505,0.43455497382198954,0.581151832460733,382,570.9483456611633,0.0,3848.48974609375,4544.0,24.25424684799509
495,3.5520853996276855,0.3952254641909814,0.5251989389920424,377,689.4473153054714,0.0,3848.48974609375,4544.0,24.304546307001146
496,3.033717632293701,0.4101876675603217,0.5737265415549598,373,609.4492237865925,0.0,3848.48974609375,4544.0,24.354168876991025
497,2.6748013496398926,0.4890710382513661,0.6584699453551912,366,586.3318234980106,0.0,3848.48974609375,4544.0,24.40315570999519
498,3.061737537384033,0.46900269541778977,0.5714285714285714,371,581.6490431725979,0.0,3848.48974609375,4544.0,24.452962747003767
499,3.1916725635528564,0.4557291666666667,0.5442708333333334,384,539.7390404641628,0.0,3848.48974609375,4544.0,24.504200105002383
500,3.517014265060425,0.375,0.5234375,384,641.4196962118149,0.0,3848.48974609375,4544.0,24.55533190499409
501,3.076888084411621,0.4583333333333333,0.5598958333333334,384,608.7095947414637,0.0,3848.48974609375,4544.0,24.606712161999894
502,2.9888083934783936,0.4474393530997305,0.5768194070080862,371,567.1322055459023,0.0,3848.48974609375,4544.0,24.65597956899728
503,2.8438758850097656,0.484375,0.5729166666666666,384,545.1064480096102,0.0,3848.48974609375,4544.0,24.70604272399214
504,3.9172422885894775,0.375,0.4895833333333333,384,657.0038490891457,0.0,3848.48974609375,4544.0,24.75732592800341
505,2.8762290477752686,0.4765625,0.5833333333333334,384,482.840800344944,0.0,3848.48974609375,4544.0,24.807833503000438
506,2.7508718967437744,0.46875,0.6067708333333334,384,484.1437486857176,0.0,3848.48974609375,4544.0,24.858174191991566
507,2.7132859230041504,0.5026455026455027,0.582010582010582,378,467.5697505772114,0.0,3848.48974609375,4544.0,24.90803793100349
508,3.3000385761260986,0.4482758620689655,0.5358090185676393,377,575.7528284937143,0.0,3848.48974609375,4544.0,24.958368203995633
509,3.1949760913848877,0.4192708333333333,0.5494791666666666,384,582.5686749219894,0.0,3848.48974609375,4544.0,25.009231648989953
510,2.537081480026245,0.5390625,0.6197916666666666,384,393.33280546963215,0.0,3848.48974609375,4544.0,25.05965477800055
511,3.0804617404937744,0.4716981132075472,0.5579514824797843,371,467.9970293045044,0.0,3848.48974609375,4544.0,25.109427000003052
512,3.3158798217773438,0.390625,0.5651041666666666,384,665.0510048121214,0.0,3848.48974609375,4544.0,25.1599967959919
513,2.7168169021606445,0.5202156334231806,0.5849056603773585,371,404.37544117867947,0.0,3848.48974609375,4544.0,25.208849941001972
514,3.192969799041748,0.4366576819407008,0.568733153638814,371,624.5738660246134,0.0,3848.48974609375,4544.0,25.258505548990797
515,3.1798267364501953,0.4270833333333333,0.5416666666666666,384,584.060475692153,0.0,3848.48974609375,4544.0,25.309305962990038
516,2.348316192626953,0.5380281690140845,0.6507042253521127,355,499.9283767789602,0.0,3848.48974609375,4544.0,25.3565948309988
517,3.0172181129455566,0.47480106100795755,0.5543766578249337,377,463.0829747468233,0.0,3848.48974609375,4544.0,25.406621528003598
518,2.814967393875122,0.4635416666666667,0.59375,384,501.9830770343542,0.0,3848.48974609375,4544.0,25.457242814998608
519,2.8335797786712646,0.45675675675675675,0.5864864864864865,370,544.9817060232162,0.0,3848.48974609375,4544.0,25.506417212993256
520,2.581609010696411,0.5202156334231806,0.5822102425876011,371,418.10763746500015,0.0,3848.48974609375,4544.0,25.555941591999726
521,3.294551134109497,0.40625,0.5234375,384,572.0124200284481,0.0,3848.48974609375,4544.0,25.606659352997667
522,3.0190916061401367,0.4427083333333333,0.5520833333333334,384,550.0044277608395,0.0,3848.48974609375,4544.0,25.65697707000072
523,2.967975378036499,0.48787061994609165,0.5956873315363881,371,475.1277757436037,0.0,3848.48974609375,4544.0,25.706495894002728
524,2.676764488220215,0.49595687331536387,0.5849056603773585,371,485.48327922821045,0.0,3848.48974609375,4544.0,25.755527439003345
525,2.7078609466552734,0.4869791666666667,0.5963541666666666,384,466.29268132150173,0.0,3848.48974609375,4544.0,25.80571968399454
526,3.232351064682007,0.41952506596306066,0.5488126649076517,379,624.5431189984083,0.0,3848.48974609375,4544.0,25.855823017991497
527,2.646348237991333,0.5026041666666666,0.5885416666666666,384,457.4232976734638,0.0,3848.48974609375,4544.0,25.906697379992693
528,2.7530062198638916,0.4791666666666667,0.5755208333333334,384,427.2363430559635,0.0,3848.48974609375,4544.0,25.957144664993393
529,3.1331734657287598,0.42779291553133514,0.55858310626703,367,563.775481954217,0.0,3848.48974609375,4544.0,26.005951933999313
530,3.0770461559295654,0.4583333333333333,0.5520833333333334,384,502.39345525205135,0.0,3848.48974609375,4544.0,26.056850123000913
531,2.5860660076141357,0.5208333333333334,0.5989583333333334,384,431.25880824029446,0.0,3848.48974609375,4544.0,26.107205806998536
532,2.7490062713623047,0.5052083333333334,0.5729166666666666,384,446.54655212163925,0.0,3848.48974609375,4544.0,26.157431297004223
533,3.013416290283203,0.4296875,0.5338541666666666,384,513.0977295637131,0.0,3848.48974609375,4544.0,26.208133420994272
534,2.6466264724731445,0.5052083333333334,0.5546875,384,368.5821593105793,0.0,3848.48974609375,4544.0,26.258040667002206
535,3.619171380996704,0.3828125,0.53125,384,649.3746798783541,0.0,3848.48974609375,4544.0,26.30879061500309
536,3.1851394176483154,0.4244791666666667,0.5598958333333334,384,567.3035595715046,0.0,3848.48974609375,4544.0,26.35952910799824
537,3.152757406234741,0.4270833333333333,0.5416666666666666,384,545.6953149139881,0.0,3848.48974609375,4544.0,26.40996107799583
538,2.985370635986328,0.46684350132625996,0.5517241379310345,377,488.11976097524166,0.0,3848.48974609375,4544.0,26.460201715002768
539,3.2179882526397705,0.4140625,0.546875,384,536.7484120428562,0.0,3848.48974609375,4544.0,26.51083518199448
540,2.8174078464508057,0.484375,0.5677083333333334,384,491.8426148891449,0.0,3848.48974609375,4544.0,26.56135115500365
541,2.8339684009552,0.46875,0.578125,384,544.8200847953558,0.0,3848.48974609375,4544.0,26.611580215001595
542,3.0247249603271484,0.4661458333333333,0.5651041666666666,384,482.17040303349495,0.0,3848.48974609375,4544.0,26.662192458999925
543,2.9727394580841064,0.4609375,0.5598958333333334,384,502.5136390477419,0.0,3848.48974609375,4544.0,26.712464292999357
544,2.80291485786438,0.484375,0.578125,384,512.9084658622742,0.0,3848.48974609375,4544.0,26.76277522399323
545,2.8587610721588135,0.4869791666666667,0.5677083333333334,384,440.95593328773975,0.0,3848.48974609375,4544.0,26.813021704001585
546,2.7907867431640625,0.4816753926701571,0.5942408376963351,382,426.2464065551758,0.0,3848.48974609375,4544.0,26.86295600500307
547,2.7936713695526123,0.4973544973544973,0.5793650793650794,378,501.41970713436604,0.0,3848.48974609375,4544.0,26.913104252991616
548,2.924345016479492,0.4375,0.6067708333333334,384,553.1232926547527,0.0,3848.48974609375,4544.0,26.963869579994935
549,3.0112617015838623,0.421875,0.5598958333333334,384,556.0907535403967,0.0,3848.48974609375,4544.0,27.013870868002414
550,2.5591983795166016,0.5444743935309974,0.6091644204851752,371,342.38546654582024,0.0,3848.48974609375,4544.0,27.06279234099202
551,3.1554126739501953,0.44594594594594594,0.5594594594594594,370,559.3572631627321,0.0,3848.48974609375,4544.0,27.111891106003895
552,2.68114972114563,0.4895287958115183,0.6099476439790575,382,440.2122258991003,0.0,3848.48974609375,4544.0,27.161803893002798
553,2.725916624069214,0.4791666666666667,0.6145833333333334,384,445.4081514328718,0.0,3848.48974609375,4544.0,27.212204024996026
554,2.6879208087921143,0.46174863387978143,0.6120218579234973,366,485.9143518805504,0.0,3848.48974609375,4544.0,27.26079311099602
555,3.3446948528289795,0.3881019830028329,0.56657223796034,353,700.6594080775976,0.0,3848.48974609375,4544.0,27.30879779800307
556,2.934297561645508,0.46153846153846156,0.6047745358090185,377,512.5808827877045,0.0,3848.48974609375,4544.0,27.358922343002632
557,3.566171407699585,0.3359375,0.5260416666666666,384,674.1949658840895,0.0,3848.48974609375,4544.0,27.40974811700289
558,2.88713002204895,0.4739583333333333,0.5963541666666666,384,561.9813683182001,0.0,3848.48974609375,4544.0,27.460560557999997
559,3.1809334754943848,0.45108695652173914,0.5489130434782609,368,553.5313246846199,0.0,3848.48974609375,4544.0,27.50985604399466
560,2.825455904006958,0.46684350132625996,0.583554376657825,377,649.6459370553493,0.0,3848.48974609375,4544.0,27.560336608003126
561,2.5277438163757324,0.5013623978201635,0.6321525885558583,367,457.5071138590574,0.0,3848.48974609375,4544.0,27.61003220800194
562,2.8394827842712402,0.47757255936675463,0.5672823218997362,379,461.1805965155363,0.0,3848.48974609375,4544.0,27.660080576999462
563,3.3067948818206787,0.4010989010989011,0.5851648351648352,364,634.1592303663492,0.0,3848.48974609375,4544.0,27.70941374100221
564,2.8431293964385986,0.453125,0.5963541666666666,384,433.2372333854437,0.0,3848.48974609375,4544.0,27.759726022995892
565,2.8053600788116455,0.46112600536193027,0.6327077747989276,373,529.3401373177767,0.0,3848.48974609375,4544.0,27.809097318997374
566,2.7377517223358154,0.4739583333333333,0.578125,384,460.4940236210823,0.0,3848.48974609375,4544.0,27.85956936200091
567,3.2254135608673096,0.4140625,0.5546875,384,554.2927616387606,0.0,3848.48974609375,4544.0,27.910447645001113
568,3.13319993019104,0.4296875,0.5390625,384,554.6582078635693,0.0,3848.48974609375,4544.0,27.961787455002195
569,2.8756752014160156,0.4487534626038781,0.5678670360110804,361,562.1803281009197,0.0,3848.48974609375,4544.0,28.010174301991356
570,2.938974618911743,0.4557291666666667,0.5520833333333334,384,530.7114001661539,0.0,3848.48974609375,4544.0,28.06034453699249
571,3.325935125350952,0.4401041666666667,0.5442708333333334,384,539.8192207068205,0.0,3848.48974609375,4544.0,28.11120753499563
572,3.1868033409118652,0.4393530997304582,0.555256064690027,371,565.3853809833527,0.0,3848.48974609375,4544.0,28.160907222991227
573,3.0589659214019775,0.4813753581661891,0.5845272206303725,349,588.8027945160866,0.0,3848.48974609375,4544.0,28.208676822992857
574,3.200622797012329,0.4581005586592179,0.5670391061452514,358,562.9829138219357,0.0,3848.48974609375,4544.0,28.256799583003158
575,3.321911096572876,0.3806970509383378,0.6219839142091153,373,753.4547266066074,0.0,3848.48974609375,4544.0,28.30713495099917
576,3.4541401863098145,0.40633245382585753,0.5356200527704486,379,629.4818913191557,0.0,3848.48974609375,4544.0,28.35775422998995
577,3.1745755672454834,0.4296875,0.5338541666666666,384,585.1607297360897,0.0,3848.48974609375,4544.0,28.408497212993097
578,3.1169607639312744,0.4609375,0.5651041666666666,384,608.3855219632387,0.0,3848.48974609375,4544.0,28.459665620990563
579,3.2064731121063232,0.4393530997304582,0.5768194070080862,371,596.8203781545162,0.0,3848.48974609375,4544.0,28.509768511998118
580,3.270116090774536,0.4375,0.5572916666666666,384,583.6202315539122,0.0,3848.48974609375,4544.0,28.563943588000257
581,3.093336820602417,0.4453125,0.578125,384,529.8293254375458,0.0,3848.48974609375,4544.0,28.615199181003845
582,3.450786828994751,0.390625,0.5703125,384,631.0056878626347,0.0,3848.48974609375,4544.0,28.66665208399354
583,2.7465527057647705,0.5,0.5729166666666666,384,418.78524193167686,0.0,3848.48974609375,4544.0,28.71669935299724
584,2.899186372756958,0.4791666666666667,0.578125,384,454.69449961185455,0.0,3848.48974609375,4544.0,28.76726853499713
585,2.8441641330718994,0.48247978436657685,0.5579514824797843,371,420.8486442267895,0.0,3848.48974609375,4544.0,28.816450665995944
586,2.999361038208008,0.4661458333333333,0.5598958333333334,384,469.85640400648117,0.0,3848.48974609375,4544.0,28.86706319899531
587,3.3622279167175293,0.35356200527704484,0.575197889182058,379,711.2656314969063,0.0,3848.48974609375,4544.0,28.917575957995723
588,2.8195860385894775,0.4661458333333333,0.59375,384,492.01185758411884,0.0,3848.48974609375,4544.0,28.96859902900178
589,3.169917106628418,0.43646408839779005,0.585635359116022,362,566.501028612256,0.0,3848.48974609375,4544.0,29.017694237991236
590,3.0620222091674805,0.4401041666666667,0.5703125,384,550.1042422801256,0.0,3848.48974609375,4544.0,29.06841776499641
591,2.830916404724121,0.46875,0.6015625,384,451.49617010354996,0.0,3848.48974609375,4544.0,29.119273488002364
592,3.160501003265381,0.431266846361186,0.5768194070080862,371,597.9708473980427,0.0,3848.48974609375,4544.0,29.16900557599729
593,3.5091207027435303,0.3854166666666667,0.5286458333333334,384,601.1940072476864,0.0,3848.48974609375,4544.0,29.220212148997234
594,2.9947726726531982,0.4453125,0.5546875,384,579.9992687553167,0.0,3848.48974609375,4544.0,29.27051136699447
595,2.849968671798706,0.4661458333333333,0.5911458333333334,384,456.87453274428844,0.0,3848.48974609375,4544.0,29.32067380999797
596,2.893540382385254,0.49066666666666664,0.5893333333333334,375,499.53204895555973,0.0,3848.48974609375,4544.0,29.37026615999639
597,2.8208632469177246,0.48787061994609165,0.5956873315363881,371,472.95089460909367,0.0,3848.48974609375,4544.0,29.419218609997188
598,2.47971510887146,0.53125,0.6171875,384,454.0887556374073,0.0,3848.48974609375,4544.0,29.469528606001404
599,2.979116201400757,0.4583333333333333,0.5338541666666666,384,476.7412198036909,0.0,3848.48974609375,4544.0,29.51975781499641
600,3.2186226844787598,0.46218487394957986,0.5854341736694678,357,613.9749481827021,0.0,3848.48974609375,4544.0,29.569554065994453
601,3.2401301860809326,0.44562334217506633,0.5570291777188329,377,587.7792175263166,0.0,3848.48974609375,4544.0,29.620194007991813
602,2.7040302753448486,0.4973958333333333,0.5703125,384,434.3810113966465,0.0,3848.48974609375,4544.0,29.670789677998982
603,2.7731752395629883,0.484375,0.6041666666666666,384,437.81517212092876,0.0,3848.48974609375,4544.0,29.72108740299882
604,2.92025089263916,0.5,0.5918918918918918,370,453.5443925112486,0.0,3848.48974609375,4544.0,29.770609560990124
605,2.550225257873535,0.515625,0.59375,384,422.5776216387749,0.0,3848.48974609375,4544.0,29.820805700001074
606,3.042956590652466,0.4453125,0.5416666666666666,384,471.34717044234276,0.0,3848.48974609375,4544.0,29.871200694004074
607,3.207648515701294,0.4293193717277487,0.5968586387434555,382,605.2122765481472,0.0,3848.48974609375,4544.0,29.921593867999036
608,2.8502767086029053,0.49326145552560646,0.5849056603773585,371,472.49953116476536,0.0,3848.48974609375,4544.0,29.971260373000405
609,2.412149429321289,0.5390625,0.6067708333333334,384,420.2685656398535,0.0,3848.48974609375,4544.0,30.021216259003268
610,3.320823907852173,0.453125,0.5338541666666666,384,517.7394938617945,0.0,3848.48974609375,4544.0,30.072030933995848
611,2.828929901123047,0.4869791666666667,0.6041666666666666,384,468.05733719468117,0.0,3848.48974609375,4544.0,30.122704690002138
612,3.0156068801879883,0.45910290237467016,0.5725593667546174,379,473.30174496769905,0.0,3848.48974609375,4544.0,30.172490818004007
613,3.3811604976654053,0.4036458333333333,0.5234375,384,567.11656434834,0.0,3848.48974609375,4544.0,30.224039371998515
614,2.492553472518921,0.5364583333333334,0.6145833333333334,384,454.2745494544506,0.0,3848.48974609375,4544.0,30.27466698999342
615,2.508801221847534,0.5078125,0.6041666666666666,384,421.1574053168297,0.0,3848.48974609375,4544.0,30.325485280991415
616,3.2041330337524414,0.4427083333333333,0.5885416666666666,384,534.9984670132399,0.0,3848.48974609375,4544.0,30.376938180997968
617,2.8679797649383545,0.4713541666666667,0.5833333333333334,384,468.9786590784788,0.0,3848.48974609375,4544.0,30.42843929299852
618,2.504201889038086,0.5208333333333334,0.6354166666666666,384,391.0292773246765,0.0,3848.48974609375,4544.0,30.47969069199462
619,2.8606748580932617,0.46131805157593125,0.6017191977077364,349,566.1606712937355,0.0,3848.48974609375,4544.0,30.527891726000234
620,3.144423007965088,0.4555256064690027,0.555256064690027,371,517.8652544617653,0.0,3848.48974609375,4544.0,30.577427732991055
621,3.118452787399292,0.3978201634877384,0.6076294277929155,367,678.0643055737019,0.0,3848.48974609375,4544.0,30.626770407994627
622,2.883073568344116,0.453125,0.5572916666666666,384,531.9867755919695,0.0,3848.48974609375,4544.0,30.67752533899329
623,2.6095170974731445,0.5052083333333334,0.5859375,384,490.6559218019247,0.0,3848.48974609375,4544.0,30.729449917998863
624,2.9099245071411133,0.4583333333333333,0.578125,384,574.1645881831646,0.0,3848.48974609375,4544.0,30.780794520003838
625,2.983130693435669,0.4528301886792453,0.5633423180592992,371,546.43024687469,0.0,3848.48974609375,4544.0,30.830078754996066
626,3.1436569690704346,0.44297082228116713,0.5517241379310345,377,557.1712015420198,0.0,3848.48974609375,4544.0,30.880001318990253
627,3.1350209712982178,0.4375,0.5598958333333334,384,488.3058653920889,0.0,3848.48974609375,4544.0,30.930257193991565
628,2.8213634490966797,0.4854111405835544,0.5755968169761273,377,460.48174956440926,0.0,3848.48974609375,4544.0,30.980271460997756
629,2.886939287185669,0.48517520215633425,0.5417789757412399,371,492.9876783043146,0.0,3848.48974609375,4544.0,31.029316649000975
630,3.630470037460327,0.3880208333333333,0.5104166666666666,384,608.5217951238155,0.0,3848.48974609375,4544.0,31.080087784997886
631,2.942563772201538,0.4479166666666667,0.5755208333333334,384,484.44695694744587,0.0,3848.48974609375,4544.0,31.13068526299321
632,2.8802545070648193,0.4817708333333333,0.6067708333333334,384,485.6157878935337,0.0,3848.48974609375,4544.0,31.18073140399065
633,2.7142512798309326,0.48501362397820164,0.5912806539509536,367,475.96691048145294,0.0,3848.48974609375,4544.0,31.22988454499864
634,2.8601553440093994,0.48360655737704916,0.5819672131147541,366,477.3873866647482,0.0,3848.48974609375,4544.0,31.278644901991356
635,2.937687873840332,0.4528301886792453,0.5579514824797843,371,471.8634556978941,0.0,3848.48974609375,4544.0,31.32805106199521
636,2.758175849914551,0.4895833333333333,0.5729166666666666,384,406.05363816022873,0.0,3848.48974609375,4544.0,31.378144539994537
637,3.0629143714904785,0.456,0.5573333333333333,375,497.19275714457035,0.0,3848.48974609375,4544.0,31.427990394004155
638,2.7853922843933105,0.5102639296187683,0.6187683284457478,341,543.0059627741575,0.0,3848.48974609375,4544.0,31.474841987001128
639,2.7460639476776123,0.4895833333333333,0.5859375,384,503.1186247318983,0.0,3848.48974609375,4544.0,31.524992883991217
640,2.890216827392578,0.4453125,0.5598958333333334,384,511.6180667132139,0.0,3848.48974609375,4544.0,31.57591524599411
641,2.7326669692993164,0.4973958333333333,0.5625,384,418.12471091747284,0.0,3848.48974609375,4544.0,31.626514928997494
642,3.2081069946289062,0.4505208333333333,0.5546875,384,527.3631533682346,0.0,3848.48974609375,4544.0,31.677614996995544
643,2.5855307579040527,0.5026178010471204,0.6230366492146597,382,460.7474343329668,0.0,3848.48974609375,4544.0,31.727625051993527
644,2.7641866207122803,0.48450704225352115,0.5802816901408451,355,486.3591473698616,0.0,3848.48974609375,4544.0,31.77536290399439
645,2.668638229370117,0.5040431266846361,0.5983827493261455,371,431.4812820851803,0.0,3848.48974609375,4544.0,31.824358454992762
646,3.012190580368042,0.4582210242587601,0.5929919137466307,371,558.3819451928139,0.0,3848.48974609375,4544.0,31.873731653991854
647,2.831805467605591,0.484375,0.6276041666666666,384,514.7622958868742,0.0,3848.48974609375,4544.0,31.92393532699498
648,3.1704328060150146,0.42934782608695654,0.5652173913043478,368,561.0780226439238,0.0,3848.48974609375,4544.0,31.973747804004233
649,3.0623207092285156,0.4557291666666667,0.5729166666666666,384,557.2246008068323,0.0,3848.48974609375,4544.0,32.02444836299401
650,3.1466760635375977,0.4270833333333333,0.5390625,384,581.4439843147993,0.0,3848.48974609375,4544.0,32.075392140992335
651,3.018953323364258,0.4869791666666667,0.5963541666666666,384,546.0409901738167,0.0,3848.48974609375,4544.0,32.126419756998075
652,3.326188325881958,0.4635416666666667,0.5338541666666666,384,534.7450783848763,0.0,3848.48974609375,4544.0,32.17725894499745
653,3.0550076961517334,0.4557291666666667,0.578125,384,505.30048245191574,0.0,3848.48974609375,4544.0,32.2278974189976
654,3.273616075515747,0.421875,0.5390625,384,576.9002777040005,0.0,3848.48974609375,4544.0,32.27874679699016
655,2.699808120727539,0.47643979057591623,0.6020942408376964,382,510.5070293992758,0.0,3848.48974609375,4544.0,32.32894753299479
656,2.923917770385742,0.4791666666666667,0.5651041666666666,384,529.9725566208363,0.0,3848.48974609375,4544.0,32.3797316949931
657,3.6767046451568604,0.3385416666666667,0.5052083333333334,384,684.9390478730202,0.0,3848.48974609375,4544.0,32.431059645998175
658,2.7098498344421387,0.5065963060686016,0.5857519788918206,379,405.09318225085735,0.0,3848.48974609375,4544.0,32.48080907399708
659,2.584599018096924,0.5138888888888888,0.625,360,467.846348837018,0.0,3848.48974609375,4544.0,32.52866603899747
660,3.067718505859375,0.4505208333333333,0.546875,384,510.19563995301723,0.0,3848.48974609375,4544.0,32.57946139200067
661,3.2129294872283936,0.41509433962264153,0.5633423180592992,371,560.8536193519831,0.0,3848.48974609375,4544.0,32.62933287899068
662,2.6846494674682617,0.46875,0.5807291666666666,384,415.3470892608166,0.0,3848.48974609375,4544.0,32.679661478992784
663,3.1168622970581055,0.46703296703296704,0.5769230769230769,364,607.0058162212372,0.0,3848.48974609375,4544.0,32.72858204800286
664,2.944709539413452,0.4765625,0.5729166666666666,384,459.75054524838924,0.0,3848.48974609375,4544.0,32.778938921997906
665,2.6947021484375,0.4947916666666667,0.5885416666666666,384,422.6715081036091,0.0,3848.48974609375,4544.0,32.82910569199885
666,2.7000153064727783,0.515625,0.5807291666666666,384,448.43926878273487,0.0,3848.48974609375,4544.0,32.87914988500415
667,2.711663246154785,0.5234375,0.5911458333333334,384,420.78637778759,0.0,3848.48974609375,4544.0,32.929716614002245
668,2.2642900943756104,0.5570291777188329,0.623342175066313,377,397.2446494102478,0.0,3848.48974609375,4544.0,32.979544236994116
669,2.921290636062622,0.4791666666666667,0.5989583333333334,384,488.61974960565567,0.0,3848.48974609375,4544.0,33.02998762999778
670,2.693506956100464,0.5,0.5625,384,394.3053615540266,0.0,3848.48974609375,4544.0,33.079937307004
671,3.1357009410858154,0.4557291666666667,0.5442708333333334,384,482.9348404556513,0.0,3848.48974609375,4544.0,33.13083675499365
672,3.0134737491607666,0.4661458333333333,0.5520833333333334,384,396.5311386734247,0.0,3848.48974609375,4544.0,33.181185825000284
673,3.141569137573242,0.42005420054200543,0.5989159891598916,369,652.8119667470455,0.0,3848.48974609375,4544.0,33.23048804499558
674,2.933272123336792,0.4739583333333333,0.5572916666666666,384,407.84467743337154,0.0,3848.48974609375,4544.0,33.281068260999746
675,2.7781035900115967,0.4921875,0.578125,384,460.26260620355606,0.0,3848.48974609375,4544.0,33.33149593700364
676,2.811297655105591,0.4921875,0.6171875,384,524.381984218955,0.0,3848.48974609375,4544.0,33.38188244799676
677,2.8702023029327393,0.48021108179419525,0.5725593667546174,379,459.1741957515478,0.0,3848.48974609375,4544.0,33.431809931993484
678,2.917409658432007,0.4644808743169399,0.5765027322404371,366,556.5380885601044,0.0,3848.48974609375,4544.0,33.48059862200171
679,2.614915132522583,0.48985507246376814,0.5884057971014492,345,488.80850771069527,0.0,3848.48974609375,4544.0,33.52730525399966
680,3.5182597637176514,0.38786279683377306,0.5488126649076517,379,671.4857301414013,0.0,3848.48974609375,4544.0,33.57799603800231
681,3.0292885303497314,0.44970414201183434,0.5976331360946746,338,555.2991145849228,0.0,3848.48974609375,4544.0,33.62437878300261
682,3.221226453781128,0.4401041666666667,0.5260416666666666,384,552.9858371317387,0.0,3848.48974609375,4544.0,33.67514946399024
683,2.9030978679656982,0.484375,0.5520833333333334,384,492.2106500118971,0.0,3848.48974609375,4544.0,33.725406345998636
684,2.8078083992004395,0.46685082872928174,0.574585635359116,362,466.21285304427147,0.0,3848.48974609375,4544.0,33.77382513799239
685,3.1647837162017822,0.4304812834224599,0.5561497326203209,374,528.6868993341923,0.0,3848.48974609375,4544.0,33.823350840000785
686,2.7266323566436768,0.4562334217506631,0.6206896551724138,377,513.0196298658848,0.0,3848.48974609375,4544.0,33.87316706200363
687,3.482611656188965,0.4106666666666667,0.5173333333333333,375,567.9035042673349,0.0,3848.48974609375,4544.0,33.922871190996375
688,3.4522407054901123,0.4088541666666667,0.5234375,384,588.3117589652538,0.0,3848.48974609375,4544.0,33.97392720099015
689,3.0662269592285156,0.4427083333333333,0.5677083333333334,384,497.93375615775585,0.0,3848.48974609375,4544.0,34.02433918399038
690,2.655914068222046,0.4636118598382749,0.6037735849056604,371,448.80486512184143,0.0,3848.48974609375,4544.0,34.07333480399393
691,2.820390224456787,0.5184210526315789,0.6,380,536.6570671647787,0.0,3848.48974609375,4544.0,34.12369257699174
692,3.335439443588257,0.4344262295081967,0.5355191256830601,366,549.4923444986343,0.0,3848.48974609375,4544.0,34.172787713003345
693,3.0452098846435547,0.4479166666666667,0.5677083333333334,384,502.5962442904711,0.0,3848.48974609375,4544.0,34.22341977400356
694,3.1829535961151123,0.421875,0.578125,384,543.9615116268396,0.0,3848.48974609375,4544.0,34.27401625599305
695,2.7901904582977295,0.472,0.584,375,425.4092364311218,0.0,3848.48974609375,4544.0,34.3229537110019
696,2.8994369506835938,0.4609375,0.5807291666666666,384,471.8306185901165,0.0,3848.48974609375,4544.0,34.373324629996205
697,2.5554778575897217,0.5208333333333334,0.5859375,384,377.16837430000305,0.0,3848.48974609375,4544.0,34.42318530799821
698,2.8821914196014404,0.4817708333333333,0.5572916666666666,384,446.91177892684937,0.0,3848.48974609375,4544.0,34.47365209799318
699,3.0478432178497314,0.44854881266490765,0.5567282321899736,379,450.6705084592104,0.0,3848.48974609375,4544.0,34.52374685500399
700,2.633380651473999,0.4895833333333333,0.6067708333333334,384,431.78115943074226,0.0,3848.48974609375,4544.0,34.57386473099177
701,2.737051248550415,0.522911051212938,0.5795148247978437,371,392.306888461113,0.0,3848.48974609375,4544.0,34.623529000004055
702,2.5435104370117188,0.493368700265252,0.6339522546419099,377,444.9543198943138,0.0,3848.48974609375,4544.0,34.673470401990926
703,3.157801628112793,0.43213296398891965,0.5983379501385041,361,546.1632270962,0.0,3848.48974609375,4544.0,34.721747453993885
704,3.0365993976593018,0.477088948787062,0.5660377358490566,371,571.1672328710556,0.0,3848.48974609375,4544.0,34.77126356199733
705,2.4396111965179443,0.5459610027855153,0.6462395543175488,359,420.53666757047176,0.0,3848.48974609375,4544.0,34.819333042003564
706,2.458519697189331,0.5182291666666666,0.609375,384,382.95396377146244,0.0,3848.48974609375,4544.0,34.86938205600018
707,3.1424427032470703,0.4557291666666667,0.5494791666666666,384,489.2641312032938,0.0,3848.48974609375,4544.0,34.91971759000444
708,2.583970785140991,0.4986737400530504,0.6180371352785146,377,414.12453769147396,0.0,3848.48974609375,4544.0,34.96943040800397
709,2.666341543197632,0.4947916666666667,0.5755208333333334,384,377.6475436836481,0.0,3848.48974609375,4544.0,35.01931421000336
710,3.669041633605957,0.3932291666666667,0.5390625,384,627.1481544077396,0.0,3848.48974609375,4544.0,35.07033491900074
711,3.448401689529419,0.3932291666666667,0.5390625,384,567.3479771912098,0.0,3848.48974609375,4544.0,35.121326905995375
712,2.944417953491211,0.453125,0.59375,384,498.0611215978861,0.0,3848.48974609375,4544.0,35.17178589499963
713,2.854081392288208,0.4765625,0.6119791666666666,384,516.3333841264248,0.0,3848.48974609375,4544.0,35.22263660799945
714,3.170715808868408,0.44562334217506633,0.5464190981432361,377,548.9449948966503,0.0,3848.48974609375,4544.0,35.27261858800193
715,3.4641458988189697,0.4140625,0.5208333333333334,384,539.4121834337711,0.0,3848.48974609375,4544.0,35.32387531499262
716,2.754323720932007,0.4921875,0.6041666666666666,384,443.37817384302616,0.0,3848.48974609375,4544.0,35.374020022994955
717,2.795898675918579,0.49056603773584906,0.6037735849056604,371,487.4267917871475,0.0,3848.48974609375,4544.0,35.423564544995315
718,2.5787456035614014,0.5026041666666666,0.5833333333333334,384,418.09381191432476,0.0,3848.48974609375,4544.0,35.47431569399487
719,3.047025680541992,0.4661458333333333,0.5677083333333334,384,471.69524562358856,0.0,3848.48974609375,4544.0,35.52509306499269
720,3.4656810760498047,0.4270557029177719,0.5437665782493368,377,539.4386814385653,0.0,3848.48974609375,4544.0,35.57564619099139
721,3.172541379928589,0.4453125,0.5625,384,539.0086922347546,0.0,3848.48974609375,4544.0,35.626617247995455
722,2.7425293922424316,0.5013774104683195,0.5757575757575758,363,410.464748442173,0.0,3848.48974609375,4544.0,35.674747823999496
723,2.668339490890503,0.5,0.5963541666666666,384,379.30238069593906,0.0,3848.48974609375,4544.0,35.72508008599107
724,3.076017141342163,0.46684350132625996,0.5570291777188329,377,523.0489039421082,0.0,3848.48974609375,4544.0,35.77501560699602
725,2.2248330116271973,0.5234375,0.6458333333333334,384,336.16889686882496,0.0,3848.48974609375,4544.0,35.82468699700257
726,3.158832550048828,0.4375,0.5651041666666666,384,543.0295650959015,0.0,3848.48974609375,4544.0,35.8756505259953
727,2.9942405223846436,0.4375,0.5859375,384,519.4907643049955,0.0,3848.48974609375,4544.0,35.92616448100307
728,3.3832285404205322,0.40105540897097625,0.5382585751978892,379,629.5724440515041,0.0,3848.48974609375,4544.0,35.97681338399707
729,3.6146514415740967,0.38858695652173914,0.5461956521739131,368,659.8698423802853,0.0,3848.48974609375,4544.0,36.02640712799621
730,3.0908641815185547,0.47368421052631576,0.5678670360110804,361,495.4204176068306,0.0,3848.48974609375,4544.0,36.07482152800367
731,3.173144817352295,0.4328767123287671,0.5397260273972603,365,556.4643129259348,0.0,3848.48974609375,4544.0,36.12395751599979
732,2.9791383743286133,0.4401041666666667,0.5833333333333334,384,516.6498114466667,0.0,3848.48974609375,4544.0,36.1743622829963
733,2.5733368396759033,0.46437994722955145,0.6306068601583114,379,481.2755438685417,0.0,3848.48974609375,4544.0,36.2238838159974
734,3.1830356121063232,0.4530386740331492,0.5497237569060773,362,555.9120418131351,0.0,3848.48974609375,4544.0,36.27219390099344
735,2.721234083175659,0.506631299734748,0.623342175066313,377,594.4020600616932,0.0,3848.48974609375,4544.0,36.322159374001785
736,3.094982147216797,0.4644808743169399,0.5792349726775956,366,561.8577443212271,0.0,3848.48974609375,4544.0,36.37163929500093
737,3.091517925262451,0.4266304347826087,0.5842391304347826,368,540.9930022507906,0.0,3848.48974609375,4544.0,36.42111992900027
738,2.546466588973999,0.5260416666666666,0.578125,384,397.5712719708681,0.0,3848.48974609375,4544.0,36.4714634760021
739,3.180922746658325,0.42048517520215634,0.5902964959568733,371,525.9655709266663,0.0,3848.48974609375,4544.0,36.52087410799868
740,2.944228410720825,0.44533333333333336,0.584,375,482.6114900112152,0.0,3848.48974609375,4544.0,36.57053747799364
741,2.5962870121002197,0.4973958333333333,0.609375,384,378.8104215860367,0.0,3848.48974609375,4544.0,36.620748699991964
742,3.2520625591278076,0.4401041666666667,0.5572916666666666,384,478.8001893758774,0.0,3848.48974609375,4544.0,36.67131875899213
743,2.8844661712646484,0.4713541666666667,0.5651041666666666,384,427.1764068901539,0.0,3848.48974609375,4544.0,36.72176266499446
744,3.3447093963623047,0.390625,0.5234375,384,547.9385822713375,0.0,3848.48974609375,4544.0,36.77224290498998
745,3.102757453918457,0.4505208333333333,0.5520833333333334,384,532.745046287775,0.0,3848.48974609375,4544.0,36.8232432329969
746,2.8758628368377686,0.47229551451187335,0.5699208443271768,379,411.10442711412907,0.0,3848.48974609375,4544.0,36.87273678199563
747,3.342153787612915,0.37994722955145116,0.554089709762533,379,636.3520106077194,0.0,3848.48974609375,4544.0,36.923293244995875
748,2.8404908180236816,0.4808743169398907,0.6120218579234973,366,464.47565069794655,0.0,3848.48974609375,4544.0,36.97258017399872
749,3.4864790439605713,0.4244791666666667,0.5104166666666666,384,507.7653684169054,0.0,3848.48974609375,4544.0,37.02321648799989
750,2.734441041946411,0.4869791666666667,0.5885416666666666,384,468.2301394492388,0.0,3848.48974609375,4544.0,37.07373119199474
751,2.8616716861724854,0.4713541666666667,0.5833333333333334,384,452.7082234621048,0.0,3848.48974609375,4544.0,37.124180996994255
752,2.6548373699188232,0.4817708333333333,0.6302083333333334,384,434.32722905278206,0.0,3848.48974609375,4544.0,37.17443986500439
753,2.8164470195770264,0.4958904109589041,0.5808219178082191,365,482.06605122983456,0.0,3848.48974609375,4544.0,37.22300898899266
754,3.215024709701538,0.40633245382585753,0.5883905013192612,379,519.8999246507883,0.0,3848.48974609375,4544.0,37.27387919899775
755,2.4035727977752686,0.5442708333333334,0.609375,384,347.12191354483366,0.0,3848.48974609375,4544.0,37.323684265997144
756,2.822986602783203,0.5026041666666666,0.6171875,384,487.9403178393841,0.0,3848.48974609375,4544.0,37.374055895998026
757,2.384129762649536,0.5208333333333334,0.6171875,384,335.56523708999157,0.0,3848.48974609375,4544.0,37.42426027999318
758,2.684849262237549,0.48247978436657685,0.601078167115903,371,423.5691505819559,0.0,3848.48974609375,4544.0,37.473483818001114
759,2.892746925354004,0.4921875,0.5859375,384,447.4811527431011,0.0,3848.48974609375,4544.0,37.523892429002444
760,2.829742193222046,0.4945054945054945,0.5906593406593407,364,467.6656161546707,0.0,3848.48974609375,4544.0,37.57248969300417
761,3.077022075653076,0.47645429362880887,0.5595567867036011,361,536.2778852432966,0.0,3848.48974609375,4544.0,37.62088729799143
762,2.7988061904907227,0.4791666666666667,0.5598958333333334,384,401.52862173318863,0.0,3848.48974609375,4544.0,37.67134715500288
763,3.226485013961792,0.43733333333333335,0.5413333333333333,375,485.222491145134,0.0,3848.48974609375,4544.0,37.7208264410001
764,3.024703025817871,0.4450402144772118,0.5630026809651475,373,549.6394462585449,0.0,3848.48974609375,4544.0,37.77060509499279
765,2.5257229804992676,0.5,0.6194444444444445,360,394.50686909258366,0.0,3848.48974609375,4544.0,37.818603922991315
766,3.024137496948242,0.4808743169398907,0.5983606557377049,366,468.98622065782547,0.0,3848.48974609375,4544.0,37.86740664500394
767,3.2500815391540527,0.4584450402144772,0.5603217158176944,373,513.2788101583719,0.0,3848.48974609375,4544.0,37.916896605995134
768,2.7307586669921875,0.5208333333333334,0.5885416666666666,384,443.32966554164886,0.0,3848.48974609375,4544.0,37.96774773100333
769,2.8137691020965576,0.4609164420485175,0.5983827493261455,371,524.6254311800003,0.0,3848.48974609375,4544.0,38.01695248100441
770,2.6673479080200195,0.4985835694050991,0.6118980169971672,353,489.25777223706245,0.0,3848.48974609375,4544.0,38.06465502700303
771,2.948340892791748,0.5026455026455027,0.5978835978835979,378,471.7045169174671,0.0,3848.48974609375,4544.0,38.115095102999476
772,3.2397477626800537,0.44686648501362397,0.5694822888283378,367,507.0284186601639,0.0,3848.48974609375,4544.0,38.164260784004
773,2.856887102127075,0.4895833333333333,0.6041666666666666,384,416.8445770740509,0.0,3848.48974609375,4544.0,38.21464876800019
774,2.7026455402374268,0.5104166666666666,0.609375,384,380.93094858527184,0.0,3848.48974609375,4544.0,38.26502717699623
775,2.9254281520843506,0.4713541666666667,0.5442708333333334,384,367.8208496719599,0.0,3848.48974609375,4544.0,38.31523876899155
776,2.8654050827026367,0.46814404432132967,0.6038781163434903,361,561.2955669015646,0.0,3848.48974609375,4544.0,38.36369778199878
777,2.7286109924316406,0.5130208333333334,0.6302083333333334,384,378.2791951522231,0.0,3848.48974609375,4544.0,38.4139808530017
778,2.8929483890533447,0.4921875,0.59375,384,434.98888659477234,0.0,3848.48974609375,4544.0,38.464549256998
779,3.302276611328125,0.4297082228116711,0.5384615384615384,377,579.5425584763288,0.0,3848.48974609375,4544.0,38.51457533700159
780,3.656036376953125,0.3880208333333333,0.5364583333333334,384,613.9691816270351,0.0,3848.48974609375,4544.0,38.56569676900108
781,2.636780023574829,0.4973958333333333,0.59375,384,382.5656409263611,0.0,3848.48974609375,4544.0,38.61578070399992
782,3.3794515132904053,0.4010416666666667,0.5338541666666666,384,555.4783974736929,0.0,3848.48974609375,4544.0,38.6667746299936
783,2.9776806831359863,0.44854881266490765,0.5936675461741425,379,516.1009027659893,0.0,3848.48974609375,4544.0,38.71706281800289
784,2.8355629444122314,0.4895833333333333,0.5625,384,415.82110376656055,0.0,3848.48974609375,4544.0,38.76737534799031
785,2.7620608806610107,0.515625,0.6015625,384,433.5489310771227,0.0,3848.48974609375,4544.0,38.817638772990904
786,3.464695692062378,0.3880208333333333,0.4947916666666667,384,541.0559785962105,0.0,3848.48974609375,4544.0,38.86803402499936
787,2.8234264850616455,0.4869791666666667,0.5572916666666666,384,471.9481787234545,0.0,3848.48974609375,4544.0,38.918131561993505
788,3.3167340755462646,0.421875,0.5130208333333334,384,560.2585749328136,0.0,3848.48974609375,4544.0,38.969070327992085
789,3.6604530811309814,0.4010416666666667,0.5260416666666666,384,629.3207360804081,0.0,3848.48974609375,4544.0,39.020246243992005
790,2.8502352237701416,0.46648793565683644,0.5817694369973191,373,431.84561359882355,0.0,3848.48974609375,4544.0,39.069594016997144
791,2.7990288734436035,0.46153846153846156,0.596816976127321,377,550.0669075101614,0.0,3848.48974609375,4544.0,39.119057089003036
792,2.7319459915161133,0.5173333333333333,0.5893333333333334,375,415.10222356021404,0.0,3848.48974609375,4544.0,39.16868792899186
793,2.9020473957061768,0.5,0.5677083333333334,384,451.14696629345417,0.0,3848.48974609375,4544.0,39.21925226600433
794,2.808652400970459,0.494475138121547,0.6160220994475138,362,462.48202182352543,0.0,3848.48974609375,4544.0,39.26749740100058
795,2.7421422004699707,0.49333333333333335,0.584,375,379.61913961172104,0.0,3848.48974609375,4544.0,39.31667662799009
796,3.19323468208313,0.4489247311827957,0.5725806451612904,372,578.0383723080158,0.0,3848.48974609375,4544.0,39.36627009999938
797,2.979865074157715,0.4726775956284153,0.5437158469945356,366,426.3271913975477,0.0,3848.48974609375,4544.0,39.415044038993074
798,2.9045028686523438,0.46875,0.578125,384,457.21834659576416,0.0,3848.48974609375,4544.0,39.46607165200112
799,3.0667104721069336,0.4739583333333333,0.5703125,384,449.2321677058935,0.0,3848.48974609375,4544.0,39.516930272991885
800,2.337662696838379,0.5471698113207547,0.5929919137466307,371,429.0921155810356,0.0,3848.48974609375,4544.0,39.565466222004034
801,2.917689561843872,0.4635416666666667,0.5572916666666666,384,429.40222088992596,0.0,3848.48974609375,4544.0,39.61555094100186
802,2.948763132095337,0.4501347708894879,0.5902964959568733,371,516.2086614519358,0.0,3848.48974609375,4544.0,39.665194693996455
803,2.4994614124298096,0.5122615803814714,0.6049046321525886,367,321.717417486012,0.0,3848.48974609375,4544.0,39.71387699399202
804,2.7666444778442383,0.5,0.5703125,384,440.75374963879585,0.0,3848.48974609375,4544.0,39.76444344499032
805,2.740807294845581,0.4973958333333333,0.5833333333333334,384,346.8483198285103,0.0,3848.48974609375,4544.0,39.81484183599241
806,2.7069239616394043,0.5,0.6021505376344086,372,439.0906003266573,0.0,3848.48974609375,4544.0,39.8640552249999
807,3.3224570751190186,0.421875,0.5677083333333334,384,626.7245687693357,0.0,3848.48974609375,4544.0,39.914533246002975
808,3.072206497192383,0.4684931506849315,0.6164383561643836,365,539.193354383111,0.0,3848.48974609375,4544.0,39.96397149399854
809,3.4585776329040527,0.4339622641509434,0.5633423180592992,371,685.4402878582478,0.0,3848.48974609375,4544.0,40.01369377000083
810,3.114969253540039,0.4420485175202156,0.5876010781671159,371,510.18273101747036,0.0,3848.48974609375,4544.0,40.0628098169982
811,2.7008447647094727,0.5052083333333334,0.5729166666666666,384,463.23947851359844,0.0,3848.48974609375,4544.0,40.11271591199329
812,3.1461143493652344,0.4296875,0.5598958333333334,384,651.3904467821121,0.0,3848.48974609375,4544.0,40.16329546799534
813,2.606168508529663,0.5104166666666666,0.6223958333333334,384,450.2309394031763,0.0,3848.48974609375,4544.0,40.213538415991934
814,3.2886998653411865,0.43799472295514513,0.5699208443271768,379,542.7279254198074,0.0,3848.48974609375,4544.0,40.26379176399496
815,2.6469614505767822,0.4972067039106145,0.5921787709497207,358,421.74084213376045,0.0,3848.48974609375,4544.0,40.31173988200317
816,2.8767831325531006,0.4602739726027397,0.5972602739726027,365,489.2213039249182,0.0,3848.48974609375,4544.0,40.36037827299151
817,2.93058705329895,0.4739583333333333,0.5677083333333334,384,447.61966267228127,0.0,3848.48974609375,4544.0,40.410983670997666
818,2.9289679527282715,0.47745358090185674,0.5862068965517241,377,439.03696174919605,0.0,3848.48974609375,4544.0,40.46088572399458
819,3.0999481678009033,0.4401041666666667,0.5416666666666666,384,534.6405054330826,0.0,3848.48974609375,4544.0,40.51167154900031
820,2.465592622756958,0.5677083333333334,0.6223958333333334,384,305.95115549862385,0.0,3848.48974609375,4544.0,40.562029260996496
821,2.823334217071533,0.48525469168900803,0.5871313672922251,373,449.04971742630005,0.0,3848.48974609375,4544.0,40.61188361499808
822,3.0943515300750732,0.45272206303724927,0.5816618911174785,349,561.1546068489552,0.0,3848.48974609375,4544.0,40.659773189996486
823,2.6866445541381836,0.5052083333333334,0.5833333333333334,384,433.17723582684994,0.0,3848.48974609375,4544.0,40.71017027499329
824,2.7648422718048096,0.4921875,0.5807291666666666,384,409.8417749851942,0.0,3848.48974609375,4544.0,40.760469988003024
825,3.2421419620513916,0.44266666666666665,0.5333333333333333,375,557.8117310255766,0.0,3848.48974609375,4544.0,40.81058622398996
826,3.3262364864349365,0.3958333333333333,0.5520833333333334,384,539.0494303554296,0.0,3848.48974609375,4544.0,40.86100207499112
827,2.885819435119629,0.4476439790575916,0.6387434554973822,382,550.243994191289,0.0,3848.48974609375,4544.0,40.911197845998686
828,2.7207651138305664,0.4973544973544973,0.5740740740740741,378,426.3979398012161,0.0,3848.48974609375,4544.0,40.961222387995804
829,2.736673593521118,0.5070422535211268,0.5746478873239437,355,479.06944462656975,0.0,3848.48974609375,4544.0,41.008938087994466
830,2.5414628982543945,0.5278514588859416,0.6259946949602122,377,449.50378650426865,0.0,3848.48974609375,4544.0,41.05825169700256
831,2.5954179763793945,0.4827586206896552,0.6339522546419099,377,434.06397488713264,0.0,3848.48974609375,4544.0,41.1081971770036
832,3.427051544189453,0.44385026737967914,0.5427807486631016,374,553.3453010171652,0.0,3848.48974609375,4544.0,41.15818646499247
833,3.0289063453674316,0.4528301886792453,0.5795148247978437,371,470.35403683781624,0.0,3848.48974609375,4544.0,41.20747126499191
834,3.0585129261016846,0.4296875,0.5729166666666666,384,498.9567302465439,0.0,3848.48974609375,4544.0,41.25818081999023
835,2.4934229850769043,0.5175202156334232,0.6199460916442049,371,359.6406395435333,0.0,3848.48974609375,4544.0,41.30768798200006
836,3.465632915496826,0.41333333333333333,0.5386666666666666,375,572.7869744449854,0.0,3848.48974609375,4544.0,41.357632186001865
837,3.0140159130096436,0.45187165775401067,0.5828877005347594,374,473.6796523332596,0.0,3848.48974609375,4544.0,41.407133763001184
838,2.886997938156128,0.4609375,0.5911458333333334,384,477.1960613578558,0.0,3848.48974609375,4544.0,41.457873581995955
839,2.6601476669311523,0.5186246418338109,0.5902578796561605,349,409.80212722718716,0.0,3848.48974609375,4544.0,41.50515484600328
840,2.9386403560638428,0.4470899470899471,0.58994708994709,378,479.9874427765608,0.0,3848.48974609375,4544.0,41.55573148999247
841,2.7998063564300537,0.5182291666666666,0.6302083333333334,384,419.7564158439636,0.0,3848.48974609375,4544.0,41.60661873000208
842,2.730691432952881,0.46949602122015915,0.6419098143236074,377,473.65907230973244,0.0,3848.48974609375,4544.0,41.656252736996976
843,2.5393528938293457,0.5148247978436657,0.6091644204851752,371,340.73273126780987,0.0,3848.48974609375,4544.0,41.704918574003386
844,3.0625712871551514,0.43548387096774194,0.6209677419354839,372,530.8973480910063,0.0,3848.48974609375,4544.0,41.75463669799501
845,2.8434908390045166,0.4946524064171123,0.5935828877005348,374,385.0513138771057,0.0,3848.48974609375,4544.0,41.80419426900335
846,2.606938600540161,0.5040431266846361,0.6118598382749326,371,398.9527818262577,0.0,3848.48974609375,4544.0,41.85306158399908
847,2.8685390949249268,0.46153846153846156,0.6153846153846154,377,434.16389785706997,0.0,3848.48974609375,4544.0,41.903287854991504
848,2.9197216033935547,0.46629213483146065,0.598314606741573,356,514.0353070497513,0.0,3848.48974609375,4544.0,41.95165679400088
849,2.7601661682128906,0.4918032786885246,0.6120218579234973,366,503.8143009543419,0.0,3848.48974609375,4544.0,42.00024017300166
850,3.3585195541381836,0.4557291666666667,0.5494791666666666,384,521.918105199933,0.0,3848.48974609375,4544.0,42.05134783699759
851,3.094240665435791,0.4712328767123288,0.5835616438356165,365,549.3645773977041,0.0,3848.48974609375,4544.0,42.09986575799121
852,2.759397506713867,0.484375,0.5911458333333334,384,393.02033388614655,0.0,3848.48974609375,4544.0,42.15016029200342
853,2.877589225769043,0.49076517150395776,0.5910290237467019,379,419.0830755382776,0.0,3848.48974609375,4544.0,42.200316274000215
854,3.0745363235473633,0.4348958333333333,0.6041666666666666,384,587.5036482214928,0.0,3848.48974609375,4544.0,42.25110990500252
855,2.4805402755737305,0.5182291666666666,0.5911458333333334,384,353.66181468963623,0.0,3848.48974609375,4544.0,42.301270434996695
856,2.773886203765869,0.5112994350282486,0.6101694915254238,354,502.12093782424927,0.0,3848.48974609375,4544.0,42.34938455600059
857,2.8210999965667725,0.5081081081081081,0.5702702702702702,370,388.888820707798,0.0,3848.48974609375,4544.0,42.39832552599546
858,2.356204032897949,0.53125,0.5911458333333334,384,287.86703779548407,0.0,3848.48974609375,4544.0,42.44821384199895
859,2.672126293182373,0.5040431266846361,0.5606469002695418,371,407.7159942239523,0.0,3848.48974609375,4544.0,42.497304445001646
860,2.8967859745025635,0.4505208333333333,0.6119791666666666,384,491.98838771879673,0.0,3848.48974609375,4544.0,42.54786925199733
861,2.869337797164917,0.4679144385026738,0.5614973262032086,374,442.16038896143436,0.0,3848.48974609375,4544.0,42.59746196299966
862,2.910120964050293,0.46484375,0.546875,256,533.7404797524214,0.0,3848.48974609375,4544.0,42.634413330990355
863,2.6514267921447754,0.4895833333333333,0.5859375,384,510.21239529550076,0.0,3848.48974609375,4544.0,42.684876201994484
864,3.4909868240356445,0.38522427440633245,0.5356200527704486,379,624.570762231946,0.0,3848.48974609375,4544.0,42.73513636700227
865,2.9099044799804688,0.4791666666666667,0.5963541666666666,384,431.2275058180094,0.0,3848.48974609375,4544.0,42.78591217599751
866,2.9329943656921387,0.4636118598382749,0.6145552560646901,371,527.7453509122133,0.0,3848.48974609375,4544.0,42.8351746089902
867,2.8337016105651855,0.48324022346368717,0.6145251396648045,358,490.5552431046963,0.0,3848.48974609375,4544.0,42.884057777002454
868,2.255702018737793,0.5442708333333334,0.5989583333333334,384,320.1793653741479,0.0,3848.48974609375,4544.0,42.93394209299004
869,2.719421148300171,0.4661458333333333,0.5807291666666666,384,444.76701436936855,0.0,3848.48974609375,4544.0,42.98424421300297
870,2.6831626892089844,0.4791666666666667,0.6067708333333334,384,417.55337902903557,0.0,3848.48974609375,4544.0,43.034673970993026
871,2.853219985961914,0.493368700265252,0.6206896551724138,377,472.3982945084572,0.0,3848.48974609375,4544.0,43.08487611899909
872,2.3615379333496094,0.5104166666666666,0.6145833333333334,384,404.6624501943588,0.0,3848.48974609375,4544.0,43.13497809099499
873,2.7442684173583984,0.45901639344262296,0.6147540983606558,366,447.7603997141123,0.0,3848.48974609375,4544.0,43.18396642299194
874,2.6565237045288086,0.5118343195266272,0.650887573964497,338,545.7461717277765,0.0,3848.48974609375,4544.0,43.23034874399309
875,2.878704309463501,0.48295454545454547,0.6051136363636364,352,519.2692953199148,0.0,3848.48974609375,4544.0,43.278103949996876
876,3.0108742713928223,0.4375,0.5869565217391305,368,547.3286278545856,0.0,3848.48974609375,4544.0,43.32753243399202
877,3.3249199390411377,0.4166666666666667,0.5677083333333334,384,544.7878366261721,0.0,3848.48974609375,4544.0,43.37855961600144
878,3.34591007232666,0.4114583333333333,0.5572916666666666,384,544.6675539016724,0.0,3848.48974609375,4544.0,43.42975417699199
879,2.9921715259552,0.4609375,0.5911458333333334,384,510.7411516010761,0.0,3848.48974609375,4544.0,43.48023458100215
880,2.733954668045044,0.4869791666666667,0.5911458333333334,384,476.32157254219055,0.0,3848.48974609375,4544.0,43.53091848499025
881,2.374610424041748,0.5616045845272206,0.6303724928366762,349,436.3220197558403,0.0,3848.48974609375,4544.0,43.57777066899871
882,3.205906867980957,0.4270833333333333,0.5572916666666666,384,545.9981954693794,0.0,3848.48974609375,4544.0,43.62887428999238
883,2.8064663410186768,0.477088948787062,0.6226415094339622,371,468.4571866542101,0.0,3848.48974609375,4544.0,43.678324662992964
884,3.114664077758789,0.4635416666666667,0.5651041666666666,384,452.40628573298454,0.0,3848.48974609375,4544.0,43.72889444199973
885,2.5214779376983643,0.4947916666666667,0.6067708333333334,384,423.68934793770313,0.0,3848.48974609375,4544.0,43.77896227699239
886,2.8710036277770996,0.49326145552560646,0.5983827493261455,371,495.82404439151287,0.0,3848.48974609375,4544.0,43.82869801399647
887,2.7836978435516357,0.48985507246376814,0.6144927536231884,345,462.059680968523,0.0,3848.48974609375,4544.0,43.875516522995895
888,2.6677143573760986,0.4973958333333333,0.6171875,384,410.41136245429516,0.0,3848.48974609375,4544.0,43.9263113069901
889,3.1463685035705566,0.4431818181818182,0.5710227272727273,352,567.2833395004272,0.0,3848.48974609375,4544.0,43.97410038599628
890,2.914992094039917,0.4505208333333333,0.5755208333333334,384,429.3509903103113,0.0,3848.48974609375,4544.0,44.024369264996494
891,3.006866693496704,0.4635416666666667,0.5807291666666666,384,534.8062208592892,0.0,3848.48974609375,4544.0,44.07562321599107
892,2.4324405193328857,0.5338541666666666,0.5963541666666666,384,354.01453068852425,0.0,3848.48974609375,4544.0,44.12558987000375
893,2.6341662406921387,0.49279538904899134,0.6253602305475504,347,496.7009450048208,0.0,3848.48974609375,4544.0,44.172589502995834
894,2.8362231254577637,0.48501362397820164,0.5722070844686649,367,440.9617446511984,0.0,3848.48974609375,4544.0,44.221394548003445
895,2.9544949531555176,0.4880636604774536,0.5809018567639257,377,500.48163793981075,0.0,3848.48974609375,4544.0,44.27163133099384
896,2.660367250442505,0.5026041666666666,0.5859375,384,415.7756271660328,0.0,3848.48974609375,4544.0,44.321828408996225
897,3.274702787399292,0.4401041666666667,0.5546875,384,519.1844074577093,0.0,3848.48974609375,4544.0,44.37281488899316
898,3.4483449459075928,0.40625,0.5390625,384,520.4469872117043,0.0,3848.48974609375,4544.0,44.42409479699563
899,2.9305496215820312,0.45308310991957107,0.5871313672922251,373,492.1077980399132,0.0,3848.48974609375,4544.0,44.473647748003714
900,3.1445255279541016,0.4010416666666667,0.5703125,384,534.7733137905598,0.0,3848.48974609375,4544.0,44.5246309429931
901,2.6357650756835938,0.48257372654155495,0.6058981233243967,373,459.09882368147373,0.0,3848.48974609375,4544.0,44.574663776002126
902,2.6327617168426514,0.4858757062146893,0.6101694915254238,354,458.30926606059074,0.0,3848.48974609375,4544.0,44.622299629001645
903,2.7544822692871094,0.4713541666666667,0.5989583333333334,384,423.63501589000225,0.0,3848.48974609375,4544.0,44.67290295299608
904,2.58632230758667,0.5108108108108108,0.5972972972972973,370,424.80667302012444,0.0,3848.48974609375,4544.0,44.72146642400185
905,3.2049310207366943,0.4505208333333333,0.5572916666666666,384,469.83566181361675,0.0,3848.48974609375,4544.0,44.772197843994945
906,2.6164143085479736,0.5182291666666666,0.5833333333333334,384,372.6192198097706,0.0,3848.48974609375,4544.0,44.82232685800409
907,2.7332980632781982,0.4869791666666667,0.5833333333333334,384,383.0219186395407,0.0,3848.48974609375,4544.0,44.873128651990555
908,3.0475800037384033,0.4453125,0.5729166666666666,384,513.6485288888216,0.0,3848.48974609375,4544.0,44.924476970991236
909,2.3572628498077393,0.5646437994722955,0.6147757255936676,379,353.9389363527298,0.0,3848.48974609375,4544.0,44.97415518500202
910,2.930673360824585,0.4817708333333333,0.578125,384,415.46231096982956,0.0,3848.48974609375,4544.0,45.02497251899331
911,3.495150566101074,0.4010416666666667,0.5182291666666666,384,584.3743199706078,0.0,3848.48974609375,4544.0,45.07573388700257
912,2.3180291652679443,0.5423728813559322,0.635593220338983,354,383.81745806336403,0.0,3848.48974609375,4544.0,45.12331220100168
913,2.3775382041931152,0.5449591280653951,0.6294277929155313,367,284.0850599780679,0.0,3848.48974609375,4544.0,45.172137980000116
914,3.033493757247925,0.4583333333333333,0.5729166666666666,384,506.3267753571272,0.0,3848.48974609375,4544.0,45.22283971699653
915,2.636979818344116,0.5054054054054054,0.5837837837837838,370,369.0826200544834,0.0,3848.48974609375,4544.0,45.271651934002875
916,2.746239423751831,0.4947916666666667,0.578125,384,392.52173951268196,0.0,3848.48974609375,4544.0,45.32220923100249
917,2.9437921047210693,0.4732620320855615,0.5909090909090909,374,467.25342935323715,0.0,3848.48974609375,4544.0,45.37195863199304
918,3.007375478744507,0.4366576819407008,0.5579514824797843,371,466.8657843619585,0.0,3848.48974609375,4544.0,45.421564824995585
919,2.8186142444610596,0.49868073878627966,0.6174142480211082,379,419.80278423428535,0.0,3848.48974609375,4544.0,45.4713372260012
920,3.016186475753784,0.453125,0.5520833333333334,384,487.3315313309431,0.0,3848.48974609375,4544.0,45.521755045992904
921,2.826476812362671,0.44562334217506633,0.6153846153846154,377,510.4936491549015,0.0,3848.48974609375,4544.0,45.57227570300165
922,2.649927854537964,0.5026041666666666,0.5989583333333334,384,354.54173943400383,0.0,3848.48974609375,4544.0,45.62245985699701
923,3.2380576133728027,0.41160949868073876,0.58311345646438,379,631.6141002476215,0.0,3848.48974609375,4544.0,45.67291929500061
924,2.8299880027770996,0.4716981132075472,0.5795148247978437,371,502.89096426963806,0.0,3848.48974609375,4544.0,45.72266035700159
925,3.0850188732147217,0.4348958333333333,0.5546875,384,550.2998166382313,0.0,3848.48974609375,4544.0,45.77311856899178
926,2.7201502323150635,0.5,0.5963541666666666,384,420.5026327073574,0.0,3848.48974609375,4544.0,45.82340338200447
927,2.830268383026123,0.4582210242587601,0.6361185983827493,371,488.1675289571285,0.0,3848.48974609375,4544.0,45.87269467799342
928,2.5745725631713867,0.4726775956284153,0.6010928961748634,366,437.6786622107029,0.0,3848.48974609375,4544.0,45.92140557699895
929,2.8466637134552,0.453125,0.5625,384,521.5031962394714,0.0,3848.48974609375,4544.0,45.97192690699012
930,2.5639231204986572,0.5336927223719676,0.6253369272237197,371,452.65621922910213,0.0,3848.48974609375,4544.0,46.021315377991414
931,2.7842345237731934,0.49326145552560646,0.5849056603773585,371,414.92716321349144,0.0,3848.48974609375,4544.0,46.070452193991514
932,2.5809311866760254,0.49326145552560646,0.6091644204851752,371,347.3102950900793,0.0,3848.48974609375,4544.0,46.12002563099668
933,2.651700973510742,0.4791666666666667,0.5885416666666666,384,409.9905265122652,0.0,3848.48974609375,4544.0,46.17049719700299
934,2.9329936504364014,0.4403183023872679,0.5809018567639257,377,462.40156249701977,0.0,3848.48974609375,4544.0,46.22053377899283
935,2.5905652046203613,0.4960212201591512,0.6206896551724138,377,436.9998409152031,0.0,3848.48974609375,4544.0,46.27072572600446
936,3.0042293071746826,0.4479166666666667,0.5677083333333334,384,500.2996286600828,0.0,3848.48974609375,4544.0,46.32110181599273
937,2.7408573627471924,0.5013477088948787,0.6064690026954178,371,375.88181617856026,0.0,3848.48974609375,4544.0,46.370577965994016
938,2.615135908126831,0.5260416666666666,0.5885416666666666,384,323.7986056134105,0.0,3848.48974609375,4544.0,46.42087834200356
939,2.8143932819366455,0.4739583333333333,0.5677083333333334,384,419.23007430136204,0.0,3848.48974609375,4544.0,46.47126408299664
940,2.670064926147461,0.49076517150395776,0.6358839050131926,379,374.59714864194393,0.0,3848.48974609375,4544.0,46.5213632130035
941,2.719273567199707,0.4921875,0.5703125,384,412.57303853332996,0.0,3848.48974609375,4544.0,46.57163612199656
942,3.352226495742798,0.4186666666666667,0.536,375,562.3550773262978,0.0,3848.48974609375,4544.0,46.62114968599053
943,2.4558136463165283,0.5182291666666666,0.5833333333333334,384,316.59874254465103,0.0,3848.48974609375,4544.0,46.67109994099883
944,2.9806668758392334,0.4557291666666667,0.6015625,384,486.75755661726,0.0,3848.48974609375,4544.0,46.72157633799361
945,2.649965524673462,0.5139664804469274,0.5893854748603352,358,469.8071282207966,0.0,3848.48974609375,4544.0,46.76953424900421
946,2.5449023246765137,0.53125,0.5833333333333334,384,327.15476010739803,0.0,3848.48974609375,4544.0,46.81971922199591
947,3.136401891708374,0.4348958333333333,0.5442708333333334,384,474.30228735506535,0.0,3848.48974609375,4544.0,46.869898945995374
948,2.8967697620391846,0.45066666666666666,0.6026666666666667,375,560.6667047441006,0.0,3848.48974609375,4544.0,46.919889537995914
949,2.7755086421966553,0.515625,0.5989583333333334,384,374.39251405000687,0.0,3848.48974609375,4544.0,46.970358007994946
950,3.1243667602539062,0.4322916666666667,0.5520833333333334,384,515.4454589039087,0.0,3848.48974609375,4544.0,47.02145896699221
951,3.511533498764038,0.40625,0.5260416666666666,384,662.0057454109192,0.0,3848.48974609375,4544.0,47.073127882002154
952,3.049880027770996,0.45308310991957107,0.5335120643431636,373,473.85044223070145,0.0,3848.48974609375,4544.0,47.12293154199142
953,2.6788227558135986,0.4797843665768194,0.6091644204851752,371,412.0046135187149,0.0,3848.48974609375,4544.0,47.171967578004114
954,2.873138427734375,0.4582210242587601,0.5822102425876011,371,433.05639031529427,0.0,3848.48974609375,4544.0,47.221437282991246
955,3.085967540740967,0.432,0.584,375,504.8255713433027,0.0,3848.48974609375,4544.0,47.27117270999588
956,3.3504600524902344,0.4270833333333333,0.5234375,384,531.2340023070574,0.0,3848.48974609375,4544.0,47.32204506199923
957,2.5568912029266357,0.5338541666666666,0.6067708333333334,384,419.518107637763,0.0,3848.48974609375,4544.0,47.37199564599723
958,2.780045509338379,0.4535809018567639,0.623342175066313,377,428.7644521445036,0.0,3848.48974609375,4544.0,47.42210964599508
959,2.6706748008728027,0.5148247978436657,0.5822102425876011,371,416.3594464957714,0.0,3848.48974609375,4544.0,47.47085703199264
960,2.916177749633789,0.4609375,0.59375,384,447.38664159178734,0.0,3848.48974609375,4544.0,47.52151454199338
961,3.158296585083008,0.4479166666666667,0.5520833333333334,384,508.4477419704199,0.0,3848.48974609375,4544.0,47.57317242999852
962,3.06886887550354,0.4505208333333333,0.5755208333333334,384,491.4643192887306,0.0,3848.48974609375,4544.0,47.62388456700137
963,3.0582711696624756,0.41909814323607425,0.5862068965517241,377,498.89993700385094,0.0,3848.48974609375,4544.0,47.6739034409984
964,2.539569616317749,0.5104166666666666,0.6197916666666666,384,369.89874835312366,0.0,3848.48974609375,4544.0,47.72435759799555
965,2.9706623554229736,0.4270833333333333,0.6041666666666666,384,418.4518978893757,0.0,3848.48974609375,4544.0,47.77505103299336
966,2.7746450901031494,0.4947916666666667,0.5989583333333334,384,439.4620314389467,0.0,3848.48974609375,4544.0,47.8255673120002
967,2.809558153152466,0.4791666666666667,0.5729166666666666,384,456.462838858366,0.0,3848.48974609375,4544.0,47.875471298990306
968,2.682711362838745,0.5039787798408488,0.5888594164456233,377,421.0235738605261,0.0,3848.48974609375,4544.0,47.925359646003926
969,3.170886993408203,0.4322916666666667,0.5807291666666666,384,521.6992918103933,0.0,3848.48974609375,4544.0,47.97594620999007
970,2.7207553386688232,0.4921875,0.5755208333333334,384,455.24630554020405,0.0,3848.48974609375,4544.0,48.025933978991816
971,2.754194736480713,0.4776536312849162,0.5921787709497207,358,446.01397609710693,0.0,3848.48974609375,4544.0,48.07337469299091
972,2.8736703395843506,0.4661458333333333,0.6145833333333334,384,441.0471230298281,0.0,3848.48974609375,4544.0,48.12452457899053
973,3.03068208694458,0.45799457994579945,0.5447154471544715,369,485.88593193888664,0.0,3848.48974609375,4544.0,48.173627227995894
974,2.920095682144165,0.4743935309973046,0.5633423180592992,371,419.21151170134544,0.0,3848.48974609375,4544.0,48.22250738699222
975,2.8985049724578857,0.48787061994609165,0.5795148247978437,371,395.19961903989315,0.0,3848.48974609375,4544.0,48.27169258300273
976,3.1880645751953125,0.4479166666666667,0.5494791666666666,384,503.7935996502638,0.0,3848.48974609375,4544.0,48.322685214996454
977,2.660372495651245,0.48284960422163586,0.6015831134564644,379,370.760500818491,0.0,3848.48974609375,4544.0,48.3724302079936
978,2.8235790729522705,0.4739583333333333,0.5703125,384,419.77015537023544,0.0,3848.48974609375,4544.0,48.423226048995275
979,2.983682632446289,0.47733333333333333,0.5733333333333334,375,451.50230507552624,0.0,3848.48974609375,4544.0,48.47338074199797
980,2.9737699031829834,0.46875,0.5859375,384,452.93647007644176,0.0,3848.48974609375,4544.0,48.52404099400155
981,2.617905855178833,0.5104166666666666,0.5885416666666666,384,363.96567207574844,0.0,3848.48974609375,4544.0,48.57423139299499
982,3.0723230838775635,0.4479166666666667,0.5572916666666666,384,508.64856635034084,0.0,3848.48974609375,4544.0,48.62498751300154
983,2.685762643814087,0.4907161803713528,0.610079575596817,377,424.37017311155796,0.0,3848.48974609375,4544.0,48.674671114000375
984,2.6334543228149414,0.4972677595628415,0.5765027322404371,366,403.4946908801794,0.0,3848.48974609375,4544.0,48.72334015199158
985,2.821552276611328,0.4973958333333333,0.5911458333333334,384,395.3812717348337,0.0,3848.48974609375,4544.0,48.77372433900018
986,2.541527032852173,0.4947916666666667,0.6223958333333334,384,366.787878036499,0.0,3848.48974609375,4544.0,48.823936681001214
987,2.7178542613983154,0.4947916666666667,0.578125,384,390.62543089687824,0.0,3848.48974609375,4544.0,48.87420876500255
988,2.792846441268921,0.49865951742627346,0.579088471849866,373,414.66134321689606,0.0,3848.48974609375,4544.0,48.92373958499229
989,2.3130228519439697,0.5646437994722955,0.6385224274406333,379,284.63911951333284,0.0,3848.48974609375,4544.0,48.97315837199858
990,2.9358444213867188,0.48097826086956524,0.595108695652174,368,466.88429237902164,0.0,3848.48974609375,4544.0,49.02215205799439
991,3.1948280334472656,0.44591029023746703,0.5646437994722955,379,505.16480365395546,0.0,3848.48974609375,4544.0,49.07212173000153
992,3.015794277191162,0.4666666666666667,0.5786666666666667,375,435.22065241634846,0.0,3848.48974609375,4544.0,49.12175456699333
993,2.957540273666382,0.4410958904109589,0.6027397260273972,365,534.8108245283365,0.0,3848.48974609375,4544.0,49.170726573996944
994,2.999063491821289,0.47883597883597884,0.5661375661375662,378,479.769472181797,0.0,3848.48974609375,4544.0,49.22102407600323
995,2.6462695598602295,0.5092348284960422,0.6226912928759895,379,425.5536529123783,0.0,3848.48974609375,4544.0,49.27078292200167
996,2.5593457221984863,0.5286458333333334,0.6145833333333334,384,401.4318207651377,0.0,3848.48974609375,4544.0,49.32084080200002
997,2.9822378158569336,0.4470899470899471,0.5555555555555556,378,418.8161469399929,0.0,3848.48974609375,4544.0,49.37031810899498
998,2.9163734912872314,0.4739583333333333,0.5572916666666666,384,466.2579118311405,0.0,3848.48974609375,4544.0,49.4207676799997
999,2.893050193786621,0.4583333333333333,0.5755208333333334,384,464.82676446437836,0.0,3848.48974609375,4544.0,49.47135005999007
1000,3.1292479038238525,0.4296875,0.5729166666666666,384,506.9335413277149,0.0,3848.48974609375,4544.0,49.5224991080031
