step,loss,top1,top5,valid_spans,adapter_grad_abs_sum,llm_grad_abs_sum,gpu_mem_allocated_mb,gpu_mem_reserved_mb,elapsed_sec
1,11.973531723022461,0.0,0.0,332,1650.3788267672062,0.0,3848.48974609375,4540.0,0.23961381999833975
2,10.845803260803223,0.23943661971830985,0.30140845070422534,355,1276.223728865385,0.0,3848.48974609375,4542.0,0.2865479190077167
3,10.410117149353027,0.1954674220963173,0.3286118980169972,353,1072.7825199067593,0.0,3848.48974609375,4542.0,0.3319807119987672
4,9.237530708312988,0.19658119658119658,0.39316239316239315,351,1393.7376464307308,0.0,3848.48974609375,4542.0,0.3771348760055844
5,7.904205322265625,0.24702380952380953,0.46130952380952384,336,1291.4863044023514,0.0,3848.48974609375,4542.0,0.420778750005411
6,6.616232872009277,0.2147239263803681,0.4171779141104294,326,1240.952795356512,0.0,3848.48974609375,4542.0,0.46378041899879463
7,6.135349273681641,0.19553072625698323,0.388268156424581,358,1400.8086213767529,0.0,3848.48974609375,4544.0,0.5093696940020891
8,6.054082870483398,0.2676923076923077,0.39384615384615385,325,1334.198333799839,0.0,3848.48974609375,4544.0,0.5521494670101674
9,6.175119400024414,0.28273809523809523,0.38392857142857145,336,1242.1055436730385,0.0,3848.48974609375,4544.0,0.5959624430106487
10,5.9391655921936035,0.3909348441926346,0.5070821529745042,353,2578.2124621868134,0.0,3848.48974609375,4544.0,0.6413906020025024
11,5.994836807250977,0.38309859154929576,0.49014084507042255,355,2370.7034453749657,0.0,3848.48974609375,4544.0,0.6868956490070559
12,4.438025951385498,0.4785100286532951,0.6561604584527221,349,2110.8596249222755,0.0,3848.48974609375,4544.0,0.7316732410108671
13,3.3797714710235596,0.6102719033232629,0.7734138972809668,331,1361.580725967884,0.0,3848.48974609375,4544.0,0.7748854210076388
14,3.2672719955444336,0.6416184971098265,0.7572254335260116,346,1394.4370389282703,0.0,3848.48974609375,4544.0,0.8192584740027087
15,4.5502166748046875,0.5114942528735632,0.6120689655172413,348,1688.3608775138855,0.0,3848.48974609375,4544.0,0.8643020690069534
16,3.8541219234466553,0.6309859154929578,0.7126760563380282,355,1479.3620820641518,0.0,3848.48974609375,4544.0,0.9096016359981149
17,2.8751347064971924,0.7190332326283988,0.7794561933534743,331,1807.7599697113037,0.0,3848.48974609375,4544.0,0.9529392390104476
18,3.513596296310425,0.6568047337278107,0.7159763313609467,338,1469.5727997422218,0.0,3848.48974609375,4544.0,0.996745220007142
19,2.629169225692749,0.7365269461077845,0.7994011976047904,334,1365.336093902588,0.0,3848.48974609375,4544.0,1.0401487729977816
20,2.923823833465576,0.6906906906906907,0.7627627627627628,333,967.7896331846714,0.0,3848.48974609375,4544.0,1.0836201049969532
21,3.193408489227295,0.6923076923076923,0.7514792899408284,338,2193.0195214152336,0.0,3848.48974609375,4544.0,1.127425945000141
22,3.187213897705078,0.65625,0.6818181818181818,352,1042.7843555510044,0.0,3848.48974609375,4544.0,1.1724528370104963
23,4.5803046226501465,0.5243553008595988,0.5730659025787965,349,1726.7685881257057,0.0,3848.48974609375,4544.0,1.2174860829982208
24,1.3492323160171509,0.871875,0.896875,320,932.5871079266071,0.0,3848.48974609375,4544.0,1.259868434004602
25,2.510467529296875,0.7478260869565218,0.7942028985507247,345,1303.3077726364136,0.0,3848.48974609375,4544.0,1.3043443549977383
26,3.013866662979126,0.6827195467422096,0.7308781869688386,353,1061.4882542788982,0.0,3848.48974609375,4544.0,1.3494420220085885
27,1.7343956232070923,0.8262195121951219,0.8445121951219512,328,955.2976698726416,0.0,3848.48974609375,4544.0,1.392296311998507
28,1.911145567893982,0.7964601769911505,0.831858407079646,339,949.7993087470531,0.0,3848.48974609375,4544.0,1.4364533480111277
29,2.7377429008483887,0.7250755287009063,0.7462235649546828,331,995.4524568915367,0.0,3848.48974609375,4544.0,1.4799165320000611
30,3.180988073348999,0.6846590909090909,0.7130681818181818,352,1632.3792130947113,0.0,3848.48974609375,4544.0,1.5250109300104668
31,3.002944231033325,0.6827195467422096,0.7138810198300283,353,1153.2291109859943,0.0,3848.48974609375,4544.0,1.5701626660011243
32,2.1569344997406006,0.747093023255814,0.8081395348837209,344,1042.9952290058136,0.0,3848.48974609375,4544.0,1.6145094360108487
33,1.2164440155029297,0.8768328445747801,0.8944281524926686,341,1080.6738752126694,0.0,3848.48974609375,4544.0,1.658506057006889
34,2.0045392513275146,0.7880597014925373,0.8149253731343283,335,1218.8651980757713,0.0,3848.48974609375,4544.0,1.7021851989993593
35,1.7873148918151855,0.7867867867867868,0.8168168168168168,333,919.2346610724926,0.0,3848.48974609375,4544.0,1.7454458930005785
36,2.1975982189178467,0.7585227272727273,0.7926136363636364,352,1007.4824874103069,0.0,3848.48974609375,4544.0,1.7905547440022929
37,3.11665678024292,0.6647230320699709,0.7026239067055393,343,1450.4576715230942,0.0,3848.48974609375,4544.0,1.8348779910011217
38,2.5024232864379883,0.7351190476190477,0.7708333333333334,336,1337.887444138527,0.0,3848.48974609375,4544.0,1.8787157230108278
39,2.1703743934631348,0.7457627118644068,0.807909604519774,354,866.9718850553036,0.0,3848.48974609375,4544.0,1.923924804010312
40,2.1906912326812744,0.7720797720797721,0.8091168091168092,351,1142.391550809145,0.0,3848.48974609375,4544.0,1.968980901001487
41,1.741621732711792,0.7922437673130194,0.8365650969529086,361,1088.354860007763,0.0,3848.48974609375,4544.0,2.0145762970059877
42,1.300856351852417,0.8753709198813057,0.884272997032641,337,817.5759883671999,0.0,3848.48974609375,4544.0,2.058291998007917
43,1.2591009140014648,0.8668730650154799,0.8854489164086687,323,646.9656340181828,0.0,3848.48974609375,4544.0,2.100824120003381
44,2.4042282104492188,0.7215568862275449,0.7664670658682635,334,1099.9826357066631,0.0,3848.48974609375,4544.0,2.1443498720036587
45,3.3469078540802,0.6287425149700598,0.7035928143712575,334,1208.151017844677,0.0,3848.48974609375,4544.0,2.188077634011279
46,2.152841091156006,0.7869318181818182,0.8267045454545454,352,1365.597687393427,0.0,3848.48974609375,4544.0,2.2330997420067433
47,2.1453826427459717,0.764367816091954,0.8160919540229885,348,1256.837562263012,0.0,3848.48974609375,4544.0,2.2779432450042805
48,1.6017330884933472,0.8174157303370787,0.848314606741573,356,905.2511931955814,0.0,3848.48974609375,4544.0,2.3235898870043457
49,1.7306486368179321,0.8184438040345822,0.8559077809798271,347,791.5028369128704,0.0,3848.48974609375,4544.0,2.3682694739982253
50,1.778708577156067,0.7958579881656804,0.8550295857988166,338,1014.2569867968559,0.0,3848.48974609375,4544.0,2.4123013540083775
51,0.9473657011985779,0.8818443804034583,0.9193083573487032,347,563.6013207286596,0.0,3848.48974609375,4544.0,2.4568650130095193
52,1.0311204195022583,0.8623853211009175,0.8990825688073395,327,847.0332966446877,0.0,3848.48974609375,4544.0,2.49972872401122
53,1.7461237907409668,0.773371104815864,0.8385269121813032,353,787.5736989080906,0.0,3848.48974609375,4544.0,2.544872302998556
54,0.6059269309043884,0.9242424242424242,0.9545454545454546,330,563.7082882076502,0.0,3848.48974609375,4544.0,2.5881327469978714
55,0.8906682729721069,0.8637770897832817,0.9102167182662538,323,655.079867169261,0.0,3848.48974609375,4544.0,2.6307402180100325
56,1.537476897239685,0.8235294117647058,0.8647058823529412,340,689.4167931377888,0.0,3848.48974609375,4544.0,2.674807931005489
57,1.5753196477890015,0.7859327217125383,0.8501529051987767,327,804.4335260689259,0.0,3848.48974609375,4544.0,2.717674988001818
58,1.7157238721847534,0.8136094674556213,0.849112426035503,338,859.4042456746101,0.0,3848.48974609375,4544.0,2.761741841008188
59,2.5737011432647705,0.7088607594936709,0.7689873417721519,316,988.2588686048985,0.0,3848.48974609375,4544.0,2.803792759004864
60,1.6613383293151855,0.7988980716253443,0.859504132231405,363,645.0967331826687,0.0,3848.48974609375,4544.0,2.849705040003755
61,1.6590021848678589,0.8042813455657493,0.8470948012232415,327,776.5706755816936,0.0,3848.48974609375,4544.0,2.8927921209979104
62,1.6298214197158813,0.8435374149659864,0.8605442176870748,294,808.9628392606974,0.0,3848.48974609375,4544.0,2.932856730010826
63,1.3577498197555542,0.8138801261829653,0.8738170347003155,317,741.5919658541679,0.0,3848.48974609375,4544.0,2.9749215560004814
64,1.3808836936950684,0.8376623376623377,0.8896103896103896,308,682.1622325927019,0.0,3848.48974609375,4544.0,3.016033724998124
65,1.4486497640609741,0.8103448275862069,0.8735632183908046,348,676.2376949042082,0.0,3848.48974609375,4544.0,3.0606497510016197
66,1.7640461921691895,0.8066298342541437,0.8480662983425414,362,775.0590313971043,0.0,3848.48974609375,4544.0,3.106446767007583
67,1.810449242591858,0.8011527377521613,0.8472622478386167,347,882.2115110456944,0.0,3848.48974609375,4544.0,3.1511112680018414
68,1.3282231092453003,0.8048048048048048,0.8588588588588588,333,702.393675789237,0.0,3848.48974609375,4544.0,3.1945175860018935
69,1.371645212173462,0.8367346938775511,0.8892128279883382,343,725.1172679662704,0.0,3848.48974609375,4544.0,3.2386388309969334
70,0.8701443672180176,0.9006024096385542,0.9307228915662651,332,634.8904249966145,0.0,3848.48974609375,4544.0,3.281871831000899
71,1.424471378326416,0.8260869565217391,0.8695652173913043,345,765.8180402368307,0.0,3848.48974609375,4544.0,3.3263428490026854
72,1.8802516460418701,0.7564469914040115,0.833810888252149,349,962.2115091383457,0.0,3848.48974609375,4544.0,3.370901810005307
73,1.400364637374878,0.8323699421965318,0.8872832369942196,346,640.9460861831903,0.0,3848.48974609375,4544.0,3.4152058489999035
74,1.3133937120437622,0.8338028169014085,0.8929577464788733,355,803.8919657766819,0.0,3848.48974609375,4544.0,3.4604251510027098
75,1.2688376903533936,0.8286516853932584,0.8932584269662921,356,948.5553377270699,0.0,3848.48974609375,4544.0,3.50566323500243
76,1.5240758657455444,0.7957957957957958,0.8798798798798799,333,775.4830603301525,0.0,3848.48974609375,4544.0,3.548972472999594
77,0.4350816011428833,0.9228486646884273,0.9584569732937686,337,483.04431150853634,0.0,3848.48974609375,4544.0,3.5927004359982675
78,1.3091925382614136,0.8699690402476781,0.891640866873065,323,687.7115771472454,0.0,3848.48974609375,4544.0,3.6354606759996386
79,0.42434272170066833,0.9463722397476341,0.9652996845425867,317,412.09373342990875,0.0,3848.48974609375,4544.0,3.6772802799969213
80,0.8646700382232666,0.9027355623100304,0.9483282674772037,329,655.3730562329292,0.0,3848.48974609375,4544.0,3.7201799809990916
81,0.4821522831916809,0.925,0.9625,320,487.4863819628954,0.0,3848.48974609375,4544.0,3.762383804001729
82,1.0736886262893677,0.8613569321533924,0.8967551622418879,339,741.4897875636816,0.0,3848.48974609375,4544.0,3.8061132290022215
83,1.2261903285980225,0.8768328445747801,0.9090909090909091,341,662.0545883625746,0.0,3848.48974609375,4544.0,3.8499699200037867
84,1.275911808013916,0.8588235294117647,0.8970588235294118,340,607.6084322631359,0.0,3848.48974609375,4544.0,3.893867160004447
85,1.1036372184753418,0.8641304347826086,0.907608695652174,368,826.8575458824635,0.0,3848.48974609375,4544.0,3.940118804006488
86,0.9773384928703308,0.84,0.9114285714285715,350,840.5551765561104,0.0,3848.48974609375,4544.0,3.984956778003834
87,2.3602075576782227,0.6988636363636364,0.7784090909090909,352,998.6949468553066,0.0,3848.48974609375,4544.0,4.0300719540100545
88,0.8558031916618347,0.8670520231213873,0.9421965317919075,346,562.8843330144882,0.0,3848.48974609375,4544.0,4.074930939998012
89,1.2727879285812378,0.8181818181818182,0.8977272727272727,352,671.2467950284481,0.0,3848.48974609375,4544.0,4.119937359006144
90,0.537423849105835,0.9331306990881459,0.9513677811550152,329,412.0826187953353,0.0,3848.48974609375,4544.0,4.162981016008416
91,1.5734179019927979,0.8195266272189349,0.8816568047337278,338,769.3166074454784,0.0,3848.48974609375,4544.0,4.206722692004405
92,1.2178922891616821,0.8429752066115702,0.9173553719008265,363,659.2155971229076,0.0,3848.48974609375,4544.0,4.252548333999584
93,0.419555127620697,0.936046511627907,0.9709302325581395,344,510.7836064398289,0.0,3848.48974609375,4544.0,4.296833423999487
94,1.583046555519104,0.7928176795580111,0.8867403314917127,362,814.3377971053123,0.0,3848.48974609375,4544.0,4.342822229999001
95,1.87449049949646,0.7317784256559767,0.8396501457725948,343,879.6055271923542,0.0,3848.48974609375,4544.0,4.387114319004468
96,1.1870508193969727,0.8498583569405099,0.9036827195467422,353,719.9756245613098,0.0,3848.48974609375,4544.0,4.431785663997289
97,0.8722201585769653,0.8832335329341318,0.937125748502994,334,678.68207731843,0.0,3848.48974609375,4544.0,4.475107675010804
98,0.6869574785232544,0.9006024096385542,0.9518072289156626,332,556.9477660506964,0.0,3848.48974609375,4544.0,4.518923934010672
99,1.07926607131958,0.867816091954023,0.9137931034482759,348,583.7499628961086,0.0,3848.48974609375,4544.0,4.563536624002154
100,0.7233877778053284,0.9101796407185628,0.9461077844311377,334,511.0827247053385,0.0,3848.48974609375,4544.0,4.606751598010305
101,0.49526447057724,0.9256965944272446,0.9752321981424149,323,586.8170143663883,0.0,3848.48974609375,4544.0,4.649727834010264
102,1.0129245519638062,0.8779761904761905,0.9196428571428571,336,655.4596967995167,0.0,3848.48974609375,4544.0,4.6934209059982095
103,0.8693830370903015,0.8806818181818182,0.9517045454545454,352,712.386273086071,0.0,3848.48974609375,4544.0,4.7383602790068835
104,1.070387363433838,0.8603351955307262,0.9022346368715084,358,639.6630770564079,0.0,3848.48974609375,4544.0,4.784106375009287
105,0.3432922959327698,0.9437086092715232,0.9801324503311258,302,539.1888586580753,0.0,3848.48974609375,4544.0,4.824650655005826
106,1.1008939743041992,0.8666666666666667,0.9072463768115943,345,635.9013589471579,0.0,3848.48974609375,4544.0,4.868938990010065
107,1.0446244478225708,0.8591954022988506,0.8994252873563219,348,644.4063767194748,0.0,3848.48974609375,4544.0,4.9133847979974234
108,1.2562808990478516,0.8521505376344086,0.9005376344086021,372,683.0111001729965,0.0,3848.48974609375,4544.0,4.9602246490103425
109,0.7064670920372009,0.8898305084745762,0.9519774011299436,354,591.948388621211,0.0,3848.48974609375,4544.0,5.00500233200728
110,1.079872488975525,0.8459302325581395,0.9186046511627907,344,644.7160770893097,0.0,3848.48974609375,4544.0,5.049384190002456
111,1.045980453491211,0.8487394957983193,0.9131652661064426,357,600.2211335450411,0.0,3848.48974609375,4544.0,5.094876969000325
112,1.5619182586669922,0.776536312849162,0.88268156424581,358,800.7310950756073,0.0,3848.48974609375,4544.0,5.142729931001668
113,0.4183310866355896,0.9582089552238806,0.9701492537313433,335,359.63130700588226,0.0,3848.48974609375,4544.0,5.188276849003159
114,0.40757107734680176,0.9487951807228916,0.9668674698795181,332,411.6368419378996,0.0,3848.48974609375,4544.0,5.233584054003586
115,1.3622817993164062,0.8295454545454546,0.8892045454545454,352,656.3962166011333,0.0,3848.48974609375,4544.0,5.281077908002771
116,0.6044361591339111,0.918429003021148,0.9577039274924471,331,483.1414272785187,0.0,3848.48974609375,4544.0,5.326504515003762
117,0.990302562713623,0.8742690058479532,0.9210526315789473,342,624.1720130443573,0.0,3848.48974609375,4544.0,5.372966131006251
118,0.36713388562202454,0.9513677811550152,0.9756838905775076,329,362.6854466944933,0.0,3848.48974609375,4544.0,5.418125570999109
119,0.480868399143219,0.9365079365079365,0.9619047619047619,315,496.6856753528118,0.0,3848.48974609375,4544.0,5.4619062389974715
120,1.0391989946365356,0.8600583090379009,0.9183673469387755,343,688.8719293475151,0.0,3848.48974609375,4544.0,5.508479725001962
121,0.9227345585823059,0.8997050147492626,0.9144542772861357,339,499.0166597366333,0.0,3848.48974609375,4544.0,5.554413759004092
122,0.7393611669540405,0.9197530864197531,0.9475308641975309,324,496.5431086421013,0.0,3848.48974609375,4544.0,5.599081300999387
123,0.30255335569381714,0.9561128526645768,0.9811912225705329,319,387.8650956004858,0.0,3848.48974609375,4544.0,5.643038112000795
124,0.5959142446517944,0.9183098591549296,0.9577464788732394,355,435.26150581240654,0.0,3848.48974609375,4544.0,5.690553029999137
125,0.7572305798530579,0.8875739644970414,0.9408284023668639,338,572.7519495934248,0.0,3848.48974609375,4544.0,5.736570581007982
126,0.8581085801124573,0.8830409356725146,0.9385964912280702,342,557.7703264057636,0.0,3848.48974609375,4544.0,5.782892051996896
127,0.7060021758079529,0.887905604719764,0.9528023598820059,339,537.7882419973612,0.0,3848.48974609375,4544.0,5.8289421960071195
128,1.080369234085083,0.8731117824773413,0.918429003021148,331,610.4706787467003,0.0,3848.48974609375,4544.0,5.874672507998184
129,0.9167590141296387,0.8724637681159421,0.9246376811594202,345,613.9171647876501,0.0,3848.48974609375,4544.0,5.921022686001379
130,0.7430601716041565,0.8952095808383234,0.9401197604790419,334,561.3144115656614,0.0,3848.48974609375,4544.0,5.9664102219976485
131,0.8493136167526245,0.8939393939393939,0.9272727272727272,330,582.0179819762707,0.0,3848.48974609375,4544.0,6.011604614002863
132,1.0467053651809692,0.8482142857142857,0.9166666666666666,336,701.1311267018318,0.0,3848.48974609375,4544.0,6.057327774004079
133,0.41345617175102234,0.937125748502994,0.9790419161676647,334,490.6168664842844,0.0,3848.48974609375,4544.0,6.102959502997692
134,0.30755332112312317,0.9545454545454546,0.9818181818181818,330,419.9890709966421,0.0,3848.48974609375,4544.0,6.14801775199885
135,1.0848939418792725,0.8583815028901735,0.9075144508670521,346,615.3930577486753,0.0,3848.48974609375,4544.0,6.194901064998703
136,0.660874605178833,0.8997134670487106,0.9484240687679083,349,567.5691460818052,0.0,3848.48974609375,4544.0,6.241903166999691
137,0.7985632419586182,0.8691588785046729,0.9439252336448598,321,658.0362715423107,0.0,3848.48974609375,4544.0,6.286665399005869
138,0.6755666136741638,0.9201183431952663,0.9585798816568047,338,591.0618683844805,0.0,3848.48974609375,4544.0,6.332952391006984
139,0.6720218062400818,0.9109195402298851,0.9540229885057471,348,550.2182080000639,0.0,3848.48974609375,4544.0,6.37985527300043
140,1.0780116319656372,0.8579881656804734,0.9171597633136095,338,680.7483991086483,0.0,3848.48974609375,4544.0,6.425915553001687
141,1.0732342004776,0.8757396449704142,0.9112426035502958,338,638.6066297441721,0.0,3848.48974609375,4544.0,6.4718936040007975
142,0.586181640625,0.9212827988338192,0.9504373177842566,343,497.1214766353369,0.0,3848.48974609375,4544.0,6.518129567004507
143,0.945103108882904,0.853185595567867,0.9307479224376731,361,684.3898312449455,0.0,3848.48974609375,4544.0,6.566281555002206
144,1.0917270183563232,0.8611111111111112,0.9228395061728395,324,721.9575133025646,0.0,3848.48974609375,4544.0,6.610812498009182
145,0.6663909554481506,0.9104477611940298,0.9552238805970149,335,618.4646242409945,0.0,3848.48974609375,4544.0,6.656211577006616
146,1.119337558746338,0.8181818181818182,0.9030303030303031,330,854.6559403240681,0.0,3848.48974609375,4544.0,6.701486946010846
147,0.5980454683303833,0.9056603773584906,0.9622641509433962,318,593.59577485919,0.0,3848.48974609375,4544.0,6.745709916009218
148,0.7529807090759277,0.8963414634146342,0.9420731707317073,328,546.4157077819109,0.0,3848.48974609375,4544.0,6.791085007003858
149,0.844987690448761,0.8885869565217391,0.9347826086956522,368,595.5154452621937,0.0,3848.48974609375,4544.0,6.839666498010047
150,1.0067561864852905,0.863768115942029,0.9333333333333333,345,690.1460998356342,0.0,3848.48974609375,4544.0,6.886463475006167
151,1.026994228363037,0.8613569321533924,0.9233038348082596,339,785.2351727485657,0.0,3848.48974609375,4544.0,6.932356286997674
152,0.8347321152687073,0.9065155807365439,0.9461756373937678,353,530.2123927175999,0.0,3848.48974609375,4544.0,6.979471250000643
153,0.1802423894405365,0.9696048632218845,0.993920972644377,329,366.39153276383877,0.0,3848.48974609375,4544.0,7.024510387011105
154,0.8158889412879944,0.8922155688622755,0.9491017964071856,334,575.1130800843239,0.0,3848.48974609375,4544.0,7.070265405011014
155,0.3801768720149994,0.9323076923076923,0.9784615384615385,325,436.7488547414541,0.0,3848.48974609375,4544.0,7.115006050007651
156,0.6659492254257202,0.9019607843137255,0.957983193277311,357,535.017095208168,0.0,3848.48974609375,4544.0,7.162690160999773
157,0.5958067178726196,0.9005847953216374,0.9590643274853801,342,535.4649466723204,0.0,3848.48974609375,4544.0,7.2090331409999635
158,0.4026472568511963,0.9425981873111783,0.972809667673716,331,460.4769978672266,0.0,3848.48974609375,4544.0,7.25424214200757
159,0.7689216136932373,0.8757225433526011,0.9566473988439307,346,679.2260758429766,0.0,3848.48974609375,4544.0,7.3009337700059405
160,0.9347430467605591,0.8672566371681416,0.9233038348082596,339,598.2898962944746,0.0,3848.48974609375,4544.0,7.347056388010969
161,0.39603906869888306,0.9365558912386707,0.9788519637462235,331,417.9284041970968,0.0,3848.48974609375,4544.0,7.392370382003719
162,0.6924802660942078,0.8742331288343558,0.941717791411043,326,626.3277617692947,0.0,3848.48974609375,4544.0,7.437144312003511
163,1.065521478652954,0.8333333333333334,0.9272727272727272,330,770.5616946220398,0.0,3848.48974609375,4544.0,7.482535151997581
164,0.6646836400032043,0.9188405797101449,0.9478260869565217,345,481.57734863460064,0.0,3848.48974609375,4544.0,7.52923218900105
165,0.3809596002101898,0.9300291545189504,0.967930029154519,343,432.27929939329624,0.0,3848.48974609375,4544.0,7.5754217189969495
166,0.7042577862739563,0.893491124260355,0.9408284023668639,338,527.6614137589931,0.0,3848.48974609375,4544.0,7.621437218011124
167,0.8679208755493164,0.8840579710144928,0.9333333333333333,345,594.0189274251461,0.0,3848.48974609375,4544.0,7.668057215007138
168,0.6209568977355957,0.9196428571428571,0.9613095238095238,336,501.0598383843899,0.0,3848.48974609375,4544.0,7.7139953459991375
169,0.7568512558937073,0.901840490797546,0.9447852760736196,326,535.0364326238632,0.0,3848.48974609375,4544.0,7.758904289003112
170,0.6722266674041748,0.8935574229691877,0.9495798319327731,357,482.2482705414295,0.0,3848.48974609375,4544.0,7.806779058999382
171,0.6001288890838623,0.9171597633136095,0.9644970414201184,338,509.23074465990067,0.0,3848.48974609375,4544.0,7.852860800005146
172,0.7397232055664062,0.8904899135446686,0.9481268011527377,347,633.6535857915878,0.0,3848.48974609375,4544.0,7.900329333002446
173,0.4051171541213989,0.9347826086956522,0.9751552795031055,322,456.15650513768196,0.0,3848.48974609375,4544.0,7.944676428000093
174,0.27691859006881714,0.9666666666666667,0.9848484848484849,330,379.157414868474,0.0,3848.48974609375,4544.0,7.989792644002591
175,0.8111660480499268,0.8930635838150289,0.9421965317919075,346,578.0905527174473,0.0,3848.48974609375,4544.0,8.036509604004095
176,0.14646300673484802,0.9704918032786886,0.9901639344262295,305,322.41193532943726,0.0,3848.48974609375,4544.0,8.079595433999202
177,0.9972879886627197,0.8788732394366198,0.9211267605633803,355,565.7209772467613,0.0,3848.48974609375,4544.0,8.127291910001077
178,0.5615057945251465,0.9210526315789473,0.9619883040935673,342,510.4715985953808,0.0,3848.48974609375,4544.0,8.173924362010439
179,0.5988166928291321,0.9156976744186046,0.9563953488372093,344,493.1832309663296,0.0,3848.48974609375,4544.0,8.220267543001682
180,0.6741631627082825,0.9056047197640118,0.9498525073746312,339,524.6658403724432,0.0,3848.48974609375,4544.0,8.266463623003801
181,0.43523159623146057,0.9426751592356688,0.964968152866242,314,428.6132460385561,0.0,3848.48974609375,4544.0,8.310506820998853
182,0.721808671951294,0.9030303030303031,0.9484848484848485,330,571.0301571041346,0.0,3848.48974609375,4544.0,8.35557849300676
183,0.27235284447669983,0.9610778443113772,0.9880239520958084,334,393.1214823871851,0.0,3848.48974609375,4544.0,8.401174402999459
184,0.5893527865409851,0.92,0.9485714285714286,350,593.22001516819,0.0,3848.48974609375,4544.0,8.448013846005779
185,0.7540259957313538,0.8714285714285714,0.9514285714285714,350,584.5207129716873,0.0,3848.48974609375,4544.0,8.495060396002373
186,0.7516735792160034,0.8704225352112676,0.9464788732394366,355,596.4536095261574,0.0,3848.48974609375,4544.0,8.542568381002638
187,0.3369419276714325,0.9498525073746312,0.9882005899705014,339,434.1803426146507,0.0,3848.48974609375,4544.0,8.58836425699701
188,0.4571376144886017,0.9408284023668639,0.9704142011834319,338,452.94963981211185,0.0,3848.48974609375,4544.0,8.634463562004385
189,0.48949992656707764,0.94,0.9766666666666667,300,450.67150434851646,0.0,3848.48974609375,4544.0,8.67697185400175
190,0.46749570965766907,0.9215116279069767,0.9680232558139535,344,496.0822704732418,0.0,3848.48974609375,4544.0,8.7234724489972
191,0.42224591970443726,0.918918918918919,0.987987987987988,333,512.6389949023724,0.0,3848.48974609375,4544.0,8.768812991998857
192,0.8934049010276794,0.8635014836795252,0.9436201780415431,337,570.5610054731369,0.0,3848.48974609375,4544.0,8.814707092009485
193,0.8266984820365906,0.8840579710144928,0.9420289855072463,345,547.3470220416784,0.0,3848.48974609375,4544.0,8.861265512008686
194,0.5090906620025635,0.9117647058823529,0.9676470588235294,340,513.5318491905928,0.0,3848.48974609375,4544.0,8.907430698003736
195,0.6805566549301147,0.9154518950437318,0.9504373177842566,343,536.047154083848,0.0,3848.48974609375,4544.0,8.953604093010654
196,0.08157874643802643,0.9785276073619632,1.0,326,203.59310553967953,0.0,3848.48974609375,4544.0,8.998179278001771
197,0.7134520411491394,0.8785942492012779,0.952076677316294,313,647.0508331358433,0.0,3848.48974609375,4544.0,9.041943276009988
198,1.1908924579620361,0.851123595505618,0.9101123595505618,356,628.1590843349695,0.0,3848.48974609375,4544.0,9.089993978006532
199,0.7090686559677124,0.9125364431486881,0.9387755102040817,343,502.91012185811996,0.0,3848.48974609375,4544.0,9.136250527997618
200,0.5201824903488159,0.9345238095238095,0.9642857142857143,336,491.72785510122776,0.0,3848.48974609375,4544.0,9.181991951001692
201,0.7510821223258972,0.8929663608562691,0.9510703363914373,327,634.0996357798576,0.0,3848.48974609375,4544.0,9.227033950010082
202,1.0034894943237305,0.8625730994152047,0.9298245614035088,342,568.4318929761648,0.0,3848.48974609375,4544.0,9.273376178010949
203,0.9194405674934387,0.8898305084745762,0.9265536723163842,354,542.7719794809818,0.0,3848.48974609375,4544.0,9.320750191996922
204,1.3232353925704956,0.8067226890756303,0.896358543417367,357,744.0437078773975,0.0,3848.48974609375,4544.0,9.368711250004708
205,0.6648884415626526,0.9325842696629213,0.9550561797752809,356,511.83820447325706,0.0,3848.48974609375,4544.0,9.416085607008426
206,0.41250157356262207,0.9550898203592815,0.9700598802395209,334,405.1783471852541,0.0,3848.48974609375,4544.0,9.46158399900014
207,0.3045344650745392,0.9520958083832335,0.9700598802395209,334,373.8212912082672,0.0,3848.48974609375,4544.0,9.507149985001888
208,0.3722039759159088,0.9538461538461539,0.9784615384615385,325,392.99399967491627,0.0,3848.48974609375,4544.0,9.551902922001318
209,0.593988299369812,0.9040247678018576,0.9535603715170279,323,555.2621910274029,0.0,3848.48974609375,4544.0,9.596697287008283
210,0.5063391923904419,0.9440993788819876,0.9596273291925466,322,486.92776188254356,0.0,3848.48974609375,4544.0,9.641004418997909
211,0.31847476959228516,0.9538461538461539,0.9784615384615385,325,379.41172318160534,0.0,3848.48974609375,4544.0,9.685782826010836
212,0.9078733325004578,0.8501529051987767,0.9327217125382263,327,635.1662428677082,0.0,3848.48974609375,4544.0,9.73073317699891
213,1.071642518043518,0.8704225352112676,0.9295774647887324,355,665.6366415321827,0.0,3848.48974609375,4544.0,9.778420429996913
214,0.8751012682914734,0.857566765578635,0.9109792284866469,337,618.4555129557848,0.0,3848.48974609375,4544.0,9.82453140099824
215,0.6768612265586853,0.9201183431952663,0.9526627218934911,338,571.6445193886757,0.0,3848.48974609375,4544.0,9.870274692002567
216,0.5999065041542053,0.9039039039039038,0.9459459459459459,333,511.5587983429432,0.0,3848.48974609375,4544.0,9.915608477007481
217,0.8810067176818848,0.8918128654970761,0.935672514619883,342,547.2065764069557,0.0,3848.48974609375,4544.0,9.961969884010614
218,0.5044807195663452,0.9264705882352942,0.961764705882353,340,455.2451323270798,0.0,3848.48974609375,4544.0,10.008396310004173
219,0.6194513440132141,0.9253731343283582,0.9432835820895522,335,468.5962167978287,0.0,3848.48974609375,4544.0,10.053955436000251
220,0.41710466146469116,0.9386503067484663,0.9723926380368099,326,459.36950409412384,0.0,3848.48974609375,4544.0,10.098882985010277
221,0.8331586122512817,0.8737201365187713,0.9488054607508533,293,640.5311597585678,0.0,3848.48974609375,4544.0,10.140881283005001
222,0.925571084022522,0.8517441860465116,0.938953488372093,344,749.8210855722427,0.0,3848.48974609375,4544.0,10.187663237011293
223,0.734664261341095,0.896969696969697,0.9484848484848485,330,597.0282340347767,0.0,3848.48974609375,4544.0,10.232705248010461
224,0.5796935558319092,0.9102167182662538,0.9597523219814241,323,607.5472978949547,0.0,3848.48974609375,4544.0,10.277376020007068
225,0.42371228337287903,0.948170731707317,0.9664634146341463,328,439.25113064050674,0.0,3848.48974609375,4544.0,10.322538027001428
226,0.5893192887306213,0.8982035928143712,0.9520958083832335,334,544.7707498818636,0.0,3848.48974609375,4544.0,10.368149508009083
227,0.5769767165184021,0.9085173501577287,0.9652996845425867,317,544.056301176548,0.0,3848.48974609375,4544.0,10.412081563001266
228,0.7615717649459839,0.8816901408450705,0.952112676056338,355,574.9269269108772,0.0,3848.48974609375,4544.0,10.459807381004794
229,0.8859564065933228,0.8676056338028169,0.9408450704225352,355,592.0036523342133,0.0,3848.48974609375,4544.0,10.507305756007554
230,0.6161414980888367,0.9098837209302325,0.9563953488372093,344,504.6937702149153,0.0,3848.48974609375,4544.0,10.553715454007033
231,0.5952376127243042,0.9057142857142857,0.9657142857142857,350,550.468175649643,0.0,3848.48974609375,4544.0,10.600704019001569
232,0.9356259703636169,0.876750700280112,0.938375350140056,357,565.1117280870676,0.0,3848.48974609375,4544.0,10.648778094997397
233,0.7716864943504333,0.9036827195467422,0.9461756373937678,353,526.1871718168259,0.0,3848.48974609375,4544.0,10.696016688001691
234,0.7572113275527954,0.8796561604584527,0.9398280802292264,349,512.566012814641,0.0,3848.48974609375,4544.0,10.74297875299817
235,0.3885752856731415,0.9353846153846154,0.9753846153846154,325,467.2362109422684,0.0,3848.48974609375,4544.0,10.787711005003075
236,0.8625086545944214,0.8855421686746988,0.9367469879518072,332,553.9326100349426,0.0,3848.48974609375,4544.0,10.833145167998737
237,0.8903146982192993,0.8970588235294118,0.9441176470588235,340,585.5671696066856,0.0,3848.48974609375,4544.0,10.87944066800992
238,0.5393863916397095,0.9319526627218935,0.9704142011834319,338,604.8718597143888,0.0,3848.48974609375,4544.0,10.92569292501139
239,0.5148305892944336,0.9428571428571428,0.9628571428571429,350,425.1579321920872,0.0,3848.48974609375,4544.0,10.972618904008414
240,0.39840036630630493,0.9277456647398844,0.9797687861271677,346,490.3505483865738,0.0,3848.48974609375,4544.0,11.019284082998638
241,0.3516950309276581,0.9327217125382263,0.9694189602446484,327,442.39598312973976,0.0,3848.48974609375,4544.0,11.0642266710056
242,0.3429046869277954,0.948170731707317,0.9725609756097561,328,397.7391494512558,0.0,3848.48974609375,4544.0,11.109196107005118
243,0.6202114820480347,0.9217391304347826,0.9623188405797102,345,485.74671210348606,0.0,3848.48974609375,4544.0,11.155918710006517
244,0.5521718859672546,0.9153605015673981,0.9623824451410659,319,519.4417164325714,0.0,3848.48974609375,4544.0,11.20015240200155
245,0.42659276723861694,0.9494047619047619,0.9672619047619048,336,385.8383095860481,0.0,3848.48974609375,4544.0,11.245757506010705
246,0.2745914161205292,0.9506172839506173,0.9907407407407407,324,404.17259216308594,0.0,3848.48974609375,4544.0,11.290410183006315
247,0.7957662343978882,0.8925373134328358,0.9462686567164179,335,597.2708064615726,0.0,3848.48974609375,4544.0,11.336017118010204
248,0.5145915150642395,0.8955223880597015,0.9552238805970149,335,548.5132025778294,0.0,3848.48974609375,4544.0,11.382000516008702
249,0.6810303926467896,0.9048991354466859,0.9423631123919308,347,513.4191396385431,0.0,3848.48974609375,4544.0,11.428623012005119
250,0.2101556360721588,0.9696048632218845,0.9878419452887538,329,327.85981529951096,0.0,3848.48974609375,4544.0,11.473551622009836
251,0.4906493127346039,0.9223880597014925,0.9701492537313433,335,457.46367324888706,0.0,3848.48974609375,4544.0,11.519101454003248
252,0.4475759267807007,0.9409937888198758,0.9658385093167702,322,403.57953545451164,0.0,3848.48974609375,4544.0,11.563463359998423
253,0.5550756454467773,0.9003115264797508,0.9750778816199377,321,668.8593226671219,0.0,3848.48974609375,4544.0,11.607975691003958
254,0.3216470181941986,0.9512195121951219,0.9786585365853658,328,411.55746476352215,0.0,3848.48974609375,4544.0,11.652916527003981
255,0.4293370544910431,0.933933933933934,0.987987987987988,333,450.51443523168564,0.0,3848.48974609375,4544.0,11.698252123009297
256,0.5917067527770996,0.8876080691642652,0.9510086455331412,347,542.0940747410059,0.0,3848.48974609375,4544.0,11.744887246997678
257,0.304924339056015,0.9475409836065574,0.9836065573770492,305,441.7619764506817,0.0,3848.48974609375,4544.0,11.787812187001691
258,0.7106425762176514,0.9132947976878613,0.9450867052023122,346,449.70309902727604,0.0,3848.48974609375,4544.0,11.835120236006333
259,0.6502289772033691,0.8895184135977338,0.9490084985835694,353,577.0822680443525,0.0,3848.48974609375,4544.0,11.882388922007522
260,0.32178106904029846,0.9548192771084337,0.9789156626506024,332,456.10989628732204,0.0,3848.48974609375,4544.0,11.927460724007688
261,0.5235534906387329,0.9085714285714286,0.9657142857142857,350,481.02258971333504,0.0,3848.48974609375,4544.0,11.974671085001319
262,0.9513958692550659,0.8914956011730205,0.9413489736070382,341,531.4390871375799,0.0,3848.48974609375,4544.0,12.02107531799993
263,0.3812524974346161,0.9321533923303835,0.9734513274336283,339,474.4563533067703,0.0,3848.48974609375,4544.0,12.067069665004965
264,0.9922961592674255,0.8626373626373627,0.9313186813186813,364,736.8332698494196,0.0,3848.48974609375,4544.0,12.115353589004371
265,0.5565439462661743,0.9164179104477612,0.9582089552238806,335,600.4747156351805,0.0,3848.48974609375,4544.0,12.161103589009144
266,0.7105937004089355,0.9006024096385542,0.9457831325301205,332,585.979657292366,0.0,3848.48974609375,4544.0,12.206658613009495
267,0.37719520926475525,0.9416909620991254,0.967930029154519,343,368.22889979183674,0.0,3848.48974609375,4544.0,12.252873317003832
268,0.2308553159236908,0.9432835820895522,0.991044776119403,335,388.72082912921906,0.0,3848.48974609375,4544.0,12.298805275000632
269,0.7521326541900635,0.9,0.9457142857142857,350,569.8534368574619,0.0,3848.48974609375,4544.0,12.345853580001858
270,0.624886691570282,0.9,0.9514285714285714,350,541.8838218450546,0.0,3848.48974609375,4544.0,12.393031209998298
271,0.5167679786682129,0.9154078549848943,0.9607250755287009,331,546.0945577025414,0.0,3848.48974609375,4544.0,12.438257410001825
272,0.5655627250671387,0.9038461538461539,0.9615384615384616,364,535.6549763828516,0.0,3848.48974609375,4544.0,12.486894190005842
273,0.5326362252235413,0.9156976744186046,0.9622093023255814,344,439.5254911631346,0.0,3848.48974609375,4544.0,12.533283604003373
274,0.18220216035842896,0.9754601226993865,0.9877300613496932,326,347.4830736219883,0.0,3848.48974609375,4544.0,12.577970177007955
275,0.3268243372440338,0.9544072948328267,0.9817629179331308,329,354.8554903715849,0.0,3848.48974609375,4544.0,12.623335999000119
276,1.1057803630828857,0.847457627118644,0.9180790960451978,354,725.7027742266655,0.0,3848.48974609375,4544.0,12.670744721006486
277,0.4114651083946228,0.9354838709677419,0.9736070381231672,341,420.8299264907837,0.0,3848.48974609375,4544.0,12.716779972004588
278,0.39173269271850586,0.9287833827893175,0.9762611275964391,337,470.26991261541843,0.0,3848.48974609375,4544.0,12.762880394002423
279,0.44896361231803894,0.9090909090909091,0.9606060606060606,330,518.9839108586311,0.0,3848.48974609375,4544.0,12.8083511700097
280,0.8212316036224365,0.8771428571428571,0.9428571428571428,350,607.77844427526,0.0,3848.48974609375,4544.0,12.85569251900597
281,1.023501992225647,0.8764705882352941,0.9382352941176471,340,582.4632342159748,0.0,3848.48974609375,4544.0,12.901997626002412
282,0.7240411043167114,0.9123867069486404,0.9516616314199395,331,491.25995618104935,0.0,3848.48974609375,4544.0,12.947478066009353
283,0.33138561248779297,0.9648562300319489,0.9776357827476039,313,426.90215818583965,0.0,3848.48974609375,4544.0,12.991197909999755
284,0.7397642135620117,0.8760806916426513,0.9596541786743515,347,618.7695735394955,0.0,3848.48974609375,4544.0,13.037973217011313
285,0.597795307636261,0.910828025477707,0.9617834394904459,314,556.8473029434681,0.0,3848.48974609375,4544.0,13.081701029004762
286,0.5821415185928345,0.9149560117302052,0.9589442815249267,341,536.2785184085369,0.0,3848.48974609375,4544.0,13.128065345008508
287,0.32445457577705383,0.9484848484848485,0.9727272727272728,330,407.87585601210594,0.0,3848.48974609375,4544.0,13.173201240002527
288,0.7324693202972412,0.880466472303207,0.9475218658892128,343,605.0370715558529,0.0,3848.48974609375,4544.0,13.219881740005803
289,0.5349879264831543,0.9196428571428571,0.9642857142857143,336,542.7547575980425,0.0,3848.48974609375,4544.0,13.266243914011284
290,0.6653632521629333,0.8788732394366198,0.952112676056338,355,576.8694489300251,0.0,3848.48974609375,4544.0,13.314336777999415
291,0.5350688099861145,0.9325513196480938,0.967741935483871,341,404.76460629701614,0.0,3848.48974609375,4544.0,13.360813985011191
292,0.6746869087219238,0.8985915492957747,0.9549295774647887,355,593.5874146521091,0.0,3848.48974609375,4544.0,13.408372796999174
293,0.4983711838722229,0.945619335347432,0.9667673716012085,331,455.8172432780266,0.0,3848.48974609375,4544.0,13.453599890999612
294,0.525058388710022,0.9113149847094801,0.963302752293578,327,524.6505876928568,0.0,3848.48974609375,4544.0,13.498789588004001
295,0.5438798069953918,0.8962536023054755,0.9654178674351584,347,562.9828594475985,0.0,3848.48974609375,4544.0,13.545768691998092
296,0.624950110912323,0.9085714285714286,0.9514285714285714,350,452.15109603106976,0.0,3848.48974609375,4544.0,13.592892603002838
297,0.8001941442489624,0.8611111111111112,0.9472222222222222,360,652.7701135873795,0.0,3848.48974609375,4544.0,13.640907922002953
298,0.657680332660675,0.893491124260355,0.9585798816568047,338,564.9048550128937,0.0,3848.48974609375,4544.0,13.68726637000509
299,0.7753741145133972,0.8950276243093923,0.9475138121546961,362,593.0327882021666,0.0,3848.48974609375,4544.0,13.735471084000892
300,0.6599090099334717,0.9052924791086351,0.947075208913649,359,500.26327323913574,0.0,3848.48974609375,4544.0,13.783628071003477
301,0.5540201663970947,0.9209726443768997,0.9574468085106383,329,434.87360176444054,0.0,3848.48974609375,4544.0,13.829137918000924
302,0.6857616901397705,0.9,0.9583333333333334,360,496.01710003614426,0.0,3848.48974609375,4544.0,13.877346555003896
303,0.5069169402122498,0.9173789173789174,0.9544159544159544,351,526.7152208536863,0.0,3848.48974609375,4544.0,13.924513468999066
304,0.5050232410430908,0.9228486646884273,0.9554896142433235,337,475.0127562135458,0.0,3848.48974609375,4544.0,13.97033365900279
305,0.9173035025596619,0.8816568047337278,0.9378698224852071,338,570.9362298846245,0.0,3848.48974609375,4544.0,14.016285764999338
306,0.47815361618995667,0.9150141643059491,0.9603399433427762,353,454.1668867468834,0.0,3848.48974609375,4544.0,14.06386060299701
307,0.6349526047706604,0.8761061946902655,0.9587020648967551,339,574.3189571648836,0.0,3848.48974609375,4544.0,14.10994889801077
308,0.5354079008102417,0.9100817438692098,0.9564032697547684,367,467.43443697690964,0.0,3848.48974609375,4544.0,14.158728832000634
309,0.49245157837867737,0.930939226519337,0.9751381215469613,362,461.83355735242367,0.0,3848.48974609375,4544.0,14.207353229998262
310,0.5148426294326782,0.9333333333333333,0.9757575757575757,330,487.68818336725235,0.0,3848.48974609375,4544.0,14.252648652007338
311,0.47976192831993103,0.9287925696594427,0.9566563467492261,323,454.49908439815044,0.0,3848.48974609375,4544.0,14.297416854009498
312,0.345138818025589,0.9397590361445783,0.9789156626506024,332,377.8694748133421,0.0,3848.48974609375,4544.0,14.342851189008798
313,0.35339581966400146,0.9494047619047619,0.9821428571428571,336,401.66652922332287,0.0,3848.48974609375,4544.0,14.388617194010294
314,0.6866012811660767,0.9275766016713092,0.958217270194986,359,469.3837503492832,0.0,3848.48974609375,4544.0,14.43661687101121
315,0.598249614238739,0.8952095808383234,0.9550898203592815,334,615.4127131700516,0.0,3848.48974609375,4544.0,14.482311312007369
316,0.39899060130119324,0.9318885448916409,0.9659442724458205,323,509.77255477011204,0.0,3848.48974609375,4544.0,14.526927193001029
317,0.2948470115661621,0.9484240687679083,0.9799426934097422,349,419.31983265280724,0.0,3848.48974609375,4544.0,14.57368063100148
318,0.8039056658744812,0.8674033149171271,0.9419889502762431,362,605.0620636045933,0.0,3848.48974609375,4544.0,14.622338437009603
319,0.6652114391326904,0.8994082840236687,0.9644970414201184,338,711.722923129797,0.0,3848.48974609375,4544.0,14.668444669005112
320,0.5193477272987366,0.9274924471299094,0.9697885196374623,331,476.68529108166695,0.0,3848.48974609375,4544.0,14.713869257000624
321,0.3692370355129242,0.9393939393939394,0.9818181818181818,330,415.45146284997463,0.0,3848.48974609375,4544.0,14.759143027011305
322,0.2786995470523834,0.9671052631578947,0.9901315789473685,304,393.03179593384266,0.0,3848.48974609375,4544.0,14.802278204006143
323,0.753716766834259,0.8788732394366198,0.9492957746478873,355,661.2384402006865,0.0,3848.48974609375,4544.0,14.849987385008717
324,0.20899026095867157,0.962536023054755,0.9855907780979827,347,335.27203907072544,0.0,3848.48974609375,4544.0,14.89676424600475
325,0.3361775279045105,0.9310344827586207,0.985632183908046,348,499.0752326399088,0.0,3848.48974609375,4544.0,14.943686259997776
326,0.46582749485969543,0.9196675900277008,0.96398891966759,361,530.9896406829357,0.0,3848.48974609375,4544.0,14.991853469997295
327,0.8410846590995789,0.8595505617977528,0.949438202247191,356,605.511609479785,0.0,3848.48974609375,4544.0,15.039611419997527
328,0.4374290406703949,0.9450867052023122,0.9739884393063584,346,492.75440737605095,0.0,3848.48974609375,4544.0,15.086428260998218
329,0.4072988033294678,0.935672514619883,0.9707602339181286,342,402.4448639154434,0.0,3848.48974609375,4544.0,15.132588906999445
330,0.5785677433013916,0.9139072847682119,0.9668874172185431,302,596.0517778396606,0.0,3848.48974609375,4544.0,15.175387766998028
331,0.3595202565193176,0.9511494252873564,0.9741379310344828,348,368.42828948795795,0.0,3848.48974609375,4544.0,15.222302629001206
332,0.017642486840486526,1.0,1.0,311,112.06980699300766,0.0,3848.48974609375,4544.0,15.265789883007528
333,0.34163522720336914,0.9510703363914373,0.9847094801223242,327,365.3679793179035,0.0,3848.48974609375,4544.0,15.310887541010743
334,0.38934335112571716,0.9109792284866469,0.9821958456973294,337,522.6245642751455,0.0,3848.48974609375,4544.0,15.356921761005651
335,0.2585822641849518,0.9483870967741935,0.9806451612903225,310,394.19325871765614,0.0,3848.48974609375,4544.0,15.400514163004118
336,0.4809330403804779,0.9296187683284457,0.9648093841642229,341,429.31203776597977,0.0,3848.48974609375,4544.0,15.446898499008967
337,0.5638208389282227,0.9049079754601227,0.9693251533742331,326,487.07964926958084,0.0,3848.48974609375,4544.0,15.49203406801098
338,0.5491021275520325,0.9147058823529411,0.961764705882353,340,453.6865927129984,0.0,3848.48974609375,4544.0,15.538446899998235
339,0.48939231038093567,0.9056047197640118,0.9823008849557522,339,559.672344326973,0.0,3848.48974609375,4544.0,15.584617725005955
340,0.8588560819625854,0.8722741433021807,0.9501557632398754,321,610.1050093472004,0.0,3848.48974609375,4544.0,15.629113219009014
341,0.49844714999198914,0.9291784702549575,0.9688385269121813,353,430.66671396791935,0.0,3848.48974609375,4544.0,15.676582657004474
342,0.8572471141815186,0.8501362397820164,0.9400544959128065,367,655.1129272431135,0.0,3848.48974609375,4544.0,15.72530144600023
343,0.6623402833938599,0.9069767441860465,0.9622093023255814,344,538.9462011009455,0.0,3848.48974609375,4544.0,15.771828089011251
344,0.7734594941139221,0.8939393939393939,0.9545454545454546,330,547.8705697357655,0.0,3848.48974609375,4544.0,15.817296089997399
345,0.2964931130409241,0.9409937888198758,0.984472049689441,322,400.92523553967476,0.0,3848.48974609375,4544.0,15.861786053006654
346,0.13409191370010376,0.9818731117824774,0.9909365558912386,331,254.10717529058456,0.0,3848.48974609375,4544.0,15.906878148001852
347,0.7281477451324463,0.8861788617886179,0.9512195121951219,369,506.22729539871216,0.0,3848.48974609375,4544.0,15.955563937008264
348,1.0397952795028687,0.8771428571428571,0.9285714285714286,350,583.4861955046654,0.0,3848.48974609375,4544.0,16.00298434800061
349,0.5739426612854004,0.9278996865203761,0.9655172413793104,319,458.5812252163887,0.0,3848.48974609375,4544.0,16.047289670008468
350,0.8697423934936523,0.8544474393530997,0.9487870619946092,371,645.4111514687538,0.0,3848.48974609375,4544.0,16.096454001002712
351,0.3097333014011383,0.9297752808988764,0.9859550561797753,356,536.0661205947399,0.0,3848.48974609375,4544.0,16.143997709004907
352,0.3987233340740204,0.9096573208722741,0.9750778816199377,321,435.6579945087433,0.0,3848.48974609375,4544.0,16.188549944010447
353,0.5224238038063049,0.9226361031518625,0.9656160458452722,349,373.9849949479103,0.0,3848.48974609375,4544.0,16.23556674399879
354,0.48834124207496643,0.909375,0.971875,320,472.66131825745106,0.0,3848.48974609375,4544.0,16.279947727001854
355,0.30188632011413574,0.9389067524115756,0.9839228295819936,311,358.06393088400364,0.0,3848.48974609375,4544.0,16.32363131000602
356,0.7491732239723206,0.8994252873563219,0.9597701149425287,348,513.7284351289272,0.0,3848.48974609375,4544.0,16.37057300300512
357,0.6696450710296631,0.892128279883382,0.9533527696793003,343,589.5468819737434,0.0,3848.48974609375,4544.0,16.417050085001392
358,0.28918972611427307,0.9451219512195121,0.9725609756097561,328,469.0349970161915,0.0,3848.48974609375,4544.0,16.46228012201027
359,0.6029242277145386,0.8951841359773371,0.9575070821529745,353,527.7539508491755,0.0,3848.48974609375,4544.0,16.509635623006034
360,0.35915765166282654,0.9380530973451328,0.976401179941003,339,396.3391158878803,0.0,3848.48974609375,4544.0,16.55562885600375
361,0.6516273617744446,0.8932584269662921,0.9550561797752809,356,588.3935845792294,0.0,3848.48974609375,4544.0,16.60323175600206
362,0.47651243209838867,0.9305135951661632,0.9667673716012085,331,403.9210189282894,0.0,3848.48974609375,4544.0,16.64895992699894
363,0.4126034080982208,0.9264705882352942,0.9705882352941176,340,474.7485563457012,0.0,3848.48974609375,4544.0,16.695115805006935
364,1.1891655921936035,0.8269230769230769,0.9175824175824175,364,718.6247490942478,0.0,3848.48974609375,4544.0,16.74350274000608
365,0.31857436895370483,0.9404761904761905,0.9880952380952381,336,430.57854875922203,0.0,3848.48974609375,4544.0,16.789250889007235
366,0.6264804005622864,0.8991596638655462,0.9439775910364145,357,507.00866021215916,0.0,3848.48974609375,4544.0,16.83698326999729
367,0.37169066071510315,0.9444444444444444,0.9691358024691358,324,386.76317074894905,0.0,3848.48974609375,4544.0,16.88180526100041
368,0.4248366951942444,0.9305555555555556,0.975,360,461.23988480865955,0.0,3848.48974609375,4544.0,16.929897149006138
369,0.720392644405365,0.8879551820728291,0.9523809523809523,357,582.4530971348286,0.0,3848.48974609375,4544.0,16.97756242300966
370,0.30438104271888733,0.9476744186046512,0.9883720930232558,344,400.1684662401676,0.0,3848.48974609375,4544.0,17.024001601006603
371,0.7781026363372803,0.881159420289855,0.9565217391304348,345,635.809488683939,0.0,3848.48974609375,4544.0,17.07068135900772
372,0.07903309166431427,0.9747634069400631,1.0,317,287.35893662273884,0.0,3848.48974609375,4544.0,17.11472672400123
373,0.20175401866436005,0.9570552147239264,0.99079754601227,326,398.0148499906063,0.0,3848.48974609375,4544.0,17.15951888699783
374,0.9719535708427429,0.8711484593837535,0.9355742296918768,357,580.9003943651915,0.0,3848.48974609375,4544.0,17.207375942001818
375,0.46369943022727966,0.9239766081871345,0.9766081871345029,342,468.1568337380886,0.0,3848.48974609375,4544.0,17.253674314997625
376,0.11533298343420029,0.9775641025641025,0.9903846153846154,312,265.5602735430002,0.0,3848.48974609375,4544.0,17.297261487998185
377,0.2535684406757355,0.9658119658119658,0.9857549857549858,351,447.67346484959126,0.0,3848.48974609375,4544.0,17.344574115006253
378,0.374045729637146,0.9263456090651558,0.9858356940509915,353,539.3767403364182,0.0,3848.48974609375,4544.0,17.392175753004267
379,0.48533380031585693,0.9271137026239067,0.9591836734693877,343,475.390105932951,0.0,3848.48974609375,4544.0,17.43851739600359
380,0.8070646524429321,0.9154518950437318,0.9475218658892128,343,520.7859584391117,0.0,3848.48974609375,4544.0,17.485087785011274
381,0.8837282061576843,0.8630952380952381,0.9345238095238095,336,569.2930412143469,0.0,3848.48974609375,4544.0,17.53093436000927
382,0.6198036074638367,0.9014084507042254,0.9577464788732394,355,529.0973549932241,0.0,3848.48974609375,4544.0,17.578612481011078
383,0.4792049527168274,0.924791086350975,0.9721448467966574,359,517.8850219100714,0.0,3848.48974609375,4544.0,17.626562550998642
384,0.6033532619476318,0.8985915492957747,0.9605633802816902,355,523.4863787442446,0.0,3848.48974609375,4544.0,17.674270176008577
385,0.4346953332424164,0.9145299145299145,0.9715099715099715,351,489.45750142633915,0.0,3848.48974609375,4544.0,17.7215232669987
386,0.2744164764881134,0.9523809523809523,0.9821428571428571,336,329.7981412932277,0.0,3848.48974609375,4544.0,17.767182253999636
387,0.6205257177352905,0.9195046439628483,0.9628482972136223,323,496.3338803052902,0.0,3848.48974609375,4544.0,17.81189068000822
388,0.22899308800697327,0.9643916913946587,0.9851632047477745,337,317.8321318626404,0.0,3848.48974609375,4544.0,17.858045636006864
389,0.6197683215141296,0.896551724137931,0.9655172413793104,348,509.0730469375849,0.0,3848.48974609375,4544.0,17.90503363800235
390,0.6130945682525635,0.9054441260744985,0.9570200573065902,349,639.5800109356642,0.0,3848.48974609375,4544.0,17.951970123001956
391,0.40563276410102844,0.9186746987951807,0.9698795180722891,332,451.87325362861156,0.0,3848.48974609375,4544.0,17.99739220700576
392,0.2640848457813263,0.9606060606060606,0.9878787878787879,330,368.44584934413433,0.0,3848.48974609375,4544.0,18.0426068759989
393,0.6304938793182373,0.9111747851002865,0.9512893982808023,349,446.8034864515066,0.0,3848.48974609375,4544.0,18.089620586004457
394,0.7831453680992126,0.8926553672316384,0.9350282485875706,354,453.49548526108265,0.0,3848.48974609375,4544.0,18.13703409100708
395,0.28672558069229126,0.9473684210526315,0.9907120743034056,323,374.293800547719,0.0,3848.48974609375,4544.0,18.182125018996885
396,0.27879598736763,0.9591194968553459,0.9874213836477987,318,355.3069649487734,0.0,3848.48974609375,4544.0,18.22635445400374
397,0.35420963168144226,0.940809968847352,0.9813084112149533,321,461.0253036171198,0.0,3848.48974609375,4544.0,18.270822448001127
398,0.613092303276062,0.908284023668639,0.9585798816568047,338,571.1501905024052,0.0,3848.48974609375,4544.0,18.31717245800246
399,0.41746094822883606,0.9321533923303835,0.9734513274336283,339,365.4572525918484,0.0,3848.48974609375,4544.0,18.363321552009438
400,0.6653470993041992,0.9014492753623189,0.9507246376811594,345,543.0599945485592,0.0,3848.48974609375,4544.0,18.410008703998756
401,0.4411178231239319,0.9153605015673981,0.9780564263322884,319,426.86814515292645,0.0,3848.48974609375,4544.0,18.454432922997512
402,0.7295857071876526,0.8966480446927374,0.9553072625698324,358,487.1360045969486,0.0,3848.48974609375,4544.0,18.502290407006512
403,0.6450773477554321,0.8717201166180758,0.9591836734693877,343,580.7744389474392,0.0,3848.48974609375,4544.0,18.548719408005127
404,0.25530895590782166,0.940625,0.990625,320,463.42142727971077,0.0,3848.48974609375,4544.0,18.593133899004897
405,0.3097112774848938,0.9329268292682927,0.9786585365853658,328,440.82436510920525,0.0,3848.48974609375,4544.0,18.63871124200523
406,0.3571798503398895,0.9525222551928784,0.973293768545994,337,338.3264431357384,0.0,3848.48974609375,4544.0,18.684619336010655
407,0.4356008470058441,0.9459459459459459,0.972972972972973,333,390.6228434443474,0.0,3848.48974609375,4544.0,18.730083159010974
408,0.5403201580047607,0.9053254437869822,0.9674556213017751,338,520.6274074465036,0.0,3848.48974609375,4544.0,18.77624563500285
409,0.5695192813873291,0.9085714285714286,0.9628571428571429,350,456.79755912721157,0.0,3848.48974609375,4544.0,18.823516001997632
410,0.5747641921043396,0.8908045977011494,0.9683908045977011,348,498.0739816725254,0.0,3848.48974609375,4544.0,18.870592715000384
411,0.38829535245895386,0.930635838150289,0.976878612716763,346,402.95428942143917,0.0,3848.48974609375,4544.0,18.917379000005894
412,0.4441671669483185,0.9391304347826087,0.9652173913043478,345,428.06517937779427,0.0,3848.48974609375,4544.0,18.963878310998552
413,0.5560603141784668,0.9197530864197531,0.9722222222222222,324,414.1391170322895,0.0,3848.48974609375,4544.0,19.00862476399925
414,0.29922449588775635,0.9492063492063492,0.9904761904761905,315,359.7909264713526,0.0,3848.48974609375,4544.0,19.0523596109997
415,0.48020097613334656,0.9277456647398844,0.9739884393063584,346,457.7387780547142,0.0,3848.48974609375,4544.0,19.098977771005593
416,0.0923781543970108,0.9807073954983923,0.9935691318327974,311,201.90876033902168,0.0,3848.48974609375,4544.0,19.1424916840042
417,0.44295886158943176,0.9385474860335196,0.9692737430167597,358,444.8394194096327,0.0,3848.48974609375,4544.0,19.190327884003636
418,0.40723147988319397,0.9316239316239316,0.9829059829059829,351,417.683422267437,0.0,3848.48974609375,4544.0,19.23770988000615
419,0.6023508906364441,0.9054441260744985,0.9426934097421203,349,493.35686960816383,0.0,3848.48974609375,4544.0,19.284549315998447
420,0.4179343581199646,0.9230769230769231,0.9674556213017751,338,514.6755380481482,0.0,3848.48974609375,4544.0,19.33063753800525
421,0.3523424565792084,0.943952802359882,0.9793510324483776,339,458.382430896163,0.0,3848.48974609375,4544.0,19.376968769007362
422,0.4090297222137451,0.9345238095238095,0.9761904761904762,336,362.68609300255775,0.0,3848.48974609375,4544.0,19.422846549001406
423,0.15071207284927368,0.9787878787878788,0.9939393939393939,330,228.38877725601196,0.0,3848.48974609375,4544.0,19.46793945301033
424,0.4640459716320038,0.9274924471299094,0.9697885196374623,331,423.6665349006653,0.0,3848.48974609375,4544.0,19.51323774800403
425,0.5495246052742004,0.9077380952380952,0.9583333333333334,336,470.5907652974129,0.0,3848.48974609375,4544.0,19.55878335100715
426,0.46916207671165466,0.9030303030303031,0.9696969696969697,330,466.45732758939266,0.0,3848.48974609375,4544.0,19.603962250999757
427,0.530806839466095,0.9067055393586005,0.9708454810495627,343,509.69202560186386,0.0,3848.48974609375,4544.0,19.650396591008757
428,0.7257162928581238,0.8653846153846154,0.9478021978021978,364,599.304979622364,0.0,3848.48974609375,4544.0,19.69910940399859
429,0.5127350687980652,0.924924924924925,0.972972972972973,333,476.31545709073544,0.0,3848.48974609375,4544.0,19.744790337004815
430,0.3363068699836731,0.9441176470588235,0.9735294117647059,340,451.31212720274925,0.0,3848.48974609375,4544.0,19.790844718008884
431,0.4506893455982208,0.9377777777777778,0.9688888888888889,225,627.6377715170383,0.0,3848.48974609375,4544.0,19.82567847800965
432,0.37897467613220215,0.9576547231270358,0.9674267100977199,307,386.3543339073658,0.0,3848.48974609375,4544.0,19.86892772500869
433,0.3570387661457062,0.9365994236311239,0.9769452449567724,347,432.44809076189995,0.0,3848.48974609375,4544.0,19.915698365002754
434,0.326485812664032,0.9311377245508982,0.9760479041916168,334,438.69021938741207,0.0,3848.48974609375,4544.0,19.961235606999253
435,0.23545727133750916,0.9589905362776026,0.9873817034700315,317,405.6679808795452,0.0,3848.48974609375,4544.0,20.00525951301097
436,0.5130303502082825,0.9058171745152355,0.9584487534626038,361,544.390026435256,0.0,3848.48974609375,4544.0,20.053112206005608
437,0.7200520038604736,0.8825214899713467,0.9312320916905444,349,570.2498390674591,0.0,3848.48974609375,4544.0,20.100153248000424
438,0.4088662266731262,0.9212121212121213,0.9818181818181818,330,423.5653801858425,0.0,3848.48974609375,4544.0,20.145714452999528
439,0.2752172648906708,0.933933933933934,0.975975975975976,333,393.2343680411577,0.0,3848.48974609375,4544.0,20.19103780700243
440,0.23248429596424103,0.9490084985835694,0.9830028328611898,353,378.4664173424244,0.0,3848.48974609375,4544.0,20.238209025003016
441,0.40960803627967834,0.9181818181818182,0.9727272727272728,330,511.19968301057816,0.0,3848.48974609375,4544.0,20.28339649400732
442,0.4741726815700531,0.911504424778761,0.967551622418879,339,453.3880438953638,0.0,3848.48974609375,4544.0,20.329565370004275
443,0.34037283062934875,0.9446153846153846,0.9753846153846154,325,360.43523359298706,0.0,3848.48974609375,4544.0,20.374433752003824
444,0.569704532623291,0.8869047619047619,0.9523809523809523,336,500.3215875029564,0.0,3848.48974609375,4544.0,20.420223212000565
445,0.4853610694408417,0.8960674157303371,0.9662921348314607,356,554.9780563563108,0.0,3848.48974609375,4544.0,20.467550653003855
446,0.42975589632987976,0.9065420560747663,0.9719626168224299,321,583.5315123200417,0.0,3848.48974609375,4544.0,20.512100813008146
447,0.2623535394668579,0.9373134328358209,0.982089552238806,335,337.4238666445017,0.0,3848.48974609375,4544.0,20.55790808099846
448,0.13692094385623932,0.9757785467128027,0.9965397923875432,289,262.06815844774246,0.0,3848.48974609375,4544.0,20.60028549200797
449,0.48990797996520996,0.9046242774566474,0.9653179190751445,346,489.37235563993454,0.0,3848.48974609375,4544.0,20.647692861006362
450,0.6423524022102356,0.8757396449704142,0.9467455621301775,338,587.4915492236614,0.0,3848.48974609375,4544.0,20.69501866400242
451,0.5222771167755127,0.9093567251461988,0.9532163742690059,342,477.51089765131474,0.0,3848.48974609375,4544.0,20.741964947010274
452,0.20391303300857544,0.956268221574344,0.9854227405247813,343,281.9154459759593,0.0,3848.48974609375,4544.0,20.788475378009025
453,0.32988521456718445,0.930835734870317,0.9740634005763689,347,442.3189000338316,0.0,3848.48974609375,4544.0,20.835395739006344
454,0.38726961612701416,0.9090909090909091,0.9752066115702479,363,512.6055670529604,0.0,3848.48974609375,4544.0,20.88392079299956
455,0.23969101905822754,0.9537037037037037,0.9876543209876543,324,380.80356918275356,0.0,3848.48974609375,4544.0,20.92867333300819
456,0.1971667855978012,0.9495548961424333,0.9851632047477745,337,372.19059413671494,0.0,3848.48974609375,4544.0,20.974464345999877
457,0.27395161986351013,0.9429429429429429,0.9819819819819819,333,348.07649843394756,0.0,3848.48974609375,4544.0,21.020151237011305
458,0.3399297595024109,0.9325153374233128,0.9785276073619632,326,413.1948646903038,0.0,3848.48974609375,4544.0,21.065312061997247
459,0.4281170666217804,0.8919667590027701,0.9833795013850416,361,493.8545551896095,0.0,3848.48974609375,4544.0,21.11343115499767
460,0.4503135681152344,0.9080779944289693,0.9777158774373259,359,504.12556563317776,0.0,3848.48974609375,4544.0,21.161446776008233
461,0.377641886472702,0.9079365079365079,0.9809523809523809,315,485.8069477081299,0.0,3848.48974609375,4544.0,21.205534940003417
462,0.30957043170928955,0.9329268292682927,0.9786585365853658,328,429.5250737220049,0.0,3848.48974609375,4544.0,21.250565124006243
463,0.2657247483730316,0.9364161849710982,0.9884393063583815,346,379.66664841771126,0.0,3848.48974609375,4544.0,21.29727792199992
464,0.3475074768066406,0.9344729344729344,0.9715099715099715,351,393.43490156531334,0.0,3848.48974609375,4544.0,21.34450600600394
465,0.40847697854042053,0.9058823529411765,0.961764705882353,340,480.42083345353603,0.0,3848.48974609375,4544.0,21.390711341999122
466,0.19172349572181702,0.9548022598870056,0.9943502824858758,354,306.0642329826951,0.0,3848.48974609375,4544.0,21.438153804003377
467,0.08499147742986679,0.9820359281437125,0.9910179640718563,334,212.63798935711384,0.0,3848.48974609375,4544.0,21.483758686008514
468,0.32259082794189453,0.9422492401215805,0.9756838905775076,329,404.7584154754877,0.0,3848.48974609375,4544.0,21.529113233002136
469,0.2197665274143219,0.9634146341463414,0.9878048780487805,328,324.0182515233755,0.0,3848.48974609375,4544.0,21.57403185700241
470,0.5863628387451172,0.8936781609195402,0.9511494252873564,348,493.87789510190487,0.0,3848.48974609375,4544.0,21.621030406007776
471,0.3307002782821655,0.945619335347432,0.972809667673716,331,349.063076287508,0.0,3848.48974609375,4544.0,21.666326976002892
472,0.22923201322555542,0.9573863636363636,0.9829545454545454,352,342.32093204557896,0.0,3848.48974609375,4544.0,21.713524253005744
473,0.2209615558385849,0.9449275362318841,0.9797101449275363,345,379.20383471250534,0.0,3848.48974609375,4544.0,21.760156474003452
474,0.21293066442012787,0.9620991253644315,0.9854227405247813,343,278.1488754078746,0.0,3848.48974609375,4544.0,21.8065214100061
475,0.04799758270382881,0.9908536585365854,0.9969512195121951,328,171.18462995439768,0.0,3848.48974609375,4544.0,21.851702869011206
476,0.21177612245082855,0.9472140762463344,0.9912023460410557,341,364.9145479798317,0.0,3848.48974609375,4544.0,21.89983831399877
477,0.3271175026893616,0.9439252336448598,0.9781931464174455,321,457.8738533705473,0.0,3848.48974609375,4544.0,21.946448900998803
478,0.16845853626728058,0.9674556213017751,0.9940828402366864,338,290.65154710412025,0.0,3848.48974609375,4544.0,21.994464224000694
479,0.19760218262672424,0.9498432601880877,0.987460815047022,319,424.6737124621868,0.0,3848.48974609375,4544.0,22.039330437997705
480,0.33058324456214905,0.92,0.98,350,422.3552774041891,0.0,3848.48974609375,4544.0,22.08791819900216
481,0.4783431589603424,0.9088319088319088,0.9715099715099715,351,512.7905806005001,0.0,3848.48974609375,4544.0,22.136352986010024
482,0.3327132761478424,0.9106628242074928,0.9798270893371758,347,443.71257200837135,0.0,3848.48974609375,4544.0,22.18407287800801
483,0.41692063212394714,0.9205479452054794,0.9616438356164384,365,430.2937306910753,0.0,3848.48974609375,4544.0,22.233193931009737
484,0.2780989706516266,0.9487179487179487,0.9871794871794872,312,449.6318140476942,0.0,3848.48974609375,4544.0,22.277557595007238
485,0.3981741666793823,0.9188405797101449,0.9652173913043478,345,428.1332256048918,0.0,3848.48974609375,4544.0,22.324463714001467
486,0.12678119540214539,0.9663608562691132,0.9969418960244648,327,310.2590130865574,0.0,3848.48974609375,4544.0,22.36799212799815
487,0.3176514506340027,0.9406528189910979,0.9762611275964391,337,458.06313766539097,0.0,3848.48974609375,4544.0,22.411377673008246
488,0.4239931106567383,0.9274924471299094,0.972809667673716,331,447.98723118007183,0.0,3848.48974609375,4544.0,22.45440607800265
489,0.27318161725997925,0.9487951807228916,0.9819277108433735,332,406.3969595134258,0.0,3848.48974609375,4544.0,22.499769848000142
490,0.5698715448379517,0.8879310344827587,0.9683908045977011,348,551.2912919968367,0.0,3848.48974609375,4544.0,22.544347280010697
491,0.2873552739620209,0.93993993993994,0.984984984984985,333,391.1859173178673,0.0,3848.48974609375,4544.0,22.587291654010187
492,0.39752793312072754,0.9301675977653632,0.9608938547486033,358,410.0758206695318,0.0,3848.48974609375,4544.0,22.632508188005886
493,0.46318894624710083,0.9393939393939394,0.9757575757575757,330,406.76470406353474,0.0,3848.48974609375,4544.0,22.675425656008883
494,0.4534722864627838,0.9050279329608939,0.9692737430167597,358,472.16075080633163,0.0,3848.48974609375,4544.0,22.720368438007426
495,0.4867676794528961,0.9034090909090909,0.9630681818181818,352,519.2377148270607,0.0,3848.48974609375,4544.0,22.764917808002792
496,0.3125704526901245,0.9335347432024169,0.9818731117824774,331,502.43363554775715,0.0,3848.48974609375,4544.0,22.80757352100045
497,0.22229523956775665,0.9624277456647399,0.9884393063583815,346,325.3839840888977,0.0,3848.48974609375,4544.0,22.851688858005218
498,0.3442072868347168,0.9257142857142857,0.9828571428571429,350,406.04858642816544,0.0,3848.48974609375,4544.0,22.89630805600609
499,0.3618522584438324,0.923728813559322,0.980225988700565,354,412.5477651655674,0.0,3848.48974609375,4544.0,22.94275885001116
500,0.5669399499893188,0.868632707774799,0.9705093833780161,373,572.4730567485094,0.0,3848.48974609375,4544.0,22.989153114001965
501,0.3524082601070404,0.9241573033707865,0.9775280898876404,356,441.8531361967325,0.0,3848.48974609375,4544.0,23.03415698700701
502,0.30489370226860046,0.9461077844311377,0.9790419161676647,334,461.24997010827065,0.0,3848.48974609375,4544.0,23.07726731299772
503,0.2358587384223938,0.9464285714285714,0.9880952380952381,336,364.6055591106415,0.0,3848.48974609375,4544.0,23.12051926300046
504,0.852938175201416,0.8252688172043011,0.9327956989247311,372,694.8480946719646,0.0,3848.48974609375,4544.0,23.16681598800642
505,0.27651360630989075,0.9384164222873901,0.9824046920821115,341,431.1702496111393,0.0,3848.48974609375,4544.0,23.210521667002467
506,0.2818787097930908,0.9587020648967551,0.9705014749262537,339,322.5156590938568,0.0,3848.48974609375,4544.0,23.253869079009746
507,0.17364604771137238,0.9672619047619048,0.9851190476190477,336,322.8369395583868,0.0,3848.48974609375,4544.0,23.29692744401109
508,0.5360262393951416,0.8857938718662952,0.9693593314763231,359,498.8144931346178,0.0,3848.48974609375,4544.0,23.34233811800368
509,0.32874611020088196,0.9142857142857143,0.9828571428571429,350,421.6348413378,0.0,3848.48974609375,4544.0,23.38680735199887
510,0.20574697852134705,0.9584569732937686,0.9881305637982196,337,295.8276050388813,0.0,3848.48974609375,4544.0,23.430071397000575
511,0.3598768413066864,0.9302325581395349,0.9680232558139535,344,390.9599134474993,0.0,3848.48974609375,4544.0,23.473718719003955
512,0.4522485136985779,0.9269662921348315,0.9662921348314607,356,433.29085952043533,0.0,3848.48974609375,4544.0,23.518406615010463
513,0.3777080178260803,0.9351851851851852,0.9722222222222222,324,380.0724222511053,0.0,3848.48974609375,4544.0,23.56043800000043
514,0.4816572964191437,0.8892045454545454,0.9801136363636364,352,523.9015636891127,0.0,3848.48974609375,4544.0,23.605092785001034
515,0.5796697735786438,0.8787878787878788,0.9614325068870524,363,483.8340934962034,0.0,3848.48974609375,4544.0,23.650452529007453
516,0.11486256867647171,0.9666666666666667,1.0,330,258.1139336079359,0.0,3848.48974609375,4544.0,23.692907753997133
517,0.45164576172828674,0.9206798866855525,0.9631728045325779,353,455.6077624410391,0.0,3848.48974609375,4544.0,23.737563902002876
518,0.26691803336143494,0.9378698224852071,0.9733727810650887,338,374.6431970447302,0.0,3848.48974609375,4544.0,23.78104650900059
519,0.3680545389652252,0.9228486646884273,0.9792284866468842,337,499.99058113992214,0.0,3848.48974609375,4544.0,23.824212467006873
520,0.2989256978034973,0.9365079365079365,0.9809523809523809,315,395.6271495819092,0.0,3848.48974609375,4544.0,23.86574266399839
521,0.5597248077392578,0.896358543417367,0.9495798319327731,357,546.3463602811098,0.0,3848.48974609375,4544.0,23.910554992005927
522,0.439704567193985,0.9228486646884273,0.973293768545994,337,442.74025839567184,0.0,3848.48974609375,4544.0,23.954575883006328
523,0.36971089243888855,0.9300291545189504,0.9766763848396501,343,386.4372982978821,0.0,3848.48974609375,4544.0,23.99834736000048
524,0.20378154516220093,0.950920245398773,0.9846625766871165,326,312.2752831801772,0.0,3848.48974609375,4544.0,24.040615706006065
525,0.261586993932724,0.9434523809523809,0.9851190476190477,336,386.52786932885647,0.0,3848.48974609375,4544.0,24.08375434699701
526,0.4287651479244232,0.9107142857142857,0.9672619047619048,336,486.35221779346466,0.0,3848.48974609375,4544.0,24.12699218200578
527,0.3230200707912445,0.9460227272727273,0.9715909090909091,352,370.63698111474514,0.0,3848.48974609375,4544.0,24.17148027200892
528,0.3093516528606415,0.935672514619883,0.9824561403508771,342,358.8623692393303,0.0,3848.48974609375,4544.0,24.215192870004103
529,0.4016937017440796,0.9156626506024096,0.9728915662650602,332,458.38065384328365,0.0,3848.48974609375,4544.0,24.25791602001118
530,0.45190754532814026,0.9197707736389685,0.9598853868194842,349,503.43775571882725,0.0,3848.48974609375,4544.0,24.302123931003734
531,0.19963915646076202,0.9529411764705882,0.9941176470588236,340,342.8894940763712,0.0,3848.48974609375,4544.0,24.34551217300759
532,0.30840355157852173,0.9401197604790419,0.9760479041916168,334,338.42542138695717,0.0,3848.48974609375,4544.0,24.3883945330017
533,0.37933453917503357,0.9224137931034483,0.9770114942528736,348,446.20899476110935,0.0,3848.48974609375,4544.0,24.432408963999478
534,0.20420587062835693,0.9585987261146497,0.9936305732484076,314,374.9063698351383,0.0,3848.48974609375,4544.0,24.473658490998787
535,0.5634031295776367,0.885558583106267,0.9618528610354223,367,517.4642365574837,0.0,3848.48974609375,4544.0,24.519344779997482
536,0.3084540069103241,0.9126760563380282,0.9859154929577465,355,437.4188295453787,0.0,3848.48974609375,4544.0,24.563953807999496
537,0.3954818844795227,0.9162011173184358,0.9664804469273743,358,480.3450784534216,0.0,3848.48974609375,4544.0,24.608952669004793
538,0.35423994064331055,0.9388379204892966,0.9694189602446484,327,372.4026236832142,0.0,3848.48974609375,4544.0,24.652226937003434
539,0.41961246728897095,0.9241573033707865,0.9662921348314607,356,435.6614458411932,0.0,3848.48974609375,4544.0,24.697168284998043
540,0.3386535048484802,0.9207317073170732,0.9817073170731707,328,454.733253672719,0.0,3848.48974609375,4544.0,24.739795291010523
541,0.43921586871147156,0.9281609195402298,0.9741379310344828,348,424.7824110686779,0.0,3848.48974609375,4544.0,24.783749061010894
542,0.39076006412506104,0.9103641456582633,0.969187675070028,357,453.6789131760597,0.0,3848.48974609375,4544.0,24.82859758399718
543,0.40202099084854126,0.9315476190476191,0.9732142857142857,336,402.8318055421114,0.0,3848.48974609375,4544.0,24.871692893997533
544,0.2872062921524048,0.9542682926829268,0.975609756097561,328,386.02632665634155,0.0,3848.48974609375,4544.0,24.914228715002537
545,0.2901860177516937,0.9472140762463344,0.9882697947214076,341,358.96831031143665,0.0,3848.48974609375,4544.0,24.95835617100238
546,0.3184727430343628,0.9309309309309309,0.975975975975976,333,375.57169765233994,0.0,3848.48974609375,4544.0,25.001528464010335
547,0.3776533007621765,0.9329446064139941,0.9766763848396501,343,412.76253470778465,0.0,3848.48974609375,4544.0,25.045331683009863
548,0.2493395060300827,0.9344729344729344,0.9914529914529915,351,368.02116188406944,0.0,3848.48974609375,4544.0,25.089946592997876
549,0.18853361904621124,0.9552238805970149,0.991044776119403,335,318.519909247756,0.0,3848.48974609375,4544.0,25.132911648004665
550,0.3060208261013031,0.9380804953560371,0.9814241486068112,323,358.8819784671068,0.0,3848.48974609375,4544.0,25.174839753002743
551,0.4252641201019287,0.9240121580547113,0.9726443768996961,329,408.556809052825,0.0,3848.48974609375,4544.0,25.217244769009994
552,0.19433113932609558,0.9580838323353293,0.9880239520958084,334,312.646438986063,0.0,3848.48974609375,4544.0,25.260063831010484
553,0.19253680109977722,0.9662576687116564,0.9846625766871165,326,292.97874669730663,0.0,3848.48974609375,4544.0,25.302345716001582
554,0.23700085282325745,0.9620991253644315,0.9825072886297376,343,321.05527859926224,0.0,3848.48974609375,4544.0,25.346253814001102
555,0.3438863456249237,0.9323076923076923,0.9784615384615385,325,416.0582391321659,0.0,3848.48974609375,4544.0,25.388627211999847
556,0.21730045974254608,0.9560117302052786,0.9824046920821115,341,328.09375351667404,0.0,3848.48974609375,4544.0,25.432215692999307
557,0.5048121809959412,0.8977900552486188,0.9613259668508287,362,529.0344525724649,0.0,3848.48974609375,4544.0,25.477512618002947
558,0.36225321888923645,0.9233038348082596,0.9852507374631269,339,388.80936156213284,0.0,3848.48974609375,4544.0,25.521210860999417
559,0.30592167377471924,0.9331395348837209,0.9941860465116279,344,352.9134408533573,0.0,3848.48974609375,4544.0,25.564881901009358
560,0.22075119614601135,0.9476923076923077,0.9876923076923076,325,417.3186382204294,0.0,3848.48974609375,4544.0,25.606974089998403
561,0.23838599026203156,0.9538461538461539,0.9846153846153847,325,284.8125860095024,0.0,3848.48974609375,4544.0,25.648996317002457
562,0.20374882221221924,0.961038961038961,0.9902597402597403,308,287.48658303916454,0.0,3848.48974609375,4544.0,25.689630849010427
563,0.4920961260795593,0.90625,0.9602272727272727,352,460.83780412375927,0.0,3848.48974609375,4544.0,25.734058229005313
564,0.22603213787078857,0.9620991253644315,0.9883381924198251,343,314.1211788803339,0.0,3848.48974609375,4544.0,25.77770571700239
565,0.1250429004430771,0.9619883040935673,1.0,342,301.0308085680008,0.0,3848.48974609375,4544.0,25.821353731007548
566,0.23340745270252228,0.9425981873111783,0.9879154078549849,331,388.1391090154648,0.0,3848.48974609375,4544.0,25.864227249010582
567,0.522561252117157,0.8888888888888888,0.9629629629629629,351,513.5014728158712,0.0,3848.48974609375,4544.0,25.908753083000192
568,0.42651787400245667,0.9269662921348315,0.9719101123595506,356,402.3270653039217,0.0,3848.48974609375,4544.0,25.953718591001234
569,0.4094386398792267,0.9269005847953217,0.9678362573099415,342,431.3818538337946,0.0,3848.48974609375,4544.0,25.997255731999758
570,0.4396009147167206,0.926984126984127,0.9682539682539683,315,435.94890797138214,0.0,3848.48974609375,4544.0,26.03863344300771
571,0.5735337734222412,0.907608695652174,0.9592391304347826,368,448.0773944705725,0.0,3848.48974609375,4544.0,26.084361015004106
572,0.3539142906665802,0.913946587537092,0.9821958456973294,337,417.9514711201191,0.0,3848.48974609375,4544.0,26.12764844200865
573,0.41552063822746277,0.9054878048780488,0.9817073170731707,328,510.41634829342365,0.0,3848.48974609375,4544.0,26.170207463001134
574,0.42610207200050354,0.9228395061728395,0.9753086419753086,324,459.6071156412363,0.0,3848.48974609375,4544.0,26.212291176998406
575,0.34278541803359985,0.9316939890710383,0.9754098360655737,366,390.87283004820347,0.0,3848.48974609375,4544.0,26.25792766000086
576,0.49517983198165894,0.8973607038123167,0.9736070381231672,341,527.1548784971237,0.0,3848.48974609375,4544.0,26.30189868400339
577,0.43835684657096863,0.9154518950437318,0.9737609329446064,343,443.0572558641434,0.0,3848.48974609375,4544.0,26.345658635007567
578,0.5050658583641052,0.8956043956043956,0.9642857142857143,364,482.53876781463623,0.0,3848.48974609375,4544.0,26.391353912011255
579,0.45020270347595215,0.9101449275362319,0.9623188405797102,345,470.8671651035547,0.0,3848.48974609375,4544.0,26.435475410005893
580,0.4334571361541748,0.9051490514905149,0.967479674796748,369,457.3817658275366,0.0,3848.48974609375,4544.0,26.481633347008028
581,0.37464815378189087,0.9222222222222223,0.9666666666666667,360,401.85518692433834,0.0,3848.48974609375,4544.0,26.52690061100293
582,0.5176421999931335,0.9010695187165776,0.9652406417112299,374,466.1654099524021,0.0,3848.48974609375,4544.0,26.57336318900343
583,0.27766042947769165,0.9383116883116883,0.9805194805194806,308,337.89037047326565,0.0,3848.48974609375,4544.0,26.614230567996856
584,0.5961301326751709,0.9,0.9545454545454546,330,431.21987387537956,0.0,3848.48974609375,4544.0,26.65743179700803
585,0.3776867985725403,0.930921052631579,0.9671052631578947,304,443.3812441378832,0.0,3848.48974609375,4544.0,26.69801505599753
586,0.470324844121933,0.9090909090909091,0.9560117302052786,341,437.60268208384514,0.0,3848.48974609375,4544.0,26.74180860600609
587,0.2941523492336273,0.9346590909090909,0.9829545454545454,352,439.75424709916115,0.0,3848.48974609375,4544.0,26.78639926901087
588,0.3378491699695587,0.9201101928374655,0.9752066115702479,363,454.31854583323,0.0,3848.48974609375,4544.0,26.832043376009096
589,0.3564784526824951,0.9394812680115274,0.968299711815562,347,388.3375982642174,0.0,3848.48974609375,4544.0,26.876176923004095
590,0.35244134068489075,0.9301675977653632,0.9832402234636871,358,362.75575555860996,0.0,3848.48974609375,4544.0,26.921253710010205
591,0.32686519622802734,0.9287671232876712,0.9753424657534246,365,443.4002671688795,0.0,3848.48974609375,4544.0,26.966724279001937
592,0.40467020869255066,0.9031339031339032,0.9743589743589743,351,500.2197368592024,0.0,3848.48974609375,4544.0,27.011180982008227
593,0.6923748254776001,0.8674033149171271,0.9530386740331491,362,487.0614480227232,0.0,3848.48974609375,4544.0,27.0565308570076
594,0.3074147403240204,0.9436201780415431,0.973293768545994,337,326.05158045887947,0.0,3848.48974609375,4544.0,27.099990069007617
595,0.3004360496997833,0.9436201780415431,0.9762611275964391,337,332.98525981605053,0.0,3848.48974609375,4544.0,27.143198639998445
596,0.3560965657234192,0.9365558912386707,0.972809667673716,331,395.8997673690319,0.0,3848.48974609375,4544.0,27.186022670008242
597,0.3526279628276825,0.9303030303030303,0.9787878787878788,330,427.18829886615276,0.0,3848.48974609375,4544.0,27.22865179600194
598,0.10367227345705032,0.9852941176470589,0.9911764705882353,340,246.54793574661016,0.0,3848.48974609375,4544.0,27.27213069499703
599,0.38817301392555237,0.925,0.975,320,392.1026820242405,0.0,3848.48974609375,4544.0,27.313960339000914
600,0.34812507033348083,0.9259259259259259,0.9845679012345679,324,443.36663652956486,0.0,3848.48974609375,4544.0,27.35643190900737
601,0.41298696398735046,0.8939828080229226,0.9770773638968482,349,477.1394053399563,0.0,3848.48974609375,4544.0,27.400837546010735
602,0.22739127278327942,0.9495548961424333,0.9821958456973294,337,347.0142700076103,0.0,3848.48974609375,4544.0,27.44413627400354
603,0.18723542988300323,0.9571428571428572,0.9942857142857143,350,334.77653853595257,0.0,3848.48974609375,4544.0,27.488326764010708
604,0.37468162178993225,0.9196428571428571,0.9672619047619048,336,398.6761805564165,0.0,3848.48974609375,4544.0,27.53135208300955
605,0.16310898959636688,0.9701492537313433,0.991044776119403,335,223.29720178991556,0.0,3848.48974609375,4544.0,27.574199495997163
606,0.4122401475906372,0.9221902017291066,0.962536023054755,347,377.19538778066635,0.0,3848.48974609375,4544.0,27.618277109009796
607,0.3561815619468689,0.925207756232687,0.9722991689750693,361,404.61466893553734,0.0,3848.48974609375,4544.0,27.663329080998665
608,0.23647157847881317,0.9577039274924471,0.9879154078549849,331,322.95780601352453,0.0,3848.48974609375,4544.0,27.706399807997514
609,0.1897946298122406,0.9598765432098766,0.9938271604938271,324,295.50162260234356,0.0,3848.48974609375,4544.0,27.748376974006533
610,0.4138018488883972,0.9142011834319527,0.9704142011834319,338,478.0022464841604,0.0,3848.48974609375,4544.0,27.791627523009083
611,0.3307461440563202,0.9333333333333333,0.975,360,356.9843426644802,0.0,3848.48974609375,4544.0,27.836856093999813
612,0.43661949038505554,0.9261538461538461,0.9692307692307692,325,421.4162736684084,0.0,3848.48974609375,4544.0,27.88001868801075
613,0.3668213188648224,0.925207756232687,0.9695290858725761,361,393.53931967914104,0.0,3848.48974609375,4544.0,27.926171045008232
614,0.20927612483501434,0.950920245398773,0.9846625766871165,326,310.8642236292362,0.0,3848.48974609375,4544.0,27.96903780401044
615,0.2021280974149704,0.9642857142857143,0.9910714285714286,336,267.3143188357353,0.0,3848.48974609375,4544.0,28.012294194006245
616,0.30397793650627136,0.9426229508196722,0.9781420765027322,366,364.79833440482616,0.0,3848.48974609375,4544.0,28.058112325001275
617,0.1858430802822113,0.9715099715099715,0.9886039886039886,351,311.72212667018175,0.0,3848.48974609375,4544.0,28.10289107800054
618,0.14787884056568146,0.9640718562874252,0.9940119760479041,334,224.47811960428953,0.0,3848.48974609375,4544.0,28.146208564008703
619,0.29249992966651917,0.9369369369369369,0.987987987987988,333,370.08596171438694,0.0,3848.48974609375,4544.0,28.189286274006008
620,0.5309394001960754,0.9074626865671642,0.9522388059701492,335,486.04201413691044,0.0,3848.48974609375,4544.0,28.232384351998917
621,0.41221821308135986,0.9211267605633803,0.9661971830985916,355,401.13890770077705,0.0,3848.48974609375,4544.0,28.27713043001131
622,0.35343313217163086,0.9126506024096386,0.9759036144578314,332,412.18847323954105,0.0,3848.48974609375,4544.0,28.320197217006353
623,0.27215439081192017,0.9367469879518072,0.9789156626506024,332,376.3137258440256,0.0,3848.48974609375,4544.0,28.363148282005568
624,0.2641914188861847,0.9430199430199431,0.9857549857549858,351,362.3154496997595,0.0,3848.48974609375,4544.0,28.407644172009896
625,0.37358930706977844,0.9272727272727272,0.9757575757575757,330,437.0556072741747,0.0,3848.48974609375,4544.0,28.450102732007508
626,0.3682774603366852,0.9164179104477612,0.982089552238806,335,452.9903347939253,0.0,3848.48974609375,4544.0,28.493275902001187
627,0.4484664499759674,0.924198250728863,0.9708454810495627,343,418.19580195844173,0.0,3848.48974609375,4544.0,28.53685928300547
628,0.34554025530815125,0.937125748502994,0.9760479041916168,334,371.3055355101824,0.0,3848.48974609375,4544.0,28.580170212997473
629,0.32682907581329346,0.9492063492063492,0.9841269841269841,315,366.5121274292469,0.0,3848.48974609375,4544.0,28.62175423100416
630,0.44938915967941284,0.9078212290502793,0.9720670391061452,358,500.4554990977049,0.0,3848.48974609375,4544.0,28.66746388300089
631,0.22592692077159882,0.9571428571428572,0.9828571428571429,350,313.06903855502605,0.0,3848.48974609375,4544.0,28.711731098999735
632,0.2930695414543152,0.9491017964071856,0.9850299401197605,334,357.56657975912094,0.0,3848.48974609375,4544.0,28.75443404800899
633,0.3525742292404175,0.9246987951807228,0.9789156626506024,332,474.35989044606686,0.0,3848.48974609375,4544.0,28.797264293010812
634,0.33114704489707947,0.9358600583090378,0.9766763848396501,343,391.97843784093857,0.0,3848.48974609375,4544.0,28.84115754000959
635,0.3777945041656494,0.9221556886227545,0.9760479041916168,334,406.08102513849735,0.0,3848.48974609375,4544.0,28.884623514997656
636,0.23863835632801056,0.9510086455331412,0.9798270893371758,347,297.11982411146164,0.0,3848.48974609375,4544.0,28.928350055008195
637,0.46160879731178284,0.9303030303030303,0.9696969696969697,330,409.7097577601671,0.0,3848.48974609375,4544.0,28.97081788899959
638,0.29919472336769104,0.9419354838709677,0.9870967741935484,310,401.7116483747959,0.0,3848.48974609375,4544.0,29.011858616009704
639,0.25578397512435913,0.9447852760736196,0.9815950920245399,326,333.95108507573605,0.0,3848.48974609375,4544.0,29.053910636997898
640,0.344709575176239,0.9235474006116208,0.9724770642201835,327,494.45576955378056,0.0,3848.48974609375,4544.0,29.09626767000009
641,0.3030450940132141,0.9411764705882353,0.9705882352941176,340,349.2669849693775,0.0,3848.48974609375,4544.0,29.1395432720019
642,0.41274523735046387,0.9116022099447514,0.9751381215469613,362,382.99188604950905,0.0,3848.48974609375,4544.0,29.184759609008324
643,0.24467960000038147,0.956268221574344,0.9795918367346939,343,332.6954013630748,0.0,3848.48974609375,4544.0,29.22826431199792
644,0.34808486700057983,0.945859872611465,0.964968152866242,314,368.044984549284,0.0,3848.48974609375,4544.0,29.269375638003112
645,0.181998610496521,0.9626168224299065,0.9875389408099688,321,335.90399357676506,0.0,3848.48974609375,4544.0,29.31100408700877
646,0.4956948757171631,0.9143730886850153,0.9755351681957186,327,471.17487190663815,0.0,3848.48974609375,4544.0,29.35327423000126
647,0.10717568546533585,0.9742857142857143,0.9942857142857143,350,233.74393436312675,0.0,3848.48974609375,4544.0,29.39738896700146
648,0.4754716753959656,0.9055555555555556,0.9694444444444444,360,405.2344252616167,0.0,3848.48974609375,4544.0,29.442634157006978
649,0.34357479214668274,0.9147727272727273,0.9857954545454546,352,385.8218201547861,0.0,3848.48974609375,4544.0,29.486923167001805
650,0.3698579967021942,0.9344729344729344,0.9715099715099715,351,373.4683930426836,0.0,3848.48974609375,4544.0,29.53119472700928
651,0.3114570379257202,0.9262295081967213,0.9808743169398907,366,361.46062022447586,0.0,3848.48974609375,4544.0,29.57665800100949
652,0.49627041816711426,0.9044943820224719,0.9634831460674157,356,410.347763761878,0.0,3848.48974609375,4544.0,29.621389695006656
653,0.47393372654914856,0.9080779944289693,0.9665738161559888,359,462.4994967132807,0.0,3848.48974609375,4544.0,29.666227081004763
654,0.4664232134819031,0.9161676646706587,0.9640718562874252,334,500.1444873958826,0.0,3848.48974609375,4544.0,29.709173481998732
655,0.2827351987361908,0.9523809523809523,0.9821428571428571,336,329.5820231586695,0.0,3848.48974609375,4544.0,29.752009023010032
656,0.26931604743003845,0.95,0.9777777777777777,360,334.8061146736145,0.0,3848.48974609375,4544.0,29.7978054539999
657,0.5990827679634094,0.8787878787878788,0.9476584022038568,363,500.92092625796795,0.0,3848.48974609375,4544.0,29.84415362100117
658,0.1794581264257431,0.961038961038961,0.9902597402597403,308,293.6388752833009,0.0,3848.48974609375,4544.0,29.886282154999208
659,0.16648901998996735,0.9690402476780186,0.9907120743034056,323,300.6811236590147,0.0,3848.48974609375,4544.0,29.928618329999154
660,0.4451863169670105,0.9224137931034483,0.9683908045977011,348,465.8007993400097,0.0,3848.48974609375,4544.0,29.973511714997585
661,0.5840669274330139,0.8678678678678678,0.9579579579579579,333,529.0355707705021,0.0,3848.48974609375,4544.0,30.017373299007886
662,0.22657117247581482,0.9554896142433235,0.9792284866468842,337,314.4216606616974,0.0,3848.48974609375,4544.0,30.061396834003972
663,0.4279624819755554,0.9085714285714286,0.9714285714285714,350,428.69550977647305,0.0,3848.48974609375,4544.0,30.10617068700958
664,0.3209855854511261,0.9321533923303835,0.9793510324483776,339,367.10179691016674,0.0,3848.48974609375,4544.0,30.149601979006547
665,0.23784059286117554,0.9566473988439307,0.9797687861271677,346,271.91378673166037,0.0,3848.48974609375,4544.0,30.19452459301101
666,0.16830578446388245,0.9676470588235294,0.9911764705882353,340,286.57562828063965,0.0,3848.48974609375,4544.0,30.238117594009964
667,0.22999733686447144,0.9442815249266863,0.9882697947214076,341,317.6909596025944,0.0,3848.48974609375,4544.0,30.281782910999027
668,0.1499439924955368,0.9641791044776119,0.991044776119403,335,272.6535173654556,0.0,3848.48974609375,4544.0,30.32518601800257
669,0.36407992243766785,0.926605504587156,0.9724770642201835,327,379.83526392281055,0.0,3848.48974609375,4544.0,30.36878425400937
670,0.18097476661205292,0.9510703363914373,0.9969418960244648,327,306.8913097977638,0.0,3848.48974609375,4544.0,30.41141867999977
671,0.27849364280700684,0.9416909620991254,0.9854227405247813,343,327.32652823626995,0.0,3848.48974609375,4544.0,30.45498574800149
672,0.43350985646247864,0.9253731343283582,0.9611940298507463,335,414.74616162478924,0.0,3848.48974609375,4544.0,30.49807431100635
673,0.2132190763950348,0.9402985074626866,0.9970149253731343,335,352.3347581923008,0.0,3848.48974609375,4544.0,30.541119978006463
674,0.3056564927101135,0.9277456647398844,0.9826589595375722,346,355.7071803510189,0.0,3848.48974609375,4544.0,30.585022647006554
675,0.37211930751800537,0.9369369369369369,0.963963963963964,333,327.9847178310156,0.0,3848.48974609375,4544.0,30.628532704009558
676,0.17729926109313965,0.9703264094955489,0.9851632047477745,337,325.95795218646526,0.0,3848.48974609375,4544.0,30.67232987600437
677,0.31770652532577515,0.9442724458204335,0.9690402476780186,323,349.4281390160322,0.0,3848.48974609375,4544.0,30.714589725001133
678,0.22995631396770477,0.944954128440367,0.981651376146789,327,371.67019721865654,0.0,3848.48974609375,4544.0,30.75710564000474
679,0.3176073133945465,0.9251700680272109,0.9829931972789115,294,340.85475774109364,0.0,3848.48974609375,4544.0,30.796612819001894
680,0.5705288648605347,0.9008498583569405,0.9575070821529745,353,472.89155308902264,0.0,3848.48974609375,4544.0,30.84108720200311
681,0.5091406106948853,0.9230769230769231,0.9647435897435898,312,480.0444257259369,0.0,3848.48974609375,4544.0,30.882300191005925
682,0.2793920338153839,0.930635838150289,0.9855491329479769,346,412.4953255355358,0.0,3848.48974609375,4544.0,30.926383647005423
683,0.19506946206092834,0.9662576687116564,0.99079754601227,326,299.6243818476796,0.0,3848.48974609375,4544.0,30.968732818000717
684,0.34280723333358765,0.9228395061728395,0.9722222222222222,324,341.6925172954798,0.0,3848.48974609375,4544.0,31.01085037300072
685,0.5504094958305359,0.8876404494382022,0.9578651685393258,356,439.70880219340324,0.0,3848.48974609375,4544.0,31.05546896001033
686,0.16623549163341522,0.9689265536723164,0.9943502824858758,354,261.8900979012251,0.0,3848.48974609375,4544.0,31.10000280100212
687,0.44685715436935425,0.9134328358208955,0.9731343283582089,335,430.9594936519861,0.0,3848.48974609375,4544.0,31.14322061400162
688,0.5905258655548096,0.8676056338028169,0.9577464788732394,355,502.30182388424873,0.0,3848.48974609375,4544.0,31.188180917000864
689,0.2725554406642914,0.9447674418604651,0.9767441860465116,344,344.33725340664387,0.0,3848.48974609375,4544.0,31.232008222010336
690,0.19077438116073608,0.9574468085106383,0.9848024316109423,329,290.369163736701,0.0,3848.48974609375,4544.0,31.274442744004773
691,0.20541861653327942,0.9469026548672567,0.9941002949852508,339,326.4273470938206,0.0,3848.48974609375,4544.0,31.317885604003095
692,0.5276901721954346,0.886685552407932,0.9603399433427762,353,485.4362029880285,0.0,3848.48974609375,4544.0,31.362488436003332
693,0.3940747380256653,0.9287671232876712,0.9726027397260274,365,403.9496726691723,0.0,3848.48974609375,4544.0,31.40813504900143
694,0.4087746739387512,0.9235127478753541,0.9716713881019831,353,380.4212888032198,0.0,3848.48974609375,4544.0,31.452748169002007
695,0.12624914944171906,0.9755351681957186,0.9969418960244648,327,288.5361685529351,0.0,3848.48974609375,4544.0,31.49512882900308
696,0.42283257842063904,0.9365994236311239,0.968299711815562,347,384.53656804561615,0.0,3848.48974609375,4544.0,31.53910176899808
697,0.18516428768634796,0.9561128526645768,0.9937304075235109,319,292.18359876424074,0.0,3848.48974609375,4544.0,31.580561118011246
698,0.24323076009750366,0.9418604651162791,0.9825581395348837,344,339.3648313730955,0.0,3848.48974609375,4544.0,31.624410282005556
699,0.36622053384780884,0.9233038348082596,0.9616519174041298,339,364.22995004057884,0.0,3848.48974609375,4544.0,31.667578941007378
700,0.24524784088134766,0.9510703363914373,0.981651376146789,327,343.97377690672874,0.0,3848.48974609375,4544.0,31.70971501400345
701,0.27216216921806335,0.9343283582089552,0.991044776119403,335,329.0299946218729,0.0,3848.48974609375,4544.0,31.75269718200434
702,0.160079687833786,0.9616519174041298,0.9911504424778761,339,280.8757006675005,0.0,3848.48974609375,4544.0,31.79597482700774
703,0.38337305188179016,0.913312693498452,0.9814241486068112,323,436.90110470354557,0.0,3848.48974609375,4544.0,31.83786030599731
704,0.4163459539413452,0.9181286549707602,0.9590643274853801,342,418.02079766988754,0.0,3848.48974609375,4544.0,31.881359958002577
705,0.1719948947429657,0.9583333333333334,1.0,336,321.2478827536106,0.0,3848.48974609375,4544.0,31.92432275500323
706,0.10509367287158966,0.9852941176470589,0.9911764705882353,340,205.3962317109108,0.0,3848.48974609375,4544.0,31.967399746004958
707,0.559022068977356,0.9104477611940298,0.9611940298507463,335,433.54106010496616,0.0,3848.48974609375,4544.0,32.01023783600249
708,0.17955797910690308,0.9680232558139535,0.9941860465116279,344,255.88222558051348,0.0,3848.48974609375,4544.0,32.05382472900965
709,0.2788146734237671,0.9539877300613497,0.9785276073619632,326,333.2149969637394,0.0,3848.48974609375,4544.0,32.09585621900624
710,0.6543989777565002,0.8490566037735849,0.9568733153638814,371,528.9940700232983,0.0,3848.48974609375,4544.0,32.14171685199835
711,0.3822827637195587,0.9187675070028011,0.969187675070028,357,399.0956347286701,0.0,3848.48974609375,4544.0,32.18638701600139
712,0.2544899582862854,0.9520958083832335,0.9820359281437125,334,326.6909327954054,0.0,3848.48974609375,4544.0,32.22925119000138
713,0.37434613704681396,0.927170868347339,0.9803921568627451,357,333.06009739637375,0.0,3848.48974609375,4544.0,32.273910186006106
714,0.5568174719810486,0.90625,0.9659090909090909,352,427.74190482497215,0.0,3848.48974609375,4544.0,32.31821130499884
715,0.3584243953227997,0.925414364640884,0.9806629834254144,362,391.290968939662,0.0,3848.48974609375,4544.0,32.36337470400031
716,0.23482827842235565,0.9465875370919882,0.9851632047477745,337,263.3387894630432,0.0,3848.48974609375,4544.0,32.406496474010055
717,0.30147117376327515,0.94,0.9771428571428571,350,347.6189558058977,0.0,3848.48974609375,4544.0,32.450644698998076
718,0.2033262550830841,0.9703264094955489,0.9821958456973294,337,212.9650810137391,0.0,3848.48974609375,4544.0,32.49385124100081
719,0.3164045214653015,0.9452449567723343,0.9711815561959655,347,400.04145996272564,0.0,3848.48974609375,4544.0,32.53764081600821
720,0.5267260074615479,0.9085714285714286,0.9514285714285714,350,381.0235021561384,0.0,3848.48974609375,4544.0,32.58172374300193
721,0.42319682240486145,0.9202279202279202,0.9715099715099715,351,393.69164599478245,0.0,3848.48974609375,4544.0,32.62628856000083
722,0.41249290108680725,0.9342105263157895,0.9802631578947368,304,439.40696185827255,0.0,3848.48974609375,4544.0,32.66682096500881
723,0.16062167286872864,0.956140350877193,0.9912280701754386,342,219.3441825285554,0.0,3848.48974609375,4544.0,32.71076670099865
724,0.463351309299469,0.9221556886227545,0.9580838323353293,334,408.39116011559963,0.0,3848.48974609375,4544.0,32.75364006900054
725,0.08604004979133606,0.9780564263322884,1.0,319,165.4611299559474,0.0,3848.48974609375,4544.0,32.795157329004724
726,0.2626766264438629,0.9482758620689655,0.985632183908046,348,320.5992779433727,0.0,3848.48974609375,4544.0,32.83909093000693
727,0.363709956407547,0.9411764705882353,0.9775910364145658,357,349.9577021896839,0.0,3848.48974609375,4544.0,32.883916828999645
728,0.3625064790248871,0.9164265129682997,0.9855907780979827,347,473.83565375208855,0.0,3848.48974609375,4544.0,32.92797323100967
729,0.5732148289680481,0.8929663608562691,0.9541284403669725,327,506.66922564804554,0.0,3848.48974609375,4544.0,32.970270067002275
730,0.42202505469322205,0.9169329073482428,0.9744408945686901,313,430.97502614557743,0.0,3848.48974609375,4544.0,33.01123682101024
731,0.42214518785476685,0.9080118694362018,0.9673590504451038,337,460.78841169178486,0.0,3848.48974609375,4544.0,33.054280002004816
732,0.3173809349536896,0.9425287356321839,0.9770114942528736,348,357.9304314106703,0.0,3848.48974609375,4544.0,33.09824428000138
733,0.08318042755126953,0.9818181818181818,0.996969696969697,330,191.2930810675025,0.0,3848.48974609375,4544.0,33.140555341000436
734,0.38081878423690796,0.9194029850746268,0.9731343283582089,335,406.69836334884167,0.0,3848.48974609375,4544.0,33.18336657399777
735,0.2551164925098419,0.9519519519519519,0.9819819819819819,333,314.75202026963234,0.0,3848.48974609375,4544.0,33.22626639100781
736,0.295177161693573,0.9425287356321839,0.9913793103448276,348,376.04692789912224,0.0,3848.48974609375,4544.0,33.27023632499913
737,0.34664633870124817,0.9352941176470588,0.9794117647058823,340,374.7249139547348,0.0,3848.48974609375,4544.0,33.313488393003354
738,0.15307514369487762,0.9634146341463414,0.9969512195121951,328,418.9739967137575,0.0,3848.48974609375,4544.0,33.35580873899744
739,0.4015272855758667,0.9159420289855073,0.9768115942028985,345,414.5682716667652,0.0,3848.48974609375,4544.0,33.399760758009506
740,0.29983705282211304,0.9317507418397626,0.9821958456973294,337,308.5816224068403,0.0,3848.48974609375,4544.0,33.44269627000904
741,0.06318657845258713,0.9876923076923076,1.0,325,154.4734875485301,0.0,3848.48974609375,4544.0,33.4846015330113
742,0.47363516688346863,0.9006024096385542,0.9698795180722891,332,414.2439928650856,0.0,3848.48974609375,4544.0,33.52715174200421
743,0.28275689482688904,0.9384164222873901,0.9794721407624634,341,318.9319006949663,0.0,3848.48974609375,4544.0,33.57038878100866
744,0.41266486048698425,0.9136490250696379,0.9860724233983287,359,410.84835839271545,0.0,3848.48974609375,4544.0,33.615287268999964
745,0.3951643407344818,0.9340974212034384,0.9713467048710601,349,414.6438998878002,0.0,3848.48974609375,4544.0,33.659562658009236
746,0.15852786600589752,0.9716088328075709,0.9936908517350158,317,284.19032417982817,0.0,3848.48974609375,4544.0,33.70094268899993
747,0.47823917865753174,0.898876404494382,0.9747191011235955,356,455.9622287005186,0.0,3848.48974609375,4544.0,33.74559261200193
748,0.26610615849494934,0.9325842696629213,0.9943820224719101,356,326.58504654467106,0.0,3848.48974609375,4544.0,33.79025399799866
749,0.46872395277023315,0.901685393258427,0.9719101123595506,356,421.5857682824135,0.0,3848.48974609375,4544.0,33.834936462008045
750,0.41374197602272034,0.9321533923303835,0.967551622418879,339,400.7110062241554,0.0,3848.48974609375,4544.0,33.878223831008654
751,0.2599525451660156,0.9333333333333333,0.9797101449275363,345,328.5751805752516,0.0,3848.48974609375,4544.0,33.921872548002284
752,0.19264455139636993,0.9624277456647399,0.9797687861271677,346,245.27805963158607,0.0,3848.48974609375,4544.0,33.96552149600757
753,0.31643053889274597,0.9172185430463576,0.9867549668874173,302,387.1620793938637,0.0,3848.48974609375,4544.0,34.0055449460051
754,0.4373399019241333,0.9226361031518625,0.9627507163323782,349,413.98801477253437,0.0,3848.48974609375,4544.0,34.04970897300518
755,0.23853392899036407,0.95,0.984375,320,296.8011776804924,0.0,3848.48974609375,4544.0,34.09122137300437
756,0.25954973697662354,0.9418960244648318,0.9877675840978594,327,298.30198633670807,0.0,3848.48974609375,4544.0,34.13338453300821
757,0.1316516250371933,0.9787234042553191,0.9908814589665653,329,202.52419640868902,0.0,3848.48974609375,4544.0,34.17565158000798
758,0.1679786741733551,0.963963963963964,0.993993993993994,333,262.48714059591293,0.0,3848.48974609375,4544.0,34.218501183000626
759,0.2564048767089844,0.93993993993994,0.984984984984985,333,302.75913195312023,0.0,3848.48974609375,4544.0,34.26126027700957
760,0.3851875066757202,0.9347826086956522,0.9720496894409938,322,414.10424031317234,0.0,3848.48974609375,4544.0,34.30306110600941
761,0.4451717436313629,0.9174603174603174,0.9714285714285714,315,388.0664404183626,0.0,3848.48974609375,4544.0,34.34420981499716
762,0.3076743185520172,0.9335347432024169,0.972809667673716,331,372.775180593133,0.0,3848.48974609375,4544.0,34.38685219100444
763,0.39441215991973877,0.9144542772861357,0.9793510324483776,339,425.81610991060734,0.0,3848.48974609375,4544.0,34.42990741900576
764,0.35275790095329285,0.923943661971831,0.9802816901408451,355,414.3014611899853,0.0,3848.48974609375,4544.0,34.47429581100005
765,0.1485603004693985,0.9654088050314465,0.9937106918238994,318,297.963191896677,0.0,3848.48974609375,4544.0,34.51553366900771
766,0.41349563002586365,0.8978978978978979,0.9819819819819819,333,405.42657592892647,0.0,3848.48974609375,4544.0,34.558243259001756
767,0.3150709569454193,0.9205882352941176,0.9764705882352941,340,458.9420683979988,0.0,3848.48974609375,4544.0,34.601444826010265
768,0.17584845423698425,0.9657142857142857,0.9942857142857143,350,286.657787181437,0.0,3848.48974609375,4544.0,34.64567443300621
769,0.2555699646472931,0.9393939393939394,0.9848484848484849,330,336.2338484376669,0.0,3848.48974609375,4544.0,34.68802434600366
770,0.19122271239757538,0.95,0.996875,320,314.08806306123734,0.0,3848.48974609375,4544.0,34.72946334100561
771,0.32100990414619446,0.933933933933934,0.978978978978979,333,391.5988163501024,0.0,3848.48974609375,4544.0,34.77218412900402
772,0.5202048420906067,0.9217391304347826,0.9652173913043478,345,416.26878023147583,0.0,3848.48974609375,4544.0,34.81575103600335
773,0.2521212697029114,0.9514285714285714,0.98,350,282.0529287904501,0.0,3848.48974609375,4544.0,34.85975659600808
774,0.2110157459974289,0.9680232558139535,0.9883720930232558,344,263.08050264418125,0.0,3848.48974609375,4544.0,34.90329894400202
775,0.4377076029777527,0.9169054441260746,0.9598853868194842,349,412.3659995496273,0.0,3848.48974609375,4544.0,34.94724896999833
776,0.27435585856437683,0.95,0.9823529411764705,340,298.156314894557,0.0,3848.48974609375,4544.0,34.990538723999634
777,0.20104721188545227,0.9482758620689655,0.9885057471264368,348,276.5023613125086,0.0,3848.48974609375,4544.0,35.0343931850075
778,0.34913092851638794,0.9296187683284457,0.9824046920821115,341,385.4519100636244,0.0,3848.48974609375,4544.0,35.07790949899936
779,0.45825016498565674,0.9019607843137255,0.9635854341736695,357,406.6342863291502,0.0,3848.48974609375,4544.0,35.12256989600428
780,0.5212880969047546,0.8916666666666667,0.9694444444444444,360,470.39922788739204,0.0,3848.48974609375,4544.0,35.167500370007474
781,0.2914527654647827,0.9307228915662651,0.9849397590361446,332,396.0631043165922,0.0,3848.48974609375,4544.0,35.210159035006654
782,0.49376651644706726,0.8994252873563219,0.9683908045977011,348,417.70887154340744,0.0,3848.48974609375,4544.0,35.25427403100184
783,0.24859054386615753,0.9520958083832335,0.9790419161676647,334,299.06453217566013,0.0,3848.48974609375,4544.0,35.297007821005536
784,0.28910425305366516,0.9476744186046512,0.9854651162790697,344,356.73872788250446,0.0,3848.48974609375,4544.0,35.34046052600024
785,0.2120765745639801,0.9611940298507463,0.9880597014925373,335,290.81018184125423,0.0,3848.48974609375,4544.0,35.38339828600874
786,0.6014259457588196,0.8724637681159421,0.9565217391304348,345,500.4663897752762,0.0,3848.48974609375,4544.0,35.42697128400323
787,0.25190475583076477,0.9384615384615385,0.9784615384615385,325,334.71074117720127,0.0,3848.48974609375,4544.0,35.468979425000725
788,0.4591362476348877,0.8967551622418879,0.967551622418879,339,414.69539391994476,0.0,3848.48974609375,4544.0,35.512374746002024
789,0.4310128688812256,0.9168975069252078,0.9667590027700831,361,526.5685250759125,0.0,3848.48974609375,4544.0,35.55745932699938
790,0.15077374875545502,0.954954954954955,0.993993993993994,333,264.9288300946355,0.0,3848.48974609375,4544.0,35.600185154005885
791,0.27072635293006897,0.9345238095238095,0.9851190476190477,336,342.7986152023077,0.0,3848.48974609375,4544.0,35.64305961500213
792,0.247974693775177,0.9597523219814241,0.9907120743034056,323,318.98293030261993,0.0,3848.48974609375,4544.0,35.684957535006106
793,0.23515602946281433,0.9614243323442137,0.9821958456973294,337,295.12210673093796,0.0,3848.48974609375,4544.0,35.727895860007266
794,0.267582505941391,0.943217665615142,0.9779179810725552,317,356.7254752665758,0.0,3848.48974609375,4544.0,35.76914105300966
795,0.3391354978084564,0.9244712990936556,0.9848942598187311,331,384.1342293173075,0.0,3848.48974609375,4544.0,35.81157143700693
796,0.5665087103843689,0.9025787965616046,0.9598853868194842,349,402.9375825226307,0.0,3848.48974609375,4544.0,35.855639290006366
797,0.40784916281700134,0.9297752808988764,0.9747191011235955,356,377.15516816079617,0.0,3848.48974609375,4544.0,35.90028711200284
798,0.28249862790107727,0.9401709401709402,0.9772079772079773,351,308.14605677872896,0.0,3848.48974609375,4544.0,35.944718642000225
799,0.30067771673202515,0.9314285714285714,0.9857142857142858,350,329.7717977911234,0.0,3848.48974609375,4544.0,35.98888606899709
800,0.09574684500694275,0.974025974025974,0.9967532467532467,308,245.0625619739294,0.0,3848.48974609375,4544.0,36.02943083101127
801,0.46568939089775085,0.9041916167664671,0.9730538922155688,334,445.99037240445614,0.0,3848.48974609375,4544.0,36.07228801000747
802,0.2534179389476776,0.9465875370919882,0.9851632047477745,337,285.97174966335297,0.0,3848.48974609375,4544.0,36.11547234399768
803,0.1563173234462738,0.9567901234567902,0.9969135802469136,324,282.9470518156886,0.0,3848.48974609375,4544.0,36.157483191011124
804,0.18807323276996613,0.9626168224299065,0.9875389408099688,321,306.24339912831783,0.0,3848.48974609375,4544.0,36.19939344500017
805,0.23925693333148956,0.95,0.9911764705882353,340,348.3739341497421,0.0,3848.48974609375,4544.0,36.242681717005325
806,0.38833126425743103,0.93993993993994,0.972972972972973,333,338.1229571327567,0.0,3848.48974609375,4544.0,36.28526721399976
807,0.20674535632133484,0.958217270194986,0.9944289693593314,359,351.22605180740356,0.0,3848.48974609375,4544.0,36.329993591003586
808,0.16466084122657776,0.9676470588235294,0.9941176470588236,340,273.6699932217598,0.0,3848.48974609375,4544.0,36.373606353008654
809,0.5092782378196716,0.8966480446927374,0.9636871508379888,358,445.7927132844925,0.0,3848.48974609375,4544.0,36.41856557500432
810,0.3514783978462219,0.9269005847953217,0.97953216374269,342,376.09453532099724,0.0,3848.48974609375,4544.0,36.46202996300417
811,0.18050402402877808,0.9598765432098766,0.9876543209876543,324,250.43695521354675,0.0,3848.48974609375,4544.0,36.503910305007594
812,0.3786250948905945,0.9260355029585798,0.9733727810650887,338,343.7314991056919,0.0,3848.48974609375,4544.0,36.54697258899978
813,0.22255949676036835,0.9613095238095238,0.9851190476190477,336,235.83588409423828,0.0,3848.48974609375,4544.0,36.58980109800177
814,0.5089893341064453,0.8970588235294118,0.9735294117647059,340,493.2971337735653,0.0,3848.48974609375,4544.0,36.633544802010874
815,0.2859133780002594,0.9462025316455697,0.9873417721518988,316,341.70861023664474,0.0,3848.48974609375,4544.0,36.67483226300101
816,0.3574941158294678,0.9230769230769231,0.9692307692307692,325,395.22890235483646,0.0,3848.48974609375,4544.0,36.71714059100486
817,0.25175783038139343,0.9418604651162791,0.9883720930232558,344,343.839043661952,0.0,3848.48974609375,4544.0,36.76057638300699
818,0.2667054235935211,0.9239766081871345,0.9824561403508771,342,328.18700459599495,0.0,3848.48974609375,4544.0,36.804162436004844
819,0.29940065741539,0.9291784702549575,0.9801699716713881,353,355.2640561759472,0.0,3848.48974609375,4544.0,36.848408901001676
820,0.04217015206813812,0.9912790697674418,1.0,344,121.65968907624483,0.0,3848.48974609375,4544.0,36.89200434900704
821,0.30130577087402344,0.9457831325301205,0.9759036144578314,332,340.5315789282322,0.0,3848.48974609375,4544.0,36.93468623900844
822,0.2236710786819458,0.9394904458598726,0.9936305732484076,314,383.9757066220045,0.0,3848.48974609375,4544.0,36.97591567999916
823,0.2380070835351944,0.9557522123893806,0.9852507374631269,339,290.43931525945663,0.0,3848.48974609375,4544.0,37.01916286800406
824,0.20217305421829224,0.9530791788856305,0.9970674486803519,341,297.7015413045883,0.0,3848.48974609375,4544.0,37.06253564800136
825,0.42779624462127686,0.9161676646706587,0.9700598802395209,334,434.25939305126667,0.0,3848.48974609375,4544.0,37.10544379100611
826,0.5274978280067444,0.9006024096385542,0.9608433734939759,332,439.68332202732563,0.0,3848.48974609375,4544.0,37.14805630000774
827,0.14243124425411224,0.9622093023255814,0.9941860465116279,344,272.30238661170006,0.0,3848.48974609375,4544.0,37.191503309004474
828,0.27664780616760254,0.9541284403669725,0.981651376146789,327,303.6595129966736,0.0,3848.48974609375,4544.0,37.23381828700076
829,0.18043102324008942,0.9584664536741214,0.9968051118210862,313,270.5381371974945,0.0,3848.48974609375,4544.0,37.27480968101008
830,0.16489729285240173,0.9601226993865031,0.99079754601227,326,261.8047868460417,0.0,3848.48974609375,4544.0,37.316784674010705
831,0.20385928452014923,0.9715099715099715,0.9857549857549858,351,200.5684825927019,0.0,3848.48974609375,4544.0,37.36078970199742
832,0.6373089551925659,0.8888888888888888,0.9472222222222222,360,423.54667168855667,0.0,3848.48974609375,4544.0,37.40583061100915
833,0.292525976896286,0.93993993993994,0.978978978978979,333,346.439977183938,0.0,3848.48974609375,4544.0,37.44859520799946
834,0.3309533894062042,0.9329608938547486,0.9720670391061452,358,356.8175735324621,0.0,3848.48974609375,4544.0,37.493399272003444
835,0.14529582858085632,0.9683544303797469,0.990506329113924,316,226.57454795390368,0.0,3848.48974609375,4544.0,37.534758538007736
836,0.49710169434547424,0.8939828080229226,0.9742120343839542,349,478.92638397216797,0.0,3848.48974609375,4544.0,37.578753441004665
837,0.3515738546848297,0.9276729559748428,0.9685534591194969,318,394.8609461635351,0.0,3848.48974609375,4544.0,37.62038500500785
838,0.27459681034088135,0.9491525423728814,0.9830508474576272,354,333.79435117542744,0.0,3848.48974609375,4544.0,37.6650511570042
839,0.19398988783359528,0.9531772575250836,0.9966555183946488,299,308.7259219288826,0.0,3848.48974609375,4544.0,37.704989183010184
840,0.33883005380630493,0.9296187683284457,0.9882697947214076,341,343.63366870582104,0.0,3848.48974609375,4544.0,37.748193442006595
841,0.18738113343715668,0.9480874316939891,0.9918032786885246,366,273.5039326325059,0.0,3848.48974609375,4544.0,37.79346812699805
842,0.2422139197587967,0.9484848484848485,0.9878787878787879,330,321.4717239588499,0.0,3848.48974609375,4544.0,37.83578684000531
843,0.30226898193359375,0.9493670886075949,0.9810126582278481,316,316.01035799086094,0.0,3848.48974609375,4544.0,37.87709869000537
844,0.25712090730667114,0.9373219373219374,0.9857549857549858,351,328.7098223865032,0.0,3848.48974609375,4544.0,37.922019211007864
845,0.3317730128765106,0.9425287356321839,0.985632183908046,348,348.3499614447355,0.0,3848.48974609375,4544.0,37.96591270600038
846,0.12173361331224442,0.9741935483870968,1.0,310,225.00787915289402,0.0,3848.48974609375,4544.0,38.00676540800487
847,0.30426275730133057,0.9548022598870056,0.9774011299435028,354,370.9394801110029,0.0,3848.48974609375,4544.0,38.051195894004195
848,0.39808085560798645,0.9181818181818182,0.9848484848484849,330,441.15008096396923,0.0,3848.48974609375,4544.0,38.093767097001546
849,0.3577430844306946,0.9352941176470588,0.9794117647058823,340,313.58172249794006,0.0,3848.48974609375,4544.0,38.136902416998055
850,0.4696500599384308,0.9418282548476454,0.9695290858725761,361,361.3117269128561,0.0,3848.48974609375,4544.0,38.18223341200792
851,0.4524988532066345,0.9279279279279279,0.972972972972973,333,435.86832712590694,0.0,3848.48974609375,4544.0,38.22484308600542
852,0.24745453894138336,0.9665653495440729,0.9817629179331308,329,274.35956605523825,0.0,3848.48974609375,4544.0,38.267096166004194
853,0.19975566864013672,0.9508670520231214,0.9884393063583815,346,283.08901809901,0.0,3848.48974609375,4544.0,38.31097143799707
854,0.3835676908493042,0.9095890410958904,0.9780821917808219,365,359.0257669836283,0.0,3848.48974609375,4544.0,38.35629634800716
855,0.18172423541545868,0.9640718562874252,0.9880239520958084,334,227.31034498661757,0.0,3848.48974609375,4544.0,38.399058467999566
856,0.21428319811820984,0.9367469879518072,0.9969879518072289,332,296.93694292753935,0.0,3848.48974609375,4544.0,38.441611757007195
857,0.2918933033943176,0.9451219512195121,0.9786585365853658,328,326.40786346793175,0.0,3848.48974609375,4544.0,38.483732389009674
858,0.13443689048290253,0.9728813559322034,0.9898305084745763,295,221.03229501098394,0.0,3848.48974609375,4544.0,38.523408740002196
859,0.19700801372528076,0.9673202614379085,0.9869281045751634,306,266.6938966885209,0.0,3848.48974609375,4544.0,38.56373838700529
860,0.30091431736946106,0.9342857142857143,0.9742857142857143,350,364.09533655643463,0.0,3848.48974609375,4544.0,38.60773261199938
861,0.3094051778316498,0.9465875370919882,0.9851632047477745,337,325.1980539560318,0.0,3848.48974609375,4544.0,38.650701295002364
862,0.24722085893154144,0.9449152542372882,0.9872881355932204,236,364.3968587964773,0.0,3848.48974609375,4544.0,38.68360273000144
863,0.26608404517173767,0.946875,0.978125,320,319.4017750918865,0.0,3848.48974609375,4544.0,38.72529719500744
864,0.3287595808506012,0.9228571428571428,0.9914285714285714,350,363.9230365753174,0.0,3848.48974609375,4544.0,38.76924281399988
865,0.22588756680488586,0.9467787114845938,0.9831932773109243,357,326.84718123078346,0.0,3848.48974609375,4544.0,38.81385917200532
866,0.16119489073753357,0.9618768328445748,0.9882697947214076,341,310.61026272177696,0.0,3848.48974609375,4544.0,38.85698481700092
867,0.1937493532896042,0.9501466275659824,0.9970674486803519,341,281.612521186471,0.0,3848.48974609375,4544.0,38.90049506899959
868,0.06947722285985947,0.9868852459016394,0.9967213114754099,305,126.257887724787,0.0,3848.48974609375,4544.0,38.940907055002754
869,0.28245848417282104,0.9211267605633803,0.9887323943661972,355,321.99835327267647,0.0,3848.48974609375,4544.0,38.9852533480007
870,0.20525430142879486,0.9554896142433235,0.9851632047477745,337,369.51948530972004,0.0,3848.48974609375,4544.0,39.02830313000595
871,0.35798436403274536,0.924791086350975,0.9805013927576601,359,364.6786045283079,0.0,3848.48974609375,4544.0,39.07299138500821
872,0.1399722397327423,0.9654088050314465,0.9937106918238994,318,195.06467154622078,0.0,3848.48974609375,4544.0,39.11447393900016
873,0.33826759457588196,0.9211267605633803,0.9887323943661972,355,404.794084623456,0.0,3848.48974609375,4544.0,39.158802022997406
874,0.25494956970214844,0.9447852760736196,0.9938650306748467,326,318.5283197760582,0.0,3848.48974609375,4544.0,39.20089113499853
875,0.2864982485771179,0.9181818181818182,0.9878787878787879,330,349.7924252897501,0.0,3848.48974609375,4544.0,39.24321460700594
876,0.2103547751903534,0.9470588235294117,0.9882352941176471,340,373.2033163458109,0.0,3848.48974609375,4544.0,39.28646352000942
877,0.28869345784187317,0.925,0.9861111111111112,360,380.94323486089706,0.0,3848.48974609375,4544.0,39.331287064997014
878,0.3642732799053192,0.9153005464480874,0.9699453551912568,366,381.7269238382578,0.0,3848.48974609375,4544.0,39.37693211900478
879,0.1319928914308548,0.9651162790697675,0.997093023255814,344,265.379264973104,0.0,3848.48974609375,4544.0,39.4205155850068
880,0.163511723279953,0.9674556213017751,0.9911242603550295,338,268.9224627241492,0.0,3848.48974609375,4544.0,39.46378517600533
881,0.0467270128428936,0.9832775919732442,1.0,299,198.35906498134136,0.0,3848.48974609375,4544.0,39.5035707240022
882,0.35030126571655273,0.9106628242074928,0.9884726224783862,347,429.3290910869837,0.0,3848.48974609375,4544.0,39.54739641700871
883,0.20799854397773743,0.953757225433526,0.9913294797687862,346,258.7870639413595,0.0,3848.48974609375,4544.0,39.591055466007674
884,0.2404252141714096,0.9526462395543176,0.9860724233983287,359,352.77640633285046,0.0,3848.48974609375,4544.0,39.63591281200934
885,0.10503475368022919,0.9787234042553191,0.9969604863221885,329,151.3907498344779,0.0,3848.48974609375,4544.0,39.67817809000553
886,0.2928343117237091,0.9352112676056338,0.9802816901408451,355,351.58096818625927,0.0,3848.48974609375,4544.0,39.722687266999856
887,0.26997435092926025,0.9415584415584416,0.9902597402597403,308,298.37143371999264,0.0,3848.48974609375,4544.0,39.76318629900925
888,0.17952603101730347,0.9560117302052786,0.9853372434017595,341,261.7764957398176,0.0,3848.48974609375,4544.0,39.80676645600761
889,0.41704487800598145,0.9193083573487032,0.9711815561959655,347,421.423821374774,0.0,3848.48974609375,4544.0,39.85042381900712
890,0.21572092175483704,0.9548192771084337,0.9909638554216867,332,308.5322773307562,0.0,3848.48974609375,4544.0,39.89290181800607
891,0.3455469310283661,0.9136490250696379,0.9832869080779945,359,428.2511553764343,0.0,3848.48974609375,4544.0,39.937699750997126
892,0.07542016357183456,0.9853372434017595,0.9970674486803519,341,131.0175471790135,0.0,3848.48974609375,4544.0,39.98085731100582
893,0.25499191880226135,0.9345794392523364,0.9875389408099688,321,371.08646562695503,0.0,3848.48974609375,4544.0,40.02236353499757
894,0.20596002042293549,0.939209726443769,0.9878419452887538,329,271.2991278320551,0.0,3848.48974609375,4544.0,40.064563107007416
895,0.21706290543079376,0.9501385041551247,0.9916897506925207,361,253.78721338510513,0.0,3848.48974609375,4544.0,40.109435406004195
896,0.210997074842453,0.9483282674772037,0.9878419452887538,329,285.58574905991554,0.0,3848.48974609375,4544.0,40.151546947003226
897,0.5004553198814392,0.8972222222222223,0.9527777777777777,360,442.51595009863377,0.0,3848.48974609375,4544.0,40.19637901399983
898,0.4610832631587982,0.8879551820728291,0.9719887955182073,357,476.0479269772768,0.0,3848.48974609375,4544.0,40.24129672300478
899,0.24319954216480255,0.9307228915662651,0.9969879518072289,332,410.6812446266413,0.0,3848.48974609375,4544.0,40.28395057799935
900,0.23344412446022034,0.9439775910364145,0.9859943977591037,357,309.18900810182095,0.0,3848.48974609375,4544.0,40.328901796005084
901,0.13502618670463562,0.9648093841642229,0.9970674486803519,341,177.9608891531825,0.0,3848.48974609375,4544.0,40.37279226700775
902,0.17266440391540527,0.9517684887459807,0.9935691318327974,311,274.2066553682089,0.0,3848.48974609375,4544.0,40.41364408801019
903,0.12179955840110779,0.9730538922155688,0.9970059880239521,334,242.09203849732876,0.0,3848.48974609375,4544.0,40.4563593280036
904,0.13346615433692932,0.9580645161290322,1.0,310,291.7121812403202,0.0,3848.48974609375,4544.0,40.49684593299753
905,0.3421350121498108,0.923943661971831,0.9774647887323944,355,367.5521515458822,0.0,3848.48974609375,4544.0,40.54133064500638
906,0.10179183632135391,0.9761194029850746,0.9940298507462687,335,228.40259891748428,0.0,3848.48974609375,4544.0,40.58415668499947
907,0.22851182520389557,0.952112676056338,0.9830985915492958,355,335.7042350023985,0.0,3848.48974609375,4544.0,40.62883030199737
908,0.38404977321624756,0.9204545454545454,0.9801136363636364,352,410.88750533759594,0.0,3848.48974609375,4544.0,40.673473096001544
909,0.15526318550109863,0.9501557632398754,1.0,321,255.7530378177762,0.0,3848.48974609375,4544.0,40.71501989700482
910,0.23309162259101868,0.9475218658892128,0.9854227405247813,343,306.1979885697365,0.0,3848.48974609375,4544.0,40.758477253009914
911,0.5985162854194641,0.88268156424581,0.9636871508379888,358,491.2530436515808,0.0,3848.48974609375,4544.0,40.80313744999876
912,0.16168184578418732,0.9659863945578231,0.9931972789115646,294,245.48833262175322,0.0,3848.48974609375,4544.0,40.84250658600649
913,0.10569656640291214,0.9752321981424149,1.0,323,200.73100738227367,0.0,3848.48974609375,4544.0,40.884420686998055
914,0.29085227847099304,0.9320113314447592,0.9915014164305949,353,348.93607157468796,0.0,3848.48974609375,4544.0,40.92892333200143
915,0.14411021769046783,0.9617834394904459,0.9904458598726115,314,259.40233889967203,0.0,3848.48974609375,4544.0,40.9699244700023
916,0.25823256373405457,0.9432835820895522,0.991044776119403,335,306.8456292152405,0.0,3848.48974609375,4544.0,41.01270119199762
917,0.3027213215827942,0.9223880597014925,0.9791044776119403,335,398.6591036915779,0.0,3848.48974609375,4544.0,41.055492917002994
918,0.3186030387878418,0.9216300940438872,0.9843260188087775,319,395.2742800414562,0.0,3848.48974609375,4544.0,41.097353691002354
919,0.22277683019638062,0.9557522123893806,0.9852507374631269,339,274.0698085427284,0.0,3848.48974609375,4544.0,41.140528119009105
920,0.27057722210884094,0.9387755102040817,0.9795918367346939,343,368.7327038794756,0.0,3848.48974609375,4544.0,41.18393756900332
921,0.25020432472229004,0.925207756232687,0.9889196675900277,361,375.1556993871927,0.0,3848.48974609375,4544.0,41.22884212200006
922,0.1147497370839119,0.9762611275964391,0.9970326409495549,337,184.00744061917067,0.0,3848.48974609375,4544.0,41.271780283001135
923,0.2592184245586395,0.9375,0.9914772727272727,352,346.06229142844677,0.0,3848.48974609375,4544.0,41.31610797801113
924,0.1871252804994583,0.9528023598820059,0.9911504424778761,339,352.53102676570415,0.0,3848.48974609375,4544.0,41.359269394000876
925,0.3742493987083435,0.9149560117302052,0.9736070381231672,341,400.32402478158474,0.0,3848.48974609375,4544.0,41.402604814007645
926,0.2819085717201233,0.9454545454545454,0.9787878787878788,330,332.1249492764473,0.0,3848.48974609375,4544.0,41.44509315599862
927,0.1552172601222992,0.9640718562874252,0.9940119760479041,334,288.50032594799995,0.0,3848.48974609375,4544.0,41.48757879799814
928,0.18803440034389496,0.9585798816568047,0.9881656804733728,338,277.93000146746635,0.0,3848.48974609375,4544.0,41.53080741901067
929,0.25000065565109253,0.9358600583090378,0.9883381924198251,343,372.5576163828373,0.0,3848.48974609375,4544.0,41.57426618800673
930,0.19701503217220306,0.9697885196374623,0.9879154078549849,331,228.97144552320242,0.0,3848.48974609375,4544.0,41.61689977700007
931,0.217056542634964,0.9529780564263323,0.987460815047022,319,300.527681902051,0.0,3848.48974609375,4544.0,41.658406462011044
932,0.23292559385299683,0.9525222551928784,0.9881305637982196,337,276.0816289409995,0.0,3848.48974609375,4544.0,41.70136672400986
933,0.19703391194343567,0.9582089552238806,0.9880597014925373,335,313.0476412475109,0.0,3848.48974609375,4544.0,41.74417569200159
934,0.30720430612564087,0.9350282485875706,0.980225988700565,354,366.2693907916546,0.0,3848.48974609375,4544.0,41.788509013000294
935,0.13433831930160522,0.9652173913043478,0.9971014492753624,345,247.00880554318428,0.0,3848.48974609375,4544.0,41.832253665008466
936,0.3479958176612854,0.9287749287749287,0.9772079772079773,351,416.1382782161236,0.0,3848.48974609375,4544.0,41.87641628200072
937,0.24393394589424133,0.9427710843373494,0.9879518072289156,332,305.6360639631748,0.0,3848.48974609375,4544.0,41.91928345699853
938,0.24486513435840607,0.9539877300613497,0.9846625766871165,326,259.68027817457914,0.0,3848.48974609375,4544.0,41.96158917499997
939,0.27206194400787354,0.944954128440367,0.9755351681957186,327,380.0156022012234,0.0,3848.48974609375,4544.0,42.00383332101046
940,0.10797496885061264,0.9792284866468842,1.0,337,225.85819512605667,0.0,3848.48974609375,4544.0,42.04680039900995
941,0.2138861119747162,0.9517045454545454,0.9829545454545454,352,252.4546862989664,0.0,3848.48974609375,4544.0,42.090880064002704
942,0.4276907444000244,0.9093567251461988,0.97953216374269,342,422.27750454843044,0.0,3848.48974609375,4544.0,42.13424270199903
943,0.1166488453745842,0.9706840390879479,0.996742671009772,307,206.24400357156992,0.0,3848.48974609375,4544.0,42.17484572400281
944,0.3535730540752411,0.9138888888888889,0.9916666666666667,360,332.120301425457,0.0,3848.48974609375,4544.0,42.21964750799816
945,0.31308358907699585,0.9365079365079365,0.9777777777777777,315,314.46151865273714,0.0,3848.48974609375,4544.0,42.26093153000693
946,0.09970105439424515,0.9848024316109423,0.993920972644377,329,136.95299834758043,0.0,3848.48974609375,4544.0,42.30317860600189
947,0.3237511217594147,0.9312320916905444,0.9856733524355301,349,349.1100504398346,0.0,3848.48974609375,4544.0,42.34684529399965
948,0.2251550406217575,0.9478260869565217,0.9884057971014493,345,377.67466969788074,0.0,3848.48974609375,4544.0,42.390696785005275
949,0.20111654698848724,0.9560117302052786,0.9912023460410557,341,282.2610159665346,0.0,3848.48974609375,4544.0,42.4340058430098
950,0.3838154077529907,0.9028571428571428,0.9857142857142858,350,457.6240103542805,0.0,3848.48974609375,4544.0,42.478227197003434
951,0.40985050797462463,0.900523560209424,0.9790575916230366,382,391.74937234818935,0.0,3848.48974609375,4544.0,42.52516513199953
952,0.2550661563873291,0.9325513196480938,0.9853372434017595,341,290.6609307080507,0.0,3848.48974609375,4544.0,42.5684061320062
953,0.12983891367912292,0.9748427672955975,0.9968553459119497,318,189.7596836835146,0.0,3848.48974609375,4544.0,42.6098247780028
954,0.21210592985153198,0.9395770392749244,0.9909365558912386,331,272.8886234611273,0.0,3848.48974609375,4544.0,42.652607386000454
955,0.3754473328590393,0.9051724137931034,0.9827586206896551,348,401.62347677350044,0.0,3848.48974609375,4544.0,42.69643921899842
956,0.3128555417060852,0.9256198347107438,0.9807162534435262,363,378.4515370428562,0.0,3848.48974609375,4544.0,42.741559472997324
957,0.1351669877767563,0.9790419161676647,0.9910179640718563,334,202.2374531403184,0.0,3848.48974609375,4544.0,42.78429732999939
958,0.21555642783641815,0.962536023054755,0.9855907780979827,347,279.1522209122777,0.0,3848.48974609375,4544.0,42.82826730400848
959,0.19593659043312073,0.9373040752351097,1.0,319,283.19539492577314,0.0,3848.48974609375,4544.0,42.86961750900082
960,0.32262274622917175,0.9157303370786517,0.9775280898876404,356,318.29973712563515,0.0,3848.48974609375,4544.0,42.914116683008615
961,0.28151068091392517,0.9108635097493036,0.9888579387186629,359,392.7824048101902,0.0,3848.48974609375,4544.0,42.95896158000687
962,0.4085121154785156,0.905982905982906,0.98005698005698,351,486.9340357929468,0.0,3848.48974609375,4544.0,43.003104600997176
963,0.2839922308921814,0.94,0.9771428571428571,350,313.33284425735474,0.0,3848.48974609375,4544.0,43.04719579999801
964,0.11468995362520218,0.9682080924855492,0.9884393063583815,346,192.81532233208418,0.0,3848.48974609375,4544.0,43.0909440950054
965,0.1961715668439865,0.9541547277936963,0.994269340974212,349,276.49592400342226,0.0,3848.48974609375,4544.0,43.134897119001835
966,0.24843263626098633,0.9437869822485208,0.9881656804733728,338,297.6509870737791,0.0,3848.48974609375,4544.0,43.17804909699771
967,0.34142541885375977,0.9230769230769231,0.9846153846153847,325,387.42907170951366,0.0,3848.48974609375,4544.0,43.22012615800486
968,0.21655000746250153,0.9515151515151515,0.9878787878787879,330,294.9662723839283,0.0,3848.48974609375,4544.0,43.2625765499979
969,0.31044209003448486,0.9241573033707865,0.9859550561797753,356,322.75586265325546,0.0,3848.48974609375,4544.0,43.30714591300057
970,0.20076152682304382,0.9480122324159022,0.9908256880733946,327,366.27898935973644,0.0,3848.48974609375,4544.0,43.349211687003844
971,0.11746806651353836,0.9602649006622517,0.9966887417218543,302,277.89537467062473,0.0,3848.48974609375,4544.0,43.3891442840104
972,0.1937207728624344,0.9508670520231214,0.9884393063583815,346,296.13997623324394,0.0,3848.48974609375,4544.0,43.432949652997195
973,0.24152469635009766,0.9418960244648318,0.9877675840978594,327,310.8592099249363,0.0,3848.48974609375,4544.0,43.475091611006064
974,0.24333682656288147,0.9578313253012049,0.9849397590361446,332,318.58451621234417,0.0,3848.48974609375,4544.0,43.51746890100185
975,0.27033063769340515,0.9318885448916409,0.9876160990712074,323,400.3861471414566,0.0,3848.48974609375,4544.0,43.5592207560112
976,0.307782918214798,0.924791086350975,0.9860724233983287,359,360.989234700799,0.0,3848.48974609375,4544.0,43.604292199001065
977,0.26369568705558777,0.9473684210526315,0.9814241486068112,323,334.64837588369846,0.0,3848.48974609375,4544.0,43.64619588300411
978,0.22948670387268066,0.9420289855072463,0.9884057971014493,345,326.38577976822853,0.0,3848.48974609375,4544.0,43.690086636997876
979,0.22485125064849854,0.9553571428571429,0.9940476190476191,336,293.1547878533602,0.0,3848.48974609375,4544.0,43.73303347200272
980,0.21568486094474792,0.9627507163323782,0.9828080229226361,349,260.72623485326767,0.0,3848.48974609375,4544.0,43.77695904500433
981,0.16215160489082336,0.9596541786743515,0.9884726224783862,347,260.9478632211685,0.0,3848.48974609375,4544.0,43.820582711006864
982,0.3898346424102783,0.9070422535211268,0.971830985915493,355,420.42717500030994,0.0,3848.48974609375,4544.0,43.865039948999765
983,0.2719195485115051,0.9363636363636364,0.9787878787878788,330,341.09925313293934,0.0,3848.48974609375,4544.0,43.90748253000493
984,0.3485928177833557,0.916923076923077,0.9876923076923076,325,313.7659759968519,0.0,3848.48974609375,4544.0,43.94947730501008
985,0.3075946867465973,0.9317507418397626,0.9821958456973294,337,345.4874704629183,0.0,3848.48974609375,4544.0,43.9924289870105
986,0.17160865664482117,0.9624277456647399,0.9884393063583815,346,273.30557034909725,0.0,3848.48974609375,4544.0,44.035951181009295
987,0.31836235523223877,0.938953488372093,0.9912790697674418,344,362.37439866364,0.0,3848.48974609375,4544.0,44.07942761101003
988,0.31762391328811646,0.9491017964071856,0.9880239520958084,334,383.53582298755646,0.0,3848.48974609375,4544.0,44.12247857800685
989,0.05813605338335037,0.9937304075235109,0.9968652037617555,319,107.06787071749568,0.0,3848.48974609375,4544.0,44.16381833500054
990,0.2771511375904083,0.9287833827893175,0.9851632047477745,337,365.2822053283453,0.0,3848.48974609375,4544.0,44.206746633004514
991,0.2861715853214264,0.9459459459459459,0.978978978978979,333,358.5513918399811,0.0,3848.48974609375,4544.0,44.24939947700477
992,0.2502748966217041,0.9369369369369369,0.9819819819819819,333,406.3804916292429,0.0,3848.48974609375,4544.0,44.29203778000374
993,0.30155274271965027,0.9186746987951807,0.9849397590361446,332,390.60343438386917,0.0,3848.48974609375,4544.0,44.33456713100895
994,0.2819053530693054,0.9469026548672567,0.9793510324483776,339,389.8285417109728,0.0,3848.48974609375,4544.0,44.3777394080098
995,0.11465361714363098,0.9780564263322884,0.9937304075235109,319,235.24166833609343,0.0,3848.48974609375,4544.0,44.4193474430067
996,0.2005639523267746,0.9469026548672567,0.9882005899705014,339,311.6630762219429,0.0,3848.48974609375,4544.0,44.46257809200324
997,0.34858620166778564,0.9351851851851852,0.9722222222222222,324,348.70237289369106,0.0,3848.48974609375,4544.0,44.504373896008474
998,0.20143866539001465,0.9563953488372093,0.9941860465116279,344,293.113029435277,0.0,3848.48974609375,4544.0,44.547990627004765
999,0.27513983845710754,0.9481268011527377,0.9855907780979827,347,296.2111709266901,0.0,3848.48974609375,4544.0,44.591720038006315
1000,0.3909110426902771,0.8983050847457628,0.9830508474576272,354,404.3134946376085,0.0,3848.48974609375,4544.0,44.636103937998996
