step,loss,adapter_grad_abs_sum,llm_grad_abs_sum,gpu_mem_allocated_mb,gpu_mem_reserved_mb,elapsed_sec
1,8.599400520324707,79426.4378414154,0.0,3500.8271484375,4148.0,0.37276195199228823
2,7.171757221221924,15778.215002536774,0.0,3565.9853515625,4160.0,0.4085770989768207
3,6.3144941329956055,12211.111068665981,0.0,3583.24609375,4162.0,0.44022238603793085
4,5.220194339752197,10322.331744074821,0.0,3583.24609375,4162.0,0.4701648609479889
5,5.57454776763916,6652.411502301693,0.0,3583.24609375,4162.0,0.5003533830167726
6,4.593400955200195,6915.677864730358,0.0,3584.2412109375,4162.0,0.5302136440295726
7,5.166467189788818,10668.146827340126,0.0,3699.53662109375,4186.0,0.5655783059773967
8,4.574994087219238,5653.442050457001,0.0,3699.53662109375,4186.0,0.5959612800506875
9,3.9356443881988525,41815.124005794525,0.0,3699.53662109375,4186.0,0.6262074019759893
10,4.585607528686523,7909.957902818918,0.0,3699.53662109375,4186.0,0.656302222982049
11,3.473128318786621,8172.733676433563,0.0,3699.53662109375,4186.0,0.6863908560480922
12,3.5040409564971924,7539.645025789738,0.0,3699.53662109375,4186.0,0.7171182669699192
13,3.2516655921936035,8267.461827903986,0.0,3699.53662109375,4186.0,0.7474294389830902
14,3.473130941390991,8626.71353058517,0.0,3699.53662109375,4186.0,0.7774351220577955
15,3.1480417251586914,15065.579163134098,0.0,3765.34130859375,4188.0,0.8082922280300409
16,2.5672993659973145,10856.826113551855,0.0,3765.34130859375,4188.0,0.838654536055401
17,3.0287256240844727,7455.762133911252,0.0,3765.34130859375,4188.0,0.8690608020406216
18,3.0682339668273926,6166.380266338587,0.0,3765.34130859375,4188.0,0.8990580179961398
19,2.917412281036377,7518.414224818349,0.0,3765.34130859375,4188.0,0.9290907250251621
20,2.19321346282959,7437.24061101675,0.0,3765.34130859375,4188.0,0.9591971159679815
21,1.922062873840332,5876.364177659154,0.0,3765.34130859375,4188.0,0.9891518850345165
22,2.5366148948669434,9082.285362154245,0.0,3765.34130859375,4188.0,1.0194153330521658
23,1.7526516914367676,6505.998867496848,0.0,3765.34130859375,4188.0,1.0495713689597324
24,3.294459342956543,14873.805066525936,0.0,3765.34130859375,4188.0,1.0795475620543584
25,2.7576727867126465,11089.103195369244,0.0,3765.34130859375,4188.0,1.109542457968928
26,1.9479421377182007,7691.889839410782,0.0,3765.34130859375,4188.0,1.1399142360314727
27,2.5362563133239746,18402.272129297256,0.0,3765.34130859375,4188.0,1.1702644559554756
28,1.7544862031936646,5845.239440605044,0.0,3765.34130859375,4188.0,1.2002035359619185
29,1.7116730213165283,11165.789484396577,0.0,3765.34130859375,4188.0,1.230159600963816
30,1.5587722063064575,5400.528343915939,0.0,3765.34130859375,4188.0,1.2601519220042974
31,1.4633499383926392,6223.7919110655785,0.0,3765.34130859375,4188.0,1.2901593280257657
32,2.9491233825683594,7338.699246048927,0.0,3765.34130859375,4188.0,1.3202784520108253
33,1.2272446155548096,4767.921604588628,0.0,3765.34130859375,4188.0,1.3508229779545218
34,1.6208362579345703,6204.57886081934,0.0,3765.34130859375,4188.0,1.3808469340438023
35,1.245097041130066,4825.955957971513,0.0,3765.34130859375,4188.0,1.4109340100549161
36,1.5278350114822388,7695.911051481962,0.0,3765.34130859375,4188.0,1.440963256987743
37,1.2340939044952393,5301.581999003887,0.0,3765.34130859375,4188.0,1.471053080051206
38,0.9946357011795044,4264.908449664712,0.0,3765.34130859375,4188.0,1.5010573549661785
39,2.153508186340332,5725.97035574913,0.0,3765.34130859375,4188.0,1.5313199419761077
40,1.001143217086792,4546.308692358434,0.0,3765.34130859375,4188.0,1.561532499967143
41,1.0673686265945435,4985.22768497467,0.0,3765.34130859375,4188.0,1.5916589070111513
42,2.7179155349731445,9210.098369047046,0.0,3765.34130859375,4188.0,1.6218775539891794
43,0.9357336163520813,5204.032871454954,0.0,3765.34130859375,4188.0,1.6520128980046138
44,1.1469643115997314,5005.282105058432,0.0,3765.34130859375,4188.0,1.6821020509814844
45,1.1235151290893555,4000.7442463487387,0.0,3765.34130859375,4188.0,1.7121201460249722
46,1.002974510192871,3898.772019714117,0.0,3765.34130859375,4188.0,1.742207781993784
47,0.8575712442398071,3719.8650323450565,0.0,3765.34130859375,4188.0,1.772406789008528
48,0.745031476020813,2476.878592438996,0.0,3765.34130859375,4188.0,1.8025224650045857
49,0.9684932231903076,4021.9862629175186,0.0,3765.34130859375,4188.0,1.8327042569871992
50,0.9251096248626709,3163.438958272338,0.0,3765.34130859375,4188.0,1.8632296939613298
51,0.9357831478118896,3181.3625650405884,0.0,3765.34130859375,4188.0,1.893299903953448
52,0.8418647050857544,3330.2469963356853,0.0,3765.34130859375,4188.0,1.923535194946453
53,2.4815948009490967,7602.042833030224,0.0,3765.34130859375,4188.0,1.953801286057569
54,2.7889151573181152,5462.976375572383,0.0,3765.34130859375,4188.0,1.9840508960187435
55,0.788469672203064,4343.269504725933,0.0,3765.34130859375,4188.0,2.014061294030398
56,2.0280683040618896,4068.9172725640237,0.0,3765.34130859375,4188.0,2.044229527004063
57,0.7878414988517761,3104.1405265182257,0.0,3765.34130859375,4188.0,2.074472557986155
58,2.1473441123962402,5112.000690340996,0.0,3765.34130859375,4188.0,2.1045353260124102
59,2.442765712738037,6688.900109529495,0.0,3765.34130859375,4188.0,2.134609429980628
60,2.0653672218322754,4419.351805910468,0.0,3765.34130859375,4188.0,2.1647204930195585
61,0.6122118234634399,2697.7715697064996,0.0,3765.34130859375,4188.0,2.194825818995014
62,0.554490327835083,2976.5258016623557,0.0,3765.34130859375,4188.0,2.2249141009524465
63,1.8201367855072021,4197.170506194234,0.0,3765.34130859375,4188.0,2.254986213054508
64,2.184133768081665,7916.4092333465815,0.0,3765.34130859375,4188.0,2.285106110968627
65,0.6067807674407959,3992.374161452055,0.0,3765.34130859375,4188.0,2.315252189990133
66,0.8209538459777832,3075.4029045701027,0.0,3765.34130859375,4188.0,2.345559083041735
67,2.1908206939697266,4183.71773250401,0.0,3765.34130859375,4188.0,2.375944279949181
68,0.6982204914093018,3195.251307051629,0.0,3765.34130859375,4188.0,2.4059986820211634
69,0.8244621753692627,3869.479812607169,0.0,3765.34130859375,4188.0,2.4361278159776703
70,3.6333632469177246,6992.502655223012,0.0,3766.22705078125,4190.0,2.466458184993826
71,0.7196428179740906,2538.738309279084,0.0,3766.22705078125,4190.0,2.4965062140254304
72,0.6456131935119629,2091.508536566049,0.0,3766.22705078125,4190.0,2.5267173120519146
73,2.0024571418762207,4048.299045369029,0.0,3766.22705078125,4190.0,2.5567611099686474
74,2.3161282539367676,5674.752141728997,0.0,3766.22705078125,4190.0,2.5869691879488528
75,0.8299084305763245,3485.306596338749,0.0,3766.22705078125,4190.0,2.6170703700045124
76,0.6866295337677002,2546.493802025914,0.0,3766.22705078125,4190.0,2.647146114963107
77,0.6156570315361023,3221.8556272387505,0.0,3766.22705078125,4190.0,2.67759636498522
78,0.7331221103668213,3816.0351908132434,0.0,3766.22705078125,4190.0,2.707733109011315
79,0.7488073110580444,3501.4029474258423,0.0,3766.22705078125,4190.0,2.737860379042104
80,0.7584080696105957,3752.004941031337,0.0,3766.22705078125,4190.0,2.76795932801906
81,0.6555885672569275,5287.747555345297,0.0,3766.22705078125,4190.0,2.797936063958332
82,0.7763736248016357,7007.699360132217,0.0,3766.22705078125,4190.0,2.8283126420574263
83,0.6997653245925903,10191.296621084213,0.0,3766.22705078125,4190.0,2.858689181972295
84,0.8136149644851685,2749.280202180147,0.0,3766.22705078125,4190.0,2.8888368520420045
85,2.567974328994751,5249.377311810851,0.0,3766.22705078125,4190.0,2.9193657520227134
86,0.7747170925140381,3001.5134103149176,0.0,3766.22705078125,4190.0,2.949433687957935
87,0.8321818709373474,4666.226565405726,0.0,3766.22705078125,4190.0,2.9794846000149846
88,0.7035049796104431,4348.510842710733,0.0,3766.22705078125,4190.0,3.0095592360012233
89,0.7756640911102295,2509.7141495905817,0.0,3766.22705078125,4190.0,3.039697733009234
90,0.7987948060035706,2271.904114153236,0.0,3766.22705078125,4190.0,3.0697030030423775
91,2.490616798400879,5655.99734890461,0.0,3766.22705078125,4190.0,3.0996293160133064
92,1.8539358377456665,4274.108568683267,0.0,3766.22705078125,4190.0,3.129798182984814
93,0.7114616632461548,2454.671343624592,0.0,3766.22705078125,4190.0,3.159798988024704
94,0.7352330684661865,2538.3038715720177,0.0,3766.22705078125,4190.0,3.189861468039453
95,0.6595758199691772,3063.207643173635,0.0,3766.22705078125,4190.0,3.219900795025751
96,0.7970670461654663,3209.7446578145027,0.0,3766.22705078125,4190.0,3.2499541790457442
97,0.7523996829986572,6070.796183824539,0.0,3766.22705078125,4190.0,3.2800469819922
98,0.760997474193573,2771.7276118695736,0.0,3766.22705078125,4190.0,3.310044207959436
99,0.6541483402252197,1643.1888257488608,0.0,3766.22705078125,4190.0,3.3401508879614994
100,0.7293721437454224,3787.369535073638,0.0,3766.22705078125,4190.0,3.3705342459725216
101,0.8391420841217041,3480.6470680087805,0.0,3766.22705078125,4190.0,3.4007650909479707
102,0.6094543933868408,3801.209714218974,0.0,3766.22705078125,4190.0,3.4309031759621575
103,2.660731315612793,3764.14969881624,0.0,3766.22705078125,4190.0,3.460940990014933
104,0.661613941192627,2496.429097086191,0.0,3766.22705078125,4190.0,3.490942789008841
105,0.6016443967819214,2254.0979064144194,0.0,3766.22705078125,4190.0,3.5210521570406854
106,0.8095687627792358,2382.108964446932,0.0,3766.22705078125,4190.0,3.5510835360037163
107,0.7401982545852661,2450.9048883914948,0.0,3766.22705078125,4190.0,3.581267794012092
108,2.176372766494751,3499.110129661858,0.0,3766.22705078125,4190.0,3.6114066500449553
109,0.689258337020874,3706.951967611909,0.0,3766.22705078125,4190.0,3.641556991962716
110,1.5926882028579712,3226.5036393105984,0.0,3766.22705078125,4190.0,3.6715929680503905
111,0.5432555079460144,1788.8660651780665,0.0,3766.22705078125,4190.0,3.7016115710139275
112,0.8493466377258301,3048.4495096057653,0.0,3766.22705078125,4190.0,3.7318638750584796
113,0.8177731037139893,3462.6667395308614,0.0,3766.22705078125,4190.0,3.7619406019803137
114,1.7116631269454956,2345.2755175977945,0.0,3766.22705078125,4190.0,3.7919649260584265
115,0.6954649686813354,2551.9578185230494,0.0,3766.22705078125,4190.0,3.8219471219927073
116,2.056514024734497,3666.3655820786953,0.0,3766.22705078125,4190.0,3.8522449750453234
117,0.7744871973991394,4313.916319102049,0.0,3766.22705078125,4190.0,3.8825699869776145
118,0.5941460132598877,1401.6801909133792,0.0,3766.22705078125,4190.0,3.9126297009643167
119,0.6892256736755371,1823.9051455706358,0.0,3766.22705078125,4190.0,3.9427352879429236
120,1.9393947124481201,4085.5372829139233,0.0,3766.22705078125,4190.0,3.9726619690191
121,0.6972846388816833,1808.1223787516356,0.0,3766.22705078125,4190.0,4.002677015028894
122,0.806530237197876,2405.6193337589502,0.0,3766.22705078125,4190.0,4.032938054995611
123,0.79461669921875,1794.7704109475017,0.0,3766.22705078125,4190.0,4.063060970976949
124,0.8837176561355591,2428.032435052097,0.0,3766.22705078125,4190.0,4.093079044017941
125,0.6636886596679688,1835.7338929325342,0.0,3766.22705078125,4190.0,4.12314319901634
126,0.6740634441375732,1810.490961894393,0.0,3766.22705078125,4190.0,4.153263277024962
127,0.6487596035003662,1726.1590361595154,0.0,3766.22705078125,4190.0,4.183397543965839
128,0.7371594905853271,2128.257329747081,0.0,3766.22705078125,4190.0,4.213449959992431
129,0.5818066000938416,1286.6324642561376,0.0,3766.22705078125,4190.0,4.243570351973176
130,0.569159746170044,1582.222893629223,0.0,3766.22705078125,4190.0,4.2735595050035045
131,0.6199915409088135,1523.4078865125775,0.0,3766.22705078125,4190.0,4.303626555018127
132,0.5507619380950928,2419.229563333094,0.0,3766.22705078125,4190.0,4.3338708450319245
133,0.6634452939033508,2129.4545468613505,0.0,3766.22705078125,4190.0,4.3641394739970565
134,0.7557722330093384,2026.713070601225,0.0,3766.22705078125,4190.0,4.394345522043295
135,1.3560152053833008,2932.1951574496925,0.0,3766.22705078125,4190.0,4.424336020951159
136,1.6103663444519043,2515.101106416434,0.0,3766.22705078125,4190.0,4.454391314997338
137,2.224534511566162,3079.6155976206064,0.0,3766.22705078125,4190.0,4.484698127023876
138,0.6477776765823364,1684.7217576801777,0.0,3766.22705078125,4190.0,4.514576622052118
139,1.3204492330551147,1877.911684423685,0.0,3766.22705078125,4190.0,4.544591156998649
140,0.7422354221343994,1319.1209453120828,0.0,3766.22705078125,4190.0,4.574631824041717
141,0.7099181413650513,1371.0049965456128,0.0,3766.22705078125,4190.0,4.604678979958408
142,0.5490909218788147,1177.5676880404353,0.0,3766.22705078125,4190.0,4.6348256840137765
143,0.6656023263931274,1459.7242694422603,0.0,3766.22705078125,4190.0,4.664865785045549
144,0.6949512362480164,1210.9971391782165,0.0,3766.22705078125,4190.0,4.694761279039085
145,0.6127695441246033,1332.481641434133,0.0,3766.22705078125,4190.0,4.724851139006205
146,0.47373998165130615,1502.1409386098385,0.0,3766.22705078125,4190.0,4.7549537169979885
147,0.5416932106018066,1011.6583968624473,0.0,3766.22705078125,4190.0,4.785171616007574
148,2.0447263717651367,2945.2458625733852,0.0,3766.22705078125,4190.0,4.815268481965177
149,1.7699259519577026,2645.6166033521295,0.0,3766.22705078125,4190.0,4.845354828052223
150,0.6989753246307373,1385.3629689961672,0.0,3766.22705078125,4190.0,4.875707222032361
151,1.6203224658966064,3583.091811865568,0.0,3766.22705078125,4190.0,4.905893911025487
152,0.623436689376831,1436.5036604106426,0.0,3766.22705078125,4190.0,4.936181118013337
153,0.63422691822052,1429.1100388467312,0.0,3766.22705078125,4190.0,4.966287552961148
154,1.6845942735671997,2052.682192195207,0.0,3766.22705078125,4190.0,4.996409012004733
155,0.5016858577728271,1332.0112797543406,0.0,3766.22705078125,4190.0,5.0264523919904605
156,1.6056617498397827,1889.097355749458,0.0,3766.22705078125,4190.0,5.056668990990147
157,0.47076115012168884,1498.2426320537925,0.0,3766.22705078125,4190.0,5.0868081039516255
158,0.5388810038566589,1851.0521863922477,0.0,3766.22705078125,4190.0,5.116979048005305
159,0.5904275178909302,1027.5207867845893,0.0,3766.22705078125,4190.0,5.147022127988748
160,0.5814887881278992,1485.066873729229,0.0,3766.22705078125,4190.0,5.176990451989695
161,1.7468934059143066,2474.496227785945,0.0,3766.22705078125,4190.0,5.206983988056891
162,0.7028911113739014,1955.6333851590753,0.0,3766.22705078125,4190.0,5.237208775943145
163,0.5968265533447266,1131.2784177698195,0.0,3766.22705078125,4190.0,5.267313870019279
164,0.6206380128860474,1265.6455730721354,0.0,3766.22705078125,4190.0,5.297360309981741
165,1.6622644662857056,2437.866485565901,0.0,3766.22705078125,4190.0,5.327367271995172
166,0.7670484781265259,2222.1551568061113,0.0,3766.22705078125,4190.0,5.358047601999715
167,0.5399874448776245,1244.3945981264114,0.0,3766.22705078125,4190.0,5.388411225983873
168,0.5686113238334656,1374.431436136365,0.0,3766.22705078125,4190.0,5.4185459279688075
169,1.153210163116455,1223.8357162475586,0.0,3766.22705078125,4190.0,5.448755944962613
170,0.5027410984039307,1381.196828044951,0.0,3766.22705078125,4190.0,5.478787843952887
171,0.6540310382843018,1247.5959186702967,0.0,3766.22705078125,4190.0,5.508913267985918
172,0.7016143798828125,1215.5315531119704,0.0,3766.22705078125,4190.0,5.539181394968182
173,0.5445181131362915,1456.805844411254,0.0,3766.22705078125,4190.0,5.569201395963319
174,0.47239693999290466,939.3286102041602,0.0,3766.22705078125,4190.0,5.599367844057269
175,0.668989360332489,1827.157622255385,0.0,3766.22705078125,4190.0,5.629397470038384
176,0.5343750715255737,1488.6094156205654,0.0,3766.22705078125,4190.0,5.659569118055515
177,1.7819068431854248,3542.4825704693794,0.0,3766.22705078125,4190.0,5.68979388801381
178,2.6408770084381104,4208.468386188149,0.0,3766.22705078125,4190.0,5.7198250270448625
179,1.1405689716339111,1445.4716955423355,0.0,3766.22705078125,4190.0,5.752176307956688
180,0.494760662317276,1087.2630400508642,0.0,3766.22705078125,4190.0,5.787454320001416
181,0.5726129412651062,1245.596049517393,0.0,3766.22705078125,4190.0,5.820625690044835
182,0.4169914424419403,1230.0856368243694,0.0,3766.22705078125,4190.0,5.853850067942403
183,1.2307252883911133,1961.8600898385048,0.0,3766.22705078125,4190.0,5.887196138035506
184,0.4708150029182434,1262.4745354428887,0.0,3766.22705078125,4190.0,5.920276429038495
185,0.6718758344650269,1554.8194313123822,0.0,3766.22705078125,4190.0,5.953333102050237
186,1.3976808786392212,2035.0542208738625,0.0,3766.22705078125,4190.0,5.986343082971871
187,0.6277908086776733,1290.563792731613,0.0,3766.22705078125,4190.0,6.019560292945243
188,1.9743223190307617,2844.7194062024355,0.0,3766.22705078125,4190.0,6.052612371975556
189,0.5202411413192749,977.3746788352728,0.0,3766.22705078125,4190.0,6.0856724720215425
190,0.9862896800041199,2603.764769464731,0.0,3766.22705078125,4190.0,6.118724865955301
191,0.6384848952293396,1131.0514393486083,0.0,3766.22705078125,4190.0,6.1516373050399125
192,0.5272965431213379,875.0100643690675,0.0,3766.22705078125,4190.0,6.184741360950284
193,0.5736791491508484,1044.042871184647,0.0,3766.22705078125,4190.0,6.217632967978716
194,0.4329405426979065,954.0930218175054,0.0,3766.22705078125,4190.0,6.250660283025354
195,0.5286129713058472,1318.4855287894607,0.0,3766.22705078125,4190.0,6.283598070032895
196,0.5104884505271912,1208.5222604125738,0.0,3766.22705078125,4190.0,6.316510034957901
197,0.5792436599731445,1298.9478408321738,0.0,3766.22705078125,4190.0,6.349749595043249
198,0.6953048706054688,1163.4897142983973,0.0,3766.22705078125,4190.0,6.383117050048895
199,0.5122597217559814,905.8398172855377,0.0,3766.22705078125,4190.0,6.4161297410028055
200,0.4946025013923645,925.0152900367975,0.0,3766.22705078125,4190.0,6.449125058017671
201,1.626124382019043,2789.9706406518817,0.0,3766.22705078125,4190.0,6.482225683983415
202,1.0386362075805664,3041.8079214394093,0.0,3766.22705078125,4190.0,6.515398498973809
203,0.5239673852920532,1111.3926171585917,0.0,3766.22705078125,4190.0,6.548552153981291
204,0.544089138507843,902.3404328376055,0.0,3766.22705078125,4190.0,6.58160382299684
205,0.4724758267402649,1270.298264540732,0.0,3766.22705078125,4190.0,6.6145597089780495
206,0.5311121940612793,964.9455065205693,0.0,3766.22705078125,4190.0,6.647621729993261
207,1.96327543258667,3212.7838535681367,0.0,3766.22705078125,4190.0,6.68112568394281
208,0.519737958908081,1152.70428230986,0.0,3766.22705078125,4190.0,6.714202490984462
209,0.5053958296775818,938.1395670622587,0.0,3766.22705078125,4190.0,6.747260938049294
210,0.6347721815109253,1388.2937500476837,0.0,3766.22705078125,4190.0,6.780243000946939
211,0.5647150874137878,958.2552837356925,0.0,3766.22705078125,4190.0,6.813502234057523
212,0.48514029383659363,1202.010977678001,0.0,3766.22705078125,4190.0,6.846736098988913
213,0.4129188358783722,856.5197906754911,0.0,3766.22705078125,4190.0,6.879974873969331
214,0.5365456342697144,1270.1091099530458,0.0,3766.22705078125,4190.0,6.912986329058185
215,0.5049929022789001,896.3934455960989,0.0,3766.22705078125,4190.0,6.9461001680465415
216,1.1614930629730225,1938.8337527252734,0.0,3766.22705078125,4190.0,6.979108463972807
217,0.5394332408905029,1074.8821188658476,0.0,3766.22705078125,4190.0,7.0121495589846745
218,0.5809992551803589,1088.9641200229526,0.0,3766.22705078125,4190.0,7.0452885730192065
219,0.5254871845245361,1405.494775250554,0.0,3766.22705078125,4190.0,7.078128088964149
220,0.5865128040313721,1673.6046597585082,0.0,3766.22705078125,4190.0,7.111000029020943
221,0.49156829714775085,1025.5775096528232,0.0,3766.22705078125,4190.0,7.144388673943467
222,2.735374927520752,5349.808837115765,0.0,3766.22705078125,4190.0,7.177332986029796
223,0.4594687819480896,977.4800360202789,0.0,3766.22705078125,4190.0,7.210107616032474
224,0.2957416772842407,1149.7684778645635,0.0,3766.22705078125,4190.0,7.243509404012002
225,0.414650022983551,856.9975954405963,0.0,3766.22705078125,4190.0,7.276351034990512
226,0.5746541023254395,1124.1172021739185,0.0,3766.22705078125,4190.0,7.309248029021546
227,1.565319299697876,3843.0688879936934,0.0,3766.22705078125,4190.0,7.342303863028064
228,0.5734637975692749,2559.4371685907245,0.0,3766.22705078125,4190.0,7.37541673402302
229,0.9613025188446045,2711.6995736658573,0.0,3766.22705078125,4190.0,7.40831408102531
230,0.6365774869918823,1006.3974190279841,0.0,3766.22705078125,4190.0,7.4411249259719625
231,0.3523670732975006,930.7103593833745,0.0,3766.22705078125,4190.0,7.473979966016486
232,0.5267197489738464,1161.0146709606051,0.0,3766.22705078125,4190.0,7.506932078045793
233,1.7242125272750854,5076.9587923288345,0.0,3766.22705078125,4190.0,7.539948445046321
234,0.566331148147583,1567.0637006312609,0.0,3766.22705078125,4190.0,7.572798207052983
235,1.8947222232818604,4122.577761143446,0.0,3766.22705078125,4190.0,7.605827418970875
236,0.5641562938690186,830.3272555023432,0.0,3766.22705078125,4190.0,7.638720219023526
237,4.4407782554626465,8827.59617727995,0.0,3766.22705078125,4190.0,7.671901631983928
238,0.4750911295413971,1571.712379746139,0.0,3766.22705078125,4190.0,7.70484983199276
239,1.4014787673950195,2903.343724511564,0.0,3766.22705078125,4190.0,7.737658526049927
240,1.558532953262329,3262.6597558408976,0.0,3766.22705078125,4190.0,7.770530794980004
241,0.7599267363548279,6569.661606490612,0.0,3766.22705078125,4190.0,7.803366080042906
242,0.48642802238464355,1115.767401881516,0.0,3766.22705078125,4190.0,7.836384612019174
243,0.7373368740081787,1671.1648449674249,0.0,3766.22705078125,4190.0,7.869476592051797
244,0.663140594959259,3254.526457116008,0.0,3766.22705078125,4190.0,7.902371651027352
245,1.8162829875946045,2915.23051045835,0.0,3766.22705078125,4190.0,7.9352721880422905
246,0.5663105845451355,1739.1140163317323,0.0,3766.22705078125,4190.0,7.968049708055332
247,0.45611944794654846,1575.3442135490477,0.0,3766.22705078125,4190.0,8.001068786950782
248,0.5336790084838867,2411.9875268265605,0.0,3766.22705078125,4190.0,8.034015635959804
249,0.5345335602760315,1411.5548716187477,0.0,3766.22705078125,4190.0,8.066774748964235
250,0.6591679453849792,1616.9560756087303,0.0,3766.22705078125,4190.0,8.099614241044037
251,1.8047621250152588,1829.2339910119772,0.0,3766.22705078125,4190.0,8.132381530012935
252,0.6400880813598633,2537.7844353988767,0.0,3766.22705078125,4190.0,8.165376530960202
253,0.6892983913421631,2562.8681969493628,0.0,3766.22705078125,4190.0,8.198160837055184
254,1.4012176990509033,2874.4438909888268,0.0,3766.22705078125,4190.0,8.231008657021448
255,1.3647048473358154,2635.4245663434267,0.0,3766.22705078125,4190.0,8.263922609039582
256,0.5162152051925659,1162.79228258878,0.0,3766.22705078125,4190.0,8.296733007999137
257,0.5657210350036621,1570.0188151970506,0.0,3766.22705078125,4190.0,8.32975475396961
258,0.48474255204200745,1318.8745990395546,0.0,3766.22705078125,4190.0,8.362760085961781
259,0.6410793662071228,2026.120380371809,0.0,3766.22705078125,4190.0,8.395897031994537
260,0.5033550262451172,1490.4205401539803,0.0,3766.22705078125,4190.0,8.428604917949997
261,0.6715236902236938,1894.4697389006615,0.0,3766.22705078125,4190.0,8.46160196699202
262,0.5912961363792419,1191.6858981847763,0.0,3766.22705078125,4190.0,8.494558071019128
263,0.5405200719833374,1308.6884913034737,0.0,3766.22705078125,4190.0,8.527344682021067
264,0.6136467456817627,1594.7506438940763,0.0,3766.22705078125,4190.0,8.560474036959931
265,0.5117024183273315,1359.925666488707,0.0,3766.22705078125,4190.0,8.593270180979744
266,0.5111448764801025,1539.6993167698383,0.0,3766.22705078125,4190.0,8.626177661004476
267,0.5278724431991577,1745.3263548761606,0.0,3766.22705078125,4190.0,8.659164502983913
268,0.5732482075691223,1553.6680492684245,0.0,3766.22705078125,4190.0,8.692015526001342
269,0.6347494721412659,1474.5068171545863,0.0,3766.22705078125,4190.0,8.72485069395043
270,1.4711940288543701,3591.4980488717556,0.0,3766.22705078125,4190.0,8.757656735018827
271,0.5418827533721924,1459.4823765456676,0.0,3766.22705078125,4190.0,8.790518246009015
272,2.4177029132843018,5391.19982868433,0.0,3766.22705078125,4190.0,8.82406135799829
273,0.5435210466384888,1514.0610891133547,0.0,3766.22705078125,4190.0,8.856926857028157
274,0.5123687982559204,1170.028768621385,0.0,3766.22705078125,4190.0,8.89000281994231
275,0.5224581956863403,1046.4233035966754,0.0,3766.22705078125,4190.0,8.922854844946414
276,1.3339941501617432,3248.212346419692,0.0,3766.22705078125,4190.0,8.955594656057656
277,0.444076269865036,1470.5598963461816,0.0,3766.22705078125,4190.0,8.988567393971607
278,0.4231039583683014,1338.8765842020512,0.0,3766.22705078125,4190.0,9.022169100004248
279,0.6517177820205688,1278.1057894006371,0.0,3766.22705078125,4190.0,9.05508830503095
280,0.6994521617889404,1362.9212813042104,0.0,3766.22705078125,4190.0,9.087905206950381
281,0.48854729533195496,1138.6471174433827,0.0,3766.22705078125,4190.0,9.120732374023646
282,0.4677662253379822,1571.899875652045,0.0,3766.22705078125,4190.0,9.15378084499389
283,1.2476210594177246,2115.097428023815,0.0,3766.22705078125,4190.0,9.186816832050681
284,0.47722744941711426,1024.3638622313738,0.0,3766.22705078125,4190.0,9.219791418057866
285,0.3771304786205292,1479.9777618013322,0.0,3766.22705078125,4190.0,9.252675379975699
286,0.433388888835907,825.8276978209615,0.0,3766.22705078125,4190.0,9.285476061049849
287,0.5128487348556519,810.6125279776752,0.0,3766.22705078125,4190.0,9.318437261972576
288,1.7912628650665283,4520.81125408411,0.0,3766.22705078125,4190.0,9.351346743991598
289,0.47152552008628845,1048.1779078617692,0.0,3766.22705078125,4190.0,9.384343820041977
290,1.238877773284912,2418.3357742130756,0.0,3766.22705078125,4190.0,9.417186805047095
291,0.6610901951789856,1184.4484407827258,0.0,3766.22705078125,4190.0,9.450002623954788
292,1.2455461025238037,2357.9155813008547,0.0,3766.22705078125,4190.0,9.482894654967822
293,0.6573074460029602,2471.405939280987,0.0,3766.22705078125,4190.0,9.515753749990836
294,1.876276969909668,3371.084523111582,0.0,3766.22705078125,4190.0,9.548811597982422
295,0.5266526937484741,1511.4035200886428,0.0,3766.22705078125,4190.0,9.581800104002468
296,0.6357916593551636,2479.344402477145,0.0,3766.22705078125,4190.0,9.614667285000905
297,0.5187641382217407,1975.8058745265007,0.0,3766.22705078125,4190.0,9.647656828048639
298,0.4951702356338501,1292.477275930345,0.0,3766.22705078125,4190.0,9.680557530024089
299,0.6347384452819824,1201.1874863803387,0.0,3766.22705078125,4190.0,9.713384098024108
300,0.5552055835723877,1045.9112480469048,0.0,3766.22705078125,4190.0,9.746136934962124
301,0.5726422071456909,2323.8803697377443,0.0,3766.22705078125,4190.0,9.779047440038994
302,0.5433231592178345,1020.8377040624619,0.0,3766.22705078125,4190.0,9.81199137098156
303,0.5624781847000122,933.292408529669,0.0,3766.22705078125,4190.0,9.844901736010797
304,0.5534356832504272,1054.9616257473826,0.0,3766.22705078125,4190.0,9.877946106949821
305,0.531920850276947,973.3669876977801,0.0,3766.22705078125,4190.0,9.910990747041069
306,0.8097972869873047,2955.0935308635235,0.0,3766.22705078125,4190.0,9.943778043962084
307,0.5420545339584351,919.7378365285695,0.0,3766.22705078125,4190.0,9.976868464029394
308,0.506435751914978,661.7654057126492,0.0,3766.22705078125,4190.0,10.009707718039863
309,0.48020878434181213,1039.7663633599877,0.0,3766.22705078125,4190.0,10.042644617962651
310,1.47928786277771,2926.4262558817863,0.0,3766.22705078125,4190.0,10.07547598797828
311,1.0887709856033325,2509.573329821229,0.0,3766.22705078125,4190.0,10.108284889021888
312,0.3958565294742584,1091.3180888146162,0.0,3766.22705078125,4190.0,10.141258297953755
313,0.5564565658569336,1662.7006703019142,0.0,3766.22705078125,4190.0,10.174176389002241
314,0.6077611446380615,1097.0023321732879,0.0,3766.22705078125,4190.0,10.206986292032525
315,0.5555434226989746,1235.2418345063925,0.0,3766.22705078125,4190.0,10.239917236031033
316,0.6345919370651245,1192.8980656191707,0.0,3766.22705078125,4190.0,10.272769580013119
317,0.5220757722854614,5550.151148468256,0.0,3766.22705078125,4190.0,10.305811385973357
318,0.5369535684585571,1299.7811448127031,0.0,3766.22705078125,4190.0,10.338687676005065
319,0.6149356961250305,996.4161250144243,0.0,3766.22705078125,4190.0,10.371737772016786
320,0.6123024225234985,967.1451590433717,0.0,3766.22705078125,4190.0,10.404714019037783
321,0.5471494197845459,1965.9902632683516,0.0,3766.22705078125,4190.0,10.43757144396659
322,0.528523325920105,1102.2842887341976,0.0,3766.22705078125,4190.0,10.470661857980303
323,0.6681047677993774,2750.0043761134148,0.0,3766.22705078125,4190.0,10.503506407956593
324,0.8851156234741211,2828.040462076664,0.0,3766.22705078125,4190.0,10.536360290949233
325,0.8580220341682434,14062.893015861511,0.0,3766.22705078125,4190.0,10.569185739033855
326,0.5514084100723267,1265.9274346530437,0.0,3766.22705078125,4190.0,10.60212513699662
327,0.6290675401687622,2704.7547482699156,0.0,3766.22705078125,4190.0,10.635159134981222
328,0.6335180401802063,3021.1150640547276,0.0,3766.22705078125,4190.0,10.66814752202481
329,0.5369576215744019,1960.347045302391,0.0,3766.22705078125,4190.0,10.701257637003437
330,0.5067561864852905,2328.979791432619,0.0,3766.22705078125,4190.0,10.73397208203096
331,1.1878727674484253,3142.7277797311544,0.0,3766.22705078125,4196.0,10.76740473404061
332,0.6215769648551941,2456.3685914874077,0.0,3766.22705078125,4196.0,10.800718834041618
333,0.5624415874481201,2280.6632484942675,0.0,3766.22705078125,4196.0,10.83370035898406
334,0.6058369278907776,3618.703916013241,0.0,3766.22705078125,4196.0,10.866587596014142
335,0.5923975110054016,3763.5986803770065,0.0,3766.22705078125,4196.0,10.899919040966779
336,1.2656311988830566,3408.5669002979994,0.0,3766.22705078125,4196.0,10.932748808991164
337,0.5367662906646729,3456.355760663748,0.0,3766.22705078125,4196.0,10.965648354031146
338,0.7391921281814575,3322.295993357897,0.0,3766.22705078125,4196.0,10.998375148978084
339,0.47333958745002747,3551.0911956727505,0.0,3766.22705078125,4196.0,11.031407407019287
340,1.8229378461837769,32665.661414146423,0.0,3766.22705078125,4196.0,11.064206602051854
341,1.1396877765655518,2374.9517529532313,0.0,3766.22705078125,4196.0,11.09710588096641
342,0.6312648057937622,2621.125937834382,0.0,3766.22705078125,4196.0,11.129953150055371
343,0.7704523801803589,3143.8138802200556,0.0,3766.22705078125,4196.0,11.162781425984576
344,0.9248208403587341,5670.287387609482,0.0,3766.22705078125,4196.0,11.195539526990615
345,1.8538246154785156,5171.302355095744,0.0,3766.22705078125,4196.0,11.228274520020932
346,2.6018197536468506,8651.461721479893,0.0,3766.22705078125,4196.0,11.26125401596073
347,1.0901323556900024,3816.1133569329977,0.0,3766.22705078125,4196.0,11.294085277011618
348,0.6203335523605347,3282.8179339691997,0.0,3766.22705078125,4196.0,11.326915582991205
349,0.9187963008880615,4318.797256052494,0.0,3766.22705078125,4196.0,11.35975512699224
350,2.0246424674987793,4964.073412030935,0.0,3766.22705078125,4196.0,11.392849566997029
351,0.8994974493980408,3261.8462968170643,0.0,3766.22705078125,4196.0,11.425720919971354
352,0.6404812932014465,1989.0580868422985,0.0,3766.22705078125,4196.0,11.458678941009566
353,1.132460355758667,3331.2349405288696,0.0,3766.22705078125,4196.0,11.491789194988087
354,0.6728610992431641,2867.6519101709127,0.0,3766.22705078125,4196.0,11.524708374054171
355,0.7835023999214172,2988.4769570827484,0.0,3766.22705078125,4196.0,11.557641449966468
356,0.7700514793395996,2792.358616154641,0.0,3766.22705078125,4196.0,11.59044402895961
357,1.5017653703689575,2365.884144857526,0.0,3766.22705078125,4196.0,11.6232004519552
358,1.310725450515747,5008.775347158313,0.0,3766.22705078125,4196.0,11.656060807057656
359,0.8730086088180542,3497.5815717875957,0.0,3766.22705078125,4196.0,11.688860274967737
360,0.658358097076416,2199.0386937856674,0.0,3766.22705078125,4196.0,11.721888988977298
361,0.7304398417472839,2431.0527791827917,0.0,3766.22705078125,4196.0,11.754716958967037
362,0.6727603077888489,2605.6548710912466,0.0,3766.22705078125,4196.0,11.787446554051712
363,0.6457410454750061,2460.9248835369945,0.0,3766.22705078125,4196.0,11.820265645044856
364,0.6421014070510864,1760.3288463875651,0.0,3766.22705078125,4196.0,11.853096926002763
365,0.9174968004226685,6318.380060762167,0.0,3766.22705078125,4196.0,11.886025530053303
366,0.6905050277709961,3003.0055020451546,0.0,3766.22705078125,4196.0,11.91892122803256
367,1.994284987449646,3739.0006103515625,0.0,3766.22705078125,4196.0,11.952123995055445
368,0.6528596878051758,1233.3689405284822,0.0,3766.22705078125,4196.0,11.984940755995922
369,0.6889979839324951,1885.9088170677423,0.0,3766.22705078125,4196.0,12.017768310033716
370,0.704908549785614,1689.1570111252367,0.0,3766.22705078125,4196.0,12.050672573968768
371,0.5047731399536133,1539.138181310147,0.0,3766.22705078125,4196.0,12.083491357974708
372,1.7701489925384521,4072.3240931779146,0.0,3766.22705078125,4196.0,12.116337875952013
373,0.6004756093025208,2035.2141792625189,0.0,3766.22705078125,4196.0,12.149231442948803
374,0.471407949924469,1150.6386828571558,0.0,3766.22705078125,4196.0,12.182285584975034
375,1.0664172172546387,1986.371158465743,0.0,3766.22705078125,4196.0,12.215163907967508
376,1.2247235774993896,2713.5677176490426,0.0,3766.22705078125,4196.0,12.248047380009666
377,1.9077861309051514,4267.793257966638,0.0,3766.22705078125,4196.0,12.280904107959941
378,0.6806892156600952,1541.499388732016,0.0,3766.22705078125,4196.0,12.313767901039682
379,0.6200011968612671,1653.9238670915365,0.0,3766.22705078125,4196.0,12.346603728015907
380,0.6015636920928955,1000.828704148531,0.0,3766.22705078125,4196.0,12.379513066960499
381,0.4801492691040039,1319.0064909085631,0.0,3766.22705078125,4196.0,12.412688974989578
382,1.2746307849884033,3460.0127124860883,0.0,3766.22705078125,4196.0,12.445607612025924
383,0.48366081714630127,865.5028918087482,0.0,3766.22705078125,4196.0,12.478466860949993
384,0.4260472059249878,1525.701555505395,0.0,3766.22705078125,4196.0,12.51122890796978
385,0.6463820934295654,1152.555247105658,0.0,3766.22705078125,4196.0,12.544064925052226
386,0.5335894823074341,1526.485524520278,0.0,3766.22705078125,4196.0,12.576828556018881
387,0.4830728769302368,1058.852393552661,0.0,3766.22705078125,4196.0,12.609683983027935
388,2.2598345279693604,5157.279914885759,0.0,3766.22705078125,4196.0,12.642422509961762
389,0.5855399966239929,1389.6471904367208,0.0,3766.22705078125,4196.0,12.674467795994133
390,0.4751198887825012,1083.9043145403266,0.0,3766.22705078125,4196.0,12.707644823007286
391,0.6672484874725342,1496.148457288742,0.0,3766.22705078125,4196.0,12.740269280970097
392,0.6389718055725098,1778.0117785856128,0.0,3766.22705078125,4196.0,12.772792313015088
393,0.5634282827377319,1532.4872669428587,0.0,3766.22705078125,4196.0,12.805239813984372
394,0.633752167224884,1512.7477812692523,0.0,3766.22705078125,4196.0,12.837884166976437
395,0.6658238172531128,2668.2506703436375,0.0,3766.22705078125,4196.0,12.87074941501487
396,1.2524080276489258,2414.9530287608504,0.0,3766.22705078125,4196.0,12.903914156951942
397,0.41904976963996887,1677.6192809194326,0.0,3766.22705078125,4196.0,12.936566847958602
398,0.5216821432113647,1158.300065226853,0.0,3766.22705078125,4196.0,12.969203502987511
399,0.5507372617721558,1226.667488321662,0.0,3766.22705078125,4196.0,13.001715854043141
400,0.5106629133224487,1126.0712831169367,0.0,3766.22705078125,4196.0,13.034353545052
401,0.6728954315185547,1568.0290242992342,0.0,3766.22705078125,4196.0,13.067114235949703
402,0.7534773349761963,1954.543555431068,0.0,3766.22705078125,4196.0,13.099737304029986
403,0.46953141689300537,1049.980011049658,0.0,3766.22705078125,4196.0,13.132665256038308
404,0.45047640800476074,1341.7631192803383,0.0,3766.22705078125,4196.0,13.165261290967464
405,0.6306760311126709,1207.112983353436,0.0,3766.22705078125,4196.0,13.197832682984881
406,0.5015952587127686,993.3932250365615,0.0,3766.22705078125,4196.0,13.2304061090108
407,1.5087378025054932,2902.013241633773,0.0,3766.22705078125,4196.0,13.263027559965849
408,1.054485559463501,2561.9250861257315,0.0,3766.22705078125,4196.0,13.295589752029628
409,0.40718239545822144,1015.6633434593678,0.0,3766.22705078125,4196.0,13.328097917954437
410,0.37073570489883423,887.5838232263923,0.0,3766.22705078125,4196.0,13.360682699945755
411,0.5808920860290527,877.2238722741604,0.0,3766.22705078125,4196.0,13.393451494979672
412,1.5750164985656738,3319.6148559451103,0.0,3766.22705078125,4196.0,13.426569517003372
413,0.5644365549087524,890.2607995793223,0.0,3766.22705078125,4196.0,13.459237221977673
414,0.5816459059715271,1455.7885811924934,0.0,3766.22705078125,4196.0,13.491947875008918
415,1.8464438915252686,4507.708290487528,0.0,3766.22705078125,4196.0,13.524639484006912
416,0.5606362819671631,948.1602354794741,0.0,3766.22705078125,4196.0,13.55735843104776
417,0.4209647476673126,1030.4781591296196,0.0,3766.22705078125,4196.0,13.590009390027262
418,0.4103306531906128,1246.9190647155046,0.0,3766.22705078125,4196.0,13.622590500977822
419,0.46942460536956787,2278.2842407524586,0.0,3766.22705078125,4196.0,13.655324146035127
420,0.5505036115646362,2687.739379376173,0.0,3766.22705078125,4196.0,13.687873853952624
421,0.5374079942703247,1047.5672147646546,0.0,3766.22705078125,4196.0,13.720787832979113
422,2.261765718460083,3619.086283430457,0.0,3766.22705078125,4196.0,13.753388704964891
423,0.6467945575714111,1188.5940525457263,0.0,3766.22705078125,4196.0,13.786040290957317
424,0.6603999137878418,923.7419175878167,0.0,3766.22705078125,4196.0,13.818682570010424
425,0.4816964864730835,1104.8125389069319,0.0,3766.22705078125,4196.0,13.851281285984442
426,0.5789388418197632,955.1030145063996,0.0,3766.22705078125,4196.0,13.884060385986231
427,0.5275250673294067,1229.6760583221912,0.0,3766.22705078125,4196.0,13.916861818055622
428,0.533086895942688,1118.5551460161805,0.0,3766.22705078125,4196.0,13.94950460200198
429,0.5348873138427734,856.7404075823724,0.0,3766.22705078125,4196.0,13.982186572975479
430,0.5403568744659424,1022.0316517800093,0.0,3766.22705078125,4196.0,14.015151164960116
431,0.49159789085388184,812.485313102603,0.0,3766.22705078125,4196.0,14.04771721700672
432,0.6218618750572205,1294.4805251136422,0.0,3766.22705078125,4196.0,14.080382636049762
433,0.4016236960887909,902.0175334513187,0.0,3766.22705078125,4196.0,14.112959412042983
434,1.4733563661575317,2921.774701066315,0.0,3766.22705078125,4196.0,14.145639942027628
435,0.6164062023162842,2108.505605816841,0.0,3766.22705078125,4196.0,14.178226460004225
436,1.3003175258636475,2112.522026374936,0.0,3766.22705078125,4196.0,14.210725025972351
437,0.4054638147354126,982.0289020910859,0.0,3766.22705078125,4196.0,14.243326511001214
438,0.6395401954650879,1260.9996461868286,0.0,3766.22705078125,4196.0,14.276008588029072
439,1.142464518547058,2032.667807586491,0.0,3766.22705078125,4196.0,14.308952406980097
440,1.3025848865509033,2584.289535701275,0.0,3766.22705078125,4196.0,14.341559862950817
441,0.41222190856933594,996.5349560081959,0.0,3766.22705078125,4196.0,14.374212239985354
442,1.7278245687484741,2890.261783093214,0.0,3766.22705078125,4196.0,14.406972252996638
443,1.3940908908843994,3330.436445966363,0.0,3766.22705078125,4196.0,14.439568758010864
444,0.536898672580719,988.9939860403538,0.0,3766.22705078125,4196.0,14.472177915973589
445,1.9622571468353271,3957.5575194507837,0.0,3766.22705078125,4196.0,14.504519065958448
446,0.6045998334884644,1404.9787754565477,0.0,3766.22705078125,4196.0,14.537252892972901
447,0.3445970416069031,850.3026460856199,0.0,3766.22705078125,4196.0,14.570064730010927
448,0.5629525780677795,772.1184557154775,0.0,3766.22705078125,4196.0,14.60302794596646
449,0.43008852005004883,847.1911624670029,0.0,3766.22705078125,4196.0,14.635660008993
450,0.44034987688064575,1007.7423391789198,0.0,3766.22705078125,4196.0,14.668404035968706
451,1.925631046295166,5166.270006328821,0.0,3766.22705078125,4196.0,14.701378645026125
452,0.5391655564308167,1136.7271235883236,0.0,3766.22705078125,4196.0,14.734003109042533
453,1.111801028251648,3042.1328658610582,0.0,3766.22705078125,4196.0,14.766711345990188
454,1.3302942514419556,2201.24988733232,0.0,3766.22705078125,4196.0,14.799394230009057
455,0.48560723662376404,1498.9458051472902,0.0,3766.22705078125,4196.0,14.832145842025056
456,1.3462454080581665,2641.416960194707,0.0,3766.22705078125,4196.0,14.864520582021214
457,1.145872712135315,2843.52373893559,0.0,3766.22705078125,4196.0,14.897631176980212
458,0.527927815914154,1053.8022316247225,0.0,3766.22705078125,4196.0,14.930447875987738
459,0.35360121726989746,1041.590452760458,0.0,3766.22705078125,4196.0,14.96308657398913
460,0.4572795331478119,1062.1765990629792,0.0,3766.22705078125,4196.0,14.99576362001244
461,0.6002657413482666,1327.7707968354225,0.0,3766.22705078125,4196.0,15.028429955942556
462,0.43681225180625916,1045.1888680309057,0.0,3766.22705078125,4196.0,15.061113800969906
463,0.5032117962837219,916.6756274402142,0.0,3766.22705078125,4196.0,15.093763669021428
464,0.635406494140625,1382.2784102261066,0.0,3766.22705078125,4196.0,15.126417511957698
465,0.5672245025634766,1058.3985799327493,0.0,3766.22705078125,4196.0,15.159153996035457
466,0.4731617569923401,1330.0440532416105,0.0,3766.22705078125,4196.0,15.192206591949798
467,0.47241634130477905,915.6568614318967,0.0,3766.22705078125,4196.0,15.224826953955926
468,0.5492750406265259,1036.783509157598,0.0,3766.22705078125,4196.0,15.25742130796425
469,1.421141266822815,3678.6238391548395,0.0,3766.22705078125,4196.0,15.289915453991853
470,1.129601240158081,2690.5634817257524,0.0,3766.22705078125,4196.0,15.322468130965717
471,0.5619702339172363,1278.729222819209,0.0,3766.22705078125,4196.0,15.355465327971615
472,0.9860262274742126,2133.8928363397717,0.0,3766.22705078125,4196.0,15.388164379051886
473,0.5119853019714355,977.3748261630535,0.0,3766.22705078125,4196.0,15.421019991976209
474,0.5249654650688171,1044.330753043294,0.0,3766.22705078125,4196.0,15.453706210013479
475,0.5058982372283936,839.38581616804,0.0,3766.22705078125,4196.0,15.486610398977064
476,0.5121206045150757,1293.7159546613693,0.0,3766.22705078125,4196.0,15.519223297946155
477,0.46694380044937134,1198.7133611738682,0.0,3766.22705078125,4196.0,15.551859998959117
478,0.531273365020752,787.2972207069397,0.0,3766.22705078125,4196.0,15.584458815050311
479,0.5344667434692383,951.7516869902611,0.0,3766.22705078125,4196.0,15.617190327029675
480,1.5203157663345337,2831.113516435027,0.0,3766.22705078125,4196.0,15.6498228169512
481,0.4398260712623596,881.2386471927166,0.0,3766.22705078125,4196.0,15.682469186955132
482,1.2730011940002441,3661.4805957227945,0.0,3766.22705078125,4196.0,15.715067337965593
483,0.5976163744926453,1375.4174596220255,0.0,3766.22705078125,4196.0,15.747841552016325
484,0.4623233675956726,757.6294401176274,0.0,3766.22705078125,4196.0,15.78080847999081
485,1.7922896146774292,4649.832891583443,0.0,3766.22705078125,4196.0,15.813122319988906
486,0.5054996013641357,889.0936089605093,0.0,3766.22705078125,4196.0,15.845735113020055
487,0.3945910930633545,1001.8571584671736,0.0,3766.22705078125,4196.0,15.878336261026561
488,0.4323127269744873,822.9565141648054,0.0,3766.22705078125,4196.0,15.91127694095485
489,0.4830462336540222,823.8189246952534,0.0,3766.22705078125,4196.0,15.944072626996785
490,0.449464350938797,822.4335665330291,0.0,3766.22705078125,4196.0,15.976790511980653
491,0.4616740047931671,1032.667534649372,0.0,3766.22705078125,4196.0,16.00942826399114
492,0.8707436323165894,2409.426832795143,0.0,3766.22705078125,4196.0,16.04197712801397
493,0.5340644121170044,976.8461860492826,0.0,3766.22705078125,4196.0,16.07503494794946
494,0.536986231803894,1294.935494542122,0.0,3766.22705078125,4196.0,16.107724827947095
495,0.2743243873119354,1214.712346687913,0.0,3766.22705078125,4196.0,16.140260390006006
496,0.5282284021377563,1753.1000578552485,0.0,3766.22705078125,4196.0,16.172848331043497
497,0.4304434061050415,957.4921189621091,0.0,3766.22705078125,4196.0,16.205429835943505
498,1.4619133472442627,4374.060200154781,0.0,3766.22705078125,4196.0,16.23795200395398
499,0.6103312373161316,2210.7884664684534,0.0,3766.22705078125,4196.0,16.270600566989742
500,0.4048244059085846,1487.887001812458,0.0,3766.22705078125,4196.0,16.303242821013555
501,0.5532331466674805,1657.3296010792255,0.0,3766.22705078125,4196.0,16.33595990797039
502,0.4110923409461975,1245.185614541173,0.0,3766.22705078125,4196.0,16.369057337054983
503,0.3921944499015808,871.727454431355,0.0,3766.22705078125,4196.0,16.40194514102768
504,0.586673378944397,1343.5068358257413,0.0,3766.22705078125,4196.0,16.434745430015028
505,0.33793526887893677,1166.522846519947,0.0,3766.22705078125,4196.0,16.467471797019243
506,0.34882959723472595,971.871932938695,0.0,3766.22705078125,4196.0,16.500200773007236
507,0.41506409645080566,958.7194154262543,0.0,3766.22705078125,4196.0,16.532953297020867
508,0.49137014150619507,896.4988099783659,0.0,3766.22705078125,4196.0,16.565622535999864
509,0.3504776954650879,842.1582709103823,0.0,3766.22705078125,4196.0,16.598180135944858
510,0.3247528374195099,1447.758304849267,0.0,3766.22705078125,4196.0,16.630840788944624
511,0.45150983333587646,1218.13893802464,0.0,3766.22705078125,4196.0,16.66366977104917
512,0.5136090517044067,1296.971893131733,0.0,3766.22705078125,4196.0,16.696253397036344
513,0.515995979309082,1227.8404657393694,0.0,3766.22705078125,4196.0,16.72884191898629
514,0.56537926197052,1101.779533110559,0.0,3766.22705078125,4196.0,16.761657387949526
515,0.45219728350639343,847.8442922979593,0.0,3766.22705078125,4196.0,16.79444531700574
516,0.9521383047103882,2312.6110328286886,0.0,3766.22705078125,4196.0,16.827122117043473
517,0.431596577167511,789.893166936934,0.0,3766.22705078125,4196.0,16.85994589701295
518,0.4788326025009155,852.3043208941817,0.0,3766.22705078125,4196.0,16.892725656041875
519,0.2784280478954315,963.7887470498681,0.0,3766.22705078125,4196.0,16.92565791902598
520,0.49980399012565613,977.9298778772354,0.0,3766.22705078125,4196.0,16.958778155967593
521,0.357129842042923,1129.5452981293201,0.0,3766.22705078125,4196.0,16.9913667839719
522,0.5416998863220215,917.2685989066958,0.0,3766.22705078125,4196.0,17.024133790051565
523,0.47648316621780396,741.2081179395318,0.0,3766.22705078125,4196.0,17.05695186101366
524,0.5206621885299683,1307.3286795020103,0.0,3766.22705078125,4196.0,17.089757921989076
525,1.4956209659576416,3910.1711404770613,0.0,3766.22705078125,4196.0,17.125736364047043
526,0.4770447015762329,910.3391740620136,0.0,3766.22705078125,4196.0,17.164307939005084
527,0.46494001150131226,935.6548565477133,0.0,3766.22705078125,4196.0,17.200290495995432
528,1.371394395828247,2567.879082635045,0.0,3766.22705078125,4196.0,17.23608062695712
529,0.4772740602493286,1382.4326392635703,0.0,3766.22705078125,4196.0,17.272174899000674
530,1.531324028968811,3313.3195084631443,0.0,3766.22705078125,4196.0,17.308015435002744
531,0.44623011350631714,902.0308104157448,0.0,3766.22705078125,4196.0,17.34375319199171
532,1.0836501121520996,2696.4434594511986,0.0,3766.22705078125,4196.0,17.37954874197021
533,0.4055823087692261,970.120009213686,0.0,3766.22705078125,4196.0,17.41567917796783
534,0.4724467396736145,1405.9723626673222,0.0,3766.22705078125,4196.0,17.45162403897848
535,1.195776104927063,3170.8421481847763,0.0,3766.22705078125,4196.0,17.48746958200354
536,0.36020562052726746,1036.8923714011908,0.0,3766.22705078125,4196.0,17.523209193954244
537,1.9471969604492188,2821.0990865528584,0.0,3766.22705078125,4196.0,17.55902831698768
538,0.35872650146484375,1102.4704250395298,0.0,3766.22705078125,4196.0,17.595202388009056
539,0.40162602066993713,928.2020703703165,0.0,3766.22705078125,4196.0,17.631055895006284
540,0.554723858833313,1226.003410384059,0.0,3766.22705078125,4196.0,17.666813635034487
541,1.5787358283996582,2432.587304905057,0.0,3766.22705078125,4196.0,17.70253553101793
542,0.3769509792327881,775.4072100669146,0.0,3766.22705078125,4196.0,17.738402990973555
543,1.3216725587844849,1788.9125566482544,0.0,3766.22705078125,4196.0,17.77447492000647
544,0.43639954924583435,1021.0282297208905,0.0,3766.22705078125,4196.0,17.81029120797757
545,0.28045397996902466,1281.475129649043,0.0,3766.22705078125,4196.0,17.84594422101509
546,0.43168899416923523,793.4586961343884,0.0,3766.22705078125,4196.0,17.88174916699063
547,1.2871313095092773,3504.5509056150913,0.0,3766.22705078125,4196.0,17.917729523964226
548,1.7513924837112427,2137.5551901236176,0.0,3766.22705078125,4196.0,17.95349664101377
549,0.4089024066925049,1163.6830577254295,0.0,3766.22705078125,4196.0,17.989403823041357
550,0.3658909797668457,1240.94363874197,0.0,3766.22705078125,4196.0,18.025359660037793
551,0.38670241832733154,1313.9767649322748,0.0,3766.22705078125,4196.0,18.061222324031405
552,0.4504833221435547,1392.8251006901264,0.0,3766.22705078125,4196.0,18.09720134199597
553,0.9994077086448669,1784.2081069648266,0.0,3766.22705078125,4196.0,18.13338144798763
554,1.1653063297271729,2304.4708794653416,0.0,3766.22705078125,4196.0,18.16939520800952
555,0.5351548790931702,872.29918961972,0.0,3766.22705078125,4196.0,18.205287973978557
556,0.4658898711204529,977.415828987956,0.0,3766.22705078125,4196.0,18.241491138003767
557,0.884070873260498,1345.239664889872,0.0,3766.22705078125,4196.0,18.27740762499161
558,1.628686785697937,2226.743429541588,0.0,3766.22705078125,4196.0,18.313679444021545
559,0.3077341616153717,935.5479755103588,0.0,3766.22705078125,4196.0,18.349753277027048
560,0.3115544319152832,1089.9379160702229,0.0,3766.22705078125,4196.0,18.385838927002624
561,0.5065832138061523,1504.5645452141762,0.0,3766.22705078125,4196.0,18.422148347948678
562,0.45036500692367554,1290.796000301838,0.0,3766.22705078125,4196.0,18.45822644699365
563,0.1721850037574768,1376.9391215890646,0.0,3766.22705078125,4196.0,18.493916730047204
564,0.5221487283706665,1334.9310422241688,0.0,3766.22705078125,4196.0,18.529730038018897
565,0.4382598400115967,990.7707244902849,0.0,3766.22705078125,4196.0,18.56593044800684
566,0.33543291687965393,1188.52798345685,0.0,3766.22705078125,4196.0,18.60184458096046
567,0.36832699179649353,998.4574920833111,0.0,3766.22705078125,4196.0,18.63766541297082
568,0.38699424266815186,1211.5030694454908,0.0,3766.22705078125,4196.0,18.6737158120377
569,0.48217666149139404,1857.5896126180887,0.0,3766.22705078125,4196.0,18.70953279605601
570,0.24243837594985962,1139.2256820499897,0.0,3766.22705078125,4196.0,18.745371500961483
571,0.4591308534145355,1180.361929193139,0.0,3766.22705078125,4196.0,18.78133061598055
572,0.9404897689819336,2229.987764492631,0.0,3766.22705078125,4196.0,18.81777606497053
573,0.3943910002708435,873.6164753809571,0.0,3766.22705078125,4196.0,18.853998807957396
574,1.819045066833496,2731.423376351595,0.0,3766.22705078125,4196.0,18.890327360946685
575,0.3192421793937683,1070.8289065510035,0.0,3766.22705078125,4196.0,18.9264100859873
576,0.4458557367324829,1248.6658336818218,0.0,3766.22705078125,4196.0,18.962450801976956
577,1.1343319416046143,2540.465459242463,0.0,3766.22705078125,4196.0,18.99837447295431
578,0.23113712668418884,866.2149411737919,0.0,3766.22705078125,4196.0,19.034396080998704
579,0.4460442066192627,2425.166035234928,0.0,3766.22705078125,4196.0,19.070284239016473
580,0.6868914365768433,4369.375451654196,0.0,3766.22705078125,4196.0,19.106267433962785
581,0.4153703451156616,1264.5399500280619,0.0,3766.22705078125,4196.0,19.142139869043604
582,0.3005002439022064,943.4548303186893,0.0,3766.22705078125,4196.0,19.178083871956915
583,0.31003978848457336,1192.0307440906763,0.0,3766.22705078125,4196.0,19.2144700109493
584,0.33745723962783813,872.1827150285244,0.0,3766.22705078125,4196.0,19.250512378988788
585,1.3723829984664917,4725.652538716793,0.0,3766.22705078125,4196.0,19.286492223967798
586,0.3161771893501282,853.1295078471303,0.0,3766.22705078125,4196.0,19.322501501999795
587,0.9833812713623047,3308.9809411764145,0.0,3766.22705078125,4196.0,19.358427684986964
588,0.3831849694252014,1551.2072412520647,0.0,3766.22705078125,4196.0,19.394369193003513
589,0.4482787549495697,1426.1383343040943,0.0,3766.22705078125,4196.0,19.430643580970354
590,0.3800736367702484,943.5812116339803,0.0,3766.22705078125,4196.0,19.46666917402763
591,0.4614788591861725,1766.6079767942429,0.0,3766.22705078125,4196.0,19.502489931997843
592,0.5029670596122742,1819.7078671902418,0.0,3766.22705078125,4196.0,19.538743376964703
593,1.0462604761123657,4601.014156520367,0.0,3766.22705078125,4196.0,19.574682533042505
594,0.34564584493637085,867.8773056343198,0.0,3766.22705078125,4196.0,19.610682258964516
595,0.37328028678894043,695.6555557474494,0.0,3766.22705078125,4196.0,19.64656413299963
596,0.4223727881908417,1129.8457381874323,0.0,3766.22705078125,4196.0,19.682492492021993
597,0.9602981805801392,2525.699500158429,0.0,3766.22705078125,4196.0,19.718355854973197
598,0.498168408870697,1020.1947164982557,0.0,3766.22705078125,4196.0,19.754269990022294
599,0.4134429395198822,1470.3455434888601,0.0,3766.22705078125,4196.0,19.790140177006833
600,0.3343096077442169,1215.8552510142326,0.0,3766.22705078125,4196.0,19.826324737048708
601,0.35374215245246887,1143.697335474193,0.0,3766.22705078125,4196.0,19.862664474989288
602,1.4253265857696533,3081.306742697954,0.0,3766.22705078125,4196.0,19.89879695000127
603,0.49967819452285767,2052.20764157176,0.0,3766.22705078125,4196.0,19.93505017098505
604,0.36356663703918457,1304.435899913311,0.0,3766.22705078125,4196.0,19.971063161967322
605,0.617029070854187,2006.5932552367449,0.0,3766.22705078125,4196.0,20.006964650005102
606,0.18345533311367035,1532.340797662735,0.0,3766.22705078125,4196.0,20.042838974040933
607,0.3680592179298401,1134.418632850051,0.0,3766.22705078125,4196.0,20.07887613296043
608,0.32920193672180176,1087.961750216782,0.0,3766.22705078125,4196.0,20.11476218898315
609,0.3300897479057312,656.8165879026055,0.0,3766.22705078125,4196.0,20.15084093005862
610,0.507739782333374,1206.8192361071706,0.0,3766.22705078125,4196.0,20.187126473989338
611,0.3614250421524048,1024.9222061783075,0.0,3766.22705078125,4196.0,20.2230116520077
612,0.4414624273777008,938.597954288125,0.0,3766.22705078125,4196.0,20.258945700945333
613,1.214497447013855,3390.0709781497717,0.0,3766.22705078125,4196.0,20.294823101954535
614,0.33452337980270386,1416.4447578191757,0.0,3766.22705078125,4196.0,20.33070938102901
615,0.31680095195770264,1313.3387079238892,0.0,3766.22705078125,4196.0,20.3665391090326
616,0.34077802300453186,809.7324142828584,0.0,3766.22705078125,4196.0,20.402454231050797
617,0.496470183134079,1231.030266366899,0.0,3766.22705078125,4196.0,20.438597965985537
618,0.28694412112236023,886.8797938674688,0.0,3766.22705078125,4196.0,20.47447002795525
619,0.9604020714759827,2228.5090944468975,0.0,3766.22705078125,4196.0,20.51083030900918
620,0.37402135133743286,812.5551836937666,0.0,3766.22705078125,4196.0,20.546723679988645
621,0.34292274713516235,849.8370964899659,0.0,3766.22705078125,4196.0,20.582707055960782
622,1.3392046689987183,2723.297398597002,0.0,3766.22705078125,4196.0,20.618872037041
623,1.3726813793182373,4177.511371344328,0.0,3766.22705078125,4196.0,20.656245384016074
624,0.4107382297515869,1319.3230315893888,0.0,3766.22705078125,4196.0,20.69215651496779
625,0.9851332902908325,3059.8681984841824,0.0,3766.22705078125,4196.0,20.727911754045635
626,0.33210015296936035,1162.6830307245255,0.0,3766.22705078125,4196.0,20.763901970000006
627,0.4514522850513458,1299.357093334198,0.0,3766.22705078125,4196.0,20.79972983105108
628,0.4489658772945404,1442.0393475145102,0.0,3766.22705078125,4196.0,20.835923010949045
629,0.4651060700416565,2189.7526277154684,0.0,3766.22705078125,4196.0,20.872031033970416
630,0.45908406376838684,1371.5440774857998,0.0,3766.22705078125,4196.0,20.907945576007478
631,0.3803005814552307,1013.8378330618143,0.0,3766.22705078125,4196.0,20.944135318044573
632,0.17916521430015564,1035.069178700447,0.0,3766.22705078125,4196.0,20.980118445004337
633,0.4812263250350952,1730.3221723139286,0.0,3766.22705078125,4196.0,21.01609892200213
634,0.35011959075927734,894.406153306365,0.0,3766.22705078125,4196.0,21.052036733948626
635,0.3548472821712494,1268.4925180077553,0.0,3766.22705078125,4196.0,21.087913930998184
636,1.2513785362243652,4407.9861396849155,0.0,3766.22705078125,4196.0,21.123996076988988
637,0.48945313692092896,852.337970584631,0.0,3766.22705078125,4196.0,21.160307253943756
638,0.5265461206436157,1566.890396490693,0.0,3766.22705078125,4196.0,21.196321772993542
639,0.4722415804862976,1668.4657678306103,0.0,3766.22705078125,4196.0,21.23218391695991
640,0.2989428639411926,817.1679668873549,0.0,3766.22705078125,4196.0,21.268163286033086
641,0.47594887018203735,894.5646324008703,0.0,3766.22705078125,4196.0,21.30415667698253
642,0.575059175491333,1851.7534504532814,0.0,3766.22705078125,4196.0,21.340050367056392
643,0.3927944302558899,928.4415654316545,0.0,3766.22705078125,4196.0,21.37587055505719
644,0.274117648601532,872.6734477132559,0.0,3766.22705078125,4196.0,21.411838494008407
645,0.3396908640861511,943.5936151742935,0.0,3766.22705078125,4196.0,21.44798063696362
646,0.49493229389190674,1249.9189311861992,0.0,3766.22705078125,4196.0,21.484219179023057
647,0.27938708662986755,989.9377279654145,0.0,3766.22705078125,4196.0,21.520166103960946
648,0.9896172285079956,3102.3111397773027,0.0,3766.22705078125,4196.0,21.556296003982425
649,0.3935545086860657,630.8877946287394,0.0,3766.22705078125,4196.0,21.592404676019214
650,0.42572271823883057,1077.2748412191868,0.0,3766.22705078125,4196.0,21.628408876946196
651,0.35178080201148987,1234.1213484704494,0.0,3766.22705078125,4196.0,21.66434856504202
652,0.39640069007873535,891.5314512997866,0.0,3766.22705078125,4196.0,21.700392417027615
653,0.28191056847572327,748.2752131521702,0.0,3766.22705078125,4196.0,21.73630550201051
654,0.32046079635620117,1225.972181752324,0.0,3766.22705078125,4196.0,21.772222244995646
655,0.3277859091758728,1126.9145337864757,0.0,3766.22705078125,4196.0,21.808322760043666
656,0.9869717359542847,3153.2563535273075,0.0,3766.22705078125,4196.0,21.844503314001486
657,0.36433905363082886,1074.904961682856,0.0,3766.22705078125,4196.0,21.88044814404566
658,0.5549125075340271,1777.1622799932957,0.0,3766.22705078125,4196.0,21.916616944014095
659,0.37613359093666077,984.384712472558,0.0,3766.22705078125,4196.0,21.952578824944794
660,0.32131722569465637,1188.0469114109874,0.0,3766.22705078125,4196.0,21.988411357044242
661,1.168548583984375,2682.0831714123487,0.0,3766.22705078125,4196.0,22.0243193480419
662,0.35438936948776245,852.779626339674,0.0,3766.22705078125,4196.0,22.06030411296524
663,0.3705383241176605,1044.649028122425,0.0,3766.22705078125,4196.0,22.096182364970446
664,0.5376719236373901,1858.9994666725397,0.0,3766.22705078125,4196.0,22.132428755052388
665,0.3928043246269226,1413.4941172897816,0.0,3766.22705078125,4196.0,22.169155696057715
666,1.199588418006897,3414.1595791578293,0.0,3766.22705078125,4196.0,22.205495423986576
667,0.3381361961364746,670.3838301897049,0.0,3766.22705078125,4196.0,22.241526474943385
668,0.3839326798915863,1048.92697134614,0.0,3766.22705078125,4196.0,22.27743462100625
669,0.2506564259529114,939.8829283714294,0.0,3766.22705078125,4196.0,22.313353091012686
670,0.149264395236969,561.5244840495288,0.0,3766.22705078125,4196.0,22.349261490046047
671,1.6745634078979492,3625.279657408595,0.0,3766.22705078125,4196.0,22.385222097975202
672,0.2182389497756958,507.7990897446871,0.0,3766.22705078125,4196.0,22.421379836974666
673,0.4376312494277954,985.02761118114,0.0,3766.22705078125,4196.0,22.457774022012018
674,0.42140164971351624,1664.0525703430176,0.0,3766.22705078125,4196.0,22.493744264007546
675,0.3481534421443939,986.3815347850323,0.0,3766.22705078125,4196.0,22.529635815997608
676,1.525942325592041,2465.2063013613224,0.0,3766.22705078125,4196.0,22.565601403010078
677,0.36800700426101685,2046.612624257803,0.0,3766.22705078125,4196.0,22.601402041967958
678,0.2831602692604065,890.1380886137486,0.0,3766.22705078125,4196.0,22.63743692205753
679,0.14335837960243225,1259.246492959559,0.0,3766.22705078125,4196.0,22.673555186018348
680,0.31168168783187866,1366.589149415493,0.0,3766.22705078125,4196.0,22.709425654960796
681,0.27775904536247253,876.4729325324297,0.0,3766.22705078125,4196.0,22.74543960497249
682,0.2768828868865967,1510.6832770556211,0.0,3766.22705078125,4196.0,22.781716039055027
683,0.42797479033470154,1068.0541706681252,0.0,3766.22705078125,4196.0,22.817743749008514
684,0.4446955919265747,886.4393498301506,0.0,3766.22705078125,4196.0,22.853852630010806
685,0.2603781819343567,1938.202140852809,0.0,3766.22705078125,4196.0,22.889875071006827
686,0.338616281747818,703.8217547014356,0.0,3766.22705078125,4196.0,22.925963658024557
687,0.3702789545059204,1104.304931819439,0.0,3766.22705078125,4196.0,22.962117561954074
688,0.8667260408401489,2429.461319565773,0.0,3766.22705078125,4196.0,22.99807572294958
689,0.47282275557518005,1123.0898706167936,0.0,3766.22705078125,4196.0,23.03391408396419
690,0.2939441204071045,472.3104444220662,0.0,3766.22705078125,4196.0,23.0699703929713
691,0.5007204413414001,1406.3658706247807,0.0,3766.22705078125,4196.0,23.106243278016336
692,0.782992959022522,2628.496561139822,0.0,3766.22705078125,4196.0,23.142184886033647
693,0.24731780588626862,599.8995118662715,0.0,3766.22705078125,4196.0,23.17837200895883
694,0.34330493211746216,992.9794782549143,0.0,3766.22705078125,4196.0,23.21432642103173
695,1.095375418663025,2415.211034566164,0.0,3766.22705078125,4196.0,23.250236141961068
696,0.361879825592041,1002.1268381178379,0.0,3766.22705078125,4196.0,23.28606822702568
697,0.3382398188114166,833.1550580114126,0.0,3766.22705078125,4196.0,23.322007718961686
698,0.2872266173362732,1279.1269368380308,0.0,3766.22705078125,4196.0,23.35793796496
699,0.2619161307811737,1112.869792714715,0.0,3766.22705078125,4196.0,23.39376991603058
700,0.39832979440689087,1094.8883794546127,0.0,3766.22705078125,4196.0,23.43015811999794
701,0.33388495445251465,856.3165058344603,0.0,3766.22705078125,4196.0,23.46625644096639
702,0.4390086829662323,1341.2230182290077,0.0,3766.22705078125,4196.0,23.502287701005116
703,0.7895869016647339,1781.7181719839573,0.0,3766.22705078125,4196.0,23.538318247999996
704,0.30136343836784363,804.6143367215991,0.0,3766.22705078125,4196.0,23.5742642210098
705,0.4340285658836365,1193.4590538442135,0.0,3766.22705078125,4196.0,23.61033228901215
706,0.37094444036483765,1297.2564240098,0.0,3766.22705078125,4196.0,23.646272807964124
707,0.4026578962802887,1048.1490771472454,0.0,3766.22705078125,4196.0,23.68235395301599
708,0.28364887833595276,736.2861710265279,0.0,3766.22705078125,4196.0,23.718240804038942
709,0.40984588861465454,1109.6700262725353,0.0,3766.22705078125,4196.0,23.754534458974376
710,0.3822029232978821,1088.876835346222,0.0,3766.22705078125,4196.0,23.790297467028722
711,0.34849584102630615,1210.1331665813923,0.0,3766.22705078125,4196.0,23.826281619025394
712,0.3872203528881073,877.3035571724176,0.0,3766.22705078125,4196.0,23.86242504802067
713,1.738553524017334,3526.426980793476,0.0,3766.22705078125,4196.0,23.89831234002486
714,0.31727099418640137,710.5462658628821,0.0,3766.22705078125,4196.0,23.934809381957166
715,0.3416037857532501,1705.3376743793488,0.0,3766.22705078125,4196.0,23.970860459958203
716,0.26688262820243835,708.2749456241727,0.0,3766.22705078125,4196.0,24.006722867954522
717,0.13651257753372192,646.0291471406817,0.0,3766.22705078125,4196.0,24.042555063962936
718,0.14455097913742065,1589.0952823758125,0.0,3766.22705078125,4196.0,24.078701113001443
719,0.8541449308395386,2514.192834317684,0.0,3766.22705078125,4196.0,24.114532093983144
720,0.19566449522972107,542.8414309546351,0.0,3766.22705078125,4196.0,24.15043075394351
721,0.2359009087085724,1107.6375814825296,0.0,3766.22705078125,4196.0,24.186413477989845
722,0.2540733218193054,1267.373256355524,0.0,3766.22705078125,4196.0,24.222232360974886
723,0.5023752450942993,1353.298374131322,0.0,3766.22705078125,4196.0,24.258175179944374
724,0.2858525812625885,675.0851133912802,0.0,3766.22705078125,4196.0,24.294138628989458
725,0.9286131858825684,1677.518710911274,0.0,3766.22705078125,4196.0,24.33006105700042
726,1.0672482252120972,2649.0279750823975,0.0,3766.22705078125,4196.0,24.365945036988705
727,0.91990065574646,1898.3154443204403,0.0,3766.22705078125,4196.0,24.402158632990904
728,0.373870313167572,901.7447832673788,0.0,3766.22705078125,4196.0,24.438240956049412
729,0.38155820965766907,1054.8597563505173,0.0,3766.22705078125,4196.0,24.47437368996907
730,0.2746949791908264,678.7153892740607,0.0,3766.22705078125,4196.0,24.51037248095963
731,1.673961877822876,4057.61284057796,0.0,3766.22705078125,4196.0,24.54626307799481
732,0.2548591196537018,1161.0393921881914,0.0,3766.22705078125,4196.0,24.58222071104683
733,0.9070897102355957,2208.805988892913,0.0,3766.22705078125,4196.0,24.618160333950073
734,0.18276944756507874,838.0890493243933,0.0,3766.22705078125,4196.0,24.654029362020083
735,0.3572087585926056,871.823715262115,0.0,3766.22705078125,4196.0,24.68995397305116
736,0.34397855401039124,1357.7824416011572,0.0,3766.22705078125,4196.0,24.72612831101287
737,0.3289353549480438,1230.0001357793808,0.0,3766.22705078125,4196.0,24.761980060022324
738,0.448123037815094,1976.911907851696,0.0,3766.22705078125,4196.0,24.79775161400903
739,0.930324137210846,2937.8230676651,0.0,3766.22705078125,4196.0,24.8335149360355
740,0.6932432055473328,2280.639104448259,0.0,3766.22705078125,4196.0,24.869484920985997
741,1.4374430179595947,3318.446937739849,0.0,3766.22705078125,4196.0,24.90529831405729
742,0.4224716126918793,1661.6446352601051,0.0,3766.22705078125,4196.0,24.94174447504338
743,0.20600056648254395,619.0797899849713,0.0,3766.22705078125,4196.0,24.977793292026035
744,1.3105252981185913,3427.3650940954685,0.0,3766.22705078125,4196.0,25.013810410979204
745,0.24275794625282288,839.6288128644228,0.0,3766.22705078125,4196.0,25.05011586204637
746,0.31804120540618896,725.9807437807322,0.0,3766.22705078125,4196.0,25.086035551968962
747,0.4319753646850586,1144.6688321307302,0.0,3766.22705078125,4196.0,25.122016803943552
748,0.2758185863494873,2145.029617652297,0.0,3766.22705078125,4196.0,25.15805669000838
749,0.9329785704612732,8683.389717817307,0.0,3766.22705078125,4196.0,25.19401941797696
750,0.3590460419654846,3071.8968503773212,0.0,3766.22705078125,4196.0,25.229918334982358
751,0.335788369178772,2287.879632115364,0.0,3766.22705078125,4196.0,25.265795178944245
752,0.8346797823905945,10908.49191737175,0.0,3766.22705078125,4196.0,25.301652607973665
753,9.098034858703613,19139.303937792778,0.0,3766.22705078125,4196.0,25.33762297697831
754,7.925041198730469,32650.585278511047,0.0,3766.22705078125,4196.0,25.374164910055697
755,1.3420748710632324,20160.496213436127,0.0,3766.22705078125,4196.0,25.41016413096804
756,1.7961981296539307,3038.1863776147366,0.0,3766.22705078125,4196.0,25.44653657404706
757,1.0551507472991943,3782.3053382337093,0.0,3766.22705078125,4196.0,25.482541930978186
758,0.7637953758239746,3542.314508020878,0.0,3766.22705078125,4196.0,25.51841177197639
759,0.9356175661087036,3402.390690714121,0.0,3766.22705078125,4196.0,25.554386117029935
760,1.3937158584594727,3270.169983714819,0.0,3766.22705078125,4196.0,25.590496096992865
761,1.3570287227630615,3349.7941589802504,0.0,3766.22705078125,4196.0,25.626383992028423
762,0.7748969793319702,3817.3219907581806,0.0,3766.22705078125,4196.0,25.662431220989674
763,0.7618764638900757,2669.4351667165756,0.0,3766.22705078125,4196.0,25.69863690598868
764,0.7384626269340515,3004.8973195403814,0.0,3766.22705078125,4196.0,25.73445399303455
765,0.9408880472183228,2580.3148927539587,0.0,3766.22705078125,4196.0,25.770405629999004
766,0.7351017594337463,4754.873814463615,0.0,3766.22705078125,4196.0,25.806352567044087
767,0.9451099634170532,2201.61396163702,0.0,3766.22705078125,4196.0,25.84225659898948
768,0.6335607767105103,2282.2108358442783,0.0,3766.22705078125,4196.0,25.878294780966826
769,0.856208086013794,2740.3919118344784,0.0,3766.22705078125,4196.0,25.914177190046757
770,0.6723628044128418,2778.433928847313,0.0,3766.22705078125,4196.0,25.950291182962246
771,0.7535021305084229,3249.8210509717464,0.0,3766.22705078125,4196.0,25.98640382499434
772,0.594463586807251,2549.736845985055,0.0,3766.22705078125,4196.0,26.022666012053378
773,1.1791982650756836,1716.5723079442978,0.0,3766.22705078125,4196.0,26.05878371698782
774,0.7035040259361267,3394.0504236221313,0.0,3766.22705078125,4196.0,26.094685017014854
775,0.594982922077179,2300.993731945753,0.0,3766.22705078125,4196.0,26.13058350898791
776,0.7560018301010132,2365.6614145487547,0.0,3766.22705078125,4196.0,26.16657113400288
777,0.673600435256958,1545.1862494200468,0.0,3766.22705078125,4196.0,26.202521897968836
778,0.5981504917144775,1432.961643949151,0.0,3766.22705078125,4196.0,26.23849108698778
779,1.7465248107910156,2864.7487387657166,0.0,3766.22705078125,4196.0,26.27448010095395
780,0.6651467680931091,3130.077501863241,0.0,3766.22705078125,4196.0,26.310486471047625
781,0.725892186164856,2554.9935010671616,0.0,3766.22705078125,4196.0,26.346844663028605
782,0.8305364847183228,1880.0249842703342,0.0,3766.22705078125,4196.0,26.382754335994832
783,0.7351915836334229,1956.0266791284084,0.0,3766.22705078125,4196.0,26.418714012019336
784,1.2965055704116821,2722.792471021414,0.0,3766.22705078125,4196.0,26.455233081942424
785,0.6023828387260437,1158.4185913652182,0.0,3766.22705078125,4196.0,26.491199629963376
786,0.5614427328109741,1456.3017193078995,0.0,3766.22705078125,4196.0,26.527160622994415
787,0.6043785810470581,1394.3492208570242,0.0,3766.22705078125,4196.0,26.563241043011658
788,0.8610613346099854,2185.9407584667206,0.0,3766.22705078125,4196.0,26.5992621750338
789,0.4605739414691925,1464.1889193356037,0.0,3766.22705078125,4196.0,26.635162041988224
790,0.5036423206329346,1142.704480342567,0.0,3766.22705078125,4196.0,26.671451878966764
791,0.5371167659759521,1063.4001242667437,0.0,3766.22705078125,4196.0,26.707293957006186
792,0.9620205760002136,3339.7719911783934,0.0,3766.22705078125,4196.0,26.74327085004188
793,0.4576328992843628,1369.0829151943326,0.0,3766.22705078125,4196.0,26.779140964965336
794,0.38547828793525696,951.9419008791447,0.0,3766.22705078125,4196.0,26.815130159957334
795,0.47762376070022583,1231.4513676017523,0.0,3766.22705078125,4196.0,26.85113361198455
796,1.1457622051239014,2880.862318724394,0.0,3766.29833984375,4196.0,26.88717243995052
797,1.2893099784851074,3511.519843444228,0.0,3766.29833984375,4196.0,26.92297715996392
798,0.6540786027908325,1455.43736808002,0.0,3766.29833984375,4196.0,26.959191948990338
799,0.6387706995010376,1127.0772991329432,0.0,3766.29833984375,4196.0,26.99571810301859
800,0.9505959749221802,2323.028516858816,0.0,3766.29833984375,4196.0,27.031604615040123
801,0.6171965003013611,1358.2846898511052,0.0,3766.29833984375,4196.0,27.067493016947992
802,0.5330274701118469,1147.6914721280336,0.0,3766.29833984375,4196.0,27.103365610004403
803,0.6568832397460938,2100.6891116201878,0.0,3766.29833984375,4196.0,27.139625404030085
804,1.1840033531188965,2158.23088029027,0.0,3766.29833984375,4196.0,27.175453476957045
805,0.5748996734619141,1184.0988083183765,0.0,3766.29833984375,4196.0,27.21120024996344
806,0.43057727813720703,1095.8134003132582,0.0,3766.29833984375,4196.0,27.24700713600032
807,0.4754491448402405,1155.6625394970179,0.0,3766.29833984375,4196.0,27.282792930025607
808,0.5123484134674072,975.3261786177754,0.0,3766.29833984375,4196.0,27.319043684983626
809,0.4814486503601074,899.8151928037405,0.0,3766.29833984375,4196.0,27.354863262036815
810,0.4966490864753723,1291.3427096903324,0.0,3766.29833984375,4196.0,27.390760921058245
811,0.5357176065444946,1104.228969603777,0.0,3766.29833984375,4196.0,27.42663750599604
812,0.38804706931114197,1071.0457986146212,0.0,3766.29833984375,4196.0,27.462994833942503
813,1.688751220703125,4406.0625012815,0.0,3766.29833984375,4196.0,27.498530379962176
814,0.37615135312080383,829.3450653851032,0.0,3766.29833984375,4196.0,27.53429799794685
815,0.47245538234710693,1232.7006254792213,0.0,3766.29833984375,4196.0,27.570152314030565
816,0.46872207522392273,1020.3482825756073,0.0,3766.29833984375,4196.0,27.605963428970426
817,0.8318015336990356,2095.837806597352,0.0,3766.29833984375,4196.0,27.64223805302754
818,1.9688889980316162,3510.5906993597746,0.0,3766.29833984375,4196.0,27.677830289001577
819,0.4485955536365509,954.8752730637789,0.0,3766.29833984375,4196.0,27.713617919012904
820,0.5761682987213135,943.6520723700523,0.0,3766.29833984375,4196.0,27.74947398796212
821,0.5535553097724915,1320.0816939920187,0.0,3766.29833984375,4196.0,27.785245414008386
822,0.5143795013427734,1087.070958018303,0.0,3766.29833984375,4196.0,27.821043170057237
823,1.027124285697937,2121.367507994175,0.0,3766.29833984375,4196.0,27.856874424032867
824,1.1546154022216797,3496.539344549179,0.0,3766.29833984375,4196.0,27.892746275058016
825,0.44396162033081055,812.1076936721802,0.0,3766.29833984375,4196.0,27.92851616302505
826,0.35900765657424927,637.3016443550587,0.0,3766.29833984375,4196.0,27.965031418949366
827,3.365750551223755,13673.027112185955,0.0,3766.29833984375,4196.0,28.001054221997038
828,0.34935128688812256,892.6389436721802,0.0,3766.29833984375,4196.0,28.037011089967564
829,0.8139197826385498,2199.4738975912333,0.0,3766.29833984375,4196.0,28.07295542897191
830,0.5114006996154785,681.4849539101124,0.0,3766.29833984375,4196.0,28.10881560994312
831,0.5409983992576599,1004.4807299524546,0.0,3766.29833984375,4196.0,28.144762741052546
832,0.6987250447273254,2182.082621574402,0.0,3766.29833984375,4196.0,28.180527055985294
833,1.8186559677124023,3661.640065804124,0.0,3766.29833984375,4196.0,28.21634503698442
834,1.0283595323562622,3056.067993566394,0.0,3766.29833984375,4196.0,28.252248562057503
835,0.4506553113460541,1004.5342182815075,0.0,3766.29833984375,4196.0,28.28854889597278
836,0.5991175770759583,2402.6128398776054,0.0,3766.29833984375,4196.0,28.324457898037508
837,0.6168553829193115,1400.9773678183556,0.0,3766.29833984375,4196.0,28.360440591000952
838,1.1037843227386475,1943.925321906805,0.0,3766.29833984375,4196.0,28.396425066981465
839,0.5828570127487183,1347.8471652120352,0.0,3766.29833984375,4196.0,28.43234694399871
840,0.42802247405052185,1051.9729709252715,0.0,3766.29833984375,4196.0,28.468456075992435
841,1.3039178848266602,3627.9761605858803,0.0,3766.29833984375,4196.0,28.504338684957474
842,0.3917778432369232,1355.7561112046242,0.0,3766.29833984375,4196.0,28.540100647020154
843,0.4264822006225586,1066.2125123515725,0.0,3766.29833984375,4196.0,28.575991063029505
844,0.42155829071998596,1206.7547763735056,0.0,3766.29833984375,4196.0,28.612279313034378
845,0.4807227551937103,773.0534732192755,0.0,3766.29833984375,4196.0,28.648157189949416
846,0.4724559783935547,820.5766905397177,0.0,3766.29833984375,4196.0,28.68396636203397
847,0.42337602376937866,919.3173055797815,0.0,3766.29833984375,4196.0,28.719892996014096
848,0.8618160486221313,2045.1408265680075,0.0,3766.29833984375,4196.0,28.755679585970938
849,0.6647456884384155,1885.0022363215685,0.0,3766.29833984375,4196.0,28.79155542200897
850,0.6097908616065979,4348.991555482149,0.0,3766.29833984375,4196.0,28.827358740963973
851,0.4310356378555298,963.6576856970787,0.0,3766.29833984375,4196.0,28.863156807026826
852,2.1046533584594727,2756.5040979087353,0.0,3766.29833984375,4196.0,28.898899308987893
853,0.37227118015289307,980.6960439831018,0.0,3766.29833984375,4196.0,28.93506610102486
854,0.9877855777740479,2447.1178670078516,0.0,3766.29833984375,4196.0,28.971104572992772
855,0.4037526249885559,1335.9096605181694,0.0,3766.29833984375,4196.0,29.006965885986574
856,0.5926944017410278,2516.9233743697405,0.0,3766.29833984375,4196.0,29.042908119037747
857,0.36742424964904785,772.1673645079136,0.0,3766.29833984375,4196.0,29.078781377058476
858,0.5429897308349609,1139.7905802428722,0.0,3766.29833984375,4196.0,29.114533197018318
859,0.32469773292541504,917.953685849905,0.0,3766.29833984375,4196.0,29.150275800027885
860,0.4908064901828766,1178.472731128335,0.0,3766.29833984375,4196.0,29.186125345993787
861,0.5565245747566223,2025.1328413635492,0.0,3766.29833984375,4196.0,29.22186943597626
862,0.3897981643676758,1019.2864546850324,0.0,3766.29833984375,4196.0,29.25792545604054
863,0.4625878930091858,974.3551708757877,0.0,3766.29833984375,4196.0,29.293785664020106
864,0.3880554437637329,898.8040769845247,0.0,3766.29833984375,4196.0,29.32956122397445
865,1.160102367401123,3074.019727140665,0.0,3766.29833984375,4196.0,29.365386517019942
866,0.39870136976242065,1158.3285644203424,0.0,3766.29833984375,4196.0,29.401113366009668
867,0.5706952810287476,896.3733899891376,0.0,3766.29833984375,4196.0,29.436976172029972
868,0.5682661533355713,1657.9002853184938,0.0,3766.29833984375,4196.0,29.472977385972627
869,1.3448365926742554,1766.7072424143553,0.0,3766.29833984375,4196.0,29.508905822993256
870,0.40880095958709717,979.4778233394027,0.0,3766.29833984375,4196.0,29.544669909984805
871,0.45050591230392456,713.9451782479882,0.0,3766.29833984375,4196.0,29.580855668056756
872,1.1274199485778809,2327.276232689619,0.0,3766.29833984375,4196.0,29.616615272010677
873,0.49248236417770386,910.1023952811956,0.0,3766.29833984375,4196.0,29.65241176704876
874,0.3630064129829407,662.3937836512923,0.0,3766.29833984375,4196.0,29.68832311499864
875,0.339873731136322,706.6057466417551,0.0,3766.29833984375,4196.0,29.724232406006195
876,0.8168343305587769,2650.641813337803,0.0,3766.29833984375,4196.0,29.760041874018498
877,0.46056628227233887,1061.4751351773739,0.0,3766.29833984375,4196.0,29.79578387294896
878,1.4579224586486816,2868.500471353531,0.0,3766.29833984375,4196.0,29.83158395299688
879,1.4018232822418213,3694.41946592927,0.0,3766.29833984375,4196.0,29.867406576056965
880,0.5413703322410583,1446.9922456145287,0.0,3766.29833984375,4196.0,29.90347094705794
881,0.3531067371368408,764.6695082634687,0.0,3766.29833984375,4196.0,29.939340563956648
882,0.49716252088546753,1239.730365589261,0.0,3766.29833984375,4196.0,29.975148702971637
883,0.3228200376033783,744.1900631710887,0.0,3766.29833984375,4196.0,30.01113376999274
884,0.34145307540893555,1196.5506472438574,0.0,3766.29833984375,4196.0,30.047042799997143
885,0.2314966917037964,928.3274742513895,0.0,3766.29833984375,4196.0,30.083040253957734
886,1.387878179550171,4645.885382026434,0.0,3766.29833984375,4196.0,30.118831382947974
887,0.39692994952201843,1001.2863174751401,0.0,3766.29833984375,4196.0,30.154734896030277
888,0.4293043613433838,976.2156505584717,0.0,3766.29833984375,4196.0,30.19048055098392
889,0.37432610988616943,890.3119881749153,0.0,3766.29833984375,4196.0,30.226548612001352
890,0.43222713470458984,1172.545754313469,0.0,3766.29833984375,4196.0,30.2624354660511
891,0.7712786197662354,1911.4937712401152,0.0,3766.29833984375,4196.0,30.298252822016366
892,0.2877487540245056,799.2914561927319,0.0,3766.29833984375,4196.0,30.33410285494756
893,0.43826863169670105,740.7146798223257,0.0,3766.29833984375,4196.0,30.36994737701025
894,0.46219146251678467,847.4403311759233,0.0,3766.29833984375,4196.0,30.405917564989068
895,0.41173088550567627,1011.1168866753578,0.0,3766.29833984375,4196.0,30.441718320944346
896,0.48881810903549194,1160.279694840312,0.0,3766.29833984375,4196.0,30.47772956697736
897,0.8443983793258667,2758.645064264536,0.0,3766.29833984375,4196.0,30.51361502194777
898,0.45025959610939026,684.6079822778702,0.0,3766.29833984375,4196.0,30.54973940795753
899,0.3988085091114044,683.3076136410236,0.0,3766.29833984375,4196.0,30.58548506500665
900,0.3568519055843353,799.768601089716,0.0,3766.29833984375,4196.0,30.62145179801155
901,0.5372347235679626,1216.7578372955322,0.0,3766.29833984375,4196.0,30.657323179999366
902,0.37526702880859375,908.0725218504667,0.0,3766.29833984375,4196.0,30.69332081801258
903,0.24344830214977264,1080.8125191181898,0.0,3766.29833984375,4196.0,30.72911723400466
904,1.126736044883728,2715.8373734802008,0.0,3766.29833984375,4196.0,30.76496405096259
905,0.42187508940696716,1128.988588154316,0.0,3766.29833984375,4196.0,30.800787169951946
906,0.313925564289093,1290.521068841219,0.0,3766.29833984375,4196.0,30.836700033047237
907,1.2242590188980103,3521.3882354050875,0.0,3766.29833984375,4196.0,30.872799718985334
908,0.42390120029449463,1088.1016651391983,0.0,3766.29833984375,4196.0,30.908450450049713
909,0.2466377466917038,763.4423701316118,0.0,3766.29833984375,4196.0,30.94433967000805
910,0.5246216654777527,1485.2797455638647,0.0,3766.29833984375,4196.0,30.980310530983843
911,1.2522696256637573,4239.048806786537,0.0,3766.29833984375,4196.0,31.016057646949776
912,0.39070457220077515,728.9447976797819,0.0,3766.29833984375,4196.0,31.051831920049153
913,1.1411405801773071,4222.271510630846,0.0,3766.29833984375,4196.0,31.087488444987684
914,0.6532317399978638,1604.916296981275,0.0,3766.29833984375,4196.0,31.123606779961847
915,0.36013203859329224,971.0449461340904,0.0,3766.29833984375,4196.0,31.15937007800676
916,0.3793555498123169,1000.4217416346073,0.0,3766.29833984375,4196.0,31.19558648194652
917,1.0029091835021973,1776.941047847271,0.0,3766.29833984375,4196.0,31.231392081012018
918,0.4039355516433716,1194.170629069209,0.0,3766.29833984375,4196.0,31.26722160098143
919,0.2659096121788025,594.767789080739,0.0,3766.29833984375,4196.0,31.303048274014145
920,0.3424736261367798,1023.0048163235188,0.0,3766.29833984375,4196.0,31.339017282007262
921,0.37732845544815063,820.7078858092427,0.0,3766.29833984375,4196.0,31.374872394022532
922,1.0438764095306396,2576.7728423327208,0.0,3766.29833984375,4196.0,31.41071355296299
923,0.4525279104709625,1058.9160360246897,0.0,3766.29833984375,4196.0,31.446556207956746
924,1.0872143507003784,1237.9768680632114,0.0,3766.29833984375,4196.0,31.482699658954516
925,0.2110733687877655,681.7301069200039,0.0,3766.29833984375,4196.0,31.51896060805302
926,0.4613810181617737,763.855659365654,0.0,3766.29833984375,4196.0,31.554835606948473
927,0.37907347083091736,793.290951743722,0.0,3766.29833984375,4196.0,31.590682168025523
928,0.42480307817459106,1525.3161564022303,0.0,3766.29833984375,4196.0,31.62651661003474
929,0.3332371711730957,792.6547434180975,0.0,3766.29833984375,4196.0,31.662345853052102
930,0.35031846165657043,1159.3259579241276,0.0,3766.29833984375,4196.0,31.69822064996697
931,0.3611992597579956,676.4321077615023,0.0,3766.29833984375,4196.0,31.734064394957386
932,0.28172627091407776,957.1225440055132,0.0,3766.29833984375,4196.0,31.769891642965376
933,0.3947383761405945,1252.1117241978645,0.0,3766.29833984375,4196.0,31.80572433094494
934,0.33956193923950195,1214.1287056207657,0.0,3766.29833984375,4196.0,31.841965973027982
935,0.40492886304855347,1209.7190436124802,0.0,3766.29833984375,4196.0,31.877928451052867
936,0.3604245185852051,887.29361769557,0.0,3766.29833984375,4196.0,31.913818622007966
937,0.8708630800247192,2004.5603630840778,0.0,3766.29833984375,4196.0,31.949907800997607
938,0.3006575107574463,669.9361407980323,0.0,3766.29833984375,4196.0,31.98590236005839
939,0.4163856506347656,1244.3898072242737,0.0,3766.29833984375,4196.0,32.02175799198449
940,1.0310733318328857,1554.7432757019997,0.0,3766.29833984375,4196.0,32.05783854203764
941,1.7852938175201416,4604.5786291360855,0.0,3766.29833984375,4196.0,32.0936634959653
942,0.3978012800216675,944.3739731311798,0.0,3766.29833984375,4196.0,32.12956500402652
943,0.48194265365600586,1047.3563910722733,0.0,3766.29833984375,4196.0,32.165684313979
944,0.2421732395887375,586.9658403173089,0.0,3766.29833984375,4196.0,32.20155660598539
945,0.39178770780563354,1319.964672371745,0.0,3766.29833984375,4196.0,32.23728073597886
946,0.520982563495636,1098.2619999200106,0.0,3766.29833984375,4196.0,32.272988606011495
947,0.4307857155799866,1505.1424746066332,0.0,3766.29833984375,4196.0,32.30888142599724
948,1.2301799058914185,2791.8054084926844,0.0,3766.29833984375,4196.0,32.344774322002195
949,0.6092084646224976,1531.2029697149992,0.0,3766.29833984375,4196.0,32.38066957902629
950,0.7731361985206604,2321.508316040039,0.0,3766.29833984375,4196.0,32.4164365560282
951,0.5243098735809326,1677.1974850222468,0.0,3766.29833984375,4196.0,32.45252404699568
952,0.407559335231781,790.0782491713762,0.0,3766.29833984375,4196.0,32.48879221396055
953,0.49305570125579834,1818.5829298496246,0.0,3766.29833984375,4196.0,32.524536384036765
954,0.5215182304382324,1403.973587155342,0.0,3766.29833984375,4196.0,32.5603681600187
955,0.14775197207927704,602.5401013940573,0.0,3766.29833984375,4196.0,32.596345799043775
956,0.31369438767433167,1168.9509201347828,0.0,3766.29833984375,4196.0,32.63218517205678
957,0.4120256006717682,1128.0476338267326,0.0,3766.29833984375,4196.0,32.667984812986106
958,0.7456236481666565,2261.989234879613,0.0,3766.29833984375,4196.0,32.70396597101353
959,0.4347977638244629,1172.4418285936117,0.0,3766.29833984375,4196.0,32.73964594397694
960,1.1226153373718262,1795.8537422269583,0.0,3766.29833984375,4196.0,32.77548137400299
961,0.23490598797798157,780.5433215796947,0.0,3766.29833984375,4196.0,32.81159105396364
962,0.4283563494682312,1615.885436564684,0.0,3766.29833984375,4196.0,32.8473650830565
963,0.32001984119415283,657.3099844381213,0.0,3766.29833984375,4196.0,32.88315867597703
964,0.29628556966781616,1099.279248520732,0.0,3766.29833984375,4196.0,32.918840646976605
965,0.32347559928894043,928.9686003923416,0.0,3766.29833984375,4196.0,32.954716715961695
966,0.3388867974281311,1325.4896485060453,0.0,3766.29833984375,4196.0,32.990765725960955
967,0.3309091329574585,1476.183521270752,0.0,3766.29833984375,4196.0,33.02651864197105
968,0.1707994043827057,689.1824712008238,0.0,3766.29833984375,4196.0,33.0622902699979
969,0.43862172961235046,1776.9458375871181,0.0,3766.29833984375,4196.0,33.09820680494886
970,0.21269358694553375,806.5616452097893,0.0,3766.29833984375,4196.0,33.134472131030634
971,1.033267855644226,2852.7709603607655,0.0,3766.29833984375,4196.0,33.17034531803802
972,0.4134010076522827,1138.8324142545462,0.0,3766.29833984375,4196.0,33.20621349103749
973,0.23317556083202362,679.172841720283,0.0,3766.29833984375,4196.0,33.242042010999285
974,0.37647539377212524,566.425523430109,0.0,3766.29833984375,4196.0,33.27789620694239
975,0.5628382563591003,1327.680214047432,0.0,3766.29833984375,4196.0,33.31355571199674
976,0.4294688105583191,3081.1137984395027,0.0,3766.29833984375,4196.0,33.34943475294858
977,0.4800049662590027,1324.9073418676853,0.0,3766.29833984375,4196.0,33.38539160799701
978,0.4792224168777466,1020.7381253987551,0.0,3766.29833984375,4196.0,33.42123439104762
979,0.3267359733581543,1630.7034439444542,0.0,3766.29833984375,4196.0,33.457593924948014
980,0.9563243389129639,2330.1806177198887,0.0,3766.29833984375,4196.0,33.493598583037965
981,0.4483073949813843,754.708020195365,0.0,3766.29833984375,4196.0,33.52952010103036
982,0.41843152046203613,868.6856839358807,0.0,3766.29833984375,4196.0,33.56532212602906
983,0.6163919568061829,1259.2384562045336,0.0,3766.29833984375,4196.0,33.601225923979655
984,0.44105783104896545,2142.75414532423,0.0,3766.29833984375,4196.0,33.63710456795525
985,0.3357967138290405,934.1476004123688,0.0,3766.29833984375,4196.0,33.67293628701009
986,0.3716360926628113,655.0445930361748,0.0,3766.29833984375,4196.0,33.70883609203156
987,0.634459376335144,2353.919109299779,0.0,3766.29833984375,4196.0,33.744642587029375
988,1.1044732332229614,1417.0729897245765,0.0,3766.29833984375,4196.0,33.78096755302977
989,0.09199462831020355,665.1832051873207,0.0,3766.29833984375,4196.0,33.816749586956576
990,0.3656473159790039,916.6763463020325,0.0,3766.29833984375,4196.0,33.85251925699413
991,0.387555867433548,904.2527784854174,0.0,3766.29833984375,4196.0,33.8882946689846
992,0.25758877396583557,3933.0512595176697,0.0,3766.29833984375,4196.0,33.92417397105601
993,0.22328300774097443,604.7338216081262,0.0,3766.29833984375,4196.0,33.96011450898368
994,0.1981886476278305,919.5119245648384,0.0,3766.29833984375,4196.0,33.99616987397894
995,0.6766293048858643,2118.3404825255275,0.0,3766.29833984375,4196.0,34.03198131104
996,0.39393937587738037,1400.9967416226864,0.0,3766.29833984375,4196.0,34.06773776502814
997,0.3043549060821533,1190.2166181355715,0.0,3766.29833984375,4196.0,34.10376703902148
998,0.32531946897506714,1117.14141279459,0.0,3766.29833984375,4196.0,34.13951868400909
999,1.294387698173523,3047.9299846738577,0.0,3766.29833984375,4196.0,34.17541587294545
1000,0.5317623615264893,1152.359903872013,0.0,3766.29833984375,4196.0,34.21115564496722
1001,0.7758686542510986,2130.3659221082926,0.0,3819.36083984375,4424.0,36.41981611296069
1002,0.8753722906112671,2061.397211968899,0.0,3819.36083984375,4424.0,36.45574303297326
1003,0.30106598138809204,1065.614717245102,0.0,3819.36083984375,4424.0,36.491734987008385
1004,0.35346436500549316,2335.921107470989,0.0,3819.36083984375,4424.0,36.527498158975504
1005,0.3898622989654541,940.5040380507708,0.0,3819.36083984375,4424.0,36.56324443302583
1006,0.3046165704727173,950.1369456797838,0.0,3819.36083984375,4424.0,36.59918629494496
1007,0.2877945899963379,854.0124588385224,0.0,3819.36083984375,4424.0,36.634934391011484
1008,0.31602269411087036,748.6189301609993,0.0,3819.36083984375,4424.0,36.67074510501698
1009,0.28801262378692627,679.2571528330445,0.0,3819.36083984375,4424.0,36.70654291694518
1010,0.32322797179222107,741.7251202464104,0.0,3819.36083984375,4424.0,36.74269619304687
1011,0.474310040473938,871.118723616004,0.0,3819.36083984375,4424.0,36.77845775894821
1012,0.588464617729187,2777.326054096222,0.0,3819.36083984375,4424.0,36.814156883978285
1013,0.5578510761260986,1847.1952899694443,0.0,3819.36083984375,4424.0,36.850010965019464
1014,0.9718543291091919,3170.7981994450092,0.0,3819.36083984375,4424.0,36.88592398504261
1015,0.39578431844711304,922.0092821866274,0.0,3819.36083984375,4424.0,36.921636214945465
1016,0.3101961016654968,991.3932303488255,0.0,3819.36083984375,4424.0,36.957417884026654
1017,0.303693950176239,1398.9392168670893,0.0,3819.36083984375,4424.0,36.99351162603125
1018,0.20836226642131805,382.4118327125907,0.0,3819.36083984375,4424.0,37.02933049900457
1019,1.6071707010269165,3558.9353625774384,0.0,3819.36083984375,4424.0,37.065866656950675
1020,0.40347135066986084,1141.9304488822818,0.0,3819.36083984375,4424.0,37.101789901964366
1021,0.3862752318382263,1150.063266262412,0.0,3819.36083984375,4424.0,37.13813443901017
1022,0.3366730809211731,803.0474285036325,0.0,3819.36083984375,4424.0,37.17395933601074
1023,0.5049914121627808,974.0018240958452,0.0,3819.36083984375,4424.0,37.20981834398117
1024,0.4649985134601593,1134.4457353800535,0.0,3819.36083984375,4424.0,37.245644432958215
1025,0.8643050789833069,2384.6877297908068,0.0,3819.36083984375,4424.0,37.28129710897338
1026,0.2458183765411377,983.1670785844326,0.0,3819.36083984375,4424.0,37.31698142795358
1027,0.3096550405025482,796.3113045543432,0.0,3819.36083984375,4424.0,37.35273256897926
1028,0.40666669607162476,960.5478272736073,0.0,3819.36083984375,4424.0,37.388947395957075
1029,1.4789421558380127,2126.0646771490574,0.0,3819.36083984375,4424.0,37.42494740500115
1030,0.577210009098053,1706.7045150399208,0.0,3819.36083984375,4424.0,37.46065246500075
1031,0.24609658122062683,782.6803981363773,0.0,3819.36083984375,4424.0,37.496885086991824
1032,0.3275684714317322,830.2400348260999,0.0,3819.36083984375,4424.0,37.53287077601999
1033,0.33447253704071045,902.5756544917822,0.0,3819.36083984375,4424.0,37.568808916024864
1034,0.6671713590621948,1505.12505402416,0.0,3819.36083984375,4424.0,37.604624600033276
1035,0.3499239683151245,1127.842588916421,0.0,3819.36083984375,4424.0,37.64042153698392
1036,0.36336183547973633,588.1464388072491,0.0,3819.36083984375,4424.0,37.676308988942765
1037,0.46513792872428894,1339.1900244057178,0.0,3819.36083984375,4424.0,37.712480503018014
1038,0.394243448972702,1900.7298897355795,0.0,3819.36083984375,4424.0,37.748316391021945
1039,0.3766344487667084,1185.470396824181,0.0,3819.36083984375,4424.0,37.78417741297744
1040,0.21085546910762787,883.5371124446392,0.0,3819.36083984375,4424.0,37.82006860000547
1041,0.31805282831192017,846.6751196980476,0.0,3819.36083984375,4424.0,37.85593722201884
1042,0.2372148633003235,1020.8967729210854,0.0,3819.36083984375,4424.0,37.89178205502685
1043,0.29241591691970825,700.0045577138662,0.0,3819.36083984375,4424.0,37.92756800795905
1044,0.1846575140953064,452.38300258666277,0.0,3819.36083984375,4424.0,37.963201227015816
1045,0.3978595733642578,2929.804377913475,0.0,3819.36083984375,4424.0,37.999321796000004
1046,0.6682822704315186,2573.0196399986744,0.0,3819.36083984375,4424.0,38.03545154503081
1047,0.38271868228912354,3192.942406654358,0.0,3819.36083984375,4424.0,38.071296965004876
1048,0.2856592535972595,967.2310851961374,0.0,3819.36083984375,4424.0,38.10714961704798
1049,0.6650442481040955,2907.308814138174,0.0,3819.36083984375,4424.0,38.142915411968715
1050,1.3501591682434082,3731.210258960724,0.0,3819.36083984375,4424.0,38.17873880302068
1051,0.410248339176178,1135.3830164670944,0.0,3819.36083984375,4424.0,38.21465969097335
1052,0.7196916937828064,2217.874549269676,0.0,3819.36083984375,4424.0,38.250564725953154
1053,0.3186262249946594,1516.482513397932,0.0,3819.36083984375,4424.0,38.286367499036714
1054,0.2931690812110901,1543.5572063028812,0.0,3819.36083984375,4424.0,38.32201351900585
1055,0.36014610528945923,2168.122293755412,0.0,3819.36083984375,4424.0,38.35817417700309
1056,0.3230478763580322,898.0641302019358,0.0,3819.36083984375,4424.0,38.3940294169588
1057,0.2823108434677124,572.3974121510983,0.0,3819.36083984375,4424.0,38.42986190505326
1058,0.6312588453292847,2595.545893639326,0.0,3819.36083984375,4424.0,38.465859643998556
1059,0.2559458613395691,820.072960704565,0.0,3819.36083984375,4424.0,38.50214979797602
1060,0.35995641350746155,1162.9091925024986,0.0,3819.36083984375,4424.0,38.53787665301934
1061,0.2557614743709564,1333.8860027492046,0.0,3819.36083984375,4424.0,38.57377237500623
1062,0.2559880018234253,648.0822814255953,0.0,3819.36083984375,4424.0,38.60966005397495
1063,0.30136027932167053,736.8488426357508,0.0,3819.36083984375,4424.0,38.64547354297247
1064,0.36360788345336914,1062.0155042782426,0.0,3819.36083984375,4424.0,38.68185666797217
1065,0.2549979090690613,1044.99041223526,0.0,3819.36083984375,4424.0,38.717740067048
1066,1.166797161102295,2628.3445742726326,0.0,3819.36083984375,4424.0,38.7535436040489
1067,0.22773367166519165,535.4401909857988,0.0,3819.36083984375,4424.0,38.78933948697522
1068,0.33150485157966614,782.5412958115339,0.0,3819.36083984375,4424.0,38.82550375000574
1069,0.28983378410339355,672.3621598929167,0.0,3819.36083984375,4424.0,38.86145219404716
1070,0.34870225191116333,873.2213444709778,0.0,3819.36083984375,4424.0,38.89736324199475
1071,0.9558113217353821,2987.774988502264,0.0,3819.36083984375,4424.0,38.932936650002375
1072,0.24604453146457672,870.8647018000484,0.0,3819.36083984375,4424.0,38.9686731119873
1073,0.4632098972797394,984.8136783540249,0.0,3819.36083984375,4424.0,39.005381976021454
1074,0.7386378645896912,1637.7931104898453,0.0,3819.36083984375,4424.0,39.04154899099376
1075,1.0628937482833862,1543.7729049623013,0.0,3819.36083984375,4424.0,39.07756589597557
1076,0.24898558855056763,708.8429861962795,0.0,3819.36083984375,4424.0,39.11325900699012
1077,0.395249605178833,966.2900618612766,0.0,3819.36083984375,4424.0,39.149144178954884
1078,0.3079681992530823,1164.2017531841993,0.0,3819.36083984375,4424.0,39.18486869498156
1079,0.30636489391326904,752.8074968829751,0.0,3819.36083984375,4424.0,39.22071374300867
1080,0.7390955090522766,1878.9544277787209,0.0,3819.36083984375,4424.0,39.256534166052006
1081,0.36686068773269653,668.9906249940395,0.0,3819.36083984375,4424.0,39.29238662798889
1082,0.43771812319755554,1315.1850623488426,0.0,3819.36083984375,4424.0,39.32850480102934
1083,0.5629177093505859,1710.1882334426045,0.0,3819.36083984375,4424.0,39.36438620404806
1084,0.42249417304992676,806.468353882432,0.0,3819.36083984375,4424.0,39.400171956047416
1085,0.28564298152923584,784.3449614495039,0.0,3819.36083984375,4424.0,39.435895640053786
1086,0.3294081687927246,1128.0385322272778,0.0,3819.36083984375,4424.0,39.47168860898819
1087,0.25675833225250244,1121.9372325241566,0.0,3819.36083984375,4424.0,39.507927377009764
1088,0.3826667070388794,728.5589363127947,0.0,3819.36083984375,4424.0,39.5437800870277
1089,1.0979435443878174,4201.196090757847,0.0,3819.36083984375,4424.0,39.57953136204742
1090,0.8799879550933838,1138.4843002036214,0.0,3819.36083984375,4424.0,39.615497683989815
1091,0.1587989628314972,285.3287395760417,0.0,3819.36083984375,4424.0,39.651628279010765
1092,0.3563585877418518,1615.824463263154,0.0,3819.36083984375,4424.0,39.687468116986565
1093,0.8486937880516052,1980.0479347407818,0.0,3819.36083984375,4424.0,39.72336001705844
1094,0.4687306582927704,1764.429680466652,0.0,3819.36083984375,4424.0,39.75924487400334
1095,0.24951310455799103,697.6965545490384,0.0,3819.36083984375,4424.0,39.795131686958484
1096,0.8839974403381348,2708.107391387224,0.0,3819.36083984375,4424.0,39.830576804000884
1097,0.20639394223690033,721.607433103025,0.0,3819.36083984375,4424.0,39.866243849974126
1098,0.6555881500244141,995.8528408557177,0.0,3819.36083984375,4424.0,39.90217752195895
1099,0.18383461236953735,932.9688087552786,0.0,3819.36083984375,4424.0,39.93801671999972
1100,0.2659550607204437,415.86627243459225,0.0,3819.36083984375,4424.0,39.97442721598782
1101,0.27165716886520386,1376.7506343722343,0.0,3819.36083984375,4424.0,40.01055885700043
1102,0.49515587091445923,1866.835659533739,0.0,3819.36083984375,4424.0,40.0463485569926
1103,0.3558211028575897,479.085190102458,0.0,3819.36083984375,4424.0,40.08217631804291
1104,0.38076668977737427,1223.9890131354332,0.0,3819.36083984375,4424.0,40.11801837699022
1105,0.3438975214958191,2680.637560516596,0.0,3819.36083984375,4424.0,40.15384075301699
1106,0.33754637837409973,604.8475448861718,0.0,3819.36083984375,4424.0,40.18979850097094
1107,0.23568518459796906,366.73501406237483,0.0,3819.36083984375,4424.0,40.22571516095195
1108,0.3906029760837555,2968.6897592544556,0.0,3819.36083984375,4424.0,40.261575630982406
1109,0.3337554931640625,838.094277665019,0.0,3819.36083984375,4424.0,40.29787980800029
1110,0.3567982316017151,471.3050412014127,0.0,3819.36083984375,4424.0,40.33373538102023
1111,0.46969521045684814,1873.7958130389452,0.0,3819.36083984375,4424.0,40.36965985398274
1112,0.5316575765609741,1624.956224232912,0.0,3819.36083984375,4424.0,40.405538360006176
1113,0.3833673894405365,1060.8469472527504,0.0,3819.36083984375,4424.0,40.441323993960395
1114,0.16475440561771393,417.35815063118935,0.0,3819.36083984375,4424.0,40.47729591594543
1115,0.38185715675354004,940.9360052645206,0.0,3819.36083984375,4424.0,40.51357116596773
1116,0.2973419427871704,784.7099950015545,0.0,3819.36083984375,4424.0,40.54949713405222
1117,0.3170989453792572,1239.7087976410985,0.0,3819.36083984375,4424.0,40.58529904298484
1118,0.2837997376918793,1194.6821148693562,0.0,3819.36083984375,4424.0,40.62157194700558
1119,1.4954235553741455,3530.6496501266956,0.0,3819.36083984375,4424.0,40.65735568001401
1120,0.21017588675022125,458.18436179310083,0.0,3819.36083984375,4424.0,40.69323738105595
1121,0.7924891114234924,2512.348612882197,0.0,3819.36083984375,4424.0,40.72898563405033
1122,0.20460668206214905,543.1025733053684,0.0,3819.36083984375,4424.0,40.764908410958014
1123,0.30842041969299316,614.4531824290752,0.0,3819.36083984375,4424.0,40.80077440594323
1124,0.2909732460975647,780.0969072878361,0.0,3819.36083984375,4424.0,40.83654023997951
1125,0.766463577747345,2219.389900267124,0.0,3819.36083984375,4424.0,40.87236219004262
1126,0.41171354055404663,822.8170794695616,0.0,3819.36083984375,4424.0,40.90819263702724
1127,0.2540668845176697,663.3178582340479,0.0,3819.36083984375,4424.0,40.944310204009525
1128,0.896227240562439,3302.8626792132854,0.0,3819.36083984375,4424.0,40.98014590900857
1129,0.3330828845500946,865.4284685254097,0.0,3819.36083984375,4424.0,41.016378817963414
1130,0.30542615056037903,711.5646942555904,0.0,3819.36083984375,4424.0,41.052367388037965
1131,0.1632964313030243,450.6064669415355,0.0,3819.36083984375,4424.0,41.088282646029256
1132,0.39618465304374695,960.2162798047066,0.0,3819.36083984375,4424.0,41.12408645194955
1133,0.2997635006904602,651.9177064150572,0.0,3819.36083984375,4424.0,41.15990218403749
1134,0.226471409201622,761.7236609011889,0.0,3819.36083984375,4424.0,41.19566273805685
1135,0.2643219232559204,561.2053269445896,0.0,3819.36083984375,4424.0,41.23133868700825
1136,0.405059814453125,1365.3203697651625,0.0,3819.36083984375,4424.0,41.26744102896191
1137,1.4822256565093994,8143.2351603508,0.0,3819.36083984375,4424.0,41.30346725601703
1138,0.37367406487464905,979.8656326085329,0.0,3819.36083984375,4424.0,41.3395361660514
1139,0.5648699998855591,1419.9402357190847,0.0,3819.36083984375,4424.0,41.37535281397868
1140,0.6534703969955444,2443.4159317314625,0.0,3819.36083984375,4424.0,41.4112540819915
1141,0.17932888865470886,1554.1663508713245,0.0,3819.36083984375,4424.0,41.44698167196475
1142,0.32688719034194946,728.7148535847664,0.0,3819.36083984375,4424.0,41.48305837402586
1143,0.4562077522277832,1239.2121599316597,0.0,3819.36083984375,4424.0,41.51905257394537
1144,0.2926988899707794,938.4836402237415,0.0,3819.36083984375,4424.0,41.55480817402713
1145,0.3915824890136719,12900.22367477417,0.0,3819.36083984375,4424.0,41.59088212798815
1146,2.1886563301086426,5537.358026742935,0.0,3819.36083984375,4424.0,41.62681556795724
1147,2.324225425720215,6623.546162486076,0.0,3819.36083984375,4424.0,41.66267272899859
1148,1.9758801460266113,19787.203057289124,0.0,3819.36083984375,4424.0,41.69843839504756
1149,6.784681797027588,24695.310417175293,0.0,3819.36083984375,4424.0,41.73414580698591
1150,5.986122131347656,9947.872344255447,0.0,3819.36083984375,4424.0,41.76994285802357
1151,2.868565320968628,7569.088145494461,0.0,3819.36083984375,4424.0,41.80593246105127
1152,2.636533737182617,14988.707045555115,0.0,3819.36083984375,4424.0,41.84170815302059
1153,2.021231174468994,25116.75766849518,0.0,3819.36083984375,4424.0,41.8773613430094
1154,1.8256409168243408,9309.941212892532,0.0,3819.36083984375,4424.0,41.91349880595226
1155,1.7972280979156494,4832.821817040443,0.0,3819.36083984375,4424.0,41.9495343080489
1156,1.7056694030761719,4876.68002808094,0.0,3819.36083984375,4424.0,41.98546164401341
1157,1.3760005235671997,9058.006541371346,0.0,3819.36083984375,4424.0,42.02150478295516
1158,1.2864766120910645,12762.403822541237,0.0,3819.36083984375,4424.0,42.0573659009533
1159,1.7639604806900024,9057.982708454132,0.0,3819.36083984375,4424.0,42.093202344025485
1160,2.145658493041992,7815.505818605423,0.0,3819.36083984375,4424.0,42.12888741202187
1161,2.0325374603271484,6251.561944693327,0.0,3819.36083984375,4424.0,42.16451080900151
1162,1.7133100032806396,8449.757726430893,0.0,3819.36083984375,4424.0,42.20020022604149
1163,2.1739583015441895,5052.177048206329,0.0,3819.36083984375,4424.0,42.236185934976675
1164,1.9579013586044312,7917.1347024440765,0.0,3819.36083984375,4424.0,42.27199583896436
1165,2.1239614486694336,5349.453537762165,0.0,3819.36083984375,4424.0,42.307770653045736
1166,1.7241253852844238,4445.276575773954,0.0,3819.36083984375,4424.0,42.34344583703205
1167,0.9160164594650269,2531.90065587312,0.0,3819.36083984375,4424.0,42.37923379195854
1168,0.7955499291419983,2809.2487762719393,0.0,3819.36083984375,4424.0,42.414935690001585
1169,0.9788340926170349,3038.080679938197,0.0,3819.36083984375,4424.0,42.45063984498847
1170,0.9359308481216431,2683.278739914298,0.0,3819.36083984375,4424.0,42.48655038501602
1171,0.8138302564620972,2866.914559483528,0.0,3819.36083984375,4424.0,42.52272103098221
1172,2.269714117050171,5988.551719427109,0.0,3819.36083984375,4424.0,42.55913014605176
1173,1.7742412090301514,4238.083446472883,0.0,3819.36083984375,4424.0,42.59495465201326
1174,0.8187254667282104,1920.091705404222,0.0,3819.36083984375,4424.0,42.630691258003935
1175,2.148996114730835,3365.978040367365,0.0,3819.36083984375,4424.0,42.66644025500864
1176,1.4576754570007324,3616.5459026396275,0.0,3819.36083984375,4424.0,42.70244316698518
1177,1.324228286743164,3511.6562457233667,0.0,3819.36083984375,4424.0,42.738404341973364
1178,1.5586378574371338,2650.635218977928,0.0,3819.36083984375,4424.0,42.77422854397446
1179,0.5433675646781921,1422.7442789301276,0.0,3819.36083984375,4424.0,42.81028130999766
1180,0.8039325475692749,1716.3050769865513,0.0,3819.36083984375,4424.0,42.846149915014394
1181,0.765055775642395,1859.760548979044,0.0,3819.36083984375,4424.0,42.88220373401418
1182,1.353002905845642,3527.553913921118,0.0,3819.36083984375,4424.0,42.917931901989505
1183,1.0153634548187256,3376.233583599329,0.0,3819.36083984375,4424.0,42.95366478897631
1184,2.0401909351348877,3770.7496780455112,0.0,3819.36083984375,4424.0,42.989241541945376
1185,0.6223587989807129,1859.6887391209602,0.0,3819.36083984375,4424.0,43.02522982505616
1186,0.7942420840263367,1946.7791154161096,0.0,3819.36083984375,4424.0,43.06110603699926
1187,0.7134610414505005,1854.3396357372403,0.0,3819.36083984375,4424.0,43.09684313705657
1188,0.5757154226303101,1224.2510816901922,0.0,3819.36083984375,4424.0,43.13255968794692
1189,1.0110719203948975,2803.124569416046,0.0,3819.36083984375,4424.0,43.16823476401623
1190,0.6424354314804077,1681.3012067377567,0.0,3819.36083984375,4424.0,43.20429360202979
1191,1.9734950065612793,3461.726022258401,0.0,3819.36083984375,4424.0,43.240297688986175
1192,0.658878743648529,1656.4767669439316,0.0,3819.36083984375,4424.0,43.275886371033266
1193,0.6955069899559021,1607.820254713297,0.0,3819.36083984375,4424.0,43.31174984294921
1194,0.6660587787628174,2014.0375436618924,0.0,3819.36083984375,4424.0,43.34748628502712
1195,0.9411365389823914,2077.567114278674,0.0,3819.36083984375,4424.0,43.383521426003426
1196,0.6041182279586792,1892.4225804954767,0.0,3819.36083984375,4424.0,43.41931435302831
1197,0.7647214531898499,1486.2709511071444,0.0,3819.36083984375,4424.0,43.455084740999155
1198,0.43464311957359314,1084.7661446258426,0.0,3819.36083984375,4424.0,43.490858196048066
1199,0.5294550657272339,1676.2448714189231,0.0,3819.36083984375,4424.0,43.52711066300981
1200,0.4993455708026886,891.0997355021536,0.0,3819.36083984375,4424.0,43.563043168978766
1201,0.8546085357666016,3196.3624450713396,0.0,3819.36083984375,4424.0,43.599209454027005
1202,0.7566125392913818,1247.3022486791015,0.0,3819.36083984375,4424.0,43.6351727739675
1203,0.8359712362289429,2035.5178670734167,0.0,3819.36083984375,4424.0,43.671082100016065
1204,0.5641272068023682,1203.0337839275599,0.0,3819.36083984375,4424.0,43.706819718005136
1205,0.6676385402679443,1038.0514856651425,0.0,3819.36083984375,4424.0,43.74249728198629
1206,0.749759316444397,1293.1995306164026,0.0,3819.36083984375,4424.0,43.77813981799409
1207,0.5536460876464844,962.9238363727927,0.0,3819.36083984375,4424.0,43.81384257704485
1208,0.6960862874984741,960.7369460612535,0.0,3819.36083984375,4424.0,43.8500211420469
1209,0.5772479772567749,782.0955318696797,0.0,3819.36083984375,4424.0,43.885828566970304
1210,0.49393704533576965,682.8838691394776,0.0,3819.36083984375,4424.0,43.921546683995984
1211,0.6002668142318726,707.3413085713983,0.0,3819.36083984375,4424.0,43.95729188399855
1212,0.5544368028640747,812.1828702613711,0.0,3819.36083984375,4424.0,43.99310772202443
1213,0.6901028156280518,1386.1797777488828,0.0,3819.36083984375,4424.0,44.02913079294376
1214,0.6195695400238037,1553.366055995226,0.0,3819.36083984375,4424.0,44.06500338600017
1215,0.521453857421875,1075.6270093172789,0.0,3819.36083984375,4424.0,44.10076823201962
1216,1.755601167678833,5078.146215416491,0.0,3819.36083984375,4424.0,44.13645127695054
1217,0.6605937480926514,1272.5962013565004,0.0,3819.36083984375,4424.0,44.17247708304785
1218,0.49412834644317627,637.4090202152729,0.0,3819.36083984375,4424.0,44.208264374989085
1219,0.4713175892829895,673.8324562497437,0.0,3819.36083984375,4424.0,44.244038710021414
1220,0.47391828894615173,831.1211840733886,0.0,3819.36083984375,4424.0,44.27977908903267
1221,0.9360734224319458,2033.6447829045355,0.0,3819.36083984375,4424.0,44.315639375010505
1222,0.9343728423118591,2075.4673371817917,0.0,3819.36083984375,4424.0,44.35142474400345
1223,0.9358517527580261,1885.0575796589255,0.0,3819.36083984375,4424.0,44.38731183495838
1224,0.5586880445480347,750.031255338341,0.0,3819.36083984375,4424.0,44.42314932902809
1225,0.4499721825122833,790.912503041327,0.0,3819.36083984375,4424.0,44.45886595803313
1226,0.6905805468559265,912.1943010166287,0.0,3819.36083984375,4424.0,44.495005176984705
1227,0.6682165861129761,1130.162236303091,0.0,3819.36083984375,4424.0,44.53121767099947
1228,0.588586688041687,683.8786877226084,0.0,3819.36083984375,4424.0,44.567024406045675
1229,0.5831307768821716,778.3236217685044,0.0,3819.36083984375,4424.0,44.602922550053336
1230,1.1602272987365723,2791.398890092969,0.0,3819.36083984375,4424.0,44.638613900053315
1231,0.43163520097732544,799.886102873832,0.0,3819.36083984375,4424.0,44.674331502988935
1232,0.6359577775001526,864.9553929567337,0.0,3819.36083984375,4424.0,44.71020108205266
1233,0.9196788668632507,2041.8855539411306,0.0,3819.36083984375,4424.0,44.746103671961464
1234,0.44891101121902466,710.4904436916113,0.0,3819.36083984375,4424.0,44.78190441604238
1235,0.5211718082427979,757.5254315659404,0.0,3819.36083984375,4424.0,44.81801415805239
1236,0.8127931356430054,1476.0626875944436,0.0,3819.36083984375,4424.0,44.85409461404197
1237,0.5110150575637817,810.692911721766,0.0,3819.36083984375,4424.0,44.88993258296978
1238,0.3954003155231476,502.48144340515137,0.0,3819.36083984375,4424.0,44.92575062997639
1239,0.42488783597946167,625.0038835629821,0.0,3819.36083984375,4424.0,44.961482560960576
1240,1.1831889152526855,1523.965456334874,0.0,3819.36083984375,4424.0,44.99757594498806
1241,1.3968250751495361,2824.3149698376656,0.0,3819.36083984375,4424.0,45.033526201033965
1242,0.3960057497024536,610.9229498840868,0.0,3819.36083984375,4424.0,45.06933691399172
1243,0.6402913928031921,926.7580288089812,0.0,3819.36083984375,4424.0,45.105059763998725
1244,0.9360400438308716,2535.0950732454658,0.0,3819.36083984375,4424.0,45.14115298597608
1245,0.3952696621417999,722.593363545835,0.0,3819.36083984375,4424.0,45.17684019799344
1246,0.474247545003891,660.4024088419974,0.0,3819.36083984375,4424.0,45.21256664698012
1247,0.5849927663803101,839.998123370111,0.0,3819.36083984375,4424.0,45.24830616405234
1248,0.5986756086349487,1052.188311971724,0.0,3819.36083984375,4424.0,45.2841154539492
1249,0.6215256452560425,1419.8410998806357,0.0,3819.36083984375,4424.0,45.31981551996432
1250,0.9983041286468506,4377.374961569905,0.0,3819.36083984375,4424.0,45.35591154999565
1251,0.5002776384353638,948.446752615273,0.0,3819.36083984375,4424.0,45.391667140997015
1252,0.43485456705093384,675.4466369561851,0.0,3819.36083984375,4424.0,45.427431973977946
1253,1.1723127365112305,1830.2796185165644,0.0,3819.36083984375,4424.0,45.4637161049759
1254,1.2447805404663086,2292.316153585911,0.0,3819.36083984375,4424.0,45.49950596794952
1255,0.4319256544113159,661.4411358833313,0.0,3819.36083984375,4424.0,45.535508644999936
1256,0.810041069984436,1608.0468396767974,0.0,3819.36083984375,4424.0,45.57129662903026
1257,1.069627285003662,2730.9252008497715,0.0,3819.36083984375,4424.0,45.607397657004185
1258,0.501846194267273,660.8229589015245,0.0,3819.36083984375,4424.0,45.64321398898028
1259,0.5112875699996948,675.7965143471956,0.0,3819.36083984375,4424.0,45.679024399025366
1260,0.5432561635971069,823.9079968109727,0.0,3819.36083984375,4424.0,45.71480782504659
1261,1.2111437320709229,2993.267239779234,0.0,3819.36083984375,4424.0,45.750659371959046
1262,0.367803692817688,915.0361752808094,0.0,3819.36083984375,4424.0,45.78678943600971
1263,0.7891950607299805,1834.8225661814213,0.0,3819.36083984375,4424.0,45.82276592205744
1264,0.45434510707855225,698.855300322175,0.0,3819.36083984375,4424.0,45.85852793301456
1265,1.080499529838562,3078.912043720484,0.0,3819.36083984375,4424.0,45.89436198503245
1266,0.5957321524620056,711.1742348596454,0.0,3819.36083984375,4424.0,45.93018819694407
1267,0.548458456993103,767.1110589951277,0.0,3819.36083984375,4424.0,45.96594568400178
1268,0.5420279502868652,1481.9336676001549,0.0,3819.36083984375,4424.0,46.00177371001337
1269,0.48220160603523254,934.3773966059089,0.0,3819.36083984375,4424.0,46.0375900559593
1270,0.9557408094406128,1120.5470128431916,0.0,3819.36083984375,4424.0,46.073474282049574
1271,0.55073082447052,742.6871937140822,0.0,3819.36083984375,4424.0,46.10960897000041
1272,0.564178466796875,1123.4826478138566,0.0,3819.36083984375,4424.0,46.14554379705805
1273,0.7849966287612915,2616.997661612928,0.0,3819.36083984375,4424.0,46.18131200305652
1274,0.4544620215892792,896.1278551444411,0.0,3819.36083984375,4424.0,46.21712728694547
1275,0.6254963874816895,2030.4114872440696,0.0,3819.36083984375,4424.0,46.25292055204045
1276,0.40977656841278076,988.3404921889305,0.0,3819.36083984375,4424.0,46.28880170802586
1277,0.49252891540527344,779.6303783133626,0.0,3819.36083984375,4424.0,46.324621745035984
1278,0.5786064863204956,617.3018225245178,0.0,3819.36083984375,4424.0,46.360442933044396
1279,0.6057072281837463,1195.6931375712156,0.0,3819.36083984375,4424.0,46.396191473002546
1280,1.2014555931091309,3181.319703798741,0.0,3819.36083984375,4424.0,46.43237652198877
1281,0.9990662336349487,3076.672647573054,0.0,3819.36083984375,4424.0,46.46827500301879
1282,1.2912722826004028,2681.443098023534,0.0,3819.36083984375,4424.0,46.504288724041544
1283,0.49174219369888306,455.2809591013938,0.0,3819.36083984375,4424.0,46.540530057041906
1284,0.44425201416015625,479.0502144303173,0.0,3819.36083984375,4424.0,46.576350032002665
1285,1.294811487197876,3447.9404576718807,0.0,3819.36083984375,4424.0,46.61191390804015
1286,0.5409888625144958,549.3958800286055,0.0,3819.36083984375,4424.0,46.647797025041655
1287,0.4235975444316864,651.5208380967379,0.0,3819.36083984375,4424.0,46.68393447296694
1288,0.630141019821167,939.400044195354,0.0,3819.36083984375,4424.0,46.719832843053155
1289,0.6428488492965698,1529.810942068696,0.0,3819.36083984375,4424.0,46.75596938398667
1290,0.48218220472335815,721.3881481364369,0.0,3819.36083984375,4424.0,46.7919071969809
1291,0.4462217390537262,637.7111466638744,0.0,3819.36083984375,4424.0,46.8279597889632
1292,0.5422898530960083,575.0298254340887,0.0,3819.36083984375,4424.0,46.86382979003247
1293,0.4737081229686737,705.7182411700487,0.0,3819.36083984375,4424.0,46.89999505504966
1294,0.5524436831474304,677.8958264887333,0.0,3819.36083984375,4424.0,46.935827724053524
1295,1.15171480178833,1703.8473100848496,0.0,3819.36083984375,4424.0,46.97175501799211
1296,0.493730753660202,1240.1182626485825,0.0,3819.36083984375,4424.0,47.00767854799051
1297,0.5653209686279297,786.3243302255869,0.0,3819.36083984375,4424.0,47.04389583400916
1298,0.5718639492988586,1244.5320677608252,0.0,3819.36083984375,4424.0,47.08018170495052
1299,0.7556667327880859,1577.3713739216328,0.0,3819.36083984375,4424.0,47.1164593329886
1300,0.5568748712539673,666.1450286060572,0.0,3819.36083984375,4424.0,47.152408833033405
1301,0.5768259763717651,827.5451975017786,0.0,3819.36083984375,4424.0,47.18838183104526
1302,0.5583953261375427,642.9853933006525,0.0,3819.36083984375,4424.0,47.22424638294615
1303,0.3703901767730713,664.9361697845161,0.0,3819.36083984375,4424.0,47.26003279397264
1304,0.9750586748123169,1170.8867285251617,0.0,3819.36083984375,4424.0,47.2960411029635
1305,0.9794498682022095,2231.2834328711033,0.0,3819.36083984375,4424.0,47.331844122032635
1306,0.322361558675766,662.933495759964,0.0,3819.36083984375,4424.0,47.367724354960956
1307,0.5684671401977539,707.8815771080554,0.0,3819.36083984375,4424.0,47.404027409967966
1308,0.7840439081192017,1607.4396008774638,0.0,3819.36083984375,4424.0,47.43999266100582
1309,0.6363121867179871,987.9572379887104,0.0,3819.36083984375,4424.0,47.476028996985406
1310,0.44862231612205505,729.5557638928294,0.0,3819.36083984375,4424.0,47.51203435694333
1311,1.6074117422103882,3486.8077348321676,0.0,3819.36083984375,4424.0,47.54812915495131
1312,0.37475767731666565,685.9894422963262,0.0,3819.36083984375,4424.0,47.58409052097704
1313,0.35743194818496704,644.4548390731215,0.0,3819.36083984375,4424.0,47.619864720036276
1314,0.9280803203582764,2309.188479717821,0.0,3819.36083984375,4424.0,47.65562991902698
1315,0.5173447728157043,733.9831605926156,0.0,3819.36083984375,4424.0,47.691588353016414
1316,0.6115521192550659,821.3971178531647,0.0,3819.36083984375,4424.0,47.72778436704539
1317,0.3136329650878906,772.1797907650471,0.0,3819.36083984375,4424.0,47.763663967954926
1318,0.4311220645904541,536.6303631030023,0.0,3819.36083984375,4424.0,47.79955866700038
1319,0.4708865284919739,660.3638138696551,0.0,3819.36083984375,4424.0,47.83543929597363
1320,0.49886423349380493,705.1258148401976,0.0,3819.36083984375,4424.0,47.87138676003087
1321,1.3715784549713135,2951.800260208547,0.0,3819.36083984375,4424.0,47.90711821895093
1322,0.4212626516819,608.940384991467,0.0,3819.36083984375,4424.0,47.94308060395997
1323,0.4004782438278198,699.8047724217176,0.0,3819.36083984375,4424.0,47.97886022005696
1324,0.5591586828231812,603.5562599264085,0.0,3819.36083984375,4424.0,48.0148395759752
1325,0.6361910700798035,963.559216722846,0.0,3819.36083984375,4424.0,48.05114156100899
1326,0.5029448866844177,705.5226302742958,0.0,3819.36083984375,4424.0,48.08693444705568
1327,0.4730391502380371,602.4011447019875,0.0,3819.36083984375,4424.0,48.1228337950306
1328,1.3292850255966187,2378.119501195848,0.0,3819.36083984375,4424.0,48.15870361297857
1329,0.5689491033554077,674.4891107007861,0.0,3819.36083984375,4424.0,48.19448467704933
1330,0.472248911857605,612.1764130592346,0.0,3819.36083984375,4424.0,48.23028267396148
1331,0.44496822357177734,503.63697880506516,0.0,3819.36083984375,4424.0,48.26609113905579
1332,0.40335774421691895,800.7779070809484,0.0,3819.36083984375,4424.0,48.301995577989146
1333,0.7833331227302551,1971.48313626647,0.0,3819.36083984375,4424.0,48.33789699105546
1334,0.46985578536987305,652.2979768887162,0.0,3819.36083984375,4424.0,48.374118883977644
1335,0.33122801780700684,463.29572336375713,0.0,3819.36083984375,4424.0,48.410053540952504
1336,0.3906712830066681,659.8955525420606,0.0,3819.36083984375,4424.0,48.44589982600883
1337,0.48158663511276245,672.1356971114874,0.0,3819.36083984375,4424.0,48.48164177197032
1338,0.5902995467185974,678.9321617037058,0.0,3819.36083984375,4424.0,48.51783868204802
1339,0.3549177050590515,558.5570173040032,0.0,3819.36083984375,4424.0,48.55384472000878
1340,0.38746947050094604,528.2397112362087,0.0,3819.36083984375,4424.0,48.58973835699726
1341,0.48464155197143555,670.2622758001089,0.0,3819.36083984375,4424.0,48.62566193600651
1342,0.6004000306129456,855.2373067773879,0.0,3819.36083984375,4424.0,48.66146914905403
1343,0.5563105344772339,933.2816042751074,0.0,3819.36083984375,4424.0,48.69774121197406
1344,0.8654749393463135,1210.9304915070534,0.0,3819.36083984375,4424.0,48.73376334598288
1345,0.544409990310669,632.1340813413262,0.0,3819.36083984375,4424.0,48.76956303301267
1346,0.43568113446235657,743.9281811192632,0.0,3819.36083984375,4424.0,48.80524176405743
1347,0.7571195363998413,1544.1209351718426,0.0,3819.36083984375,4424.0,48.84151995694265
1348,0.27789512276649475,588.6281229481101,0.0,3819.36083984375,4424.0,48.877290562028065
1349,0.4670448899269104,894.0045539215207,0.0,3819.36083984375,4424.0,48.91313813498709
1350,0.5454407334327698,882.899936966598,0.0,3819.36083984375,4424.0,48.949100580997765
1351,0.5062360167503357,1249.2827960960567,0.0,3819.36083984375,4424.0,48.98494824196678
1352,0.3843010663986206,751.0723194628954,0.0,3819.36083984375,4424.0,49.02118981501553
1353,0.52621990442276,546.3476447407156,0.0,3819.36083984375,4424.0,49.05730125296395
1354,0.9335958361625671,2079.508337840438,0.0,3819.36083984375,4424.0,49.09323688701261
1355,0.4367431700229645,518.4647661820054,0.0,3819.36083984375,4424.0,49.12940693402197
1356,0.3832537829875946,478.60125743225217,0.0,3819.36083984375,4424.0,49.16540838195942
1357,1.5948302745819092,3166.7964331284165,0.0,3819.36083984375,4424.0,49.20110280904919
1358,0.8228616118431091,1448.6871090382338,0.0,3819.36083984375,4424.0,49.23698018095456
1359,0.9344826936721802,2588.0135940760374,0.0,3819.36083984375,4424.0,49.27292702102568
1360,0.5115973949432373,750.2340808734298,0.0,3819.36083984375,4424.0,49.30878954194486
1361,0.4331521689891815,4997.199411153793,0.0,3819.36083984375,4424.0,49.34504789195489
1362,1.0762938261032104,2628.4399775490165,0.0,3819.36083984375,4424.0,49.38109132903628
1363,0.6330454349517822,1051.177651822567,0.0,3819.36083984375,4424.0,49.41699634597171
1364,0.6261484622955322,657.2634119540453,0.0,3819.36083984375,4424.0,49.45290955004748
1365,0.5324474573135376,7236.431451559067,0.0,3819.36083984375,4424.0,49.48873936699238
1366,1.257098913192749,3214.4879083633423,0.0,3819.36083984375,4424.0,49.5249615929788
1367,0.6306638121604919,1711.9351343810558,0.0,3819.36083984375,4424.0,49.561085724039
1368,0.7028167247772217,2067.847144395113,0.0,3819.36083984375,4424.0,49.59706547402311
1369,0.6362792253494263,2065.783964008093,0.0,3819.36083984375,4424.0,49.63290737394709
1370,0.3809436559677124,1316.0448370203376,0.0,3819.36083984375,4424.0,49.66916446899995
1371,0.544359028339386,870.5282478779554,0.0,3819.36083984375,4424.0,49.70508412295021
1372,0.49330028891563416,1075.8983813077211,0.0,3819.36083984375,4424.0,49.74101422994863
1373,0.6313393712043762,1364.6228671818972,0.0,3819.36083984375,4424.0,49.77688309003133
1374,0.5416086912155151,1086.9183132871985,0.0,3819.36083984375,4424.0,49.81274910795037
1375,0.5404114723205566,1215.1325982511044,0.0,3819.36083984375,4424.0,49.84872267395258
1376,0.6328732967376709,1705.6171244233847,0.0,3819.36083984375,4424.0,49.88460357405711
1377,0.5752217769622803,1790.7445566803217,0.0,3819.36083984375,4424.0,49.920493775978684
1378,0.5722674131393433,968.0049557164311,0.0,3819.36083984375,4424.0,49.9563609380275
1379,0.4256240725517273,760.467377755791,0.0,3819.36083984375,4424.0,49.992614513030276
1380,0.4911884665489197,1036.0756337679923,0.0,3819.36083984375,4424.0,50.02871269499883
1381,1.0182511806488037,2533.1038325428963,0.0,3819.36083984375,4424.0,50.06454111204948
1382,0.5198227763175964,774.2224261984229,0.0,3819.36083984375,4424.0,50.100527922972105
1383,0.3898230493068695,756.5151771120727,0.0,3819.36083984375,4424.0,50.136391017003916
1384,0.6511151790618896,1577.4195666760206,0.0,3819.36083984375,4424.0,50.172348128049634
1385,0.4295055866241455,1165.877307869494,0.0,3819.36083984375,4424.0,50.208099944051355
1386,0.5380725860595703,1401.4399936795235,0.0,3819.36083984375,4424.0,50.24405739502981
1387,0.5511021614074707,1272.0437300726771,0.0,3819.36083984375,4424.0,50.28000033798162
1388,1.417811632156372,4199.663898162544,0.0,3819.36083984375,4424.0,50.316075501032174
1389,0.46137240529060364,1181.3927220106125,0.0,3819.36083984375,4424.0,50.35194666497409
1390,0.5086137056350708,1339.0730029568076,0.0,3819.36083984375,4424.0,50.38776619697455
1391,0.4874265789985657,688.6512711457908,0.0,3819.36083984375,4424.0,50.423594619031064
1392,0.5240444540977478,895.8153318986297,0.0,3819.36083984375,4424.0,50.45938135799952
1393,0.5846270322799683,877.4245301410556,0.0,3819.36083984375,4424.0,50.49528235895559
1394,0.4345526099205017,622.7583717666566,0.0,3819.36083984375,4424.0,50.531372528057545
1395,0.49357300996780396,767.5448181778193,0.0,3819.36083984375,4424.0,50.56750226696022
1396,0.3949170708656311,738.0220677033067,0.0,3819.36083984375,4424.0,50.60338598198723
1397,0.2620701789855957,999.0848683007061,0.0,3819.36083984375,4424.0,50.63952230999712
1398,1.3070216178894043,4077.8871898800135,0.0,3819.36083984375,4424.0,50.675615941989236
1399,0.4172930121421814,1030.522997610271,0.0,3819.36083984375,4424.0,50.711472613038495
1400,0.6293030381202698,1623.7911476045847,0.0,3819.36083984375,4424.0,50.747623956995085
1401,0.38621312379837036,811.9499321654439,0.0,3819.36083984375,4424.0,50.78354016202502
1402,0.39104077219963074,598.7100135609508,0.0,3819.36083984375,4424.0,50.819519869983196
1403,0.4733150899410248,985.7892259955406,0.0,3819.36083984375,4424.0,50.855423592031
1404,0.48305004835128784,790.3308810964227,0.0,3819.36083984375,4424.0,50.8912335439818
1405,0.5934975743293762,1476.8609905689955,0.0,3819.36083984375,4424.0,50.92699722002726
1406,0.5141386985778809,1062.9594065025449,0.0,3819.36083984375,4424.0,50.9631351090502
1407,0.46449050307273865,603.9129988327622,0.0,3819.36083984375,4424.0,50.99899683997501
1408,1.5263700485229492,2707.0023311674595,0.0,3819.36083984375,4424.0,51.03506211005151
1409,0.2371995449066162,1384.0377612411976,0.0,3819.36083984375,4424.0,51.071005176054314
1410,0.41805386543273926,2208.039403937757,0.0,3819.36083984375,4424.0,51.10695179796312
1411,0.9861555695533752,1964.847272992134,0.0,3819.36083984375,4424.0,51.14282438403461
1412,0.3818896412849426,502.5123539157212,0.0,3819.36083984375,4424.0,51.17859322496224
1413,0.5274717807769775,746.0944908894598,0.0,3819.36083984375,4424.0,51.21438389294781
1414,1.329654335975647,2581.744818970561,0.0,3819.36083984375,4424.0,51.25044518895447
1415,0.49424418807029724,1221.2574328556657,0.0,3819.36083984375,4424.0,51.286627970053814
1416,0.5763483643531799,2247.8804024010897,0.0,3819.36083984375,4424.0,51.32248759805225
1417,0.4851560890674591,818.0373871438205,0.0,3819.36083984375,4424.0,51.35835862602107
1418,0.4361889362335205,1243.772601030767,0.0,3819.36083984375,4424.0,51.39428190002218
1419,0.5494701862335205,640.388763807714,0.0,3819.36083984375,4424.0,51.43013272003736
1420,0.4237504005432129,1679.187406629324,0.0,3819.36083984375,4424.0,51.46598295902368
1421,0.4157397747039795,569.1509408317506,0.0,3819.36083984375,4424.0,51.50196354603395
1422,1.189442753791809,1711.5641757696867,0.0,3819.36083984375,4424.0,51.53834333899431
1423,0.4778326153755188,710.873425796628,0.0,3819.36083984375,4424.0,51.57446446805261
1424,0.4957009553909302,779.2420509755611,0.0,3819.36083984375,4424.0,51.61073069204576
1425,0.5587228536605835,937.0899834856391,0.0,3819.36083984375,4424.0,51.646596979000606
1426,0.48110246658325195,504.79662089049816,0.0,3819.36083984375,4424.0,51.68252463603858
1427,0.4970177710056305,826.4138504900038,0.0,3819.36083984375,4424.0,51.71839475200977
1428,0.4470214545726776,623.3242802843451,0.0,3819.36083984375,4424.0,51.75434042804409
1429,0.8309261798858643,2632.579408943653,0.0,3819.36083984375,4424.0,51.78986135602463
1430,0.5761535167694092,1028.9205163270235,0.0,3819.36083984375,4424.0,51.8256800690433
1431,0.3852097988128662,568.6674505360425,0.0,3819.36083984375,4424.0,51.861733925994486
1432,0.5100851655006409,1175.0856259986758,0.0,3819.36083984375,4424.0,51.89756219799165
1433,0.5252784490585327,762.8134284093976,0.0,3819.36083984375,4424.0,51.93375902401749
1434,1.039135217666626,2290.89155036211,0.0,3819.36083984375,4424.0,51.96958709903993
1435,0.3987163305282593,1023.3322008773685,0.0,3819.36083984375,4424.0,52.00553302897606
1436,0.5916652083396912,761.0420550704002,0.0,3819.36083984375,4424.0,52.04177491995506
1437,0.6043505668640137,735.5395489372313,0.0,3819.36083984375,4424.0,52.077808019006625
1438,0.5016289353370667,585.9095290899277,0.0,3819.36083984375,4424.0,52.11362460302189
1439,0.5481894016265869,827.1916637271643,0.0,3819.36083984375,4424.0,52.14936834201217
1440,0.352411150932312,617.2218206971884,0.0,3819.36083984375,4424.0,52.18507349304855
1441,0.5786916613578796,575.6633094511926,0.0,3819.36083984375,4424.0,52.221045905957
1442,0.43794044852256775,521.5555054545403,0.0,3819.36083984375,4424.0,52.25724925904069
1443,0.39790719747543335,625.5326185077429,0.0,3819.36083984375,4424.0,52.29314226296265
1444,0.48312944173812866,766.125146754086,0.0,3819.36083984375,4424.0,52.328961687977426
1445,0.48277419805526733,614.104508690536,0.0,3819.36083984375,4424.0,52.36489488102961
1446,0.3839072287082672,1002.0228324234486,0.0,3819.36083984375,4424.0,52.400686859036796
1447,0.40456706285476685,588.5402689278126,0.0,3819.36083984375,4424.0,52.43656287598424
1448,0.5080333352088928,3927.2120220661163,0.0,3819.36083984375,4424.0,52.4723249420058
1449,0.37728551030158997,563.098363161087,0.0,3819.36083984375,4424.0,52.50816742994357
1450,0.9574524760246277,1071.0327701196074,0.0,3819.36083984375,4424.0,52.54444319603499
1451,0.36804383993148804,702.6480250433087,0.0,3819.36083984375,4424.0,52.58074125600979
1452,0.34960073232650757,790.1965301036835,0.0,3819.36083984375,4424.0,52.61671022197697
1453,0.7004108428955078,1250.5496028736234,0.0,3819.36083984375,4424.0,52.65248037094716
1454,0.5686153173446655,970.1891467869282,0.0,3819.36083984375,4424.0,52.68840117100626
1455,0.47129014134407043,775.3459106013179,0.0,3819.36083984375,4424.0,52.724280994036235
1456,0.3733695149421692,860.7722842171788,0.0,3819.36083984375,4424.0,52.76021492399741
1457,0.9810419082641602,2611.4239523485303,0.0,3819.36083984375,4424.0,52.79615971003659
1458,0.4475175142288208,694.5021055489779,0.0,3819.36083984375,4424.0,52.83208459999878
1459,0.4867035150527954,714.3235274627805,0.0,3819.36083984375,4424.0,52.867940295953304
1460,0.46618643403053284,721.0616157129407,0.0,3819.36083984375,4424.0,52.904036525054835
1461,0.5298666954040527,745.6742925941944,0.0,3819.36083984375,4424.0,52.93977866496425
1462,0.4189687669277191,627.831538695842,0.0,3819.36083984375,4424.0,52.975579862017184
1463,0.4334140419960022,877.4982291534543,0.0,3819.36083984375,4424.0,53.01145477895625
1464,1.2482775449752808,3223.7152357399464,0.0,3819.36083984375,4424.0,53.047549203038216
1465,0.44778263568878174,560.5819176137447,0.0,3819.36083984375,4424.0,53.083568850997835
1466,0.4655663073062897,687.0680733323097,0.0,3819.36083984375,4424.0,53.11943833203986
1467,0.4224148392677307,613.8752017915249,0.0,3819.36083984375,4424.0,53.155300304992124
1468,0.46492040157318115,777.2902827262878,0.0,3819.36083984375,4424.0,53.19103213399649
1469,0.4907587170600891,907.0960422754288,0.0,3819.36083984375,4424.0,53.22720100602601
1470,0.47741854190826416,821.7804439142346,0.0,3819.36083984375,4424.0,53.26301432400942
1471,0.5022001266479492,649.0155673101544,0.0,3819.36083984375,4424.0,53.29893385304604
1472,1.0049452781677246,3021.486286483705,0.0,3819.36083984375,4424.0,53.33472829905804
1473,1.508122205734253,3748.250861942768,0.0,3819.36083984375,4424.0,53.3706337880576
1474,0.49189913272857666,1013.2676708847284,0.0,3819.36083984375,4424.0,53.40646059298888
1475,0.47779977321624756,1154.526303872466,0.0,3819.36083984375,4424.0,53.442398556973785
1476,0.37350621819496155,795.8666644394398,0.0,3819.36083984375,4424.0,53.47821861994453
1477,0.46297746896743774,683.4614561609924,0.0,3819.36083984375,4424.0,53.51397206494585
1478,0.3257410228252411,621.7679926306009,0.0,3819.36083984375,4424.0,53.55050003901124
1479,0.5703654289245605,900.0715702548623,0.0,3819.36083984375,4424.0,53.58640026394278
1480,1.5269227027893066,4633.602827489376,0.0,3819.36083984375,4424.0,53.62218341103289
1481,0.30217796564102173,488.5561956651509,0.0,3819.36083984375,4424.0,53.65807609795593
1482,0.5725109577178955,809.0120898336172,0.0,3819.36083984375,4424.0,53.69411004695576
1483,0.4280884265899658,695.6153511330485,0.0,3819.36083984375,4424.0,53.72994207404554
1484,0.4513701796531677,662.5745672658086,0.0,3819.36083984375,4424.0,53.76576570700854
1485,0.5423598289489746,808.6553680822253,0.0,3819.36083984375,4424.0,53.80147655203473
1486,0.5556132197380066,763.4519442990422,0.0,3819.36083984375,4424.0,53.83736567001324
1487,0.6921994686126709,1813.5927331373096,0.0,3819.36083984375,4424.0,53.87356400501449
1488,0.2511409819126129,843.0743060410023,0.0,3819.36083984375,4424.0,53.90942773898132
1489,0.4070281982421875,1310.8458093851805,0.0,3819.36083984375,4424.0,53.94524608994834
1490,0.36341792345046997,588.7994157038629,0.0,3819.36083984375,4424.0,53.98112469294574
1491,0.44949227571487427,568.6802684515715,0.0,3819.36083984375,4424.0,54.01700518105645
1492,0.4513883590698242,464.8674234971404,0.0,3819.36083984375,4424.0,54.053141199983656
1493,1.1256153583526611,2509.1397948414087,0.0,3819.36083984375,4424.0,54.08907210896723
1494,0.3988851308822632,568.9430171921849,0.0,3819.36083984375,4424.0,54.12486020801589
1495,0.4931068420410156,972.1396740078926,0.0,3819.36083984375,4424.0,54.16079886001535
1496,0.6931559443473816,2779.6933623552322,0.0,3819.36083984375,4424.0,54.19714528298937
1497,0.42047494649887085,672.4797199741006,0.0,3819.36083984375,4424.0,54.23303271399345
1498,0.4445943832397461,701.9354626461864,0.0,3819.36083984375,4424.0,54.26891176204663
1499,0.6881197690963745,1271.4306489527225,0.0,3819.36083984375,4424.0,54.3049383769976
1500,0.4340946674346924,979.9541752636433,0.0,3819.36083984375,4424.0,54.34085631801281
1501,0.45590919256210327,547.3030014783144,0.0,3819.36083984375,4424.0,54.37683714099694
1502,0.3975576162338257,472.5495719984174,0.0,3819.36083984375,4424.0,54.41252546198666
1503,0.4627322256565094,724.4961828291416,0.0,3819.36083984375,4424.0,54.44833753898274
1504,0.4194800853729248,634.085471637547,0.0,3819.36083984375,4424.0,54.4840550479712
1505,0.5081366896629333,1088.1757998540998,0.0,3819.36083984375,4424.0,54.520164606045
1506,0.43151646852493286,511.200661662966,0.0,3819.36083984375,4424.0,54.55615759897046
1507,0.8171254992485046,2303.0626814961433,0.0,3819.36083984375,4424.0,54.59215630404651
1508,0.5797718167304993,841.3697283416986,0.0,3819.36083984375,4424.0,54.62801098404452
1509,0.47700029611587524,1170.1810248196125,0.0,3819.36083984375,4424.0,54.6640675830422
1510,0.49434351921081543,1708.6735168397427,0.0,3819.36083984375,4424.0,54.70010563801043
1511,0.8078906536102295,2453.700152158737,0.0,3819.36083984375,4424.0,54.73581051500514
1512,0.4001769423484802,595.2863858863711,0.0,3819.36083984375,4424.0,54.771445631980896
1513,0.5094179511070251,713.8772973269224,0.0,3819.36083984375,4424.0,54.807347125024535
1514,0.587626576423645,886.7359340339899,0.0,3819.36083984375,4424.0,54.843529082951136
1515,0.38307350873947144,611.9663776382804,0.0,3819.36083984375,4424.0,54.87936838599853
1516,0.3029170036315918,719.4256343469024,0.0,3819.36083984375,4424.0,54.915048097027466
1517,0.39037951827049255,717.2878376916051,0.0,3819.36083984375,4424.0,54.950764855952
1518,0.47335803508758545,733.2829118072987,0.0,3819.36083984375,4424.0,54.98637235595379
1519,0.49132394790649414,771.7979326099157,0.0,3819.36083984375,4424.0,55.02221467299387
1520,0.35826608538627625,748.2339207604527,0.0,3819.36083984375,4424.0,55.058393293991685
1521,0.2512204945087433,705.4034638106823,0.0,3819.36083984375,4424.0,55.094158331048675
1522,0.3177148103713989,566.7107452303171,0.0,3819.36083984375,4424.0,55.1298849999439
1523,0.679470956325531,1757.6725380793214,0.0,3819.36083984375,4424.0,55.16586509696208
1524,0.3420194983482361,398.87931475415826,0.0,3819.36083984375,4424.0,55.20153541502077
1525,0.30055350065231323,845.5709696635604,0.0,3819.36083984375,4424.0,55.23720596602652
1526,0.4087768793106079,497.6083223298192,0.0,3819.36083984375,4424.0,55.273025111993775
1527,0.47107428312301636,585.2518859878182,0.0,3819.36083984375,4424.0,55.30863540794235
1528,0.5739479064941406,949.0229966193438,0.0,3819.36083984375,4424.0,55.34447252098471
1529,1.0352495908737183,2583.4513913989067,0.0,3819.36083984375,4424.0,55.380853520007804
1530,0.6151808500289917,894.200239226222,0.0,3819.36083984375,4424.0,55.41662786703091
1531,0.33861881494522095,429.0382756665349,0.0,3819.36083984375,4424.0,55.452241932973266
1532,0.4826371967792511,945.4615369737148,0.0,3819.36083984375,4424.0,55.488357151974924
1533,0.5751596093177795,1576.8375544101,0.0,3819.36083984375,4424.0,55.52403372200206
1534,0.5507643222808838,1098.9483053684235,0.0,3819.36083984375,4424.0,55.560238381964155
1535,0.44737547636032104,1019.5869662761688,0.0,3819.36083984375,4424.0,55.59618623403367
1536,0.35793158411979675,655.0607168376446,0.0,3819.36083984375,4424.0,55.63212676695548
1537,0.39755356311798096,550.8950745537877,0.0,3819.36083984375,4424.0,55.66793010698166
1538,0.7485821843147278,2300.0126342773438,0.0,3819.36083984375,4424.0,55.70370750804432
1539,0.4224744439125061,839.8106959313154,0.0,3819.36083984375,4424.0,55.73942750203423
1540,0.3180137276649475,763.6960104182363,0.0,3819.36083984375,4424.0,55.775109388981946
1541,0.4649381935596466,787.2983021363616,0.0,3819.36083984375,4424.0,55.81100438302383
1542,0.4625387489795685,733.0887098163366,0.0,3819.36083984375,4424.0,55.8467142439913
1543,0.27234870195388794,600.725672647357,0.0,3819.36083984375,4424.0,55.882352586020716
1544,0.46197110414505005,579.037608705461,0.0,3819.36083984375,4424.0,55.91807544999756
1545,1.0468238592147827,2336.7688850462437,0.0,3819.36083984375,4424.0,55.953751215012744
1546,0.23873910307884216,425.79893093928695,0.0,3819.36083984375,4424.0,55.98948179197032
1547,0.3113291263580322,648.8713669851422,0.0,3819.36083984375,4424.0,56.02522420301102
1548,0.7766181826591492,1110.7343070432544,0.0,3819.36083984375,4424.0,56.06150831503328
1549,0.554332971572876,1295.7962993755937,0.0,3819.36083984375,4424.0,56.097090134979226
1550,0.4949931800365448,831.9544485062361,0.0,3819.36083984375,4424.0,56.13316654704977
1551,0.48073720932006836,662.2529108822346,0.0,3819.36083984375,4424.0,56.16894362797029
1552,0.7867032885551453,1775.2915573045611,0.0,3819.36083984375,4424.0,56.20475701196119
1553,0.38229072093963623,587.6435993984342,0.0,3819.36083984375,4424.0,56.240592496003956
1554,0.6357431411743164,1811.824436224997,0.0,3819.36083984375,4424.0,56.27630284498446
1555,0.3714735805988312,567.833282738924,0.0,3819.36083984375,4424.0,56.31212235300336
1556,0.568681001663208,1063.0570325180888,0.0,3819.36083984375,4424.0,56.34789734100923
1557,0.4676385819911957,741.1794775649905,0.0,3819.36083984375,4424.0,56.38374393398408
1558,0.45933806896209717,1305.4225771203637,0.0,3819.36083984375,4424.0,56.41958316194359
1559,0.313315212726593,610.6790999248624,0.0,3819.36083984375,4424.0,56.45557774696499
1560,0.4080585241317749,601.5906237363815,0.0,3819.36083984375,4424.0,56.491316044004634
1561,0.5762417316436768,839.9711298197508,0.0,3819.36083984375,4424.0,56.52704566903412
1562,0.39472895860671997,571.3363314121962,0.0,3819.36083984375,4424.0,56.563107948051766
1563,0.3248666822910309,574.416930153966,0.0,3819.36083984375,4424.0,56.59902393305674
1564,0.18718568980693817,714.8877952992916,0.0,3819.36083984375,4424.0,56.63486957701389
1565,0.5251256227493286,712.1951105743647,0.0,3819.36083984375,4424.0,56.670624322025105
1566,0.4081135392189026,558.5449384972453,0.0,3819.36083984375,4424.0,56.706492134951986
1567,0.453974187374115,683.4739499241114,0.0,3819.36083984375,4424.0,56.742252542986535
1568,0.4297645092010498,661.4606908708811,0.0,3819.36083984375,4424.0,56.778305546962656
1569,0.46131470799446106,642.6225588396192,0.0,3819.36083984375,4424.0,56.81411264103372
1570,0.3277032673358917,744.0149694234133,0.0,3819.36083984375,4424.0,56.84989490394946
1571,0.32610639929771423,407.9208649303764,0.0,3819.36083984375,4424.0,56.88575970905367
1572,0.3813852369785309,598.2904398441315,0.0,3819.36083984375,4424.0,56.92166657897178
1573,0.3911682963371277,716.4682158604264,0.0,3819.36083984375,4424.0,56.957410390954465
1574,0.43509843945503235,709.6245328560472,0.0,3819.36083984375,4424.0,56.993169154040515
1575,0.5052212476730347,841.0147410482168,0.0,3819.36083984375,4424.0,57.02885922999121
1576,0.3889007568359375,567.8756591007113,0.0,3819.36083984375,4424.0,57.06506607600022
1577,0.48046714067459106,665.4276344031096,0.0,3819.36083984375,4424.0,57.10119242104702
1578,0.373846173286438,592.573618426919,0.0,3819.36083984375,4424.0,57.13731635804288
1579,0.421027272939682,563.1219670698047,0.0,3819.36083984375,4424.0,57.17310349899344
1580,0.37853407859802246,555.8294133991003,0.0,3819.36083984375,4424.0,57.208947033039294
1581,0.434979647397995,606.813651189208,0.0,3819.36083984375,4424.0,57.24471400200855
1582,0.44515764713287354,610.8875037059188,0.0,3819.36083984375,4424.0,57.28047467605211
1583,0.36571967601776123,688.3853847458959,0.0,3819.36083984375,4424.0,57.31631072505843
1584,0.9877573251724243,1442.1244706884027,0.0,3819.36083984375,4424.0,57.35235380101949
1585,0.3080960810184479,804.0349270477891,0.0,3819.36083984375,4424.0,57.38806793594267
1586,0.4208451509475708,459.1979253292084,0.0,3819.36083984375,4424.0,57.424031866015866
1587,0.8514254689216614,1626.161130681634,0.0,3819.36083984375,4424.0,57.45991077204235
1588,0.2341017872095108,625.2552879452705,0.0,3819.36083984375,4424.0,57.495679641957395
1589,0.47206518054008484,1154.4790049940348,0.0,3819.36083984375,4424.0,57.53147034905851
1590,0.3802676796913147,600.9866507798433,0.0,3819.36083984375,4424.0,57.567735212040134
1591,0.44874367117881775,691.2903347313404,0.0,3819.36083984375,4424.0,57.60367913194932
1592,0.39402586221694946,604.8839549720287,0.0,3819.36083984375,4424.0,57.639534960035235
1593,0.2922792434692383,574.4376520216465,0.0,3819.36083984375,4424.0,57.67535681696609
1594,0.34745293855667114,448.65100656449795,0.0,3819.36083984375,4424.0,57.71124010696076
1595,0.39310717582702637,578.1167248561978,0.0,3819.36083984375,4424.0,57.7473108220147
1596,0.29806381464004517,335.9013030678034,0.0,3819.36083984375,4424.0,57.783073195954785
1597,0.5360366106033325,1034.0960664823651,0.0,3819.36083984375,4424.0,57.81899108295329
1598,0.3925394117832184,573.6282501071692,0.0,3819.36083984375,4424.0,57.85481302102562
1599,0.2589836120605469,548.8258115649223,0.0,3819.36083984375,4424.0,57.890601532999426
1600,0.9790395498275757,2696.680071055889,0.0,3819.36083984375,4424.0,57.9265304049477
1601,0.2624320983886719,526.9206986427307,0.0,3819.36083984375,4424.0,57.96245354495477
1602,0.4893369972705841,766.5790805742145,0.0,3819.36083984375,4424.0,57.99833169102203
1603,0.35093656182289124,733.2294915020466,0.0,3819.36083984375,4424.0,58.0340216710465
1604,0.4277315139770508,763.0618418045342,0.0,3819.36083984375,4424.0,58.070746698998846
1605,0.23003606498241425,416.1286187283695,0.0,3819.36083984375,4424.0,58.10647253599018
1606,0.46765249967575073,706.8872850611806,0.0,3819.36083984375,4424.0,58.142248200951144
1607,0.4381888210773468,777.0545745044947,0.0,3819.36083984375,4424.0,58.17786909197457
1608,0.4216300845146179,648.3896856456995,0.0,3819.36083984375,4424.0,58.21355996502098
1609,0.6896834373474121,2132.0071602910757,0.0,3819.36083984375,4424.0,58.249366560950875
1610,0.3466818928718567,1603.1525424569845,0.0,3819.36083984375,4424.0,58.28497281204909
1611,0.12749814987182617,672.4748657122254,0.0,3819.36083984375,4424.0,58.32070306700189
1612,0.33841100335121155,569.8582394458354,0.0,3819.36083984375,4424.0,58.35650819703005
1613,0.45054861903190613,1211.9363952726126,0.0,3819.36083984375,4424.0,58.39253778895363
1614,0.38312849402427673,620.1290268227458,0.0,3819.36083984375,4424.0,58.42821449798066
1615,0.39122799038887024,759.8631184324622,0.0,3819.36083984375,4424.0,58.46405334898736
1616,0.41654470562934875,616.6142664179206,0.0,3819.36083984375,4424.0,58.50000340398401
1617,0.38827061653137207,754.8727250099182,0.0,3819.36083984375,4424.0,58.53564870799892
1618,0.3413446247577667,569.7935777977109,0.0,3819.36083984375,4424.0,58.57182397705037
1619,0.42198842763900757,1540.730317607522,0.0,3819.36083984375,4424.0,58.6077333369758
1620,0.41973233222961426,1064.028280414641,0.0,3819.36083984375,4424.0,58.643285642028786
1621,0.19219478964805603,582.1700284555554,0.0,3819.36083984375,4424.0,58.67920428304933
1622,0.6737437844276428,1795.975133344531,0.0,3819.36083984375,4424.0,58.71519621601328
1623,0.3307533860206604,698.30051561445,0.0,3819.36083984375,4424.0,58.75115718203597
1624,0.3848382830619812,642.2535861805081,0.0,3819.36083984375,4424.0,58.78680973302107
1625,0.43921127915382385,595.7630981504917,0.0,3819.36083984375,4424.0,58.822755501023494
1626,0.39015018939971924,558.4122015237808,0.0,3819.36083984375,4424.0,58.85878192295786
1627,0.3382248282432556,659.9607135131955,0.0,3819.36083984375,4424.0,58.894500719965436
1628,0.7082601189613342,3493.7239006757736,0.0,3819.36083984375,4424.0,58.930325921974145
1629,0.3487723767757416,543.29051990062,0.0,3819.36083984375,4424.0,58.96606061805505
1630,0.43032941222190857,1021.2512403428555,0.0,3819.36083984375,4424.0,59.00181809894275
1631,0.39015907049179077,869.7999917715788,0.0,3819.36083984375,4424.0,59.03782464901451
1632,0.33975955843925476,1879.3820096626878,0.0,3819.36083984375,4424.0,59.07395662704948
1633,0.36738842725753784,524.512271784246,0.0,3819.36083984375,4424.0,59.10997795604635
1634,0.49359145760536194,1099.6379289925098,0.0,3819.36083984375,4424.0,59.14574718801305
1635,0.4394679665565491,709.5323138087988,0.0,3819.36083984375,4424.0,59.18138575099874
1636,1.3426350355148315,2575.9664953798056,0.0,3819.36083984375,4424.0,59.217108294018544
1637,0.6477890014648438,8481.292281627655,0.0,3819.36083984375,4424.0,59.25291857100092
1638,0.3757661283016205,1049.736859485507,0.0,3819.36083984375,4424.0,59.28856561204884
1639,0.37103134393692017,831.9376715868711,0.0,3819.36083984375,4424.0,59.32423725002445
1640,0.3256516456604004,965.0488616079092,0.0,3819.36083984375,4424.0,59.36048994504381
1641,0.45955890417099,1087.5159111618996,0.0,3819.36083984375,4424.0,59.39645339699928
1642,0.4984649121761322,2463.7248977720737,0.0,3819.36083984375,4424.0,59.43218886095565
1643,0.30056220293045044,1153.7342664897442,0.0,3819.36083984375,4424.0,59.46792976104189
1644,0.5595861673355103,2024.1113059967756,0.0,3819.36083984375,4424.0,59.50369131297339
1645,0.7326048612594604,2466.157731845975,0.0,3819.36083984375,4424.0,59.5395841000136
1646,0.46377143263816833,1347.349015712738,0.0,3819.36083984375,4424.0,59.575563431950286
1647,0.36721938848495483,2005.139831662178,0.0,3819.36083984375,4424.0,59.61133490805514
1648,0.49291133880615234,2775.628952920437,0.0,3819.36083984375,4424.0,59.6471249719616
1649,0.4023270010948181,1033.1709663718939,0.0,3819.36083984375,4424.0,59.68328309105709
1650,0.5467967391014099,1033.7739951387048,0.0,3819.36083984375,4424.0,59.71908503200393
1651,0.3051549196243286,716.5813909471035,0.0,3819.36083984375,4424.0,59.75497839297168
1652,0.7373906373977661,2445.493086874485,0.0,3819.36083984375,4424.0,59.790635316981934
1653,0.44777119159698486,903.2388094961643,0.0,3819.36083984375,4424.0,59.82640254695434
1654,0.49370789527893066,1466.0298023223877,0.0,3819.36083984375,4424.0,59.86217982904054
1655,0.7920834422111511,1459.210004299879,0.0,3819.36083984375,4424.0,59.89817437494639
1656,0.4360623359680176,1324.5906330049038,0.0,3819.36083984375,4424.0,59.9340001270175
1657,0.497576504945755,1574.2498120963573,0.0,3819.36083984375,4424.0,59.96987462195102
1658,0.5698145031929016,1012.1374306082726,0.0,3819.36083984375,4424.0,60.0060247220099
1659,0.3973537087440491,878.2386516705155,0.0,3819.36083984375,4424.0,60.04163542797323
1660,0.3343980014324188,888.8286687880754,0.0,3819.36083984375,4424.0,60.07782884500921
1661,0.6574705839157104,1656.2310776263475,0.0,3819.36083984375,4424.0,60.113629817031324
1662,0.40665102005004883,775.5930502414703,0.0,3819.36083984375,4424.0,60.149469880969264
1663,0.39115503430366516,1085.9175034314394,0.0,3819.36083984375,4424.0,60.185374121996574
1664,0.45579636096954346,975.6319656819105,0.0,3819.36083984375,4424.0,60.22111917496659
1665,0.9957320690155029,5740.559864550829,0.0,3819.36083984375,4424.0,60.256756749004126
1666,0.45608389377593994,1120.8457829505205,0.0,3819.36083984375,4424.0,60.292453764006495
1667,0.4846494197845459,963.1927369982004,0.0,3819.36083984375,4424.0,60.328543773968704
1668,0.2800719141960144,567.4980359151959,0.0,3819.36083984375,4424.0,60.36431352596264
1669,0.40444880723953247,1071.520069502294,0.0,3819.36083984375,4424.0,60.400082607986405
1670,0.4391978979110718,789.1187322735786,0.0,3819.36083984375,4424.0,60.43581347796135
1671,0.4691482186317444,921.697371289134,0.0,3819.36083984375,4424.0,60.471633392968215
1672,0.3302973508834839,672.5144356563687,0.0,3819.36083984375,4424.0,60.50738641398493
1673,0.43205079436302185,994.5501981005073,0.0,3819.36083984375,4424.0,60.54305022303015
1674,0.631180465221405,2841.895619392395,0.0,3819.36083984375,4424.0,60.57913244597148
1675,0.3084064722061157,447.000257357955,0.0,3819.36083984375,4424.0,60.61495937895961
1676,0.9793134331703186,2911.582825958729,0.0,3819.36083984375,4424.0,60.651202728040516
1677,0.5159985423088074,1550.3297940343618,0.0,3819.36083984375,4424.0,60.6868686779635
1678,0.3689613342285156,550.2018583416939,0.0,3819.36083984375,4424.0,60.722687438945286
1679,0.19329150021076202,904.7155426591635,0.0,3819.36083984375,4424.0,60.758403989020735
1680,0.4429723918437958,1882.2412930428982,0.0,3819.36083984375,4424.0,60.794166442006826
1681,0.4876596927642822,768.6295622438192,0.0,3819.36083984375,4424.0,60.829937007976696
1682,0.3906031548976898,648.4522629082203,0.0,3819.36083984375,4424.0,60.86577092495281
1683,1.183744192123413,3596.2929230332375,0.0,3819.36083984375,4424.0,60.901750223943964
1684,0.25953397154808044,736.2929653450847,0.0,3819.36083984375,4424.0,60.937537982012145
1685,0.3237019181251526,557.8940004110336,0.0,3819.36083984375,4424.0,60.97359883505851
1686,0.4732850193977356,1515.719668775797,0.0,3819.36083984375,4424.0,61.009415979962796
1687,0.4307619631290436,660.9059638753533,0.0,3819.36083984375,4424.0,61.04518727201503
1688,0.32666099071502686,728.8195026740432,0.0,3819.36083984375,4424.0,61.081177828949876
1689,0.3471226096153259,621.5998206585646,0.0,3819.36083984375,4424.0,61.117071924963966
1690,0.3826124370098114,733.6986960954964,0.0,3819.36083984375,4424.0,61.15297578996979
1691,0.8735632300376892,2241.274896338582,0.0,3819.36083984375,4424.0,61.18875850900076
1692,0.5211480855941772,845.2723162025213,0.0,3819.36083984375,4424.0,61.22457989002578
1693,0.49112263321876526,1534.571519561112,0.0,3819.36083984375,4424.0,61.260331197991036
1694,0.8222919702529907,1860.0937352627516,0.0,3819.36083984375,4424.0,61.29645701998379
1695,0.340124249458313,687.4716788083315,0.0,3819.36083984375,4424.0,61.33222811494488
1696,0.3311256170272827,727.5815063863993,0.0,3819.36083984375,4424.0,61.36817642697133
1697,0.644669771194458,2041.9311953932047,0.0,3819.36083984375,4424.0,61.40370109095238
1698,0.3992988169193268,1063.4107422828674,0.0,3819.36083984375,4424.0,61.43957955297083
1699,0.7527346611022949,2127.6862741187215,0.0,3819.36083984375,4424.0,61.475430242018774
1700,0.8681793808937073,1982.4274545311928,0.0,3819.36083984375,4424.0,61.511262675980106
1701,0.349442720413208,827.4033509939909,0.0,3819.36083984375,4424.0,61.54715789796319
1702,0.3599928617477417,884.117794290185,0.0,3819.36083984375,4424.0,61.58313463802915
1703,0.37820181250572205,770.1455970257521,0.0,3819.36083984375,4424.0,61.61929964099545
1704,0.3946097195148468,822.036915846169,0.0,3819.36083984375,4424.0,61.655028537032194
1705,0.5078212022781372,1024.0318134129047,0.0,3819.36083984375,4424.0,61.69067710998934
1706,0.5315201282501221,843.9652550593019,0.0,3819.36083984375,4424.0,61.726520569995046
1707,0.25071844458580017,527.0143439546227,0.0,3819.36083984375,4424.0,61.762407704023644
1708,0.44077348709106445,695.6803899556398,0.0,3819.36083984375,4424.0,61.79814292595256
1709,0.7658886909484863,2053.4318362027407,0.0,3819.36083984375,4424.0,61.8339206649689
1710,0.3764050304889679,476.2821901217103,0.0,3819.36083984375,4424.0,61.86969013197813
1711,0.313434362411499,604.0655052438378,0.0,3819.36083984375,4424.0,61.90536933601834
1712,0.45731765031814575,661.9890241250396,0.0,3819.36083984375,4424.0,61.941508435993455
1713,0.418601930141449,717.7011268287897,0.0,3819.36083984375,4424.0,61.97717460198328
1714,0.5980082154273987,1897.8425121754408,0.0,3819.36083984375,4424.0,62.013119730982
1715,0.21883508563041687,383.30374220758677,0.0,3819.36083984375,4424.0,62.0490168830147
1716,0.5150740742683411,1348.3142733871937,0.0,3819.36083984375,4424.0,62.085088434047066
1717,0.3527272045612335,721.5645931996405,0.0,3819.36083984375,4424.0,62.12089454301167
1718,0.3899930417537689,717.496098652482,0.0,3819.36083984375,4424.0,62.1566040009493
1719,0.4095151424407959,737.9882591739297,0.0,3819.36083984375,4424.0,62.19247578503564
1720,0.3487807512283325,429.7561504021287,0.0,3819.36083984375,4424.0,62.2281776299933
1721,0.3937656581401825,592.5401685163379,0.0,3819.36083984375,4424.0,62.264383725007065
1722,0.14360888302326202,564.0173970162868,0.0,3819.36083984375,4424.0,62.300035557942465
1723,0.3891574740409851,571.9134130328894,0.0,3819.36083984375,4424.0,62.335846927948296
1724,0.33545905351638794,622.112519800663,0.0,3819.36083984375,4424.0,62.37153008696623
1725,0.8699089288711548,1906.2512027323246,0.0,3819.36083984375,4424.0,62.40747393097263
1726,0.607911229133606,1245.9324990957975,0.0,3819.36083984375,4424.0,62.44321132299956
1727,0.7438259720802307,1064.9604857899249,0.0,3819.36083984375,4424.0,62.47918566595763
1728,0.32016247510910034,326.050462635234,0.0,3819.36083984375,4424.0,62.51493130403105
1729,0.3733169734477997,701.6999293118715,0.0,3819.36083984375,4424.0,62.55066052696202
1730,0.4569227993488312,749.5432774461806,0.0,3819.36083984375,4424.0,62.58701382705476
1731,0.25158777832984924,699.1059698984027,0.0,3819.36083984375,4424.0,62.622713961056434
1732,0.42695945501327515,776.4107788205147,0.0,3819.36083984375,4424.0,62.658522699028254
1733,0.414980947971344,983.8038390874863,0.0,3819.36083984375,4424.0,62.69459117902443
1734,0.6783291101455688,2320.3759904950857,0.0,3819.36083984375,4424.0,62.73061363899615
1735,0.28004708886146545,401.9114779829979,0.0,3819.36083984375,4424.0,62.766494248993695
1736,0.344430148601532,356.0404523424804,0.0,3819.36083984375,4424.0,62.80235331703443
1737,0.2534804940223694,606.4266445711255,0.0,3819.36083984375,4424.0,62.83845652802847
1738,0.2789562940597534,775.1393052041531,0.0,3819.36083984375,4424.0,62.87425270897802
1739,0.44050729274749756,723.0455254539847,0.0,3819.36083984375,4424.0,62.9103636930231
1740,0.47658100724220276,875.7180874794722,0.0,3819.36083984375,4424.0,62.945974993985146
1741,0.36953747272491455,911.0305725485086,0.0,3819.36083984375,4424.0,62.98171639605425
1742,0.8681610226631165,2361.980606123805,0.0,3819.36083984375,4424.0,63.01754058001097
1743,0.31473320722579956,613.027711674571,0.0,3819.36083984375,4424.0,63.05326963600237
1744,0.25769472122192383,537.4279607534409,0.0,3819.36083984375,4424.0,63.08946032298263
1745,0.7470760345458984,1096.3605895340443,0.0,3819.36083984375,4424.0,63.125577402999625
1746,0.5155292749404907,1264.7248591184616,0.0,3819.36083984375,4424.0,63.161464113974944
1747,0.5550503730773926,1740.417792789638,0.0,3819.36083984375,4424.0,63.197085032006726
1748,0.39323747158050537,462.7678749393672,0.0,3819.36083984375,4424.0,63.23323076800443
1749,0.34849298000335693,883.7390230000019,0.0,3819.36083984375,4424.0,63.26889111602213
1750,0.9156224131584167,2886.8626012802124,0.0,3819.36083984375,4424.0,63.304563723970205
1751,0.801875114440918,2236.5233094654977,0.0,3819.36083984375,4424.0,63.34042509901337
1752,0.36007896065711975,653.6547531709075,0.0,3819.36083984375,4424.0,63.37626916298177
1753,0.934802234172821,2391.9634561389685,0.0,3819.36083984375,4424.0,63.4122471769806
1754,0.49185609817504883,836.6879452690482,0.0,3819.36083984375,4424.0,63.44808960799128
1755,0.38644468784332275,823.0981613770127,0.0,3819.36083984375,4424.0,63.484063419979066
1756,0.3469584584236145,561.2812645807862,0.0,3819.36083984375,4424.0,63.51979876705445
1757,0.2647802233695984,624.4852923154831,0.0,3819.36083984375,4424.0,63.555839685024694
1758,0.33427613973617554,742.5266179293394,0.0,3819.36083984375,4424.0,63.5920217060484
1759,0.34409794211387634,439.96336229518056,0.0,3819.36083984375,4424.0,63.628012001980096
1760,0.3295287489891052,375.05755050480366,0.0,3819.36083984375,4424.0,63.6640707179904
1761,0.7579593658447266,2624.0359534323215,0.0,3819.36083984375,4424.0,63.699973535956815
1762,0.3317643702030182,1241.8951948136091,0.0,3819.36083984375,4424.0,63.73589162400458
1763,0.41394343972206116,644.8106853812933,0.0,3819.36083984375,4424.0,63.77177071105689
1764,0.2945515513420105,423.2114169448614,0.0,3819.36083984375,4424.0,63.807944518048316
1765,0.4589543640613556,604.5600527189672,0.0,3819.36083984375,4424.0,63.843700065044686
1766,0.3843957185745239,429.8120114393532,0.0,3819.36083984375,4424.0,63.88008277094923
1767,0.42796623706817627,823.6712426841259,0.0,3819.36083984375,4424.0,63.915951670962386
1768,0.5018664598464966,1460.9578756913543,0.0,3819.36083984375,4424.0,63.95178623800166
1769,0.3711753487586975,665.6858569681644,0.0,3819.36083984375,4424.0,63.987742344033904
1770,0.5296441912651062,1295.054897312075,0.0,3819.36083984375,4424.0,64.02357944904361
1771,0.3822084963321686,615.4696502164006,0.0,3819.36083984375,4424.0,64.05946953699458
1772,0.24411249160766602,467.59504321962595,0.0,3819.36083984375,4424.0,64.09542280703317
1773,0.3351826071739197,702.3692434430122,0.0,3819.36083984375,4424.0,64.13139201200102
1774,0.33008626103401184,608.341290704906,0.0,3819.36083984375,4424.0,64.16713479894679
1775,0.34232497215270996,676.1533983796835,0.0,3819.36083984375,4424.0,64.20326595299412
1776,0.22325879335403442,624.1095377132297,0.0,3819.36083984375,4424.0,64.23917479603551
1777,0.4194899797439575,721.5958614274859,0.0,3819.36083984375,4424.0,64.27501500304788
1778,0.440215140581131,613.960785061121,0.0,3819.36083984375,4424.0,64.31097517802846
1779,0.4675092101097107,1477.8147680088878,0.0,3819.36083984375,4424.0,64.34691857500002
1780,0.36417901515960693,666.0878149345517,0.0,3819.36083984375,4424.0,64.3827306459425
1781,0.4473872780799866,728.8230754137039,0.0,3819.36083984375,4424.0,64.41859560203739
1782,0.33315393328666687,572.1720585748553,0.0,3819.36083984375,4424.0,64.45436266902834
1783,0.9902496337890625,2828.313631787896,0.0,3819.36083984375,4424.0,64.49040674895514
1784,0.230804443359375,820.7118129655719,0.0,3819.36083984375,4424.0,64.52663255704101
1785,0.47446268796920776,894.8150585219264,0.0,3819.36083984375,4424.0,64.56273947702721
1786,0.3435925245285034,1454.0845528393984,0.0,3819.36083984375,4424.0,64.59899899503216
1787,0.39833346009254456,558.3251215964556,0.0,3819.36083984375,4424.0,64.63487978698686
1788,0.39316362142562866,660.095588311553,0.0,3819.36083984375,4424.0,64.6707822639728
1789,0.7426280379295349,2121.0521305426955,0.0,3819.36083984375,4424.0,64.7067514139926
1790,0.4187846779823303,763.0222369655967,0.0,3819.36083984375,4424.0,64.74264795100316
1791,0.27197855710983276,359.1883126087487,0.0,3819.36083984375,4424.0,64.77847265603486
1792,0.6575015783309937,1214.1530016884208,0.0,3819.36083984375,4424.0,64.81458384694997
1793,0.25405043363571167,665.814671933651,0.0,3819.36083984375,4424.0,64.8509485470131
1794,0.4334314465522766,562.8118940219283,0.0,3819.36083984375,4424.0,64.8868855650071
1795,0.3072957992553711,866.2628238201141,0.0,3819.36083984375,4424.0,64.9227675179718
1796,0.37967902421951294,1317.3768654167652,0.0,3819.36083984375,4424.0,64.9585921909893
1797,0.2801160514354706,406.7688116580248,0.0,3819.36083984375,4424.0,64.99459253298119
1798,0.6736384034156799,3713.3857115358114,0.0,3819.36083984375,4424.0,65.03056913905311
1799,0.5199602246284485,921.8246806710958,0.0,3819.36083984375,4424.0,65.06650017702486
1800,0.50113844871521,1331.2622106820345,0.0,3819.36083984375,4424.0,65.10255578998476
1801,0.5480703115463257,1824.1587870717049,0.0,3819.36083984375,4424.0,65.13844740705099
1802,0.23988819122314453,556.5560025498271,0.0,3819.36083984375,4424.0,65.17476137494668
1803,0.5072278380393982,1366.1982178241014,0.0,3819.36083984375,4424.0,65.21080521505792
1804,0.30266380310058594,447.5296936891973,0.0,3819.36083984375,4424.0,65.24675789603498
1805,0.44113391637802124,741.0209084674716,0.0,3819.36083984375,4424.0,65.28254595503677
1806,0.21141494810581207,456.01648992300034,0.0,3819.36083984375,4424.0,65.31839935202152
1807,0.23218169808387756,568.5258340239525,0.0,3819.36083984375,4424.0,65.35445200302638
1808,0.1597607433795929,376.32431020215154,0.0,3819.36083984375,4424.0,65.39044382795691
1809,0.40819838643074036,924.4789037108421,0.0,3819.36083984375,4424.0,65.42655053199269
1810,0.25944089889526367,658.1560279652476,0.0,3819.36083984375,4424.0,65.46256830298807
1811,0.7069828510284424,2342.563594713807,0.0,3819.36083984375,4424.0,65.49892963701859
1812,0.2489510476589203,661.6155004650354,0.0,3819.36083984375,4424.0,65.53479008097202
1813,0.4368940591812134,669.6149322092533,0.0,3819.36083984375,4424.0,65.57077586802188
1814,0.13753832876682281,308.67322424799204,0.0,3819.36083984375,4424.0,65.60684334195685
1815,0.6502717137336731,1883.396307349205,0.0,3819.36083984375,4424.0,65.64276984194294
1816,0.2638676166534424,362.4510064534843,0.0,3819.36083984375,4424.0,65.67866024200339
1817,0.44759300351142883,1616.5752223581076,0.0,3819.36083984375,4424.0,65.71443723898847
1818,0.19462402164936066,550.363399785012,0.0,3819.36083984375,4424.0,65.75117403396871
1819,0.14779099822044373,1352.3050520718098,0.0,3819.36083984375,4424.0,65.7874187589623
1820,0.4488333463668823,721.5779979526997,0.0,3819.36083984375,4424.0,65.82340998505242
1821,0.3547367751598358,419.3358133137226,0.0,3819.36083984375,4424.0,65.85917597799562
1822,0.23924694955348969,290.47075663879514,0.0,3819.36083984375,4424.0,65.89491452695802
1823,0.33064866065979004,465.9489056803286,0.0,3819.36083984375,4424.0,65.93085813196376
1824,0.29687297344207764,365.3307686895132,0.0,3819.36083984375,4424.0,65.96667665499263
1825,0.43463578820228577,659.3088845387101,0.0,3819.36083984375,4424.0,66.00244064605795
1826,0.33715033531188965,820.163943618536,0.0,3819.36083984375,4424.0,66.03831472096499
1827,0.30470001697540283,993.952362947166,0.0,3819.36083984375,4424.0,66.07426051003858
1828,0.34375858306884766,721.8119180500507,0.0,3819.36083984375,4424.0,66.1102596380515
1829,0.309486448764801,476.33555030450225,0.0,3819.36083984375,4424.0,66.14657891797833
1830,0.3442184329032898,421.9831269159913,0.0,3819.36083984375,4424.0,66.1825226029614
1831,0.2900916635990143,1187.584131538868,0.0,3819.36083984375,4424.0,66.21838824404404
1832,0.3447626829147339,734.7456343993545,0.0,3819.36083984375,4424.0,66.25439169502351
1833,0.7158671617507935,1177.235950127244,0.0,3819.36083984375,4424.0,66.29042500595096
1834,0.38327252864837646,3543.3702288866043,0.0,3819.36083984375,4424.0,66.32618263794575
1835,0.3290887773036957,915.7793882787228,0.0,3819.36083984375,4424.0,66.36199340398889
1836,0.29392996430397034,382.45528284460306,0.0,3819.36083984375,4424.0,66.39778212003876
1837,0.26441746950149536,601.907540217042,0.0,3819.36083984375,4424.0,66.43366965802852
1838,0.5985074043273926,2415.7934307307005,0.0,3819.36083984375,4424.0,66.46985706605483
1839,0.6616256833076477,2197.406537309289,0.0,3819.36083984375,4424.0,66.50585674797185
1840,0.3670092821121216,591.6713421344757,0.0,3819.36083984375,4424.0,66.54171254404355
1841,0.2336326241493225,668.8828476443887,0.0,3819.36083984375,4424.0,66.57786122697871
1842,0.3049774467945099,644.7760542184114,0.0,3819.36083984375,4424.0,66.61402596102562
1843,0.2438601553440094,571.3826328217983,0.0,3819.36083984375,4424.0,66.6499358000001
1844,0.5459416508674622,4551.374678850174,0.0,3819.36083984375,4424.0,66.68622067803517
1845,0.6104644536972046,1391.9000160172582,0.0,3819.36083984375,4424.0,66.72214914904907
1846,0.35919642448425293,613.8482351899147,0.0,3819.36083984375,4424.0,66.75795954000205
1847,0.9532347321510315,1533.5539516732097,0.0,3819.36083984375,4424.0,66.79419882199727
1848,0.36685559153556824,1069.2673935741186,0.0,3819.36083984375,4424.0,66.83030849695206
1849,0.29197993874549866,764.017245605588,0.0,3819.36083984375,4424.0,66.86613418604247
1850,0.4144509434700012,954.0181482359767,0.0,3819.36083984375,4424.0,66.90196851303335
1851,0.3663044571876526,1012.4410468935966,0.0,3819.36083984375,4424.0,66.93779496697243
1852,0.3308976888656616,935.780191257596,0.0,3819.36083984375,4424.0,66.97348887601402
1853,0.8030779957771301,2352.0821928083897,0.0,3819.36083984375,4424.0,67.0093318070285
1854,0.8160830140113831,2633.9514825344086,0.0,3819.36083984375,4424.0,67.04512864002027
1855,0.21215113997459412,888.554548561573,0.0,3819.36083984375,4424.0,67.08101531700231
1856,0.4028412103652954,896.6409609764814,0.0,3819.36083984375,4424.0,67.11743374995422
1857,0.3566519320011139,732.012085556984,0.0,3819.36083984375,4424.0,67.15331682702526
1858,0.31753140687942505,634.0741900131106,0.0,3819.36083984375,4424.0,67.18912138603628
1859,0.42571502923965454,1070.8969082310796,0.0,3819.36083984375,4424.0,67.22482178302016
1860,0.3782820403575897,709.5916949734092,0.0,3819.36083984375,4424.0,67.26063228200655
1861,0.5030239820480347,1447.741367071867,0.0,3819.36083984375,4424.0,67.29640855302569
1862,0.2954687178134918,639.0609440207481,0.0,3819.36083984375,4424.0,67.33223917998839
1863,0.35441628098487854,931.4672356247902,0.0,3819.36083984375,4424.0,67.36811169504654
1864,0.6005474925041199,1682.6827434450388,0.0,3819.36083984375,4424.0,67.4040845419513
1865,0.29305994510650635,705.1759490258992,0.0,3819.36083984375,4424.0,67.4406881290488
1866,0.48727673292160034,876.9329877570271,0.0,3819.36083984375,4424.0,67.47646776097827
1867,0.48577627539634705,1135.102207005024,0.0,3819.36083984375,4424.0,67.51232194399927
1868,0.47549867630004883,696.7094330191612,0.0,3819.36083984375,4424.0,67.54809206002392
1869,0.6377145051956177,1509.7436327040195,0.0,3819.36083984375,4424.0,67.58429002098273
1870,0.39281949400901794,566.3561182953417,0.0,3819.36083984375,4424.0,67.62020813499112
1871,0.5442568063735962,1502.5897212773561,0.0,3819.36083984375,4424.0,67.65626192698255
1872,0.3272741734981537,509.06193093955517,0.0,3819.36083984375,4424.0,67.69217163801659
1873,0.46713802218437195,844.3548754006624,0.0,3819.36083984375,4424.0,67.72816411405802
1874,0.5497893691062927,1236.1677023246884,0.0,3819.36083984375,4424.0,67.76439804397523
1875,0.41817009449005127,726.8774943128228,0.0,3819.36083984375,4424.0,67.80029897205532
1876,0.2540220320224762,557.119798630476,0.0,3819.36083984375,4424.0,67.83620644500479
1877,0.8054291009902954,2360.3855709582567,0.0,3819.36083984375,4424.0,67.87178265303373
1878,0.3353431820869446,545.5057756341994,0.0,3819.36083984375,4424.0,67.90754591999575
1879,0.19398018717765808,289.0240573119372,0.0,3819.36083984375,4424.0,67.94328694802243
1880,0.28181296586990356,882.5328333303332,0.0,3819.36083984375,4424.0,67.97914383700117
1881,0.3844975531101227,568.4679058343172,0.0,3819.36083984375,4424.0,68.01504293305334
1882,0.4278531074523926,1188.4237907379866,0.0,3819.36083984375,4424.0,68.0508508089697
1883,0.5763204097747803,2134.8895676136017,0.0,3819.36083984375,4424.0,68.08710755698849
1884,0.6161162257194519,1937.3634618371725,0.0,3819.36083984375,4424.0,68.12322035094257
1885,0.3087445795536041,554.9610958099365,0.0,3819.36083984375,4424.0,68.1591126070125
1886,0.23263682425022125,716.5782066732645,0.0,3819.36083984375,4424.0,68.19494345702697
1887,0.24085858464241028,403.71404341608286,0.0,3819.36083984375,4424.0,68.23082089296076
1888,0.28040096163749695,685.307290636003,0.0,3819.36083984375,4424.0,68.26661367702764
1889,0.30125659704208374,878.9188462421298,0.0,3819.36083984375,4424.0,68.30234744702466
1890,0.19261854887008667,667.1830653734505,0.0,3819.36083984375,4424.0,68.33871947298758
1891,0.25260335206985474,1450.6110521554947,0.0,3819.36083984375,4424.0,68.37433845398482
1892,0.382405549287796,581.8268142417073,0.0,3819.36083984375,4424.0,68.40851279301569
1893,0.31073665618896484,828.0539355874062,0.0,3819.36083984375,4424.0,68.44124241697136
1894,0.3526242971420288,412.0614370107651,0.0,3819.36083984375,4424.0,68.47397764597554
1895,0.31518059968948364,2050.5437156558037,0.0,3819.36083984375,4424.0,68.5068603400141
1896,0.35865581035614014,771.4515522941947,0.0,3819.36083984375,4424.0,68.53977996495087
1897,0.384341299533844,710.7239974066615,0.0,3819.36083984375,4424.0,68.57284575304948
1898,0.3420403003692627,1818.650153413415,0.0,3819.36083984375,4424.0,68.6059459670214
1899,0.2697705626487732,911.9018271267414,0.0,3819.36083984375,4424.0,68.63886147295125
1900,0.24855998158454895,724.6997765749693,0.0,3819.36083984375,4424.0,68.6717007070547
1901,0.3219529986381531,864.9477990269661,0.0,3819.36083984375,4424.0,68.7049517770065
1902,0.5118026733398438,1703.5407525599003,0.0,3819.36083984375,4424.0,68.73782686505001
1903,0.1650739312171936,339.85612638667226,0.0,3819.36083984375,4424.0,68.77066646597814
1904,0.16333967447280884,302.734398085624,0.0,3819.36083984375,4424.0,68.8034179250244
1905,0.2714236378669739,544.5307620167732,0.0,3819.36083984375,4424.0,68.83671384502668
1906,0.28139156103134155,421.1137725561857,0.0,3819.36083984375,4424.0,68.86962600599509
1907,0.4277268052101135,1092.8795665055513,0.0,3819.36083984375,4424.0,68.90249032701831
1908,0.17014804482460022,381.8591746389866,0.0,3819.36083984375,4424.0,68.93529345002025
1909,0.17970415949821472,458.6534608528018,0.0,3819.36083984375,4424.0,68.96830794005655
1910,0.32728132605552673,721.4585287347436,0.0,3819.36083984375,4424.0,69.00150577002205
1911,0.1788955181837082,528.3348607197404,0.0,3819.36083984375,4424.0,69.0344326889608
1912,0.2216193675994873,661.6849843412638,0.0,3819.36083984375,4424.0,69.06745203200262
1913,0.38212040066719055,694.1149594597518,0.0,3819.36083984375,4424.0,69.10057913698256
1914,0.5151040554046631,1641.0753534138203,0.0,3819.36083984375,4424.0,69.13372980605345
1915,0.4337746500968933,1023.4186675995588,0.0,3819.36083984375,4424.0,69.16659575002268
1916,0.27251970767974854,749.2280910611153,0.0,3819.36083984375,4424.0,69.19951912399847
1917,0.29485446214675903,511.25291258469224,0.0,3819.36083984375,4424.0,69.23238795204088
1918,0.31639936566352844,463.8486181050539,0.0,3819.36083984375,4424.0,69.26532614103053
1919,0.3419130742549896,1362.9470938146114,0.0,3819.36083984375,4424.0,69.298668854055
1920,0.33099234104156494,572.3903266489506,0.0,3819.36083984375,4424.0,69.33158627501689
1921,0.24576197564601898,270.25410209596157,0.0,3819.36083984375,4424.0,69.3645901849959
1922,0.22274520993232727,577.3835693150759,0.0,3819.36083984375,4424.0,69.39743589796126
1923,0.3116159439086914,727.4786394014955,0.0,3819.36083984375,4424.0,69.4304091129452
1924,0.12486372888088226,578.0547366887331,0.0,3819.36083984375,4424.0,69.46329929702915
1925,0.3919437527656555,1325.4564371854067,0.0,3819.36083984375,4424.0,69.49624766898341
1926,0.23798590898513794,172.71177729405463,0.0,3819.36083984375,4424.0,69.52912982797716
1927,0.3527997136116028,304.1110808122903,0.0,3819.36083984375,4424.0,69.56209346104879
1928,0.15191780030727386,742.9948744028807,0.0,3819.36083984375,4424.0,69.59552700002678
1929,0.28109270334243774,423.61042853444815,0.0,3819.36083984375,4424.0,69.62877895997372
1930,0.3227486312389374,324.2098928913474,0.0,3819.36083984375,4424.0,69.66166259499732
1931,0.20877575874328613,473.5905133187771,0.0,3819.36083984375,4424.0,69.69466581998859
1932,0.354728102684021,814.5104506462812,0.0,3819.36083984375,4424.0,69.72751017299015
1933,0.2811483144760132,498.10731125995517,0.0,3819.36083984375,4424.0,69.76046070503071
1934,0.684917688369751,2054.1345970481634,0.0,3819.36083984375,4424.0,69.79349524795543
1935,0.5385637283325195,2489.9020087122917,0.0,3819.36083984375,4424.0,69.8263892850373
1936,0.21964913606643677,518.030192643404,0.0,3819.36083984375,4424.0,69.85922332294285
1937,0.10923038423061371,530.5763378664851,0.0,3819.36083984375,4424.0,69.89224032405764
1938,0.24806392192840576,300.3728011250496,0.0,3819.36083984375,4424.0,69.92514087003656
1939,0.26823490858078003,397.9236329514533,0.0,3819.36083984375,4424.0,69.95812263304833
1940,0.32314276695251465,729.1914456784725,0.0,3819.36083984375,4424.0,69.99097032297868
1941,0.3336426913738251,295.51142455637455,0.0,3819.36083984375,4424.0,70.0240593169583
1942,0.2957785725593567,564.9937744513154,0.0,3819.36083984375,4424.0,70.0568984230049
1943,0.3062121868133545,226.11641997285187,0.0,3819.36083984375,4424.0,70.09000512002967
1944,0.1911011040210724,533.7611347660422,0.0,3819.36083984375,4424.0,70.12320020794868
1945,0.5259702205657959,1625.3713463842869,0.0,3819.36083984375,4424.0,70.15601297596004
1946,0.25661158561706543,650.7876068279147,0.0,3819.36083984375,4424.0,70.18930384202395
1947,0.2375412881374359,381.32383146137,0.0,3819.36083984375,4424.0,70.22207217605319
1948,1.3127559423446655,3023.904838465154,0.0,3819.36083984375,4424.0,70.25496960896999
1949,0.3986108899116516,777.981557995081,0.0,3819.36083984375,4424.0,70.28786201705225
1950,0.3342130184173584,1714.4752554744482,0.0,3819.36083984375,4424.0,70.32087796600536
1951,0.23482045531272888,272.48318933323026,0.0,3819.36083984375,4424.0,70.35373476601671
1952,0.37286344170570374,451.0272347126156,0.0,3819.36083984375,4424.0,70.3866164740175
1953,0.2644682824611664,497.2443715892732,0.0,3819.36083984375,4424.0,70.41961238603108
1954,0.3523549437522888,695.7159437686205,0.0,3819.36083984375,4424.0,70.45236679003574
1955,0.3596402406692505,3395.2717221975327,0.0,3819.36083984375,4424.0,70.4857416159939
1956,0.3120473027229309,788.4561972767115,0.0,3819.36083984375,4424.0,70.51867660402786
1957,0.26912927627563477,425.5081049501896,0.0,3819.36083984375,4424.0,70.5515848910436
1958,0.2344871461391449,627.8012180626392,0.0,3819.36083984375,4424.0,70.58445214503445
1959,0.6449316740036011,1607.1540906727314,0.0,3819.36083984375,4424.0,70.61764857603703
1960,0.2143373340368271,389.85308860242367,0.0,3819.36083984375,4424.0,70.65059568197466
1961,0.3618890047073364,367.58445313572884,0.0,3819.36083984375,4424.0,70.68371050897986
1962,0.27460816502571106,492.1248740814626,0.0,3819.36083984375,4424.0,70.71648538298905
1963,0.16662713885307312,271.2255953028798,0.0,3819.36083984375,4424.0,70.74934008100536
1964,0.29916512966156006,571.011807218194,0.0,3819.36083984375,4424.0,70.78258527698927
1965,0.2534167468547821,400.8825940191746,0.0,3819.36083984375,4424.0,70.81554106099065
1966,0.3680539131164551,437.68883254751563,0.0,3819.36083984375,4424.0,70.8483683130471
1967,0.3044888377189636,849.7530757039785,0.0,3819.36083984375,4424.0,70.88128047401551
1968,0.41299527883529663,1359.0243372544646,0.0,3819.36083984375,4424.0,70.91412443097215
1969,0.3045775294303894,457.26069513335824,0.0,3819.36083984375,4424.0,70.94698636594694
1970,0.2571585178375244,840.324867233634,0.0,3819.36083984375,4424.0,70.97972888802178
1971,0.44597408175468445,1237.1944823041558,0.0,3819.36083984375,4424.0,71.01258360594511
1972,0.22778037190437317,847.571360886097,0.0,3819.36083984375,4424.0,71.04547479294706
1973,0.3420669138431549,662.1687765270472,0.0,3819.36083984375,4424.0,71.07880054798443
1974,0.30220311880111694,569.5695479288697,0.0,3819.36083984375,4424.0,71.111912132008
1975,0.3414697051048279,452.32866709306836,0.0,3819.36083984375,4424.0,71.14478551503271
1976,0.23857468366622925,368.35898917913437,0.0,3819.36083984375,4424.0,71.17765667894855
1977,0.35838931798934937,250.9754683934152,0.0,3819.36083984375,4424.0,71.21051847899798
1978,0.3560478091239929,892.380248606205,0.0,3819.36083984375,4424.0,71.24338670994621
1979,0.3912380337715149,711.0947628542781,0.0,3819.36083984375,4424.0,71.27624590299092
1980,0.3924808204174042,779.7282999157906,0.0,3819.36083984375,4424.0,71.30913895904087
1981,0.34111055731773376,458.51651932299137,0.0,3819.36083984375,4424.0,71.34196739003528
1982,0.22367161512374878,207.5191976055503,0.0,3819.36083984375,4424.0,71.37522313103545
1983,0.32696473598480225,1288.5887886732817,0.0,3819.36083984375,4424.0,71.40811839001253
1984,0.13079619407653809,694.5496547147632,0.0,3819.36083984375,4424.0,71.44097050197888
1985,0.2988046109676361,704.939023077488,0.0,3819.36083984375,4424.0,71.47386193403509
1986,0.34771108627319336,607.6357877403498,0.0,3819.36083984375,4424.0,71.50665901903994
1987,0.24795407056808472,694.0783254206181,0.0,3819.36083984375,4424.0,71.53945424803533
1988,0.25828370451927185,740.346070073545,0.0,3819.36083984375,4424.0,71.57234733400401
1989,0.38146573305130005,729.5886618494987,0.0,3819.36083984375,4424.0,71.60532208904624
1990,0.2924897372722626,806.6528636068106,0.0,3819.36083984375,4424.0,71.6383616119856
1991,0.38921260833740234,743.744409814477,0.0,3819.36083984375,4424.0,71.6717072139727
1992,0.35895347595214844,709.3263176903129,0.0,3819.36083984375,4424.0,71.70473610900808
1993,0.26633220911026,530.1889967992902,0.0,3819.36083984375,4424.0,71.73765408399049
1994,0.3071022629737854,767.5752310082316,0.0,3819.36083984375,4424.0,71.77058187895454
1995,0.21121975779533386,511.1992579624057,0.0,3819.36083984375,4424.0,71.80339505395386
1996,0.2404462993144989,21559.53377532959,0.0,3819.36083984375,4424.0,71.83625110704452
1997,0.3180008828639984,1049.5852864682674,0.0,3819.36083984375,4424.0,71.8690731950337
1998,0.3343403935432434,531.1740726307034,0.0,3819.36083984375,4424.0,71.90187420300208
1999,0.4240309000015259,1516.7991175949574,0.0,3819.36083984375,4424.0,71.93478296103422
2000,0.42388057708740234,1499.8304757773876,0.0,3819.36083984375,4424.0,71.96790960396174
