step,loss,adapter_grad_abs_sum,llm_grad_abs_sum,gpu_mem_allocated_mb,gpu_mem_reserved_mb,elapsed_sec
1,8.608396530151367,75144.96939086914,0.0,1922.57080078125,1942.0,0.37360875999729615
2,8.218587875366211,28756.86744785309,0.0,1922.57080078125,1988.0,0.4048193299968261
3,6.634788990020752,14848.730301141739,0.0,1922.57080078125,1996.0,0.4322006099973805
4,6.0509843826293945,23255.03624844551,0.0,2068.3359375,2368.0,0.45942192399525084
5,5.128563404083252,4733.233344078064,0.0,2068.3359375,2368.0,0.48627593599667307
6,5.205508232116699,6486.853027999401,0.0,2068.3359375,2368.0,0.512861397000961
7,4.993406295776367,4335.824114769697,0.0,2068.3359375,2368.0,0.5395291580061894
8,4.589391708374023,3843.04527528584,0.0,2068.3359375,2368.0,0.5660332609986654
9,4.725018501281738,3991.2027017772198,0.0,2068.3359375,2370.0,0.5929460339975776
10,4.661850929260254,4814.19589561224,0.0,2068.3359375,2370.0,0.6198130310076522
11,4.268248081207275,4960.648107379675,0.0,2068.3359375,2370.0,0.6465373990067746
12,4.221202850341797,4763.186909407377,0.0,2068.3359375,2370.0,0.6735240419948241
13,3.8658785820007324,4220.918856099248,0.0,2068.3359375,2370.0,0.7001269839965971
14,3.3223090171813965,5174.634691849351,0.0,2068.3359375,2370.0,0.7265735840046545
15,4.040546417236328,5446.8787170648575,0.0,2068.3359375,2370.0,0.7529592710052384
16,3.0259690284729004,3850.921625778079,0.0,2068.3359375,2374.0,0.7798710520000895
17,3.792215585708618,6982.833515018225,0.0,2068.3359375,2374.0,0.8067206749983598
18,2.4526047706604004,3825.252820402384,0.0,2068.3359375,2374.0,0.8333012490038527
19,2.2691550254821777,3586.0202887505293,0.0,2068.3359375,2374.0,0.8599171910027508
20,2.4128570556640625,6564.251333877444,0.0,2068.3359375,2374.0,0.8866286840057
21,2.100175619125366,4574.657020747662,0.0,2068.3359375,2374.0,0.913183434997336
22,2.4399232864379883,5871.4380904734135,0.0,2068.3359375,2374.0,0.9397417840082198
23,2.9663939476013184,4896.125513702631,0.0,2068.3359375,2374.0,0.9664122460089857
24,2.537259340286255,7281.1090260744095,0.0,2068.3359375,2374.0,0.9929588490049355
25,2.059922218322754,4429.158195339143,0.0,2068.3359375,2374.0,1.0195259519969113
26,2.6564435958862305,3629.45735450089,0.0,2068.3359375,2374.0,1.0461230320070172
27,2.5309414863586426,4362.082128062844,0.0,2068.3359375,2374.0,1.072402833000524
28,2.086199998855591,4503.615419983864,0.0,2068.3359375,2374.0,1.0991291050013388
29,2.5165374279022217,4879.090980313718,0.0,2068.3359375,2374.0,1.12587264800095
30,1.519120454788208,4142.937440663576,0.0,2068.3359375,2374.0,1.1525039690022822
31,2.674476385116577,6149.843873485923,0.0,2068.3359375,2374.0,1.1791178499988746
32,1.3852754831314087,4769.708774060011,0.0,2068.3359375,2374.0,1.2056498730089515
33,1.5094382762908936,4466.221281714737,0.0,2068.3359375,2374.0,1.2321777420002036
34,1.5023581981658936,3378.996200494468,0.0,2068.3359375,2374.0,1.2586765190062579
35,1.5076744556427002,4038.611823692918,0.0,2068.3359375,2374.0,1.285385295006563
36,1.1093840599060059,3731.543727695942,0.0,2068.3359375,2374.0,1.3129621340049198
37,1.2254638671875,3555.1376216858625,0.0,2068.3359375,2374.0,1.3394941430015024
38,1.56684148311615,10243.817959785461,0.0,2068.3359375,2374.0,1.3661127850064076
39,1.3373148441314697,5749.1669405549765,0.0,2068.3359375,2374.0,1.3926600929989945
40,1.3899955749511719,4099.4847458601,0.0,2068.3359375,2374.0,1.4191818840045016
41,1.2367725372314453,4479.959620773792,0.0,2068.3359375,2374.0,1.4457711220020428
42,1.1909205913543701,3921.78852943331,0.0,2068.3359375,2374.0,1.472425416999613
43,2.0529086589813232,4420.4650135189295,0.0,2068.3359375,2374.0,1.499230058005196
44,1.0903661251068115,2955.9993574917316,0.0,2068.3359375,2374.0,1.5263855259981938
45,0.9367110729217529,3480.1759232133627,0.0,2068.3359375,2374.0,1.5530648919957457
46,0.980603814125061,3326.142412237823,0.0,2068.3359375,2374.0,1.5796835490036756
47,1.297886848449707,3782.2919863909483,0.0,2068.3359375,2374.0,1.6061911750002764
48,1.3754563331604004,3320.7236137986183,0.0,2068.3359375,2374.0,1.6327345669997158
49,1.7921054363250732,4195.028097890317,0.0,2068.3359375,2374.0,1.6593378120014677
50,1.129485845565796,2772.030380126089,0.0,2068.3359375,2374.0,1.6858286750066327
51,0.7537436485290527,2697.897000208497,0.0,2068.3359375,2374.0,1.7124205919972155
52,2.2400341033935547,5452.4636984318495,0.0,2068.3359375,2374.0,1.7392839530075435
53,1.6645011901855469,3232.4869912713766,0.0,2068.3359375,2374.0,1.7658795290044509
54,1.1691330671310425,3540.360470339656,0.0,2068.92578125,2374.0,1.792549304998829
55,0.8928771615028381,4247.067408889532,0.0,2068.92578125,2374.0,1.819232373003615
56,1.5249347686767578,3508.0912800729275,0.0,2068.92578125,2374.0,1.8457182480051415
57,1.4239903688430786,2789.985973123461,0.0,2068.92578125,2374.0,1.8722419670084491
58,1.4197850227355957,4547.180924169719,0.0,2068.92578125,2374.0,1.8989193339948542
59,0.7696293592453003,3057.3555777668953,0.0,2068.92578125,2374.0,1.9256007210060488
60,0.8374875783920288,2808.5910945385695,0.0,2068.92578125,2374.0,1.9523481899959734
61,0.9611385464668274,3059.0183391422033,0.0,2068.92578125,2374.0,1.9788878270046553
62,0.8098686933517456,2870.862672239542,0.0,2068.92578125,2374.0,2.005409596997197
63,0.7759709358215332,4114.829031348228,0.0,2068.92578125,2374.0,2.0324660199985374
64,1.3453922271728516,2800.5659093111753,0.0,2068.92578125,2374.0,2.0592806659988128
65,1.6284797191619873,4615.142328992486,0.0,2068.92578125,2374.0,2.0857372949976707
66,0.9570245742797852,2142.9270900934935,0.0,2068.92578125,2374.0,2.1121093560068402
67,0.6843744516372681,2393.2004251778126,0.0,2068.92578125,2374.0,2.1387019130052067
68,1.430664300918579,3191.0797280669212,0.0,2068.92578125,2374.0,2.1654635820013937
69,0.8111922740936279,2108.47750685364,0.0,2068.92578125,2374.0,2.1919412499992177
70,0.8388141989707947,2612.7323162592947,0.0,2068.92578125,2374.0,2.2183547830063617
71,0.7950724363327026,2385.01426095888,0.0,2068.92578125,2374.0,2.2449063520034542
72,0.7021827101707458,1747.9611319079995,0.0,2068.92578125,2374.0,2.271620811006869
73,1.2463901042938232,3162.0532950013876,0.0,2068.92578125,2374.0,2.298314373998437
74,0.7380622029304504,2350.0190317966044,0.0,2068.92578125,2374.0,2.324974300994654
75,0.6795578598976135,2012.5121250338852,0.0,2068.92578125,2374.0,2.3513821410015225
76,1.0449538230895996,2944.225867383182,0.0,2068.92578125,2374.0,2.3780642640049336
77,1.1787668466567993,2328.1022092849016,0.0,2068.92578125,2374.0,2.4045682980067795
78,0.7211313247680664,2302.934750199318,0.0,2068.92578125,2374.0,2.430992952999077
79,1.1828932762145996,1979.6207396760583,0.0,2068.92578125,2374.0,2.457486177998362
80,1.0471816062927246,2363.163413837552,0.0,2068.92578125,2374.0,2.4840176260040607
81,0.7508189082145691,4072.948517292738,0.0,2068.92578125,2374.0,2.5105752910021693
82,0.7177591323852539,2397.4189108088613,0.0,2068.92578125,2374.0,2.5370524790050695
83,0.9310883283615112,2579.14926789701,0.0,2068.92578125,2374.0,2.5636494220088935
84,0.645336389541626,2660.326359629631,0.0,2068.92578125,2374.0,2.5903493750083726
85,1.0692994594573975,3047.782642133534,0.0,2068.92578125,2374.0,2.61688601700007
86,0.7679457664489746,2588.7431099414825,0.0,2068.92578125,2374.0,2.6432939630030887
87,0.7767898440361023,3139.9021264463663,0.0,2068.92578125,2374.0,2.670599831995787
88,0.7197210788726807,2537.661885153502,0.0,2068.92578125,2374.0,2.6976438910060097
89,1.739631175994873,2313.467541873455,0.0,2068.92578125,2374.0,2.7242248889961047
90,0.6410903334617615,2042.3804598115385,0.0,2068.92578125,2374.0,2.750671001005685
91,0.6970618963241577,1972.1606701649725,0.0,2068.92578125,2374.0,2.7771231829974568
92,1.0299577713012695,2202.401192717254,0.0,2068.92578125,2374.0,2.8040207080048276
93,0.6642453670501709,2266.315977424383,0.0,2068.92578125,2374.0,2.83061177500349
94,1.1001510620117188,3475.819673269987,0.0,2068.92578125,2374.0,2.8571589220082387
95,1.1320154666900635,1877.4670568183064,0.0,2068.92578125,2374.0,2.8835858480015304
96,1.209789514541626,4599.874953866005,0.0,2068.92578125,2374.0,2.9101903670089087
97,0.6882404088973999,3100.5404227674007,0.0,2068.92578125,2374.0,2.936636822007131
98,1.178344964981079,2772.3007632791996,0.0,2068.92578125,2374.0,2.963299832001212
99,0.735200047492981,2798.802211984992,0.0,2068.92578125,2374.0,2.9899139129993273
100,1.4840857982635498,2269.889336682856,0.0,2068.92578125,2374.0,3.0165467159968102
101,0.7276492118835449,2958.4247753471136,0.0,2068.92578125,2374.0,3.0433855839946773
102,0.7035830020904541,2046.8078257218003,0.0,2068.92578125,2374.0,3.0699056459998246
103,1.1708407402038574,2857.3686355650425,0.0,2068.92578125,2374.0,3.0964863910048734
104,1.1347917318344116,3194.7609431669116,0.0,2068.92578125,2374.0,3.1230833070003428
105,1.2051753997802734,2074.7688787281513,0.0,2068.92578125,2374.0,3.14952214799996
106,0.6311861276626587,1810.7409201413393,0.0,2068.92578125,2374.0,3.1761258839978836
107,1.4193832874298096,2558.7147133126855,0.0,2068.92578125,2374.0,3.20275006700831
108,1.1949348449707031,2748.5967806130648,0.0,2068.92578125,2374.0,3.229492743004812
109,1.0219357013702393,2567.3761112838984,0.0,2068.92578125,2374.0,3.255821886996273
110,1.1474168300628662,2167.7847525924444,0.0,2068.92578125,2376.0,3.282638079006574
111,0.5346410274505615,1842.3335746079683,0.0,2068.92578125,2376.0,3.3093792900035623
112,0.7010419964790344,3116.4888025969267,0.0,2068.92578125,2376.0,3.335968204002711
113,1.3396153450012207,2783.8988349214196,0.0,2068.92578125,2376.0,3.3628663179988507
114,1.1283655166625977,2320.9284723997116,0.0,2068.92578125,2376.0,3.389393557998119
115,1.6798499822616577,3045.5942109525204,0.0,2068.92578125,2376.0,3.415764372999547
116,1.457517385482788,3031.806574292481,0.0,2068.92578125,2376.0,3.442619116001879
117,0.5855244398117065,3614.5251936018467,0.0,2068.92578125,2376.0,3.4691324290033663
118,1.213217854499817,2475.5611150711775,0.0,2068.92578125,2376.0,3.4956281170016155
119,0.8094578981399536,1774.8369732424617,0.0,2068.92578125,2376.0,3.5221724239963805
120,1.2341222763061523,3091.071411073208,0.0,2068.92578125,2376.0,3.548718791003921
121,1.4870643615722656,3416.509531341493,0.0,2068.92578125,2376.0,3.5753298089985037
122,1.114894151687622,3540.5061469227076,0.0,2068.92578125,2376.0,3.602068057996803
123,0.8333414793014526,1627.7537502013147,0.0,2068.92578125,2376.0,3.6285903210082324
124,0.9597017765045166,2503.6525298804045,0.0,2068.92578125,2376.0,3.655402705000597
125,0.8016871213912964,3033.7154573500156,0.0,2068.92578125,2376.0,3.681986166004208
126,0.6812236309051514,1972.3410851731896,0.0,2068.92578125,2376.0,3.70845663700311
127,0.8849488496780396,1701.5086597204208,0.0,2068.92578125,2376.0,3.735276032006368
128,0.8366626501083374,3922.886755079031,0.0,2068.92578125,2376.0,3.7619779870001366
129,1.6423207521438599,4651.08015871793,0.0,2068.92578125,2376.0,3.788619094004389
130,1.3002450466156006,3896.270605802536,0.0,2068.92578125,2376.0,3.8155121140007395
131,1.7112596035003662,3328.3826562315226,0.0,2068.92578125,2376.0,3.842035092005972
132,1.3521069288253784,3250.6893614567816,0.0,2068.92578125,2376.0,3.869088305000332
133,1.0504975318908691,2848.294300675392,0.0,2068.92578125,2376.0,3.895726475995616
134,0.6739929914474487,1798.0465079247952,0.0,2068.92578125,2376.0,3.922270765004214
135,0.8273075819015503,1738.5981996431947,0.0,2068.92578125,2376.0,3.948722468005144
136,1.166063904762268,2505.8575295582414,0.0,2068.92578125,2376.0,3.9753616550005972
137,0.7740703821182251,2082.087371572852,0.0,2068.92578125,2376.0,4.002449110004818
138,0.5415785908699036,1538.16064286232,0.0,2068.92578125,2376.0,4.0295534360047895
139,0.6180127859115601,1833.700775679201,0.0,2068.92578125,2376.0,4.056579729003715
140,0.636995792388916,1608.5270756669343,0.0,2068.92578125,2376.0,4.0835325329971965
141,0.5592090487480164,1622.3653790056705,0.0,2068.92578125,2376.0,4.110307812996325
142,1.6768341064453125,2553.569855738431,0.0,2068.92578125,2376.0,4.136917919997359
143,2.1937222480773926,3375.821809642017,0.0,2068.92578125,2376.0,4.163548479002202
144,1.1718828678131104,3098.169944562018,0.0,2068.92578125,2376.0,4.190166307002073
145,0.9181405305862427,2155.636812597513,0.0,2068.92578125,2376.0,4.216886046007858
146,0.5632339715957642,2367.538512274623,0.0,2068.92578125,2376.0,4.24347626400413
147,0.6781743764877319,1930.5837688446045,0.0,2068.92578125,2376.0,4.270213463998516
148,0.5466455817222595,1879.3932473659515,0.0,2068.92578125,2376.0,4.297123078998993
149,1.290088176727295,2414.302390523255,0.0,2068.92578125,2376.0,4.323891538995667
150,0.6720584034919739,2049.7103402018547,0.0,2068.92578125,2376.0,4.350582822997239
151,0.5417757034301758,1879.2480609044433,0.0,2068.92578125,2376.0,4.377580312007922
152,0.6082435846328735,1362.990063086152,0.0,2068.92578125,2376.0,4.406737027995405
153,0.5578615665435791,1306.657106012106,0.0,2068.92578125,2376.0,4.436549942998681
154,1.08560049533844,2303.2495569363236,0.0,2068.92578125,2376.0,4.465891968997312
155,0.631313681602478,1544.924177147448,0.0,2068.92578125,2376.0,4.495097231003456
156,0.6220661401748657,1407.7694029808044,0.0,2068.92578125,2376.0,4.524731312994845
157,0.5591216683387756,1407.8336923792958,0.0,2068.92578125,2376.0,4.553902198007563
158,0.6313425302505493,1961.384592488408,0.0,2068.92578125,2376.0,4.5833063930040225
159,0.7719910144805908,1840.978458635509,0.0,2068.92578125,2376.0,4.612612033000914
160,0.8810511231422424,1903.444220367819,0.0,2068.92578125,2376.0,4.641733507000026
161,0.5264864563941956,1235.7908933535218,0.0,2068.92578125,2376.0,4.67108771999483
162,0.9352348446846008,2673.7667231485248,0.0,2068.92578125,2376.0,4.700284033999196
163,0.925834059715271,2758.7606340646744,0.0,2068.92578125,2376.0,4.7294605979986954
164,0.9260579943656921,2323.0781304463744,0.0,2068.92578125,2376.0,4.759015456002089
165,0.6793163418769836,1578.8250031098723,0.0,2068.92578125,2376.0,4.788346407003701
166,0.8857476711273193,1683.8572850972414,0.0,2068.92578125,2376.0,4.817689035000512
167,0.48634853959083557,1363.4775060638785,0.0,2068.92578125,2376.0,4.847022449001088
168,0.8828130960464478,1520.527503989637,0.0,2068.92578125,2376.0,4.876209802998346
169,0.6933492422103882,1942.48329911381,0.0,2068.92578125,2376.0,4.905585807005991
170,0.856825053691864,1950.7816088274121,0.0,2068.92578125,2376.0,4.934811163999257
171,0.4687921702861786,1638.8126163035631,0.0,2068.92578125,2376.0,4.964028650007094
172,0.609889805316925,1577.894679762423,0.0,2068.92578125,2376.0,4.993504586003837
173,0.472546249628067,1159.4222647957504,0.0,2068.92578125,2376.0,5.022797600002377
174,1.0032700300216675,1894.235591441393,0.0,2068.92578125,2376.0,5.051990576001117
175,0.6143841743469238,1848.320492297411,0.0,2068.92578125,2376.0,5.081259968996164
176,0.6461982727050781,1498.438197016716,0.0,2068.92578125,2376.0,5.11059234100685
177,0.49031418561935425,1385.328038841486,0.0,2068.92578125,2376.0,5.13982777199999
178,0.7423772811889648,1584.0367077142,0.0,2068.92578125,2376.0,5.169004716008203
179,0.9193537831306458,1622.5466306097806,0.0,2068.92578125,2376.0,5.198247744003311
180,0.6048089265823364,1480.3215652629733,0.0,2068.92578125,2376.0,5.2277184880076675
181,0.9584207534790039,2265.6355602890253,0.0,2068.92578125,2376.0,5.257009024004219
182,0.49118757247924805,968.4673029631376,0.0,2068.92578125,2376.0,5.286312070005806
183,1.3744475841522217,2557.4959495961666,0.0,2068.92578125,2376.0,5.315578976005781
184,0.5286968350410461,1424.6081582978368,0.0,2068.92578125,2376.0,5.344895982008893
185,0.9134896993637085,1385.5040477849543,0.0,2068.92578125,2376.0,5.374072268008604
186,1.0914745330810547,5639.585217118263,0.0,2068.92578125,2376.0,5.403415672000847
187,0.5448440313339233,1360.5847329199314,0.0,2068.92578125,2376.0,5.432659735000925
188,0.48193076252937317,989.1125923320651,0.0,2068.92578125,2376.0,5.462091388006229
189,0.5544368028640747,1473.2563093081117,0.0,2068.92578125,2376.0,5.49140695600363
190,0.6240288019180298,1809.654968380928,0.0,2068.92578125,2376.0,5.52077315999486
191,0.6751717925071716,3262.3609518259764,0.0,2068.92578125,2376.0,5.55013229099859
192,0.5199836492538452,1599.776630550623,0.0,2068.92578125,2376.0,5.5793006400053855
193,0.6092838048934937,2255.7144293934107,0.0,2068.92578125,2376.0,5.60855239200464
194,0.5436957478523254,1995.610492438078,0.0,2068.92578125,2376.0,5.63778683100827
195,1.3590257167816162,4015.4546104818583,0.0,2068.92578125,2376.0,5.666907359001925
196,0.6805179119110107,2073.4524772912264,0.0,2068.92578125,2376.0,5.696372468999471
197,0.8500605821609497,1903.561062105,0.0,2068.92578125,2376.0,5.725395943009062
198,0.5599009990692139,1631.1639817804098,0.0,2068.92578125,2376.0,5.754650347997085
199,0.7779868841171265,2411.424005448818,0.0,2068.92578125,2376.0,5.783888331003254
200,0.591158390045166,1203.7518962621689,0.0,2068.92578125,2376.0,5.813323752008728
201,0.570594310760498,2097.612551316619,0.0,2068.92578125,2376.0,5.842820297999424
202,1.208876132965088,2371.928845733404,0.0,2068.92578125,2376.0,5.871855596997193
203,0.553604781627655,1399.9607837051153,0.0,2068.92578125,2376.0,5.901034360998892
204,0.9953674674034119,2000.0283407121897,0.0,2068.92578125,2376.0,5.930259250002564
205,0.5381035208702087,1384.4477028250694,0.0,2068.92578125,2376.0,5.959277957997983
206,1.273299217224121,2623.2075141072273,0.0,2068.92578125,2376.0,5.988410835998366
207,0.5853947997093201,1998.1881947368383,0.0,2068.92578125,2376.0,6.017500418005511
208,0.4866460859775543,1347.2580764889717,0.0,2068.92578125,2376.0,6.047543307999149
209,0.5817205905914307,1531.0096635967493,0.0,2068.92578125,2376.0,6.0768505559972255
210,0.48734456300735474,1181.564426973462,0.0,2068.92578125,2376.0,6.105981775996042
211,1.102759599685669,2033.0334194600582,0.0,2068.92578125,2376.0,6.1350812390010105
212,0.42213037610054016,1369.2593030035496,0.0,2068.92578125,2376.0,6.164495940000052
213,0.49291256070137024,1598.312194481492,0.0,2068.92578125,2376.0,6.1936789940082235
214,1.0043009519577026,2078.299849882722,0.0,2068.92578125,2376.0,6.222779015995911
215,1.4211194515228271,2244.52486795187,0.0,2068.92578125,2376.0,6.251867432001745
216,0.38681331276893616,1375.5194518566132,0.0,2068.92578125,2376.0,6.281012438004836
217,1.0345335006713867,1957.9027083292603,0.0,2068.92578125,2376.0,6.310353476001183
218,0.9456555843353271,1826.0651845484972,0.0,2068.92578125,2376.0,6.339627926994581
219,0.7529956698417664,2201.9238105863333,0.0,2068.92578125,2376.0,6.368722986997454
220,1.0067386627197266,1784.6297097206116,0.0,2068.92578125,2376.0,6.398143440004787
221,0.4813576936721802,1291.9326576590538,0.0,2068.92578125,2376.0,6.427261441000155
222,0.4879032373428345,1274.809711277485,0.0,2068.92578125,2376.0,6.456425561002106
223,0.8854349851608276,1507.0974704995751,0.0,2068.92578125,2376.0,6.4855772590090055
224,0.5135308504104614,1714.2288328409195,0.0,2068.92578125,2376.0,6.514695229008794
225,0.8248105645179749,2404.1406666338444,0.0,2068.92578125,2376.0,6.543789507006295
226,0.7569726705551147,1844.0219494178891,0.0,2068.92578125,2376.0,6.572938965007779
227,0.5018026828765869,1759.461061924696,0.0,2068.92578125,2376.0,6.602052845002618
228,0.4386470317840576,1266.19999961555,0.0,2068.92578125,2376.0,6.631376239005476
229,0.8675301671028137,2118.705649137497,0.0,2068.92578125,2376.0,6.660532684996724
230,0.41696399450302124,1502.3650722280145,0.0,2068.92578125,2376.0,6.689620142002241
231,1.5471397638320923,2073.403419852257,0.0,2068.92578125,2376.0,6.718522335999296
232,0.5905803442001343,2061.210460484028,0.0,2068.92578125,2376.0,6.74776635300077
233,0.3603806793689728,1129.9929168969393,0.0,2068.92578125,2376.0,6.776990694008418
234,0.8945956230163574,1507.1475832238793,0.0,2068.92578125,2376.0,6.806140291999327
235,0.4237205982208252,1149.259317651391,0.0,2068.92578125,2376.0,6.835479974004556
236,0.5802552700042725,1874.681238397956,0.0,2068.92578125,2376.0,6.864913819008507
237,0.5335628390312195,1134.219727858901,0.0,2068.92578125,2376.0,6.893924372008769
238,0.7643787264823914,1475.1072266101837,0.0,2068.92578125,2376.0,6.923091233999003
239,0.5501638650894165,1805.7692283689976,0.0,2068.92578125,2376.0,6.952345786994556
240,1.3968101739883423,3456.0951888263226,0.0,2068.92578125,2376.0,6.981532502002665
241,0.48397064208984375,1471.2344482764602,0.0,2068.92578125,2376.0,7.0107271559973015
242,0.7527866363525391,1775.4711952358484,0.0,2068.92578125,2376.0,7.039802419007174
243,0.9570130109786987,1924.2968798950315,0.0,2068.92578125,2376.0,7.068954261005274
244,0.44556641578674316,1245.2866967990994,0.0,2068.92578125,2376.0,7.098287065004115
245,0.4410991668701172,1056.5487274304032,0.0,2068.92578125,2376.0,7.127419454001938
246,1.0786480903625488,2805.938691407442,0.0,2068.92578125,2376.0,7.156574670007103
247,0.41068631410598755,1134.420674070716,0.0,2068.92578125,2376.0,7.185821538005257
248,0.32559990882873535,1034.3128361403942,0.0,2068.92578125,2376.0,7.214986232007504
249,0.5435028076171875,1981.82048240304,0.0,2068.92578125,2376.0,7.244112536005559
250,0.4853796362876892,1573.0842580273747,0.0,2068.92578125,2376.0,7.27329065700178
251,0.7573361396789551,1578.4781060665846,0.0,2068.92578125,2376.0,7.302586820005672
252,1.5866527557373047,3420.1549286842346,0.0,2068.92578125,2376.0,7.332106286005001
253,0.8800163269042969,2764.9068666398525,0.0,2068.92578125,2376.0,7.36124531000678
254,0.5401328802108765,1663.135028615594,0.0,2068.92578125,2376.0,7.390364748003776
255,1.068803310394287,1995.9034154862165,0.0,2068.92578125,2376.0,7.419349554998917
256,1.0862878561019897,1743.3800842761993,0.0,2068.92578125,2376.0,7.4484566479950445
257,0.8208584189414978,1900.0972438752651,0.0,2068.92578125,2376.0,7.477542483000434
258,1.5215961933135986,3160.6932895481586,0.0,2068.92578125,2376.0,7.506660790008027
259,0.5057132244110107,1982.6336465477943,0.0,2068.92578125,2376.0,7.5358097050047945
260,0.4419218897819519,1212.090231269598,0.0,2068.92578125,2376.0,7.565254066998023
261,0.8174504041671753,2240.595962539315,0.0,2068.92578125,2376.0,7.594588198000565
262,0.7973498106002808,2178.0305716097355,0.0,2068.92578125,2376.0,7.623760696005775
263,1.2860766649246216,3203.0193358957767,0.0,2068.92578125,2376.0,7.6530009060079465
264,0.4551237225532532,1575.5754024237394,0.0,2068.92578125,2376.0,7.682040482002776
265,0.47920095920562744,1391.4508427232504,0.0,2068.92578125,2376.0,7.711469522007974
266,0.7683917284011841,1658.081458978355,0.0,2068.92578125,2376.0,7.740585011997609
267,0.47486066818237305,1186.6704078316689,0.0,2068.92578125,2376.0,7.769757524001761
268,0.8032709360122681,1795.7025312036276,0.0,2068.92578125,2376.0,7.7992223120090785
269,0.4728037714958191,1562.2794792503119,0.0,2068.92578125,2376.0,7.8285450209950795
270,0.4166601300239563,1379.826639778912,0.0,2068.92578125,2376.0,7.8577498710074
271,0.7162890434265137,1964.1318106502295,0.0,2068.92578125,2376.0,7.886819880004623
272,0.5042533874511719,1625.6925875544548,0.0,2068.92578125,2376.0,7.915988802007632
273,0.4476640820503235,1241.2081456556916,0.0,2068.92578125,2376.0,7.945065349995275
274,0.537578821182251,1743.4911015182734,0.0,2068.92578125,2376.0,7.9742045019957
275,0.37860944867134094,1157.9267237856984,0.0,2068.92578125,2376.0,8.003369908998138
276,0.4021337032318115,1134.3448683694005,0.0,2068.92578125,2376.0,8.032724357006373
277,0.3970283269882202,2417.253921031952,0.0,2068.92578125,2376.0,8.061848582001403
278,0.3723542094230652,1557.6089280545712,0.0,2068.92578125,2376.0,8.090981796005508
279,0.46620044112205505,1542.2918385118246,0.0,2068.92578125,2376.0,8.120166342996527
280,0.4892117977142334,1288.4941517561674,0.0,2068.92578125,2376.0,8.149283457998536
281,0.4233359694480896,1186.9591596573591,0.0,2068.92578125,2376.0,8.178427769002155
282,0.8402061462402344,1673.077963784337,0.0,2068.92578125,2376.0,8.20753605599748
283,0.5014758706092834,1641.0497070848942,0.0,2068.92578125,2376.0,8.23674968200794
284,0.8325077295303345,1733.0139495655894,0.0,2068.92578125,2376.0,8.266129014999024
285,0.7680425643920898,2505.966660618782,0.0,2068.92578125,2376.0,8.295346942002652
286,0.4807901382446289,2220.953258857131,0.0,2068.92578125,2376.0,8.324752996006282
287,0.9158542156219482,2733.093026742339,0.0,2068.92578125,2376.0,8.354094712005462
288,1.9997729063034058,18339.249128341675,0.0,2068.92578125,2376.0,8.383182688005036
289,0.5759173035621643,2317.010011449456,0.0,2068.92578125,2376.0,8.41227650899964
290,2.031290054321289,4295.884840667248,0.0,2068.92578125,2376.0,8.441489496006398
291,3.3126511573791504,5318.913300454617,0.0,2068.92578125,2376.0,8.470469378997223
292,1.4565602540969849,2817.470777630806,0.0,2068.92578125,2376.0,8.499583919008728
293,1.372575044631958,2933.1804376393557,0.0,2068.92578125,2376.0,8.528571682007168
294,0.8752690553665161,2539.0148079395294,0.0,2068.92578125,2376.0,8.557591664008214
295,1.4186410903930664,3173.543488651514,0.0,2068.92578125,2376.0,8.58667367399903
296,0.6125969886779785,1782.6653710901737,0.0,2068.92578125,2376.0,8.61570361199847
297,1.5457208156585693,3008.3473903238773,0.0,2068.92578125,2376.0,8.644610096001998
298,1.4874892234802246,3077.1184532493353,0.0,2068.92578125,2376.0,8.673636741004884
299,1.419546127319336,3351.706520140171,0.0,2068.92578125,2376.0,8.70265453500906
300,1.3735065460205078,2281.4254790320992,0.0,2068.92578125,2376.0,8.731930534006096
301,1.5052350759506226,2758.7555058300495,0.0,2068.92578125,2376.0,8.761170294004842
302,1.7665398120880127,2904.2746116816998,0.0,2068.92578125,2376.0,8.790255479994812
303,0.5827256441116333,1742.8181309103966,0.0,2068.92578125,2376.0,8.819539926000289
304,0.5961299538612366,1447.977228730917,0.0,2068.92578125,2376.0,8.848674937995384
305,1.044144630432129,2353.9551642388105,0.0,2068.92578125,2376.0,8.877723344005062
306,0.5501419305801392,1635.3421553522348,0.0,2068.92578125,2376.0,8.90675378900778
307,1.2021293640136719,2553.8959845602512,0.0,2068.92578125,2376.0,8.935382491006749
308,0.632378876209259,2733.5361644625664,0.0,2068.92578125,2376.0,8.964679705997696
309,0.5669909715652466,1773.1593562066555,0.0,2068.92578125,2376.0,8.993880064997938
310,0.4181419312953949,1570.0588677972555,0.0,2068.92578125,2376.0,9.022873007997987
311,0.625328004360199,1782.412696197629,0.0,2068.92578125,2376.0,9.051921858001151
312,0.5743556022644043,1813.5381583720446,0.0,2068.92578125,2376.0,9.08133214499685
313,1.0782928466796875,2366.9125826358795,0.0,2068.92578125,2376.0,9.11032376800722
314,1.2192702293395996,1458.512830130756,0.0,2068.92578125,2376.0,9.139322981005535
315,1.2254409790039062,1691.4124834388494,0.0,2068.92578125,2376.0,9.1683833910065
316,1.370396375656128,2550.794763714075,0.0,2068.92578125,2376.0,9.19772197000566
317,1.330958366394043,2200.5853930711746,0.0,2068.92578125,2376.0,9.226904112001648
318,0.48163163661956787,2151.585263967514,0.0,2068.92578125,2376.0,9.255959588001133
319,0.437349796295166,1206.1837614774704,0.0,2068.92578125,2376.0,9.285141287007718
320,1.1943271160125732,2601.839616447687,0.0,2068.92578125,2376.0,9.314397017005831
321,0.9582176208496094,1975.7819563150406,0.0,2068.92578125,2376.0,9.34430655700271
322,0.3851805329322815,967.7660079747438,0.0,2068.92578125,2376.0,9.373388078995049
323,0.9705331325531006,1818.824673935771,0.0,2068.92578125,2376.0,9.402493563000462
324,0.4662805497646332,1228.9414939209819,0.0,2068.92578125,2376.0,9.431624224002007
325,0.4288676977157593,1131.0700972005725,0.0,2068.92578125,2376.0,9.460840419007582
326,1.52461576461792,6742.212959647179,0.0,2068.92578125,2376.0,9.489855145002366
327,0.5221083164215088,1444.4801229685545,0.0,2068.92578125,2376.0,9.519081432008534
328,0.8281612992286682,1718.1573698371649,0.0,2068.92578125,2376.0,9.548252837004839
329,0.47708773612976074,1471.0725752860308,0.0,2068.92578125,2376.0,9.577472354008933
330,1.0701119899749756,1873.074286326766,0.0,2068.92578125,2376.0,9.606601118008257
331,0.42542001605033875,1689.1152870506048,0.0,2068.92578125,2376.0,9.635766407998744
332,1.1311595439910889,2010.7945643663406,0.0,2068.92578125,2376.0,9.665054872006294
333,2.2922120094299316,2443.795605659485,0.0,2068.92578125,2376.0,9.694080725996173
334,0.4341471195220947,1931.149501055479,0.0,2068.92578125,2376.0,9.723208584007807
335,0.3790028691291809,1621.866038531065,0.0,2068.92578125,2376.0,9.75221565400716
336,1.1261316537857056,1845.4972419440746,0.0,2068.92578125,2376.0,9.781372223995277
337,0.42189493775367737,1570.3897817581892,0.0,2068.92578125,2376.0,9.81060456999694
338,0.29029354453086853,2589.5432574748993,0.0,2068.92578125,2376.0,9.839832209007
339,0.43412238359451294,1838.6213587969542,0.0,2068.92578125,2376.0,9.868976897996617
340,0.5012242197990417,1612.1363088488579,0.0,2068.92578125,2376.0,9.898106628999813
341,0.3798377513885498,1127.1038020700216,0.0,2068.92578125,2376.0,9.927497098004096
342,0.9013327956199646,2056.2859535068274,0.0,2068.92578125,2376.0,9.95659978799813
343,1.4445981979370117,1873.1390154510736,0.0,2068.92578125,2376.0,9.9856615519966
344,0.4151114225387573,3716.7771661281586,0.0,2068.92578125,2376.0,10.014753080002265
345,1.559037685394287,13424.141493797302,0.0,2068.92578125,2376.0,10.046943834997364
346,1.0671802759170532,1936.104745209217,0.0,2068.92578125,2376.0,10.076747077007894
347,0.9996229410171509,1901.8693363070488,0.0,2068.92578125,2376.0,10.10583073500311
348,1.0225255489349365,2578.428433522582,0.0,2068.92578125,2376.0,10.13483595600701
349,0.5869964361190796,2878.5971735715866,0.0,2068.92578125,2376.0,10.163827101001516
350,0.44462013244628906,1828.6301366984844,0.0,2068.92578125,2376.0,10.193113679997623
351,1.1573212146759033,1677.9430489838123,0.0,2068.92578125,2376.0,10.22197925799992
352,1.4471964836120605,2902.21441757679,0.0,2068.92578125,2376.0,10.25078606500756
353,0.46519625186920166,2272.033016204834,0.0,2068.92578125,2376.0,10.279800853997585
354,0.9474514722824097,2492.9888037741184,0.0,2068.92578125,2376.0,10.308829820001847
355,0.34084615111351013,1139.7083959579468,0.0,2068.92578125,2376.0,10.33807332199649
356,0.735146701335907,2199.0573158860207,0.0,2068.92578125,2376.0,10.367004554005689
357,0.9996665716171265,1858.1112213432789,0.0,2068.92578125,2376.0,10.396021159001975
358,1.063805341720581,2144.3782926797867,0.0,2068.92578125,2376.0,10.425014823005768
359,1.147145390510559,1646.6233230903745,0.0,2068.92578125,2376.0,10.454218890008633
360,1.4939393997192383,1882.7061286270618,0.0,2068.92578125,2376.0,10.483261728004436
361,1.2002609968185425,1450.3588648587465,0.0,2068.92578125,2376.0,10.512235062007676
362,1.2763118743896484,1945.7035065442324,0.0,2068.92578125,2376.0,10.541404641000554
363,0.3042580485343933,929.6327482759953,0.0,2068.92578125,2376.0,10.570431318003102
364,0.26812440156936646,1115.821406751871,0.0,2068.92578125,2376.0,10.599411032002536
365,0.9505610466003418,2220.2499420940876,0.0,2068.92578125,2376.0,10.628376043998287
366,0.4628240466117859,1547.1595652401447,0.0,2068.92578125,2376.0,10.657526555005461
367,1.4207005500793457,1656.4918179363012,0.0,2068.92578125,2376.0,10.686384961998556
368,0.3968356251716614,1566.646801829338,0.0,2068.92578125,2376.0,10.715716464008437
369,0.47443151473999023,5198.086010694504,0.0,2068.92578125,2376.0,10.744684232005966
370,0.37031126022338867,1659.890804067254,0.0,2068.92578125,2376.0,10.773702678998234
371,0.46847882866859436,1905.9697482287884,0.0,2068.92578125,2376.0,10.802686830007588
372,0.7838823795318604,1114.052375368774,0.0,2068.92578125,2376.0,10.831909394997638
373,0.9200703501701355,1645.8106427192688,0.0,2068.92578125,2376.0,10.860910197996418
374,0.8326611518859863,1792.686692468822,0.0,2068.92578125,2376.0,10.889540295000188
375,0.7719607949256897,1179.331807076931,0.0,2068.92578125,2376.0,10.918442848007544
376,1.6685550212860107,2333.670979514718,0.0,2068.92578125,2376.0,10.947427432998666
377,0.401120662689209,1141.6132930517197,0.0,2068.92578125,2376.0,10.976718530000653
378,0.5137354135513306,1221.6270277649164,0.0,2068.92578125,2376.0,11.00580815000285
379,1.0585269927978516,4628.684011518955,0.0,2068.92578125,2376.0,11.034775366002577
380,0.35725077986717224,1446.4342366456985,0.0,2068.92578125,2376.0,11.063784919999307
381,1.144550085067749,2273.781010553241,0.0,2068.92578125,2376.0,11.092808695000713
382,0.46403276920318604,1883.2655724436045,0.0,2068.92578125,2376.0,11.121787273004884
383,0.8040100336074829,1556.0131787359715,0.0,2068.92578125,2376.0,11.150754349000636
384,0.8288530111312866,2036.1213729083538,0.0,2068.92578125,2376.0,11.179881921008928
385,1.0983905792236328,2314.8115965127945,0.0,2068.92578125,2376.0,11.208888209002907
386,0.41280484199523926,2251.8259603381157,0.0,2068.92578125,2376.0,11.238196321006399
387,0.6586616039276123,3090.605874300003,0.0,2068.92578125,2376.0,11.267161228999612
388,0.5285153985023499,2577.785367578268,0.0,2068.92578125,2376.0,11.296120893995976
389,0.3992540240287781,1441.9807552993298,0.0,2068.92578125,2376.0,11.32537175800826
390,0.38508695363998413,1126.5789481177926,0.0,2068.92578125,2376.0,11.354438470996683
391,1.7562005519866943,3508.0217198878527,0.0,2068.92578125,2376.0,11.383492216002196
392,0.4577294886112213,1299.6010239422321,0.0,2068.92578125,2376.0,11.412468316004379
393,0.3720758557319641,1017.3085764199495,0.0,2068.92578125,2376.0,11.441530013005831
394,1.120672345161438,1561.7695639431477,0.0,2068.92578125,2376.0,11.470705276005901
395,0.3525720536708832,1048.4764931499958,0.0,2068.92578125,2376.0,11.499926945994957
396,1.1039440631866455,1650.4892974197865,0.0,2068.92578125,2376.0,11.528953062006622
397,0.3636678457260132,977.4092188626528,0.0,2068.92578125,2376.0,11.55791255600343
398,0.4691293239593506,1173.1293231397867,0.0,2068.92578125,2376.0,11.587037132994737
399,0.27665624022483826,878.3352399915457,0.0,2068.92578125,2376.0,11.61600614299823
400,1.4213593006134033,1839.5759679228067,0.0,2068.92578125,2376.0,11.644611476003774
401,0.38609594106674194,1081.7704991847277,0.0,2068.92578125,2376.0,11.673884292002185
402,0.3442011773586273,988.0064824819565,0.0,2068.92578125,2376.0,11.702963614996406
403,0.9103004336357117,1477.6611991226673,0.0,2068.92578125,2376.0,11.731899977006833
404,0.8824068903923035,1741.6043151319027,0.0,2068.92578125,2376.0,11.761207037008717
405,0.8245866298675537,1486.742534533143,0.0,2068.92578125,2376.0,11.79036348599766
406,0.34399428963661194,1100.8166777044535,0.0,2068.92578125,2376.0,11.819620520007447
407,0.7695010304450989,1622.5049791187048,0.0,2068.92578125,2376.0,11.848690162994899
408,1.0144641399383545,1725.24431052804,0.0,2068.92578125,2376.0,11.877714454007219
409,0.2864941656589508,887.0150895118713,0.0,2068.92578125,2376.0,11.906876054999884
410,0.3942328095436096,1151.6272911280394,0.0,2068.92578125,2376.0,11.93596554400574
411,1.1847695112228394,1860.8462972640991,0.0,2068.92578125,2376.0,11.964925509004388
412,1.4369312524795532,2780.5491284430027,0.0,2068.92578125,2376.0,11.993988454996725
413,0.2605704665184021,844.0038059875369,0.0,2068.92578125,2376.0,12.023417969001457
414,0.3480711579322815,1184.8719957768917,0.0,2068.92578125,2376.0,12.052871371008223
415,0.7690314054489136,1532.054078899324,0.0,2068.92578125,2376.0,12.081914712005528
416,0.2500542402267456,1035.3076633960009,0.0,2068.92578125,2376.0,12.11093202100892
417,1.065162181854248,1863.9724413976073,0.0,2068.92578125,2376.0,12.139931055004126
418,1.0574570894241333,1961.1795780658722,0.0,2068.92578125,2376.0,12.169051553006284
419,0.3464675843715668,1175.2014328241348,0.0,2068.92578125,2376.0,12.19807041999593
420,0.3590174913406372,1135.0914237648249,0.0,2068.92578125,2376.0,12.227050963003421
421,0.3604724407196045,1535.8197794258595,0.0,2068.92578125,2376.0,12.255973442996037
422,0.726703941822052,1017.3683554530144,0.0,2068.92578125,2376.0,12.285197250006604
423,0.35978615283966064,1866.0884830653667,0.0,2068.92578125,2376.0,12.31423009300488
424,0.3320637345314026,1857.1373364329338,0.0,2068.92578125,2376.0,12.343381362006767
425,1.0630725622177124,1717.572433501482,0.0,2068.92578125,2376.0,12.372531547007384
426,2.2598862648010254,5856.458163976669,0.0,2068.92578125,2376.0,12.40149101499992
427,1.3250929117202759,2082.04984036088,0.0,2068.92578125,2376.0,12.430515305997687
428,0.3279004991054535,1178.7587851062417,0.0,2068.92578125,2376.0,12.459548904007534
429,0.857047438621521,1584.153017565608,0.0,2068.92578125,2376.0,12.488567335007247
430,0.989397406578064,1974.1576117575169,0.0,2068.92578125,2376.0,12.517605280998396
431,0.2618737816810608,1330.48672516644,0.0,2068.92578125,2376.0,12.546820117000607
432,0.8794311285018921,1320.2044995427132,0.0,2068.92578125,2376.0,12.576032065000618
433,0.3655092418193817,1080.2886133342981,0.0,2068.92578125,2376.0,12.605063691007672
434,0.28615933656692505,1055.1844106987119,0.0,2068.92578125,2376.0,12.634141071001068
435,0.36886727809906006,1059.1932952106,0.0,2068.92578125,2376.0,12.663101179001387
436,0.9863466024398804,3062.365806594491,0.0,2068.92578125,2376.0,12.692178565004724
437,0.4128562808036804,1947.5503772199154,0.0,2068.92578125,2376.0,12.721201152002322
438,0.7983775734901428,1568.7939995750785,0.0,2068.92578125,2376.0,12.750220429006731
439,0.7589972019195557,1147.8726383075118,0.0,2068.92578125,2376.0,12.77924384099606
440,0.9573264718055725,3472.143652111292,0.0,2068.92578125,2376.0,12.808427444004337
441,0.4250867962837219,1412.0212674885988,0.0,2068.92578125,2376.0,12.837635846997728
442,0.38588690757751465,927.2248780429363,0.0,2068.92578125,2376.0,12.866697193006985
443,0.7894995808601379,1654.963630452752,0.0,2068.92578125,2376.0,12.895581983000739
444,0.7358612418174744,2745.3925788775086,0.0,2068.92578125,2376.0,12.924475648003863
445,1.7020747661590576,2352.837190821767,0.0,2068.92578125,2376.0,12.953510124003515
446,0.2707575559616089,868.5425863265991,0.0,2068.92578125,2376.0,12.982479016005527
447,0.7026406526565552,3859.121316641569,0.0,2068.92578125,2376.0,13.011452462000307
448,0.37858402729034424,1337.154770925641,0.0,2068.92578125,2376.0,13.04040695000731
449,0.35493773221969604,1219.8251446187496,0.0,2068.92578125,2376.0,13.069646389005356
450,0.23773908615112305,649.9726492911577,0.0,2068.92578125,2376.0,13.098640530006378
451,0.27692991495132446,1273.2950366288424,0.0,2068.92578125,2376.0,13.12770147700212
452,0.36464723944664,1148.5408525913954,0.0,2068.92578125,2376.0,13.156630148005206
453,0.3377262353897095,1089.6182310655713,0.0,2068.92578125,2376.0,13.185573352995561
454,1.6045759916305542,2436.379971295595,0.0,2068.92578125,2376.0,13.214573710996774
455,0.8968861699104309,2076.0927008017898,0.0,2068.92578125,2376.0,13.24347961699823
456,1.3275182247161865,1879.6450481265783,0.0,2068.92578125,2376.0,13.272497864003526
457,2.1577231884002686,1794.7893887609243,0.0,2068.92578125,2376.0,13.30209106199618
458,0.2673271596431732,450.02403119951487,0.0,2068.92578125,2376.0,13.331430172998807
459,0.26542171835899353,577.81503149122,0.0,2068.92578125,2376.0,13.360350724004093
460,0.37953630089759827,1076.1063539087772,0.0,2068.92578125,2376.0,13.389402478002012
461,1.1533790826797485,1600.503782570362,0.0,2068.92578125,2376.0,13.418368193000788
462,0.27315452694892883,1233.4064882844687,0.0,2068.92578125,2376.0,13.447441793003236
463,1.2045042514801025,1426.4390740394592,0.0,2068.92578125,2376.0,13.476081166008953
464,0.26601409912109375,986.8862524405122,0.0,2068.92578125,2376.0,13.505040130999987
465,0.29926103353500366,1016.0600399672985,0.0,2068.92578125,2376.0,13.533923520008102
466,0.41868752241134644,1471.2131551355124,0.0,2068.92578125,2376.0,13.562906653998652
467,0.8374582529067993,1197.5135474130511,0.0,2068.92578125,2376.0,13.592174332996365
468,0.3064481019973755,1119.6464291065931,0.0,2068.92578125,2376.0,13.621200491004856
469,0.28334152698516846,636.502213999629,0.0,2068.92578125,2376.0,13.650196340007824
470,0.3529468774795532,959.3944584429264,0.0,2068.92578125,2376.0,13.679248293003184
471,0.3062204122543335,753.3189194649458,0.0,2068.92578125,2376.0,13.708284627005924
472,1.1321595907211304,1670.8297383487225,0.0,2068.92578125,2376.0,13.737252020000597
473,0.27884137630462646,1080.1619212329388,0.0,2068.92578125,2376.0,13.766220536999754
474,0.28336161375045776,588.9368399977684,0.0,2068.92578125,2376.0,13.795218143000966
475,0.5594073534011841,1091.732545055449,0.0,2068.92578125,2376.0,13.823888612998417
476,1.1199268102645874,1786.2699204087257,0.0,2068.92578125,2376.0,13.853368605996366
477,0.821811318397522,1205.8112398311496,0.0,2068.92578125,2376.0,13.882435132007231
478,0.9253854751586914,1271.6122319698334,0.0,2068.92578125,2376.0,13.911399311007699
479,0.3570442795753479,1265.9038969054818,0.0,2068.92578125,2376.0,13.940333777994965
480,0.3701035976409912,830.0966882631183,0.0,2068.92578125,2376.0,13.968935495999176
481,0.2758476138114929,892.7757320329547,0.0,2068.92578125,2376.0,13.99799881799845
482,0.22522930800914764,607.730064548552,0.0,2068.92578125,2376.0,14.026958375994582
483,1.0676106214523315,1173.136222988367,0.0,2068.92578125,2376.0,14.055960879006307
484,0.366843044757843,1201.1966136991978,0.0,2068.92578125,2376.0,14.084888397002942
485,0.28492504358291626,599.4739055261016,0.0,2068.92578125,2376.0,14.11420798600011
486,0.2972943186759949,1000.555730804801,0.0,2068.92578125,2376.0,14.143224294006359
487,1.4938416481018066,1512.2782398164272,0.0,2068.92578125,2376.0,14.172340485005407
488,0.20183026790618896,960.7478549554944,0.0,2068.92578125,2376.0,14.201323400004185
489,0.27712419629096985,1008.5956957638264,0.0,2068.92578125,2376.0,14.230347215998336
490,0.3179471492767334,887.3432781994343,0.0,2068.92578125,2376.0,14.259301436002715
491,0.3259451985359192,1201.5777922272682,0.0,2068.92578125,2376.0,14.28827135200845
492,0.29105037450790405,1545.4511079788208,0.0,2068.92578125,2376.0,14.317353967999225
493,0.31855928897857666,942.3125256001949,0.0,2068.92578125,2376.0,14.346605389000615
494,0.23139925301074982,1313.4620433747768,0.0,2068.92578125,2376.0,14.376019860006636
495,1.5331461429595947,1446.5284847915173,0.0,2068.92578125,2376.0,14.40497558399511
496,0.36559611558914185,2047.9105748534203,0.0,2068.92578125,2376.0,14.433926238009008
497,0.2599848508834839,797.760858476162,0.0,2068.92578125,2376.0,14.46293773400248
498,0.2538607120513916,694.8553591892123,0.0,2068.92578125,2376.0,14.491946713998914
499,0.19189225137233734,792.3185770660639,0.0,2068.92578125,2376.0,14.520871076005278
500,0.9036940336227417,1223.0317813009024,0.0,2068.92578125,2376.0,14.549945195001783
501,0.8580234050750732,1430.534508511424,0.0,2068.92578125,2376.0,14.579203123998013
502,0.17587849497795105,534.7208321616054,0.0,2068.92578125,2376.0,14.608375955998781
503,0.7502855062484741,892.558054022491,0.0,2068.92578125,2376.0,14.637555431996589
504,0.6882872581481934,1149.3709689229727,0.0,2068.92578125,2378.0,14.666876777002471
505,0.9831368327140808,1595.4817655533552,0.0,2068.92578125,2378.0,14.69571989600081
506,0.9733856916427612,1640.8521854430437,0.0,2068.92578125,2378.0,14.724752460999298
507,0.29603713750839233,499.79351395368576,0.0,2068.92578125,2378.0,14.753678944995045
508,0.28917646408081055,453.1606091186404,0.0,2068.92578125,2378.0,14.782702172000427
509,0.8731054663658142,1226.8573655486107,0.0,2068.92578125,2378.0,14.811694515999989
510,0.7358477711677551,1427.440757445991,0.0,2068.92578125,2378.0,14.84078433700779
511,1.0230026245117188,1722.5451562851667,0.0,2068.92578125,2378.0,14.869822288004798
512,0.25515976548194885,1000.7168952226639,0.0,2068.92578125,2378.0,14.899041577999014
513,0.6391209363937378,851.9820962101221,0.0,2068.92578125,2378.0,14.92790488000901
514,0.36229556798934937,655.784521728754,0.0,2068.92578125,2378.0,14.95699311500357
515,0.31322455406188965,682.2964482158422,0.0,2068.92578125,2378.0,14.986002227000427
516,0.2706020772457123,1140.533693537116,0.0,2068.92578125,2378.0,15.01495300300303
517,0.23097291588783264,602.8306594192982,0.0,2068.92578125,2378.0,15.043954210006632
518,0.32939398288726807,1359.2984779179096,0.0,2068.92578125,2378.0,15.072985576000065
519,0.30560094118118286,797.4905643761158,0.0,2068.92578125,2378.0,15.101901742003975
520,0.9484992027282715,1325.1836838796735,0.0,2068.92578125,2378.0,15.130862984995474
521,0.28288865089416504,598.5955914109945,0.0,2068.92578125,2378.0,15.160208474000683
522,1.6093918085098267,2901.351425886154,0.0,2068.92578125,2378.0,15.189451742000529
523,0.2914213240146637,675.1265145093203,0.0,2068.92578125,2378.0,15.21843248300138
524,0.21829721331596375,917.0279707014561,0.0,2068.92578125,2378.0,15.247443622007268
525,0.6950461268424988,1368.716733455658,0.0,2068.92578125,2378.0,15.276560372003587
526,0.8986669778823853,1166.787069581449,0.0,2068.92578125,2378.0,15.30561198599753
527,0.32273080945014954,550.2364365383983,0.0,2068.92578125,2378.0,15.334774970004219
528,0.6184612512588501,705.357238009572,0.0,2068.92578125,2378.0,15.36366268400161
529,0.28180480003356934,1303.5231327712536,0.0,2068.92578125,2378.0,15.392769462006981
530,0.9651510715484619,1264.0106703564525,0.0,2068.92578125,2378.0,15.42204289700021
531,0.3297329843044281,631.0874423831701,0.0,2068.92578125,2378.0,15.451058238002588
532,0.2576126754283905,458.9647693410516,0.0,2068.92578125,2378.0,15.480130511001335
533,0.2971944212913513,361.96503749489784,0.0,2068.92578125,2378.0,15.509141461006948
534,0.8323326110839844,1682.1144494116306,0.0,2068.92578125,2378.0,15.538122675003251
535,0.9564661383628845,982.0617585107684,0.0,2068.92578125,2378.0,15.567028827004833
536,0.3732907772064209,799.3595316410065,0.0,2068.92578125,2378.0,15.596209620998707
537,0.20486092567443848,786.395871154964,0.0,2068.92578125,2378.0,15.625260803004494
538,0.2446938306093216,844.3136744201183,0.0,2068.92578125,2378.0,15.654211421002401
539,0.3270632326602936,727.9822302609682,0.0,2068.92578125,2378.0,15.683582377998391
540,0.5098893642425537,1111.3674295023084,0.0,2068.92578125,2378.0,15.712868222995894
541,0.3035790026187897,1555.84332318604,0.0,2068.92578125,2378.0,15.741975626006024
542,1.3149064779281616,1357.6091170236468,0.0,2068.92578125,2378.0,15.770992471007048
543,0.810539722442627,1347.1361521482468,0.0,2068.92578125,2378.0,15.79997375899984
544,0.31502509117126465,494.77337503805757,0.0,2068.92578125,2378.0,15.829031950008357
545,0.8605257868766785,2065.962601929903,0.0,2068.92578125,2378.0,15.85813964100089
546,0.2513796389102936,830.3144760578871,0.0,2068.92578125,2378.0,15.887031777994707
547,0.23708152770996094,908.2157115787268,0.0,2068.92578125,2378.0,15.915968811998027
548,1.0001869201660156,1469.2626864388585,0.0,2068.92578125,2378.0,15.9451585229981
549,0.9574928879737854,2183.524488404393,0.0,2068.92578125,2378.0,15.974134322008467
550,0.2548157870769501,721.693603515625,0.0,2068.92578125,2378.0,16.003067238998483
551,0.3070969581604004,618.5136954523623,0.0,2068.92578125,2378.0,16.032553270008066
552,0.3826198875904083,1000.113897100091,0.0,2068.92578125,2378.0,16.061847635006416
553,0.2466678023338318,673.706904605031,0.0,2068.92578125,2378.0,16.09089853000478
554,0.2805890440940857,1192.2983883172274,0.0,2068.92578125,2378.0,16.1199857120082
555,0.14052310585975647,506.9383665472269,0.0,2068.92578125,2378.0,16.148942533996888
556,0.31532925367355347,1149.9112965762615,0.0,2068.92578125,2378.0,16.17799628499779
557,0.7948578596115112,1208.3721739649773,0.0,2068.92578125,2378.0,16.207251489002374
558,0.8438516855239868,1417.4909958839417,0.0,2068.92578125,2378.0,16.23617734700383
559,0.28829503059387207,1254.9837578982115,0.0,2068.92578125,2378.0,16.265167175006354
560,0.49730977416038513,1257.6250660642982,0.0,2068.92578125,2378.0,16.294126654000138
561,0.3817164897918701,795.225572951138,0.0,2068.92578125,2378.0,16.323145376998582
562,0.8720598816871643,1217.792261198163,0.0,2068.92578125,2378.0,16.352251418007654
563,0.2941130995750427,1067.4341689795256,0.0,2068.92578125,2378.0,16.381325701004243
564,0.6250653862953186,1008.0697129294276,0.0,2068.92578125,2378.0,16.41034687400679
565,0.30074259638786316,1105.1005690693855,0.0,2068.92578125,2378.0,16.439298729004804
566,0.5354628562927246,1233.5582028776407,0.0,2068.92578125,2378.0,16.468199797003763
567,0.20745567977428436,867.2407016903162,0.0,2068.92578125,2378.0,16.497194095005398
568,1.6535240411758423,1430.9207489192486,0.0,2068.92578125,2378.0,16.52615820900246
569,0.8098072409629822,1760.0731564760208,0.0,2068.92578125,2378.0,16.555114860006142
570,0.3424268662929535,1124.5199126452208,0.0,2068.92578125,2378.0,16.5841163550067
571,0.6061534881591797,966.8384585082531,0.0,2068.92578125,2378.0,16.613056589994812
572,0.32830810546875,587.0642276704311,0.0,2068.92578125,2378.0,16.642073499999242
573,1.279900312423706,1886.1799093931913,0.0,2068.92578125,2378.0,16.671120023995172
574,0.6247817277908325,1107.207495816052,0.0,2068.92578125,2378.0,16.700239142999635
575,0.1909070909023285,742.4019791260362,0.0,2068.92578125,2378.0,16.72954013099661
576,0.6778402328491211,1219.1679687350988,0.0,2068.92578125,2378.0,16.758637767008622
577,1.2676371335983276,1747.718203663826,0.0,2068.92578125,2378.0,16.787681211004383
578,0.20245873928070068,813.4621080011129,0.0,2068.92578125,2378.0,16.81666626399965
579,0.9723037481307983,1877.6918785721064,0.0,2068.92578125,2378.0,16.84585687299841
580,0.30324727296829224,876.502473026514,0.0,2068.92578125,2378.0,16.874970855002175
581,0.27726757526397705,593.0658571869135,0.0,2068.92578125,2378.0,16.903879421006422
582,0.28106269240379333,429.00208343565464,0.0,2068.92578125,2378.0,16.932896117999917
583,0.23039253056049347,521.8167726583779,0.0,2068.92578125,2378.0,16.961873672000365
584,0.2353959083557129,746.0941147506237,0.0,2068.92578125,2378.0,16.991198311006883
585,0.9198110103607178,2137.6540865451097,0.0,2068.92578125,2378.0,17.020167896000203
586,0.2882915735244751,1330.6196738630533,0.0,2068.92578125,2378.0,17.0491836709989
587,0.1948719024658203,589.8255006819963,0.0,2068.92578125,2378.0,17.078270122001413
588,0.7617836594581604,1207.0390807390213,0.0,2068.92578125,2378.0,17.107230089997756
589,0.7620549201965332,1299.741339713335,0.0,2068.92578125,2378.0,17.136266814995906
590,0.32551753520965576,1903.024681597948,0.0,2068.92578125,2378.0,17.165282408008352
591,0.6663569808006287,1026.4386435300112,0.0,2068.92578125,2378.0,17.194302803007304
592,0.18219606578350067,730.035068064928,0.0,2068.92578125,2378.0,17.22340057999827
593,0.25492867827415466,788.4547945708036,0.0,2068.92578125,2378.0,17.25296092699864
594,0.6078672409057617,847.194991081953,0.0,2068.92578125,2378.0,17.2819540000055
595,0.2832128703594208,967.3467613458633,0.0,2068.92578125,2378.0,17.311033128004055
596,1.5763996839523315,2351.0980031341314,0.0,2068.92578125,2378.0,17.340147536000586
597,0.7070717811584473,1164.812893383205,0.0,2068.92578125,2378.0,17.36927667200507
598,0.3655412793159485,997.406043022871,0.0,2068.92578125,2378.0,17.39839616000245
599,0.6143114566802979,1425.1749694347382,0.0,2068.92578125,2378.0,17.427379693996045
600,0.1999867558479309,766.6294918060303,0.0,2068.92578125,2378.0,17.45634787599556
601,0.6259674429893494,1421.378268674016,0.0,2068.92578125,2378.0,17.48560043500038
602,0.8197157979011536,1772.9059657007456,0.0,2068.92578125,2378.0,17.514940244000172
603,0.31689566373825073,941.4323403686285,0.0,2068.92578125,2378.0,17.543914769004914
604,0.29225438833236694,603.9840949997306,0.0,2068.92578125,2378.0,17.57285198000318
605,0.9793662428855896,3324.713947534561,0.0,2068.92578125,2378.0,17.60188384600042
606,0.244642436504364,611.3186732195318,0.0,2068.92578125,2378.0,17.630792409996502
607,0.22305822372436523,669.1465247273445,0.0,2068.92578125,2378.0,17.659855884994613
608,0.8552395105361938,1849.8251213729382,0.0,2068.92578125,2378.0,17.688780352997128
609,0.325300931930542,995.6743289679289,0.0,2068.92578125,2378.0,17.717704438007786
610,0.17303358018398285,622.4458830431104,0.0,2068.92578125,2378.0,17.746761133996188
611,0.23595282435417175,448.31994803249836,0.0,2068.92578125,2378.0,17.776066945007187
612,0.8883215188980103,2041.5676071345806,0.0,2068.92578125,2378.0,17.80508034900413
613,0.4863393008708954,1224.4307623058558,0.0,2068.92578125,2378.0,17.833758681008476
614,0.665132999420166,1395.1925964057446,0.0,2068.92578125,2378.0,17.862846251999144
615,0.2768401503562927,564.3675200082362,0.0,2068.92578125,2378.0,17.89188611699501
616,0.6603791117668152,1726.989550575614,0.0,2068.92578125,2378.0,17.920845397995436
617,0.23217341303825378,576.6274626329541,0.0,2068.92578125,2378.0,17.949849319003988
618,0.4922574758529663,1062.565524354577,0.0,2068.92578125,2378.0,17.978874823995284
619,0.47943228483200073,1321.2260738760233,0.0,2068.92578125,2378.0,18.00789383299707
620,1.1321004629135132,1651.578873872757,0.0,2068.92578125,2378.0,18.037720452004578
621,0.4227280020713806,1016.4045910537243,0.0,2068.92578125,2378.0,18.066591627997695
622,0.26820069551467896,668.6532409414649,0.0,2068.92578125,2378.0,18.09563215399976
623,0.22650288045406342,468.45157689601183,0.0,2068.92578125,2378.0,18.124653847000445
624,0.2273041009902954,450.86306081712246,0.0,2068.92578125,2378.0,18.153248995004105
625,0.09474022686481476,614.753767952323,0.0,2068.92578125,2378.0,18.182239571004175
626,0.2911289632320404,416.3041625097394,0.0,2068.92578125,2378.0,18.21127331200114
627,0.11942510306835175,292.10534127801657,0.0,2068.92578125,2378.0,18.240252073999727
628,0.5115182399749756,1335.5909969881177,0.0,2068.92578125,2378.0,18.26923105500464
629,0.2718655467033386,724.9532276391983,0.0,2068.92578125,2378.0,18.29856907100475
630,0.23745137453079224,576.225517950952,0.0,2068.92578125,2378.0,18.32767085400701
631,0.9849596619606018,1725.8036102205515,0.0,2068.92578125,2378.0,18.356764352007303
632,0.6765344142913818,1544.4364040642977,0.0,2068.92578125,2378.0,18.385734841998783
633,0.24870887398719788,856.728424936533,0.0,2068.92578125,2378.0,18.414675581996562
634,0.6401460766792297,1304.2563734203577,0.0,2068.92578125,2378.0,18.443665782004246
635,0.2762587070465088,809.8435029238462,0.0,2068.92578125,2378.0,18.472701781007345
636,1.132027268409729,1755.78375852108,0.0,2068.92578125,2378.0,18.501706185008516
637,0.6711388230323792,1047.0493839755654,0.0,2068.92578125,2378.0,18.53059605699673
638,0.22312374413013458,507.3448414504528,0.0,2068.92578125,2378.0,18.559827488003066
639,0.31120914220809937,747.6810279786587,0.0,2068.92578125,2378.0,18.588815088005504
640,1.0713382959365845,4049.9870814979076,0.0,2068.92578125,2378.0,18.617773314996157
641,0.5388591289520264,1072.0570671483874,0.0,2068.92578125,2378.0,18.646625893001328
642,1.0567792654037476,1458.9851587414742,0.0,2068.92578125,2378.0,18.67558286500571
643,0.17681492865085602,817.5327407568693,0.0,2068.92578125,2378.0,18.70462548499927
644,0.25412696599960327,1014.9393476769328,0.0,2068.92578125,2378.0,18.733708193001803
645,0.23655927181243896,876.6135614961386,0.0,2068.92578125,2378.0,18.76293954900757
646,0.25856977701187134,694.1541495546699,0.0,2068.92578125,2378.0,18.791830960995867
647,0.2022636979818344,385.65239699557424,0.0,2068.92578125,2378.0,18.821250684006372
648,0.31542104482650757,1185.0580956190825,0.0,2068.92578125,2378.0,18.85069515000214
649,0.9591274261474609,1614.9715908020735,0.0,2068.92578125,2378.0,18.879716081995866
650,0.6034606695175171,767.5722924917936,0.0,2068.92578125,2378.0,18.90864103799686
651,0.3767669200897217,1008.3587185591459,0.0,2068.92578125,2378.0,18.937670380997588
652,0.2276991307735443,359.4160028733313,0.0,2068.92578125,2378.0,18.966622342006303
653,0.32324743270874023,834.3698767274618,0.0,2068.92578125,2378.0,18.99557212300715
654,0.826238214969635,2104.584978029132,0.0,2068.92578125,2378.0,19.02461018100439
655,0.2514265775680542,2029.857965707779,0.0,2068.92578125,2378.0,19.053571487995214
656,0.26900431513786316,608.2407494112849,0.0,2068.92578125,2378.0,19.082964700006414
657,0.23431146144866943,1043.0669134557247,0.0,2068.92578125,2378.0,19.111922914002207
658,0.3730756640434265,1220.2974458634853,0.0,2068.92578125,2378.0,19.140854597004363
659,0.9702048301696777,2895.2699768543243,0.0,2068.92578125,2378.0,19.1698615589994
660,0.19335398077964783,540.7280524000525,0.0,2068.92578125,2378.0,19.198937649998697
661,0.24517738819122314,792.2287773638964,0.0,2068.92578125,2378.0,19.227904718005448
662,0.32883280515670776,848.2661048695445,0.0,2068.92578125,2378.0,19.256826208002167
663,0.20563547313213348,528.514311991632,0.0,2068.92578125,2378.0,19.2859128889977
664,0.8359706401824951,1428.7642331421375,0.0,2068.92578125,2378.0,19.31491887300217
665,1.002907633781433,2543.3855175971985,0.0,2068.92578125,2378.0,19.344467086004443
666,0.8175766468048096,2122.6947572380304,0.0,2068.92578125,2378.0,19.373591794996173
667,0.728225827217102,1448.6169180572033,0.0,2068.92578125,2378.0,19.40269133199763
668,0.18273970484733582,519.1430112756789,0.0,2068.92578125,2378.0,19.431697453008383
669,0.3491618037223816,742.3625849932432,0.0,2068.92578125,2378.0,19.460671118999016
670,0.21625396609306335,372.51894242316484,0.0,2068.92578125,2378.0,19.489560647998587
671,0.6783263683319092,1587.9694258272648,0.0,2068.92578125,2378.0,19.51867994600616
672,0.787494421005249,1785.4749081134796,0.0,2068.92578125,2378.0,19.547593675000826
673,0.20984826982021332,475.5810192003846,0.0,2068.92578125,2378.0,19.576682311002514
674,0.25377169251441956,840.685063123703,0.0,2068.92578125,2378.0,19.606088650994934
675,0.8584627509117126,1733.7100495100021,0.0,2068.92578125,2378.0,19.63512059500499
676,0.5856763124465942,1162.1180757135153,0.0,2068.92578125,2378.0,19.66402388800634
677,0.5146847367286682,1248.6015614420176,0.0,2068.92578125,2378.0,19.692933839003672
678,0.9573822617530823,1832.3609164506197,0.0,2068.92578125,2378.0,19.72206924400234
679,1.024399757385254,1799.4422767460346,0.0,2068.92578125,2378.0,19.750913245006814
680,0.32543137669563293,1247.565138965845,0.0,2068.92578125,2378.0,19.77995199500583
681,0.35333773493766785,1068.1875353902578,0.0,2068.92578125,2378.0,19.809025908994954
682,0.2749979794025421,404.86441846191883,0.0,2068.92578125,2378.0,19.838047469995217
683,0.568619966506958,961.6083811223507,0.0,2068.92578125,2378.0,19.867257642996265
684,0.22662654519081116,1114.5600520148873,0.0,2068.92578125,2378.0,19.896275056002196
685,0.5844175815582275,1125.578104801476,0.0,2068.92578125,2378.0,19.92534075799631
686,0.2699439525604248,1055.270303338766,0.0,2068.92578125,2378.0,19.954361705997144
687,0.5555220246315002,765.8631042614579,0.0,2068.92578125,2378.0,19.983317011006875
688,0.27332720160484314,291.1128533575684,0.0,2068.92578125,2378.0,20.012369229996693
689,0.23240020871162415,464.35132279992104,0.0,2068.92578125,2378.0,20.04181732199504
690,0.7707492113113403,1938.0558851957321,0.0,2068.92578125,2378.0,20.070991947999573
691,0.5073471665382385,1165.237152054906,0.0,2068.92578125,2378.0,20.100081684999168
692,0.6350680589675903,1415.780636653304,0.0,2068.92578125,2378.0,20.129277405008906
693,0.6855810880661011,1499.6476176530123,0.0,2068.92578125,2378.0,20.158273856999585
694,0.3139974772930145,966.705844193697,0.0,2068.92578125,2378.0,20.187228230002802
695,0.35362327098846436,733.3003516867757,0.0,2068.92578125,2378.0,20.216191322004306
696,0.22858838737010956,895.0858746618032,0.0,2068.92578125,2378.0,20.245230408007046
697,0.2690829634666443,584.6449450403452,0.0,2068.92578125,2378.0,20.274197753999033
698,0.9828787446022034,1522.941790305078,0.0,2068.92578125,2378.0,20.30310349400679
699,0.2847294807434082,377.1975588630885,0.0,2068.92578125,2378.0,20.33219961800205
700,0.3201620876789093,867.5179124027491,0.0,2068.92578125,2378.0,20.36123958900862
701,0.6678578853607178,1082.072924129665,0.0,2068.92578125,2378.0,20.390985985999578
702,0.3436117172241211,1071.9919722154737,0.0,2068.92578125,2378.0,20.419986937005888
703,0.31076398491859436,1233.1933380812407,0.0,2068.92578125,2378.0,20.44897417500033
704,0.6600021719932556,806.4153650477529,0.0,2068.92578125,2378.0,20.4779483530001
705,0.7806531190872192,994.2679817676544,0.0,2068.92578125,2378.0,20.506878508007503
706,0.20273926854133606,1024.3565736860037,0.0,2068.92578125,2378.0,20.535834712994983
707,0.49716854095458984,1488.2476457506418,0.0,2068.92578125,2378.0,20.564784055008204
708,0.9006175994873047,1992.2600252628326,0.0,2068.92578125,2378.0,20.593705801002216
709,0.3967072069644928,1558.4235383570194,0.0,2068.92578125,2378.0,20.62226620700676
710,0.22693262994289398,594.6159799657762,0.0,2068.92578125,2378.0,20.65159242899972
711,0.2672487795352936,748.1856918781996,0.0,2068.92578125,2378.0,20.68075559999852
712,0.18669304251670837,555.8530237525702,0.0,2068.92578125,2378.0,20.709905188996345
713,0.2445078194141388,499.4753570705652,0.0,2068.92578125,2378.0,20.738928246995783
714,2.0741941928863525,3095.0946776270866,0.0,2068.92578125,2378.0,20.767913371004397
715,0.5847394466400146,5541.511197805405,0.0,2068.92578125,2378.0,20.796801596006844
716,0.37734106183052063,1172.5885792076588,0.0,2068.92578125,2378.0,20.82585683099751
717,0.44740456342697144,1093.343916863203,0.0,2068.92578125,2378.0,20.855104702000972
718,0.26553040742874146,747.9532175958157,0.0,2068.92578125,2378.0,20.884133736995864
719,0.31224748492240906,825.071588486433,0.0,2068.92578125,2378.0,20.913396681004087
720,0.8625931739807129,2621.64517621696,0.0,2068.92578125,2378.0,20.94233460300893
721,0.6933630704879761,1603.8155510276556,0.0,2068.92578125,2378.0,20.971436870997422
722,0.43929994106292725,1082.7500631958246,0.0,2068.92578125,2378.0,21.00008912899648
723,0.688628613948822,6859.199547290802,0.0,2068.92578125,2378.0,21.028962976997718
724,0.3709871470928192,1235.2454546242952,0.0,2068.92578125,2378.0,21.058005377999507
725,0.5008093118667603,2781.3859845995903,0.0,2068.92578125,2378.0,21.08708277900587
726,1.1086457967758179,6621.647547960281,0.0,2068.92578125,2378.0,21.11600836100115
727,1.5418939590454102,4828.640196382999,0.0,2068.92578125,2378.0,21.144844976995955
728,1.9119720458984375,10335.613665819168,0.0,2068.92578125,2378.0,21.17413094600488
729,0.5315501093864441,20692.896087884903,0.0,2068.92578125,2378.0,21.203088056994602
730,1.6087069511413574,3493.847782790661,0.0,2068.92578125,2378.0,21.231869459006703
731,0.7299426198005676,2508.2728530168533,0.0,2068.92578125,2378.0,21.260873599007027
732,0.45616742968559265,1709.8106548786163,0.0,2068.92578125,2378.0,21.28981771299732
733,0.8813998699188232,2195.107016772032,0.0,2068.92578125,2378.0,21.318809276999673
734,0.7323519587516785,2004.38390904665,0.0,2068.92578125,2378.0,21.347915360005572
735,0.4450933039188385,1675.4537944495678,0.0,2068.92578125,2378.0,21.377121757002897
736,0.8106549978256226,1925.7132426202297,0.0,2068.92578125,2378.0,21.406053831000463
737,0.9349501729011536,3414.1231328248978,0.0,2068.92578125,2378.0,21.435456292994786
738,0.9233393669128418,1772.20607714355,0.0,2068.92578125,2378.0,21.46449564100476
739,0.5023313164710999,2549.2014267742634,0.0,2068.92578125,2378.0,21.493576242995914
740,0.4386616349220276,1760.2009290456772,0.0,2068.92578125,2378.0,21.522625028999755
741,0.4441738724708557,955.5675413906574,0.0,2068.92578125,2378.0,21.55158823300735
742,0.6555895209312439,3875.6475863456726,0.0,2068.92578125,2378.0,21.580645876005292
743,0.4303874969482422,1144.8722683936357,0.0,2068.92578125,2378.0,21.609734187004506
744,0.4669595956802368,1367.5150411128998,0.0,2068.92578125,2378.0,21.638761719004833
745,0.3456624746322632,2478.5055255293846,0.0,2068.92578125,2378.0,21.667798524998943
746,0.38278859853744507,1912.1135482490063,0.0,2068.92578125,2378.0,21.697225081006764
747,0.42286425828933716,1342.9949864149094,0.0,2068.92578125,2378.0,21.726331655008835
748,0.8851067423820496,1523.9010424911976,0.0,2068.92578125,2378.0,21.755407902004663
749,0.3884243965148926,1620.1500308513641,0.0,2068.92578125,2378.0,21.78451469700667
750,0.7455959320068359,1619.282676383853,0.0,2068.92578125,2378.0,21.813588592005544
751,0.6760937571525574,1570.2006393373013,0.0,2068.92578125,2378.0,21.84266174500226
752,0.33080607652664185,1590.397339016199,0.0,2068.92578125,2378.0,21.871734814005322
753,0.8260575532913208,2089.6175451278687,0.0,2068.92578125,2378.0,21.90083995500754
754,0.8265267610549927,2162.322762429714,0.0,2068.92578125,2378.0,21.930116614996223
755,0.6101903915405273,1565.003237426281,0.0,2068.92578125,2378.0,21.959534377005184
756,0.7876614332199097,2037.1884336471558,0.0,2068.92578125,2378.0,21.988616613001795
757,0.3816308379173279,1401.7012023329735,0.0,2068.92578125,2378.0,22.017736672001774
758,0.3318183720111847,810.8341880962253,0.0,2068.92578125,2378.0,22.047503752997727
759,1.5747268199920654,2195.21899369359,0.0,2068.92578125,2378.0,22.076812372004497
760,0.2389751374721527,752.3367332369089,0.0,2068.92578125,2378.0,22.106159870003466
761,0.3540387451648712,781.1675993800163,0.0,2068.92578125,2378.0,22.1353499609977
762,0.6259678602218628,1545.7501991987228,0.0,2068.92578125,2378.0,22.16433092999796
763,0.2588493525981903,838.827948153019,0.0,2068.92578125,2378.0,22.193371518005733
764,0.8144029378890991,1010.3156840577722,0.0,2068.92578125,2378.0,22.222707370005082
765,0.7414823770523071,2002.625583410263,0.0,2068.92578125,2378.0,22.251704294001684
766,0.38440054655075073,1208.3348221331835,0.0,2068.92578125,2378.0,22.280785053008003
767,1.3089075088500977,2079.6009134948254,0.0,2068.92578125,2378.0,22.30969435600855
768,0.729000449180603,2378.0563858151436,0.0,2068.92578125,2378.0,22.338786218999303
769,0.2067364752292633,656.9578756913543,0.0,2068.92578125,2378.0,22.367936035007006
770,0.6607820987701416,1807.360858336091,0.0,2068.92578125,2378.0,22.396873869001865
771,0.307674765586853,893.6903498917818,0.0,2068.92578125,2378.0,22.426062152997474
772,1.2403289079666138,2985.953011840582,0.0,2068.92578125,2378.0,22.4551570170006
773,0.2996784448623657,712.2198877260089,0.0,2068.92578125,2378.0,22.484526928004925
774,1.041863203048706,1980.4274527579546,0.0,2068.92578125,2378.0,22.513547936003306
775,0.21734440326690674,704.4073243737221,0.0,2068.92578125,2378.0,22.542558542001643
776,0.2713509798049927,666.0240270197392,0.0,2068.92578125,2378.0,22.571622242001467
777,0.1971668303012848,637.4683330655098,0.0,2068.92578125,2378.0,22.600671236999915
778,0.929084062576294,2146.66895198822,0.0,2068.92578125,2378.0,22.629712506008218
779,0.2823805809020996,880.2117271795869,0.0,2068.92578125,2378.0,22.65865861000202
780,0.2396148145198822,444.0660509839654,0.0,2068.92578125,2378.0,22.687692927007447
781,0.21126201748847961,941.4497898817062,0.0,2068.92578125,2378.0,22.716758669004776
782,0.27584850788116455,764.4156117737293,0.0,2068.92578125,2378.0,22.746123193006497
783,0.3436506390571594,789.8373927772045,0.0,2068.92578125,2378.0,22.775155181996524
784,0.7193281054496765,1516.5284848213196,0.0,2068.92578125,2378.0,22.80417972500436
785,0.7417867183685303,1369.4595162644982,0.0,2068.92578125,2378.0,22.83321803799481
786,0.5655036568641663,847.0643222332001,0.0,2068.92578125,2378.0,22.862438241994823
787,0.5102412700653076,1193.0198672637343,0.0,2068.92578125,2378.0,22.891516143004992
788,0.3416934907436371,636.3296333029866,0.0,2068.92578125,2378.0,22.920606152998516
789,0.446773886680603,787.1768717244267,0.0,2068.92578125,2378.0,22.94956794999598
790,0.7183727025985718,1477.4738742411137,0.0,2068.92578125,2378.0,22.978618802997516
791,0.28541529178619385,422.5787503682077,0.0,2068.92578125,2378.0,23.007964749005623
792,0.9199784994125366,1860.1537909507751,0.0,2068.92578125,2378.0,23.037060845002998
793,0.19240380823612213,637.2981058880687,0.0,2068.92578125,2378.0,23.06625118300144
794,0.34478113055229187,1413.453660517931,0.0,2068.92578125,2378.0,23.095331964999787
795,0.30320626497268677,580.4359714351594,0.0,2068.92578125,2378.0,23.124445745997946
796,0.6922958493232727,5090.884939789772,0.0,2068.92578125,2378.0,23.15352200200141
797,0.44063517451286316,2038.8409857451916,0.0,2068.92578125,2378.0,23.182566589995986
798,0.7125827670097351,1362.6907343417406,0.0,2068.92578125,2378.0,23.21175825300452
799,0.28840455412864685,1644.2902465462685,0.0,2068.92578125,2378.0,23.240825340006268
800,0.3372437655925751,1339.9000241458416,0.0,2068.92578125,2378.0,23.270262555000954
801,0.2565724849700928,1003.270923614502,0.0,2068.92578125,2378.0,23.299571776995435
802,0.2953164875507355,3369.19372433424,0.0,2068.92578125,2378.0,23.328646698995726
803,0.6700161695480347,979.8497925400734,0.0,2068.92578125,2378.0,23.35765962699952
804,0.35168254375457764,641.880958430469,0.0,2068.92578125,2378.0,23.38684964699496
805,0.5465391874313354,1366.955663740635,0.0,2068.92578125,2378.0,23.415884528003517
806,0.5774188041687012,2083.857502669096,0.0,2068.92578125,2378.0,23.444915418003802
807,0.34570127725601196,895.127554833889,0.0,2068.92578125,2378.0,23.473966357007157
808,0.6165206432342529,7946.171964585781,0.0,2068.92578125,2378.0,23.502937715005828
809,0.3137359321117401,783.56110920012,0.0,2068.92578125,2378.0,23.53236563100654
810,1.0528830289840698,1635.6842370852828,0.0,2068.92578125,2378.0,23.561329850999755
811,0.38331952691078186,1174.0765784084797,0.0,2068.92578125,2378.0,23.590917294000974
812,0.635094940662384,1690.7790265977383,0.0,2068.92578125,2378.0,23.62000115700357
813,0.2466808557510376,641.6037125810981,0.0,2068.92578125,2378.0,23.649037306997343
814,0.2171967327594757,524.5460306853056,0.0,2068.92578125,2378.0,23.6780406540056
815,0.3263160288333893,553.6595562770963,0.0,2068.92578125,2378.0,23.707158728997456
816,0.6179132461547852,1611.5918015912175,0.0,2068.92578125,2378.0,23.736317568997038
817,0.5588476657867432,1025.234756834805,0.0,2068.92578125,2378.0,23.765458303998457
818,0.6850331425666809,2099.7693692594767,0.0,2068.92578125,2378.0,23.794732544003637
819,0.21423132717609406,589.1948430985212,0.0,2068.92578125,2378.0,23.823853291003616
820,0.5796326994895935,1268.8601661473513,0.0,2068.92578125,2378.0,23.85308424300456
821,0.30673474073410034,568.0329098626971,0.0,2068.92578125,2378.0,23.8822497259971
822,0.7625669240951538,1664.6039865761995,0.0,2068.92578125,2378.0,23.91128072500578
823,0.2210942804813385,364.02428798377514,0.0,2068.92578125,2378.0,23.940319194007316
824,0.4905087947845459,1373.9144056662917,0.0,2068.92578125,2378.0,23.96947936300421
825,0.19973403215408325,305.88926518149674,0.0,2068.92578125,2378.0,23.998554485995555
826,0.4627777338027954,1193.5150583311915,0.0,2068.92578125,2378.0,24.027805917008664
827,0.2801835834980011,610.6667870804667,0.0,2068.92578125,2378.0,24.057592992001446
828,1.2229081392288208,1874.4824398756027,0.0,2068.92578125,2378.0,24.086604374999297
829,0.6654195189476013,1173.3419673219323,0.0,2068.92578125,2378.0,24.115610723005375
830,0.7216994762420654,1470.4841917306185,0.0,2068.92578125,2378.0,24.14457337500062
831,0.27921682596206665,547.7608821392059,0.0,2068.92578125,2378.0,24.17369879000762
832,0.6451753377914429,1736.5047053992748,0.0,2068.92578125,2378.0,24.202856920004706
833,0.28633415699005127,473.0748106613755,0.0,2068.92578125,2378.0,24.231875205005053
834,0.24038073420524597,288.10220309346914,0.0,2068.92578125,2378.0,24.26094663400727
835,0.29811960458755493,1049.9177917689085,0.0,2068.92578125,2378.0,24.290032926001004
836,0.19128373265266418,625.4833412133157,0.0,2068.92578125,2378.0,24.319375360006234
837,0.3069046437740326,674.530351229012,0.0,2068.92578125,2378.0,24.348729197998182
838,0.6209162473678589,1081.1936078444123,0.0,2068.92578125,2378.0,24.378245840998716
839,0.3240883946418762,374.1191284954548,0.0,2068.92578125,2378.0,24.407358532000217
840,1.2409942150115967,2643.4752074182034,0.0,2068.92578125,2378.0,24.4364497790084
841,0.3064921796321869,242.76503339223564,0.0,2068.92578125,2378.0,24.465505715998006
842,0.8735852837562561,1508.62454380095,0.0,2068.92578125,2378.0,24.494607205997454
843,0.3019440472126007,418.16611817479134,0.0,2068.92578125,2378.0,24.523715236005955
844,0.2744056284427643,391.2950714305043,0.0,2068.92578125,2378.0,24.55283432500437
845,0.16085124015808105,674.6736252903938,0.0,2068.92578125,2378.0,24.582210485998075
846,1.2030515670776367,1615.1573761850595,0.0,2068.92578125,2378.0,24.61118853899825
847,0.24272778630256653,392.3120716549456,0.0,2068.92578125,2378.0,24.64020428499498
848,0.4360730051994324,1351.8025219216943,0.0,2068.92578125,2378.0,24.669167744999868
849,0.3095662593841553,629.0937339663506,0.0,2068.92578125,2378.0,24.698252387999673
850,0.21128052473068237,598.4705806300044,0.0,2068.92578125,2378.0,24.727342372003477
851,0.17601199448108673,235.2372309975326,0.0,2068.92578125,2378.0,24.756355567005812
852,0.646151602268219,1382.7950135171413,0.0,2068.92578125,2378.0,24.785334421001608
853,0.5590180158615112,1510.4139214456081,0.0,2068.92578125,2378.0,24.814100235002115
854,0.2283579558134079,236.20689281262457,0.0,2068.92578125,2378.0,24.84347592400445
855,0.20843665301799774,440.94197035580873,0.0,2068.92578125,2378.0,24.872602135001216
856,0.4724175035953522,1151.8803302049637,0.0,2068.92578125,2378.0,24.90165198899922
857,0.8747532367706299,1187.4639556109905,0.0,2068.92578125,2378.0,24.930734148001648
858,1.1867399215698242,2431.252201974392,0.0,2068.92578125,2378.0,24.959794882001006
859,0.25800901651382446,667.5622453689575,0.0,2068.92578125,2378.0,24.988792627002113
860,0.20179742574691772,152.1075731711462,0.0,2068.92578125,2378.0,25.017875261997688
861,0.5972319841384888,548.1929542832077,0.0,2068.92578125,2378.0,25.046862094997778
862,0.6673622131347656,1458.708163678646,0.0,2068.92578125,2378.0,25.075870264001423
863,0.5733261108398438,1611.949405938387,0.0,2068.92578125,2378.0,25.105216511001345
864,0.20379289984703064,514.9188254699111,0.0,2068.92578125,2378.0,25.134247238995158
865,0.6285578012466431,1105.8444575816393,0.0,2068.92578125,2378.0,25.163350080008968
866,0.7107983231544495,1451.296819254756,0.0,2068.92578125,2378.0,25.19236289600667
867,0.7639709711074829,2951.7310729026794,0.0,2068.92578125,2378.0,25.22161732900713
868,0.23026186227798462,707.65411272645,0.0,2068.92578125,2378.0,25.25064174599538
869,0.5831998586654663,1227.4377101361752,0.0,2068.92578125,2378.0,25.27968421600235
870,0.8775235414505005,1392.1496360301971,0.0,2068.92578125,2378.0,25.30874344499898
871,0.28442081809043884,317.33143342100084,0.0,2068.92578125,2378.0,25.33780353500333
872,0.22796934843063354,516.5591592788696,0.0,2068.92578125,2378.0,25.36726002600335
873,0.544847309589386,1334.2091073095798,0.0,2068.92578125,2378.0,25.396365188003983
874,0.4276283383369446,1184.377810522914,0.0,2068.92578125,2378.0,25.42536933699739
875,0.4580707848072052,1175.0202321708202,0.0,2068.92578125,2378.0,25.454479316002107
876,1.1443662643432617,1834.8059166967869,0.0,2068.92578125,2378.0,25.48362452800211
877,0.2408997267484665,266.23527286201715,0.0,2068.92578125,2378.0,25.512761182006216
878,0.39905062317848206,835.935869127512,0.0,2068.92578125,2378.0,25.54190071100311
879,0.7466144561767578,976.5294258743525,0.0,2068.92578125,2378.0,25.570957142001134
880,0.36252185702323914,2242.1108660697937,0.0,2068.92578125,2378.0,25.599985488006496
881,0.3343508839607239,713.8792029172182,0.0,2068.92578125,2378.0,25.629359343001852
882,0.22502195835113525,754.4485911726952,0.0,2068.92578125,2378.0,25.65848362300312
883,0.7171775102615356,1938.1560166478157,0.0,2068.92578125,2378.0,25.687506479007425
884,0.2553772032260895,533.7040406540036,0.0,2068.92578125,2378.0,25.71661419700831
885,0.4057082235813141,890.1449354737997,0.0,2068.92578125,2378.0,25.7453091339994
886,1.0075231790542603,3483.292508214712,0.0,2068.92578125,2378.0,25.774323011006345
887,0.8280059695243835,2231.6991083323956,0.0,2068.92578125,2378.0,25.80337921300088
888,0.2623000144958496,594.042456291616,0.0,2068.92578125,2378.0,25.832381828004145
889,0.3949901759624481,1396.5654330849648,0.0,2068.92578125,2378.0,25.861479800994857
890,0.23929361999034882,219.6117456946522,0.0,2068.92578125,2378.0,25.89079090800078
891,0.7310242652893066,1923.2780657410622,0.0,2068.92578125,2378.0,25.919893002996105
892,0.24532832205295563,451.0804572664201,0.0,2068.92578125,2378.0,25.94891660400026
893,0.28662776947021484,470.89028791338205,0.0,2068.92578125,2378.0,25.97792595300416
894,0.8294907212257385,2581.3638385534286,0.0,2068.92578125,2378.0,26.00696015599533
895,0.301867812871933,445.14853412285447,0.0,2068.92578125,2378.0,26.035971217002952
896,0.24689890444278717,397.72924538329244,0.0,2068.92578125,2378.0,26.06504876499821
897,0.1814548671245575,678.3760601133108,0.0,2068.92578125,2378.0,26.094117219996406
898,0.2933668792247772,502.50977785885334,0.0,2068.92578125,2378.0,26.123246012997697
899,0.21647363901138306,592.9750215783715,0.0,2068.92578125,2378.0,26.152691980998497
900,0.22709260880947113,338.12739768624306,0.0,2068.92578125,2378.0,26.18174638900382
901,1.010138988494873,2868.562131524086,0.0,2068.92578125,2378.0,26.211286361998646
902,0.24700309336185455,303.15777011215687,0.0,2068.92578125,2378.0,26.240358725000988
903,0.21865466237068176,465.2727273926139,0.0,2068.92578125,2378.0,26.269441330005066
904,0.366605281829834,758.583798699081,0.0,2068.92578125,2378.0,26.298182386002736
905,0.7568524479866028,1714.5254239216447,0.0,2068.92578125,2378.0,26.326794677996077
906,0.50412917137146,868.8732532672584,0.0,2068.92578125,2378.0,26.356045395004912
907,0.3485611081123352,920.055919855833,0.0,2068.92578125,2378.0,26.385239626004477
908,0.7187744379043579,1103.1195822060108,0.0,2068.92578125,2378.0,26.41450167799485
909,0.9197908639907837,1566.5610824674368,0.0,2068.92578125,2378.0,26.443485905998386
910,0.28681856393814087,470.4352501668036,0.0,2068.92578125,2378.0,26.472629415002302
911,0.322407066822052,406.05666349083185,0.0,2068.92578125,2378.0,26.501774192001903
912,1.2369296550750732,1629.702319264412,0.0,2068.92578125,2378.0,26.530786660005106
913,0.23525941371917725,175.70905147120357,0.0,2068.92578125,2378.0,26.55985951400362
914,0.24677231907844543,459.870367616415,0.0,2068.92578125,2378.0,26.58881431199552
915,0.7238991260528564,1203.690947972238,0.0,2068.92578125,2378.0,26.617953854001826
916,0.5544546842575073,1102.7067776620388,0.0,2068.92578125,2378.0,26.646885857000598
917,0.27011969685554504,262.46940869279206,0.0,2068.92578125,2378.0,26.676179403002607
918,0.2804020643234253,430.6251434609294,0.0,2068.92578125,2378.0,26.705278401001124
919,0.22302500903606415,299.80386535078287,0.0,2068.92578125,2378.0,26.734328778999043
920,0.5907845497131348,1089.8168537393212,0.0,2068.92578125,2378.0,26.76343273400562
921,0.5026391744613647,1813.8873551785946,0.0,2068.92578125,2378.0,26.792293285994674
922,0.13445432484149933,508.21314959973097,0.0,2068.92578125,2378.0,26.82153930500499
923,0.43536698818206787,1108.7955325171351,0.0,2068.92578125,2378.0,26.85060109400365
924,0.2256724238395691,633.9029546752572,0.0,2068.92578125,2378.0,26.879983847000403
925,0.5342792272567749,1266.9747630134225,0.0,2068.92578125,2378.0,26.909089149005013
926,0.1768644005060196,355.08087475039065,0.0,2068.92578125,2378.0,26.93850050000765
927,0.26479220390319824,766.2615934163332,0.0,2068.92578125,2378.0,26.96759572099836
928,0.9515438675880432,1348.107480674982,0.0,2068.92578125,2378.0,26.996556868994958
929,0.3932986855506897,840.840513907373,0.0,2068.92578125,2378.0,27.025617309001973
930,0.46208512783050537,1059.145484983921,0.0,2068.92578125,2378.0,27.05472749999899
931,0.22684168815612793,256.14120897836983,0.0,2068.92578125,2378.0,27.08377922499494
932,0.3175581693649292,472.5005868896842,0.0,2068.92578125,2378.0,27.112867803996778
933,0.48689961433410645,1067.9032321721315,0.0,2068.92578125,2378.0,27.14204361999873
934,0.27887678146362305,597.9916671663523,0.0,2068.92578125,2378.0,27.171246243000496
935,0.25776439905166626,856.4323770403862,0.0,2068.92578125,2378.0,27.200705354000092
936,0.27733051776885986,5862.359585523605,0.0,2068.92578125,2378.0,27.229807882002206
937,0.2791723608970642,336.0077458806336,0.0,2068.92578125,2378.0,27.25888311699964
938,0.24605077505111694,629.2983176633716,0.0,2068.92578125,2378.0,27.288004873000318
939,1.109933853149414,1939.187498897314,0.0,2068.92578125,2378.0,27.317242528006318
940,0.39123719930648804,1657.0429244190454,0.0,2068.92578125,2378.0,27.346352997003123
941,0.55034339427948,1910.0213563740253,0.0,2068.92578125,2378.0,27.375625051994575
942,0.3378121256828308,779.5627985298634,0.0,2068.92578125,2378.0,27.40481586199894
943,0.5715957283973694,993.3518702462316,0.0,2068.92578125,2378.0,27.433757994003827
944,0.15808343887329102,693.3563352674246,0.0,2068.92578125,2378.0,27.46317477199773
945,0.36974287033081055,3985.71905374527,0.0,2068.92578125,2378.0,27.492320983001264
946,0.24738913774490356,640.238418892026,0.0,2068.92578125,2378.0,27.521444316997076
947,0.8245481848716736,2160.34928534925,0.0,2068.92578125,2378.0,27.550541859003715
948,0.20762738585472107,928.1075547039509,0.0,2068.92578125,2378.0,27.579694724001456
949,0.3065709173679352,1135.4878166615963,0.0,2068.92578125,2378.0,27.609033654996892
950,0.5958460569381714,1533.6664683148265,0.0,2068.92578125,2378.0,27.63791733799735
951,0.496428906917572,1895.8228391706944,0.0,2068.92578125,2378.0,27.66713338800764
952,0.29465097188949585,831.680450476706,0.0,2068.92578125,2378.0,27.69626081599563
953,0.3414385914802551,978.475723579526,0.0,2068.92578125,2378.0,27.725835100995027
954,0.40161505341529846,1007.1162789389491,0.0,2068.92578125,2378.0,27.75494329999492
955,0.2843264043331146,987.7401421368122,0.0,2068.92578125,2378.0,27.784012614007224
956,0.31239452958106995,1129.760273322463,0.0,2068.92578125,2378.0,27.813062454995816
957,0.9519217014312744,2129.7935265898705,0.0,2068.92578125,2378.0,27.842207869995036
958,0.25822561979293823,741.8533111810684,0.0,2068.92578125,2378.0,27.87140316600562
959,0.274699330329895,735.6043733507395,0.0,2068.92578125,2378.0,27.90066195500549
960,0.3381549119949341,733.5993779450655,0.0,2068.92578125,2378.0,27.929808073997265
961,0.27444034814834595,812.013168618083,0.0,2068.92578125,2378.0,27.95885746499698
962,0.6215310096740723,1512.3123239278793,0.0,2068.92578125,2378.0,27.98819456700585
963,0.30526506900787354,683.4511218443513,0.0,2068.92578125,2378.0,28.017306377005298
964,0.43020397424697876,1174.7675294205546,0.0,2068.92578125,2378.0,28.047112932996242
965,0.32473260164260864,547.5425528995693,0.0,2068.92578125,2378.0,28.076355348996003
966,0.32125693559646606,951.8905947953463,0.0,2068.92578125,2378.0,28.10542563200579
967,0.29319265484809875,317.95415218919516,0.0,2068.92578125,2378.0,28.13454539999657
968,0.28282010555267334,380.42998338863254,0.0,2068.92578125,2378.0,28.163543332004338
969,0.15008912980556488,673.7962206378579,0.0,2068.92578125,2378.0,28.19256387000496
970,0.3230346441268921,298.0999006293714,0.0,2068.92578125,2378.0,28.222752286004834
971,1.606614351272583,5093.418177127838,0.0,2068.92578125,2378.0,28.253413978003664
972,0.21749237179756165,672.2538399100304,0.0,2068.92578125,2378.0,28.283231278008316
973,0.44839683175086975,1202.4570720344782,0.0,2068.92578125,2378.0,28.312448687996948
974,0.2521165907382965,718.3946090266109,0.0,2068.92578125,2378.0,28.341582815002766
975,0.3323623239994049,632.6310795024037,0.0,2068.92578125,2378.0,28.37089338300575
976,0.31993740797042847,651.5676605552435,0.0,2068.92578125,2378.0,28.400080920007895
977,0.2930167019367218,542.5086835473776,0.0,2068.92578125,2378.0,28.429165747002116
978,0.20576344430446625,655.7213173136115,0.0,2068.92578125,2378.0,28.458468081997125
979,0.2069956660270691,463.0706477314234,0.0,2068.92578125,2378.0,28.48755178900319
980,0.37943214178085327,1080.0557515919209,0.0,2068.92578125,2378.0,28.51697355399665
981,0.2810783386230469,250.926312783733,0.0,2068.92578125,2378.0,28.546060791995842
982,0.17356416583061218,577.252658367157,0.0,2068.92578125,2378.0,28.57507798000006
983,1.0639469623565674,1924.7671857327223,0.0,2068.92578125,2378.0,28.604271814008825
984,0.6437013149261475,1542.5632969737053,0.0,2068.92578125,2378.0,28.63333559500461
985,0.22885094583034515,516.7293494492769,0.0,2068.92578125,2378.0,28.662470965995453
986,0.13537544012069702,355.7149741463363,0.0,2068.92578125,2378.0,28.69143391000398
987,0.30409929156303406,866.6562311947346,0.0,2068.92578125,2378.0,28.72060084900295
988,0.4657876491546631,1813.2190962731838,0.0,2068.92578125,2378.0,28.749248264997732
989,0.4658256471157074,1312.8767050206661,0.0,2068.92578125,2378.0,28.77856425799837
990,0.20158208906650543,323.28274025954306,0.0,2068.92578125,2378.0,28.80760649399599
991,1.160422682762146,1983.4651785641909,0.0,2068.92578125,2378.0,28.836774613999296
992,0.3189302086830139,666.5097541436553,0.0,2068.92578125,2378.0,28.86597917000472
993,0.26529788970947266,688.4374254196882,0.0,2068.92578125,2378.0,28.895214518008288
994,0.6513243913650513,981.4942430183291,0.0,2068.92578125,2378.0,28.924195109007997
995,0.5722435712814331,1090.739743515849,0.0,2068.92578125,2378.0,28.953223256001365
996,0.26388415694236755,858.0227015316486,0.0,2068.92578125,2378.0,28.982313800996053
997,0.36095908284187317,2158.8356778025627,0.0,2068.92578125,2378.0,29.011296520999167
998,0.20836013555526733,813.3413896560669,0.0,2068.92578125,2378.0,29.040698570999666
999,0.21512575447559357,568.6705486178398,0.0,2068.92578125,2378.0,29.069823999001528
1000,0.17369264364242554,377.73713661544025,0.0,2068.92578125,2378.0,29.099151856004028
1001,1.5545731782913208,2616.024500668049,0.0,2503.6240234375,3476.0,30.072508206998464
1002,0.287840873003006,709.4400956630707,0.0,2503.6240234375,3476.0,30.10306828400644
1003,0.2899995446205139,509.657890625298,0.0,2503.6240234375,3476.0,30.132640145006008
1004,0.27970296144485474,773.2799070999026,0.0,2503.6240234375,3476.0,30.16280263599765
1005,0.18108658492565155,418.4997943788767,0.0,2503.6240234375,3476.0,30.19239261400071
1006,0.21370798349380493,228.24045047536492,0.0,2503.6240234375,3476.0,30.222084029999678
1007,0.8412085771560669,2022.4098858386278,0.0,2503.6240234375,3476.0,30.25159512400569
1008,0.7203953266143799,1625.6709221601486,0.0,2503.6240234375,3476.0,30.28184581399546
1009,0.14988268911838531,209.24312093481421,0.0,2503.6240234375,3476.0,30.311686029002885
1010,0.26532799005508423,666.7874078899622,0.0,2503.6240234375,3476.0,30.34209010300401
1011,0.3750606179237366,1396.0676987171173,0.0,2503.6240234375,3476.0,30.375221431007958
1012,0.2503320276737213,411.98582146316767,0.0,2503.6240234375,3476.0,30.40488446400559
1013,0.6089290976524353,1269.8059788942337,0.0,2503.6240234375,3476.0,30.43539383499592
1014,0.2262900471687317,324.693391084671,0.0,2503.6240234375,3476.0,30.46477941800549
1015,0.25168466567993164,824.1232364922762,0.0,2503.6240234375,3476.0,30.49426387400308
1016,0.23783622682094574,507.4011812247336,0.0,2503.6240234375,3476.0,30.523945843000547
1017,0.19565224647521973,429.77921648323536,0.0,2503.6240234375,3476.0,30.553845379006816
1018,0.542342483997345,1582.0208132714033,0.0,2503.6240234375,3476.0,30.583919568001875
1019,1.189566731452942,2665.1992943137884,0.0,2503.6240234375,3476.0,30.613564358005533
1020,0.31855612993240356,1367.0850138515234,0.0,2503.6240234375,3476.0,30.642774503008695
1021,0.2251386195421219,437.6862118244171,0.0,2503.6240234375,3476.0,30.671967248999863
1022,0.382700115442276,1365.305726274848,0.0,2503.6240234375,3476.0,30.702266039996175
1023,0.229543998837471,451.7641264349222,0.0,2503.6240234375,3476.0,30.732000706004328
1024,0.2689877152442932,471.7004623413086,0.0,2503.6240234375,3476.0,30.762841624004068
1025,0.5882518291473389,965.3668668493629,0.0,2503.6240234375,3476.0,30.79320915900462
1026,0.2720368504524231,551.1126708313823,0.0,2503.6240234375,3476.0,30.822651901005884
1027,0.5395986437797546,1247.0382838100195,0.0,2503.6240234375,3476.0,30.85336749399721
1028,0.3955351412296295,1042.3226585537195,0.0,2503.6240234375,3476.0,30.88262789500004
1029,0.22911453247070312,763.9155826792121,0.0,2503.6240234375,3476.0,30.911916170007316
1030,0.5711961388587952,1079.6651951521635,0.0,2503.6240234375,3476.0,30.94107076599903
1031,0.23123027384281158,598.025063443929,0.0,2503.6240234375,3476.0,30.970502259006025
1032,0.48828959465026855,1393.6396583765745,0.0,2503.6240234375,3476.0,30.99966946200584
1033,0.25017550587654114,367.4752058982849,0.0,2503.6240234375,3476.0,31.029639379004948
1034,0.2717244327068329,789.3013705387712,0.0,2503.6240234375,3476.0,31.06107034899469
1035,0.44734129309654236,998.4206057861447,0.0,2503.6240234375,3476.0,31.090688686002977
1036,0.22932294011116028,292.95328064262867,0.0,2503.6240234375,3476.0,31.11995199699595
1037,0.2521936893463135,211.48987746611238,0.0,2503.6240234375,3476.0,31.14909550800803
1038,0.7877312302589417,1381.6272373497486,0.0,2503.6240234375,3476.0,31.178279922998627
1039,0.30336734652519226,567.0672062039375,0.0,2503.6240234375,3476.0,31.20743055299681
1040,0.38601309061050415,1049.0153347998857,0.0,2503.6240234375,3476.0,31.236676517000888
1041,0.16416284441947937,748.3895687758923,0.0,2503.6240234375,3476.0,31.265806991999852
1042,0.162675142288208,314.87133585102856,0.0,2503.6240234375,3476.0,31.296332619007444
1043,0.4752774238586426,794.342462927103,0.0,2503.6240234375,3476.0,31.326561156005482
1044,0.12195707857608795,267.57236375659704,0.0,2503.6240234375,3476.0,31.35802614199929
1045,0.2302110493183136,864.938260897994,0.0,2503.6240234375,3476.0,31.38973182400514
1046,0.28381383419036865,373.3267256785184,0.0,2503.6240234375,3476.0,31.42015619900485
1047,0.4224228262901306,1184.2267705872655,0.0,2503.6240234375,3476.0,31.450411469006212
1048,0.1756199300289154,239.07213083840907,0.0,2503.6240234375,3476.0,31.480680831999052
1049,0.6355714201927185,1365.1069209724665,0.0,2503.6240234375,3476.0,31.51202443499642
1050,0.20606839656829834,227.85153599083424,0.0,2503.6240234375,3476.0,31.542258337998646
1051,0.11508187651634216,438.33171489834785,0.0,2503.6240234375,3476.0,31.571595670000534
1052,0.30543118715286255,285.7164242397994,0.0,2503.6240234375,3476.0,31.601657074003015
1053,0.38453489542007446,1066.558456543833,0.0,2503.6240234375,3476.0,31.631020346001606
1054,0.3347882926464081,745.0691255033016,0.0,2503.6240234375,3476.0,31.660734482007683
1055,0.6641420125961304,1679.5994639247656,0.0,2503.6240234375,3476.0,31.69028398199589
1056,0.3164318799972534,516.9086731113493,0.0,2503.6240234375,3476.0,31.719590523003717
1057,0.38320159912109375,1152.2580125182867,0.0,2503.6240234375,3476.0,31.748844469999312
1058,0.5696530342102051,880.5102410428226,0.0,2503.6240234375,3476.0,31.77790787500271
1059,0.3326166868209839,480.08052983134985,0.0,2503.6240234375,3476.0,31.807061957995757
1060,0.7450815439224243,1176.070970825851,0.0,2503.6240234375,3476.0,31.836342723006965
1061,0.5851383805274963,707.7925974056125,0.0,2503.6240234375,3476.0,31.865723208000418
1062,0.2549777328968048,586.0429034158587,0.0,2503.6240234375,3476.0,31.895632726998883
1063,0.4800034761428833,856.4906180873513,0.0,2503.6240234375,3476.0,31.926149310995243
1064,0.288114070892334,315.96611395291984,0.0,2503.6240234375,3476.0,31.956379505005316
1065,0.28422948718070984,577.0585059821606,0.0,2503.6240234375,3476.0,31.9858028650051
1066,0.4394392967224121,1185.9594073593616,0.0,2503.6240234375,3476.0,32.014577491005184
1067,0.3848036527633667,748.6254729032516,0.0,2503.6240234375,3476.0,32.044461101002526
1068,0.26703783869743347,232.72344836592674,0.0,2503.6240234375,3476.0,32.07393998000771
1069,0.1789151430130005,324.7700784727931,0.0,2503.6240234375,3476.0,32.10306677900371
1070,0.2769480347633362,287.24427266418934,0.0,2503.6240234375,3476.0,32.132599784003105
1071,0.23753121495246887,634.0922887027264,0.0,2503.6240234375,3476.0,32.16172131799976
1072,0.5291957855224609,1294.0017110854387,0.0,2503.6240234375,3476.0,32.19102721600211
1073,0.3529944121837616,900.933557510376,0.0,2503.6240234375,3476.0,32.220197032002034
1074,0.20449206233024597,653.2459252625704,0.0,2503.6240234375,3476.0,32.24926210900594
1075,0.5880309343338013,1101.5137701705098,0.0,2503.6240234375,3476.0,32.27825284100254
1076,0.20781707763671875,345.7135679796338,0.0,2503.6240234375,3476.0,32.307415357994614
1077,0.28745439648628235,424.2644474618137,0.0,2503.6240234375,3476.0,32.3365725879994
1078,0.7137681245803833,2176.010405421257,0.0,2503.6240234375,3476.0,32.36560652600019
1079,0.721494197845459,1550.9761599749327,0.0,2503.6240234375,3476.0,32.395081438997295
1080,0.28160279989242554,1380.6719169020653,0.0,2503.6240234375,3476.0,32.424442119008745
1081,0.5573578476905823,1321.820396065712,0.0,2503.6240234375,3476.0,32.45369565700821
1082,0.26722943782806396,435.88447500765324,0.0,2503.6240234375,3476.0,32.482746502006194
1083,0.3216911554336548,386.3135659210384,0.0,2503.6240234375,3476.0,32.51155195200408
1084,0.20110008120536804,472.0687794983387,0.0,2503.6240234375,3476.0,32.5408308479964
1085,0.22826704382896423,1098.4128708019853,0.0,2503.6240234375,3476.0,32.56997133200639
1086,0.45192164182662964,1220.6122955530882,0.0,2503.6240234375,3476.0,32.599153782008216
1087,0.23964175581932068,313.9269193895161,0.0,2503.6240234375,3476.0,32.628355230001034
1088,0.17393270134925842,234.02681562677026,0.0,2503.6240234375,3476.0,32.657801551002194
1089,0.24643826484680176,231.68350002914667,0.0,2503.6240234375,3476.0,32.687021767007536
1090,0.29521551728248596,708.6107994914055,0.0,2503.6240234375,3476.0,32.71574782799871
1091,0.18686643242835999,309.4788427427411,0.0,2503.6240234375,3476.0,32.74488386399753
1092,0.2320883572101593,604.9161261171103,0.0,2503.6240234375,3476.0,32.774077636000584
1093,0.7412572503089905,1171.6456178426743,0.0,2503.6240234375,3476.0,32.81326318900392
1094,0.17763061821460724,489.7303954809904,0.0,2503.6240234375,3476.0,32.84399475999817
1095,0.3166818618774414,476.99569214880466,0.0,2503.6240234375,3476.0,32.87324959100806
1096,0.6168105602264404,653.3074161782861,0.0,2503.6240234375,3476.0,32.90255712000362
1097,0.34363946318626404,568.2749933153391,0.0,2503.6240234375,3476.0,32.93200470399461
1098,0.5762628316879272,1558.9968222379684,0.0,2503.6240234375,3476.0,32.96122911499697
1099,0.6637662649154663,1456.352500140667,0.0,2503.6240234375,3476.0,32.99042619399552
1100,0.38970792293548584,947.6895245313644,0.0,2503.6240234375,3476.0,33.01961663500697
1101,0.4839107096195221,1298.2569325715303,0.0,2503.6240234375,3476.0,33.04898040399712
1102,0.546949028968811,991.9437827318907,0.0,2503.6240234375,3476.0,33.07808317099989
1103,0.2475169599056244,555.7637698724866,0.0,2503.6240234375,3476.0,33.1072294760088
1104,0.19871751964092255,561.569811090827,0.0,2503.6240234375,3476.0,33.136629636006546
1105,0.24969834089279175,324.3867708146572,0.0,2503.6240234375,3476.0,33.16586630800157
1106,0.1861792355775833,487.6270274743438,0.0,2503.6240234375,3476.0,33.19537248299457
1107,0.20761041343212128,448.9700320959091,0.0,2503.6240234375,3476.0,33.22472333900805
1108,0.2307346612215042,839.3247708529234,0.0,2503.6240234375,3476.0,33.25394976499956
1109,0.40024101734161377,763.3771606460214,0.0,2503.6240234375,3476.0,33.283214297000086
1110,0.674472987651825,1067.5416128337383,0.0,2503.6240234375,3476.0,33.3124901639967
1111,0.25219282507896423,438.2902930751443,0.0,2503.6240234375,3476.0,33.34174594300566
1112,0.28476381301879883,508.28959358483553,0.0,2503.6240234375,3476.0,33.370983173008426
1113,0.41063255071640015,769.6751071661711,0.0,2503.6240234375,3476.0,33.40042863499548
1114,0.21074387431144714,628.07760348171,0.0,2503.6240234375,3476.0,33.42981972399866
1115,0.3846265375614166,733.4593601748347,0.0,2503.6240234375,3476.0,33.459331556005054
1116,0.20996104180812836,274.1053364034742,0.0,2503.6240234375,3476.0,33.48860334500205
1117,0.704461932182312,2092.1019120812416,0.0,2503.6240234375,3476.0,33.51787240100384
1118,0.1956626921892166,567.9964392222464,0.0,2503.6240234375,3476.0,33.54721430099744
1119,0.3768295645713806,644.8150296211243,0.0,2503.6240234375,3476.0,33.576483562996145
1120,0.4064556956291199,861.6498365402222,0.0,2503.6240234375,3476.0,33.605748115995084
1121,0.16994525492191315,148.05029158014804,0.0,2503.6240234375,3476.0,33.63498697600153
1122,0.1110292300581932,349.2655738051981,0.0,2503.6240234375,3476.0,33.66414912600885
1123,0.531168520450592,1593.7089811116457,0.0,2503.6240234375,3476.0,33.69333454000298
1124,0.24948519468307495,206.57969975098968,0.0,2503.6240234375,3476.0,33.72295912000118
1125,0.22475065290927887,275.1549248844385,0.0,2503.6240234375,3476.0,33.75228763700579
1126,0.19386829435825348,202.1610873900354,0.0,2503.6240234375,3476.0,33.78151258800062
1127,0.2526727318763733,550.5421525649726,0.0,2503.6240234375,3476.0,33.81071843000245
1128,0.861899733543396,3020.25408577919,0.0,2503.6240234375,3476.0,33.839988142004586
1129,0.2910245656967163,1180.7659221217036,0.0,2503.6240234375,3476.0,33.86923143200693
1130,0.24284377694129944,315.40312190540135,0.0,2503.6240234375,3476.0,33.89850878500147
1131,0.2542295455932617,333.8456442281604,0.0,2503.6240234375,3476.0,33.927830683998764
1132,0.23186418414115906,849.8207296580076,0.0,2503.6240234375,3476.0,33.95694638299756
1133,0.5985303521156311,1364.5910404324532,0.0,2503.6240234375,3476.0,33.98643530999834
1134,0.2340044379234314,200.13833960331976,0.0,2503.6240234375,3476.0,34.015596654004185
1135,0.35224485397338867,445.04714461043477,0.0,2503.6240234375,3476.0,34.04535279099946
1136,0.32613998651504517,705.3907208144665,0.0,2503.6240234375,3476.0,34.07433008600492
1137,0.8007570505142212,1745.1823484301567,0.0,2503.6240234375,3476.0,34.10347319500579
1138,0.3024253845214844,1099.6980729550123,0.0,2503.6240234375,3476.0,34.13267762299802
1139,0.2291887402534485,255.88199190236628,0.0,2503.6240234375,3476.0,34.161858573002974
1140,0.6513751149177551,1607.2131727188826,0.0,2503.6240234375,3476.0,34.19106677900709
1141,0.2413492202758789,248.33438845723867,0.0,2503.6240234375,3476.0,34.222099238002556
1142,0.3577077388763428,820.1814924106002,0.0,2503.6240234375,3476.0,34.25199047100614
1143,0.30055153369903564,332.6958608292043,0.0,2503.6240234375,3476.0,34.281129736002185
1144,0.18180352449417114,190.02560444641858,0.0,2503.6240234375,3476.0,34.31021021300694
1145,0.6188960075378418,2275.0579529702663,0.0,2503.6240234375,3476.0,34.33931090999977
1146,0.2516748607158661,413.1584739461541,0.0,2503.6240234375,3476.0,34.368304496005294
1147,0.320220947265625,596.2910541817546,0.0,2503.6240234375,3476.0,34.3974629620061
1148,0.5393639206886292,569.4632057324052,0.0,2503.6240234375,3476.0,34.42653106000216
1149,0.4665434956550598,1048.5317389070988,0.0,2503.6240234375,3476.0,34.45552295699599
1150,0.2790963351726532,260.7930332031101,0.0,2503.6240234375,3476.0,34.48457603499992
1151,0.1953669935464859,672.9829446971416,0.0,2503.6240234375,3476.0,34.51375666400418
1152,0.8545090556144714,1396.3471246734262,0.0,2503.6240234375,3476.0,34.54281199700199
1153,0.49763962626457214,846.504371855408,0.0,2503.6240234375,3476.0,34.57186368900875
1154,0.2686866223812103,544.5608510971069,0.0,2503.6240234375,3476.0,34.600910904002376
1155,0.4511583745479584,813.9891212880611,0.0,2503.6240234375,3476.0,34.62984401099675
1156,0.48662710189819336,1024.3671674728394,0.0,2503.6240234375,3476.0,34.658790158995544
1157,0.5149432420730591,614.2267797738314,0.0,2503.6240234375,3476.0,34.68784120200144
1158,0.2033083438873291,594.4575103670359,0.0,2503.6240234375,3476.0,34.71685967499798
1159,0.3538396954536438,737.9614849388599,0.0,2503.6240234375,3476.0,34.74592277899501
1160,0.14421503245830536,205.3045045286417,0.0,2503.6240234375,3476.0,34.77527834200009
1161,0.3415188193321228,806.518433868885,0.0,2503.6240234375,3476.0,34.80423658200016
1162,0.28206878900527954,299.7639993876219,0.0,2503.6240234375,3476.0,34.8332501709956
1163,0.18930062651634216,300.60945246368647,0.0,2503.6240234375,3476.0,34.86234420200344
1164,0.29204481840133667,610.5613456070423,0.0,2503.6240234375,3476.0,34.891496796000865
1165,0.389562726020813,1882.2550448179245,0.0,2503.6240234375,3476.0,34.920675020999624
1166,0.2654988765716553,436.3218994475901,0.0,2503.6240234375,3476.0,34.949755228008144
1167,0.275387704372406,190.9835777953267,0.0,2503.6240234375,3476.0,34.978750808004406
1168,0.26412951946258545,170.76859323494136,0.0,2503.6240234375,3476.0,35.007844699997804
1169,0.4023982286453247,1512.4464250206947,0.0,2503.6240234375,3476.0,35.03708506599651
1170,0.6469440460205078,922.1212328746915,0.0,2503.6240234375,3476.0,35.06603207399894
1171,0.4855094254016876,498.93632835894823,0.0,2503.6240234375,3476.0,35.0949507119949
1172,0.2817566394805908,239.08194913342595,0.0,2503.6240234375,3476.0,35.12407884400454
1173,0.140179842710495,427.9339813813567,0.0,2503.6240234375,3476.0,35.15305758500472
1174,0.6153802871704102,3604.1910941302776,0.0,2503.6240234375,3476.0,35.182250169003964
1175,0.2745431661605835,558.7482507675886,0.0,2503.6240234375,3476.0,35.21135447900451
1176,0.3419395089149475,884.6611512899399,0.0,2503.6240234375,3476.0,35.24049842399836
1177,0.20960329473018646,598.4135476499796,0.0,2503.6240234375,3476.0,35.26959129300667
1178,0.1981562077999115,168.31134700216353,0.0,2503.6240234375,3476.0,35.29897222100408
1179,0.7962976694107056,2950.2931933552027,0.0,2503.6240234375,3476.0,35.32810257699748
1180,0.32211020588874817,739.4595464244485,0.0,2503.6240234375,3476.0,35.35710268099501
1181,0.23651134967803955,179.92933454737067,0.0,2503.6240234375,3476.0,35.386107389000244
1182,0.14719140529632568,178.08315210975707,0.0,2503.6240234375,3476.0,35.415469668005244
1183,0.5940217971801758,554.3757374100387,0.0,2503.6240234375,3476.0,35.44452354199893
1184,0.23381169140338898,307.1156718209386,0.0,2503.6240234375,3476.0,35.47349472199858
1185,0.181619793176651,459.0879330262542,0.0,2503.6240234375,3476.0,35.50270644700504
1186,0.18939784169197083,271.33687929064035,0.0,2503.6240234375,3476.0,35.53183596700546
1187,0.4582563042640686,1373.0734777972102,0.0,2503.6240234375,3476.0,35.56136422800773
1188,0.416698157787323,1291.3926044404507,0.0,2503.6240234375,3476.0,35.59093655900506
1189,0.35538068413734436,1601.9514158666134,0.0,2503.6240234375,3476.0,35.619965833000606
1190,0.27840638160705566,698.8557701185346,0.0,2503.6240234375,3476.0,35.64916130200436
1191,0.2750599980354309,638.6025417596102,0.0,2503.6240234375,3476.0,35.678427471008035
1192,0.22251874208450317,327.7978083062917,0.0,2503.6240234375,3476.0,35.7074697019998
1193,0.2874056100845337,772.9429945647717,0.0,2503.6240234375,3476.0,35.736746587004745
1194,0.20816385746002197,173.55097476020455,0.0,2503.6240234375,3476.0,35.76584796400857
1195,0.33401215076446533,873.5113066732883,0.0,2503.6240234375,3476.0,35.79500903900771
1196,0.28845012187957764,466.33884277939796,0.0,2503.6240234375,3476.0,35.826402899008826
1197,0.24234417080879211,397.84324592351913,0.0,2503.6240234375,3476.0,35.85540434300492
1198,1.1521788835525513,2579.8661376088858,0.0,2503.6240234375,3476.0,35.884453367005335
1199,0.3596001863479614,1053.0674745589495,0.0,2503.6240234375,3476.0,35.913659136000206
1200,0.7240936756134033,1767.0364835262299,0.0,2503.6240234375,3476.0,35.94257289300731
1201,0.4084871709346771,633.1193832829595,0.0,2503.6240234375,3476.0,35.971776998005225
1202,0.2963011860847473,464.7862272635102,0.0,2503.6240234375,3476.0,36.000722073004
1203,0.7807661294937134,2328.864588022232,0.0,2503.6240234375,3476.0,36.030075376998866
1204,0.2983085811138153,317.52600411325693,0.0,2503.6240234375,3476.0,36.05940845400619
1205,0.3944776654243469,892.4877617061138,0.0,2503.6240234375,3476.0,36.08866304700496
1206,0.23544728755950928,366.672327619046,0.0,2503.6240234375,3476.0,36.11771039299492
1207,0.29805368185043335,242.07829347252846,0.0,2503.6240234375,3476.0,36.14669335800863
1208,0.4578186273574829,962.373592749238,0.0,2503.6240234375,3476.0,36.17567473699455
1209,0.28961455821990967,595.5316942706704,0.0,2503.6240234375,3476.0,36.20470899500651
1210,0.289204478263855,262.67634348385036,0.0,2503.6240234375,3476.0,36.23372532099893
1211,0.21580013632774353,687.1444018036127,0.0,2503.6240234375,3476.0,36.26263004200882
1212,0.3082699179649353,912.9683307111263,0.0,2503.6240234375,3476.0,36.29158226199797
1213,0.8176217079162598,1475.7015470266342,0.0,2503.6240234375,3476.0,36.32040941499872
1214,0.221705824136734,262.4321378543973,0.0,2503.6240234375,3476.0,36.34972612600541
1215,0.1713230460882187,350.81983229517937,0.0,2503.6240234375,3476.0,36.378673924002214
1216,0.2794196903705597,280.09442529827356,0.0,2503.6240234375,3476.0,36.40777275299479
1217,0.18139535188674927,149.85099102463573,0.0,2503.6240234375,3476.0,36.43684760600445
1218,0.3074313998222351,548.655549928546,0.0,2503.6240234375,3476.0,36.4658887770056
1219,0.3140503764152527,802.4180675446987,0.0,2503.6240234375,3476.0,36.4948174500023
1220,0.15301859378814697,481.70882895961404,0.0,2503.6240234375,3476.0,36.52375485599623
1221,0.34528180956840515,864.6888479217887,0.0,2503.6240234375,3476.0,36.55274617500254
1222,0.2490115463733673,240.49563996307552,0.0,2503.6240234375,3476.0,36.581787068003905
1223,0.2160913199186325,844.2949647754431,0.0,2503.6240234375,3476.0,36.611046193007496
1224,0.6543543338775635,786.6181764602661,0.0,2503.6240234375,3476.0,36.63988178700674
1225,0.26120859384536743,276.1894457228482,0.0,2503.6240234375,3476.0,36.66885148599977
1226,0.3707052767276764,788.1986903995275,0.0,2503.6240234375,3476.0,36.69780613599869
1227,0.2943977117538452,785.0063897892833,0.0,2503.6240234375,3476.0,36.72673974299687
1228,0.5791486501693726,1198.6523913145065,0.0,2503.6240234375,3476.0,36.75569340400398
1229,0.23701469600200653,324.6469033844769,0.0,2503.6240234375,3476.0,36.78465441700246
1230,0.3755004405975342,1200.248121254146,0.0,2503.6240234375,3476.0,36.813603696995415
1231,0.19476599991321564,609.8413391113281,0.0,2503.6240234375,3476.0,36.84261817899824
1232,0.5939987897872925,1857.1707285940647,0.0,2503.6240234375,3476.0,36.87187809799798
1233,0.26239365339279175,461.15044425427914,0.0,2503.6240234375,3476.0,36.90096468500269
1234,0.4416577219963074,556.1413667313755,0.0,2503.6240234375,3476.0,36.93001580200507
1235,0.24358856678009033,371.3233809247613,0.0,2503.6240234375,3476.0,36.95899450000434
1236,0.16680686175823212,442.6665057390928,0.0,2503.6240234375,3476.0,36.987950274007744
1237,0.7793697714805603,2001.1327635794878,0.0,2503.6240234375,3476.0,37.016998236998916
1238,0.3371734917163849,1034.6394364088774,0.0,2503.6240234375,3476.0,37.04601018500398
1239,0.7451282739639282,1347.3524440079927,0.0,2503.6240234375,3476.0,37.07479753100779
1240,0.2249726504087448,164.75357749406248,0.0,2503.6240234375,3476.0,37.103747442000895
1241,0.2490348368883133,680.5479183197021,0.0,2503.6240234375,3476.0,37.13287897199916
1242,0.4680735170841217,1094.7244827747345,0.0,2503.6240234375,3476.0,37.16216455999529
1243,0.2669060230255127,248.84265450015664,0.0,2503.6240234375,3476.0,37.191116476999014
1244,0.23362727463245392,277.9419829342514,0.0,2503.6240234375,3476.0,37.22014092799509
1245,0.33541855216026306,885.8328968286514,0.0,2503.6240234375,3476.0,37.2486553810013
1246,0.2907451391220093,395.8398109599948,0.0,2503.6240234375,3476.0,37.27758890000405
1247,0.23289962112903595,167.86141470819712,0.0,2503.6240234375,3476.0,37.30652961500164
1248,0.17983554303646088,402.84259006008506,0.0,2503.6240234375,3476.0,37.3355481519975
1249,0.28599172830581665,192.21031678654253,0.0,2503.6240234375,3476.0,37.3645475020021
1250,0.23945625126361847,432.52409172058105,0.0,2503.6240234375,3476.0,37.393750010000076
1251,0.4154210090637207,994.2684682905674,0.0,2503.6240234375,3476.0,37.42295197599742
1252,0.483532577753067,1071.596478432417,0.0,2503.6240234375,3476.0,37.451940051003476
1253,0.25300610065460205,397.7001482248306,0.0,2503.6240234375,3476.0,37.48091897800623
1254,0.34503698348999023,586.4470508545637,0.0,2503.6240234375,3476.0,37.509975583001506
1255,0.3629075586795807,1216.1705853193998,0.0,2503.6240234375,3476.0,37.538976769996225
1256,0.20416729152202606,422.50599560141563,0.0,2503.6240234375,3476.0,37.56794052099576
1257,0.2992597818374634,424.65646732598543,0.0,2503.6240234375,3476.0,37.59697840400622
1258,0.3340216279029846,864.6998345702887,0.0,2503.6240234375,3476.0,37.62607416999526
1259,0.3522213101387024,685.1167857386172,0.0,2503.6240234375,3476.0,37.6553895160032
1260,0.2924775183200836,583.841792486608,0.0,2503.6240234375,3476.0,37.684295703002135
1261,0.3667222857475281,409.205179547891,0.0,2503.6240234375,3476.0,37.713253449997865
1262,0.22743214666843414,497.5579825863242,0.0,2503.6240234375,3476.0,37.742287472006865
1263,0.22819040715694427,408.003696218133,0.0,2503.6240234375,3476.0,37.771294225007296
1264,0.3382236361503601,310.6668325904757,0.0,2503.6240234375,3476.0,37.80028844100889
1265,0.3237949013710022,519.3737185448408,0.0,2503.6240234375,3476.0,37.82929254700139
1266,0.20152747631072998,349.2740920856595,0.0,2503.6240234375,3476.0,37.858278059007716
1267,0.23030567169189453,145.7811992932111,0.0,2503.6240234375,3476.0,37.88735944700602
1268,0.2396259605884552,178.22369553800672,0.0,2503.6240234375,3476.0,37.916752600998734
1269,0.3267601430416107,995.0117353051901,0.0,2503.6240234375,3476.0,37.94596777300467
1270,0.6949046850204468,2177.0968119949102,0.0,2503.6240234375,3476.0,37.97495981999964
1271,0.18225672841072083,878.7819782793522,0.0,2503.6240234375,3476.0,38.00394915700599
1272,0.24537374079227448,166.29344291985035,0.0,2503.6240234375,3476.0,38.03332556900568
1273,0.2086644470691681,451.6523967385292,0.0,2503.6240234375,3476.0,38.06265047000488
1274,0.18583528697490692,207.38411884568632,0.0,2503.6240234375,3476.0,38.09166536699922
1275,0.4697672724723816,1169.136051364243,0.0,2503.6240234375,3476.0,38.120568091006135
1276,0.6669598817825317,1721.6291079372168,0.0,2503.6240234375,3476.0,38.14944024600845
1277,0.5187084674835205,1292.6391129791737,0.0,2503.6240234375,3476.0,38.17877626999689
1278,0.3235715329647064,638.8340659439564,0.0,2503.6240234375,3476.0,38.2078244699951
1279,0.4019063711166382,1104.6676724776626,0.0,2503.6240234375,3476.0,38.236812276009005
1280,0.41597768664360046,962.4882594645023,0.0,2503.6240234375,3476.0,38.26580551400548
1281,0.20966613292694092,336.7244495227933,0.0,2503.6240234375,3476.0,38.29477644000144
1282,0.2745415270328522,468.9024439007044,0.0,2503.6240234375,3476.0,38.323782332008705
1283,0.2878228425979614,282.67718886584044,0.0,2503.6240234375,3476.0,38.35280825800146
1284,0.21342355012893677,299.46027691476047,0.0,2503.6240234375,3476.0,38.381678762001684
1285,0.36669522523880005,1125.5951261296868,0.0,2503.6240234375,3476.0,38.410748416004935
1286,0.28284144401550293,297.59902847744524,0.0,2503.6240234375,3476.0,38.44021582300775
1287,0.19460487365722656,157.43266624026,0.0,2503.6240234375,3476.0,38.46922162300325
1288,0.5658132433891296,2083.6810907125473,0.0,2503.6240234375,3476.0,38.49801136199676
1289,0.24106988310813904,339.5458481833339,0.0,2503.6240234375,3476.0,38.52693849700154
1290,0.5528351664543152,2201.816187232733,0.0,2503.6240234375,3476.0,38.55550053600746
1291,0.2788911461830139,277.5136190094054,0.0,2503.6240234375,3476.0,38.58446148900839
1292,0.3705262541770935,571.2532570883632,0.0,2503.6240234375,3476.0,38.61321120800858
1293,0.5131268501281738,1213.3188872039318,0.0,2503.6240234375,3476.0,38.642447646998335
1294,0.2632625699043274,157.01027938723564,0.0,2503.6240234375,3476.0,38.67148382900632
1295,0.24179868400096893,270.70068042352796,0.0,2503.6240234375,3476.0,38.700756250997074
1296,0.20236656069755554,359.175431355834,0.0,2503.6240234375,3476.0,38.72976192699571
1297,0.2212228924036026,135.9621746428311,0.0,2503.6240234375,3476.0,38.75872842699755
1298,0.7212956547737122,989.6637482196093,0.0,2503.6240234375,3476.0,38.78773360399646
1299,0.26431936025619507,1006.5209050402045,0.0,2503.6240234375,3476.0,38.81676944800711
1300,0.18570633232593536,183.07390028703958,0.0,2503.6240234375,3476.0,38.84573206400091
1301,0.30158156156539917,487.32168597728014,0.0,2503.6240234375,3476.0,38.8750790500053
1302,0.16836106777191162,489.40625228360295,0.0,2503.6240234375,3476.0,38.903636328002904
1303,0.2657937705516815,487.0436921194196,0.0,2503.6240234375,3476.0,38.932889318995876
1304,0.292277991771698,843.9174734055996,0.0,2503.6240234375,3476.0,38.96223874100542
1305,0.21505257487297058,258.97493892908096,0.0,2503.6240234375,3476.0,38.99119985100697
1306,0.1927599012851715,194.86959213018417,0.0,2503.6240234375,3476.0,39.02018795500044
1307,0.3344661295413971,935.4517600014806,0.0,2503.6240234375,3476.0,39.049259781997534
1308,0.29637137055397034,1190.6046426072717,0.0,2503.6240234375,3476.0,39.078442562007695
1309,0.29095399379730225,477.7805462181568,0.0,2503.6240234375,3476.0,39.10747681399516
1310,0.2344355583190918,148.75300128012896,0.0,2503.6240234375,3476.0,39.136488835996715
1311,0.3712500333786011,812.2057304084301,0.0,2503.6240234375,3476.0,39.16552369699639
1312,0.21803049743175507,117.2199333878234,0.0,2503.6240234375,3476.0,39.19449064800574
1313,0.28099948167800903,161.64368267264217,0.0,2503.6240234375,3476.0,39.22380600000906
1314,0.28646203875541687,874.133208066225,0.0,2503.6240234375,3476.0,39.25287104000745
1315,0.15596793591976166,381.21815697290003,0.0,2503.6240234375,3476.0,39.28185981999559
1316,0.42457205057144165,1786.2295358479023,0.0,2503.6240234375,3476.0,39.3107604310062
1317,0.21904680132865906,366.0910546872765,0.0,2503.6240234375,3476.0,39.339732267995714
1318,0.21512362360954285,192.58299899846315,0.0,2503.6240234375,3476.0,39.3686721700069
1319,0.4235139489173889,959.0589097216725,0.0,2503.6240234375,3476.0,39.39757503400324
1320,0.47370463609695435,1708.1456670090556,0.0,2503.6240234375,3476.0,39.426707902995986
1321,0.5852439403533936,534.6683945916593,0.0,2503.6240234375,3476.0,39.45558511700074
1322,0.4422755539417267,1641.899830058217,0.0,2503.6240234375,3476.0,39.48505871099769
1323,0.18483471870422363,559.0601114779711,0.0,2503.6240234375,3476.0,39.514102725996054
1324,0.3054174482822418,283.9704967942089,0.0,2503.6240234375,3476.0,39.54312011000002
1325,0.28863847255706787,528.2606334388256,0.0,2503.6240234375,3476.0,39.57213172200136
1326,0.1924431473016739,223.7967032082379,0.0,2503.6240234375,3476.0,39.601582119998056
1327,0.4292043447494507,799.4998029842973,0.0,2503.6240234375,3476.0,39.630537485994864
1328,0.4377213418483734,879.0367367565632,0.0,2503.6240234375,3476.0,39.659685670005274
1329,0.23683525621891022,137.70676114968956,0.0,2503.6240234375,3476.0,39.68865652399836
1330,0.2795313596725464,398.7807891201228,0.0,2503.6240234375,3476.0,39.71781041400391
1331,0.5666178464889526,471.95772229880095,0.0,2503.6240234375,3476.0,39.74714972199581
1332,0.27701079845428467,507.2149249240756,0.0,2503.6240234375,3476.0,39.77616600500187
1333,0.26734864711761475,235.07490239292383,0.0,2503.6240234375,3476.0,39.805241295995074
1334,0.3789779543876648,885.4671422839165,0.0,2503.6240234375,3476.0,39.83447707000596
1335,0.25545525550842285,524.1821309179068,0.0,2503.6240234375,3476.0,39.863134726998396
1336,0.38856184482574463,1036.6004485338926,0.0,2503.6240234375,3476.0,39.89223634499649
1337,0.3196578025817871,1485.574031099677,0.0,2503.6240234375,3476.0,39.92139037200832
1338,0.26575466990470886,412.1387853398919,0.0,2503.6240234375,3476.0,39.95062791899545
1339,0.46257510781288147,835.3293773531914,0.0,2503.6240234375,3476.0,39.979555583995534
1340,0.20362713932991028,100.87095031421632,0.0,2503.6240234375,3476.0,40.00892542999645
1341,0.30662643909454346,698.030082911253,0.0,2503.6240234375,3476.0,40.03852110799926
1342,0.14410081505775452,329.1934719234705,0.0,2503.6240234375,3476.0,40.06786276299681
1343,0.5543160438537598,1361.8211364597082,0.0,2503.6240234375,3476.0,40.09703642199747
1344,0.18578720092773438,299.83824835531414,0.0,2503.6240234375,3476.0,40.12611140399531
1345,0.35055312514305115,989.947382196784,0.0,2503.6240234375,3476.0,40.15521774200897
1346,0.24449652433395386,149.79839336499572,0.0,2503.6240234375,3476.0,40.18426306999754
1347,0.1610443890094757,90.19449411798269,0.0,2503.6240234375,3476.0,40.2134087519953
1348,0.24289222061634064,455.2519621029496,0.0,2503.6240234375,3476.0,40.242450268007815
1349,0.18369321525096893,196.81267033703625,0.0,2503.6240234375,3476.0,40.271752938002464
1350,0.2840070128440857,140.1006069071591,0.0,2503.6240234375,3476.0,40.30080155900214
1351,0.23393870890140533,478.8021040521562,0.0,2503.6240234375,3476.0,40.32967622400611
1352,0.23049110174179077,303.43672877922654,0.0,2503.6240234375,3476.0,40.358825076997164
1353,0.4833230972290039,1459.5865362882614,0.0,2503.6240234375,3476.0,40.38777902899892
1354,0.21141593158245087,234.27811682783067,0.0,2503.6240234375,3476.0,40.41688462499587
1355,0.280892014503479,189.34049304015934,0.0,2503.6240234375,3476.0,40.446002312004566
1356,0.5733884572982788,2799.103689864278,0.0,2503.6240234375,3476.0,40.474982462998014
1357,0.4995332956314087,979.0808271467686,0.0,2503.6240234375,3476.0,40.50407814800565
1358,0.7747172117233276,1673.8325803428888,0.0,2503.6240234375,3476.0,40.53340863400081
1359,0.23830728232860565,233.4194563664496,0.0,2503.6240234375,3476.0,40.562436805004836
1360,0.18720361590385437,124.98684607911855,0.0,2503.6240234375,3476.0,40.59140968299471
1361,0.265937477350235,728.9652703925967,0.0,2503.6240234375,3476.0,40.620360981003614
1362,0.25867727398872375,511.7426876425743,0.0,2503.6240234375,3476.0,40.64935595700808
1363,0.170678973197937,175.02198348008096,0.0,2503.6240234375,3476.0,40.678330470997025
1364,0.30065613985061646,971.1155613064766,0.0,2503.6240234375,3476.0,40.70733620700776
1365,0.25240305066108704,296.37530092708766,0.0,2503.6240234375,3476.0,40.73644011600118
1366,0.2931734025478363,319.7871400807053,0.0,2503.6240234375,3476.0,40.76556739900843
1367,0.24196282029151917,317.563658811152,0.0,2503.6240234375,3476.0,40.795034466995276
1368,0.2402382493019104,123.21394626330584,0.0,2503.6240234375,3476.0,40.82422442499956
1369,0.21395568549633026,230.39276001416147,0.0,2503.6240234375,3476.0,40.85326022200752
1370,0.23282036185264587,385.4031157568097,0.0,2503.6240234375,3476.0,40.88241615600418
1371,0.39057672023773193,1563.6421971842647,0.0,2503.6240234375,3476.0,40.91150613100035
1372,0.3853508234024048,1329.0283074826002,0.0,2503.6240234375,3476.0,40.941072418994736
1373,0.5435959100723267,592.9947811588645,0.0,2503.6240234375,3476.0,40.97009509900818
1374,0.42991146445274353,794.7520938366652,0.0,2503.6240234375,3476.0,40.99916533700889
1375,0.2632782459259033,814.4941449537873,0.0,2503.6240234375,3476.0,41.02823726000497
1376,0.16636104881763458,478.37240675091743,0.0,2503.6240234375,3476.0,41.05761885200627
1377,0.5272298455238342,490.07254058495164,0.0,2503.6240234375,3476.0,41.086538974996074
1378,0.2667970061302185,388.55993062630296,0.0,2503.6240234375,3476.0,41.1155242370005
1379,0.31467553973197937,854.4351715296507,0.0,2503.6240234375,3476.0,41.14464516300359
1380,0.5912244319915771,1119.4927860423923,0.0,2503.6240234375,3476.0,41.17372773800162
1381,0.412107914686203,312.01203432679176,0.0,2503.6240234375,3476.0,41.20284277500468
1382,0.27129441499710083,769.0178371295333,0.0,2503.6240234375,3476.0,41.23199127599946
1383,0.21887865662574768,206.19583084993064,0.0,2503.6240234375,3476.0,41.261049719003495
1384,0.2978854179382324,568.3167719356716,0.0,2503.6240234375,3476.0,41.289956068998436
1385,0.5135898590087891,1419.6374281197786,0.0,2503.6240234375,3476.0,41.31927455200639
1386,0.23271960020065308,442.5944478493184,0.0,2503.6240234375,3476.0,41.3483171340049
1387,0.26454782485961914,548.5909393727779,0.0,2503.6240234375,3476.0,41.37734714600083
1388,0.352685809135437,748.885416418314,0.0,2503.6240234375,3476.0,41.40618800300581
1389,0.2886238694190979,307.66976411640644,0.0,2503.6240234375,3476.0,41.43533317600668
1390,0.2801012694835663,852.7966552376747,0.0,2503.6240234375,3476.0,41.464309736998985
1391,0.2237834930419922,323.4991602152586,0.0,2503.6240234375,3476.0,41.49343332600256
1392,0.2724045217037201,137.6014760993421,0.0,2503.6240234375,3476.0,41.522500881008455
1393,0.2609882950782776,644.283830717206,0.0,2503.6240234375,3476.0,41.55157228000462
1394,0.2411801815032959,175.87127746175975,0.0,2503.6240234375,3476.0,41.580902824003715
1395,0.39963001012802124,1275.9204328209162,0.0,2503.6240234375,3476.0,41.60992765400442
1396,0.26244181394577026,426.4104050323367,0.0,2503.6240234375,3476.0,41.63896115600073
1397,0.25707465410232544,529.8203039653599,0.0,2503.6240234375,3476.0,41.6682599880005
1398,0.3177722096443176,278.36224422976375,0.0,2503.6240234375,3476.0,41.69737111599534
1399,0.43593132495880127,876.2968696914613,0.0,2503.6240234375,3476.0,41.726445444001
1400,0.41483715176582336,894.0031696856022,0.0,2503.6240234375,3476.0,41.75555225199787
1401,0.293585866689682,1116.9866876378655,0.0,2503.6240234375,3476.0,41.78495727700647
1402,0.1240680143237114,206.33519638702273,0.0,2503.6240234375,3476.0,41.81404633499915
1403,0.3016982674598694,828.1282382905483,0.0,2503.6240234375,3476.0,41.843431991001125
1404,0.23691710829734802,793.2010004222393,0.0,2503.6240234375,3476.0,41.872508052008925
1405,0.23584064841270447,258.1226024609059,0.0,2503.6240234375,3476.0,41.901576956006465
1406,0.2673836350440979,543.6257869899273,0.0,2503.6240234375,3476.0,41.93089072700241
1407,0.22150400280952454,394.68738174438477,0.0,2503.6240234375,3476.0,41.96020375100488
1408,0.27760225534439087,974.7281592190266,0.0,2503.6240234375,3476.0,41.98933724300878
1409,0.3320772647857666,287.14985074289143,0.0,2503.6240234375,3476.0,42.01833586800785
1410,0.1584034264087677,192.5908818487078,0.0,2503.6240234375,3476.0,42.04820011999982
1411,0.40210843086242676,1096.9925298839808,0.0,2503.6240234375,3476.0,42.077325334001216
1412,0.3188694417476654,493.7837312743068,0.0,2503.6240234375,3476.0,42.10665403500025
1413,0.3013729751110077,181.05279355868697,0.0,2503.6240234375,3476.0,42.13568027599831
1414,0.20960581302642822,782.9081739336252,0.0,2503.6240234375,3476.0,42.164844806000474
1415,0.21327415108680725,514.6187694221735,0.0,2503.6240234375,3476.0,42.19381599500775
1416,0.3390073776245117,1761.0720594972372,0.0,2503.6240234375,3476.0,42.22286859700398
1417,0.419383704662323,1108.6981527358294,0.0,2503.6240234375,3476.0,42.25193135700829
1418,0.22750967741012573,152.70376472454518,0.0,2503.6240234375,3476.0,42.28092201400432
1419,0.16897320747375488,286.17134337872267,0.0,2503.6240234375,3476.0,42.31009962600365
1420,0.2749844789505005,455.9271585419774,0.0,2503.6240234375,3476.0,42.339204853007686
1421,0.3083113431930542,311.243444558233,0.0,2503.6240234375,3476.0,42.368504163998296
1422,0.5252296924591064,2039.7832461297512,0.0,2503.6240234375,3476.0,42.39751424100541
1423,0.6809124946594238,1042.7781588509679,0.0,2503.6240234375,3476.0,42.4267167539947
1424,0.26984503865242004,607.7062521576881,0.0,2503.6240234375,3476.0,42.45588862900331
1425,0.2945031523704529,499.93706238642335,0.0,2503.6240234375,3476.0,42.48504527300247
1426,0.24560289084911346,471.79696133732796,0.0,2503.6240234375,3476.0,42.51413178000075
1427,0.22854933142662048,511.8706048205495,0.0,2503.6240234375,3476.0,42.54320060300233
1428,0.4266164302825928,1400.4796452969313,0.0,2503.6240234375,3476.0,42.57218384700536
1429,0.2257552444934845,214.84337492845953,0.0,2503.6240234375,3476.0,42.601229369000066
1430,0.28167033195495605,1141.481504485011,0.0,2503.6240234375,3476.0,42.63056019799842
1431,0.23833611607551575,358.75854881852865,0.0,2503.6240234375,3476.0,42.65952590700181
1432,0.19518297910690308,395.43492318689823,0.0,2503.6240234375,3476.0,42.68847383100365
1433,0.24123667180538177,389.90389285981655,0.0,2503.6240234375,3476.0,42.717473398006405
1434,0.2342081069946289,485.57645776867867,0.0,2503.6240234375,3476.0,42.74642721499549
1435,0.41647717356681824,1454.7183405086398,0.0,2503.6240234375,3476.0,42.775085165994824
1436,0.2845839858055115,404.6937872879207,0.0,2503.6240234375,3476.0,42.80421352300618
1437,0.3658055067062378,759.7030315101147,0.0,2503.6240234375,3476.0,42.83326125700842
1438,0.27649226784706116,651.1623969338834,0.0,2503.6240234375,3476.0,42.86228452800424
1439,0.25417840480804443,198.2315219566226,0.0,2503.6240234375,3476.0,42.891521184996236
1440,0.3460261821746826,613.5719448029995,0.0,2503.6240234375,3476.0,42.920498349005356
1441,0.15076997876167297,184.90813416801393,0.0,2503.6240234375,3476.0,42.9497434579971
1442,0.27364903688430786,339.32149336114526,0.0,2503.6240234375,3476.0,42.978755995995016
1443,0.2716052234172821,328.7594170384109,0.0,2503.6240234375,3476.0,43.00784694500908
1444,0.20542824268341064,164.0405953489244,0.0,2503.6240234375,3476.0,43.036858635998215
1445,0.1748318076133728,700.4371602125466,0.0,2503.6240234375,3476.0,43.0658653779974
1446,0.5136843919754028,483.12329449132085,0.0,2503.6240234375,3476.0,43.094975928004715
1447,0.2855037450790405,95.99138218443841,0.0,2503.6240234375,3476.0,43.12401657299779
1448,0.44822967052459717,898.9169598817825,0.0,2503.6240234375,3476.0,43.15340716599894
1449,0.250152587890625,327.79753878340125,0.0,2503.6240234375,3476.0,43.18253793999611
1450,0.5061728954315186,1054.5476382672787,0.0,2503.6240234375,3476.0,43.21162886900129
1451,0.399580180644989,957.7241570800543,0.0,2503.6240234375,3476.0,43.240619585005334
1452,0.29143255949020386,140.61052797548473,0.0,2503.6240234375,3476.0,43.26971318900178
1453,0.2922841012477875,356.10951537266374,0.0,2503.6240234375,3476.0,43.29875601299864
1454,0.2709634006023407,738.9959206394851,0.0,2503.6240234375,3476.0,43.32779030399979
1455,0.24653252959251404,386.339623067528,0.0,2503.6240234375,3476.0,43.35680719000811
1456,0.33916544914245605,486.11503855139017,0.0,2503.6240234375,3476.0,43.385900918001425
1457,0.38904863595962524,716.5604546517134,0.0,2503.6240234375,3476.0,43.41525866300799
1458,0.5316929817199707,622.7079305425286,0.0,2503.6240234375,3476.0,43.44439864900778
1459,0.2645694613456726,559.3308372721076,0.0,2503.6240234375,3476.0,43.47345301799942
1460,0.19703319668769836,523.0999564677477,0.0,2503.6240234375,3476.0,43.50260676399921
1461,0.23763133585453033,849.3991358354688,0.0,2503.6240234375,3476.0,43.531638707005186
1462,0.23730620741844177,299.527977835387,0.0,2503.6240234375,3476.0,43.56071223299659
1463,0.24700981378555298,418.3071307577193,0.0,2503.6240234375,3476.0,43.59011790600198
1464,0.1776837706565857,385.7960366345942,0.0,2503.6240234375,3476.0,43.61915923599736
1465,0.22699269652366638,327.24543714523315,0.0,2503.6240234375,3476.0,43.64816409400373
1466,0.24889959394931793,291.1147232465446,0.0,2503.6240234375,3476.0,43.67752203499549
1467,0.4788509011268616,827.783204652369,0.0,2503.6240234375,3476.0,43.70647405499767
1468,0.8208498954772949,1873.0167271792889,0.0,2503.6240234375,3476.0,43.73556820800877
1469,0.31630000472068787,707.1128287762403,0.0,2503.6240234375,3476.0,43.76463937100198
1470,0.22918248176574707,323.93395924568176,0.0,2503.6240234375,3476.0,43.79361684700416
1471,0.2425851821899414,196.8305703084916,0.0,2503.6240234375,3476.0,43.82270392900682
1472,0.2401627153158188,164.70602832734585,0.0,2503.6240234375,3476.0,43.85179058100039
1473,0.25644609332084656,815.9052395373583,0.0,2503.6240234375,3476.0,43.88081925599545
1474,0.16950760781764984,200.9792730230838,0.0,2503.6240234375,3476.0,43.90990521099593
1475,0.2771005630493164,363.0202329028398,0.0,2503.6240234375,3476.0,43.939262633997714
1476,0.22717568278312683,906.5660164952278,0.0,2503.6240234375,3476.0,43.96797666500788
1477,0.32115429639816284,716.4259907342494,0.0,2503.6240234375,3476.0,43.9970870410034
1478,0.21480746567249298,380.57463300973177,0.0,2503.6240234375,3476.0,44.025690872003906
1479,0.23457583785057068,207.69640956260264,0.0,2503.6240234375,3476.0,44.05474350499571
1480,0.3797987401485443,1014.9870697334409,0.0,2503.6240234375,3476.0,44.08378693199484
1481,0.1829226315021515,212.234717534855,0.0,2503.6240234375,3476.0,44.112790522995056
1482,0.27541273832321167,356.2498519215733,0.0,2503.6240234375,3476.0,44.141716989004635
1483,0.4867769181728363,918.9539955593646,0.0,2503.6240234375,3476.0,44.17066026899556
1484,0.24400758743286133,716.6086031198502,0.0,2503.6240234375,3476.0,44.200100258007296
1485,0.21945834159851074,685.4530825465918,0.0,2503.6240234375,3476.0,44.2292188200081
1486,0.36542266607284546,834.8467938192189,0.0,2503.6240234375,3476.0,44.25829754599545
1487,0.36020129919052124,595.2859227545559,0.0,2503.6240234375,3476.0,44.28746013699856
1488,0.2646418809890747,680.3919442594051,0.0,2503.6240234375,3476.0,44.31649525099783
1489,0.4035598933696747,1307.1732891201973,0.0,2503.6240234375,3476.0,44.34549117600545
1490,0.33701425790786743,467.89606898278,0.0,2503.6240234375,3476.0,44.37450319499476
1491,0.25707003474235535,221.74868098460138,0.0,2503.6240234375,3476.0,44.40365227899747
1492,0.3815317451953888,1234.634349629283,0.0,2503.6240234375,3476.0,44.4327983300027
1493,0.7409107089042664,1721.7938164174557,0.0,2503.6240234375,3476.0,44.46220874700521
1494,0.30429691076278687,936.1891094595194,0.0,2503.6240234375,3476.0,44.49140188199817
1495,0.2680750787258148,268.70216892659664,0.0,2503.6240234375,3476.0,44.5205684370012
1496,0.3203405737876892,330.6633075103164,0.0,2503.6240234375,3476.0,44.549617819997366
1497,0.4330468773841858,638.8222376555204,0.0,2503.6240234375,3476.0,44.578598845007946
1498,0.4759384095668793,858.658862888813,0.0,2503.6240234375,3476.0,44.60756741800287
1499,0.4249381422996521,662.0840721316636,0.0,2503.6240234375,3476.0,44.63652783499856
1500,0.2826734781265259,501.97545965760946,0.0,2503.6240234375,3476.0,44.66560475999722
1501,0.4603269696235657,786.7920966669917,0.0,2503.6240234375,3476.0,44.69493973600038
1502,0.14733633399009705,103.84788813441992,0.0,2503.6240234375,3476.0,44.724257736001164
1503,0.39619600772857666,800.4997452124953,0.0,2503.6240234375,3476.0,44.753097095002886
1504,0.20121237635612488,379.81601632386446,0.0,2503.6240234375,3476.0,44.78220076300204
1505,0.31392812728881836,972.9261682853103,0.0,2503.6240234375,3476.0,44.81131939199986
1506,0.22070874273777008,223.8757557142526,0.0,2503.6240234375,3476.0,44.840372210004716
1507,0.11331415921449661,480.43727484717965,0.0,2503.6240234375,3476.0,44.86942547300714
1508,0.2272137999534607,208.1400410439819,0.0,2503.6240234375,3476.0,44.89857949200086
1509,0.2741219401359558,464.5468031652272,0.0,2503.6240234375,3476.0,44.927599770002416
1510,0.24501103162765503,657.0558791011572,0.0,2503.6240234375,3476.0,44.95685515500372
1511,0.29439476132392883,932.5098432153463,0.0,2503.6240234375,3476.0,44.986308549996465
1512,0.3728555142879486,1125.881404325366,0.0,2503.6240234375,3476.0,45.016893748004804
1513,0.3441541790962219,743.4685715287924,0.0,2503.6240234375,3476.0,45.048766546999104
1514,0.18899667263031006,689.2871473282576,0.0,2503.6240234375,3476.0,45.07853297400288
1515,0.24513262510299683,350.18061309307814,0.0,2503.6240234375,3476.0,45.10766774100193
1516,0.3590967357158661,462.7244176417589,0.0,2503.6240234375,3476.0,45.13680970300629
1517,0.13771027326583862,92.0641904650256,0.0,2503.6240234375,3476.0,45.165848946999176
1518,0.33589085936546326,955.0044752657413,0.0,2503.6240234375,3476.0,45.19496335199801
1519,0.26995939016342163,568.6130691245198,0.0,2503.6240234375,3476.0,45.22405940500903
1520,0.2082175761461258,313.37069241702557,0.0,2503.6240234375,3476.0,45.253559539007256
1521,0.14888538420200348,440.2305916249752,0.0,2503.6240234375,3476.0,45.282539127001655
1522,0.23398351669311523,449.1370535865426,0.0,2503.6240234375,3476.0,45.31154615600826
1523,0.25915950536727905,385.02299520373344,0.0,2503.6240234375,3476.0,45.34053652700095
1524,0.1589638888835907,204.17134509794414,0.0,2503.6240234375,3476.0,45.369479508997756
1525,0.1679430603981018,196.07245384529233,0.0,2503.6240234375,3476.0,45.39853426000627
1526,0.3733271062374115,836.7021808847785,0.0,2503.6240234375,3476.0,45.427640408001025
1527,0.34809455275535583,862.930569589138,0.0,2503.6240234375,3476.0,45.456528951996006
1528,0.28383782505989075,400.2506789676845,0.0,2503.6240234375,3476.0,45.48584356199717
1529,0.274838387966156,299.77551610022783,0.0,2503.6240234375,3476.0,45.51551166600257
1530,0.2874998450279236,142.52449165843427,0.0,2503.6240234375,3476.0,45.54463514800591
1531,0.40129679441452026,657.0051230341196,0.0,2503.6240234375,3476.0,45.573628362006275
1532,0.3033604621887207,589.6676543280482,0.0,2503.6240234375,3476.0,45.60269569000229
1533,0.2675905227661133,222.56418448872864,0.0,2503.6240234375,3476.0,45.63178358999721
1534,0.26671189069747925,248.74361696094275,0.0,2503.6240234375,3476.0,45.660918463996495
1535,0.1943008452653885,244.58819699659944,0.0,2503.6240234375,3476.0,45.68994508999458
1536,0.239881694316864,564.6909251734614,0.0,2503.6240234375,3476.0,45.71896265100804
1537,0.446675568819046,1016.5866068899632,0.0,2503.6240234375,3476.0,45.74791879899567
1538,0.15435481071472168,326.35352950543165,0.0,2503.6240234375,3476.0,45.77720519799914
1539,0.28003448247909546,279.9692134074867,0.0,2503.6240234375,3476.0,45.8062499200023
1540,0.21507544815540314,179.79745969176292,0.0,2503.6240234375,3476.0,45.835263430999476
1541,0.4144830107688904,1155.6112066358328,0.0,2503.6240234375,3476.0,45.86424747599813
1542,0.295624315738678,309.9135662764311,0.0,2503.6240234375,3476.0,45.893338269001106
1543,0.2622581124305725,530.1333426833153,0.0,2503.6240234375,3476.0,45.922298122008215
1544,0.2992178201675415,485.5451023057103,0.0,2503.6240234375,3476.0,45.951564101007534
1545,0.2559428811073303,280.8402977474034,0.0,2503.6240234375,3476.0,45.98087954700168
1546,0.3270585238933563,705.4590514525771,0.0,2503.6240234375,3476.0,46.00983116599673
1547,0.2738891541957855,225.88193934038281,0.0,2503.6240234375,3476.0,46.03981790499529
1548,0.2172805219888687,642.724683329463,0.0,2503.6240234375,3476.0,46.06908641199698
1549,0.33534789085388184,333.2281835190952,0.0,2503.6240234375,3476.0,46.09815943099966
1550,0.2958023250102997,340.8093930147588,0.0,2503.6240234375,3476.0,46.12723305700638
1551,0.39317476749420166,900.5445071980357,0.0,2503.6240234375,3476.0,46.15629632600758
1552,0.28204408288002014,368.65105595067143,0.0,2503.6240234375,3476.0,46.185017077004886
1553,0.2736119329929352,570.4220253154635,0.0,2503.6240234375,3476.0,46.21421903499868
1554,0.1520186960697174,374.05675868690014,0.0,2503.6240234375,3476.0,46.24285870899621
1555,0.475604772567749,1175.0721916481853,0.0,2503.6240234375,3476.0,46.27178953900875
1556,0.23882445693016052,440.4760750345886,0.0,2503.6240234375,3476.0,46.30125970199879
1557,0.2775503993034363,524.0938290283084,0.0,2503.6240234375,3476.0,46.330264289004845
1558,0.2688286304473877,310.4970332477242,0.0,2503.6240234375,3476.0,46.35928000700369
1559,0.35142701864242554,952.2639810666442,0.0,2503.6240234375,3476.0,46.38827371499792
1560,0.17420029640197754,237.29369500093162,0.0,2503.6240234375,3476.0,46.41726746200584
1561,0.2249540388584137,213.08521789684892,0.0,2503.6240234375,3476.0,46.44627919900813
1562,0.3589020371437073,360.4585430957377,0.0,2503.6240234375,3476.0,46.47545498600812
1563,0.2598569393157959,491.194079823792,0.0,2503.6240234375,3476.0,46.504468840008485
1564,0.2738468647003174,286.11554811894894,0.0,2503.6240234375,3476.0,46.53350644600869
1565,0.32933276891708374,615.1478228569031,0.0,2503.6240234375,3476.0,46.5628486360074
1566,0.12069948017597198,215.49124421924353,0.0,2503.6240234375,3476.0,46.59187020099489
1567,0.2725737690925598,428.50585585832596,0.0,2503.6240234375,3476.0,46.62093602500681
1568,0.2761707305908203,708.3779795318842,0.0,2503.6240234375,3476.0,46.650000932000694
1569,0.3330875039100647,485.17539642751217,0.0,2503.6240234375,3476.0,46.67903822600783
1570,0.2655841112136841,681.7101186439395,0.0,2503.6240234375,3476.0,46.70804816200689
1571,0.3091110289096832,448.0848783403635,0.0,2503.6240234375,3476.0,46.737054534009076
1572,0.305986613035202,333.81510769948363,0.0,2503.6240234375,3476.0,46.76611362800759
1573,0.3014312982559204,363.2361753433943,0.0,2503.6240234375,3476.0,46.79515965199971
1574,0.26645761728286743,364.488747574389,0.0,2503.6240234375,3476.0,46.82443722699827
1575,0.17568479478359222,367.02598428726196,0.0,2503.6240234375,3476.0,46.85343426199688
1576,0.30151569843292236,296.48940338753164,0.0,2503.6240234375,3476.0,46.882466637005564
1577,0.28186315298080444,393.65293048135936,0.0,2503.6240234375,3476.0,46.91152477300784
1578,0.19299229979515076,456.5031717978418,0.0,2503.6240234375,3476.0,46.940678786006174
1579,0.5838794708251953,948.7009506300092,0.0,2503.6240234375,3476.0,46.9699573990074
1580,0.264664888381958,247.37488988414407,0.0,2503.6240234375,3476.0,46.99917815599474
1581,0.2667047381401062,311.1256748177111,0.0,2503.6240234375,3476.0,47.02815522700257
1582,0.24030697345733643,530.1494379043579,0.0,2503.6240234375,3476.0,47.05720950500108
1583,0.2344396561384201,294.03396808728576,0.0,2503.6240234375,3476.0,47.08657686600054
1584,0.359788179397583,473.83050636202097,0.0,2503.6240234375,3476.0,47.11559323899564
1585,0.18072853982448578,316.0053372308612,0.0,2503.6240234375,3476.0,47.14475575700635
1586,0.1968444585800171,438.8202811703086,0.0,2503.6240234375,3476.0,47.173827335995156
1587,0.22868908941745758,156.78272540681064,0.0,2503.6240234375,3476.0,47.203143945997
1588,0.20031118392944336,289.75852328166366,0.0,2503.6240234375,3476.0,47.23217736699735
1589,0.27295684814453125,493.2215337790549,0.0,2503.6240234375,3476.0,47.26117966300808
1590,0.31263458728790283,461.8582873940468,0.0,2503.6240234375,3476.0,47.29018754900608
1591,0.21805024147033691,456.84978348761797,0.0,2503.6240234375,3476.0,47.31922150599712
1592,0.1857837438583374,165.770089475438,0.0,2503.6240234375,3476.0,47.34812892100308
1593,0.30443331599235535,307.7463010586798,0.0,2503.6240234375,3476.0,47.37724855799752
1594,0.23303215205669403,401.55771435052156,0.0,2503.6240234375,3476.0,47.40637433899974
1595,0.46423467993736267,1405.5810226500034,0.0,2503.6240234375,3476.0,47.435267651002505
1596,0.3188095986843109,808.8291428908706,0.0,2503.6240234375,3476.0,47.464448443002766
1597,0.23683415353298187,304.711711961776,0.0,2503.6240234375,3476.0,47.49359708400152
1598,0.3766012191772461,865.5755959227681,0.0,2503.6240234375,3476.0,47.52261796599487
1599,0.19060680270195007,321.2577907498926,0.0,2503.6240234375,3476.0,47.551715499997954
1600,0.3239980936050415,307.36191816069186,0.0,2503.6240234375,3476.0,47.58102143200813
1601,0.3320455551147461,1139.822725251317,0.0,2503.6240234375,3476.0,47.61075034200621
1602,0.20220962166786194,452.90284959226847,0.0,2503.6240234375,3476.0,47.63985912600765
1603,0.3084065318107605,349.9771548360586,0.0,2503.6240234375,3476.0,47.668959988004644
1604,0.36484456062316895,1279.1482627019286,0.0,2503.6240234375,3476.0,47.69791786900896
1605,0.16103248298168182,437.59473199397326,0.0,2503.6240234375,3476.0,47.7271409840032
1606,0.46697092056274414,1306.6731757894158,0.0,2503.6240234375,3476.0,47.75603507000778
1607,0.1692712903022766,810.0759624987841,0.0,2503.6240234375,3476.0,47.78501200900064
1608,0.2437610626220703,775.3673928231001,0.0,2503.6240234375,3476.0,47.81406415600213
1609,0.26135385036468506,279.67734280973673,0.0,2503.6240234375,3476.0,47.84315907499695
1610,0.23774148523807526,286.68699763529,0.0,2503.6240234375,3476.0,47.872674201003974
1611,0.5823554992675781,1850.9076368063688,0.0,2503.6240234375,3476.0,47.90176789399993
1612,0.15120020508766174,261.21298613771796,0.0,2503.6240234375,3476.0,47.93081410700688
1613,0.5256626605987549,2302.0567843019962,0.0,2503.6240234375,3476.0,47.96010346800904
1614,0.21530699729919434,242.34267361275852,0.0,2503.6240234375,3476.0,47.98934639900108
1615,0.358555406332016,1063.6742329448462,0.0,2503.6240234375,3476.0,48.01852191200305
1616,0.256905734539032,204.72968279197812,0.0,2503.6240234375,3476.0,48.048220910000964
1617,0.22108636796474457,213.78768927045166,0.0,2503.6240234375,3476.0,48.07732240400219
1618,0.3804651200771332,765.8696471899748,0.0,2503.6240234375,3476.0,48.10637287799909
1619,0.29705610871315,199.61083152890205,0.0,2503.6240234375,3476.0,48.13568549399497
1620,0.25010278820991516,317.5296033471823,0.0,2503.6240234375,3476.0,48.16465165700356
1621,0.328030526638031,635.1310963630676,0.0,2503.6240234375,3476.0,48.193616411008406
1622,0.3003673851490021,485.1463541984558,0.0,2503.6240234375,3476.0,48.22262555800262
1623,0.2439938336610794,180.4192502349615,0.0,2503.6240234375,3476.0,48.25171109600342
1624,0.32481762766838074,693.4045653305948,0.0,2503.6240234375,3476.0,48.28056133800419
1625,0.27744564414024353,676.3430745601654,0.0,2503.6240234375,3476.0,48.30948480400548
1626,0.2689245641231537,269.27042730897665,0.0,2503.6240234375,3476.0,48.33857857399562
1627,0.2552013695240021,335.57998614758253,0.0,2503.6240234375,3476.0,48.36758919400745
1628,0.15633624792099,206.44853830896318,0.0,2503.6240234375,3476.0,48.396891780997976
1629,0.2768087089061737,933.6844054982066,0.0,2503.6240234375,3476.0,48.42591335000179
1630,0.17501026391983032,203.4755864944309,0.0,2503.6240234375,3476.0,48.45504578400869
1631,0.31639203429222107,1340.3673049211502,0.0,2503.6240234375,3476.0,48.48412084800657
1632,0.2654760479927063,658.8214007541537,0.0,2503.6240234375,3476.0,48.513062197002
1633,0.28493601083755493,386.3374211266637,0.0,2503.6240234375,3476.0,48.54204113999731
1634,0.21319910883903503,953.4781328439713,0.0,2503.6240234375,3476.0,48.57106108999869
1635,0.41154715418815613,1799.5660194307566,0.0,2503.6240234375,3476.0,48.60015224000381
1636,0.253051221370697,226.8539120759815,0.0,2503.6240234375,3476.0,48.62908788700588
1637,0.2219586968421936,270.65781413018703,0.0,2503.6240234375,3476.0,48.65836413799843
1638,0.23504218459129333,284.64520236104727,0.0,2503.6240234375,3476.0,48.68741691700416
1639,0.16111613810062408,316.2789795883,0.0,2503.6240234375,3476.0,48.716402391000884
1640,0.531549334526062,2018.4230060577393,0.0,2503.6240234375,3476.0,48.745433550997404
1641,0.3105922043323517,646.3443409129977,0.0,2503.6240234375,3476.0,48.77465773400036
1642,0.33746111392974854,972.8143200874329,0.0,2503.6240234375,3476.0,48.80334759800462
1643,0.37045741081237793,559.2254542671144,0.0,2503.6240234375,3480.0,48.832693921998725
1644,0.2106807678937912,466.62719766423106,0.0,2503.6240234375,3480.0,48.86169719600002
1645,0.16087961196899414,168.82548204436898,0.0,2503.6240234375,3480.0,48.890694814006565
1646,0.37308046221733093,771.6357632614672,0.0,2503.6240234375,3480.0,48.91989424300846
1647,0.2288699895143509,221.11425569374114,0.0,2503.6240234375,3480.0,48.948915243003285
1648,0.1666274070739746,311.163465667516,0.0,2503.6240234375,3480.0,48.97805028100265
1649,0.2776474952697754,127.74226130358875,0.0,2503.6240234375,3480.0,49.00726035400294
1650,0.2658461332321167,436.70201947912574,0.0,2503.6240234375,3480.0,49.03630433199578
1651,0.2368534952402115,160.5880837040022,0.0,2503.6240234375,3480.0,49.06526987500547
1652,0.3250369429588318,586.3281498253345,0.0,2503.6240234375,3480.0,49.09456673200475
1653,0.26628828048706055,154.00092482287437,0.0,2503.6240234375,3480.0,49.12356498700683
1654,0.23527304828166962,296.5602388884872,0.0,2503.6240234375,3480.0,49.152568563004024
1655,0.25445353984832764,126.70658359583467,0.0,2503.6240234375,3480.0,49.18177812000795
1656,0.2369680255651474,196.12701553851366,0.0,2503.6240234375,3480.0,49.210844462999376
1657,0.691552460193634,1690.9243148118258,0.0,2503.6240234375,3480.0,49.239771827997174
1658,0.16007697582244873,126.10707500576973,0.0,2503.6240234375,3480.0,49.26885679800762
1659,0.23311135172843933,179.82276764698327,0.0,2503.6240234375,3480.0,49.29789395199623
1660,0.3606205880641937,824.6771510690451,0.0,2503.6240234375,3480.0,49.32696071200189
1661,0.18880683183670044,116.04742439091206,0.0,2503.6240234375,3480.0,49.35604071599664
1662,0.15906141698360443,274.3803960978985,0.0,2503.6240234375,3480.0,49.384982381001464
1663,0.24721145629882812,260.6467319522053,0.0,2503.6240234375,3480.0,49.41402631100209
1664,0.19513988494873047,268.99100635945797,0.0,2503.6240234375,3480.0,49.443735338005354
1665,0.3261246383190155,1214.6648598238826,0.0,2503.6240234375,3480.0,49.472954315002426
1666,0.38889625668525696,1668.112019777298,0.0,2503.6240234375,3480.0,49.5021425790037
1667,0.3020959496498108,414.7617470137775,0.0,2503.6240234375,3480.0,49.53119211399462
1668,0.49843651056289673,873.0925455987453,0.0,2503.6240234375,3480.0,49.56023050499789
1669,0.2681705951690674,215.43708702735603,0.0,2503.6240234375,3480.0,49.589290796007845
1670,0.3811343312263489,710.1124143004417,0.0,2503.6240234375,3480.0,49.61819354900217
1671,0.2780087888240814,137.26415067445487,0.0,2503.6240234375,3480.0,49.647603404999245
1672,0.2915818691253662,860.3077058047056,0.0,2503.6240234375,3480.0,49.67679631100327
1673,0.3380780518054962,510.4709074161947,0.0,2503.6240234375,3480.0,49.70616704900749
1674,0.1841990351676941,523.9299994036555,0.0,2503.6240234375,3480.0,49.73519676500291
1675,0.2364259511232376,221.0760614965111,0.0,2503.6240234375,3480.0,49.76424386999861
1676,0.3584480881690979,615.7478957548738,0.0,2503.6240234375,3480.0,49.79313082899898
1677,0.2727981209754944,188.7770767873153,0.0,2503.6240234375,3480.0,49.82217984899762
1678,0.22233623266220093,229.93508721329272,0.0,2503.6240234375,3480.0,49.851324021001346
1679,0.2892725467681885,713.1702426224947,0.0,2503.6240234375,3480.0,49.880406348995166
1680,0.26634475588798523,271.338857980445,0.0,2503.6240234375,3480.0,49.90956380699936
1681,0.23729009926319122,128.36284066550434,0.0,2503.6240234375,3480.0,49.93851766400621
1682,0.2993508577346802,475.5020221173763,0.0,2503.6240234375,3480.0,49.968065369001124
1683,0.2534290552139282,603.4540033489466,0.0,2503.6240234375,3480.0,49.997210759000154
1684,0.2582319676876068,199.28568668663502,0.0,2503.6240234375,3480.0,50.02627256199776
1685,0.30509811639785767,680.6143370345235,0.0,2503.6240234375,3480.0,50.05535229299858
1686,0.2762500047683716,370.0302964672446,0.0,2503.6240234375,3480.0,50.08433987099852
1687,0.20223602652549744,286.00232431292534,0.0,2503.6240234375,3480.0,50.11334991500189
1688,0.23582732677459717,272.04473690874875,0.0,2503.6240234375,3480.0,50.14231963700149
1689,0.26120316982269287,748.513542547822,0.0,2503.6240234375,3480.0,50.1713762730069
1690,0.21134090423583984,263.1962495222688,0.0,2503.6240234375,3480.0,50.2006206310034
1691,0.28301700949668884,524.311371140182,0.0,2503.6240234375,3480.0,50.23000075899472
1692,0.3963410258293152,767.6477766484022,0.0,2503.6240234375,3480.0,50.2589785750024
1693,0.2366519272327423,474.87416706234217,0.0,2503.6240234375,3480.0,50.28802770200127
1694,0.19029051065444946,354.88576046936214,0.0,2503.6240234375,3480.0,50.31709964200854
1695,0.16879351437091827,464.21900699287653,0.0,2503.6240234375,3480.0,50.34609758600709
1696,0.10501748323440552,205.2438306324184,0.0,2503.6240234375,3480.0,50.37512204599625
1697,0.3579157888889313,1658.0090973898768,0.0,2503.6240234375,3480.0,50.4042336630082
1698,0.2003382444381714,118.36357806343585,0.0,2503.6240234375,3480.0,50.433269486005884
1699,0.3277885913848877,269.26991793885827,0.0,2503.6240234375,3480.0,50.46266849800304
1700,0.25060564279556274,205.95795615948737,0.0,2503.6240234375,3480.0,50.49228464500629
1701,0.22875219583511353,277.9301177673042,0.0,2503.6240234375,3480.0,50.52304707300209
1702,0.2738247513771057,359.2928705662489,0.0,2503.6240234375,3480.0,50.55226658700849
1703,0.1374375969171524,473.3810846693814,0.0,2503.6240234375,3480.0,50.5812760550034
1704,0.3805779218673706,864.1511106491089,0.0,2503.6240234375,3480.0,50.610236470005475
1705,0.1442561000585556,252.82571696303785,0.0,2503.6240234375,3480.0,50.63924062300066
1706,0.3467652499675751,935.1873686313629,0.0,2503.6240234375,3480.0,50.668031969005824
1707,0.22477075457572937,406.59632874280214,0.0,2503.6240234375,3480.0,50.69706097700691
1708,0.3324211835861206,317.6000969670713,0.0,2503.6240234375,3480.0,50.725986304008984
1709,0.13984549045562744,108.296889917925,0.0,2503.6240234375,3480.0,50.75518048000231
1710,0.3599647581577301,1016.1335655376315,0.0,2503.6240234375,3480.0,50.784090594999725
1711,0.27024680376052856,240.90498933196068,0.0,2503.6240234375,3480.0,50.81295861300896
1712,0.2915719151496887,164.3023535553366,0.0,2503.6240234375,3480.0,50.84194901600131
1713,0.4546239674091339,797.5709456652403,0.0,2503.6240234375,3480.0,50.87086100500892
1714,0.3273933529853821,495.17683774605393,0.0,2503.6240234375,3480.0,50.89981975599949
1715,0.21312850713729858,888.0160863399506,0.0,2503.6240234375,3480.0,50.92870568099897
1716,0.18120993673801422,237.4642364270985,0.0,2503.6240234375,3480.0,50.95770287900814
1717,0.3037828803062439,390.0674756988883,0.0,2503.6240234375,3480.0,50.98672822599474
1718,0.37499070167541504,700.0868696942925,0.0,2503.6240234375,3480.0,51.01590217099874
1719,0.39408907294273376,1253.8667949438095,0.0,2503.6240234375,3480.0,51.044835474007414
1720,0.22959361970424652,226.69616717286408,0.0,2503.6240234375,3480.0,51.07371942800819
1721,0.3616613745689392,1180.1221945658326,0.0,2503.6240234375,3480.0,51.102659509007935
1722,0.2337954342365265,227.67828160338104,0.0,2503.6240234375,3480.0,51.131596834995435
1723,0.1540200412273407,440.54552955552936,0.0,2503.6240234375,3480.0,51.1605265459948
1724,0.18801310658454895,125.03644260577857,0.0,2503.6240234375,3480.0,51.1895881070086
1725,0.2400832176208496,396.5593019127846,0.0,2503.6240234375,3480.0,51.21854184400581
1726,0.4772823452949524,1320.8914379552007,0.0,2503.6240234375,3480.0,51.24755514800199
1727,0.396751344203949,971.6334902793169,0.0,2503.6240234375,3480.0,51.276698289002525
1728,0.3359687626361847,522.4665383398533,0.0,2503.6240234375,3480.0,51.305592838994926
1729,0.22140491008758545,156.62746341805905,0.0,2503.6240234375,3480.0,51.33458124300523
1730,0.34296756982803345,584.1992709711194,0.0,2503.6240234375,3480.0,51.363574307004455
1731,0.2011617124080658,203.18080434203148,0.0,2503.6240234375,3480.0,51.392595059995074
1732,0.22809113562107086,175.59144529141486,0.0,2503.6240234375,3480.0,51.421524607998435
1733,0.38652098178863525,480.93915627896786,0.0,2503.6240234375,3480.0,51.45048606299679
1734,0.31468871235847473,182.04156249016523,0.0,2503.6240234375,3480.0,51.47968470399792
1735,0.22935590147972107,196.35994043573737,0.0,2503.6240234375,3480.0,51.508711157002836
1736,0.3495011329650879,654.670188870281,0.0,2503.6240234375,3480.0,51.53777689000708
1737,0.18814894556999207,317.3820993565023,0.0,2503.6240234375,3480.0,51.56677452199801
1738,0.2373940348625183,613.9879018552601,0.0,2503.6240234375,3480.0,51.59602850700321
1739,0.2526884078979492,189.47919072955847,0.0,2503.6240234375,3480.0,51.62500495099812
1740,0.37801817059516907,1775.07099249959,0.0,2503.6240234375,3480.0,51.65388065899606
1741,0.2426377534866333,300.3765605278313,0.0,2503.6240234375,3480.0,51.6828601580055
1742,0.2514263689517975,493.51885448396206,0.0,2503.6240234375,3480.0,51.71190739200392
1743,0.2854970693588257,793.9358054623008,0.0,2503.6240234375,3480.0,51.740512135002064
1744,0.18916834890842438,448.8376634120941,0.0,2503.6240234375,3480.0,51.7694921180082
1745,0.2622597813606262,482.42027869820595,0.0,2503.6240234375,3480.0,51.798848685008124
1746,0.23420292139053345,1073.9896107912064,0.0,2503.6240234375,3480.0,51.827879336007754
1747,0.275154709815979,377.2432332858443,0.0,2503.6240234375,3480.0,51.85689004600863
1748,0.2807675004005432,584.4277257472277,0.0,2503.6240234375,3480.0,51.88585355599935
1749,0.25328677892684937,329.1764693688601,0.0,2503.6240234375,3480.0,51.91486258900841
1750,0.24741758406162262,276.60965886712074,0.0,2503.6240234375,3480.0,51.94399669900304
1751,0.30425143241882324,586.2048199176788,0.0,2503.6240234375,3480.0,51.97312646100181
1752,0.29508814215660095,691.0560024678707,0.0,2503.6240234375,3480.0,52.00215890099935
1753,0.3511389493942261,636.9502527303994,0.0,2503.6240234375,3480.0,52.03120900099748
1754,0.2828717827796936,420.87167881429195,0.0,2503.6240234375,3480.0,52.06060949299717
1755,0.23764009773731232,622.6870330795646,0.0,2503.6240234375,3480.0,52.08964269599528
1756,0.21699263155460358,441.8206495940685,0.0,2503.6240234375,3480.0,52.11859340099909
1757,0.2217225730419159,590.073170658201,0.0,2503.6240234375,3480.0,52.14765043499938
1758,0.29077380895614624,287.4151000250131,0.0,2503.6240234375,3480.0,52.17665092500101
1759,0.5874780416488647,1398.652264945209,0.0,2503.6240234375,3480.0,52.20549843899789
1760,0.2061176300048828,426.1585203744471,0.0,2503.6240234375,3480.0,52.23443896899698
1761,0.1740511953830719,295.05414086952806,0.0,2503.6240234375,3480.0,52.26334734799457
1762,0.297953337430954,1050.8760691434145,0.0,2503.6240234375,3480.0,52.292427082997165
1763,0.2815079391002655,287.4037474822253,0.0,2503.6240234375,3480.0,52.32158463000087
1764,0.30187952518463135,579.3000747747719,0.0,2503.6240234375,3480.0,52.35054359700007
1765,0.2244480401277542,407.11668088659644,0.0,2503.6240234375,3480.0,52.379559873996186
1766,0.26227134466171265,254.48957889154553,0.0,2503.6240234375,3480.0,52.40855156899488
1767,0.23080894351005554,455.73676811158657,0.0,2503.6240234375,3480.0,52.43753437200212
1768,0.16500580310821533,340.4707272835076,0.0,2503.6240234375,3480.0,52.46662538500095
1769,0.30264678597450256,388.5336917191744,0.0,2503.6240234375,3480.0,52.49569736600097
1770,0.3298080265522003,335.40662302821875,0.0,2503.6240234375,3480.0,52.524688311008504
1771,0.2500797212123871,437.91676238924265,0.0,2503.6240234375,3480.0,52.5536747629958
1772,0.24530111253261566,368.14721911773086,0.0,2503.6240234375,3480.0,52.582936371996766
1773,0.2752232849597931,651.8641597628593,0.0,2503.6240234375,3480.0,52.611825119995046
1774,0.24721010029315948,579.5841628722847,0.0,2503.6240234375,3480.0,52.64083171400125
1775,0.2951800227165222,461.988313652575,0.0,2503.6240234375,3480.0,52.66980428999523
1776,0.23868732154369354,332.56812309473753,0.0,2503.6240234375,3480.0,52.69882016899646
1777,0.4109921455383301,636.3607935644686,0.0,2503.6240234375,3480.0,52.72767112099973
1778,0.3122284412384033,413.67435435950756,0.0,2503.6240234375,3480.0,52.756582828005776
1779,0.25216323137283325,196.318273358047,0.0,2503.6240234375,3480.0,52.78549907999695
1780,0.2500072121620178,372.78097777441144,0.0,2503.6240234375,3480.0,52.814452774997335
1781,0.22296985983848572,283.8295924272388,0.0,2503.6240234375,3480.0,52.84363964400836
1782,0.38606661558151245,619.823667127639,0.0,2503.6240234375,3480.0,52.87233451800421
1783,0.16164803504943848,283.2985746562481,0.0,2503.6240234375,3480.0,52.90134037200187
1784,0.18367499113082886,275.06755531579256,0.0,2503.6240234375,3480.0,52.93023551700753
1785,0.2645120918750763,577.2415600717068,0.0,2503.6240234375,3480.0,52.959212052999646
1786,0.22239986062049866,258.53039577789605,0.0,2503.6240234375,3480.0,52.988340615003835
1787,0.2648577094078064,158.1372660268098,0.0,2503.6240234375,3480.0,53.01733370500733
1788,0.20038782060146332,282.03565208241343,0.0,2503.6240234375,3480.0,53.04646300099557
1789,0.33605995774269104,465.9403631351888,0.0,2503.6240234375,3480.0,53.075402906004456
1790,0.22487381100654602,278.44620829075575,0.0,2503.6240234375,3480.0,53.10463461800828
1791,0.177390456199646,307.711536090821,0.0,2503.6240234375,3480.0,53.13366437800869
1792,0.2704943120479584,301.3478508796543,0.0,2503.6240234375,3480.0,53.16253147700627
1793,0.28110557794570923,263.9036107249558,0.0,2503.6240234375,3480.0,53.1915037209983
1794,0.1897193044424057,438.75605481117964,0.0,2503.6240234375,3480.0,53.220537909000996
1795,0.22538912296295166,233.58753249421716,0.0,2503.6240234375,3480.0,53.249462349005626
1796,0.1987920105457306,197.58548952825367,0.0,2503.6240234375,3480.0,53.2783868569968
1797,0.33748960494995117,733.1627819016576,0.0,2503.6240234375,3480.0,53.307365354005015
1798,0.26851141452789307,534.7648722417653,0.0,2503.6240234375,3480.0,53.336343796006986
1799,0.29605332016944885,496.20766247063875,0.0,2503.6240234375,3480.0,53.36555531300837
1800,0.19906099140644073,497.6295923143625,0.0,2503.6240234375,3480.0,53.394598995000706
1801,0.3356802463531494,515.3948805332184,0.0,2503.6240234375,3480.0,53.423820009003975
1802,0.33782780170440674,345.6555415689945,0.0,2503.6240234375,3480.0,53.45290026800649
1803,0.36548304557800293,752.1533864736557,0.0,2503.6240234375,3480.0,53.4821085230069
1804,0.19633528590202332,182.280717080459,0.0,2503.6240234375,3480.0,53.5111118729983
1805,0.2099258303642273,269.9092160128057,0.0,2503.6240234375,3480.0,53.54006526200101
1806,0.35686367750167847,1056.6909750029445,0.0,2503.6240234375,3480.0,53.56895463100227
1807,0.30618757009506226,164.64704767335206,0.0,2503.6240234375,3480.0,53.59796109600575
1808,0.21534523367881775,248.3200927823782,0.0,2503.6240234375,3480.0,53.62732049799524
1809,0.2747325003147125,514.603334479034,0.0,2503.6240234375,3480.0,53.65635152900359
1810,0.22138303518295288,212.64293811284006,0.0,2503.6240234375,3480.0,53.685330453008646
1811,0.3497462272644043,605.3602381050587,0.0,2503.6240234375,3480.0,53.71431489899987
1812,0.27153557538986206,274.6971935406327,0.0,2503.6240234375,3480.0,53.74346145700838
1813,0.25352251529693604,257.4502069056034,0.0,2503.6240234375,3480.0,53.77244070000597
1814,0.373617559671402,423.2832853086293,0.0,2503.6240234375,3480.0,53.80144445599581
1815,0.25357314944267273,314.4308926630765,0.0,2503.6240234375,3480.0,53.83043093699962
1816,0.24373795092105865,423.72721345722675,0.0,2503.6240234375,3480.0,53.85941064500366
1817,0.2679300904273987,587.0458985343575,0.0,2503.6240234375,3480.0,53.88857036799891
1818,0.20457281172275543,203.93643979355693,0.0,2503.6240234375,3480.0,53.917563768001855
1819,0.5284298658370972,1289.8775397464633,0.0,2503.6240234375,3480.0,53.94654870699742
1820,0.23351792991161346,241.52993877604604,0.0,2503.6240234375,3480.0,53.97563777399773
1821,0.22538238763809204,320.84946351125836,0.0,2503.6240234375,3480.0,54.00475541000196
1822,0.2558381259441376,419.8566077016294,0.0,2503.6240234375,3480.0,54.0341215350054
1823,0.28916263580322266,794.9271103218198,0.0,2503.6240234375,3480.0,54.06334220600547
1824,0.2593175768852234,407.8052972778678,0.0,2503.6240234375,3480.0,54.09240771300392
1825,0.24800121784210205,494.453983861953,0.0,2503.6240234375,3480.0,54.12137273600092
1826,0.2969551086425781,200.21344966255128,0.0,2503.6240234375,3480.0,54.15067423500295
1827,0.2322864830493927,266.73648174479604,0.0,2503.6240234375,3480.0,54.17958728200756
1828,0.2509750425815582,354.0868524387479,0.0,2503.6240234375,3480.0,54.20853127499868
1829,0.22755396366119385,378.4157698340714,0.0,2503.6240234375,3480.0,54.23746766800468
1830,0.27024713158607483,254.87186634913087,0.0,2503.6240234375,3480.0,54.266385031995014
1831,0.18501855432987213,171.8904345985502,0.0,2503.6240234375,3480.0,54.2954293340008
1832,0.33552122116088867,363.46313151717186,0.0,2503.6240234375,3480.0,54.32426828300231
1833,0.24533545970916748,227.02180051244795,0.0,2503.6240234375,3480.0,54.35332646299503
1834,0.2725626528263092,764.6621360294521,0.0,2503.6240234375,3480.0,54.38209026600816
1835,0.25384432077407837,311.93664368987083,0.0,2503.6240234375,3480.0,54.41143910599931
1836,0.1888199746608734,118.04415487032384,0.0,2503.6240234375,3480.0,54.44037653200212
1837,0.24489402770996094,144.9844519905746,0.0,2503.6240234375,3480.0,54.46939061000012
1838,0.25523316860198975,247.48308681882918,0.0,2503.6240234375,3480.0,54.49866297299741
1839,0.24704280495643616,440.25456485152245,0.0,2503.6240234375,3480.0,54.52767472399864
1840,0.22608569264411926,594.42950161919,0.0,2503.6240234375,3480.0,54.55664851200709
1841,0.21977035701274872,140.72622814401984,0.0,2503.6240234375,3480.0,54.585659578006016
1842,0.3119441270828247,268.96802378073335,0.0,2503.6240234375,3480.0,54.614577746004215
1843,0.49717849493026733,1504.3407431095839,0.0,2503.6240234375,3480.0,54.643554160007625
1844,0.27460503578186035,315.28477493673563,0.0,2503.6240234375,3480.0,54.672828438007855
1845,0.3158041536808014,2513.1991962492466,0.0,2503.6240234375,3480.0,54.701736646005884
1846,0.42026984691619873,961.0042552351952,0.0,2503.6240234375,3480.0,54.7305445689999
1847,0.3600543737411499,1083.3394896537066,0.0,2503.6240234375,3480.0,54.759559088008245
1848,0.3499642014503479,665.3501845747232,0.0,2503.6240234375,3480.0,54.78848484500486
1849,0.3358960747718811,1017.6228853315115,0.0,2503.6240234375,3480.0,54.817472537004505
1850,0.29919350147247314,319.3336407896131,0.0,2503.6240234375,3480.0,54.84636108300765
1851,0.2809566259384155,640.834971703589,0.0,2503.6240234375,3480.0,54.87533490700298
1852,0.23860806226730347,620.2074438333511,0.0,2503.6240234375,3480.0,54.90425144400797
1853,0.43575018644332886,1883.9921461939812,0.0,2503.6240234375,3480.0,54.93352410600346
1854,0.2755415141582489,274.37669386155903,0.0,2503.6240234375,3480.0,54.962556118000066
1855,0.2317028045654297,248.791932342574,0.0,2503.6240234375,3480.0,54.99178239100729
1856,0.26679784059524536,395.39290077239275,0.0,2503.6240234375,3480.0,55.02091236700653
1857,0.3538736402988434,1546.9177906364202,0.0,2503.6240234375,3480.0,55.04981967400818
1858,0.15952706336975098,819.2974181696773,0.0,2503.6240234375,3480.0,55.078768954001134
1859,0.22789624333381653,795.8333298042417,0.0,2503.6240234375,3480.0,55.107754021999426
1860,0.25596946477890015,503.9813450463116,0.0,2503.6240234375,3480.0,55.13674640499812
1861,0.18635252118110657,704.7767795212567,0.0,2503.6240234375,3480.0,55.16562834499928
1862,0.16378602385520935,608.8700157627463,0.0,2503.6240234375,3480.0,55.194884326003375
1863,0.3295748829841614,985.4815880209208,0.0,2503.6240234375,3480.0,55.223826522007585
1864,0.3125954568386078,595.4566719122231,0.0,2503.6240234375,3480.0,55.252842324000085
1865,0.20999488234519958,1069.5168344900012,0.0,2503.6240234375,3480.0,55.28184976099874
1866,0.21765360236167908,609.9893206357956,0.0,2503.6240234375,3480.0,55.31082344200695
1867,0.4648149013519287,1600.508918017149,0.0,2503.6240234375,3480.0,55.339794815998175
1868,0.2966665029525757,592.6241537891328,0.0,2503.6240234375,3480.0,55.36871750600403
1869,0.32138746976852417,1354.950198635459,0.0,2503.6240234375,3480.0,55.39764119700703
1870,0.2022455334663391,637.6375411450863,0.0,2503.6240234375,3480.0,55.42658710900287
1871,0.156581312417984,235.83286656439304,0.0,2503.6240234375,3480.0,55.45591131100082
1872,0.23543590307235718,565.1465303748846,0.0,2503.6240234375,3480.0,55.485084451007424
1873,0.1987387239933014,333.83553735911846,0.0,2503.6240234375,3480.0,55.51426686400373
1874,0.21654951572418213,724.9059266448021,0.0,2503.6240234375,3480.0,55.54320482299954
1875,0.20947349071502686,681.3318378739059,0.0,2503.6240234375,3480.0,55.572159621995525
1876,0.35708490014076233,1693.7785855978727,0.0,2503.6240234375,3480.0,55.60173016600311
1877,0.2698253393173218,293.62418392300606,0.0,2503.6240234375,3480.0,55.63078725100786
1878,0.18961085379123688,336.40339924022555,0.0,2503.6240234375,3480.0,55.65975707900361
1879,0.37314069271087646,738.4914594888687,0.0,2503.6240234375,3480.0,55.68865373599692
1880,0.3183058500289917,719.0492172837257,0.0,2503.6240234375,3480.0,55.717952507999144
1881,0.35970765352249146,1379.9397217705846,0.0,2503.6240234375,3480.0,55.74677560699638
1882,0.18001079559326172,402.9244138058275,0.0,2503.6240234375,3480.0,55.77577890500834
1883,0.13944806158542633,154.80355307273567,0.0,2503.6240234375,3480.0,55.80481916500139
1884,0.4526609182357788,923.3445594012737,0.0,2503.6240234375,3480.0,55.83380543500243
1885,0.20780661702156067,383.0947373136878,0.0,2503.6240234375,3480.0,55.86284541200439
1886,0.2596786618232727,481.2720495611429,0.0,2503.6240234375,3480.0,55.891898923000554
1887,0.3458658456802368,501.87754970788956,0.0,2503.6240234375,3480.0,55.920902255995315
1888,0.2063763290643692,426.274556171149,0.0,2503.6240234375,3480.0,55.949876086000586
1889,0.21551258862018585,523.3897671289742,0.0,2503.6240234375,3480.0,55.97933378799644
1890,0.32973212003707886,500.561692468822,0.0,2503.6240234375,3480.0,56.00849557000038
1891,0.3047294616699219,2035.8752565830946,0.0,2503.6240234375,3480.0,56.037407085997984
1892,0.21955782175064087,294.39513283222914,0.0,2503.6240234375,3480.0,56.06646312800876
1893,0.39503514766693115,864.2795407027006,0.0,2503.6240234375,3480.0,56.09543304699764
1894,0.25799065828323364,235.15073446929455,0.0,2503.6240234375,3480.0,56.12444089300698
1895,0.4921020269393921,1891.3089146912098,0.0,2503.6240234375,3480.0,56.15336140799627
1896,0.18471920490264893,304.2307449132204,0.0,2503.6240234375,3480.0,56.182395302996156
1897,0.3829621970653534,627.6102822944522,0.0,2503.6240234375,3480.0,56.211322871007724
1898,0.20326951146125793,194.914140926674,0.0,2503.6240234375,3480.0,56.24062103399774
1899,0.2025410234928131,172.64072810858488,0.0,2503.6240234375,3480.0,56.26958662600373
1900,0.28172847628593445,583.5294263139367,0.0,2503.6240234375,3480.0,56.29856440500589
1901,0.2129710167646408,495.1352682709694,0.0,2503.6240234375,3480.0,56.32767236800282
1902,0.31114262342453003,797.4345542863011,0.0,2503.6240234375,3480.0,56.35663105700223
1903,0.2452559471130371,742.4432962685823,0.0,2503.6240234375,3480.0,56.385663488996215
1904,0.37346503138542175,1203.2111590206623,0.0,2503.6240234375,3480.0,56.414647544006584
1905,0.2600744664669037,408.0307098701596,0.0,2503.6240234375,3480.0,56.44368047799799
1906,0.27678805589675903,381.55590687319636,0.0,2503.6240234375,3480.0,56.47270019800635
1907,0.5701886415481567,4360.231110453606,0.0,2503.6240234375,3480.0,56.50213092799822
1908,0.46977752447128296,2410.465529322624,0.0,2503.6240234375,3480.0,56.5311464050028
1909,0.37822556495666504,1577.0886565446854,0.0,2503.6240234375,3480.0,56.56002440399607
1910,0.23919424414634705,173.8806362785399,0.0,2503.6240234375,3480.0,56.58899223500339
1911,0.32681190967559814,619.9666558168828,0.0,2503.6240234375,3480.0,56.6180813319952
1912,0.2601061463356018,465.2674430012703,0.0,2503.6240234375,3480.0,56.64705153899558
1913,0.30929094552993774,1120.499000504613,0.0,2503.6240234375,3480.0,56.67609695000283
1914,0.231188103556633,210.90117284283042,0.0,2503.6240234375,3480.0,56.70501353099826
1915,0.1998094916343689,555.3227550238371,0.0,2503.6240234375,3480.0,56.73403308200068
1916,0.31650352478027344,599.2606940567493,0.0,2503.6240234375,3480.0,56.763279623002745
1917,0.2303878366947174,357.88255133479834,0.0,2503.6240234375,3480.0,56.79223921299854
1918,0.6891608834266663,3001.6485631614923,0.0,2503.6240234375,3480.0,56.82117416699475
1919,0.10614822804927826,730.130439221859,0.0,2503.6240234375,3480.0,56.85006454700488
1920,0.23896156251430511,337.19143613800406,0.0,2503.6240234375,3480.0,56.87910900900897
1921,0.2822495698928833,976.5694530159235,0.0,2503.6240234375,3480.0,56.908068878998165
1922,0.2537577152252197,593.7649110630155,0.0,2503.6240234375,3480.0,56.93697788199643
1923,0.5991287231445312,1615.8487833589315,0.0,2503.6240234375,3480.0,56.965902736003045
1924,0.3376193642616272,4705.527723073959,0.0,2503.6240234375,3480.0,56.99505750800017
1925,0.2726796865463257,1253.9285655468702,0.0,2503.6240234375,3480.0,57.0242697270005
1926,0.523139476776123,1867.8483590185642,0.0,2503.6240234375,3480.0,57.05330259499897
1927,0.3896345794200897,1057.3279347121716,0.0,2503.6240234375,3480.0,57.082214638998266
1928,0.596310019493103,1612.1244676411152,0.0,2503.6240234375,3480.0,57.110840844005
1929,0.16278257966041565,605.6768551468849,0.0,2503.6240234375,3480.0,57.13987528800499
1930,0.801322877407074,1894.4862027168274,0.0,2503.6240234375,3480.0,57.16885749400535
1931,0.6431455612182617,5162.204540729523,0.0,2503.6240234375,3480.0,57.1978481420083
1932,0.8704257011413574,1932.487695634365,0.0,2503.6240234375,3480.0,57.226387490009074
1933,0.3229149580001831,1223.6050921231508,0.0,2503.6240234375,3480.0,57.255446855997434
1934,0.23096206784248352,637.9933585971594,0.0,2503.6240234375,3480.0,57.28473376300826
1935,0.22494131326675415,516.7640243694186,0.0,2503.6240234375,3480.0,57.31380738900043
1936,0.4409109354019165,1312.3783966600895,0.0,2503.6240234375,3480.0,57.34274081399781
1937,0.2662670612335205,1785.8260157108307,0.0,2503.6240234375,3480.0,57.37168146199838
1938,0.5361903309822083,1379.3083203434944,0.0,2503.6240234375,3480.0,57.400214834997314
1939,0.44273674488067627,1381.6896250247955,0.0,2503.6240234375,3480.0,57.429357436005375
1940,0.3593619465827942,789.485158547759,0.0,2503.6240234375,3480.0,57.45828355899721
1941,0.40934720635414124,1305.814526617527,0.0,2503.6240234375,3480.0,57.487243119001505
1942,0.6301438808441162,1566.4017086029053,0.0,2503.6240234375,3480.0,57.51637322199531
1943,0.2129994034767151,841.6059984266758,0.0,2503.6240234375,3480.0,57.545801703003235
1944,0.37340086698532104,769.5108723044395,0.0,2503.6240234375,3480.0,57.5747528780048
1945,0.3585681915283203,1422.9430300593376,0.0,2503.6240234375,3480.0,57.60376118400018
1946,0.2343629151582718,618.0108875110745,0.0,2503.6240234375,3480.0,57.632847116998164
1947,0.4690436124801636,3455.5958144664764,0.0,2503.6240234375,3480.0,57.66183461100445
1948,0.24576382339000702,848.3185807839036,0.0,2503.6240234375,3480.0,57.690870439997525
1949,0.38865792751312256,1509.1294662952423,0.0,2503.6240234375,3480.0,57.71989831799874
1950,0.30967143177986145,916.6482306569815,0.0,2503.6240234375,3480.0,57.74884657700022
1951,0.42832672595977783,997.3069597631693,0.0,2503.6240234375,3480.0,57.77781718899496
1952,0.2017703801393509,339.79984601587057,0.0,2503.6240234375,3480.0,57.80711558699841
1953,0.33778995275497437,1568.2448160499334,0.0,2503.6240234375,3480.0,57.836045696996734
1954,0.1693536341190338,520.7718426287174,0.0,2503.6240234375,3480.0,57.86501757800579
1955,0.43679118156433105,1109.9991622567177,0.0,2503.6240234375,3480.0,57.893866427999455
1956,1.0371036529541016,2337.76766076684,0.0,2503.6240234375,3480.0,57.9227043800056
1957,0.23836542665958405,731.8768978640437,0.0,2503.6240234375,3480.0,57.95172045000072
1958,0.3542824387550354,656.8728772476315,0.0,2503.6240234375,3480.0,57.98084018500231
1959,0.2836761176586151,649.8849307522178,0.0,2503.6240234375,3480.0,58.009979331007344
1960,0.2805810570716858,888.4379363954067,0.0,2503.6240234375,3480.0,58.03949377100798
1961,0.35752055048942566,813.2158663123846,0.0,2503.6240234375,3480.0,58.06886803600355
1962,0.2311161756515503,2086.8151129186153,0.0,2503.6240234375,3480.0,58.097906306997174
1963,0.3847543001174927,890.0444924905896,0.0,2503.6240234375,3480.0,58.126844965998316
1964,0.32245269417762756,850.9286510199308,0.0,2503.6240234375,3480.0,58.155876062999596
1965,0.27556419372558594,2207.0881267786026,0.0,2503.6240234375,3480.0,58.18496250800672
1966,0.20108211040496826,795.795145906508,0.0,2503.6240234375,3480.0,58.21399078199465
1967,0.5159668326377869,1740.642900466919,0.0,2503.6240234375,3480.0,58.24289954500273
1968,0.3089308738708496,3696.6331265568733,0.0,2503.6240234375,3480.0,58.27181840600679
1969,0.38190215826034546,750.7249652892351,0.0,2503.6240234375,3480.0,58.30076603600173
1970,0.2876024842262268,1024.254330277443,0.0,2503.6240234375,3480.0,58.329977563000284
1971,0.29616719484329224,886.3932819962502,0.0,2503.6240234375,3480.0,58.35894038900733
1972,0.319933146238327,1654.7455008774996,0.0,2503.6240234375,3480.0,58.38797121500829
1973,0.3452502489089966,1706.6208002865314,0.0,2503.6240234375,3480.0,58.41696483900887
1974,0.6510763168334961,2247.077454775572,0.0,2503.6240234375,3480.0,58.44586821600387
1975,0.4020373821258545,1326.4263478666544,0.0,2503.6240234375,3480.0,58.47483426600229
1976,0.2760186791419983,845.2065326049924,0.0,2503.6240234375,3480.0,58.50422731100116
1977,0.46900153160095215,3668.2113676071167,0.0,2503.6240234375,3480.0,58.53326801399817
1978,0.8151459097862244,1618.3739316761494,0.0,2503.6240234375,3480.0,58.562145368006895
1979,0.5868263244628906,1615.7602571845055,0.0,2503.6240234375,3480.0,58.591290312004276
1980,0.5533913969993591,1822.650704562664,0.0,2503.6240234375,3480.0,58.62023229000624
1981,0.37810003757476807,1419.4924657344818,0.0,2503.6240234375,3480.0,58.649199584004236
1982,0.32388442754745483,991.2444572150707,0.0,2503.6240234375,3480.0,58.67820333100099
1983,0.23384325206279755,624.3346849307418,0.0,2503.6240234375,3480.0,58.70716569200158
1984,0.4756617546081543,1574.480183929205,0.0,2503.6240234375,3480.0,58.73577001600643
1985,0.2726309895515442,1019.5219515785575,0.0,2503.6240234375,3480.0,58.76478245599719
1986,0.24280770123004913,913.1719838231802,0.0,2503.6240234375,3480.0,58.793741878995206
1987,0.4157998859882355,1170.4178694933653,0.0,2503.6240234375,3480.0,58.822612224001205
1988,0.40601328015327454,825.9735152125359,0.0,2503.6240234375,3480.0,58.851715705997776
1989,0.2905281186103821,800.1075044795871,0.0,2503.6240234375,3480.0,58.88063308999699
1990,0.223920077085495,530.1438891366124,0.0,2503.6240234375,3480.0,58.90963089700381
1991,0.22598782181739807,533.8374049812555,0.0,2503.6240234375,3480.0,58.9385710189963
1992,0.2838679552078247,1068.9778487235308,0.0,2503.6240234375,3480.0,58.967485365996254
1993,0.23750519752502441,635.0778402760625,0.0,2503.6240234375,3480.0,58.99670287499612
1994,0.26213812828063965,911.8207777142525,0.0,2503.6240234375,3480.0,59.025829502003035
1995,0.41481995582580566,1282.4781009703875,0.0,2503.6240234375,3480.0,59.054891594001674
1996,0.7990673780441284,1919.839989632368,0.0,2503.6240234375,3480.0,59.08407181399525
1997,0.38400954008102417,1201.133103273809,0.0,2503.6240234375,3480.0,59.113418873006594
1998,0.671737551689148,1622.260841101408,0.0,2503.6240234375,3480.0,59.142513287995826
1999,0.4322583079338074,1544.2867385149002,0.0,2503.6240234375,3480.0,59.17144249699777
2000,0.2524084746837616,643.4397271722555,0.0,2503.6240234375,3480.0,59.200512953000725
