step,loss,adapter_grad_abs_sum,llm_grad_abs_sum,gpu_mem_allocated_mb,gpu_mem_reserved_mb,elapsed_sec
1,6.670742511749268,593.09814453125,0.0,2411.02099609375,2476.0,0.33166983106639236
2,6.6077961921691895,627.180419921875,0.0,2411.5615234375,2566.0,0.3594270061003044
3,6.173650741577148,554.88818359375,0.0,2411.6279296875,2566.0,0.38166128809098154
4,6.101763725280762,417.74505615234375,0.0,2416.3671875,2568.0,0.40393995901104063
5,5.8628740310668945,349.22540283203125,0.0,2416.3671875,2568.0,0.42783337901346385
6,5.386798858642578,288.6198425292969,0.0,2421.1806640625,2574.0,0.45071997807826847
7,5.224214553833008,279.5486145019531,0.0,2421.1806640625,2574.0,0.47288732801098377
8,4.912511825561523,218.59913635253906,0.0,2451.62939453125,2574.0,0.4949829070828855
9,5.209578990936279,222.3343048095703,0.0,2451.62939453125,2574.0,0.5170225130859762
10,5.281346321105957,287.0498046875,0.0,2451.62939453125,2574.0,0.5390500680077821
11,4.912718772888184,256.50653076171875,0.0,2451.62939453125,2574.0,0.5609267430845648
12,4.610836505889893,220.4546356201172,0.0,2467.05419921875,2592.0,0.5831113600870594
13,4.951816558837891,208.13201904296875,0.0,2467.05419921875,2592.0,0.604691390064545
14,5.470454216003418,357.0006103515625,0.0,2467.05419921875,2592.0,0.6272917001042515
15,5.272246360778809,262.81719970703125,0.0,2467.05419921875,2592.0,0.6495216600596905
16,5.012205123901367,212.27041625976562,0.0,2467.05419921875,2592.0,0.6713971350109205
17,4.550272464752197,164.11941528320312,0.0,2467.05419921875,2592.0,0.6932399061042815
18,5.069699764251709,193.1329345703125,0.0,2467.05419921875,2592.0,0.7147476240061224
19,4.5858964920043945,266.6106872558594,0.0,2467.05419921875,2592.0,0.7366226210724562
20,4.598140716552734,224.6192626953125,0.0,2467.05419921875,2592.0,0.7585190930403769
21,4.441323757171631,314.1508483886719,0.0,2467.05419921875,2592.0,0.7804368680808693
22,4.5973052978515625,173.31298828125,0.0,2467.05419921875,2594.0,0.8022844530642033
23,4.816463470458984,229.34292602539062,0.0,2467.05419921875,2594.0,0.8242405659984797
24,4.965058326721191,194.5043182373047,0.0,2467.05419921875,2594.0,0.8457359650637954
25,4.714565277099609,238.23178100585938,0.0,2467.05419921875,2594.0,0.8671898590400815
26,4.469944000244141,335.9413146972656,0.0,2467.05419921875,2594.0,0.8890428839949891
27,4.282867431640625,283.28363037109375,0.0,2526.60986328125,2638.0,0.9112483200151473
28,4.353012561798096,299.41168212890625,0.0,2526.60986328125,2638.0,0.9327038479968905
29,4.248564720153809,198.11380004882812,0.0,2687.64501953125,2850.0,0.9707491419976577
30,3.985598564147949,402.18560791015625,0.0,2687.64501953125,2850.0,0.9933389290235937
31,4.416513442993164,182.68853759765625,0.0,2687.64501953125,2850.0,1.0158064600545913
32,4.581696510314941,326.70428466796875,0.0,2687.64501953125,2850.0,1.0380679450463504
33,4.25883150100708,190.98851013183594,0.0,2687.64501953125,2850.0,1.0601507360115647
34,4.130207061767578,270.3956298828125,0.0,2687.64501953125,2850.0,1.0816777260042727
35,4.582468032836914,335.8272705078125,0.0,2687.64501953125,2850.0,1.1035828590393066
36,3.8298957347869873,285.0906982421875,0.0,2687.64501953125,2850.0,1.1250899540027604
37,4.283617973327637,225.20989990234375,0.0,2687.64501953125,2850.0,1.1470716670155525
38,3.9455509185791016,189.68109130859375,0.0,2687.64501953125,2850.0,1.1690453110495582
39,4.397305488586426,286.5010070800781,0.0,2687.64501953125,2850.0,1.1909247970907018
40,4.313965797424316,814.3579711914062,0.0,2687.64501953125,2850.0,1.2129717910429463
41,4.069375514984131,344.29571533203125,0.0,2687.64501953125,2850.0,1.2348482561064884
42,4.165212631225586,195.908203125,0.0,2687.64501953125,2850.0,1.2567426040768623
43,3.641812324523926,218.99038696289062,0.0,2687.64501953125,2850.0,1.2786864649970084
44,3.2480483055114746,214.9121551513672,0.0,2687.64501953125,2850.0,1.3004850590368733
45,3.757265567779541,187.96163940429688,0.0,2687.64501953125,2850.0,1.3222262220224366
46,4.0970659255981445,174.82115173339844,0.0,2687.64501953125,2850.0,1.3441131230210885
47,3.7685706615448,197.4945068359375,0.0,2687.64501953125,2850.0,1.3658955020364374
48,3.6379194259643555,224.5909881591797,0.0,2687.64501953125,2850.0,1.387812155066058
49,3.5898025035858154,291.4209289550781,0.0,2687.64501953125,2850.0,1.4098507000599056
50,4.476210594177246,406.4618225097656,0.0,2687.64501953125,2850.0,1.4317314540967345
51,3.8662126064300537,510.4393615722656,0.0,2687.64501953125,2850.0,1.4536351200658828
52,3.7635750770568848,255.3723907470703,0.0,2687.64501953125,2850.0,1.4751053330255672
53,3.544546127319336,249.05484008789062,0.0,2687.64501953125,2850.0,1.4968752739951015
54,3.228682041168213,287.3711242675781,0.0,2687.64501953125,2850.0,1.5183997460408136
55,3.872267723083496,534.4558715820312,0.0,2687.64501953125,2850.0,1.5405421850737184
56,3.6456897258758545,288.29925537109375,0.0,2687.64501953125,2850.0,1.5623223530128598
57,3.2430992126464844,353.08648681640625,0.0,2687.64501953125,2850.0,1.5842373940395191
58,3.556098461151123,288.44464111328125,0.0,2687.64501953125,2850.0,1.606372895068489
59,3.426161050796509,507.4155578613281,0.0,2687.64501953125,2850.0,1.6282462381059304
60,3.350602149963379,322.8245849609375,0.0,2687.64501953125,2850.0,1.6501452390803024
61,3.4790871143341064,402.8726501464844,0.0,2687.64501953125,2850.0,1.671876669046469
62,3.8055405616760254,520.185791015625,0.0,2687.64501953125,2850.0,1.6937177480431274
63,3.1399593353271484,307.5704345703125,0.0,2687.64501953125,2850.0,1.7155244729947299
64,3.311537265777588,527.5780029296875,0.0,2687.64501953125,2850.0,1.7373475020285696
65,3.4933078289031982,344.3230285644531,0.0,2687.64501953125,2850.0,1.7592185240937397
66,3.064990282058716,306.25994873046875,0.0,2687.64501953125,2850.0,1.7806959110312164
67,3.2193472385406494,367.1923828125,0.0,2687.64501953125,2850.0,1.8027678220532835
68,3.173001527786255,332.646484375,0.0,2687.64501953125,2850.0,1.8246794170700014
69,2.6910834312438965,358.079345703125,0.0,2687.64501953125,2850.0,1.8465814350638539
70,3.023536205291748,368.2746276855469,0.0,2687.64501953125,2850.0,1.868434182018973
71,2.9499096870422363,323.8170166015625,0.0,2687.64501953125,2850.0,1.8903388320468366
72,2.6763947010040283,398.62615966796875,0.0,2687.64501953125,2850.0,1.9121924760984257
73,2.605681896209717,318.04168701171875,0.0,2687.64501953125,2850.0,1.9335989220999181
74,3.3606202602386475,441.63360595703125,0.0,2687.64501953125,2850.0,1.9553825251059607
75,2.643005847930908,425.25860595703125,0.0,2687.64501953125,2850.0,1.9772594870300964
76,2.6722347736358643,540.2091064453125,0.0,2687.64501953125,2850.0,1.9995436751050875
77,2.3843894004821777,343.4458312988281,0.0,2687.64501953125,2850.0,2.021391669055447
78,2.5129799842834473,598.7433471679688,0.0,2687.64501953125,2850.0,2.0430260410066694
79,2.4921679496765137,515.145751953125,0.0,2687.64501953125,2850.0,2.064428038080223
80,2.2293243408203125,359.0968017578125,0.0,2687.64501953125,2850.0,2.0861746181035414
81,2.4004173278808594,442.6126708984375,0.0,2687.64501953125,2850.0,2.1080032240133733
82,2.577923536300659,337.2708740234375,0.0,2687.64501953125,2850.0,2.1297885220265016
83,2.8910844326019287,829.358642578125,0.0,2687.64501953125,2850.0,2.1516462300205603
84,2.0100157260894775,361.26898193359375,0.0,2687.64501953125,2850.0,2.1731645420659333
85,2.0432629585266113,475.9459228515625,0.0,2687.64501953125,2850.0,2.1953824911033735
86,2.1188712120056152,504.16497802734375,0.0,2687.64501953125,2850.0,2.216849477030337
87,1.8453071117401123,444.1123046875,0.0,2687.64501953125,2850.0,2.238720562076196
88,1.779061198234558,370.0745849609375,0.0,2687.64501953125,2850.0,2.2601984310895205
89,2.106354236602783,603.025146484375,0.0,2687.64501953125,2850.0,2.282047789078206
90,2.3601033687591553,495.05908203125,0.0,2687.64501953125,2850.0,2.3039035201072693
91,2.7208497524261475,486.08538818359375,0.0,2687.64501953125,2850.0,2.3254038610029966
92,1.993861198425293,489.4161376953125,0.0,2687.64501953125,2850.0,2.3468428120249882
93,2.7655272483825684,490.5558166503906,0.0,2687.64501953125,2850.0,2.3682055920362473
94,1.59531831741333,365.42169189453125,0.0,2687.64501953125,2850.0,2.3903057040879503
95,2.884298801422119,559.229736328125,0.0,2687.64501953125,2850.0,2.412169737042859
96,1.998830795288086,576.7183837890625,0.0,2687.64501953125,2850.0,2.434044059016742
97,1.6187019348144531,404.1139831542969,0.0,2687.64501953125,2850.0,2.45581617904827
98,2.7871217727661133,553.3353881835938,0.0,2687.64501953125,2850.0,2.477705924073234
99,1.713737964630127,434.73834228515625,0.0,2687.64501953125,2850.0,2.499636269058101
100,1.3583056926727295,301.5639343261719,0.0,2687.64501953125,2850.0,2.5210748690878972
101,1.5283790826797485,372.1468505859375,0.0,2687.64501953125,2850.0,2.542831021011807
102,1.6574456691741943,467.8990783691406,0.0,2687.64501953125,2850.0,2.5648684210609645
103,3.146549940109253,585.252197265625,0.0,2687.64501953125,2850.0,2.5870394370285794
104,1.7044310569763184,603.518310546875,0.0,2687.64501953125,2850.0,2.6088691470213234
105,1.6527082920074463,364.7366027832031,0.0,2687.64501953125,2850.0,2.630672231083736
106,1.4790884256362915,458.21539306640625,0.0,2687.64501953125,2850.0,2.6525422570994124
107,1.5923043489456177,402.72882080078125,0.0,2687.64501953125,2850.0,2.6740225250832736
108,1.376007080078125,665.8251953125,0.0,2687.64501953125,2850.0,2.6960233020363376
109,1.5851349830627441,469.913818359375,0.0,2687.64501953125,2850.0,2.7175294921034947
110,1.2911527156829834,607.286376953125,0.0,2687.64501953125,2850.0,2.7394500200171024
111,1.4202494621276855,474.0826416015625,0.0,2687.64501953125,2850.0,2.7608624640852213
112,2.0939297676086426,939.5400390625,0.0,2687.64501953125,2850.0,2.7829057280905545
113,1.234266996383667,473.815673828125,0.0,2687.64501953125,2850.0,2.8047636130359024
114,1.1156833171844482,536.9119873046875,0.0,2687.64501953125,2850.0,2.8266170490533113
115,1.3814632892608643,476.68414306640625,0.0,2687.64501953125,2850.0,2.8480836120434105
116,1.3462988138198853,600.627197265625,0.0,2687.64501953125,2850.0,2.8698767070891336
117,1.0330172777175903,517.5791015625,0.0,2687.64501953125,2850.0,2.891302751027979
118,1.11830735206604,434.7896423339844,0.0,2687.64501953125,2850.0,2.9131418500328436
119,1.3717126846313477,601.2369384765625,0.0,2687.64501953125,2850.0,2.9350053910166025
120,1.2188520431518555,567.7222900390625,0.0,2687.64501953125,2850.0,2.9568906920030713
121,1.0981296300888062,552.6219482421875,0.0,2687.64501953125,2850.0,2.97861783800181
122,1.2431155443191528,591.58642578125,0.0,2687.64501953125,2850.0,3.0000666740816087
123,1.09062922000885,499.0860290527344,0.0,2687.64501953125,2850.0,3.021903821034357
124,2.31352162361145,668.572509765625,0.0,2687.64501953125,2850.0,3.043932731030509
125,1.1522399187088013,533.3032836914062,0.0,2687.64501953125,2850.0,3.0658078429987654
126,1.7359925508499146,446.54693603515625,0.0,2687.64501953125,2850.0,3.0875974430236965
127,1.0679571628570557,627.3690185546875,0.0,2687.64501953125,2850.0,3.1094332149950787
128,1.1319055557250977,469.80377197265625,0.0,2687.64501953125,2850.0,3.1309661420527846
129,1.085536003112793,309.40472412109375,0.0,2687.64501953125,2850.0,3.152846612036228
130,2.162944793701172,712.5822143554688,0.0,2687.64501953125,2850.0,3.1750002769986168
131,1.912490725517273,830.3582763671875,0.0,2687.64501953125,2850.0,3.1968465510290116
132,0.8436450958251953,379.9302062988281,0.0,2687.64501953125,2850.0,3.2182870840188116
133,2.0707945823669434,619.3262329101562,0.0,2687.64501953125,2850.0,3.240293070091866
134,1.0664695501327515,619.5958251953125,0.0,2687.64501953125,2850.0,3.2621471900492907
135,0.9974507093429565,577.0908203125,0.0,2687.64501953125,2850.0,3.2836436760844663
136,1.0329684019088745,464.1726989746094,0.0,2687.64501953125,2850.0,3.3055202370742336
137,1.1069931983947754,386.23553466796875,0.0,2687.64501953125,2850.0,3.3274667010409757
138,1.007003664970398,352.75848388671875,0.0,2687.64501953125,2850.0,3.348797318059951
139,0.9829220175743103,404.451416015625,0.0,2687.64501953125,2850.0,3.3708616479998454
140,0.9192183613777161,376.80633544921875,0.0,2687.64501953125,2850.0,3.392689794069156
141,1.002915620803833,428.001220703125,0.0,2687.64501953125,2850.0,3.414529361994937
142,0.9980173110961914,566.6067504882812,0.0,2687.64501953125,2850.0,3.4364112470066175
143,0.9965618252754211,439.91754150390625,0.0,2687.64501953125,2850.0,3.4581608050502837
144,0.7446293830871582,468.88775634765625,0.0,2687.64501953125,2850.0,3.480037290020846
145,0.9127201437950134,552.8438720703125,0.0,2687.64501953125,2850.0,3.5018759440863505
146,1.6662476062774658,588.94677734375,0.0,2687.64501953125,2850.0,3.523773023043759
147,0.8720852136611938,747.7574462890625,0.0,2687.64501953125,2850.0,3.545401594019495
148,0.7768831253051758,500.94140625,0.0,2687.64501953125,2850.0,3.567626553005539
149,0.8818001747131348,613.3138427734375,0.0,2687.64501953125,2850.0,3.589067963999696
150,1.0393409729003906,740.5208740234375,0.0,2687.64501953125,2850.0,3.6104440870694816
151,0.7818806171417236,419.580078125,0.0,2687.64501953125,2850.0,3.632281815051101
152,0.8712363243103027,561.468505859375,0.0,2687.64501953125,2850.0,3.6541470690863207
153,0.8270690441131592,375.78070068359375,0.0,2687.64501953125,2850.0,3.6760064041009173
154,0.8222935199737549,389.7626647949219,0.0,2687.64501953125,2850.0,3.6977990510640666
155,0.9490503072738647,476.2510070800781,0.0,2687.64501953125,2850.0,3.7192123570712283
156,1.9575142860412598,607.553955078125,0.0,2687.64501953125,2850.0,3.7410615161061287
157,0.7288748025894165,370.29058837890625,0.0,2687.64501953125,2850.0,3.7627693520626053
158,0.996921181678772,565.5977783203125,0.0,2687.64501953125,2850.0,3.784981911070645
159,1.8538535833358765,648.8831787109375,0.0,2687.64501953125,2850.0,3.8068162940908223
160,0.78373783826828,398.7816467285156,0.0,2687.64501953125,2850.0,3.8286504320567474
161,0.7144478559494019,389.556396484375,0.0,2687.64501953125,2850.0,3.850531926029362
162,2.1837596893310547,721.822265625,0.0,2687.64501953125,2850.0,3.8722831500926986
163,0.7445615530014038,453.6881103515625,0.0,2687.64501953125,2850.0,3.8942135830875486
164,0.6652771234512329,405.89483642578125,0.0,2687.64501953125,2850.0,3.916045214049518
165,1.2501907348632812,339.3382263183594,0.0,2687.64501953125,2850.0,3.9378939390880987
166,0.7781391143798828,376.49810791015625,0.0,2687.64501953125,2850.0,3.960096418042667
167,1.4420506954193115,474.80596923828125,0.0,2687.64501953125,2850.0,3.981986543047242
168,0.8916366100311279,375.8934326171875,0.0,2687.64501953125,2850.0,4.003868560073897
169,1.6477184295654297,426.67120361328125,0.0,2687.64501953125,2850.0,4.025776390102692
170,0.8044444918632507,475.4034423828125,0.0,2687.64501953125,2850.0,4.047836437006481
171,0.5879597663879395,423.15203857421875,0.0,2687.64501953125,2850.0,4.069898393005133
172,0.7412328124046326,334.37921142578125,0.0,2687.64501953125,2850.0,4.091801205067895
173,0.7100021839141846,254.70159912109375,0.0,2687.64501953125,2850.0,4.113366384059191
174,0.8136199712753296,340.21307373046875,0.0,2687.64501953125,2850.0,4.135138264042325
175,0.756852388381958,322.3255615234375,0.0,2687.64501953125,2850.0,4.157310053007677
176,0.767839789390564,358.2798767089844,0.0,2687.64501953125,2850.0,4.179172618081793
177,0.6856529712677002,353.8785400390625,0.0,2687.64501953125,2850.0,4.200646564015187
178,0.6431587338447571,378.3831787109375,0.0,2687.64501953125,2850.0,4.222441316000186
179,0.7746604681015015,313.14239501953125,0.0,2687.64501953125,2850.0,4.244343336089514
180,0.7650647163391113,387.8895568847656,0.0,2687.64501953125,2850.0,4.266205103020184
181,0.6641732454299927,320.8190612792969,0.0,2687.64501953125,2850.0,4.288074549054727
182,1.4570739269256592,437.6983642578125,0.0,2687.64501953125,2850.0,4.309904872090556
183,0.7736034989356995,368.01324462890625,0.0,2687.64501953125,2850.0,4.331760992063209
184,0.761612057685852,474.65478515625,0.0,2687.64501953125,2850.0,4.353873506071977
185,1.2942878007888794,423.0888366699219,0.0,2687.64501953125,2850.0,4.37621768808458
186,1.5280580520629883,453.19921875,0.0,2687.64501953125,2850.0,4.3980386790353805
187,0.6790335178375244,293.77734375,0.0,2687.64501953125,2850.0,4.419882197049446
188,0.6681514978408813,312.2552185058594,0.0,2687.64501953125,2852.0,4.44201062200591
189,1.0968866348266602,297.3313903808594,0.0,2687.64501953125,2852.0,4.46388352708891
190,0.6923078298568726,303.2434997558594,0.0,2687.64501953125,2852.0,4.485328131006099
191,0.6694293022155762,414.94842529296875,0.0,2687.64501953125,2852.0,4.507609672029503
192,0.6758759021759033,300.677490234375,0.0,2687.64501953125,2852.0,4.529543648008257
193,0.7799777388572693,363.5628662109375,0.0,2687.64501953125,2852.0,4.551342591061257
194,0.553474485874176,414.73101806640625,0.0,2687.64501953125,2852.0,4.573244193103164
195,2.0464916229248047,377.3370361328125,0.0,2687.64501953125,2852.0,4.595100436010398
196,0.6980371475219727,270.5892333984375,0.0,2687.64501953125,2852.0,4.616903739050031
197,1.4235823154449463,405.1143493652344,0.0,2687.64501953125,2852.0,4.638385082012974
198,2.028914451599121,492.0205993652344,0.0,2687.64501953125,2852.0,4.660142948036082
199,0.8101868033409119,777.3484497070312,0.0,2687.64501953125,2852.0,4.681972802034579
200,0.6961650252342224,533.3369140625,0.0,2687.64501953125,2852.0,4.703955648001283
201,0.8315672874450684,378.96612548828125,0.0,2687.64501953125,2852.0,4.725475689047016
202,0.5980273485183716,470.1614685058594,0.0,2687.64501953125,2852.0,4.747627105098218
203,0.7023979425430298,784.289794921875,0.0,2687.64501953125,2852.0,4.769433964043856
204,0.6304636597633362,242.78564453125,0.0,2687.64501953125,2852.0,4.790878223022446
205,0.7102426886558533,327.651611328125,0.0,2687.64501953125,2852.0,4.8127520540729165
206,0.9853029251098633,425.62408447265625,0.0,2687.64501953125,2852.0,4.8342307090060785
207,0.6800768375396729,361.255126953125,0.0,2687.64501953125,2852.0,4.856019407045096
208,1.5056360960006714,533.9244384765625,0.0,2687.64501953125,2852.0,4.877855045022443
209,1.4248135089874268,502.5262145996094,0.0,2687.64501953125,2852.0,4.8996981150703505
210,0.6020844578742981,415.969482421875,0.0,2687.64501953125,2852.0,4.921467438107356
211,1.048950433731079,339.4903259277344,0.0,2687.64501953125,2852.0,4.9435988400364295
212,0.5673421621322632,289.80206298828125,0.0,2687.64501953125,2852.0,4.965545731014572
213,0.605688214302063,281.3505859375,0.0,2687.64501953125,2852.0,4.9870446680579334
214,0.7934439778327942,462.1865234375,0.0,2687.64501953125,2852.0,5.008373784017749
215,0.6730943322181702,424.6706848144531,0.0,2687.64501953125,2852.0,5.030300659011118
216,0.6332306861877441,337.9958190917969,0.0,2687.64501953125,2852.0,5.05220910301432
217,0.6762713193893433,324.2366027832031,0.0,2687.64501953125,2852.0,5.0737309120595455
218,1.1299715042114258,252.82151794433594,0.0,2687.64501953125,2852.0,5.095117578050122
219,0.5712283849716187,270.16485595703125,0.0,2687.64501953125,2852.0,5.116849089041352
220,0.6024000644683838,224.14418029785156,0.0,2687.64501953125,2852.0,5.139029890997335
221,0.642639696598053,315.7554931640625,0.0,2687.64501953125,2852.0,5.1607199950376526
222,1.4613580703735352,631.916259765625,0.0,2687.64501953125,2852.0,5.18267150700558
223,0.649456799030304,273.69158935546875,0.0,2687.64501953125,2852.0,5.204502379056066
224,1.283623218536377,525.9478759765625,0.0,2687.64501953125,2852.0,5.226256714086048
225,2.4737205505371094,474.274169921875,0.0,2687.64501953125,2852.0,5.248044635052793
226,1.6466505527496338,400.806640625,0.0,2687.64501953125,2852.0,5.26990844507236
227,0.6632823944091797,470.4635314941406,0.0,2687.64501953125,2852.0,5.2917269330937415
228,0.6585224866867065,615.6405029296875,0.0,2687.64501953125,2852.0,5.313571948092431
229,0.6574145555496216,292.4559020996094,0.0,2687.64501953125,2852.0,5.335681195021607
230,0.6112997531890869,283.2568054199219,0.0,2687.64501953125,2852.0,5.357112506055273
231,0.6752257347106934,303.0552062988281,0.0,2687.64501953125,2852.0,5.378989551099949
232,0.5990616083145142,696.9866943359375,0.0,2687.64501953125,2852.0,5.4008414500858635
233,0.615655779838562,326.5750732421875,0.0,2687.64501953125,2852.0,5.422281585051678
234,0.697147011756897,309.09893798828125,0.0,2687.64501953125,2852.0,5.444163265055977
235,0.5699995160102844,301.79339599609375,0.0,2687.64501953125,2852.0,5.4660302040865645
236,1.435950756072998,324.3761291503906,0.0,2687.64501953125,2852.0,5.4877820539986715
237,0.6387752294540405,270.20672607421875,0.0,2687.64501953125,2852.0,5.509497549035586
238,0.6878061294555664,367.9165954589844,0.0,2687.64501953125,2852.0,5.531746833003126
239,0.65887451171875,305.624755859375,0.0,2687.64501953125,2852.0,5.553460021037608
240,0.5451023578643799,411.16766357421875,0.0,2687.64501953125,2852.0,5.5748559480998665
241,0.6997198462486267,345.8878173828125,0.0,2687.64501953125,2852.0,5.596661417046562
242,0.8634066581726074,304.34295654296875,0.0,2687.64501953125,2852.0,5.618466142099351
243,0.4961833357810974,221.50025939941406,0.0,2687.64501953125,2852.0,5.640327285043895
244,0.6545984745025635,233.33009338378906,0.0,2687.64501953125,2852.0,5.662238949094899
245,0.6822420954704285,297.4532470703125,0.0,2687.64501953125,2852.0,5.683643062016927
246,2.207521677017212,548.8759155273438,0.0,2687.64501953125,2852.0,5.705528870108537
247,0.7306767702102661,313.4359130859375,0.0,2687.64501953125,2852.0,5.7276510040974244
248,1.6197426319122314,320.1579284667969,0.0,2687.64501953125,2852.0,5.749558267998509
249,1.8671174049377441,764.1812744140625,0.0,2687.64501953125,2852.0,5.770925007062033
250,0.5838101506233215,254.9737548828125,0.0,2687.64501953125,2852.0,5.792868466000073
251,0.5837771892547607,311.5970764160156,0.0,2687.64501953125,2852.0,5.814290541107766
252,0.649982213973999,271.3011474609375,0.0,2687.64501953125,2852.0,5.8361175410682335
253,0.6985162496566772,289.63140869140625,0.0,2687.64501953125,2852.0,5.857985511072911
254,0.6348508596420288,317.13763427734375,0.0,2687.64501953125,2852.0,5.879784096032381
255,0.5859509706497192,256.1041259765625,0.0,2687.64501953125,2852.0,5.90166739502456
256,0.5427566170692444,337.31866455078125,0.0,2687.64501953125,2852.0,5.923720775055699
257,0.5912289619445801,287.52325439453125,0.0,2687.64501953125,2852.0,5.945566271082498
258,0.6274556517601013,238.5933837890625,0.0,2687.64501953125,2852.0,5.967413870035671
259,0.6092019081115723,225.51991271972656,0.0,2687.64501953125,2852.0,5.988849188084714
260,0.6320979595184326,225.09939575195312,0.0,2687.64501953125,2852.0,6.010688248090446
261,0.5322965383529663,277.53350830078125,0.0,2687.64501953125,2852.0,6.032264997018501
262,0.6773310899734497,321.092529296875,0.0,2687.64501953125,2852.0,6.054301285999827
263,1.7888407707214355,363.26654052734375,0.0,2687.64501953125,2852.0,6.076235211105086
264,1.247399091720581,369.024658203125,0.0,2687.64501953125,2852.0,6.098163237096742
265,0.5966131091117859,285.1859130859375,0.0,2687.64501953125,2852.0,6.120308064040728
266,1.0722090005874634,374.4216613769531,0.0,2687.64501953125,2852.0,6.142061139107682
267,0.5115541219711304,222.03466796875,0.0,2687.64501953125,2852.0,6.163570447009988
268,1.3233860731124878,392.85357666015625,0.0,2687.64501953125,2852.0,6.185486334026791
269,0.5621269941329956,285.16204833984375,0.0,2687.64501953125,2852.0,6.207431212067604
270,0.6235162019729614,209.79660034179688,0.0,2687.64501953125,2852.0,6.22936393506825
271,0.6939710378646851,286.4455871582031,0.0,2687.64501953125,2852.0,6.250835188082419
272,1.6292240619659424,433.20184326171875,0.0,2687.64501953125,2852.0,6.27269937004894
273,0.631363034248352,247.85926818847656,0.0,2687.64501953125,2852.0,6.29458807699848
274,2.0301873683929443,448.5621643066406,0.0,2687.64501953125,2852.0,6.316669682040811
275,0.7625554800033569,352.34112548828125,0.0,2687.64501953125,2852.0,6.338611921994016
276,1.7269885540008545,497.67626953125,0.0,2687.64501953125,2852.0,6.360369784059003
277,1.2131518125534058,369.53546142578125,0.0,2687.64501953125,2852.0,6.382074268069118
278,1.2278251647949219,286.68194580078125,0.0,2687.64501953125,2852.0,6.403946344042197
279,0.5842298269271851,358.11553955078125,0.0,2687.64501953125,2852.0,6.425805711071007
280,0.5824189186096191,306.4510803222656,0.0,2687.64501953125,2852.0,6.4476056169951335
281,0.6374030709266663,312.96484375,0.0,2687.64501953125,2852.0,6.469047638005577
282,0.5090605020523071,317.0189208984375,0.0,2687.64501953125,2852.0,6.490549969021231
283,0.7041950225830078,390.14813232421875,0.0,2687.64501953125,2852.0,6.512616701074876
284,0.6258460283279419,316.5116882324219,0.0,2687.64501953125,2852.0,6.534150093095377
285,0.5859788656234741,276.6096496582031,0.0,2687.64501953125,2852.0,6.555966041050851
286,0.5766040682792664,304.3529052734375,0.0,2687.64501953125,2852.0,6.577722039073706
287,0.6382483243942261,314.53070068359375,0.0,2687.64501953125,2852.0,6.599571390077472
288,1.5091156959533691,409.1238708496094,0.0,2687.64501953125,2852.0,6.621407418046147
289,2.0843629837036133,630.8597412109375,0.0,2687.64501953125,2852.0,6.643113058060408
290,0.8278793692588806,786.099853515625,0.0,2687.64501953125,2852.0,6.665015619015321
291,0.6072245836257935,241.46844482421875,0.0,2687.64501953125,2852.0,6.686916235019453
292,0.5842909216880798,238.7482452392578,0.0,2687.64501953125,2852.0,6.708934025024064
293,0.6296278238296509,573.2113037109375,0.0,2687.64501953125,2852.0,6.7307903920300305
294,0.650698721408844,454.4581604003906,0.0,2687.64501953125,2852.0,6.752669104025699
295,1.1075811386108398,430.467041015625,0.0,2687.64501953125,2852.0,6.774530615075491
296,1.4342174530029297,347.6436462402344,0.0,2687.64501953125,2852.0,6.7964074100600556
297,2.1804938316345215,417.2612609863281,0.0,2687.64501953125,2852.0,6.817845212994143
298,0.7131768465042114,391.8553161621094,0.0,2687.64501953125,2852.0,6.83972490101587
299,0.6524268388748169,420.569091796875,0.0,2687.64501953125,2852.0,6.861144333030097
300,1.8919036388397217,392.591796875,0.0,2687.64501953125,2852.0,6.882589644053951
301,1.251084566116333,519.2921752929688,0.0,2687.64501953125,2852.0,6.904754285002127
302,0.7331618070602417,418.2453308105469,0.0,2687.64501953125,2852.0,6.926560998079367
303,0.6540504097938538,257.8150634765625,0.0,2687.64501953125,2852.0,6.9484321071067825
304,1.5802425146102905,386.6651611328125,0.0,2687.64501953125,2852.0,6.970294957049191
305,1.8891576528549194,362.2359619140625,0.0,2687.64501953125,2852.0,6.992376074078493
306,0.6339569091796875,357.47137451171875,0.0,2687.64501953125,2852.0,7.014091741060838
307,0.5624375343322754,298.07098388671875,0.0,2687.64501953125,2852.0,7.036070635076612
308,0.5293164253234863,285.8165283203125,0.0,2687.64501953125,2852.0,7.058131319005042
309,0.658513069152832,287.5775146484375,0.0,2687.64501953125,2852.0,7.07959130499512
310,0.5600029230117798,254.41432189941406,0.0,2687.64501953125,2852.0,7.101673077093437
311,1.1215897798538208,272.82159423828125,0.0,2687.64501953125,2852.0,7.123508397024125
312,0.44776153564453125,211.40142822265625,0.0,2687.64501953125,2852.0,7.1452878320124
313,0.6280346512794495,238.81158447265625,0.0,2687.64501953125,2852.0,7.167150502093136
314,0.6580715775489807,231.7094268798828,0.0,2687.64501953125,2852.0,7.1891459110192955
315,0.6232980489730835,297.6077880859375,0.0,2687.64501953125,2852.0,7.211016132030636
316,0.5007408261299133,233.3516845703125,0.0,2687.64501953125,2852.0,7.232784357038327
317,1.3122174739837646,463.60882568359375,0.0,2687.64501953125,2852.0,7.254585560993291
318,0.5762732028961182,295.84832763671875,0.0,2687.64501953125,2852.0,7.276424570009112
319,0.6356271505355835,238.47195434570312,0.0,2687.64501953125,2852.0,7.298596988082863
320,0.4590417444705963,242.5152130126953,0.0,2687.64501953125,2852.0,7.32035799510777
321,0.8541631102561951,262.62213134765625,0.0,2687.64501953125,2852.0,7.342168573057279
322,0.6455227732658386,270.0993957519531,0.0,2687.64501953125,2852.0,7.364072025055066
323,0.6007737517356873,296.9217529296875,0.0,2687.64501953125,2852.0,7.385547247016802
324,0.5747966170310974,260.20361328125,0.0,2687.64501953125,2852.0,7.407353779999539
325,0.49362799525260925,260.156494140625,0.0,2687.64501953125,2852.0,7.4290976281045005
326,1.840092658996582,367.46868896484375,0.0,2687.64501953125,2852.0,7.450770125025883
327,0.5477125644683838,206.31814575195312,0.0,2687.64501953125,2852.0,7.472647677059285
328,1.9891773462295532,331.05242919921875,0.0,2687.64501953125,2852.0,7.494360315031372
329,0.60045325756073,295.1474609375,0.0,2687.64501953125,2852.0,7.516197445103899
330,0.5852481126785278,237.3802947998047,0.0,2687.64501953125,2852.0,7.537747997092083
331,0.5369753837585449,259.1679992675781,0.0,2687.64501953125,2852.0,7.559742993093096
332,1.7481759786605835,339.03448486328125,0.0,2687.64501953125,2852.0,7.581314789014868
333,0.5670202970504761,205.73052978515625,0.0,2687.64501953125,2852.0,7.603176049073227
334,0.5566682815551758,262.27886962890625,0.0,2687.64501953125,2852.0,7.625007841037586
335,0.46720555424690247,294.11767578125,0.0,2687.64501953125,2852.0,7.646821642993018
336,0.6578806638717651,262.41534423828125,0.0,2687.64501953125,2852.0,7.668613155023195
337,0.6206679344177246,318.42559814453125,0.0,2687.64501953125,2852.0,7.690698191057891
338,0.3861229121685028,213.81048583984375,0.0,2687.64501953125,2852.0,7.712493648054078
339,0.5580105781555176,248.50650024414062,0.0,2687.64501953125,2852.0,7.733967322041281
340,0.6298360824584961,299.446044921875,0.0,2687.64501953125,2852.0,7.755776385078207
341,0.6586886644363403,281.62469482421875,0.0,2687.64501953125,2852.0,7.77725557400845
342,0.5855823755264282,316.5588684082031,0.0,2687.64501953125,2852.0,7.799110374995507
343,0.5382106304168701,402.6950988769531,0.0,2687.64501953125,2852.0,7.820971911074594
344,0.709228515625,251.4832305908203,0.0,2687.64501953125,2852.0,7.8424672849942
345,1.52731454372406,343.9549560546875,0.0,2687.64501953125,2852.0,7.864203589037061
346,0.4543546736240387,320.1505126953125,0.0,2687.64501953125,2852.0,7.886357941082679
347,0.4750530421733856,279.8123779296875,0.0,2687.64501953125,2852.0,7.908092968049459
348,1.451319694519043,296.80877685546875,0.0,2687.64501953125,2852.0,7.929985833005048
349,0.592225193977356,290.6837463378906,0.0,2687.64501953125,2852.0,7.9517407520907
350,1.5432831048965454,391.590576171875,0.0,2687.64501953125,2852.0,7.973694939049892
351,0.584416389465332,241.42189025878906,0.0,2687.64501953125,2852.0,7.995656376006082
352,0.48955461382865906,207.40997314453125,0.0,2687.64501953125,2852.0,8.017532250029035
353,0.6375965476036072,261.53887939453125,0.0,2687.64501953125,2852.0,8.039577711024322
354,1.0308414697647095,350.2798767089844,0.0,2687.64501953125,2852.0,8.061480394098908
355,0.6365491151809692,264.09619140625,0.0,2687.64501953125,2852.0,8.083565557026304
356,0.6011054515838623,204.54617309570312,0.0,2687.64501953125,2852.0,8.105361357098445
357,0.5119135975837708,203.1411895751953,0.0,2687.64501953125,2852.0,8.126758855069056
358,1.3285791873931885,432.2545471191406,0.0,2687.64501953125,2852.0,8.148508783080615
359,0.5827879905700684,194.50491333007812,0.0,2687.64501953125,2852.0,8.170487163006328
360,0.4577508568763733,206.01661682128906,0.0,2687.64501953125,2852.0,8.192363263107836
361,0.8423806428909302,390.2680969238281,0.0,2687.64501953125,2852.0,8.214272640063427
362,0.7042664289474487,265.07666015625,0.0,2687.64501953125,2852.0,8.236166808055714
363,0.5581071376800537,256.9248962402344,0.0,2687.64501953125,2852.0,8.258038865053095
364,0.4983552396297455,201.08135986328125,0.0,2687.64501953125,2852.0,8.280088135041296
365,0.6583700180053711,203.57647705078125,0.0,2687.64501953125,2852.0,8.301544181071222
366,1.1868153810501099,292.4668273925781,0.0,2687.64501953125,2852.0,8.32341135700699
367,0.6167902946472168,212.1953125,0.0,2687.64501953125,2852.0,8.345186060993
368,0.5954927206039429,210.18707275390625,0.0,2687.64501953125,2852.0,8.366946272086352
369,0.5209033489227295,222.0538787841797,0.0,2687.64501953125,2852.0,8.38881112006493
370,1.1432147026062012,268.9958801269531,0.0,2687.64501953125,2852.0,8.410724918008782
371,1.378633975982666,290.23919677734375,0.0,2687.64501953125,2852.0,8.432511863065884
372,0.5045567750930786,209.60211181640625,0.0,2687.64501953125,2852.0,8.453960602055304
373,0.6207770109176636,252.64651489257812,0.0,2687.64501953125,2852.0,8.475625580060296
374,0.635209321975708,239.76953125,0.0,2687.64501953125,2852.0,8.497504457016475
375,0.49635082483291626,178.96261596679688,0.0,2687.64501953125,2852.0,8.519369909074157
376,1.3179527521133423,280.8245544433594,0.0,2687.64501953125,2852.0,8.540956195094623
377,0.6417402029037476,287.5404968261719,0.0,2687.64501953125,2852.0,8.563030556077138
378,0.574871301651001,229.2123260498047,0.0,2687.64501953125,2852.0,8.58490764501039
379,0.6189359426498413,237.78689575195312,0.0,2687.64501953125,2852.0,8.606441505020484
380,0.5902329683303833,173.46505737304688,0.0,2687.64501953125,2852.0,8.628785709035583
381,0.5635398626327515,191.8046875,0.0,2687.64501953125,2852.0,8.650695189018734
382,0.4667917490005493,348.60955810546875,0.0,2687.64501953125,2852.0,8.673036416061223
383,0.5580987334251404,312.9815368652344,0.0,2687.64501953125,2852.0,8.694979009102099
384,0.47143954038619995,230.41859436035156,0.0,2687.64501953125,2852.0,8.716683346079662
385,0.44238874316215515,237.43392944335938,0.0,2687.64501953125,2852.0,8.738473052042536
386,0.6675481796264648,226.12664794921875,0.0,2687.64501953125,2852.0,8.760339620057493
387,0.43782147765159607,232.00775146484375,0.0,2687.64501953125,2852.0,8.782250546035357
388,0.5479380488395691,174.1649932861328,0.0,2687.64501953125,2852.0,8.804057247005403
389,0.5702216625213623,166.37435913085938,0.0,2687.64501953125,2852.0,8.82585114100948
390,0.4823533296585083,243.2396697998047,0.0,2687.64501953125,2852.0,8.847660312079825
391,0.6309077739715576,237.79696655273438,0.0,2687.64501953125,2852.0,8.869729033089243
392,1.7809151411056519,440.7737731933594,0.0,2687.64501953125,2852.0,8.891466147033498
393,0.6570659875869751,284.27716064453125,0.0,2687.64501953125,2852.0,8.913408391061239
394,0.6511816382408142,240.18446350097656,0.0,2687.64501953125,2852.0,8.93527369108051
395,0.6104316711425781,271.500732421875,0.0,2687.64501953125,2852.0,8.957126193097793
396,1.6071938276290894,357.4136962890625,0.0,2687.64501953125,2852.0,8.97896678710822
397,0.5578980445861816,185.05349731445312,0.0,2687.64501953125,2852.0,9.000981083023362
398,0.5373505353927612,247.69094848632812,0.0,2687.64501953125,2852.0,9.022595664020628
399,0.48712414503097534,187.45724487304688,0.0,2687.64501953125,2852.0,9.044692673021927
400,0.6403254866600037,195.61602783203125,0.0,2687.64501953125,2852.0,9.066968912025914
401,0.5532518625259399,270.8144226074219,0.0,2687.64501953125,2852.0,9.088521426077932
402,0.5466788411140442,239.73519897460938,0.0,2687.64501953125,2852.0,9.109918247093447
403,0.4809078276157379,192.92205810546875,0.0,2687.64501953125,2852.0,9.131787090096623
404,2.548637628555298,450.5374755859375,0.0,2687.64501953125,2852.0,9.153677298105322
405,0.6399645805358887,239.58834838867188,0.0,2687.64501953125,2852.0,9.175515894079581
406,0.5938966274261475,164.98834228515625,0.0,2687.64501953125,2852.0,9.197290033102036
407,0.5597895383834839,205.66683959960938,0.0,2687.64501953125,2852.0,9.219029806088656
408,1.5243762731552124,388.1932373046875,0.0,2687.64501953125,2852.0,9.240882505080663
409,0.5921614170074463,151.86923217773438,0.0,2687.64501953125,2852.0,9.262956025078893
410,1.0339810848236084,206.80523681640625,0.0,2687.64501953125,2852.0,9.284403250087053
411,0.5579506158828735,198.1980438232422,0.0,2687.64501953125,2852.0,9.306346769095398
412,0.5660827159881592,253.09478759765625,0.0,2687.64501953125,2852.0,9.328113769064657
413,0.6112561225891113,215.13043212890625,0.0,2687.64501953125,2852.0,9.349531155079603
414,0.5479570031166077,233.1541290283203,0.0,2687.64501953125,2852.0,9.371471190010197
415,0.5653404593467712,188.68528747558594,0.0,2687.64501953125,2852.0,9.393362183007412
416,0.6099793910980225,210.57830810546875,0.0,2687.64501953125,2852.0,9.414802536019124
417,0.45614850521087646,181.787841796875,0.0,2687.64501953125,2852.0,9.436646513058804
418,0.5957705974578857,184.03726196289062,0.0,2687.64501953125,2852.0,9.458691969048232
419,0.535921037197113,158.41073608398438,0.0,2687.64501953125,2852.0,9.480124004068784
420,1.2826902866363525,224.2120361328125,0.0,2687.64501953125,2852.0,9.50187070807442
421,0.5912350416183472,244.99432373046875,0.0,2687.64501953125,2852.0,9.523676975048147
422,0.5147252678871155,169.43240356445312,0.0,2687.64501953125,2852.0,9.545687845093198
423,0.4895783066749573,245.82046508789062,0.0,2687.64501953125,2852.0,9.567763419006951
424,0.6005179286003113,231.40521240234375,0.0,2687.64501953125,2852.0,9.589359827106819
425,0.5430281758308411,175.18466186523438,0.0,2687.64501953125,2852.0,9.611234173062257
426,0.6083056926727295,199.369873046875,0.0,2687.64501953125,2852.0,9.633097143028863
427,0.6165688037872314,249.91526794433594,0.0,2687.64501953125,2852.0,9.655202504014596
428,0.4619790017604828,208.3347930908203,0.0,2687.64501953125,2852.0,9.677083151065744
429,2.065751075744629,385.94384765625,0.0,2687.64501953125,2852.0,9.698899341048673
430,0.4658503830432892,235.25787353515625,0.0,2687.64501953125,2852.0,9.720807645004243
431,0.49531328678131104,198.74560546875,0.0,2687.64501953125,2852.0,9.742722681025043
432,1.3851230144500732,359.4624938964844,0.0,2687.64501953125,2852.0,9.764662242028862
433,0.43349671363830566,215.90081787109375,0.0,2687.64501953125,2852.0,9.786553725018166
434,0.9506424069404602,263.0008544921875,0.0,2687.64501953125,2852.0,9.808352721040137
435,1.2115063667297363,392.8844299316406,0.0,2687.64501953125,2852.0,9.830241745105013
436,2.0943453311920166,452.474609375,0.0,2687.64501953125,2852.0,9.852297580102459
437,0.5656235218048096,182.07125854492188,0.0,2687.64501953125,2852.0,9.873757038032636
438,0.7046639323234558,340.86248779296875,0.0,2687.64501953125,2852.0,9.895592247019522
439,1.3495662212371826,232.81613159179688,0.0,2687.64501953125,2852.0,9.917133309063502
440,0.5212959051132202,209.0782470703125,0.0,2687.64501953125,2852.0,9.938975305994973
441,0.570358157157898,199.4210205078125,0.0,2687.64501953125,2852.0,9.960837725084275
442,0.5008529424667358,219.20370483398438,0.0,2687.64501953125,2852.0,9.98272115108557
443,0.5481134653091431,237.76605224609375,0.0,2687.64501953125,2852.0,10.004219602094963
444,0.5568021535873413,204.47372436523438,0.0,2687.64501953125,2852.0,10.025585312047042
445,0.5368780493736267,197.6582794189453,0.0,2687.64501953125,2852.0,10.047795852064155
446,0.4890061914920807,207.50537109375,0.0,2687.64501953125,2852.0,10.069589793100022
447,1.3847142457962036,422.32647705078125,0.0,2687.64501953125,2852.0,10.091378106037155
448,0.5352144241333008,264.24932861328125,0.0,2687.64501953125,2852.0,10.113274019095115
449,1.3337595462799072,473.34527587890625,0.0,2687.64501953125,2852.0,10.135129022062756
450,0.5313202142715454,211.28363037109375,0.0,2687.64501953125,2852.0,10.157008806010708
451,0.5596802234649658,179.547119140625,0.0,2687.64501953125,2852.0,10.178971788031049
452,0.6164146065711975,211.70355224609375,0.0,2687.64501953125,2852.0,10.200889786006883
453,0.5159091949462891,231.7774200439453,0.0,2687.64501953125,2852.0,10.222356308018789
454,0.6274089813232422,259.83642578125,0.0,2687.64501953125,2852.0,10.244507115101442
455,0.5791276693344116,261.6679992675781,0.0,2687.64501953125,2852.0,10.266481837024912
456,0.5732420682907104,199.47244262695312,0.0,2687.64501953125,2852.0,10.288301889086142
457,0.542271614074707,216.50704956054688,0.0,2687.64501953125,2852.0,10.310083690099418
458,0.5267461538314819,196.98837280273438,0.0,2687.64501953125,2852.0,10.331981466035359
459,1.4185218811035156,365.0875549316406,0.0,2687.64501953125,2852.0,10.353460291051306
460,0.5771966576576233,223.9114990234375,0.0,2687.64501953125,2852.0,10.375335373100825
461,0.6058732271194458,267.37725830078125,0.0,2687.64501953125,2852.0,10.396916672005318
462,1.1575348377227783,445.85479736328125,0.0,2687.64501953125,2852.0,10.418684581993148
463,0.4962928593158722,278.2999267578125,0.0,2687.64501953125,2852.0,10.44083976210095
464,1.2944698333740234,213.2015380859375,0.0,2687.64501953125,2852.0,10.462683013058268
465,0.5229321718215942,250.00453186035156,0.0,2687.64501953125,2852.0,10.484430505079217
466,0.5147556066513062,231.33331298828125,0.0,2687.64501953125,2852.0,10.50627020408865
467,0.6330462694168091,287.417236328125,0.0,2687.64501953125,2852.0,10.528137239045464
468,1.2508963346481323,428.5672607421875,0.0,2687.64501953125,2852.0,10.550291282008402
469,1.8018798828125,340.24176025390625,0.0,2687.64501953125,2852.0,10.572359926998615
470,0.4830074608325958,363.7536926269531,0.0,2687.64501953125,2852.0,10.594242446008138
471,0.6257033348083496,203.6971435546875,0.0,2687.64501953125,2852.0,10.616098317084834
472,0.60498046875,242.29827880859375,0.0,2687.64501953125,2852.0,10.638225525035523
473,0.5745724439620972,271.815673828125,0.0,2687.64501953125,2852.0,10.659593645017594
474,0.644424319267273,189.70590209960938,0.0,2687.64501953125,2852.0,10.681533616036177
475,0.5633643865585327,183.90621948242188,0.0,2687.64501953125,2852.0,10.703450146014802
476,0.5585291981697083,172.63055419921875,0.0,2687.64501953125,2852.0,10.724905210081488
477,0.5896762013435364,212.3396759033203,0.0,2687.64501953125,2852.0,10.746722605079412
478,0.5397826433181763,217.9012908935547,0.0,2687.64501953125,2852.0,10.768622416071594
479,0.5199497938156128,193.51486206054688,0.0,2687.64501953125,2852.0,10.790402328013442
480,0.6081554293632507,188.20849609375,0.0,2687.64501953125,2852.0,10.81188746506814
481,0.6049304008483887,341.0778503417969,0.0,2687.64501953125,2852.0,10.833965005003847
482,0.6375446319580078,267.3399353027344,0.0,2687.64501953125,2852.0,10.85579541604966
483,1.0921707153320312,344.32183837890625,0.0,2687.64501953125,2852.0,10.877642418025061
484,0.4672813415527344,225.049560546875,0.0,2687.64501953125,2852.0,10.899554125033319
485,0.39821118116378784,251.544677734375,0.0,2687.64501953125,2852.0,10.921503836056218
486,0.5785719156265259,216.28909301757812,0.0,2687.64501953125,2852.0,10.943395272013731
487,1.867100477218628,380.5864562988281,0.0,2687.64501953125,2852.0,10.965197894023731
488,0.4617619514465332,216.80267333984375,0.0,2687.64501953125,2852.0,10.987078817095608
489,0.5268610715866089,206.5994110107422,0.0,2687.64501953125,2852.0,11.009060660027899
490,0.5271012783050537,210.59463500976562,0.0,2687.64501953125,2852.0,11.031194946030155
491,0.6424155235290527,245.599609375,0.0,2687.64501953125,2852.0,11.052738746046089
492,0.5381861329078674,244.13926696777344,0.0,2687.64501953125,2852.0,11.074259094079025
493,0.49981582164764404,210.566162109375,0.0,2687.64501953125,2852.0,11.096095850109123
494,1.257309913635254,284.4583740234375,0.0,2687.64501953125,2852.0,11.11789019103162
495,1.2954354286193848,289.6507568359375,0.0,2687.64501953125,2852.0,11.139721313025802
496,0.5952870845794678,218.56735229492188,0.0,2687.64501953125,2852.0,11.16165704303421
497,1.5004494190216064,396.98272705078125,0.0,2687.64501953125,2852.0,11.18358715204522
498,0.5707941055297852,210.30587768554688,0.0,2687.64501953125,2852.0,11.20539414708037
499,0.4918091297149658,182.50454711914062,0.0,2687.64501953125,2852.0,11.227529525058344
500,0.5280807018280029,191.5847930908203,0.0,2687.64501953125,2852.0,11.24903417401947
501,0.5233604907989502,193.24041748046875,0.0,2687.64501953125,2852.0,11.270980117027648
502,0.6338220834732056,211.805419921875,0.0,2687.64501953125,2852.0,11.292952165007591
503,0.5141990780830383,166.57968139648438,0.0,2687.64501953125,2852.0,11.314922049059533
504,1.5680961608886719,347.503173828125,0.0,2687.64501953125,2852.0,11.33676541002933
505,0.5241961479187012,170.1031951904297,0.0,2687.64501953125,2852.0,11.358628852060065
506,0.8972532749176025,215.33151245117188,0.0,2687.64501953125,2852.0,11.38042107410729
507,0.4917173385620117,217.83895874023438,0.0,2687.64501953125,2852.0,11.402316437102854
508,1.7131874561309814,372.41754150390625,0.0,2687.64501953125,2852.0,11.424397092079744
509,0.500800371170044,196.30409240722656,0.0,2687.64501953125,2852.0,11.445849365089089
510,0.4715706706047058,173.45962524414062,0.0,2687.64501953125,2852.0,11.467642269097269
511,0.4661387801170349,209.17481994628906,0.0,2687.64501953125,2852.0,11.489944220054895
512,0.5649837851524353,193.787353515625,0.0,2687.64501953125,2852.0,11.51138105802238
513,1.3372583389282227,293.459228515625,0.0,2687.64501953125,2852.0,11.532726022065617
514,1.372888207435608,330.5056457519531,0.0,2687.64501953125,2852.0,11.554897570051253
515,0.5938212275505066,217.69619750976562,0.0,2687.64501953125,2852.0,11.576677511096932
516,0.653027355670929,182.83261108398438,0.0,2687.64501953125,2852.0,11.59860180306714
517,0.6139329075813293,259.82440185546875,0.0,2687.64501953125,2852.0,11.620174373034388
518,0.5892184972763062,219.75802612304688,0.0,2687.64501953125,2852.0,11.641531905042939
519,0.5673980712890625,224.50726318359375,0.0,2687.64501953125,2852.0,11.662948562996462
520,0.5592088103294373,187.23001098632812,0.0,2687.64501953125,2852.0,11.68424011906609
521,0.4473778009414673,255.0996551513672,0.0,2687.64501953125,2852.0,11.706054808106273
522,0.6135426759719849,323.96875,0.0,2687.64501953125,2852.0,11.727874529082328
523,0.5123459100723267,257.5685729980469,0.0,2687.64501953125,2852.0,11.749685605056584
524,0.5456631183624268,247.73403930664062,0.0,2687.64501953125,2852.0,11.771512761013582
525,0.3323860466480255,277.66845703125,0.0,2687.64501953125,2852.0,11.793342488002963
526,1.048216700553894,377.8668212890625,0.0,2687.64501953125,2852.0,11.815609242068604
527,0.6503840684890747,283.9859313964844,0.0,2687.64501953125,2852.0,11.837427471065894
528,0.6218704581260681,302.4180603027344,0.0,2687.64501953125,2852.0,11.859249477041885
529,0.6367948055267334,247.35073852539062,0.0,2687.64501953125,2852.0,11.881066392059438
530,1.4963831901550293,333.1537170410156,0.0,2687.64501953125,2852.0,11.902835137094371
531,1.4972351789474487,334.31231689453125,0.0,2687.64501953125,2852.0,11.924286663066596
532,0.5340027809143066,252.43954467773438,0.0,2687.64501953125,2852.0,11.946075715008192
533,0.5924359560012817,190.78407287597656,0.0,2687.64501953125,2852.0,11.96786792203784
534,0.5084003210067749,229.46832275390625,0.0,2687.64501953125,2852.0,11.989614913007244
535,0.5701853632926941,244.4178466796875,0.0,2687.64501953125,2852.0,12.011324602994137
536,0.5845646858215332,203.62188720703125,0.0,2687.64501953125,2852.0,12.032712463056669
537,0.5839966535568237,205.185546875,0.0,2687.64501953125,2852.0,12.054746702080593
538,1.7326529026031494,265.1252136230469,0.0,2687.64501953125,2852.0,12.076692033093423
539,0.5111348628997803,260.5416564941406,0.0,2687.64501953125,2852.0,12.098517024074681
540,0.35092583298683167,210.81301879882812,0.0,2687.64501953125,2852.0,12.120368767064065
541,1.1080080270767212,212.62481689453125,0.0,2687.64501953125,2852.0,12.142211255035363
542,0.4569365978240967,197.97152709960938,0.0,2687.64501953125,2852.0,12.163906514993869
543,0.5239711999893188,172.59420776367188,0.0,2687.64501953125,2852.0,12.185285718995146
544,0.5968894958496094,180.21978759765625,0.0,2687.64501953125,2852.0,12.207288758014329
545,0.45933032035827637,198.14968872070312,0.0,2687.64501953125,2852.0,12.228702723048627
546,0.6173554062843323,205.29568481445312,0.0,2687.64501953125,2852.0,12.250630688038655
547,0.5349439978599548,221.97238159179688,0.0,2687.64501953125,2852.0,12.271956152049825
548,1.2341324090957642,294.01397705078125,0.0,2687.64501953125,2852.0,12.293729484081268
549,0.5615761280059814,260.918701171875,0.0,2687.64501953125,2852.0,12.315639370004646
550,0.5005649328231812,205.30694580078125,0.0,2687.64501953125,2852.0,12.337504023103975
551,0.4614323079586029,149.90402221679688,0.0,2687.64501953125,2852.0,12.35918108606711
552,0.47756677865982056,237.17742919921875,0.0,2687.64501953125,2852.0,12.381025488022715
553,0.5127031803131104,215.34564208984375,0.0,2687.64501953125,2852.0,12.402693389100023
554,0.5011059045791626,210.32266235351562,0.0,2687.64501953125,2852.0,12.424454574007541
555,0.5814154148101807,204.31573486328125,0.0,2687.64501953125,2852.0,12.446253770031035
556,0.48251184821128845,258.3955078125,0.0,2687.64501953125,2852.0,12.468018908053637
557,0.52439284324646,194.27706909179688,0.0,2687.64501953125,2852.0,12.489427826018073
558,0.45483002066612244,162.02633666992188,0.0,2687.64501953125,2852.0,12.51136458106339
559,0.4915999174118042,216.54388427734375,0.0,2687.64501953125,2852.0,12.533102066023275
560,0.5037588477134705,243.24923706054688,0.0,2687.64501953125,2852.0,12.555153109016828
561,1.3121821880340576,271.37322998046875,0.0,2687.64501953125,2852.0,12.576969759073108
562,0.46790963411331177,203.3525390625,0.0,2687.64501953125,2852.0,12.5992141130846
563,1.1270450353622437,360.23699951171875,0.0,2687.64501953125,2852.0,12.620925382012501
564,0.6589001417160034,243.85726928710938,0.0,2687.64501953125,2852.0,12.642793048056774
565,0.5309172868728638,206.82786560058594,0.0,2687.64501953125,2852.0,12.66424714110326
566,1.0522847175598145,270.9739685058594,0.0,2687.64501953125,2852.0,12.686092082993127
567,0.41190266609191895,227.8746337890625,0.0,2687.64501953125,2852.0,12.707482070080005
568,0.505542516708374,155.56893920898438,0.0,2687.64501953125,2852.0,12.729369827080518
569,0.4826417565345764,172.44264221191406,0.0,2687.64501953125,2852.0,12.750796515028924
570,0.5388534665107727,227.812255859375,0.0,2687.64501953125,2852.0,12.77223311306443
571,0.5649083852767944,230.99639892578125,0.0,2687.64501953125,2852.0,12.794274260057136
572,0.5119052529335022,197.1946258544922,0.0,2687.64501953125,2852.0,12.81609992007725
573,0.5722799301147461,185.98287963867188,0.0,2687.64501953125,2852.0,12.837547861039639
574,0.6615533828735352,233.065185546875,0.0,2687.64501953125,2852.0,12.859448514995165
575,0.6338533163070679,241.24058532714844,0.0,2687.64501953125,2852.0,12.881297394051217
576,0.6979730129241943,274.32568359375,0.0,2687.64501953125,2852.0,12.903113044099882
577,0.6121183633804321,271.7499694824219,0.0,2687.64501953125,2852.0,12.924895358039066
578,0.5848418474197388,227.91065979003906,0.0,2687.64501953125,2852.0,12.946720385109074
579,0.5592261552810669,166.01605224609375,0.0,2687.64501953125,2852.0,12.968044887995347
580,0.6422105431556702,223.77584838867188,0.0,2687.64501953125,2852.0,12.99020624102559
581,0.5051233172416687,201.9435577392578,0.0,2687.64501953125,2852.0,13.011593414004892
582,0.5968336462974548,207.46531677246094,0.0,2687.64501953125,2852.0,13.033339006011374
583,0.5833942890167236,206.54153442382812,0.0,2687.64501953125,2852.0,13.055390002089553
584,0.6116706728935242,206.7960662841797,0.0,2687.64501953125,2852.0,13.076889649033546
585,0.5287521481513977,207.48291015625,0.0,2687.64501953125,2852.0,13.098283721017651
586,0.6240008473396301,162.46566772460938,0.0,2687.64501953125,2852.0,13.120119792059995
587,0.4933226406574249,213.74069213867188,0.0,2687.64501953125,2852.0,13.141915256041102
588,0.48388341069221497,205.46102905273438,0.0,2687.64501953125,2852.0,13.163319114013575
589,0.5215297937393188,155.35281372070312,0.0,2687.64501953125,2852.0,13.185359372058883
590,0.6309362649917603,179.600341796875,0.0,2687.64501953125,2852.0,13.206758266082034
591,0.7469457387924194,257.2826232910156,0.0,2687.64501953125,2852.0,13.228470590081997
592,1.9407542943954468,381.1300964355469,0.0,2687.64501953125,2852.0,13.250257838051766
593,1.547881841659546,313.9830322265625,0.0,2687.64501953125,2852.0,13.272175636026077
594,0.43576139211654663,141.73426818847656,0.0,2687.64501953125,2852.0,13.293925722013228
595,1.2789489030838013,305.65447998046875,0.0,2687.64501953125,2852.0,13.315411070012487
596,1.1524220705032349,235.2691192626953,0.0,2687.64501953125,2852.0,13.33682296401821
597,0.5440402030944824,217.91897583007812,0.0,2687.64501953125,2852.0,13.358125063008629
598,1.044335126876831,435.42132568359375,0.0,2687.64501953125,2852.0,13.380187256028876
599,0.538147509098053,190.9083251953125,0.0,2687.64501953125,2852.0,13.402031653095037
600,0.5704547762870789,247.50344848632812,0.0,2687.64501953125,2852.0,13.423759317025542
601,0.5677250623703003,226.7872314453125,0.0,2687.64501953125,2852.0,13.445618957048282
602,0.569974422454834,213.69744873046875,0.0,2687.64501953125,2852.0,13.466984844068065
603,1.0007727146148682,262.9994812011719,0.0,2687.64501953125,2852.0,13.488738651038148
604,0.6090843081474304,252.94625854492188,0.0,2687.64501953125,2852.0,13.510247547063045
605,0.4496055245399475,222.1211700439453,0.0,2687.64501953125,2852.0,13.532138650072739
606,0.5679723024368286,180.97303771972656,0.0,2687.64501953125,2852.0,13.553697252995335
607,0.5332419872283936,241.11248779296875,0.0,2687.64501953125,2852.0,13.57583709107712
608,0.9014995098114014,313.3130798339844,0.0,2687.64501953125,2852.0,13.597785060061142
609,1.475960612297058,402.9964904785156,0.0,2687.64501953125,2852.0,13.619594949064776
610,0.5775406360626221,199.71372985839844,0.0,2687.64501953125,2852.0,13.641067031072453
611,0.4869006276130676,209.1669464111328,0.0,2687.64501953125,2852.0,13.662789697060362
612,1.7199599742889404,353.1993103027344,0.0,2687.64501953125,2852.0,13.684573261067271
613,0.536696195602417,240.03367614746094,0.0,2687.64501953125,2852.0,13.706492964993231
614,1.2516810894012451,254.854736328125,0.0,2687.64501953125,2852.0,13.728247332037427
615,1.198061466217041,256.7909851074219,0.0,2687.64501953125,2852.0,13.75020052306354
616,0.39809778332710266,217.3701171875,0.0,2687.64501953125,2852.0,13.772918805014342
617,0.4677071273326874,153.4892578125,0.0,2687.64501953125,2852.0,13.794738147058524
618,0.5271310806274414,226.8124542236328,0.0,2687.64501953125,2852.0,13.816222281078808
619,0.5987763404846191,202.9857635498047,0.0,2687.64501953125,2852.0,13.8381097210804
620,0.6449365615844727,237.12496948242188,0.0,2687.64501953125,2852.0,13.859595603076741
621,0.6344420909881592,266.35528564453125,0.0,2687.64501953125,2852.0,13.881039787083864
622,0.5956701636314392,193.6239013671875,0.0,2687.64501953125,2852.0,13.902426519081928
623,0.6019729971885681,202.370849609375,0.0,2687.64501953125,2852.0,13.92433593806345
624,0.5455735921859741,182.00079345703125,0.0,2687.64501953125,2852.0,13.946210460038856
625,0.40852057933807373,166.60986328125,0.0,2687.64501953125,2852.0,13.968365294043906
626,0.5704295635223389,181.90554809570312,0.0,2687.64501953125,2852.0,13.99024871410802
627,0.5225533843040466,159.84693908691406,0.0,2687.64501953125,2852.0,14.012086391099729
628,0.5215993523597717,150.89283752441406,0.0,2687.64501953125,2852.0,14.033926237025298
629,0.6110604405403137,184.73883056640625,0.0,2687.64501953125,2852.0,14.056033901055343
630,0.5584313869476318,230.67074584960938,0.0,2687.64501953125,2852.0,14.077997732092626
631,0.5878490805625916,187.5284423828125,0.0,2687.64501953125,2852.0,14.099861238035373
632,0.5009374022483826,199.01461791992188,0.0,2687.64501953125,2852.0,14.121617196011357
633,0.4449543058872223,237.72036743164062,0.0,2687.64501953125,2852.0,14.143422119086608
634,0.5348049402236938,238.39837646484375,0.0,2687.64501953125,2852.0,14.165102843078785
635,0.6023604869842529,189.25668334960938,0.0,2687.64501953125,2852.0,14.187037048046477
636,0.4585287570953369,228.41159057617188,0.0,2687.64501953125,2852.0,14.208524791058153
637,1.5975717306137085,346.8359680175781,0.0,2687.64501953125,2852.0,14.230479895020835
638,0.5932197570800781,190.70718383789062,0.0,2687.64501953125,2852.0,14.252334507065825
639,0.5080841779708862,206.35743713378906,0.0,2687.64501953125,2852.0,14.273745558108203
640,0.3922646641731262,184.779296875,0.0,2687.64501953125,2852.0,14.295595075003803
641,0.5592741370201111,163.90499877929688,0.0,2687.64501953125,2852.0,14.317599938018247
642,2.027458667755127,572.14453125,0.0,2687.64501953125,2852.0,14.339408021070994
643,0.7293989658355713,706.720703125,0.0,2687.64501953125,2852.0,14.361538164084777
644,1.4626498222351074,417.85986328125,0.0,2687.64501953125,2852.0,14.383391429088078
645,0.4653750956058502,255.7623291015625,0.0,2687.64501953125,2852.0,14.405214486061595
646,2.1590912342071533,484.47076416015625,0.0,2687.64501953125,2852.0,14.426971816108562
647,0.4959396421909332,214.77444458007812,0.0,2687.64501953125,2852.0,14.448731808108278
648,0.5429403185844421,179.80117797851562,0.0,2687.64501953125,2852.0,14.470243254094385
649,0.5334428548812866,180.863037109375,0.0,2687.64501953125,2852.0,14.49212684109807
650,0.5568077564239502,301.65081787109375,0.0,2687.64501953125,2852.0,14.514129327028058
651,0.5993052124977112,185.59092712402344,0.0,2687.64501953125,2852.0,14.535912057035603
652,0.9755988717079163,310.493408203125,0.0,2687.64501953125,2852.0,14.55862877110485
653,2.176290512084961,339.1434326171875,0.0,2687.64501953125,2852.0,14.580650088028051
654,0.5976599454879761,297.39361572265625,0.0,2687.64501953125,2852.0,14.602097172057256
655,0.5006606578826904,279.24749755859375,0.0,2687.64501953125,2852.0,14.624023045995273
656,1.0210623741149902,279.34747314453125,0.0,2687.64501953125,2852.0,14.645821139100008
657,0.547034502029419,246.31878662109375,0.0,2687.64501953125,2852.0,14.667215943103656
658,0.6452169418334961,245.85890197753906,0.0,2687.64501953125,2852.0,14.6887652000878
659,0.576230525970459,223.51028442382812,0.0,2687.64501953125,2852.0,14.7107340201037
660,1.4835686683654785,393.52142333984375,0.0,2687.64501953125,2852.0,14.732680927030742
661,0.6132938861846924,186.02967834472656,0.0,2687.64501953125,2852.0,14.754482703050599
662,0.4345982074737549,210.28152465820312,0.0,2687.64501953125,2852.0,14.776434484054334
663,1.1569870710372925,310.66802978515625,0.0,2687.64501953125,2852.0,14.798538666102104
664,1.7335026264190674,282.4842224121094,0.0,2687.64501953125,2852.0,14.82054196705576
665,0.5474061965942383,280.82769775390625,0.0,2687.64501953125,2852.0,14.842432219069451
666,0.4514113664627075,159.18814086914062,0.0,2687.64501953125,2852.0,14.863963536103256
667,1.1196973323822021,214.89608764648438,0.0,2687.64501953125,2852.0,14.885908554075286
668,0.5695725083351135,284.3441162109375,0.0,2687.64501953125,2852.0,14.907740427996032
669,0.6089839935302734,187.4850616455078,0.0,2687.64501953125,2852.0,14.929597042035311
670,0.39588463306427,184.6880645751953,0.0,2687.64501953125,2852.0,14.951726839062758
671,0.43204236030578613,171.1737518310547,0.0,2687.64501953125,2852.0,14.973523315042257
672,0.3689672350883484,224.78982543945312,0.0,2687.64501953125,2852.0,14.99499488202855
673,1.0209269523620605,308.760498046875,0.0,2687.64501953125,2852.0,15.016843146062456
674,1.092563271522522,236.68441772460938,0.0,2687.64501953125,2852.0,15.03870801103767
675,1.1563223600387573,253.94212341308594,0.0,2687.64501953125,2852.0,15.060720412060618
676,1.0980346202850342,249.660400390625,0.0,2687.64501953125,2852.0,15.082584056071937
677,0.46130433678627014,223.6767578125,0.0,2687.64501953125,2852.0,15.104086380102672
678,1.0083277225494385,276.3340759277344,0.0,2687.64501953125,2852.0,15.12596284900792
679,0.9324162602424622,303.82366943359375,0.0,2687.64501953125,2852.0,15.148018804029562
680,0.6125485897064209,211.1759033203125,0.0,2687.64501953125,2852.0,15.16981564706657
681,1.267916202545166,210.73178100585938,0.0,2687.64501953125,2852.0,15.19159976800438
682,1.2112548351287842,267.9530944824219,0.0,2687.64501953125,2852.0,15.213504675077274
683,0.5507687926292419,217.80860900878906,0.0,2687.64501953125,2852.0,15.235374770010822
684,1.0076844692230225,267.6484375,0.0,2687.64501953125,2852.0,15.257218876038678
685,0.8405696749687195,216.9477081298828,0.0,2687.64501953125,2852.0,15.279009952093475
686,0.5815370082855225,168.40740966796875,0.0,2687.64501953125,2852.0,15.300990340067074
687,0.5490972399711609,208.64488220214844,0.0,2687.64501953125,2852.0,15.322843286092393
688,1.1830880641937256,245.1884765625,0.0,2687.64501953125,2852.0,15.344943204079755
689,0.5074156522750854,234.0134735107422,0.0,2687.64501953125,2852.0,15.366821147035807
690,1.0198173522949219,273.9944152832031,0.0,2687.64501953125,2852.0,15.388642380014062
691,0.44570374488830566,190.69378662109375,0.0,2687.64501953125,2852.0,15.410816570045426
692,0.6049017906188965,191.00485229492188,0.0,2687.64501953125,2852.0,15.432531940052286
693,0.6439709067344666,191.53170776367188,0.0,2687.64501953125,2852.0,15.454355025081895
694,1.2295806407928467,437.3802185058594,0.0,2687.64501953125,2852.0,15.476224476005882
695,0.9954702854156494,277.2138366699219,0.0,2687.64501953125,2852.0,15.497661168104969
696,1.0619003772735596,322.35821533203125,0.0,2687.64501953125,2852.0,15.51898146001622
697,0.61341392993927,217.8848876953125,0.0,2687.64501953125,2852.0,15.541038691997528
698,1.0102146863937378,323.04083251953125,0.0,2687.64501953125,2852.0,15.563270747079514
699,0.40447813272476196,192.4290313720703,0.0,2687.64501953125,2852.0,15.585081271012314
700,0.4802859425544739,159.39300537109375,0.0,2687.64501953125,2852.0,15.606547501054592
701,0.5989064574241638,159.80621337890625,0.0,2687.64501953125,2852.0,15.628377650049515
702,0.40555769205093384,195.80300903320312,0.0,2687.64501953125,2852.0,15.649813807103783
703,0.41984763741493225,207.45196533203125,0.0,2687.64501953125,2852.0,15.671634271042421
704,1.2369482517242432,293.94488525390625,0.0,2687.64501953125,2852.0,15.693436508066952
705,0.585291862487793,173.42123413085938,0.0,2687.64501953125,2852.0,15.715296997106634
706,0.48139455914497375,163.68511962890625,0.0,2687.64501953125,2852.0,15.736986874020658
707,0.4786340892314911,210.29830932617188,0.0,2687.64501953125,2852.0,15.758323265006766
708,0.39012277126312256,216.81201171875,0.0,2687.64501953125,2852.0,15.779727708082646
709,0.5113720297813416,249.55487060546875,0.0,2687.64501953125,2852.0,15.801085611106828
710,0.5758340358734131,261.9702453613281,0.0,2687.64501953125,2852.0,15.822458550101146
711,0.5936763882637024,211.9549560546875,0.0,2687.64501953125,2852.0,15.843830468016677
712,0.6289126873016357,240.68890380859375,0.0,2687.64501953125,2852.0,15.865734751103446
713,0.44880950450897217,253.077392578125,0.0,2687.64501953125,2852.0,15.887589604011737
714,0.48637655377388,209.64108276367188,0.0,2687.64501953125,2852.0,15.908983650035225
715,0.6404716968536377,198.77679443359375,0.0,2687.64501953125,2852.0,15.931171401054598
716,0.5313664674758911,362.5537109375,0.0,2687.64501953125,2852.0,15.952958706999198
717,0.42807701230049133,183.83413696289062,0.0,2687.64501953125,2852.0,15.974734612042084
718,1.3493858575820923,311.00604248046875,0.0,2687.64501953125,2852.0,15.996549786068499
719,0.6589300632476807,284.85272216796875,0.0,2687.64501953125,2852.0,16.018438288010657
720,0.4873117506504059,177.85223388671875,0.0,2687.64501953125,2852.0,16.03990913007874
721,0.3877619504928589,215.4097137451172,0.0,2687.64501953125,2852.0,16.06209021701943
722,1.1246423721313477,371.23193359375,0.0,2687.64501953125,2852.0,16.084031139034778
723,0.5540544986724854,182.7811279296875,0.0,2687.64501953125,2852.0,16.105432297103107
724,0.5238242149353027,219.1126251220703,0.0,2687.64501953125,2852.0,16.127629047026858
725,0.8976107835769653,255.90293884277344,0.0,2687.64501953125,2852.0,16.14951603708323
726,0.6226439476013184,322.5379638671875,0.0,2687.64501953125,2852.0,16.171304404037073
727,0.482359379529953,258.2691650390625,0.0,2687.64501953125,2852.0,16.193142481031828
728,0.5798372030258179,186.78741455078125,0.0,2687.64501953125,2852.0,16.214546833070926
729,0.49174603819847107,190.11221313476562,0.0,2687.64501953125,2852.0,16.236435269005597
730,1.52937912940979,445.74951171875,0.0,2687.64501953125,2852.0,16.258198372088373
731,0.5589307546615601,142.61944580078125,0.0,2687.64501953125,2852.0,16.279979453072883
732,1.098921298980713,272.16748046875,0.0,2687.64501953125,2852.0,16.30165169504471
733,0.9472683668136597,301.08575439453125,0.0,2687.64501953125,2852.0,16.323756338097155
734,0.4703921377658844,249.60440063476562,0.0,2687.64501953125,2852.0,16.345351531053893
735,0.51340651512146,170.70875549316406,0.0,2687.64501953125,2852.0,16.367145303054713
736,0.7511920928955078,260.240234375,0.0,2687.64501953125,2852.0,16.389059677021578
737,1.5901241302490234,263.91522216796875,0.0,2687.64501953125,2852.0,16.410911677055992
738,0.5103878378868103,208.5111083984375,0.0,2687.64501953125,2852.0,16.43285493401345
739,0.4049559235572815,185.61659240722656,0.0,2687.64501953125,2852.0,16.454345351085067
740,1.1588228940963745,262.86444091796875,0.0,2687.64501953125,2852.0,16.476179010001943
741,0.5404586791992188,153.79580688476562,0.0,2687.64501953125,2852.0,16.497937489068136
742,1.5149195194244385,422.5461730957031,0.0,2687.64501953125,2852.0,16.520068739075214
743,0.42141884565353394,179.21067810058594,0.0,2687.64501953125,2852.0,16.54193581000436
744,1.3042190074920654,463.41455078125,0.0,2687.64501953125,2852.0,16.564096830086783
745,1.6456243991851807,396.02093505859375,0.0,2687.64501953125,2852.0,16.585893242037855
746,0.48874396085739136,157.51315307617188,0.0,2687.64501953125,2852.0,16.607484147069044
747,0.5001183748245239,145.79969787597656,0.0,2687.64501953125,2852.0,16.629332258016802
748,0.6563191413879395,225.75027465820312,0.0,2687.64501953125,2852.0,16.651136310072616
749,0.35250765085220337,168.5045166015625,0.0,2687.64501953125,2852.0,16.672601487021893
750,0.5121601819992065,187.00401306152344,0.0,2687.64501953125,2852.0,16.694010404055007
751,0.6366943120956421,232.30520629882812,0.0,2687.64501953125,2852.0,16.716106613050215
752,0.5865148305892944,235.68435668945312,0.0,2687.64501953125,2852.0,16.738052103086375
753,0.5717878341674805,162.61642456054688,0.0,2687.64501953125,2852.0,16.759529637056403
754,0.4767274260520935,251.3010711669922,0.0,2687.64501953125,2852.0,16.781396339996718
755,0.8997431993484497,251.08724975585938,0.0,2687.64501953125,2852.0,16.803204976022243
756,0.5942308902740479,200.43212890625,0.0,2687.64501953125,2852.0,16.82499865302816
757,0.5783107280731201,187.66567993164062,0.0,2687.64501953125,2852.0,16.846518635051325
758,0.5473931431770325,217.5015869140625,0.0,2687.64501953125,2852.0,16.868350171018392
759,1.6536210775375366,309.353759765625,0.0,2687.64501953125,2852.0,16.889781111036427
760,1.015228033065796,444.3179931640625,0.0,2687.64501953125,2852.0,16.911848751013167
761,0.6064293384552002,230.1752166748047,0.0,2687.64501953125,2852.0,16.933777790050954
762,0.5633337497711182,184.2371826171875,0.0,2687.64501953125,2852.0,16.955617891042493
763,0.49813568592071533,176.00250244140625,0.0,2687.64501953125,2852.0,16.97709164605476
764,1.0783872604370117,249.81971740722656,0.0,2687.64501953125,2852.0,16.998889561044052
765,1.1612249612808228,310.3940124511719,0.0,2687.64501953125,2852.0,17.020766991074197
766,0.6407433748245239,186.57968139648438,0.0,2687.64501953125,2852.0,17.042287176009268
767,0.5319828391075134,148.80587768554688,0.0,2687.64501953125,2852.0,17.06435868702829
768,0.9503514766693115,468.68365478515625,0.0,2687.64501953125,2852.0,17.08619276608806
769,0.5715006589889526,169.98074340820312,0.0,2687.64501953125,2852.0,17.108295231009834
770,0.4708191156387329,199.28494262695312,0.0,2687.64501953125,2852.0,17.130173287005164
771,0.4632587730884552,200.0621337890625,0.0,2687.64501953125,2852.0,17.151735465042293
772,0.5600804686546326,200.91502380371094,0.0,2687.64501953125,2852.0,17.17323277599644
773,0.5936755537986755,196.50942993164062,0.0,2687.64501953125,2852.0,17.195039833080955
774,0.5088887810707092,168.69424438476562,0.0,2687.64501953125,2852.0,17.21653477603104
775,1.215997576713562,278.50018310546875,0.0,2687.64501953125,2852.0,17.23839942307677
776,0.5371423363685608,153.90199279785156,0.0,2687.64501953125,2852.0,17.259813981014304
777,0.5399916172027588,160.01522827148438,0.0,2687.64501953125,2852.0,17.281185267027467
778,0.4886447489261627,170.57540893554688,0.0,2687.64501953125,2852.0,17.303307332098484
779,0.5971711277961731,155.12937927246094,0.0,2687.64501953125,2852.0,17.32514631806407
780,0.5230776071548462,222.72988891601562,0.0,2687.64501953125,2852.0,17.346672028070316
781,0.5077351331710815,228.84400939941406,0.0,2687.64501953125,2852.0,17.36843554407824
782,0.5624982714653015,265.889404296875,0.0,2687.64501953125,2852.0,17.39027704205364
783,1.139410138130188,199.5259552001953,0.0,2687.64501953125,2852.0,17.412054251064546
784,1.1238054037094116,277.8084716796875,0.0,2687.64501953125,2852.0,17.433559529017657
785,1.2734118700027466,294.5018310546875,0.0,2687.64501953125,2852.0,17.455410974100232
786,0.4451870918273926,196.474853515625,0.0,2687.64501953125,2852.0,17.477325803018175
787,0.6267969608306885,220.71214294433594,0.0,2687.64501953125,2852.0,17.499446234083734
788,0.4458436369895935,182.17324829101562,0.0,2687.64501953125,2852.0,17.52118474605959
789,0.5194157361984253,200.19178771972656,0.0,2687.64501953125,2852.0,17.543070262065157
790,1.4366123676300049,240.18875122070312,0.0,2687.64501953125,2852.0,17.565286408993416
791,0.6553429961204529,171.8809051513672,0.0,2687.64501953125,2852.0,17.586843513068743
792,0.6367510557174683,244.1842803955078,0.0,2687.64501953125,2852.0,17.60866392601747
793,0.5549970865249634,203.64947509765625,0.0,2687.64501953125,2852.0,17.63008857704699
794,0.5308719277381897,153.5330352783203,0.0,2687.64501953125,2852.0,17.651795883080922
795,0.46436429023742676,177.53158569335938,0.0,2687.64501953125,2852.0,17.673714063013904
796,0.603484034538269,163.5648193359375,0.0,2687.64501953125,2852.0,17.695424613077193
797,0.4676321744918823,171.42225646972656,0.0,2687.64501953125,2852.0,17.717322173062712
798,0.4499995708465576,148.44509887695312,0.0,2687.64501953125,2852.0,17.739122629049234
799,0.5599397420883179,223.665283203125,0.0,2687.64501953125,2852.0,17.76107690006029
800,1.2823121547698975,245.57879638671875,0.0,2687.64501953125,2852.0,17.782820260035805
801,1.157131552696228,224.24261474609375,0.0,2687.64501953125,2852.0,17.804761607083492
802,0.7422028183937073,442.0644226074219,0.0,2687.64501953125,2852.0,17.826624314067885
803,1.175260066986084,349.7345275878906,0.0,2687.64501953125,2852.0,17.84810585505329
804,0.5437912940979004,198.13050842285156,0.0,2687.64501953125,2852.0,17.869523451081477
805,1.1402264833450317,335.21600341796875,0.0,2687.64501953125,2852.0,17.891531860106625
806,1.0960161685943604,368.9296875,0.0,2687.64501953125,2852.0,17.91305315901991
807,0.7157111763954163,561.6504516601562,0.0,2687.64501953125,2852.0,17.93488801806234
808,0.6885448694229126,247.13404846191406,0.0,2687.64501953125,2852.0,17.956863944069482
809,1.3455557823181152,237.33566284179688,0.0,2687.64501953125,2852.0,17.97824320208747
810,1.5608588457107544,264.134765625,0.0,2687.64501953125,2852.0,18.000040799030103
811,0.44786620140075684,297.9582824707031,0.0,2687.64501953125,2852.0,18.021595876081847
812,0.5243667364120483,394.4002685546875,0.0,2687.64501953125,2852.0,18.043540159007534
813,0.5018572807312012,211.2939910888672,0.0,2687.64501953125,2852.0,18.065646180068143
814,0.8007221221923828,258.9298095703125,0.0,2687.64501953125,2852.0,18.087803989066742
815,0.5620496869087219,194.45559692382812,0.0,2687.64501953125,2852.0,18.109642355004326
816,0.5024873614311218,234.54718017578125,0.0,2687.64501953125,2852.0,18.131492061074823
817,1.330219030380249,224.77670288085938,0.0,2687.64501953125,2852.0,18.15327295102179
818,0.5491524934768677,163.6245880126953,0.0,2687.64501953125,2852.0,18.174711063038558
819,0.563617467880249,167.1624298095703,0.0,2687.64501953125,2852.0,18.196608082042076
820,0.6070276498794556,164.6211395263672,0.0,2687.64501953125,2852.0,18.218541025999002
821,0.9842994213104248,295.453125,0.0,2687.64501953125,2852.0,18.240354621084407
822,0.8809330463409424,251.89730834960938,0.0,2687.64501953125,2852.0,18.262126677087508
823,1.580172061920166,320.8424987792969,0.0,2687.64501953125,2852.0,18.283840393065475
824,1.730485439300537,225.11105346679688,0.0,2687.64501953125,2852.0,18.3057447320316
825,0.587857186794281,213.52346801757812,0.0,2687.64501953125,2852.0,18.327271921094507
826,0.5028115510940552,230.8664093017578,0.0,2687.64501953125,2852.0,18.34869337407872
827,0.9828966856002808,268.32080078125,0.0,2687.64501953125,2852.0,18.37007808103226
828,0.5399596691131592,205.91104125976562,0.0,2687.64501953125,2852.0,18.392011345014907
829,0.5569770336151123,213.439453125,0.0,2687.64501953125,2852.0,18.413984087063
830,0.486625075340271,183.040283203125,0.0,2687.64501953125,2852.0,18.435808416106738
831,0.5196442604064941,203.17474365234375,0.0,2687.64501953125,2852.0,18.457719381083734
832,1.1068413257598877,403.4468994140625,0.0,2687.64501953125,2852.0,18.47972428810317
833,0.5279457569122314,175.04598999023438,0.0,2687.64501953125,2852.0,18.501191492076032
834,0.5047059655189514,170.6002960205078,0.0,2687.64501953125,2852.0,18.523074671044014
835,1.365850806236267,244.28184509277344,0.0,2687.64501953125,2852.0,18.545024771010503
836,0.988852858543396,221.59194946289062,0.0,2687.64501953125,2852.0,18.567562222015113
837,0.538067102432251,205.0127716064453,0.0,2687.64501953125,2852.0,18.589516827021725
838,0.46546220779418945,179.26583862304688,0.0,2687.64501953125,2852.0,18.61098821507767
839,0.5538210868835449,258.1679992675781,0.0,2687.64501953125,2852.0,18.633208780083805
840,0.5703589916229248,204.97935485839844,0.0,2687.64501953125,2852.0,18.654735131072812
841,0.5926533341407776,192.5353546142578,0.0,2687.64501953125,2852.0,18.676935528055765
842,0.38446637988090515,188.5086669921875,0.0,2687.64501953125,2852.0,18.69889174005948
843,0.4388524889945984,175.12887573242188,0.0,2687.64501953125,2852.0,18.72084335004911
844,0.43490830063819885,185.01043701171875,0.0,2687.64501953125,2852.0,18.742700528004207
845,1.377014398574829,490.91900634765625,0.0,2687.64501953125,2852.0,18.764137234073132
846,0.5258946418762207,225.27920532226562,0.0,2687.64501953125,2852.0,18.785529637010768
847,0.5128695964813232,187.8228759765625,0.0,2687.64501953125,2852.0,18.806996204075404
848,0.5173853039741516,204.6171875,0.0,2687.64501953125,2852.0,18.828818796086125
849,0.5576207041740417,182.22393798828125,0.0,2687.64501953125,2852.0,18.85068835003767
850,0.43302732706069946,184.94146728515625,0.0,2687.64501953125,2852.0,18.872754603042267
851,0.6180928945541382,181.70166015625,0.0,2687.64501953125,2852.0,18.894204932032153
852,0.512413740158081,196.2785186767578,0.0,2687.64501953125,2852.0,18.916086362092756
853,0.5755875110626221,204.57864379882812,0.0,2687.64501953125,2852.0,18.937608141102828
854,0.472370445728302,277.15411376953125,0.0,2687.64501953125,2852.0,18.959644066053443
855,0.5306400060653687,189.17926025390625,0.0,2687.64501953125,2852.0,18.981072602095082
856,0.9554228186607361,281.2907409667969,0.0,2687.64501953125,2852.0,19.004439422045834
857,0.6030054092407227,182.0192108154297,0.0,2687.64501953125,2852.0,19.026095784036443
858,0.5263509154319763,252.56886291503906,0.0,2687.64501953125,2852.0,19.047934418078512
859,0.9001400470733643,254.0890655517578,0.0,2687.64501953125,2852.0,19.069715970079415
860,0.5926076173782349,287.35076904296875,0.0,2687.64501953125,2852.0,19.09155154309701
861,0.984987199306488,281.4114685058594,0.0,2687.64501953125,2852.0,19.113402976072393
862,0.5290089249610901,171.42257690429688,0.0,2687.64501953125,2852.0,19.134954737033695
863,1.1637195348739624,271.17266845703125,0.0,2687.64501953125,2852.0,19.15677147707902
864,0.5334566831588745,157.76309204101562,0.0,2687.64501953125,2852.0,19.17866854101885
865,0.5895411968231201,222.04544067382812,0.0,2687.64501953125,2852.0,19.20058644202072
866,0.6500097513198853,186.68849182128906,0.0,2687.64501953125,2852.0,19.22206330008339
867,0.5462932586669922,176.79473876953125,0.0,2687.64501953125,2852.0,19.24347166204825
868,0.5653164386749268,252.42588806152344,0.0,2687.64501953125,2852.0,19.265587602043524
869,0.8378912806510925,209.6819610595703,0.0,2687.64501953125,2852.0,19.28736099600792
870,0.9120062589645386,224.73776245117188,0.0,2687.64501953125,2852.0,19.309220554074273
871,0.41928476095199585,192.88140869140625,0.0,2687.64501953125,2852.0,19.331072375993244
872,0.510398268699646,186.69076538085938,0.0,2687.64501953125,2852.0,19.3528696030844
873,0.5949845314025879,246.4386749267578,0.0,2687.64501953125,2852.0,19.374853723100387
874,0.49052780866622925,176.97824096679688,0.0,2687.64501953125,2852.0,19.396670739050023
875,0.5108506679534912,159.11647033691406,0.0,2687.64501953125,2852.0,19.418648954015225
876,1.4078775644302368,194.65797424316406,0.0,2687.64501953125,2852.0,19.44053706410341
877,0.47109299898147583,131.7847900390625,0.0,2687.64501953125,2852.0,19.46265280409716
878,1.2761858701705933,239.95941162109375,0.0,2687.64501953125,2852.0,19.484529279056005
879,0.4425048828125,119.89657592773438,0.0,2687.64501953125,2852.0,19.506442098063417
880,0.5908042192459106,213.21885681152344,0.0,2687.64501953125,2852.0,19.52824423101265
881,0.4376663863658905,136.25205993652344,0.0,2687.64501953125,2852.0,19.550146124092862
882,0.5025746822357178,160.73861694335938,0.0,2687.64501953125,2852.0,19.572236177045852
883,0.4757963716983795,132.54811096191406,0.0,2687.64501953125,2852.0,19.593773810076527
884,0.8464920520782471,229.01992797851562,0.0,2687.64501953125,2852.0,19.615623546997085
885,0.4841826260089874,186.67001342773438,0.0,2687.64501953125,2852.0,19.637432059040293
886,1.4210219383239746,441.3912353515625,0.0,2687.64501953125,2852.0,19.65960925107356
887,0.9419382810592651,229.23037719726562,0.0,2687.64501953125,2852.0,19.681489705108106
888,0.6504571437835693,239.6719512939453,0.0,2687.64501953125,2852.0,19.703417335054837
889,0.49389582872390747,152.59140014648438,0.0,2687.64501953125,2852.0,19.725283076055348
890,0.4929465651512146,222.32962036132812,0.0,2687.64501953125,2852.0,19.747142544016242
891,0.909857988357544,255.2999267578125,0.0,2687.64501953125,2852.0,19.76854981703218
892,0.8405378460884094,237.63064575195312,0.0,2687.64501953125,2852.0,19.79049672500696
893,0.41601261496543884,155.63970947265625,0.0,2687.64501953125,2852.0,19.81235577305779
894,0.46237078309059143,235.57925415039062,0.0,2687.64501953125,2852.0,19.834227115032263
895,0.6202012300491333,226.3385009765625,0.0,2687.64501953125,2852.0,19.85628309310414
896,0.5507469773292542,200.93011474609375,0.0,2687.64501953125,2852.0,19.87824550201185
897,0.48704659938812256,152.96212768554688,0.0,2687.64501953125,2852.0,19.899689291021787
898,0.523611843585968,184.47979736328125,0.0,2687.64501953125,2852.0,19.921112651005387
899,1.5652945041656494,271.8199462890625,0.0,2687.64501953125,2852.0,19.94294386007823
900,0.6401572227478027,184.3559112548828,0.0,2687.64501953125,2852.0,19.96480578603223
901,0.48772236704826355,191.343017578125,0.0,2687.64501953125,2852.0,19.986674275016412
902,1.0044779777526855,221.049560546875,0.0,2687.64501953125,2852.0,20.008388737100177
903,1.11234450340271,241.27114868164062,0.0,2687.64501953125,2852.0,20.02981439209543
904,0.6666972637176514,228.51707458496094,0.0,2687.64501953125,2852.0,20.05195147509221
905,1.593895673751831,371.74310302734375,0.0,2687.64501953125,2852.0,20.074044026085176
906,0.509113609790802,185.4329833984375,0.0,2687.64501953125,2852.0,20.09559565305244
907,0.6131144762039185,197.000244140625,0.0,2687.64501953125,2852.0,20.117550097056665
908,0.5363488793373108,211.19174194335938,0.0,2687.64501953125,2852.0,20.139368230011314
909,0.4165056049823761,224.28134155273438,0.0,2687.64501953125,2852.0,20.16113113204483
910,0.5327436923980713,176.44921875,0.0,2687.64501953125,2852.0,20.183061642106622
911,0.4549180269241333,187.51132202148438,0.0,2687.64501953125,2852.0,20.20489204104524
912,0.4482567012310028,209.55386352539062,0.0,2687.64501953125,2852.0,20.226771475048736
913,0.5226041674613953,279.143310546875,0.0,2687.64501953125,2852.0,20.248549867072143
914,0.4865378737449646,146.29888916015625,0.0,2687.64501953125,2852.0,20.269948753062636
915,0.4160245358943939,190.5572967529297,0.0,2687.64501953125,2852.0,20.291856697993353
916,0.8177880644798279,284.0782165527344,0.0,2687.64501953125,2852.0,20.313691103016026
917,0.589082658290863,169.7527618408203,0.0,2687.64501953125,2852.0,20.335641740006395
918,0.4984203577041626,220.4879608154297,0.0,2687.64501953125,2852.0,20.357550355023704
919,1.2866301536560059,361.9989013671875,0.0,2687.64501953125,2852.0,20.379503617063165
920,0.5460314750671387,212.8887939453125,0.0,2687.64501953125,2852.0,20.40102791506797
921,0.5211415886878967,222.40802001953125,0.0,2687.64501953125,2852.0,20.422821510001086
922,1.0693814754486084,255.344970703125,0.0,2687.64501953125,2852.0,20.444893627078272
923,0.9695996046066284,206.46240234375,0.0,2687.64501953125,2852.0,20.466662103077397
924,0.6334827542304993,188.9623565673828,0.0,2687.64501953125,2852.0,20.488499736064114
925,0.6781765222549438,579.5828857421875,0.0,2687.64501953125,2852.0,20.510438409051858
926,0.5432494878768921,189.86642456054688,0.0,2687.64501953125,2852.0,20.53218576509971
927,0.7689635753631592,245.9816131591797,0.0,2687.64501953125,2852.0,20.55410854902584
928,0.49423056840896606,214.97735595703125,0.0,2687.64501953125,2852.0,20.57635146402754
929,0.5194576978683472,167.00448608398438,0.0,2687.64501953125,2852.0,20.597821662086062
930,0.5193959474563599,228.40301513671875,0.0,2687.64501953125,2852.0,20.619291025097482
931,0.5460237264633179,200.65237426757812,0.0,2687.64501953125,2852.0,20.641312841093168
932,1.1326627731323242,440.7705993652344,0.0,2687.64501953125,2852.0,20.663150301086716
933,0.573220431804657,182.4205322265625,0.0,2687.64501953125,2852.0,20.684969639056362
934,0.6018456220626831,244.37368774414062,0.0,2687.64501953125,2852.0,20.706904525053687
935,0.4997723400592804,232.5194091796875,0.0,2687.64501953125,2852.0,20.728372792014852
936,0.5246810913085938,164.05699157714844,0.0,2687.64501953125,2852.0,20.749779178062454
937,0.8981093168258667,187.6497039794922,0.0,2687.64501953125,2852.0,20.77157775510568
938,0.4077948331832886,175.93087768554688,0.0,2687.64501953125,2852.0,20.793385786004364
939,0.49123620986938477,226.60684204101562,0.0,2687.64501953125,2852.0,20.815315692103468
940,0.4983275234699249,170.19659423828125,0.0,2687.64501953125,2852.0,20.837400087038986
941,0.6067883968353271,216.91302490234375,0.0,2687.64501953125,2852.0,20.859258766053244
942,0.7674127817153931,204.2596893310547,0.0,2687.64501953125,2852.0,20.88122381910216
943,0.41971051692962646,208.248291015625,0.0,2687.64501953125,2852.0,20.903022003010847
944,0.6086047887802124,181.24472045898438,0.0,2687.64501953125,2852.0,20.924900802085176
945,1.0346291065216064,348.290283203125,0.0,2687.64501953125,2852.0,20.946879911003634
946,0.5980689525604248,150.82492065429688,0.0,2687.64501953125,2852.0,20.968733276007697
947,0.47266075015068054,259.6072998046875,0.0,2687.64501953125,2852.0,20.99020249710884
948,0.5928213596343994,158.18060302734375,0.0,2687.64501953125,2852.0,21.012145932065323
949,0.5620407462120056,166.98440551757812,0.0,2687.64501953125,2852.0,21.034238267107867
950,0.48320886492729187,201.27154541015625,0.0,2687.64501953125,2852.0,21.056169640040025
951,0.4991188943386078,186.18443298339844,0.0,2687.64501953125,2852.0,21.078390869079158
952,1.2539126873016357,479.1054992675781,0.0,2687.64501953125,2852.0,21.100364731042646
953,0.5400639772415161,209.4796142578125,0.0,2687.64501953125,2852.0,21.121870482107624
954,0.5540043115615845,174.50897216796875,0.0,2687.64501953125,2852.0,21.14330885000527
955,0.5946832299232483,168.66104125976562,0.0,2687.64501953125,2852.0,21.16479049110785
956,0.5367085337638855,132.77984619140625,0.0,2687.64501953125,2852.0,21.186677275109105
957,1.751558542251587,297.42254638671875,0.0,2687.64501953125,2852.0,21.20852101908531
958,0.5590474605560303,255.2828369140625,0.0,2687.64501953125,2852.0,21.23068439308554
959,1.0678999423980713,284.42132568359375,0.0,2687.64501953125,2852.0,21.252549627097324
960,0.5529223680496216,216.32740783691406,0.0,2687.64501953125,2852.0,21.27435589907691
961,0.8893053531646729,270.9805603027344,0.0,2687.64501953125,2852.0,21.296245809062384
962,0.569338321685791,140.786376953125,0.0,2687.64501953125,2852.0,21.318155903019942
963,0.4850495457649231,168.3717041015625,0.0,2687.64501953125,2852.0,21.34005011303816
964,0.5283665657043457,153.34898376464844,0.0,2687.64501953125,2852.0,21.36187270807568
965,0.5280628204345703,167.24562072753906,0.0,2687.64501953125,2852.0,21.383737238007598
966,0.5800884962081909,198.25112915039062,0.0,2687.64501953125,2852.0,21.405595428077504
967,1.0473333597183228,357.490478515625,0.0,2687.64501953125,2852.0,21.427666747011244
968,1.0472826957702637,416.56988525390625,0.0,2687.64501953125,2852.0,21.449499790091068
969,0.6092782616615295,235.18495178222656,0.0,2687.64501953125,2852.0,21.47088901209645
970,0.6157313585281372,182.8142852783203,0.0,2687.64501953125,2852.0,21.492749569006264
971,0.5168578624725342,140.8993377685547,0.0,2687.64501953125,2852.0,21.51465215801727
972,0.4384823441505432,160.52088928222656,0.0,2687.64501953125,2852.0,21.53660256706644
973,0.9960038661956787,233.8506317138672,0.0,2687.64501953125,2852.0,21.55859789403621
974,0.5791114568710327,166.6085662841797,0.0,2687.64501953125,2852.0,21.580825824057683
975,1.135432243347168,345.5619201660156,0.0,2687.64501953125,2852.0,21.60283312899992
976,1.1633752584457397,378.6111145019531,0.0,2687.64501953125,2852.0,21.62496882805135
977,0.46236279606819153,156.98220825195312,0.0,2687.64501953125,2852.0,21.646827403106727
978,0.5995378494262695,158.53469848632812,0.0,2687.64501953125,2852.0,21.66831596510019
979,0.612200140953064,173.5779266357422,0.0,2687.64501953125,2852.0,21.69009128701873
980,1.5463579893112183,297.3507080078125,0.0,2687.64501953125,2852.0,21.71162705507595
981,0.6419795155525208,195.52542114257812,0.0,2687.64501953125,2852.0,21.733074654010125
982,1.021200180053711,344.591796875,0.0,2687.64501953125,2852.0,21.75454836699646
983,0.531773567199707,149.0533447265625,0.0,2687.64501953125,2852.0,21.776473470032215
984,0.6077277660369873,164.84725952148438,0.0,2687.64501953125,2852.0,21.797963578021154
985,1.1083892583847046,444.87274169921875,0.0,2687.64501953125,2852.0,21.82011070707813
986,0.5832976698875427,157.54745483398438,0.0,2687.64501953125,2852.0,21.84195246407762
987,0.7390831708908081,364.0639343261719,0.0,2687.64501953125,2852.0,21.863788397051394
988,0.5267176628112793,495.3104553222656,0.0,2687.64501953125,2852.0,21.885732540045865
989,0.9942612648010254,279.92791748046875,0.0,2687.64501953125,2854.0,21.9074388720328
990,0.4603743255138397,153.39456176757812,0.0,2687.64501953125,2854.0,21.928905887994915
991,1.219719648361206,387.61627197265625,0.0,2687.64501953125,2854.0,21.950243437080644
992,1.1168134212493896,494.73486328125,0.0,2687.64501953125,2854.0,21.97210575209465
993,0.6615023612976074,200.60162353515625,0.0,2687.64501953125,2854.0,21.994016036042012
994,0.5202745199203491,168.4775848388672,0.0,2687.64501953125,2854.0,22.01560884306673
995,0.4074605405330658,193.50399780273438,0.0,2687.64501953125,2854.0,22.037405136041343
996,0.4291757345199585,191.70327758789062,0.0,2687.64501953125,2854.0,22.05943403299898
997,0.37155818939208984,175.0681915283203,0.0,2687.64501953125,2854.0,22.081510591087863
998,0.5150327682495117,321.10491943359375,0.0,2687.64501953125,2854.0,22.10302173299715
999,0.6095390319824219,243.37054443359375,0.0,2687.64501953125,2854.0,22.124906739103608
1000,0.4574275016784668,139.50772094726562,0.0,2687.64501953125,2854.0,22.146737283095717
1001,1.5023255348205566,489.412353515625,0.0,2687.64501953125,2854.0,23.61948672600556
1002,0.4863206148147583,176.18057250976562,0.0,2687.64501953125,2854.0,23.641463465057313
1003,0.5363374352455139,201.7869873046875,0.0,2687.64501953125,2854.0,23.663041881052777
1004,1.0461292266845703,278.0561828613281,0.0,2687.64501953125,2854.0,23.684935600031167
1005,0.6789738535881042,336.0159606933594,0.0,2687.64501953125,2854.0,23.706924675032496
1006,0.5884818434715271,293.93890380859375,0.0,2687.64501953125,2854.0,23.728895110078156
1007,0.9825828075408936,260.051513671875,0.0,2687.64501953125,2854.0,23.75085117900744
1008,0.3878630995750427,231.73509216308594,0.0,2687.64501953125,2854.0,23.772356214001775
1009,0.5685449838638306,223.59124755859375,0.0,2687.64501953125,2854.0,23.79434760508593
1010,0.5006345510482788,138.08255004882812,0.0,2687.64501953125,2854.0,23.816576569108292
1011,0.4895595908164978,238.9434814453125,0.0,2687.64501953125,2854.0,23.838579698000103
1012,0.5563238263130188,486.590576171875,0.0,2687.64501953125,2854.0,23.86040862801019
1013,0.500887393951416,187.13034057617188,0.0,2687.64501953125,2854.0,23.882389639038593
1014,0.9427042007446289,370.2158203125,0.0,2687.64501953125,2854.0,23.90433591103647
1015,0.5295962691307068,185.11398315429688,0.0,2687.64501953125,2854.0,23.9258930090582
1016,0.48879802227020264,269.5011901855469,0.0,2687.64501953125,2854.0,23.94770070305094
1017,0.5942986011505127,337.3077392578125,0.0,2687.64501953125,2854.0,23.9696175820427
1018,0.5960555672645569,168.252685546875,0.0,2687.64501953125,2854.0,23.991558090085164
1019,0.56787109375,175.24758911132812,0.0,2687.64501953125,2854.0,24.013400460011326
1020,0.5358328819274902,214.829833984375,0.0,2687.64501953125,2854.0,24.03490023710765
1021,0.40300804376602173,144.7525634765625,0.0,2687.64501953125,2854.0,24.05678808304947
1022,0.40130913257598877,181.38711547851562,0.0,2687.64501953125,2854.0,24.078942348016426
1023,0.5633574724197388,205.6414794921875,0.0,2687.64501953125,2854.0,24.101082769106142
1024,1.054298996925354,434.662109375,0.0,2687.64501953125,2854.0,24.123022380052134
1025,1.3871023654937744,295.91448974609375,0.0,2687.64501953125,2854.0,24.144883307046257
1026,0.5185920596122742,194.53219604492188,0.0,2687.64501953125,2854.0,24.16686254402157
1027,0.8343247771263123,252.09417724609375,0.0,2687.64501953125,2854.0,24.188742297003046
1028,0.4833856523036957,174.49896240234375,0.0,2687.64501953125,2854.0,24.210999508039095
1029,0.5220733880996704,188.16368103027344,0.0,2687.64501953125,2854.0,24.23303315602243
1030,0.6682340502738953,251.83322143554688,0.0,2687.64501953125,2854.0,24.2548513810616
1031,0.4521433115005493,143.3168182373047,0.0,2687.64501953125,2854.0,24.27682137209922
1032,0.4498414397239685,197.13616943359375,0.0,2687.64501953125,2854.0,24.29834993602708
1033,0.5012436509132385,134.85914611816406,0.0,2687.64501953125,2854.0,24.320299174054526
1034,1.1742253303527832,238.70571899414062,0.0,2687.64501953125,2854.0,24.342199819046073
1035,0.4823956787586212,179.43218994140625,0.0,2687.64501953125,2854.0,24.364200755022466
1036,0.5076918601989746,154.01597595214844,0.0,2687.64501953125,2854.0,24.386223096051253
1037,0.4081594944000244,181.70388793945312,0.0,2687.64501953125,2854.0,24.408473004004918
1038,0.8907107710838318,240.36492919921875,0.0,2687.64501953125,2854.0,24.430416833027266
1039,0.5837446451187134,203.171142578125,0.0,2687.64501953125,2854.0,24.452262822072953
1040,0.5560978055000305,312.2353820800781,0.0,2687.64501953125,2854.0,24.474280502065085
1041,1.1044025421142578,325.98291015625,0.0,2687.64501953125,2854.0,24.49627072608564
1042,0.5390151739120483,191.57501220703125,0.0,2687.64501953125,2854.0,24.518229386070743
1043,0.3935700058937073,230.040283203125,0.0,2687.64501953125,2854.0,24.539707301999442
1044,0.44798365235328674,177.51153564453125,0.0,2687.64501953125,2854.0,24.561737055075355
1045,0.5537378191947937,227.30523681640625,0.0,2687.64501953125,2854.0,24.584002448013052
1046,1.0654085874557495,290.1739807128906,0.0,2687.64501953125,2854.0,24.606000634026714
1047,0.5011175870895386,157.33665466308594,0.0,2687.64501953125,2854.0,24.627854321035556
1048,0.3684854507446289,188.01248168945312,0.0,2687.64501953125,2854.0,24.649845275096595
1049,0.608253002166748,187.57391357421875,0.0,2687.64501953125,2854.0,24.671719105099328
1050,0.5562205910682678,189.8399658203125,0.0,2687.64501953125,2854.0,24.693364326027222
1051,0.5774459838867188,174.81558227539062,0.0,2687.64501953125,2854.0,24.715272068046033
1052,0.576214075088501,129.05166625976562,0.0,2687.64501953125,2854.0,24.73711515800096
1053,0.38646915555000305,183.23675537109375,0.0,2687.64501953125,2854.0,24.759078831062652
1054,0.5242064595222473,150.59584045410156,0.0,2687.64501953125,2854.0,24.78096332307905
1055,0.3934546411037445,172.85208129882812,0.0,2687.64501953125,2854.0,24.80320001405198
1056,0.5091768503189087,173.88430786132812,0.0,2687.64501953125,2854.0,24.825117189087905
1057,0.4849092662334442,133.32354736328125,0.0,2687.64501953125,2854.0,24.847090556053445
1058,0.47886553406715393,185.55087280273438,0.0,2687.64501953125,2854.0,24.869023734005168
1059,1.5572906732559204,461.608154296875,0.0,2687.64501953125,2854.0,24.89102505601477
1060,0.5541298985481262,191.2058868408203,0.0,2687.64501953125,2854.0,24.91259467799682
1061,0.5512702465057373,189.03265380859375,0.0,2687.64501953125,2854.0,24.934487326070666
1062,0.5327795743942261,160.46755981445312,0.0,2687.64501953125,2854.0,24.956387403071858
1063,0.9252887964248657,321.24591064453125,0.0,2687.64501953125,2854.0,24.97831989102997
1064,0.8087724447250366,210.9722442626953,0.0,2687.64501953125,2854.0,25.001815649098717
1065,0.4597155749797821,135.96603393554688,0.0,2687.64501953125,2854.0,25.02340342605021
1066,0.9201004505157471,252.14430236816406,0.0,2687.64501953125,2854.0,25.044803958036937
1067,0.5478208065032959,153.980224609375,0.0,2687.64501953125,2854.0,25.06685920804739
1068,1.3280906677246094,505.91485595703125,0.0,2687.64501953125,2854.0,25.088664190028794
1069,0.5255590677261353,182.11727905273438,0.0,2687.64501953125,2854.0,25.110249035060406
1070,0.6461145877838135,232.5821075439453,0.0,2687.64501953125,2854.0,25.132134366082028
1071,1.055182695388794,330.1622314453125,0.0,2687.64501953125,2854.0,25.154062223038636
1072,0.6463953256607056,209.59873962402344,0.0,2687.64501953125,2854.0,25.17558890907094
1073,0.4845530390739441,191.8492431640625,0.0,2687.64501953125,2854.0,25.19782365206629
1074,0.9925576448440552,262.1175537109375,0.0,2687.64501953125,2854.0,25.219731644028798
1075,0.8944849967956543,209.60598754882812,0.0,2687.64501953125,2854.0,25.241498302086256
1076,0.5606437921524048,183.8367919921875,0.0,2687.64501953125,2854.0,25.263398294104263
1077,0.5364094972610474,217.53390502929688,0.0,2687.64501953125,2854.0,25.28533524600789
1078,0.42850854992866516,234.78018188476562,0.0,2687.64501953125,2854.0,25.30730642110575
1079,0.4683154821395874,188.27084350585938,0.0,2687.64501953125,2854.0,25.329102225019597
1080,0.5783016681671143,190.0312042236328,0.0,2687.64501953125,2854.0,25.350916467024945
1081,0.6026875972747803,260.23785400390625,0.0,2687.64501953125,2854.0,25.372503517079167
1082,0.5171140432357788,229.51422119140625,0.0,2687.64501953125,2854.0,25.394691024092026
1083,0.4414147734642029,167.75254821777344,0.0,2687.64501953125,2854.0,25.416273323004134
1084,0.5503894090652466,215.75396728515625,0.0,2687.64501953125,2854.0,25.437645059078932
1085,0.47085651755332947,153.21620178222656,0.0,2687.64501953125,2854.0,25.459060419001617
1086,0.5296353101730347,176.99134826660156,0.0,2687.64501953125,2854.0,25.480842054006644
1087,0.5588575005531311,272.20361328125,0.0,2687.64501953125,2854.0,25.502785232034512
1088,0.5879146456718445,226.0075225830078,0.0,2687.64501953125,2854.0,25.524712788057514
1089,0.5376100540161133,184.35696411132812,0.0,2687.64501953125,2854.0,25.546643745037727
1090,0.5896956920623779,213.03140258789062,0.0,2687.64501953125,2854.0,25.568734161090106
1091,0.5944729447364807,206.23269653320312,0.0,2687.64501953125,2854.0,25.59127476508729
1092,0.5518628358840942,264.7755126953125,0.0,2687.64501953125,2854.0,25.612835152074695
1093,0.5960028171539307,171.9134979248047,0.0,2687.64501953125,2854.0,25.635112782008946
1094,0.501594066619873,162.0059814453125,0.0,2687.64501953125,2854.0,25.65712352504488
1095,0.5752257704734802,162.46075439453125,0.0,2687.64501953125,2854.0,25.679086236050352
1096,0.6013243198394775,231.50418090820312,0.0,2687.64501953125,2854.0,25.70106082910206
1097,0.49810129404067993,205.82994079589844,0.0,2687.64501953125,2854.0,25.723024446051568
1098,0.5205354690551758,241.67091369628906,0.0,2687.64501953125,2854.0,25.744972022017464
1099,0.4926215708255768,408.385009765625,0.0,2687.64501953125,2854.0,25.766566873993725
1100,0.45795294642448425,114.83583068847656,0.0,2687.64501953125,2854.0,25.788789074053057
1101,0.538309633731842,208.9639892578125,0.0,2687.64501953125,2854.0,25.810788572067395
1102,0.4148077964782715,188.19622802734375,0.0,2687.64501953125,2854.0,25.832610966055654
1103,0.48438653349876404,160.9493865966797,0.0,2687.64501953125,2854.0,25.854147014091723
1104,0.4956120550632477,157.9981231689453,0.0,2687.64501953125,2854.0,25.87564119603485
1105,1.0391403436660767,375.936279296875,0.0,2687.64501953125,2854.0,25.897106729098596
1106,0.44204047322273254,146.08462524414062,0.0,2687.64501953125,2854.0,25.9190645290073
1107,1.8076889514923096,371.67901611328125,0.0,2687.64501953125,2854.0,25.941097735078074
1108,0.48363742232322693,158.4991912841797,0.0,2687.64501953125,2854.0,25.96261879208032
1109,0.9293173551559448,271.7696533203125,0.0,2687.64501953125,2854.0,25.98482719808817
1110,0.46645158529281616,163.46743774414062,0.0,2687.64501953125,2854.0,26.00670590205118
1111,0.41304993629455566,209.899169921875,0.0,2687.64501953125,2854.0,26.028301035054028
1112,1.1414159536361694,392.53851318359375,0.0,2687.64501953125,2854.0,26.050090887001716
1113,0.5414656400680542,258.91778564453125,0.0,2687.64501953125,2854.0,26.072113870061003
1114,0.5573778748512268,228.84417724609375,0.0,2687.64501953125,2854.0,26.09394139109645
1115,0.6160328388214111,167.84051513671875,0.0,2687.64501953125,2854.0,26.115905655082315
1116,0.5218976736068726,276.72015380859375,0.0,2687.64501953125,2854.0,26.13789177907165
1117,0.6261211633682251,171.99380493164062,0.0,2687.64501953125,2854.0,26.1595944770379
1118,0.44422632455825806,182.19146728515625,0.0,2687.64501953125,2854.0,26.181754893041216
1119,0.78447425365448,294.22271728515625,0.0,2687.64501953125,2854.0,26.203757704002783
1120,0.6006843447685242,128.543701171875,0.0,2687.64501953125,2854.0,26.22547442407813
1121,0.5197610855102539,141.59982299804688,0.0,2687.64501953125,2854.0,26.24745656910818
1122,0.7856238484382629,217.04769897460938,0.0,2687.64501953125,2854.0,26.269412255031057
1123,0.4463588297367096,209.11004638671875,0.0,2687.64501953125,2854.0,26.291311393026263
1124,0.5141770839691162,154.18167114257812,0.0,2687.64501953125,2854.0,26.312874859082513
1125,0.9700125455856323,232.26101684570312,0.0,2687.64501953125,2854.0,26.33489061309956
1126,0.6150492429733276,153.5482940673828,0.0,2687.64501953125,2854.0,26.356799536035396
1127,0.6023085713386536,215.450439453125,0.0,2687.64501953125,2854.0,26.379028081079014
1128,0.5777401924133301,229.7310791015625,0.0,2687.64501953125,2854.0,26.401177919004112
1129,1.501619577407837,290.897705078125,0.0,2687.64501953125,2854.0,26.423073937068693
1130,0.5337438583374023,209.3176727294922,0.0,2687.64501953125,2854.0,26.444873656029813
1131,0.5426335334777832,121.62582397460938,0.0,2687.64501953125,2854.0,26.46642403106671
1132,1.4156639575958252,347.3604431152344,0.0,2687.64501953125,2854.0,26.48839862109162
1133,0.6633610129356384,171.41665649414062,0.0,2687.64501953125,2854.0,26.5103878719965
1134,0.8701837062835693,261.9972229003906,0.0,2687.64501953125,2854.0,26.532261827029288
1135,0.6215733289718628,174.0672149658203,0.0,2687.64501953125,2854.0,26.55450601200573
1136,1.4489034414291382,252.10447692871094,0.0,2687.64501953125,2854.0,26.576717246090993
1137,0.5490589737892151,144.41122436523438,0.0,2687.64501953125,2854.0,26.598954268032685
1138,0.5575703382492065,146.3341522216797,0.0,2687.64501953125,2854.0,26.620968346018344
1139,0.569787859916687,131.93768310546875,0.0,2687.64501953125,2854.0,26.642807136056945
1140,0.5423175096511841,178.74485778808594,0.0,2687.64501953125,2854.0,26.664818090037443
1141,0.6399437785148621,164.6563720703125,0.0,2687.64501953125,2854.0,26.68685284908861
1142,0.48296570777893066,198.431396484375,0.0,2687.64501953125,2854.0,26.708788543008268
1143,0.4336208701133728,132.29849243164062,0.0,2687.64501953125,2854.0,26.730403552064672
1144,1.0323326587677002,250.6998291015625,0.0,2687.64501953125,2854.0,26.752397219999693
1145,0.43264836072921753,142.361328125,0.0,2687.64501953125,2854.0,26.77424368308857
1146,0.4688684940338135,161.15455627441406,0.0,2687.64501953125,2854.0,26.796174473012798
1147,0.5431942939758301,154.3919677734375,0.0,2687.64501953125,2854.0,26.81826750910841
1148,0.5779527425765991,168.17791748046875,0.0,2687.64501953125,2854.0,26.840236529009417
1149,0.9395045638084412,176.97305297851562,0.0,2687.64501953125,2854.0,26.8622155750636
1150,1.1207706928253174,286.3785705566406,0.0,2687.64501953125,2854.0,26.884116437053308
1151,0.4990660548210144,143.69561767578125,0.0,2687.64501953125,2854.0,26.90602023701649
1152,0.6227325201034546,173.09909057617188,0.0,2687.64501953125,2854.0,26.928052317001857
1153,0.5449825525283813,231.82229614257812,0.0,2687.64501953125,2854.0,26.949983825092204
1154,0.5606734752655029,199.41165161132812,0.0,2687.64501953125,2854.0,26.9722455390729
1155,0.45288053154945374,184.332763671875,0.0,2687.64501953125,2854.0,26.993828864069656
1156,0.4998254179954529,184.67562866210938,0.0,2687.64501953125,2854.0,27.01570312003605
1157,0.5399097800254822,188.79563903808594,0.0,2687.64501953125,2854.0,27.037603777018376
1158,0.43953487277030945,403.5989990234375,0.0,2687.64501953125,2854.0,27.059484547004104
1159,1.46229887008667,287.41192626953125,0.0,2687.64501953125,2854.0,27.081634297035635
1160,0.3820149898529053,163.52947998046875,0.0,2687.64501953125,2854.0,27.10368579707574
1161,0.8195827603340149,209.08558654785156,0.0,2687.64501953125,2854.0,27.12558373401407
1162,0.6004086136817932,180.51974487304688,0.0,2687.64501953125,2854.0,27.14749634906184
1163,0.45591282844543457,155.35655212402344,0.0,2687.64501953125,2854.0,27.16968023800291
1164,0.8144539594650269,202.39593505859375,0.0,2687.64501953125,2854.0,27.191604208084755
1165,0.7568410038948059,162.08575439453125,0.0,2687.64501953125,2854.0,27.213456797064282
1166,0.5276259183883667,171.571044921875,0.0,2687.64501953125,2854.0,27.235419942066073
1167,0.4447813630104065,152.288818359375,0.0,2687.64501953125,2854.0,27.256984862033278
1168,1.0039503574371338,245.09951782226562,0.0,2687.64501953125,2854.0,27.27882705302909
1169,0.5402155518531799,130.17776489257812,0.0,2687.64501953125,2854.0,27.30087826703675
1170,0.383511483669281,168.50289916992188,0.0,2687.64501953125,2854.0,27.322839013068005
1171,0.5728231072425842,150.50863647460938,0.0,2687.64501953125,2854.0,27.344682138995267
1172,0.5578662157058716,193.9423828125,0.0,2687.64501953125,2854.0,27.366908734082244
1173,1.1336122751235962,311.33856201171875,0.0,2687.64501953125,2854.0,27.388448423007503
1174,0.5418572425842285,187.854248046875,0.0,2687.64501953125,2854.0,27.409953006077558
1175,0.6267877817153931,188.6329803466797,0.0,2687.64501953125,2854.0,27.43151754606515
1176,0.48465752601623535,168.0675048828125,0.0,2687.64501953125,2854.0,27.45348637609277
1177,0.8724541664123535,211.82894897460938,0.0,2687.64501953125,2854.0,27.475336270057596
1178,1.075624942779541,239.0277862548828,0.0,2687.64501953125,2854.0,27.497386036091484
1179,0.47925472259521484,119.16146850585938,0.0,2687.64501953125,2854.0,27.519360506092198
1180,0.6043065786361694,198.9307861328125,0.0,2687.64501953125,2854.0,27.540897958097048
1181,0.4283596873283386,130.54852294921875,0.0,2687.64501953125,2854.0,27.563111093011685
1182,0.5323424935340881,153.66958618164062,0.0,2687.64501953125,2854.0,27.58494077809155
1183,0.5363372564315796,159.93051147460938,0.0,2687.64501953125,2854.0,27.60663407004904
1184,0.5639005899429321,175.24977111816406,0.0,2687.64501953125,2854.0,27.62818420608528
1185,0.48288068175315857,250.9651641845703,0.0,2687.64501953125,2854.0,27.65006255102344
1186,0.49509772658348083,191.84848022460938,0.0,2687.64501953125,2854.0,27.671918473090045
1187,0.4333289861679077,136.7406005859375,0.0,2687.64501953125,2854.0,27.693910262081772
1188,0.4928993284702301,161.81207275390625,0.0,2687.64501953125,2854.0,27.715603529009968
1189,0.5560650825500488,143.9392852783203,0.0,2687.64501953125,2854.0,27.737484486075118
1190,0.9003139734268188,264.41595458984375,0.0,2687.64501953125,2854.0,27.759623586083762
1191,1.3893959522247314,280.58953857421875,0.0,2687.64501953125,2854.0,27.781200312078
1192,0.4667680263519287,169.92269897460938,0.0,2687.64501953125,2854.0,27.802660219022073
1193,0.5144304633140564,182.24935913085938,0.0,2687.64501953125,2854.0,27.824529178091325
1194,0.5953431725502014,181.00540161132812,0.0,2687.64501953125,2854.0,27.846006808103994
1195,0.5441893935203552,192.29945373535156,0.0,2687.64501953125,2854.0,27.86800173507072
1196,0.601190447807312,215.9102783203125,0.0,2687.64501953125,2854.0,27.88992624403909
1197,0.867500901222229,503.77008056640625,0.0,2687.64501953125,2854.0,27.911874952027574
1198,0.9691978693008423,190.1656494140625,0.0,2687.64501953125,2854.0,27.93387900304515
1199,0.5982598066329956,155.3846435546875,0.0,2687.64501953125,2854.0,27.95589760702569
1200,0.5714216232299805,141.4380645751953,0.0,2687.64501953125,2854.0,27.977473926031962
1201,0.6086702942848206,152.43533325195312,0.0,2687.64501953125,2854.0,27.999061044072732
1202,0.5498192310333252,188.46511840820312,0.0,2687.64501953125,2854.0,28.02100438706111
1203,1.136827826499939,397.25238037109375,0.0,2687.64501953125,2854.0,28.04291249101516
1204,0.4708748161792755,167.33737182617188,0.0,2687.64501953125,2854.0,28.06477459007874
1205,0.6076635122299194,169.00628662109375,0.0,2687.64501953125,2854.0,28.086574400076643
1206,0.8696900010108948,342.4532165527344,0.0,2687.64501953125,2854.0,28.108648225083016
1207,0.5346331596374512,181.7490692138672,0.0,2687.64501953125,2854.0,28.13066100201104
1208,0.5687956809997559,211.62808227539062,0.0,2687.64501953125,2854.0,28.15288170403801
1209,0.5693835020065308,176.8842010498047,0.0,2687.64501953125,2854.0,28.17490374809131
1210,0.5853564739227295,184.0980224609375,0.0,2687.64501953125,2854.0,28.19679056003224
1211,0.7996678352355957,328.3894958496094,0.0,2687.64501953125,2854.0,28.21872929309029
1212,0.6290901899337769,203.37503051757812,0.0,2687.64501953125,2854.0,28.240714801009744
1213,0.5471962690353394,187.55238342285156,0.0,2687.64501953125,2854.0,28.26265714003239
1214,0.525597333908081,201.47055053710938,0.0,2687.64501953125,2854.0,28.284643796039745
1215,0.44363561272621155,170.31224060058594,0.0,2687.64501953125,2854.0,28.306202694075182
1216,0.47410061955451965,197.79818725585938,0.0,2687.64501953125,2854.0,28.327705040108413
1217,0.4326595067977905,187.35813903808594,0.0,2687.64501953125,2854.0,28.34999948204495
1218,1.0918898582458496,246.84703063964844,0.0,2687.64501953125,2854.0,28.37202980008442
1219,1.6511133909225464,519.628662109375,0.0,2687.64501953125,2854.0,28.394030327093787
1220,0.46065786480903625,161.89822387695312,0.0,2687.64501953125,2854.0,28.415605212096125
1221,0.4997614026069641,144.28607177734375,0.0,2687.64501953125,2854.0,28.437559357029386
1222,0.45067915320396423,149.4903564453125,0.0,2687.64501953125,2854.0,28.459485336090438
1223,0.6263726949691772,189.7108612060547,0.0,2687.64501953125,2854.0,28.48109255603049
1224,0.4597698450088501,138.61048889160156,0.0,2687.64501953125,2854.0,28.502693031099625
1225,0.8429529070854187,461.72833251953125,0.0,2687.64501953125,2854.0,28.524746359093115
1226,0.46638771891593933,129.4921112060547,0.0,2687.64501953125,2854.0,28.546933170058765
1227,0.4208938777446747,173.28671264648438,0.0,2687.64501953125,2854.0,28.56887647509575
1228,0.45203638076782227,154.49024963378906,0.0,2687.64501953125,2854.0,28.591087353997864
1229,1.4709866046905518,183.1759490966797,0.0,2687.64501953125,2854.0,28.61301305901725
1230,1.5543067455291748,208.8693389892578,0.0,2687.64501953125,2854.0,28.63532479503192
1231,0.5935077667236328,201.65322875976562,0.0,2687.64501953125,2854.0,28.657987867016345
1232,0.4594026207923889,180.81092834472656,0.0,2687.64501953125,2854.0,28.680010852054693
1233,0.8881174325942993,325.04296875,0.0,2687.64501953125,2854.0,28.701940339058638
1234,0.6432151198387146,246.52957153320312,0.0,2687.64501953125,2854.0,28.723514498095028
1235,0.5770053863525391,224.32223510742188,0.0,2687.64501953125,2854.0,28.7457939441083
1236,0.574056088924408,150.7109375,0.0,2687.64501953125,2854.0,28.767378290067427
1237,0.5234741568565369,165.24191284179688,0.0,2687.64501953125,2854.0,28.789329084102064
1238,0.5231225490570068,174.14724731445312,0.0,2687.64501953125,2854.0,28.811296833097003
1239,0.5847864747047424,147.214599609375,0.0,2687.64501953125,2854.0,28.832851293031126
1240,0.39614975452423096,191.31405639648438,0.0,2687.64501953125,2854.0,28.854764589108527
1241,1.1217459440231323,247.07962036132812,0.0,2687.64501953125,2854.0,28.87659528700169
1242,0.8002420663833618,250.74594116210938,0.0,2687.64501953125,2854.0,28.898525063996203
1243,0.5328012704849243,202.83660888671875,0.0,2687.64501953125,2854.0,28.920185284106992
1244,0.4244937300682068,175.66128540039062,0.0,2687.64501953125,2854.0,28.942370288074017
1245,0.5007770657539368,192.55511474609375,0.0,2687.64501953125,2854.0,28.96463023207616
1246,1.2099772691726685,198.5940399169922,0.0,2687.64501953125,2854.0,28.986482159001753
1247,0.5921309590339661,211.994873046875,0.0,2687.64501953125,2854.0,29.0090859150514
1248,0.6367542743682861,167.46365356445312,0.0,2687.64501953125,2854.0,29.031228615087457
1249,0.5363165140151978,178.0806884765625,0.0,2687.64501953125,2854.0,29.052737377001904
1250,0.6051462888717651,245.41943359375,0.0,2687.64501953125,2854.0,29.074364659027196
1251,0.7975032329559326,180.2582550048828,0.0,2687.64501953125,2854.0,29.09651478601154
1252,0.6438475847244263,228.61770629882812,0.0,2687.64501953125,2854.0,29.1185625520302
1253,0.5848352909088135,252.30201721191406,0.0,2687.64501953125,2854.0,29.140864994027652
1254,0.4924970269203186,142.78651428222656,0.0,2687.64501953125,2854.0,29.162741643027402
1255,0.606254518032074,206.0503387451172,0.0,2687.64501953125,2854.0,29.18425762304105
1256,1.4747083187103271,409.9261474609375,0.0,2687.64501953125,2854.0,29.20618529501371
1257,0.6760144829750061,206.4677734375,0.0,2687.64501953125,2854.0,29.22802311205305
1258,1.8038995265960693,335.23651123046875,0.0,2687.64501953125,2854.0,29.249915465014055
1259,0.498139888048172,165.04075622558594,0.0,2687.64501953125,2854.0,29.27187130902894
1260,0.9158252477645874,286.8992614746094,0.0,2687.64501953125,2854.0,29.293770915013738
1261,0.5658471584320068,196.41175842285156,0.0,2687.64501953125,2854.0,29.315799232106656
1262,0.5523393750190735,225.20217895507812,0.0,2687.64501953125,2854.0,29.337656503077596
1263,0.5731444358825684,152.15426635742188,0.0,2687.64501953125,2854.0,29.359566542087123
1264,0.4913630783557892,155.3881378173828,0.0,2687.64501953125,2854.0,29.381492849090137
1265,0.631186306476593,179.76239013671875,0.0,2687.64501953125,2854.0,29.403501866036095
1266,0.5914472341537476,200.7147674560547,0.0,2687.64501953125,2854.0,29.425688398070633
1267,0.41915184259414673,176.32943725585938,0.0,2687.64501953125,2854.0,29.447512525017373
1268,0.5562240481376648,130.4716796875,0.0,2687.64501953125,2854.0,29.469276315066963
1269,0.4229660928249359,139.4013671875,0.0,2687.64501953125,2854.0,29.49116993509233
1270,0.5946552753448486,236.8782958984375,0.0,2687.64501953125,2854.0,29.512949067051522
1271,0.5090999603271484,228.89199829101562,0.0,2687.64501953125,2854.0,29.535055728047155
1272,0.5862996578216553,198.96482849121094,0.0,2687.64501953125,2854.0,29.55696923006326
1273,0.5195372104644775,140.3645477294922,0.0,2687.64501953125,2854.0,29.57908216107171
1274,1.112130880355835,406.712890625,0.0,2687.64501953125,2854.0,29.601314115105197
1275,0.3488476872444153,231.17568969726562,0.0,2687.64501953125,2854.0,29.623244030051865
1276,0.6525512337684631,217.8370819091797,0.0,2687.64501953125,2854.0,29.64512082200963
1277,0.5536619424819946,191.30715942382812,0.0,2687.64501953125,2854.0,29.66702936310321
1278,1.0667717456817627,222.42117309570312,0.0,2687.64501953125,2854.0,29.688883954077028
1279,0.5319718718528748,270.8854064941406,0.0,2687.64501953125,2854.0,29.710643365047872
1280,1.0955300331115723,407.249267578125,0.0,2687.64501953125,2854.0,29.73283811600413
1281,0.8564697504043579,182.55503845214844,0.0,2687.64501953125,2854.0,29.754677343997173
1282,0.45611870288848877,327.75396728515625,0.0,2687.64501953125,2854.0,29.77604157908354
1283,0.4640938639640808,155.81640625,0.0,2687.64501953125,2854.0,29.797890787012875
1284,0.7808243036270142,222.9307861328125,0.0,2687.64501953125,2854.0,29.819775267038494
1285,1.3829801082611084,215.16238403320312,0.0,2687.64501953125,2854.0,29.841661340091377
1286,0.5361343622207642,160.5789337158203,0.0,2687.64501953125,2854.0,29.863575634080917
1287,1.3542423248291016,343.487060546875,0.0,2687.64501953125,2854.0,29.885365205002017
1288,0.6263964772224426,204.5161590576172,0.0,2687.64501953125,2854.0,29.90686358709354
1289,0.5192002654075623,176.97381591796875,0.0,2687.64501953125,2854.0,29.929097930085845
1290,0.5334426760673523,164.42051696777344,0.0,2687.64501953125,2854.0,29.950595183996484
1291,0.45647919178009033,163.2581024169922,0.0,2687.64501953125,2854.0,29.972469946020283
1292,1.1968657970428467,187.5984649658203,0.0,2687.64501953125,2854.0,29.994289003079757
1293,0.5859973430633545,139.31845092773438,0.0,2687.64501953125,2854.0,30.016414760029875
1294,1.151031732559204,408.5748596191406,0.0,2687.64501953125,2854.0,30.038332241005264
1295,0.8630091547966003,265.15740966796875,0.0,2687.64501953125,2854.0,30.06019594601821
1296,0.5397630929946899,133.6840362548828,0.0,2687.64501953125,2854.0,30.08217703306582
1297,0.49794337153434753,206.9012451171875,0.0,2687.64501953125,2854.0,30.10420701408293
1298,0.4966928958892822,167.48562622070312,0.0,2687.64501953125,2854.0,30.1264820600627
1299,0.4368255138397217,138.86935424804688,0.0,2687.64501953125,2854.0,30.148345568100922
1300,0.49576491117477417,131.25418090820312,0.0,2687.64501953125,2854.0,30.170231058029458
1301,0.533278226852417,138.5128173828125,0.0,2687.64501953125,2854.0,30.191781377070583
1302,0.537391185760498,143.91111755371094,0.0,2687.64501953125,2854.0,30.213603592012078
1303,0.5020192861557007,115.41097259521484,0.0,2687.64501953125,2854.0,30.23556095303502
1304,0.5928080677986145,209.63052368164062,0.0,2687.64501953125,2854.0,30.257405129028484
1305,0.975702702999115,260.5568542480469,0.0,2687.64501953125,2854.0,30.279321999056265
1306,0.5314604043960571,172.21231079101562,0.0,2687.64501953125,2854.0,30.30110343801789
1307,0.6317158937454224,234.40489196777344,0.0,2687.64501953125,2854.0,30.32323623402044
1308,0.7286155819892883,234.56883239746094,0.0,2687.64501953125,2854.0,30.34505197906401
1309,0.5717868208885193,141.71499633789062,0.0,2687.64501953125,2854.0,30.36682095110882
1310,1.4584858417510986,306.93121337890625,0.0,2687.64501953125,2854.0,30.388662612065673
1311,0.49841785430908203,151.61813354492188,0.0,2687.64501953125,2854.0,30.410468321060762
1312,0.4746567904949188,179.52268981933594,0.0,2687.64501953125,2854.0,30.43237625202164
1313,0.5167471170425415,125.68783569335938,0.0,2687.64501953125,2854.0,30.45412245101761
1314,1.3077340126037598,455.10101318359375,0.0,2687.64501953125,2854.0,30.475915712071583
1315,1.0798753499984741,375.585693359375,0.0,2687.64501953125,2854.0,30.497775762109086
1316,0.9626860022544861,246.53805541992188,0.0,2687.64501953125,2854.0,30.519869140000083
1317,1.190077781677246,241.71852111816406,0.0,2687.64501953125,2854.0,30.541721368092112
1318,0.765379786491394,166.76780700683594,0.0,2687.64501953125,2854.0,30.563939348096028
1319,0.980239748954773,197.94161987304688,0.0,2687.64501953125,2854.0,30.5856706420891
1320,0.49136561155319214,183.479248046875,0.0,2687.64501953125,2854.0,30.60778223501984
1321,0.5825300216674805,177.5350341796875,0.0,2687.64501953125,2854.0,30.62961391103454
1322,0.6079268455505371,181.76187133789062,0.0,2687.64501953125,2854.0,30.65140114503447
1323,0.5513144731521606,172.14920043945312,0.0,2687.64501953125,2854.0,30.673179584089667
1324,0.49264249205589294,153.6388702392578,0.0,2687.64501953125,2854.0,30.69494910002686
1325,0.5019523501396179,138.5507354736328,0.0,2687.64501953125,2854.0,30.717212993069552
1326,0.8582272529602051,336.0079650878906,0.0,2687.64501953125,2854.0,30.73910715605598
1327,0.5007026791572571,199.5901641845703,0.0,2687.64501953125,2854.0,30.760947240050882
1328,0.6108579635620117,161.8717498779297,0.0,2687.64501953125,2854.0,30.78239474701695
1329,0.5046014785766602,167.50790405273438,0.0,2687.64501953125,2854.0,30.804288311046548
1330,0.5333206653594971,177.51365661621094,0.0,2687.64501953125,2854.0,30.825682144029997
1331,0.880717396736145,325.1589660644531,0.0,2687.64501953125,2854.0,30.847605949034914
1332,0.5867906212806702,180.18551635742188,0.0,2687.64501953125,2854.0,30.86937349603977
1333,0.9568265676498413,448.0477294921875,0.0,2687.64501953125,2854.0,30.89072910300456
1334,0.4885799288749695,148.06832885742188,0.0,2687.64501953125,2854.0,30.912838213029318
1335,0.7282627820968628,215.55406188964844,0.0,2687.64501953125,2854.0,30.934405481093563
1336,0.5015468597412109,140.74853515625,0.0,2687.64501953125,2854.0,30.956268867012113
1337,0.5226356983184814,143.24830627441406,0.0,2687.64501953125,2854.0,30.97814630100038
1338,0.28326132893562317,157.4991912841797,0.0,2687.64501953125,2854.0,31.000062009086832
1339,0.49604856967926025,130.77992248535156,0.0,2687.64501953125,2854.0,31.02190147107467
1340,0.5430177450180054,150.3553009033203,0.0,2687.64501953125,2854.0,31.04373230203055
1341,1.001330018043518,545.9579467773438,0.0,2687.64501953125,2854.0,31.065580930095166
1342,0.4748753309249878,153.04017639160156,0.0,2687.64501953125,2854.0,31.08716972207185
1343,0.40759116411209106,126.96757507324219,0.0,2687.64501953125,2854.0,31.109407936106436
1344,0.5562937259674072,189.89657592773438,0.0,2687.64501953125,2854.0,31.131270418060012
1345,0.4607546627521515,167.038818359375,0.0,2687.64501953125,2854.0,31.153052670066245
1346,1.3434898853302002,541.1361083984375,0.0,2687.64501953125,2854.0,31.17487611307297
1347,0.6972320079803467,324.58642578125,0.0,2687.64501953125,2854.0,31.196780920028687
1348,0.6651211380958557,192.06019592285156,0.0,2687.64501953125,2854.0,31.218684729072265
1349,0.5719013214111328,198.5924530029297,0.0,2687.64501953125,2854.0,31.24064808501862
1350,0.6088576316833496,199.14358520507812,0.0,2687.64501953125,2854.0,31.262130479095504
1351,0.5572410821914673,220.86398315429688,0.0,2687.64501953125,2854.0,31.284003464039415
1352,0.5555647611618042,189.81468200683594,0.0,2687.64501953125,2854.0,31.30609293701127
1353,1.2924842834472656,319.7723388671875,0.0,2687.64501953125,2854.0,31.32783466100227
1354,0.46127477288246155,149.1151580810547,0.0,2687.64501953125,2854.0,31.349319932051003
1355,0.9087209701538086,386.1569519042969,0.0,2687.64501953125,2854.0,31.37124098907225
1356,0.5644999742507935,154.20413208007812,0.0,2687.64501953125,2854.0,31.3931451770477
1357,0.374672532081604,137.9512176513672,0.0,2687.64501953125,2854.0,31.41501918504946
1358,0.8933707475662231,239.97303771972656,0.0,2687.64501953125,2854.0,31.436483889003284
1359,1.2726576328277588,229.25042724609375,0.0,2687.64501953125,2854.0,31.458262021071278
1360,0.4034624397754669,133.33091735839844,0.0,2687.64501953125,2854.0,31.480077360058203
1361,0.5214695930480957,214.96307373046875,0.0,2687.64501953125,2854.0,31.502371921087615
1362,0.7386972308158875,319.20538330078125,0.0,2687.64501953125,2854.0,31.524242356070317
1363,0.4016913175582886,196.64059448242188,0.0,2687.64501953125,2854.0,31.546114686061628
1364,0.4904155731201172,161.15243530273438,0.0,2687.64501953125,2854.0,31.567890567006543
1365,1.0551071166992188,204.003173828125,0.0,2687.64501953125,2854.0,31.58990102005191
1366,0.816014289855957,290.88720703125,0.0,2687.64501953125,2854.0,31.611836713040248
1367,0.521605908870697,152.659423828125,0.0,2687.64501953125,2854.0,31.63367736910004
1368,0.462638795375824,127.16077423095703,0.0,2687.64501953125,2854.0,31.655507534043863
1369,0.5150893926620483,140.40240478515625,0.0,2687.64501953125,2854.0,31.677028527017683
1370,0.6484020948410034,177.4063720703125,0.0,2687.64501953125,2854.0,31.69872317602858
1371,0.5285975933074951,158.41415405273438,0.0,2687.64501953125,2854.0,31.72007168305572
1372,0.37275734543800354,132.535888671875,0.0,2687.64501953125,2854.0,31.741886493051425
1373,0.5190383195877075,149.1544647216797,0.0,2687.64501953125,2854.0,31.76336181804072
1374,0.6376990079879761,153.26541137695312,0.0,2687.64501953125,2854.0,31.785203071078286
1375,0.5738848447799683,116.44813537597656,0.0,2687.64501953125,2854.0,31.80659373209346
1376,0.5215179324150085,140.33355712890625,0.0,2687.64501953125,2854.0,31.82851710706018
1377,0.5010626912117004,137.83078002929688,0.0,2687.64501953125,2854.0,31.849908981006593
1378,1.0863080024719238,432.63092041015625,0.0,2687.64501953125,2854.0,31.871300720027648
1379,0.5723298788070679,127.0146484375,0.0,2687.64501953125,2854.0,31.893447995069437
1380,0.7535744905471802,258.44488525390625,0.0,2687.64501953125,2854.0,31.91517970606219
1381,0.8362085819244385,321.09027099609375,0.0,2687.64501953125,2854.0,31.936615114100277
1382,1.1176533699035645,295.70831298828125,0.0,2687.64501953125,2854.0,31.958438002038747
1383,0.5451740026473999,118.22317504882812,0.0,2687.64501953125,2854.0,31.98024676705245
1384,0.9993252158164978,200.30624389648438,0.0,2687.64501953125,2854.0,32.00217385008
1385,0.45313236117362976,225.80148315429688,0.0,2687.64501953125,2854.0,32.024086492019705
1386,1.5010849237442017,402.52532958984375,0.0,2687.64501953125,2854.0,32.045829656068236
1387,0.4021064043045044,300.9407043457031,0.0,2687.64501953125,2854.0,32.06768266810104
1388,0.4417423605918884,155.74932861328125,0.0,2687.64501953125,2854.0,32.08999158605002
1389,0.8067690134048462,383.0264892578125,0.0,2687.64501953125,2854.0,32.11207014310639
1390,0.5582774877548218,155.1758270263672,0.0,2687.64501953125,2854.0,32.1339141940698
1391,0.7639962434768677,209.84999084472656,0.0,2687.64501953125,2854.0,32.15585459000431
1392,0.5026571750640869,194.95559692382812,0.0,2687.64501953125,2854.0,32.177738553029485
1393,0.5561871528625488,301.6257629394531,0.0,2687.64501953125,2854.0,32.19960384210572
1394,0.565110445022583,206.82217407226562,0.0,2687.64501953125,2854.0,32.22109760402236
1395,0.5565975308418274,190.43258666992188,0.0,2687.64501953125,2854.0,32.242939842049964
1396,0.4894591271877289,143.57931518554688,0.0,2687.64501953125,2854.0,32.26483746699523
1397,0.5219559073448181,185.62950134277344,0.0,2687.64501953125,2854.0,32.28692717303056
1398,0.5826109051704407,178.69888305664062,0.0,2687.64501953125,2854.0,32.30874316603877
1399,0.4743345379829407,175.96734619140625,0.0,2687.64501953125,2854.0,32.33060514903627
1400,0.5472242832183838,207.04132080078125,0.0,2687.64501953125,2854.0,32.35245747002773
1401,1.265771508216858,426.15411376953125,0.0,2687.64501953125,2854.0,32.37391636299435
1402,1.4586613178253174,206.59027099609375,0.0,2687.64501953125,2854.0,32.395728175062686
1403,0.3875940442085266,204.01388549804688,0.0,2687.64501953125,2854.0,32.417621629079804
1404,0.49847471714019775,148.7074432373047,0.0,2687.64501953125,2854.0,32.4390838840045
1405,0.4921368956565857,130.87930297851562,0.0,2687.64501953125,2854.0,32.46093900606502
1406,0.5654010772705078,152.509033203125,0.0,2687.64501953125,2854.0,32.48261462210212
1407,0.4531605839729309,148.90545654296875,0.0,2687.64501953125,2854.0,32.50443804799579
1408,0.4697960615158081,208.90135192871094,0.0,2687.64501953125,2854.0,32.526398349087685
1409,0.4629093110561371,136.85675048828125,0.0,2687.64501953125,2854.0,32.54820306808688
1410,0.3875111937522888,184.90232849121094,0.0,2687.64501953125,2854.0,32.57009054208174
1411,0.5880141258239746,183.0737762451172,0.0,2687.64501953125,2854.0,32.59217721805908
1412,0.8165460824966431,356.39178466796875,0.0,2687.64501953125,2854.0,32.61414109705947
1413,0.7473647594451904,285.6722412109375,0.0,2687.64501953125,2854.0,32.63594485609792
1414,0.8318040370941162,427.93896484375,0.0,2687.64501953125,2854.0,32.65775668807328
1415,0.9060779809951782,217.941650390625,0.0,2687.64501953125,2854.0,32.679923408082686
1416,0.4755284786224365,251.8518829345703,0.0,2687.64501953125,2854.0,32.701723396079615
1417,0.909462571144104,332.3435363769531,0.0,2687.64501953125,2854.0,32.72353749710601
1418,0.5349843502044678,167.51126098632812,0.0,2687.64501953125,2854.0,32.74501753807999
1419,0.4299730062484741,240.89263916015625,0.0,2687.64501953125,2854.0,32.76640102406964
1420,0.5361379981040955,317.5279541015625,0.0,2687.64501953125,2854.0,32.78781705501024
1421,0.6649515628814697,323.44317626953125,0.0,2687.64501953125,2854.0,32.809677074081264
1422,0.5171414017677307,165.9864044189453,0.0,2687.64501953125,2854.0,32.83162274409551
1423,0.44860517978668213,164.496337890625,0.0,2687.64501953125,2854.0,32.853156529017724
1424,0.5089523792266846,155.82965087890625,0.0,2687.64501953125,2854.0,32.87474710808601
1425,0.5732524991035461,196.3562469482422,0.0,2687.64501953125,2854.0,32.89656762208324
1426,1.3284655809402466,449.70513916015625,0.0,2687.64501953125,2854.0,32.91845760808792
1427,0.8103063106536865,257.16510009765625,0.0,2687.64501953125,2854.0,32.94035679101944
1428,0.524858832359314,164.6154327392578,0.0,2687.64501953125,2854.0,32.96183307108004
1429,0.5823621153831482,169.0218963623047,0.0,2687.64501953125,2854.0,32.983219468034804
1430,0.4364321827888489,128.8275146484375,0.0,2687.64501953125,2854.0,33.00503491901327
1431,0.5939651727676392,161.4447021484375,0.0,2687.64501953125,2854.0,33.02656213007867
1432,0.8827417492866516,278.4576416015625,0.0,2687.64501953125,2854.0,33.048558923066594
1433,0.5378416776657104,166.775146484375,0.0,2687.64501953125,2854.0,33.07067921909038
1434,0.5379078388214111,150.6680145263672,0.0,2687.64501953125,2854.0,33.0925828240579
1435,0.45025157928466797,238.9634246826172,0.0,2687.64501953125,2854.0,33.114313176018186
1436,0.532189667224884,201.24566650390625,0.0,2687.64501953125,2854.0,33.13626102602575
1437,0.44950371980667114,167.42947387695312,0.0,2687.64501953125,2854.0,33.158203306025825
1438,0.561347246170044,171.86856079101562,0.0,2687.64501953125,2854.0,33.180130932014436
1439,0.44419795274734497,152.4556884765625,0.0,2687.64501953125,2854.0,33.20203882607166
1440,0.628797173500061,177.07461547851562,0.0,2687.64501953125,2854.0,33.22406126803253
1441,0.5390123128890991,173.29473876953125,0.0,2687.64501953125,2854.0,33.24596258404199
1442,0.515254020690918,135.94964599609375,0.0,2687.64501953125,2854.0,33.268059685011394
1443,0.9595725536346436,182.15109252929688,0.0,2687.64501953125,2854.0,33.28990275610704
1444,0.5293939113616943,166.156494140625,0.0,2687.64501953125,2854.0,33.31181952508632
1445,0.5016000270843506,136.06396484375,0.0,2687.64501953125,2854.0,33.33334776002448
1446,0.5260399580001831,164.5487060546875,0.0,2687.64501953125,2854.0,33.35478839406278
1447,0.8602217435836792,381.82476806640625,0.0,2687.64501953125,2854.0,33.37618786201347
1448,0.5155284404754639,223.33370971679688,0.0,2687.64501953125,2854.0,33.39758766000159
1449,0.44036638736724854,186.64434814453125,0.0,2687.64501953125,2854.0,33.41900534706656
1450,0.4521518051624298,158.99456787109375,0.0,2687.64501953125,2854.0,33.440428127069026
1451,0.516916036605835,157.53778076171875,0.0,2687.64501953125,2854.0,33.462545279064216
1452,0.5510885715484619,148.16305541992188,0.0,2687.64501953125,2854.0,33.48398947599344
1453,1.1065924167633057,392.2383728027344,0.0,2687.64501953125,2854.0,33.50600181799382
1454,0.4912036657333374,176.5467071533203,0.0,2687.64501953125,2854.0,33.52800404804293
1455,0.6049732565879822,167.69017028808594,0.0,2687.64501953125,2854.0,33.549912143033
1456,0.6310980319976807,304.8461608886719,0.0,2687.64501953125,2854.0,33.57178926607594
1457,0.5120435953140259,160.81442260742188,0.0,2687.64501953125,2854.0,33.59385100507643
1458,0.9870147705078125,455.75970458984375,0.0,2687.64501953125,2854.0,33.615944053046405
1459,0.47541582584381104,146.35635375976562,0.0,2687.64501953125,2854.0,33.63774264510721
1460,0.5792278051376343,125.25677490234375,0.0,2687.64501953125,2854.0,33.65953637100756
1461,0.48247507214546204,151.51536560058594,0.0,2687.64501953125,2854.0,33.681377477012575
1462,0.48422643542289734,133.52236938476562,0.0,2687.64501953125,2854.0,33.70292117400095
1463,0.6208317875862122,209.4957275390625,0.0,2687.64501953125,2854.0,33.72484775108751
1464,1.067807912826538,280.2852783203125,0.0,2687.64501953125,2854.0,33.746751376078464
1465,0.45144274830818176,197.1243133544922,0.0,2687.64501953125,2854.0,33.76868031709455
1466,0.5667765140533447,209.4571533203125,0.0,2687.64501953125,2854.0,33.790579345077276
1467,0.5527416467666626,191.06517028808594,0.0,2687.64501953125,2854.0,33.81248371000402
1468,1.1668916940689087,292.27996826171875,0.0,2687.64501953125,2854.0,33.83438157802448
1469,0.7006662487983704,328.273681640625,0.0,2687.64501953125,2854.0,33.856040667044
1470,0.49788418412208557,222.00772094726562,0.0,2687.64501953125,2854.0,33.877464465098456
1471,0.5770113468170166,175.45242309570312,0.0,2687.64501953125,2854.0,33.899378936039284
1472,1.1383450031280518,317.5414123535156,0.0,2687.64501953125,2854.0,33.92116613406688
1473,0.48822343349456787,189.14523315429688,0.0,2687.64501953125,2854.0,33.94308075902518
1474,1.0193504095077515,315.5456848144531,0.0,2687.64501953125,2854.0,33.964607208035886
1475,0.6161484718322754,171.75904846191406,0.0,2687.64501953125,2854.0,33.986567284096964
1476,0.8656129837036133,317.77142333984375,0.0,2687.64501953125,2854.0,34.008383461041376
1477,0.3782413601875305,153.60433959960938,0.0,2687.64501953125,2854.0,34.03025408706162
1478,0.5322278738021851,120.6443099975586,0.0,2687.64501953125,2854.0,34.05205047200434
1479,0.7889418601989746,241.4819793701172,0.0,2687.64501953125,2854.0,34.07347370206844
1480,1.0553957223892212,212.11050415039062,0.0,2687.64501953125,2854.0,34.09500217309687
1481,0.5602331161499023,173.85443115234375,0.0,2687.64501953125,2854.0,34.11649288004264
1482,0.7288455963134766,252.12875366210938,0.0,2687.64501953125,2854.0,34.13799958699383
1483,0.5235943794250488,189.74761962890625,0.0,2687.64501953125,2854.0,34.159892936004326
1484,0.580467939376831,185.04888916015625,0.0,2687.64501953125,2854.0,34.18183900800068
1485,0.5620117783546448,158.74212646484375,0.0,2687.64501953125,2854.0,34.20368012401741
1486,0.41368088126182556,172.0814208984375,0.0,2687.64501953125,2854.0,34.22558635903988
1487,0.9783424139022827,297.1337890625,0.0,2687.64501953125,2854.0,34.247366854106076
1488,0.5361731052398682,194.9964141845703,0.0,2687.64501953125,2854.0,34.26875779405236
1489,0.6045635938644409,206.6832275390625,0.0,2687.64501953125,2854.0,34.29049532301724
1490,0.41358572244644165,126.26962280273438,0.0,2687.64501953125,2854.0,34.31230667908676
1491,0.5381428003311157,177.1361541748047,0.0,2687.64501953125,2854.0,34.33415113808587
1492,0.5655783414840698,147.7283935546875,0.0,2687.64501953125,2854.0,34.35605507099535
1493,0.7153971195220947,185.7050323486328,0.0,2687.64501953125,2854.0,34.37791278201621
1494,0.5851114392280579,206.91871643066406,0.0,2687.64501953125,2854.0,34.39991795504466
1495,0.612891435623169,152.6991729736328,0.0,2687.64501953125,2854.0,34.42145459307358
1496,0.585951030254364,174.83242797851562,0.0,2687.64501953125,2854.0,34.44324894901365
1497,0.44029897451400757,167.12124633789062,0.0,2687.64501953125,2854.0,34.464743613032624
1498,0.4354805648326874,167.6627197265625,0.0,2687.64501953125,2854.0,34.486741944099776
1499,0.5297195911407471,167.2379150390625,0.0,2687.64501953125,2854.0,34.5088216511067
1500,0.9069093465805054,310.07965087890625,0.0,2687.64501953125,2854.0,34.53078805608675
1501,0.8748446702957153,273.40911865234375,0.0,2687.64501953125,2854.0,34.553016897058114
1502,0.5293424725532532,180.23782348632812,0.0,2687.64501953125,2854.0,34.575061305076815
1503,0.7608189582824707,261.63763427734375,0.0,2687.64501953125,2854.0,34.59731357102282
1504,0.8537963032722473,333.40008544921875,0.0,2687.64501953125,2854.0,34.619468395016156
1505,0.5478017330169678,172.82891845703125,0.0,2687.64501953125,2854.0,34.64179333206266
1506,0.508002519607544,189.43081665039062,0.0,2687.64501953125,2854.0,34.663363055093214
1507,0.8658108115196228,244.8460693359375,0.0,2687.64501953125,2854.0,34.685393117018975
1508,0.5468237400054932,154.5235595703125,0.0,2687.64501953125,2854.0,34.70729279809166
1509,0.5558179020881653,137.34103393554688,0.0,2687.64501953125,2854.0,34.728979422012344
1510,0.6526769995689392,184.1176300048828,0.0,2687.64501953125,2854.0,34.750957405078225
1511,0.5581165552139282,197.0130615234375,0.0,2687.64501953125,2854.0,34.77286553801969
1512,0.4392527639865875,256.5325622558594,0.0,2687.64501953125,2854.0,34.79485745599959
1513,1.0021380186080933,322.82659912109375,0.0,2687.64501953125,2854.0,34.81679531210102
1514,0.4739888310432434,141.63778686523438,0.0,2687.64501953125,2854.0,34.83906978799496
1515,0.4923117160797119,172.54580688476562,0.0,2687.64501953125,2854.0,34.86101074400358
1516,0.4647482633590698,169.2333221435547,0.0,2687.64501953125,2854.0,34.88294061005581
1517,0.5070762634277344,145.07810974121094,0.0,2687.64501953125,2854.0,34.904527610051446
1518,0.4193253219127655,151.17971801757812,0.0,2687.64501953125,2854.0,34.92651495710015
1519,0.5289835333824158,207.6053466796875,0.0,2687.64501953125,2854.0,34.94839234510437
1520,0.41971656680107117,146.17977905273438,0.0,2687.64501953125,2854.0,34.970346337067895
1521,0.35608941316604614,133.08831787109375,0.0,2687.64501953125,2854.0,34.99232407310046
1522,0.6808375716209412,238.62062072753906,0.0,2687.64501953125,2854.0,35.01423888106365
1523,0.47998684644699097,173.15731811523438,0.0,2687.64501953125,2854.0,35.036566137103364
1524,0.6359226703643799,178.14151000976562,0.0,2687.64501953125,2854.0,35.05849128309637
1525,0.43084102869033813,148.640869140625,0.0,2687.64501953125,2854.0,35.080374784069136
1526,0.5719281435012817,191.0972900390625,0.0,2687.64501953125,2854.0,35.102514902013354
1527,0.4489499032497406,111.9722900390625,0.0,2687.64501953125,2854.0,35.12466634507291
1528,0.578490138053894,182.4111328125,0.0,2687.64501953125,2854.0,35.14655123499688
1529,0.972195029258728,268.15252685546875,0.0,2687.64501953125,2854.0,35.16855515202042
1530,0.4406041204929352,122.2806396484375,0.0,2687.64501953125,2854.0,35.1905245881062
1531,0.6479624509811401,181.76251220703125,0.0,2687.64501953125,2854.0,35.212450355058536
1532,0.7218522429466248,153.3062744140625,0.0,2687.64501953125,2854.0,35.23462294903584
1533,1.1426682472229004,267.8824768066406,0.0,2687.64501953125,2854.0,35.256502709002234
1534,1.2900967597961426,286.00897216796875,0.0,2687.64501953125,2854.0,35.278569780057296
1535,0.9685485363006592,373.6452941894531,0.0,2687.64501953125,2854.0,35.300921165035106
1536,0.4342781901359558,141.0010223388672,0.0,2687.64501953125,2854.0,35.32287971803453
1537,0.44417673349380493,165.81802368164062,0.0,2687.64501953125,2854.0,35.34475553804077
1538,1.239535927772522,184.3018798828125,0.0,2687.64501953125,2854.0,35.36667944001965
1539,0.4670093059539795,136.87677001953125,0.0,2687.64501953125,2854.0,35.38864244101569
1540,0.5412874817848206,128.3247528076172,0.0,2687.64501953125,2854.0,35.41014167200774
1541,0.6056287884712219,141.77920532226562,0.0,2687.64501953125,2854.0,35.43230643100105
1542,0.3773208260536194,221.772705078125,0.0,2687.64501953125,2854.0,35.45426873501856
1543,0.47506994009017944,156.0973663330078,0.0,2687.64501953125,2854.0,35.47634979407303
1544,0.558472216129303,279.84210205078125,0.0,2687.64501953125,2854.0,35.49823227210436
1545,0.5767048001289368,174.5858917236328,0.0,2687.64501953125,2854.0,35.520200069993734
1546,0.511946439743042,137.19061279296875,0.0,2687.64501953125,2854.0,35.542176818009466
1547,0.5223768353462219,142.52767944335938,0.0,2687.64501953125,2854.0,35.564145419048145
1548,0.5445668697357178,181.22470092773438,0.0,2687.64501953125,2854.0,35.58599094010424
1549,0.5435876250267029,201.44183349609375,0.0,2687.64501953125,2854.0,35.60807229799684
1550,0.5586689710617065,152.92575073242188,0.0,2687.64501953125,2854.0,35.630290827015415
1551,0.4595593810081482,152.9105224609375,0.0,2687.64501953125,2854.0,35.65221772401128
1552,0.5677199363708496,227.60018920898438,0.0,2687.64501953125,2854.0,35.67372410802636
1553,0.41399428248405457,139.24078369140625,0.0,2687.64501953125,2854.0,35.69573659601156
1554,0.6278892755508423,213.4490203857422,0.0,2687.64501953125,2854.0,35.71765566407703
1555,0.7427686452865601,202.82687377929688,0.0,2687.64501953125,2854.0,35.73974813905079
1556,0.4924473762512207,129.60702514648438,0.0,2687.64501953125,2854.0,35.76184234605171
1557,0.5133397579193115,140.91098022460938,0.0,2687.64501953125,2854.0,35.78379193600267
1558,1.3022290468215942,241.12725830078125,0.0,2687.64501953125,2854.0,35.80573318200186
1559,0.6228699684143066,183.43246459960938,0.0,2687.64501953125,2854.0,35.82794106309302
1560,0.4514275789260864,140.25265502929688,0.0,2687.64501953125,2854.0,35.84994072106201
1561,0.5313097834587097,165.5026397705078,0.0,2687.64501953125,2854.0,35.8720703010913
1562,1.0094757080078125,262.8287353515625,0.0,2687.64501953125,2854.0,35.894001474021934
1563,0.7026796936988831,239.15481567382812,0.0,2687.64501953125,2854.0,35.91611499199644
1564,0.3924074172973633,234.30081176757812,0.0,2687.64501953125,2854.0,35.938100923085585
1565,0.5047591924667358,160.6079864501953,0.0,2687.64501953125,2854.0,35.96007394208573
1566,0.7796481847763062,276.4072265625,0.0,2687.64501953125,2854.0,35.98194896406494
1567,2.003465175628662,956.732666015625,0.0,2687.64501953125,2854.0,36.00388090999331
1568,0.4150521755218506,180.97019958496094,0.0,2687.64501953125,2854.0,36.02596818609163
1569,0.5934926271438599,194.6258544921875,0.0,2687.64501953125,2854.0,36.047843536012806
1570,0.5394927263259888,208.1489715576172,0.0,2687.64501953125,2854.0,36.069816143019125
1571,0.4063519835472107,169.2115020751953,0.0,2687.64501953125,2854.0,36.09182456601411
1572,0.86885666847229,319.20013427734375,0.0,2687.64501953125,2854.0,36.11403667309787
1573,0.8528138995170593,429.2148742675781,0.0,2687.64501953125,2854.0,36.13606913201511
1574,0.9195522665977478,226.44668579101562,0.0,2687.64501953125,2854.0,36.158080418012105
1575,0.6119836568832397,172.57315063476562,0.0,2687.64501953125,2854.0,36.18007023609243
1576,0.4982719123363495,116.10176086425781,0.0,2687.64501953125,2854.0,36.20164083701093
1577,1.1095552444458008,388.29315185546875,0.0,2687.64501953125,2854.0,36.22389506106265
1578,0.5760748386383057,139.7194366455078,0.0,2687.64501953125,2854.0,36.24596107110847
1579,0.5179333686828613,138.1258544921875,0.0,2687.64501953125,2854.0,36.26754824304953
1580,0.4998866319656372,125.38081359863281,0.0,2687.64501953125,2854.0,36.289465479087085
1581,0.5404084920883179,181.50633239746094,0.0,2687.64501953125,2854.0,36.31133190600667
1582,0.5573424100875854,208.1330108642578,0.0,2687.64501953125,2854.0,36.33331341401208
1583,0.623908281326294,198.60186767578125,0.0,2687.64501953125,2854.0,36.3552957380889
1584,1.0511101484298706,206.26065063476562,0.0,2687.64501953125,2854.0,36.37720395310316
1585,0.5343788862228394,158.33157348632812,0.0,2687.64501953125,2854.0,36.3992503141053
1586,0.520825982093811,168.9210205078125,0.0,2687.64501953125,2854.0,36.421459857025184
1587,0.8190763592720032,341.48870849609375,0.0,2687.64501953125,2854.0,36.44334558304399
1588,1.3075841665267944,226.2833251953125,0.0,2687.64501953125,2854.0,36.46533473103773
1589,0.5705024003982544,158.48428344726562,0.0,2687.64501953125,2854.0,36.48729489801917
1590,0.844764232635498,261.11993408203125,0.0,2687.64501953125,2854.0,36.509384163073264
1591,0.563792884349823,152.82894897460938,0.0,2687.64501953125,2854.0,36.531369166099466
1592,0.5653656721115112,212.75587463378906,0.0,2687.64501953125,2854.0,36.5533152500866
1593,0.6726093888282776,172.302734375,0.0,2687.64501953125,2854.0,36.5752072900068
1594,1.4162226915359497,299.4293212890625,0.0,2687.64501953125,2854.0,36.59723244304769
1595,0.4377228617668152,131.54287719726562,0.0,2687.64501953125,2854.0,36.61927721404936
1596,0.5072553157806396,156.34571838378906,0.0,2687.64501953125,2854.0,36.64129547402263
1597,0.426078200340271,243.00306701660156,0.0,2687.64501953125,2854.0,36.66332624305505
1598,0.4443628489971161,144.1180419921875,0.0,2687.64501953125,2854.0,36.68529760907404
1599,0.5953170657157898,202.32693481445312,0.0,2687.64501953125,2854.0,36.70721637306269
1600,0.5653225183486938,225.256103515625,0.0,2687.64501953125,2854.0,36.72929438902065
1601,0.5068785548210144,160.18231201171875,0.0,2687.64501953125,2854.0,36.7508962120628
1602,0.5785802602767944,159.99395751953125,0.0,2687.64501953125,2854.0,36.772860305034555
1603,0.862485408782959,467.14703369140625,0.0,2687.64501953125,2854.0,36.79479053802788
1604,0.8684624433517456,477.04351806640625,0.0,2687.64501953125,2854.0,36.8170443540439
1605,0.5455253720283508,176.07275390625,0.0,2687.64501953125,2854.0,36.83903492707759
1606,0.5027962923049927,154.11915588378906,0.0,2687.64501953125,2854.0,36.86093632807024
1607,0.5707082748413086,166.3761749267578,0.0,2687.64501953125,2854.0,36.88284601503983
1608,0.48093295097351074,137.53955078125,0.0,2687.64501953125,2854.0,36.904859679052606
1609,0.5680878758430481,224.75387573242188,0.0,2687.64501953125,2854.0,36.926420728093944
1610,1.1341192722320557,301.36688232421875,0.0,2687.64501953125,2854.0,36.94829320709687
1611,0.5934243202209473,141.709716796875,0.0,2687.64501953125,2854.0,36.970173874055035
1612,0.8103365898132324,287.56463623046875,0.0,2687.64501953125,2854.0,36.99211014807224
1613,0.5587627291679382,169.9639892578125,0.0,2687.64501953125,2854.0,37.01391127007082
1614,0.9602264165878296,222.55931091308594,0.0,2687.64501953125,2854.0,37.03585894603748
1615,0.5224449634552002,137.66390991210938,0.0,2687.64501953125,2854.0,37.05768934509251
1616,0.9098494052886963,331.015869140625,0.0,2687.64501953125,2854.0,37.079595042043366
1617,0.562278151512146,168.34927368164062,0.0,2687.64501953125,2854.0,37.10136658104602
1618,0.8863060474395752,402.355224609375,0.0,2687.64501953125,2854.0,37.12348018703051
1619,0.45346033573150635,206.1480712890625,0.0,2687.64501953125,2854.0,37.14553626906127
1620,0.6099822521209717,200.8431854248047,0.0,2687.64501953125,2854.0,37.16709120501764
1621,0.5694088935852051,146.35809326171875,0.0,2687.64501953125,2854.0,37.1889910150785
1622,0.5585360527038574,143.61428833007812,0.0,2687.64501953125,2854.0,37.21120591601357
1623,1.2157487869262695,209.74417114257812,0.0,2687.64501953125,2854.0,37.23309026204515
1624,0.5706620216369629,272.28228759765625,0.0,2687.64501953125,2854.0,37.255036645103246
1625,1.8149737119674683,422.1611328125,0.0,2687.64501953125,2854.0,37.276937495102175
1626,0.4846893548965454,241.77926635742188,0.0,2687.64501953125,2854.0,37.29895327007398
1627,0.5866137742996216,187.89422607421875,0.0,2687.64501953125,2854.0,37.320744145079516
1628,0.5676143765449524,428.987060546875,0.0,2687.64501953125,2854.0,37.34267810406163
1629,0.5299534797668457,176.37013244628906,0.0,2687.64501953125,2854.0,37.36461396701634
1630,0.6270053386688232,209.47933959960938,0.0,2687.64501953125,2854.0,37.386519891093485
1631,0.8075675368309021,314.690185546875,0.0,2687.64501953125,2854.0,37.40868476801552
1632,0.6856541633605957,293.5645751953125,0.0,2687.64501953125,2854.0,37.43061967706308
1633,1.36016845703125,352.17315673828125,0.0,2687.64501953125,2854.0,37.452239017002285
1634,0.5636520981788635,271.6353759765625,0.0,2687.64501953125,2854.0,37.473778348066844
1635,0.4008287191390991,179.316650390625,0.0,2687.64501953125,2854.0,37.49575051001739
1636,0.5240170955657959,199.74432373046875,0.0,2687.64501953125,2854.0,37.51783497806173
1637,0.629336953163147,247.53631591796875,0.0,2687.64501953125,2854.0,37.53976202104241
1638,1.8687527179718018,563.2197265625,0.0,2687.64501953125,2854.0,37.56166071409825
1639,0.7585539817810059,212.4952850341797,0.0,2687.64501953125,2854.0,37.583594706025906
1640,0.6633229851722717,273.71405029296875,0.0,2687.64501953125,2854.0,37.60562350705732
1641,1.1561717987060547,243.52325439453125,0.0,2687.64501953125,2854.0,37.62760386103764
1642,0.8245978355407715,306.0880126953125,0.0,2687.64501953125,2854.0,37.649602039018646
1643,0.5418757200241089,199.9971466064453,0.0,2687.64501953125,2854.0,37.67111755500082
1644,0.5258803367614746,232.5565643310547,0.0,2687.64501953125,2854.0,37.69302762206644
1645,0.4913029670715332,147.25439453125,0.0,2687.64501953125,2854.0,37.71452543209307
1646,0.40177348256111145,196.26052856445312,0.0,2687.64501953125,2854.0,37.73645795509219
1647,0.6366427540779114,173.04507446289062,0.0,2687.64501953125,2854.0,37.758412676048465
1648,0.4947032928466797,186.64576721191406,0.0,2687.64501953125,2854.0,37.78003362205345
1649,0.3930332660675049,141.31915283203125,0.0,2687.64501953125,2854.0,37.80177180701867
1650,0.5775835514068604,135.09317016601562,0.0,2687.64501953125,2854.0,37.82372829306405
1651,0.5684952139854431,153.67352294921875,0.0,2687.64501953125,2854.0,37.84570733900182
1652,1.167538046836853,443.3314208984375,0.0,2687.64501953125,2854.0,37.86771091003902
1653,0.4702901542186737,157.2005157470703,0.0,2687.64501953125,2854.0,37.88962845900096
1654,0.5434451699256897,161.6483154296875,0.0,2687.64501953125,2854.0,37.911363875027746
1655,0.5422331094741821,169.74423217773438,0.0,2687.64501953125,2854.0,37.93330167303793
1656,0.5377744436264038,190.23281860351562,0.0,2687.64501953125,2854.0,37.954774734098464
1657,0.5506798028945923,180.5655517578125,0.0,2687.64501953125,2854.0,37.97670251701493
1658,0.6019431352615356,152.72552490234375,0.0,2687.64501953125,2854.0,37.9988331310451
1659,0.411894291639328,193.6559295654297,0.0,2687.64501953125,2854.0,38.0206596320495
1660,0.5631020069122314,150.69387817382812,0.0,2687.64501953125,2854.0,38.04231707402505
1661,0.5155371427536011,182.42526245117188,0.0,2687.64501953125,2854.0,38.06382860499434
1662,0.5363239645957947,185.24502563476562,0.0,2687.64501953125,2854.0,38.08576114999596
1663,0.6123287677764893,177.308837890625,0.0,2687.64501953125,2854.0,38.10782595502678
1664,0.7662885189056396,222.94056701660156,0.0,2687.64501953125,2854.0,38.129583479021676
1665,0.4543483555316925,187.5403289794922,0.0,2687.64501953125,2854.0,38.1515110200271
1666,0.6154189109802246,181.9104766845703,0.0,2687.64501953125,2854.0,38.173583713010885
1667,0.5903019905090332,161.46551513671875,0.0,2687.64501953125,2854.0,38.19574472110253
1668,0.8155111074447632,290.216064453125,0.0,2687.64501953125,2854.0,38.2176912240684
1669,0.5183972120285034,141.7542724609375,0.0,2687.64501953125,2854.0,38.239634651108645
1670,1.0808510780334473,452.2243347167969,0.0,2687.64501953125,2854.0,38.26149266108405
1671,0.8143324255943298,176.384521484375,0.0,2687.64501953125,2854.0,38.283316601999104
1672,0.5236407518386841,155.78842163085938,0.0,2687.64501953125,2854.0,38.304915921064094
1673,1.3475664854049683,256.0135498046875,0.0,2687.64501953125,2854.0,38.326792071107775
1674,0.5262690186500549,155.52151489257812,0.0,2687.64501953125,2854.0,38.34866665408481
1675,0.6480978727340698,231.3831787109375,0.0,2687.64501953125,2854.0,38.37061112304218
1676,0.536076009273529,123.49784851074219,0.0,2687.64501953125,2854.0,38.3928039080929
1677,0.4700915217399597,102.78730010986328,0.0,2687.64501953125,2854.0,38.41444045910612
1678,0.48927468061447144,115.06709289550781,0.0,2687.64501953125,2854.0,38.43645266909152
1679,0.5972968339920044,165.55148315429688,0.0,2687.64501953125,2854.0,38.458425543038175
1680,0.5535508394241333,167.85964965820312,0.0,2687.64501953125,2854.0,38.48043556010816
1681,0.5903990268707275,160.24241638183594,0.0,2687.64501953125,2854.0,38.50239123904612
1682,0.5039517879486084,151.83306884765625,0.0,2687.64501953125,2854.0,38.524381308001466
1683,0.9253624677658081,479.4959716796875,0.0,2687.64501953125,2854.0,38.54632842110004
1684,0.5535985231399536,147.72415161132812,0.0,2687.64501953125,2854.0,38.568668038002215
1685,0.9880232810974121,385.7890930175781,0.0,2687.64501953125,2854.0,38.59038873401005
1686,0.9369056820869446,424.5936279296875,0.0,2687.64501953125,2854.0,38.61240516207181
1687,0.8216263055801392,299.127197265625,0.0,2687.64501953125,2854.0,38.63455455703661
1688,0.5776408910751343,151.56356811523438,0.0,2687.64501953125,2854.0,38.65728729707189
1689,0.9873331785202026,209.60330200195312,0.0,2687.64501953125,2854.0,38.67920087301172
1690,0.8320941925048828,292.6660461425781,0.0,2687.64501953125,2854.0,38.70127352303825
1691,0.5018572807312012,199.2571563720703,0.0,2687.64501953125,2854.0,38.723292708047666
1692,0.6669336557388306,294.25738525390625,0.0,2687.64501953125,2854.0,38.745293679996394
1693,0.9664683938026428,225.05227661132812,0.0,2687.64501953125,2854.0,38.767183660995215
1694,0.7620344758033752,332.909423828125,0.0,2687.64501953125,2854.0,38.7893296640832
1695,0.49430587887763977,155.22439575195312,0.0,2687.64501953125,2854.0,38.81083811307326
1696,0.4484424591064453,212.42674255371094,0.0,2687.64501953125,2854.0,38.832801880082116
1697,0.5277219414710999,194.472412109375,0.0,2687.64501953125,2854.0,38.85437829303555
1698,0.5518338680267334,168.8166961669922,0.0,2687.64501953125,2854.0,38.87637650605757
1699,0.5350416898727417,257.1497802734375,0.0,2687.64501953125,2854.0,38.89830858306959
1700,0.5719577670097351,307.9193115234375,0.0,2687.64501953125,2854.0,38.92025879002176
1701,0.6043051481246948,218.8277587890625,0.0,2687.64501953125,2854.0,38.942351139034145
1702,0.7134974002838135,194.59410095214844,0.0,2687.64501953125,2854.0,38.96455155604053
1703,0.59946608543396,176.19081115722656,0.0,2687.64501953125,2854.0,38.98678267409559
1704,0.5902246236801147,164.98333740234375,0.0,2687.64501953125,2854.0,39.00893467606511
1705,0.6822093725204468,235.02854919433594,0.0,2687.64501953125,2854.0,39.030979813076556
1706,0.5410581827163696,229.68788146972656,0.0,2687.64501953125,2854.0,39.05303604400251
1707,0.6254913806915283,196.51806640625,0.0,2687.64501953125,2854.0,39.07459638803266
1708,0.5057233572006226,170.888671875,0.0,2687.64501953125,2854.0,39.09657638706267
1709,0.5133448243141174,149.52127075195312,0.0,2687.64501953125,2854.0,39.118574066087604
1710,0.882046103477478,403.03125,0.0,2687.64501953125,2854.0,39.1401283449959
1711,0.5058703422546387,290.003173828125,0.0,2687.64501953125,2854.0,39.16210206004325
1712,0.4515310227870941,183.61561584472656,0.0,2687.64501953125,2854.0,39.18430949107278
1713,0.4358302056789398,140.4982147216797,0.0,2687.64501953125,2854.0,39.20633355202153
1714,0.6817776560783386,256.8675537109375,0.0,2687.64501953125,2854.0,39.22823348001111
1715,0.9754447937011719,331.6111145019531,0.0,2687.64501953125,2854.0,39.25021148810629
1716,0.49531739950180054,172.18954467773438,0.0,2687.64501953125,2854.0,39.271752158994786
1717,0.532560408115387,151.4747772216797,0.0,2687.64501953125,2854.0,39.29324512905441
1718,0.5352402925491333,212.6585693359375,0.0,2687.64501953125,2854.0,39.314753359067254
1719,0.9505289793014526,373.50390625,0.0,2687.64501953125,2854.0,39.33672428003047
1720,0.841410219669342,251.8797149658203,0.0,2687.64501953125,2854.0,39.35864017507993
1721,0.509332537651062,161.1492919921875,0.0,2687.64501953125,2854.0,39.38096601399593
1722,0.5427294969558716,141.55380249023438,0.0,2687.64501953125,2854.0,39.40302647999488
1723,0.7126232385635376,220.07806396484375,0.0,2687.64501953125,2854.0,39.424839531071484
1724,0.4862799644470215,177.7646484375,0.0,2687.64501953125,2854.0,39.44670703401789
1725,0.5556862950325012,147.89511108398438,0.0,2687.64501953125,2854.0,39.468604772002436
1726,0.49545127153396606,166.01889038085938,0.0,2687.64501953125,2854.0,39.4904890951002
1727,0.57688307762146,144.88392639160156,0.0,2687.64501953125,2854.0,39.511955155059695
1728,1.0692111253738403,275.13372802734375,0.0,2687.64501953125,2854.0,39.53336990799289
1729,0.5674248933792114,173.18722534179688,0.0,2687.64501953125,2854.0,39.55532587610651
1730,0.7649307250976562,306.9451599121094,0.0,2687.64501953125,2854.0,39.5774551370414
1731,0.43667110800743103,144.85313415527344,0.0,2687.64501953125,2854.0,39.59951744310092
1732,0.46424901485443115,165.9117431640625,0.0,2687.64501953125,2854.0,39.62161393009592
1733,0.507638692855835,153.5366668701172,0.0,2687.64501953125,2854.0,39.643682980095036
1734,0.4718049168586731,200.4121551513672,0.0,2687.64501953125,2854.0,39.66566530009732
1735,0.5103743076324463,165.18984985351562,0.0,2687.64501953125,2854.0,39.68718356802128
1736,0.5135464668273926,136.61639404296875,0.0,2687.64501953125,2854.0,39.70859689603094
1737,0.818798303604126,541.0633544921875,0.0,2687.64501953125,2854.0,39.730547098093666
1738,0.9589566588401794,261.1971740722656,0.0,2687.64501953125,2854.0,39.75193961709738
1739,0.5272307395935059,136.513916015625,0.0,2687.64501953125,2854.0,39.774050313048065
1740,0.5889331102371216,178.2720947265625,0.0,2687.64501953125,2854.0,39.795925452024676
1741,0.552731990814209,310.29058837890625,0.0,2687.64501953125,2854.0,39.81780164502561
1742,0.5376628637313843,166.98178100585938,0.0,2687.64501953125,2854.0,39.839770121034235
1743,0.537523627281189,125.23050689697266,0.0,2687.64501953125,2854.0,39.861251561087556
1744,0.5613316297531128,159.92239379882812,0.0,2687.64501953125,2854.0,39.882731740013696
1745,1.496720552444458,657.5457763671875,0.0,2687.64501953125,2854.0,39.904734420008026
1746,0.6473985910415649,321.0130615234375,0.0,2687.64501953125,2854.0,39.92658938199747
1747,0.5581092834472656,195.47027587890625,0.0,2687.64501953125,2854.0,39.948555717011914
1748,0.9052826166152954,211.50912475585938,0.0,2687.64501953125,2854.0,39.97073879104573
1749,1.0563991069793701,345.86822509765625,0.0,2687.64501953125,2854.0,39.99252685206011
1750,0.4467255771160126,164.62168884277344,0.0,2687.64501953125,2854.0,40.013919568038546
1751,1.1414880752563477,389.35723876953125,0.0,2687.64501953125,2854.0,40.03586376400199
1752,0.5707683563232422,132.21194458007812,0.0,2687.64501953125,2854.0,40.057786326040514
1753,0.5144056081771851,151.82249450683594,0.0,2687.64501953125,2854.0,40.07973737001885
1754,0.6871429681777954,233.04733276367188,0.0,2687.64501953125,2854.0,40.10176809306722
1755,0.4213714599609375,153.7393035888672,0.0,2687.64501953125,2854.0,40.123899902100675
1756,0.5931496620178223,162.57858276367188,0.0,2687.64501953125,2854.0,40.14600108505692
1757,0.6531756520271301,213.72225952148438,0.0,2687.64501953125,2854.0,40.168164561036974
1758,0.5864393711090088,128.7481231689453,0.0,2687.64501953125,2854.0,40.190054496051744
1759,0.5380156636238098,159.86013793945312,0.0,2687.64501953125,2854.0,40.21192425000481
1760,0.3753662705421448,143.04660034179688,0.0,2687.64501953125,2854.0,40.233837527106516
1761,0.5408241152763367,156.95579528808594,0.0,2687.64501953125,2854.0,40.25536263908725
1762,0.5526729822158813,220.6027069091797,0.0,2687.64501953125,2854.0,40.27677791402675
1763,0.5320789813995361,126.5824203491211,0.0,2687.64501953125,2854.0,40.29823644505814
1764,0.5968742966651917,162.6873779296875,0.0,2687.64501953125,2854.0,40.320055400021374
1765,0.6292794346809387,203.35430908203125,0.0,2687.64501953125,2854.0,40.342017836053856
1766,0.4173152446746826,168.9190673828125,0.0,2687.64501953125,2854.0,40.364179259049706
1767,0.5369555950164795,147.1258544921875,0.0,2687.64501953125,2854.0,40.38583178201225
1768,0.4528801143169403,127.6087875366211,0.0,2687.64501953125,2854.0,40.407788925105706
1769,0.509117841720581,126.07942962646484,0.0,2687.64501953125,2854.0,40.42974009702448
1770,0.5423076152801514,209.05178833007812,0.0,2687.64501953125,2854.0,40.45132855605334
1771,0.46054184436798096,159.55323791503906,0.0,2687.64501953125,2854.0,40.47325748403091
1772,0.49271294474601746,150.83009338378906,0.0,2687.64501953125,2854.0,40.495173896080814
1773,0.4997866749763489,191.69671630859375,0.0,2687.64501953125,2854.0,40.517191896098666
1774,0.6210782527923584,211.0173797607422,0.0,2687.64501953125,2854.0,40.53908442007378
1775,0.48465073108673096,176.19146728515625,0.0,2687.64501953125,2854.0,40.561228155042045
1776,0.8396891951560974,262.46710205078125,0.0,2687.64501953125,2854.0,40.583107712096535
1777,0.5982204079627991,167.5748291015625,0.0,2687.64501953125,2854.0,40.60517348500434
1778,0.536620557308197,209.4796600341797,0.0,2687.64501953125,2854.0,40.62727072206326
1779,0.8447408676147461,222.18191528320312,0.0,2687.64501953125,2854.0,40.64919018303044
1780,0.6351525783538818,213.01060485839844,0.0,2687.64501953125,2854.0,40.67123654810712
1781,0.46482282876968384,263.50494384765625,0.0,2687.64501953125,2854.0,40.69273205799982
1782,0.446377158164978,166.719970703125,0.0,2687.64501953125,2854.0,40.7147094180109
1783,0.47546303272247314,158.4677276611328,0.0,2687.64501953125,2854.0,40.73622498405166
1784,0.41935408115386963,165.85989379882812,0.0,2687.64501953125,2854.0,40.75799952610396
1785,0.5726646184921265,160.814208984375,0.0,2687.64501953125,2854.0,40.77990776707884
1786,0.5540039539337158,152.6898956298828,0.0,2687.64501953125,2854.0,40.80182606901508
1787,0.5649299621582031,146.85781860351562,0.0,2687.64501953125,2854.0,40.82334265508689
1788,0.46686896681785583,151.85687255859375,0.0,2687.64501953125,2854.0,40.84531607106328
1789,0.5156244039535522,154.0078125,0.0,2687.64501953125,2854.0,40.86724839708768
1790,0.5401365160942078,152.9306182861328,0.0,2687.64501953125,2854.0,40.88883018202614
1791,0.7588048577308655,379.7884826660156,0.0,2687.64501953125,2854.0,40.91068158601411
1792,1.5685349702835083,485.15740966796875,0.0,2687.64501953125,2854.0,40.93229461403098
1793,0.4708588123321533,119.22599029541016,0.0,2687.64501953125,2854.0,40.954428639030084
1794,0.5407140254974365,256.14337158203125,0.0,2687.64501953125,2854.0,40.97594796202611
1795,0.6077176928520203,179.42437744140625,0.0,2687.64501953125,2854.0,40.997877233079635
1796,0.8787019848823547,262.7721252441406,0.0,2687.64501953125,2854.0,41.01991381600965
1797,0.4222627282142639,122.22462463378906,0.0,2687.64501953125,2854.0,41.04145175800659
1798,0.4947236180305481,160.12135314941406,0.0,2687.64501953125,2854.0,41.06343164504506
1799,1.145999550819397,332.4189453125,0.0,2687.64501953125,2854.0,41.08521216304507
1800,0.49485915899276733,179.51150512695312,0.0,2687.64501953125,2854.0,41.10732421907596
1801,0.4226103127002716,133.69366455078125,0.0,2687.64501953125,2854.0,41.12926211906597
1802,0.5830926895141602,175.41806030273438,0.0,2687.64501953125,2854.0,41.15159241610672
1803,0.6010828018188477,155.53823852539062,0.0,2687.64501953125,2854.0,41.173579539055936
1804,0.5271608233451843,151.56268310546875,0.0,2687.64501953125,2854.0,41.19555218308233
1805,0.48382803797721863,178.6182098388672,0.0,2687.64501953125,2854.0,41.217624098062515
1806,0.7318440079689026,400.2428894042969,0.0,2687.64501953125,2854.0,41.23961627809331
1807,0.5855657458305359,189.80380249023438,0.0,2687.64501953125,2854.0,41.26149004208855
1808,0.5333179235458374,138.7730712890625,0.0,2687.64501953125,2854.0,41.283425658009946
1809,0.5140129327774048,236.648193359375,0.0,2687.64501953125,2854.0,41.30541582510341
1810,0.5089669227600098,162.01580810546875,0.0,2687.64501953125,2854.0,41.32732240110636
1811,0.5085777044296265,158.92706298828125,0.0,2687.64501953125,2854.0,41.34961689100601
1812,0.5725165605545044,149.18353271484375,0.0,2687.64501953125,2854.0,41.371560280094855
1813,0.4747961759567261,208.41226196289062,0.0,2687.64501953125,2854.0,41.39339430304244
1814,0.39149147272109985,154.99395751953125,0.0,2687.64501953125,2854.0,41.41532808810007
1815,0.5264818668365479,163.5952911376953,0.0,2687.64501953125,2854.0,41.437058489071205
1816,0.5686562657356262,149.01223754882812,0.0,2687.64501953125,2854.0,41.45857487607282
1817,0.7551642656326294,280.958984375,0.0,2687.64501953125,2854.0,41.480087822070345
1818,0.3807764947414398,154.6124267578125,0.0,2687.64501953125,2854.0,41.50212415505666
1819,0.4055952727794647,197.1692657470703,0.0,2687.64501953125,2854.0,41.5240572480252
1820,0.5409864187240601,110.77430725097656,0.0,2687.64501953125,2854.0,41.546279555070214
1821,0.8665076494216919,537.465576171875,0.0,2687.64501953125,2854.0,41.56826808699407
1822,0.8636928200721741,192.9455108642578,0.0,2687.64501953125,2854.0,41.59021118807141
1823,1.5605719089508057,456.5135498046875,0.0,2687.64501953125,2854.0,41.61195388203487
1824,0.5954246520996094,158.60952758789062,0.0,2687.64501953125,2854.0,41.63433314207941
1825,0.543967604637146,130.59649658203125,0.0,2687.64501953125,2854.0,41.65672978910152
1826,1.3385950326919556,332.88592529296875,0.0,2687.64501953125,2854.0,41.67869332502596
1827,0.5775996446609497,142.50865173339844,0.0,2687.64501953125,2854.0,41.700336265028454
1828,0.9584676027297974,238.34423828125,0.0,2687.64501953125,2854.0,41.72232107305899
1829,0.5464416742324829,183.552734375,0.0,2687.64501953125,2854.0,41.74403596809134
1830,0.5727089643478394,165.07769775390625,0.0,2687.64501953125,2854.0,41.76599458407145
1831,0.8168048858642578,440.804931640625,0.0,2687.64501953125,2854.0,41.78751430509146
1832,0.5898770689964294,148.24571228027344,0.0,2687.64501953125,2854.0,41.80946728901472
1833,0.4962897300720215,124.77381896972656,0.0,2687.64501953125,2854.0,41.83142251800746
1834,0.5737806558609009,140.42471313476562,0.0,2687.64501953125,2854.0,41.852935792994685
1835,0.46881264448165894,140.12757873535156,0.0,2687.64501953125,2854.0,41.874787052045576
1836,0.5893795490264893,151.65878295898438,0.0,2687.64501953125,2854.0,41.896693089045584
1837,0.4814611077308655,144.99635314941406,0.0,2687.64501953125,2854.0,41.91863519710023
1838,0.44937026500701904,120.3006591796875,0.0,2687.64501953125,2854.0,41.94085456209723
1839,0.6126648187637329,158.40338134765625,0.0,2687.64501953125,2854.0,41.96280570700765
1840,0.548075795173645,170.83604431152344,0.0,2687.64501953125,2854.0,41.984663894050755
1841,0.8100292682647705,201.56735229492188,0.0,2687.64501953125,2854.0,42.00665658805519
1842,0.8935986161231995,257.32305908203125,0.0,2687.64501953125,2854.0,42.028562505031005
1843,0.568524956703186,183.73196411132812,0.0,2687.64501953125,2854.0,42.05059737409465
1844,0.549288809299469,122.46013641357422,0.0,2687.64501953125,2854.0,42.07222022500355
1845,0.45178037881851196,117.93069458007812,0.0,2687.64501953125,2854.0,42.09416324610356
1846,0.5329782962799072,143.1414337158203,0.0,2687.64501953125,2854.0,42.11630834301468
1847,0.4784209430217743,152.90692138671875,0.0,2687.64501953125,2854.0,42.138692904030904
1848,0.5835517048835754,126.53115844726562,0.0,2687.64501953125,2854.0,42.16022664308548
1849,0.45906373858451843,142.22018432617188,0.0,2687.64501953125,2854.0,42.182145719998516
1850,0.5806571245193481,222.23275756835938,0.0,2687.64501953125,2854.0,42.20397310901899
1851,0.5348309874534607,144.29953002929688,0.0,2687.64501953125,2854.0,42.2260274970904
1852,0.7912104725837708,207.56747436523438,0.0,2687.64501953125,2854.0,42.24797930510249
1853,0.44728872179985046,168.43829345703125,0.0,2687.64501953125,2854.0,42.27004347310867
1854,0.8249942064285278,228.20217895507812,0.0,2687.64501953125,2854.0,42.291996259009466
1855,0.4458189308643341,136.858154296875,0.0,2687.64501953125,2854.0,42.313904599053785
1856,0.5044420957565308,123.48986053466797,0.0,2687.64501953125,2854.0,42.33607738302089
1857,0.5271495580673218,152.87704467773438,0.0,2687.64501953125,2854.0,42.357543533085845
1858,0.5592066645622253,182.5643310546875,0.0,2687.64501953125,2854.0,42.379447190091014
1859,0.6286342144012451,162.15478515625,0.0,2687.64501953125,2854.0,42.401496082078665
1860,0.606930136680603,155.51004028320312,0.0,2687.64501953125,2854.0,42.42342344799545
1861,0.42077648639678955,180.0987091064453,0.0,2687.64501953125,2854.0,42.44545478303917
1862,1.4995709657669067,352.5595397949219,0.0,2687.64501953125,2854.0,42.46741666703019
1863,0.5758498907089233,149.82687377929688,0.0,2687.64501953125,2854.0,42.48932146502193
1864,0.46938228607177734,207.92709350585938,0.0,2687.64501953125,2854.0,42.51099674310535
1865,0.4793246388435364,124.7276611328125,0.0,2687.64501953125,2854.0,42.53319850307889
1866,0.5864897966384888,161.85292053222656,0.0,2687.64501953125,2854.0,42.554943605093285
1867,0.5196759104728699,144.601318359375,0.0,2687.64501953125,2854.0,42.577108493074775
1868,0.6249287128448486,194.42115783691406,0.0,2687.64501953125,2854.0,42.59903208608739
1869,0.5303127765655518,136.41078186035156,0.0,2687.64501953125,2854.0,42.62122323305812
1870,1.827960729598999,352.5669860839844,0.0,2687.64501953125,2854.0,42.64328709500842
1871,0.796491265296936,146.40304565429688,0.0,2687.64501953125,2854.0,42.66521449806169
1872,0.4771609306335449,150.73828125,0.0,2687.64501953125,2854.0,42.68724912102334
1873,0.5982253551483154,184.5808868408203,0.0,2687.64501953125,2854.0,42.70882380800322
1874,0.5285777449607849,153.89503479003906,0.0,2687.64501953125,2854.0,42.73061955405865
1875,0.5616048574447632,125.02339172363281,0.0,2687.64501953125,2854.0,42.7525021500187
1876,0.5798740386962891,159.76358032226562,0.0,2687.64501953125,2854.0,42.77453859907109
1877,0.40807169675827026,133.05931091308594,0.0,2687.64501953125,2854.0,42.79660388408229
1878,0.7899799942970276,252.8880157470703,0.0,2687.64501953125,2854.0,42.81850494502578
1879,0.5549889206886292,147.01895141601562,0.0,2687.64501953125,2854.0,42.840453815995716
1880,0.38458096981048584,158.9583740234375,0.0,2687.64501953125,2854.0,42.86241352104116
1881,0.5777162909507751,113.32670593261719,0.0,2687.64501953125,2854.0,42.88397739699576
1882,0.5323348045349121,144.58145141601562,0.0,2687.64501953125,2854.0,42.90582995407749
1883,0.593227207660675,127.21417236328125,0.0,2687.64501953125,2854.0,42.92802215309348
1884,1.0691906213760376,226.4030303955078,0.0,2687.64501953125,2854.0,42.94995653803926
1885,0.5490069389343262,140.14427185058594,0.0,2687.64501953125,2854.0,42.971913021057844
1886,0.6575225591659546,286.6859130859375,0.0,2687.64501953125,2854.0,42.99378382903524
1887,0.49389246106147766,189.10330200195312,0.0,2687.64501953125,2854.0,43.015424484037794
1888,1.1622904539108276,178.67434692382812,0.0,2687.64501953125,2854.0,43.0373243620852
1889,0.4946525990962982,151.43331909179688,0.0,2687.64501953125,2854.0,43.05891216802411
1890,0.5282772183418274,179.45848083496094,0.0,2687.64501953125,2854.0,43.08086586010177
1891,0.6319977045059204,178.55300903320312,0.0,2687.64501953125,2854.0,43.102914776070975
1892,0.5125697255134583,176.71136474609375,0.0,2687.64501953125,2854.0,43.125402288045734
1893,0.5090683102607727,144.72552490234375,0.0,2687.64501953125,2854.0,43.14746909704991
1894,0.5790281891822815,133.06259155273438,0.0,2687.64501953125,2854.0,43.16933562303893
1895,0.5200351476669312,146.76162719726562,0.0,2687.64501953125,2854.0,43.191247361013666
1896,1.0265684127807617,324.4239501953125,0.0,2687.64501953125,2854.0,43.213184223044664
1897,0.6544865369796753,196.22718811035156,0.0,2687.64501953125,2854.0,43.235165304038674
1898,0.5378700494766235,141.10696411132812,0.0,2687.64501953125,2854.0,43.25706952007022
1899,0.5663895606994629,154.6694793701172,0.0,2687.64501953125,2854.0,43.27857093303464
1900,0.5660364031791687,134.13357543945312,0.0,2687.64501953125,2854.0,43.30051379709039
1901,0.5530049800872803,265.74310302734375,0.0,2687.64501953125,2854.0,43.322381351026706
1902,0.5367012023925781,222.54925537109375,0.0,2687.64501953125,2854.0,43.344304831000045
1903,0.7150208950042725,244.1900634765625,0.0,2687.64501953125,2854.0,43.36632388504222
1904,0.5430315732955933,132.22100830078125,0.0,2687.64501953125,2854.0,43.38829849101603
1905,0.43050628900527954,143.74256896972656,0.0,2687.64501953125,2854.0,43.40978916105814
1906,0.4787578880786896,151.53013610839844,0.0,2687.64501953125,2854.0,43.43170578801073
1907,0.6307054162025452,171.45089721679688,0.0,2687.64501953125,2854.0,43.45365523407236
1908,0.6330899000167847,124.554931640625,0.0,2687.64501953125,2854.0,43.475658091017976
1909,0.5654771327972412,129.62094116210938,0.0,2687.64501953125,2854.0,43.49757344205864
1910,0.8357847332954407,218.1734619140625,0.0,2687.64501953125,2854.0,43.51979316107463
1911,0.4846954345703125,158.96705627441406,0.0,2687.64501953125,2854.0,43.541778167011216
1912,0.5770114660263062,138.71466064453125,0.0,2687.64501953125,2854.0,43.56378874008078
1913,0.5259765386581421,132.6711883544922,0.0,2687.64501953125,2854.0,43.585391739034094
1914,0.46263420581817627,164.20594787597656,0.0,2687.64501953125,2854.0,43.60746173199732
1915,0.49958300590515137,140.21206665039062,0.0,2687.64501953125,2854.0,43.629514352069236
1916,0.5976930856704712,168.65155029296875,0.0,2687.64501953125,2854.0,43.651581145008095
1917,0.4047868847846985,121.78833770751953,0.0,2687.64501953125,2854.0,43.67323762201704
1918,0.7367765307426453,295.75714111328125,0.0,2687.64501953125,2854.0,43.695196158019826
1919,0.5504186153411865,135.04693603515625,0.0,2687.64501953125,2854.0,43.71750500402413
1920,0.3636281490325928,135.85423278808594,0.0,2687.64501953125,2854.0,43.73955936403945
1921,0.896651029586792,364.647216796875,0.0,2687.64501953125,2854.0,43.761484756018035
1922,1.0716214179992676,680.1248168945312,0.0,2687.64501953125,2854.0,43.783409030060284
1923,0.5809603333473206,160.07260131835938,0.0,2687.64501953125,2854.0,43.805022390093654
1924,0.4977497160434723,145.36647033691406,0.0,2687.64501953125,2854.0,43.826995976036415
1925,0.5487174391746521,172.63197326660156,0.0,2687.64501953125,2854.0,43.848577968077734
1926,0.49454301595687866,264.2056579589844,0.0,2687.64501953125,2854.0,43.87052920903079
1927,0.43311622738838196,147.9366912841797,0.0,2687.64501953125,2854.0,43.89256606309209
1928,1.0271623134613037,189.02685546875,0.0,2687.64501953125,2854.0,43.914706092095
1929,0.48018941283226013,108.25080871582031,0.0,2687.64501953125,2854.0,43.936652889009565
1930,0.7562049031257629,346.28143310546875,0.0,2687.64501953125,2854.0,43.95854792499449
1931,0.5158379077911377,157.0203094482422,0.0,2687.64501953125,2854.0,43.98048367805313
1932,0.7932360172271729,190.96485900878906,0.0,2687.64501953125,2854.0,44.00249057309702
1933,0.45344358682632446,193.15084838867188,0.0,2687.64501953125,2854.0,44.02443517604843
1934,0.5734260082244873,134.06594848632812,0.0,2687.64501953125,2854.0,44.04612705402542
1935,0.8574331998825073,333.4188537597656,0.0,2687.64501953125,2854.0,44.06806632108055
1936,0.42408329248428345,118.20455932617188,0.0,2687.64501953125,2854.0,44.089856881066225
1937,0.6296777725219727,216.40423583984375,0.0,2687.64501953125,2854.0,44.11211370502133
1938,0.39364296197891235,169.09039306640625,0.0,2687.64501953125,2854.0,44.134233520017006
1939,1.284149169921875,281.37164306640625,0.0,2687.64501953125,2854.0,44.15617030404974
1940,0.6462364196777344,193.7977294921875,0.0,2687.64501953125,2854.0,44.177670023054816
1941,0.4974043369293213,186.39651489257812,0.0,2687.64501953125,2854.0,44.199642189079896
1942,0.5469602942466736,162.264404296875,0.0,2687.64501953125,2854.0,44.22125041508116
1943,0.4340043067932129,276.1796569824219,0.0,2687.64501953125,2854.0,44.24276164500043
1944,1.2617616653442383,314.59466552734375,0.0,2687.64501953125,2854.0,44.26467645203229
1945,0.8960554599761963,453.72918701171875,0.0,2687.64501953125,2854.0,44.286694202106446
1946,0.49637022614479065,151.56478881835938,0.0,2687.64501953125,2854.0,44.30893734109122
1947,0.568904459476471,139.23089599609375,0.0,2687.64501953125,2854.0,44.330468257074244
1948,0.45556068420410156,151.7946319580078,0.0,2687.64501953125,2854.0,44.35199154203292
1949,0.5334002375602722,160.77841186523438,0.0,2687.64501953125,2854.0,44.37339183699805
1950,0.5403375625610352,179.87875366210938,0.0,2687.64501953125,2854.0,44.39478461002
1951,0.5372341871261597,164.3739776611328,0.0,2687.64501953125,2854.0,44.41673871607054
1952,0.5952330827713013,285.018310546875,0.0,2687.64501953125,2854.0,44.43835240602493
1953,0.5154913067817688,134.89608764648438,0.0,2687.64501953125,2854.0,44.46033576200716
1954,0.5167009830474854,141.70651245117188,0.0,2687.64501953125,2854.0,44.482366438023746
1955,0.626255452632904,198.44061279296875,0.0,2687.64501953125,2854.0,44.504493537009694
1956,0.5874031782150269,219.44549560546875,0.0,2687.64501953125,2854.0,44.52609531406779
1957,0.41468000411987305,144.72250366210938,0.0,2687.64501953125,2854.0,44.54807365301531
1958,0.5228449106216431,190.5697784423828,0.0,2687.64501953125,2854.0,44.5700786060188
1959,1.1837759017944336,236.1456298828125,0.0,2687.64501953125,2854.0,44.59196376800537
1960,0.4782017469406128,174.48919677734375,0.0,2687.64501953125,2854.0,44.614080667030066
1961,0.5144990086555481,158.62001037597656,0.0,2687.64501953125,2854.0,44.63598229410127
1962,0.7610973119735718,297.492919921875,0.0,2687.64501953125,2854.0,44.657968220999464
1963,0.3847043514251709,162.3672332763672,0.0,2687.64501953125,2854.0,44.67993317602668
1964,0.47460681200027466,143.79737854003906,0.0,2687.64501953125,2854.0,44.702125013107434
1965,0.4178847372531891,146.0066680908203,0.0,2687.64501953125,2854.0,44.724051035009325
1966,0.45678383111953735,159.81707763671875,0.0,2687.64501953125,2854.0,44.746096472023055
1967,0.3473986089229584,136.8485565185547,0.0,2687.64501953125,2854.0,44.76803692406975
1968,0.48282331228256226,157.89944458007812,0.0,2687.64501953125,2854.0,44.79007517604623
1969,0.5182526111602783,150.1458282470703,0.0,2687.64501953125,2854.0,44.81162811606191
1970,0.5425573587417603,164.07635498046875,0.0,2687.64501953125,2854.0,44.83365900500212
1971,0.8737669587135315,242.2995147705078,0.0,2687.64501953125,2854.0,44.855578693095595
1972,0.5706035494804382,163.17022705078125,0.0,2687.64501953125,2854.0,44.87746006308589
1973,0.6361242532730103,193.84994506835938,0.0,2687.64501953125,2854.0,44.89972256904002
1974,0.8795348405838013,337.7022399902344,0.0,2687.64501953125,2854.0,44.92163321899716
1975,0.7943776845932007,190.55023193359375,0.0,2687.64501953125,2854.0,44.94361512607429
1976,1.0506261587142944,214.2942352294922,0.0,2687.64501953125,2854.0,44.965059147099964
1977,0.6492668390274048,205.78646850585938,0.0,2687.64501953125,2854.0,44.98692381102592
1978,0.5024505853652954,127.20420837402344,0.0,2687.64501953125,2854.0,45.00894506799523
1979,0.5703511834144592,119.80078887939453,0.0,2687.64501953125,2854.0,45.030518227024004
1980,0.7964081764221191,194.0718994140625,0.0,2687.64501953125,2854.0,45.05242734705098
1981,0.8847271203994751,210.6175537109375,0.0,2687.64501953125,2854.0,45.07444337103516
1982,0.6180776357650757,189.15432739257812,0.0,2687.64501953125,2854.0,45.09622298309114
1983,1.0257593393325806,199.56466674804688,0.0,2687.64501953125,2854.0,45.11817214707844
1984,0.49510422348976135,186.96505737304688,0.0,2687.64501953125,2854.0,45.14031466504093
1985,1.257297396659851,227.8392333984375,0.0,2687.64501953125,2854.0,45.16228225408122
1986,0.5058639049530029,141.49436950683594,0.0,2687.64501953125,2854.0,45.18387355504092
1987,0.5556691288948059,148.69639587402344,0.0,2687.64501953125,2854.0,45.20584816404153
1988,0.5830082893371582,217.999755859375,0.0,2687.64501953125,2854.0,45.227824752102606
1989,0.5366427898406982,146.39340209960938,0.0,2687.64501953125,2854.0,45.249681115034036
1990,0.4121881127357483,143.4585418701172,0.0,2687.64501953125,2854.0,45.27120156399906
1991,0.5243427157402039,108.76407623291016,0.0,2687.64501953125,2854.0,45.29289164603688
1992,0.508139967918396,147.25990295410156,0.0,2687.64501953125,2854.0,45.31489800300915
1993,0.3741814196109772,151.28775024414062,0.0,2687.64501953125,2854.0,45.336807536077686
1994,0.5692586898803711,132.04713439941406,0.0,2687.64501953125,2854.0,45.35877133207396
1995,0.4869486093521118,131.50245666503906,0.0,2687.64501953125,2854.0,45.38062817801256
1996,0.5967776775360107,113.86746215820312,0.0,2687.64501953125,2854.0,45.4026379029965
1997,0.6537442207336426,181.93783569335938,0.0,2687.64501953125,2854.0,45.424712576088496
1998,0.5024104714393616,161.79689025878906,0.0,2687.64501953125,2854.0,45.44669558305759
1999,0.4135500192642212,226.120849609375,0.0,2687.64501953125,2854.0,45.46852095006034
2000,0.5339328050613403,145.56381225585938,0.0,2687.64501953125,2854.0,45.49041642900556
