step,loss,fixed_span_mse,fixed_span_cosine,pooled_loss,adapter_grad_abs_sum,llm_grad_abs_sum,gpu_mem_allocated_mb,gpu_mem_reserved_mb,elapsed_sec
1,0.9654157161712646,0.33155593276023865,0.9982858300209045,1.068062424659729,574.4638226926327,0.0,1053.13134765625,1530.0,0.35548658898915164
2,0.8628492951393127,0.3335469365119934,0.935782253742218,0.871448278427124,610.1940366178751,0.0,1071.80126953125,1536.0,0.380704857991077
3,0.6523126363754272,0.24142996966838837,0.9161415100097656,0.6385370492935181,417.76207247003913,0.0,1071.80126953125,1536.0,0.40459169799578376
4,0.5554894208908081,0.2016434669494629,0.9067925810813904,0.5263334512710571,400.666534692049,0.0,1071.80126953125,1536.0,0.42812729299475905
5,0.49329495429992676,0.17192064225673676,0.8954869508743286,0.46365126967430115,323.6468860488385,0.0,1071.80126953125,1536.0,0.4518998669955181
6,0.42837053537368774,0.15093815326690674,0.8785187602043152,0.37916100025177,306.7256668396294,0.0,1071.82958984375,1536.0,0.4749731170013547
7,0.388353168964386,0.13308772444725037,0.8639049530029297,0.3377498686313629,281.27181408554316,0.0,1071.82958984375,1536.0,0.4985469529929105
8,0.3675248622894287,0.1175011694431305,0.8546218276023865,0.32912302017211914,256.6508428584784,0.0,1071.82958984375,1536.0,0.5219410080026137
9,0.3576870560646057,0.10397043824195862,0.8558914065361023,0.3362549841403961,246.2530069798231,0.0,1071.82958984375,1536.0,0.5456429409969132
10,0.327686071395874,0.08842993527650833,0.8432484865188599,0.30986255407333374,244.58005241211504,0.0,1071.82958984375,1536.0,0.568837219994748
11,0.35240304470062256,0.07577923685312271,0.8713165521621704,0.378984272480011,242.44138440862298,0.0,1071.82958984375,1536.0,0.5924397279886762
12,0.3036172389984131,0.06356213986873627,0.8470795154571533,0.31069430708885193,230.9149251356721,0.0,1071.82958984375,1536.0,0.6159544029942481
13,0.27596837282180786,0.05366573482751846,0.8431063890457153,0.275983989238739,244.97689866274595,0.0,1071.82958984375,1536.0,0.6397001979930792
14,0.2871828079223633,0.04680321365594864,0.8461270332336426,0.31153374910354614,216.69398613460362,0.0,1071.82958984375,1536.0,0.663254371000221
15,0.26760897040367126,0.04191393032670021,0.838276207447052,0.28373482823371887,246.14891033247113,0.0,1071.82958984375,1536.0,0.6870552229956957
16,0.26852601766586304,0.03878745436668396,0.832666277885437,0.2929438650608063,213.17104606609792,0.0,1071.82958984375,1536.0,0.7105134640005417
17,0.26269763708114624,0.0360981784760952,0.8343247175216675,0.28633394837379456,215.39625564729795,0.0,1071.82958984375,1536.0,0.7340019580005901
18,0.2642764747142792,0.03357881307601929,0.8302890658378601,0.2953375279903412,203.58101517427713,0.0,1071.82958984375,1536.0,0.7575867179984925
19,0.25112834572792053,0.0312640517950058,0.830414354801178,0.27364569902420044,229.04796452075243,0.0,1071.82958984375,1536.0,0.781298636997235
20,0.2574681043624878,0.0286273006349802,0.839449405670166,0.2897917628288269,203.37605165876448,0.0,1071.82958984375,1536.0,0.8048543299955782
21,0.2369704246520996,0.026042157784104347,0.8263739347457886,0.25658175349235535,222.80248051928356,0.0,1071.82958984375,1536.0,0.828375632991083
22,0.2363775074481964,0.024380316957831383,0.8301904797554016,0.25795626640319824,200.68640662916005,0.0,1071.82958984375,1536.0,0.8517987679952057
23,0.23364299535751343,0.02354014478623867,0.8373816609382629,0.2527293562889099,210.40605150535703,0.0,1071.82958984375,1536.0,0.8755162799934624
24,0.23733222484588623,0.02237968146800995,0.8365285396575928,0.262599378824234,205.38078536791727,0.0,1071.82958984375,1536.0,0.8991672190022655
25,0.23087695240974426,0.02188454382121563,0.8311561346054077,0.251753568649292,192.6819183002226,0.0,1071.82958984375,1536.0,0.9227639869932318
26,0.24841611087322235,0.021167214959859848,0.8363502621650696,0.2872277498245239,204.46053764550015,0.0,1071.82958984375,1536.0,0.9462901239894563
27,0.23581081628799438,0.020543204620480537,0.8299958109855652,0.2645360827445984,169.80609365925193,0.0,1071.82958984375,1536.0,0.9695021619991167
28,0.21298043429851532,0.0194581039249897,0.8140355348587036,0.2242375612258911,251.8660205360502,0.0,1071.82958984375,1536.0,0.992837152996799
29,0.20821347832679749,0.01876681111752987,0.8130779266357422,0.21627774834632874,199.55522535648197,0.0,1071.82958984375,1536.0,1.0166114259918686
30,0.19888806343078613,0.01946812868118286,0.8081470131874084,0.19721046090126038,193.86802272778004,0.0,1071.82958984375,1536.0,1.0402922189969104
31,0.20847681164741516,0.019348621368408203,0.8194710612297058,0.21436214447021484,191.61389821767807,0.0,1071.82958984375,1536.0,1.0640073179965839
32,0.23662768304347992,0.019600309431552887,0.8282929062843323,0.26839616894721985,201.3668554238975,0.0,1071.82958984375,1536.0,1.0873031349910889
33,0.21731999516487122,0.019308339804410934,0.8085487484931946,0.23431356251239777,211.06911889649928,0.0,1071.82958984375,1536.0,1.110602985994774
34,0.2179841697216034,0.018725423142313957,0.8171571493148804,0.23508605360984802,169.72835073573515,0.0,1071.82958984375,1536.0,1.134089100989513
35,0.210117369890213,0.018284492194652557,0.8084881901741028,0.22196811437606812,156.95013830112293,0.0,1071.82958984375,1536.0,1.1576576090010349
36,0.1874389946460724,0.01764439418911934,0.802721381187439,0.1790449172258377,184.31332763563842,0.0,1071.82958984375,1536.0,1.181203813990578
37,0.19752106070518494,0.01748577505350113,0.8084732890129089,0.1983758956193924,168.06368633825332,0.0,1071.82958984375,1536.0,1.2048861520015635
38,0.20960040390491486,0.017109544947743416,0.8206465840339661,0.22085240483283997,182.1456995420158,0.0,1071.82958984375,1536.0,1.2285236269963207
39,0.22343572974205017,0.015981309115886688,0.8276837468147278,0.24937207996845245,204.65854695625603,0.0,1071.82958984375,1536.0,1.2521522659953916
40,0.21814033389091492,0.014562854543328285,0.8190360069274902,0.24334774911403656,176.70949387690052,0.0,1071.82958984375,1536.0,1.2757403579889797
41,0.20284733176231384,0.013470904901623726,0.8126806616783142,0.21621672809123993,211.74331709742546,0.0,1071.82958984375,1536.0,1.2994954169989796
42,0.19485855102539062,0.01345687173306942,0.8047040700912476,0.20186255872249603,186.35636416450143,0.0,1071.82958984375,1536.0,1.323229307992733
43,0.20481574535369873,0.014290627092123032,0.8154599666595459,0.2179582566022873,182.6201484967023,0.0,1071.82958984375,1536.0,1.3470679539896082
44,0.21385103464126587,0.013779780827462673,0.8212846517562866,0.23588556051254272,198.48856692947447,0.0,1071.82958984375,1536.0,1.3706523579894565
45,0.19958820939064026,0.013484667986631393,0.8214917778968811,0.2079087197780609,170.85907953884453,0.0,1071.82958984375,1536.0,1.3942473089991836
46,0.19290894269943237,0.013044614344835281,0.8115082383155823,0.19742698967456818,230.23913703113794,0.0,1071.82958984375,1536.0,1.4178451969928574
47,0.21166452765464783,0.013177996501326561,0.8294686079025269,0.2310793250799179,178.3915797919035,0.0,1071.82958984375,1536.0,1.441582847997779
48,0.19548937678337097,0.012018471024930477,0.814369797706604,0.20406785607337952,182.06533960532397,0.0,1071.82958984375,1536.0,1.4649476659978973
49,0.19993311166763306,0.012663946487009525,0.820898711681366,0.2103586047887802,167.07352299895138,0.0,1071.82958984375,1536.0,1.4884374069952173
50,0.21771204471588135,0.013580325059592724,0.8378851413726807,0.24068640172481537,204.58670233003795,0.0,1071.82958984375,1536.0,1.5119221409986494
51,0.19201982021331787,0.011855138465762138,0.8220072984695435,0.19592788815498352,262.3479059562087,0.0,1071.82958984375,1536.0,1.5352955679991283
52,0.19219249486923218,0.012569709680974483,0.8158359527587891,0.196078360080719,177.9143997458741,0.0,1071.82958984375,1536.0,1.558887514998787
53,0.2186003029346466,0.012942054308950901,0.8340213894844055,0.24451220035552979,241.4591580759734,0.0,1071.82958984375,1536.0,1.5822299669962376
54,0.20056912302970886,0.012691610492765903,0.8275587558746338,0.21024328470230103,167.7104416768998,0.0,1071.82958984375,1536.0,1.6057430139917415
55,0.19889208674430847,0.011319308541715145,0.8129465579986572,0.21255625784397125,328.001347001642,0.0,1071.82958984375,1536.0,1.6292968449997716
56,0.19171203672885895,0.014220708049833775,0.8232633471488953,0.19032998383045197,180.0114859510213,0.0,1071.82958984375,1536.0,1.6529664659901755
57,0.17706243693828583,0.013368803076446056,0.8023374676704407,0.1669197827577591,196.6739580212161,0.0,1071.82958984375,1536.0,1.6762348170013865
58,0.1950015127658844,0.014787702821195126,0.8301824331283569,0.19439111649990082,230.20874456316233,0.0,1071.82958984375,1536.0,1.6999043159885332
59,0.17638905346393585,0.01316826231777668,0.8049631118774414,0.16544896364212036,168.55073870159686,0.0,1071.82958984375,1536.0,1.7236342539981706
60,0.1850244104862213,0.014230036176741123,0.8162326216697693,0.17834222316741943,205.56848610565066,0.0,1071.82958984375,1536.0,1.7471592639922164
61,0.17562898993492126,0.011807610280811787,0.7989215850830078,0.16785843670368195,281.35773891210556,0.0,1071.82958984375,1536.0,1.770864348000032
62,0.17024338245391846,0.014339764602482319,0.8015655875205994,0.1514941304922104,187.80259699746966,0.0,1071.82958984375,1536.0,1.7944005469908006
63,0.17684867978096008,0.014985455200076103,0.8097900152206421,0.16176843643188477,239.59728723019361,0.0,1071.82958984375,1536.0,1.8180659869976807
64,0.18691135942935944,0.015360266901552677,0.8159303665161133,0.179916113615036,221.25777523592114,0.0,1071.82958984375,1536.0,1.8411878519982565
65,0.18647989630699158,0.01511104591190815,0.8150071501731873,0.17973627150058746,255.4422557875514,0.0,1071.82958984375,1536.0,1.8646978579927236
66,0.17546039819717407,0.01451084204018116,0.8109631538391113,0.1597065031528473,270.92278695851564,0.0,1071.82958984375,1536.0,1.8882334949885262
67,0.18119603395462036,0.014577901922166348,0.8215780854225159,0.16892065107822418,212.87319489382207,0.0,1071.82958984375,1536.0,1.9119681320007658
68,0.1786063015460968,0.01660330407321453,0.8132207989692688,0.16136184334754944,222.25608664005995,0.0,1071.82958984375,1536.0,1.9354573739983607
69,0.17806223034858704,0.01631978712975979,0.8162264227867126,0.160239577293396,178.23421284742653,0.0,1071.82958984375,1536.0,1.9589786489959806
70,0.1731145679950714,0.014151197858154774,0.8175504207611084,0.15441665053367615,219.8252792712301,0.0,1071.82958984375,1536.0,1.9823600469972007
71,0.17478880286216736,0.016172224655747414,0.819144070148468,0.1534043401479721,183.7012713328004,0.0,1071.82958984375,1536.0,2.0060404679970816
72,0.17929477989673615,0.014954970218241215,0.8139888644218445,0.16588184237480164,197.25186067074537,0.0,1071.82958984375,1536.0,2.0294644819950918
73,0.16574327647686005,0.013866983354091644,0.8013322353363037,0.1434861421585083,182.93226793035865,0.0,1071.82958984375,1536.0,2.053192688996205
74,0.16797426342964172,0.013375249691307545,0.8106632232666016,0.14706537127494812,151.50912879500538,0.0,1071.82958984375,1536.0,2.0765376939962152
75,0.16364248096942902,0.013245799578726292,0.8070988655090332,0.13937358558177948,182.3348771026358,0.0,1071.82958984375,1536.0,2.100003036990529
76,0.16582676768302917,0.012990117073059082,0.8086655139923096,0.14394019544124603,183.9026588127017,0.0,1071.82958984375,1536.0,2.1235035749996314
77,0.15764348208904266,0.013396279886364937,0.7973886728286743,0.1290166676044464,180.46933394670486,0.0,1071.82958984375,1536.0,2.147116317995824
78,0.1598520427942276,0.01050917711108923,0.803341269493103,0.138017475605011,218.86263788491488,0.0,1071.82958984375,1536.0,2.1707224549900275
79,0.1743519902229309,0.013189214281737804,0.816390872001648,0.15904736518859863,232.82871045917273,0.0,1071.82958984375,1536.0,2.19411266699899
80,0.151972234249115,0.011538906954228878,0.7950630784034729,0.1218540370464325,156.82331706024706,0.0,1071.82958984375,1536.0,2.217779225000413
81,0.16954836249351501,0.013581528328359127,0.8233506679534912,0.1472635418176651,171.44175673928112,0.0,1071.82958984375,1536.0,2.2415845969953807
82,0.16460508108139038,0.013235734775662422,0.8126469850540161,0.14020931720733643,159.69938846863806,0.0,1071.82958984375,1536.0,2.2654044889932266
83,0.1647610366344452,0.015090424567461014,0.8101131916046143,0.13731856644153595,167.15543631277978,0.0,1071.82958984375,1536.0,2.2891524079896044
84,0.16013863682746887,0.010613448917865753,0.8115057349205017,0.13674920797348022,182.91195369884372,0.0,1071.82958984375,1536.0,2.3128921079915017
85,0.16166672110557556,0.012063011527061462,0.8121254444122314,0.13678234815597534,168.0387760642916,0.0,1071.82958984375,1536.0,2.336510711000301
86,0.16015353798866272,0.010985131375491619,0.8140115737915039,0.13553451001644135,167.49948586896062,0.0,1071.82958984375,1536.0,2.360199135990115
87,0.158876433968544,0.011443445459008217,0.8095746040344238,0.1329510509967804,166.93192544952035,0.0,1071.82958984375,1536.0,2.383707211993169
88,0.15574592351913452,0.0120109086856246,0.8042554259300232,0.12661893665790558,173.7262626849115,0.0,1071.82958984375,1536.0,2.407258284991258
89,0.1484716385602951,0.010589644312858582,0.7955194711685181,0.11666008830070496,142.4096605796367,0.0,1071.82958984375,1536.0,2.430733143002726
90,0.16254526376724243,0.011878087185323238,0.8115484714508057,0.13902467489242554,154.40261612832546,0.0,1071.82958984375,1536.0,2.454413432991714
91,0.1513800024986267,0.008943423628807068,0.7950971126556396,0.12585371732711792,184.3593541868031,0.0,1071.82958984375,1536.0,2.4780703129945323
92,0.15642273426055908,0.010450598783791065,0.8121828436851501,0.12950767576694489,174.5427398532629,0.0,1071.82958984375,1536.0,2.5015408170002047
93,0.1527777761220932,0.010128213092684746,0.8087315559387207,0.12355281412601471,156.06325259245932,0.0,1071.82958984375,1536.0,2.52520947100129
94,0.15077197551727295,0.010173278860747814,0.8061082363128662,0.1199757531285286,141.84708050638437,0.0,1071.82958984375,1536.0,2.5486688599921763
95,0.16037043929100037,0.010622920468449593,0.8175565600395203,0.13598372042179108,204.07845829427242,0.0,1071.82958984375,1536.0,2.571964217990171
96,0.1534399390220642,0.01007787510752678,0.8095826506614685,0.12480759620666504,184.43196196109056,0.0,1071.82958984375,1536.0,2.5953613509918796
97,0.14688296616077423,0.0100521519780159,0.8050647377967834,0.11264867335557938,181.22868161089718,0.0,1071.82958984375,1536.0,2.618668805997004
98,0.15336525440216064,0.00987417995929718,0.8075723648071289,0.12546765804290771,172.22315732389688,0.0,1071.82958984375,1536.0,2.6420997679961147
99,0.16266170144081116,0.011492818593978882,0.8205395936965942,0.1382298618555069,195.14776599034667,0.0,1071.82958984375,1536.0,2.6655742570001166
100,0.15558457374572754,0.009751349687576294,0.805630087852478,0.1305404156446457,206.68569554947317,0.0,1071.82958984375,1536.0,2.688804845995037
101,0.14778150618076324,0.009316566400229931,0.7983527779579163,0.11725933104753494,155.2762805428356,0.0,1071.82958984375,1536.0,2.7126981210021768
102,0.15491919219493866,0.009822600521147251,0.8032719492912292,0.12953878939151764,196.56286040507257,0.0,1071.82958984375,1536.0,2.7363739559950773
103,0.1625116467475891,0.009823329746723175,0.811485230922699,0.14307956397533417,181.32252152264118,0.0,1071.82958984375,1536.0,2.7599824009957956
104,0.16256174445152283,0.010365246795117855,0.8131812810897827,0.14175672829151154,245.42504737526178,0.0,1071.82958984375,1536.0,2.7835240830027033
105,0.1474960446357727,0.01042150054126978,0.7977646589279175,0.1145961582660675,168.0937554743141,0.0,1071.82958984375,1536.0,2.807249340999988
106,0.15615707635879517,0.01152009330689907,0.8065839409828186,0.12795716524124146,197.9445789679885,0.0,1071.82958984375,1536.0,2.8306882239994593
107,0.14862504601478577,0.010395062156021595,0.795939028263092,0.11727215349674225,167.00189086049795,0.0,1071.82958984375,1536.0,2.854426114994567
108,0.14947856962680817,0.009730180725455284,0.7916783690452576,0.12116110324859619,181.25801431387663,0.0,1071.82958984375,1536.0,2.878084737996687
109,0.16310551762580872,0.013115505687892437,0.8154580593109131,0.13688842952251434,161.22882311791182,0.0,1071.82958984375,1536.0,2.901466604002053
110,0.15496619045734406,0.010485872626304626,0.7926101684570312,0.13043859601020813,161.82796171307564,0.0,1071.82958984375,1536.0,2.924623821993009
111,0.14257320761680603,0.010425585322082043,0.7917346358299255,0.105948306620121,175.14375068992376,0.0,1071.82958984375,1536.0,2.9482929579971824
112,0.15064005553722382,0.010511895641684532,0.8050563335418701,0.11924504488706589,170.3946957718581,0.0,1071.82958984375,1536.0,2.9719448089890648
113,0.16404226422309875,0.01277496013790369,0.8278487324714661,0.1369648426771164,214.67434611916542,0.0,1071.82958984375,1536.0,2.995697737991577
114,0.1531384140253067,0.011690410785377026,0.8054980039596558,0.12179641425609589,158.41840078122914,0.0,1071.82958984375,1536.0,3.0194139249942964
115,0.15936344861984253,0.010805548168718815,0.8070354461669922,0.13570870459079742,209.6894376669079,0.0,1071.82958984375,1536.0,3.04296222999983
116,0.14319509267807007,0.011825687251985073,0.7969412207603455,0.10335056483745575,159.35325696319342,0.0,1071.82958984375,1536.0,3.0664657989982516
117,0.15262247622013092,0.011747763492166996,0.8119954466819763,0.11935032904148102,148.10399401932955,0.0,1071.82958984375,1536.0,3.090064218995394
118,0.15150649845600128,0.010495569556951523,0.8057389855384827,0.12087404727935791,159.8714352361858,0.0,1071.82958984375,1536.0,3.1136097150010755
119,0.16093145310878754,0.011496162042021751,0.8120812177658081,0.13645432889461517,164.35413955524564,0.0,1071.82958984375,1536.0,3.136991619991022
120,0.15715336799621582,0.012953626923263073,0.8063493967056274,0.12712959945201874,202.01083939895034,0.0,1071.82958984375,1536.0,3.1604471419996116
121,0.15339545905590057,0.011523990891873837,0.8043451309204102,0.12287390232086182,200.0175160728395,0.0,1071.82958984375,1536.0,3.1839333139942028
122,0.15381577610969543,0.011706975288689137,0.8070572018623352,0.12280616164207458,167.69084206223488,0.0,1071.82958984375,1536.0,3.2074990879918914
123,0.15888869762420654,0.010641004890203476,0.8072536587715149,0.13504467904567719,210.65668501332402,0.0,1071.82958984375,1536.0,3.23118354199687
124,0.14365991950035095,0.01014662440866232,0.7884801626205444,0.10933056473731995,142.8025370016694,0.0,1071.82958984375,1536.0,3.25498527099262
125,0.1466054916381836,0.009065577760338783,0.7988205552101135,0.11531572043895721,209.18664465099573,0.0,1071.82958984375,1536.0,3.2784726999962004
126,0.15139463543891907,0.010442757047712803,0.8068519830703735,0.12053337693214417,141.01896336860955,0.0,1071.82958984375,1536.0,3.3020156669954304
127,0.15484997630119324,0.01103556714951992,0.8102399706840515,0.1255808025598526,180.93462616577744,0.0,1071.82958984375,1536.0,3.3256025680020684
128,0.15522953867912292,0.012911519035696983,0.8206924796104431,0.12049755454063416,191.17390992864966,0.0,1071.82958984375,1536.0,3.349254848988494
129,0.1440178006887436,0.009930840693414211,0.7980613708496094,0.10856163501739502,150.32786981761456,0.0,1071.82958984375,1536.0,3.373160413990263
130,0.15239202976226807,0.012292512692511082,0.8038583397865295,0.11942737549543381,187.73467820510268,0.0,1071.82958984375,1536.0,3.396938263991615
131,0.151031956076622,0.010961863212287426,0.8072113394737244,0.11869793385267258,147.67047142609954,0.0,1071.82958984375,1536.0,3.4203210699924966
132,0.14818353950977325,0.011383362114429474,0.8045859336853027,0.11268315464258194,161.95868206769228,0.0,1071.82958984375,1536.0,3.443704687990248
133,0.1465703845024109,0.011416107416152954,0.7961418032646179,0.11108017712831497,157.5167184099555,0.0,1071.82958984375,1536.0,3.467032960994402
134,0.14034771919250488,0.011258441023528576,0.7804862856864929,0.1020812839269638,161.61733104288578,0.0,1071.82958984375,1536.0,3.4908148469985463
135,0.1515568643808365,0.01203660387545824,0.8041318655014038,0.11821415275335312,216.19484570994973,0.0,1071.82958984375,1536.0,3.514496124989819
136,0.13858067989349365,0.009887779131531715,0.7933623194694519,0.09871334582567215,165.90578275360167,0.0,1071.82958984375,1536.0,3.537778794998303
137,0.15519359707832336,0.011601130478084087,0.8064258694648743,0.12589974701404572,202.0125846490264,0.0,1071.82958984375,1536.0,3.561498151990236
138,0.14448150992393494,0.009706167504191399,0.8074244856834412,0.10806576907634735,155.7920923549682,0.0,1071.82958984375,1536.0,3.584830753999995
139,0.14386539161205292,0.010662241838872433,0.811494767665863,0.1041073352098465,151.42999956198037,0.0,1071.82958984375,1536.0,3.60808994800027
140,0.14281097054481506,0.009188881143927574,0.8003964424133301,0.1071648895740509,171.0650511458516,0.0,1071.82958984375,1536.0,3.631450008993852
141,0.14823505282402039,0.009556054137647152,0.8125803470611572,0.11484190821647644,228.15169650316238,0.0,1071.82958984375,1536.0,3.6552187630004482
142,0.1514577865600586,0.009304849430918694,0.8056625723838806,0.12317335605621338,179.87839372828603,0.0,1071.82958984375,1536.0,3.6787079149944475
143,0.14293386042118073,0.008952418342232704,0.7870687246322632,0.11054913699626923,144.53435853216797,0.0,1071.82958984375,1536.0,3.70221308300097
144,0.14862991869449615,0.010187414474785328,0.8012336492538452,0.11663826555013657,162.99934465251863,0.0,1071.82958984375,1536.0,3.7253017319890205
145,0.14360526204109192,0.009412121027708054,0.796367883682251,0.10911272466182709,151.13997843116522,0.0,1071.82958984375,1536.0,3.7491286320000654
146,0.14814506471157074,0.008805764839053154,0.8031978011131287,0.11803901940584183,231.9979651980102,0.0,1071.82958984375,1536.0,3.772175199992489
147,0.14289246499538422,0.009804777801036835,0.8063420057296753,0.10490696877241135,139.07027961686254,0.0,1071.82958984375,1536.0,3.7957877259905217
148,0.1489635705947876,0.01072123646736145,0.8008216023445129,0.11632034927606583,211.05963223427534,0.0,1071.82958984375,1536.0,3.8191576289973455
149,0.14006677269935608,0.009502696804702282,0.7942551374435425,0.10227711498737335,154.82504371926188,0.0,1071.82958984375,1536.0,3.842739936997532
150,0.14420433342456818,0.009070605039596558,0.7927557229995728,0.11171632260084152,173.9580862596631,0.0,1071.82958984375,1536.0,3.866073825993226
151,0.14034807682037354,0.009493771940469742,0.7917355298995972,0.10336149483919144,157.9798454809934,0.0,1071.82958984375,1536.0,3.8896275519946357
152,0.14093002676963806,0.008996891789138317,0.794499397277832,0.10496637225151062,146.44999359175563,0.0,1071.82958984375,1536.0,3.913012245000573
153,0.14183983206748962,0.009839208796620369,0.789304792881012,0.10614030063152313,187.58531611040235,0.0,1071.82958984375,1536.0,3.9365036949893693
154,0.13570842146873474,0.008823859505355358,0.7905346155166626,0.0956621915102005,170.3711331617087,0.0,1071.82958984375,1536.0,3.960282054002164
155,0.13540637493133545,0.009437118656933308,0.7950405478477478,0.09293040633201599,165.68909772112966,0.0,1071.82958984375,1536.0,3.983887837996008
156,0.14505985379219055,0.009972341358661652,0.8014792203903198,0.10987916588783264,164.26392765715718,0.0,1071.82958984375,1536.0,4.0075160449923715
157,0.14140215516090393,0.009933119639754295,0.8060591220855713,0.1017262265086174,166.11533269658685,0.0,1071.82958984375,1536.0,4.030887289001839
158,0.1358363926410675,0.009328484535217285,0.7770331501960754,0.09760916233062744,156.00417860224843,0.0,1071.82958984375,1536.0,4.054402035995736
159,0.13499140739440918,0.009879790246486664,0.7916212677955627,0.09189899265766144,184.67031282372773,0.0,1071.82958984375,1536.0,4.078009471995756
160,0.14304527640342712,0.010314353741705418,0.812455952167511,0.10297064483165741,156.08913447707891,0.0,1071.82958984375,1536.0,4.101517524002702
161,0.13293558359146118,0.009615994989871979,0.7879732847213745,0.08904451131820679,145.13706367835402,0.0,1071.82958984375,1536.0,4.124916299988399
162,0.14329352974891663,0.00947139598429203,0.7982907891273499,0.10798611491918564,159.41049603186548,0.0,1071.82958984375,1536.0,4.1484516999917105
163,0.13870221376419067,0.009639299474656582,0.8040570020675659,0.09731440246105194,136.2869786415249,0.0,1071.82958984375,1536.0,4.1720982839906355
164,0.13837453722953796,0.009359708987176418,0.7918890118598938,0.09965182840824127,159.85072653368115,0.0,1071.82958984375,1536.0,4.195566244001384
165,0.1334332674741745,0.010026459582149982,0.7900024652481079,0.08881311863660812,147.67706765979528,0.0,1071.82958984375,1536.0,4.219165004993556
166,0.13141587376594543,0.009805217385292053,0.7824627161026001,0.08672875910997391,138.8294299747795,0.0,1071.82958984375,1536.0,4.242470988989226
167,0.14478540420532227,0.009512435644865036,0.7901256680488586,0.11252081394195557,165.188537042588,0.0,1071.82958984375,1536.0,4.266148372000316
168,0.13917961716651917,0.009379885159432888,0.7918930649757385,0.10122083127498627,151.44902043044567,0.0,1071.82958984375,1536.0,4.289737928993418
169,0.1337648183107376,0.009160768240690231,0.7850085496902466,0.09220638126134872,180.99060255661607,0.0,1071.82958984375,1536.0,4.313211489992682
170,0.1395585834980011,0.008385767228901386,0.7835822105407715,0.10562917590141296,186.8698665946722,0.0,1071.82958984375,1536.0,4.336709550989326
171,0.1378045678138733,0.008289925754070282,0.7828998565673828,0.10244930535554886,154.7121985182166,0.0,1071.82958984375,1536.0,4.360421897988999
172,0.14264903962612152,0.009238963946700096,0.7992273569107056,0.10697468370199203,171.18596800416708,0.0,1071.82958984375,1536.0,4.383996144999401
173,0.14598342776298523,0.008718573488295078,0.8125610947608948,0.11201746761798859,270.81028670817614,0.0,1071.82958984375,1536.0,4.407555044992478
174,0.1263408362865448,0.009076084941625595,0.7806615233421326,0.07839717715978622,144.294975861907,0.0,1071.82958984375,1536.0,4.43115222400229
175,0.1402144879102707,0.009522547945380211,0.7858501672744751,0.10421384125947952,217.14351321011782,0.0,1071.82958984375,1536.0,4.454752373989322
176,0.14030100405216217,0.009418124333024025,0.7888369560241699,0.10399835556745529,188.63378665596247,0.0,1071.82958984375,1536.0,4.478195181989577
177,0.14010897278785706,0.009896748699247837,0.8053587079048157,0.09935269504785538,186.70937186852098,0.0,1071.82958984375,1536.0,4.501901497002109
178,0.14086423814296722,0.009772169403731823,0.7886821627616882,0.10444771498441696,226.3118113167584,0.0,1071.82958984375,1536.0,4.525231780993636
179,0.1464853435754776,0.010518213734030724,0.8035531044006348,0.11122364550828934,180.28488506376743,0.0,1071.82958984375,1536.0,4.548742917992058
180,0.13251245021820068,0.01101831253618002,0.7940320372581482,0.08418186008930206,171.43504275381565,0.0,1071.82958984375,1536.0,4.572356562988716
181,0.1595727503299713,0.010750222019851208,0.8088967204093933,0.1358657032251358,260.80573354661465,0.0,1071.82958984375,1536.0,4.595908390998375
182,0.1412346512079239,0.01077770721167326,0.7955865263938904,0.10179658234119415,222.5925242677331,0.0,1071.82958984375,1536.0,4.619573156000115
183,0.14488977193832397,0.009575068019330502,0.7935832738876343,0.11191273480653763,257.6201490983367,0.0,1071.82958984375,1536.0,4.642977511990466
184,0.13966794312000275,0.009599493816494942,0.7947057485580444,0.10119576007127762,173.9964095596224,0.0,1071.82958984375,1536.0,4.666451438999502
185,0.13241229951381683,0.010401752777397633,0.7795421481132507,0.08811265230178833,146.70622111670673,0.0,1071.82958984375,1536.0,4.689872921997448
186,0.148119255900383,0.010570668615400791,0.7943843007087708,0.11622031033039093,206.8937330134213,0.0,1071.82958984375,1536.0,4.713810984001611
187,0.13190974295139313,0.010434282012283802,0.7686862945556641,0.08921364694833755,160.3734757490456,0.0,1071.82958984375,1536.0,4.737347050991957
188,0.13538676500320435,0.010141239501535892,0.7895187139511108,0.09258729964494705,172.44879278168082,0.0,1071.82958984375,1536.0,4.760511429994949
189,0.13107800483703613,0.009949512779712677,0.7826932668685913,0.08571834862232208,171.68105353042483,0.0,1071.82958984375,1536.0,4.784074633993441
190,0.1340780407190323,0.010835311375558376,0.7944009304046631,0.08760526776313782,159.0738901924342,0.0,1071.82958984375,1536.0,4.807594191996031
191,0.13591133058071136,0.011811632663011551,0.8027977347373962,0.08763983100652695,158.06471261754632,0.0,1071.82958984375,1536.0,4.831387647995143
192,0.13549450039863586,0.011996760033071041,0.8009602427482605,0.08680342137813568,138.2120497506112,0.0,1071.82958984375,1536.0,4.85498816499603
193,0.13591454923152924,0.011283036321401596,0.7844308614730835,0.09237686544656754,145.77487023733556,0.0,1071.82958984375,1536.0,4.878789322989178
194,0.12610502541065216,0.009942577220499516,0.772357165813446,0.07785344868898392,138.8990267654881,0.0,1071.82958984375,1536.0,4.902166720989044
195,0.12588194012641907,0.009519239887595177,0.7798245549201965,0.07676048576831818,132.06314233131707,0.0,1071.82958984375,1536.0,4.925704716995824
196,0.137535959482193,0.009804418310523033,0.8000798225402832,0.0954471156001091,137.52866896241903,0.0,1071.82958984375,1536.0,4.949310267998953
197,0.13010597229003906,0.010096929036080837,0.7985579371452332,0.08030650019645691,127.40519178379327,0.0,1071.82958984375,1536.0,4.972726622989285
198,0.12567996978759766,0.010094312019646168,0.7859821319580078,0.07397487014532089,158.5010271538049,0.0,1071.82958984375,1536.0,4.9963598729955265
199,0.13337835669517517,0.009706404060125351,0.7869368195533752,0.08995655924081802,151.71886524185538,0.0,1071.82958984375,1536.0,5.020089634999749
200,0.12499570846557617,0.01027979888021946,0.7755053043365479,0.07433075457811356,135.48121888749301,0.0,1071.82958984375,1536.0,5.043613021000056
201,0.13358256220817566,0.009684561751782894,0.794497549533844,0.08889646828174591,145.16029572114348,0.0,1071.82958984375,1536.0,5.067243411991512
202,0.13174816966056824,0.010176909156143665,0.7975717782974243,0.08362816274166107,162.8973063658923,0.0,1071.82958984375,1536.0,5.090829376000329
203,0.12309236824512482,0.008803636766970158,0.7767792344093323,0.0732216164469719,138.35096111148596,0.0,1071.82958984375,1536.0,5.114483817000291
204,0.12433651089668274,0.008354837074875832,0.7743217349052429,0.07709898799657822,166.537910182029,0.0,1071.82958984375,1536.0,5.137955869999132
205,0.12635090947151184,0.008811202831566334,0.7809456586837769,0.07889026403427124,170.56715552136302,0.0,1071.82958984375,1536.0,5.16143668499717
206,0.12546882033348083,0.008401104249060154,0.7825500965118408,0.07762542366981506,141.13307893369347,0.0,1071.82958984375,1536.0,5.184916635000263
207,0.13240361213684082,0.008594241924583912,0.7948089838027954,0.08865691721439362,183.66646330058575,0.0,1071.82958984375,1536.0,5.208275208002306
208,0.13814705610275269,0.00882989726960659,0.8095934391021729,0.09671562165021896,164.29787426814437,0.0,1071.82958984375,1536.0,5.231675543996971
209,0.12998127937316895,0.00918685831129551,0.8032127022743225,0.08094628155231476,137.13205007836223,0.0,1071.82958984375,1536.0,5.255079515991383
210,0.13623489439487457,0.008643781766295433,0.8022652268409729,0.09472917765378952,206.01957099325955,0.0,1071.82958984375,1536.0,5.2785182209918275
211,0.1265021115541458,0.008453760296106339,0.7988394498825073,0.0763288214802742,153.6564716026187,0.0,1071.82958984375,1536.0,5.302394471000298
212,0.12726297974586487,0.008845233358442783,0.7836906313896179,0.08009734749794006,175.5587667208165,0.0,1071.82958984375,1536.0,5.326213680993533
213,0.12329787015914917,0.008747491054236889,0.772884726524353,0.07452381402254105,133.54951376188546,0.0,1071.82958984375,1536.0,5.350127036988852
214,0.11903978884220123,0.008626960217952728,0.7705674767494202,0.0667121559381485,130.3120176885277,0.0,1071.82958984375,1536.0,5.373543932990287
215,0.1323208510875702,0.008912593126296997,0.7950464487075806,0.08780723065137863,180.1525929570198,0.0,1071.82958984375,1536.0,5.397087236997322
216,0.1196952611207962,0.007861548103392124,0.768660306930542,0.0699353739619255,144.57489113137126,0.0,1071.82958984375,1536.0,5.420848832989577
217,0.1171947494149208,0.008347551338374615,0.7778904438018799,0.06211630627512932,150.95095083862543,0.0,1071.82958984375,1536.0,5.444600828996045
218,0.1257714033126831,0.009242523461580276,0.7810948491096497,0.07683877646923065,135.40073195658624,0.0,1071.82958984375,1536.0,5.46800415799953
219,0.12209249287843704,0.009015579707920551,0.7876017093658447,0.06863348186016083,130.26718869432807,0.0,1071.82958984375,1536.0,5.491020410991041
220,0.1194831132888794,0.008134865202009678,0.7718105316162109,0.06833437830209732,153.08961075916886,0.0,1071.82958984375,1536.0,5.514680979991681
221,0.12549126148223877,0.008715130388736725,0.7920883297920227,0.07513458281755447,154.30327120237052,0.0,1071.82958984375,1536.0,5.5380918129958445
222,0.12003359198570251,0.008175254799425602,0.7832769751548767,0.06706127524375916,135.9257586468011,0.0,1071.82958984375,1536.0,5.561606238989043
223,0.12418940663337708,0.008794712834060192,0.7861523032188416,0.07355893403291702,147.68956631608307,0.0,1071.82958984375,1536.0,5.585040306992596
224,0.11944301426410675,0.008198479190468788,0.7757905125617981,0.06733096390962601,152.13189534284174,0.0,1071.82958984375,1536.0,5.6080960469989805
225,0.12245099246501923,0.008305692113935947,0.7717003226280212,0.07395052909851074,136.74725836887956,0.0,1071.82958984375,1536.0,5.631500914998469
226,0.11948814988136292,0.007632231339812279,0.7716264128684998,0.0693865418434143,152.88205971755087,0.0,1071.82958984375,1536.0,5.655010518996278
227,0.12022578716278076,0.007717339787632227,0.7785077095031738,0.0693153440952301,134.01889766566455,0.0,1071.82958984375,1536.0,5.678422416996909
228,0.1275871843099594,0.007902976125478745,0.7987746000289917,0.07961349934339523,150.4284298233688,0.0,1071.82958984375,1536.0,5.701968884997768
229,0.11958419531583786,0.007426164112985134,0.7646420001983643,0.07138766348361969,185.9050180874765,0.0,1071.82958984375,1536.0,5.725648881998495
230,0.1238328069448471,0.008241071365773678,0.7887061238288879,0.07344222813844681,172.17110596224666,0.0,1071.82958984375,1536.0,5.749227353997412
231,0.11986073851585388,0.008563147857785225,0.790928840637207,0.06440941244363785,132.87451867200434,0.0,1071.82958984375,1536.0,5.772803533996921
232,0.12641219794750214,0.008930688723921776,0.7933856844902039,0.07628587633371353,160.65755079686642,0.0,1071.82958984375,1536.0,5.796026030002395
233,0.11872498691082001,0.008665863424539566,0.7753764390945435,0.06504294276237488,154.00216149911284,0.0,1071.82958984375,1536.0,5.819362659996841
234,0.11334291100502014,0.008485275320708752,0.7561607956886292,0.05848310515284538,152.6259954981506,0.0,1071.82958984375,1536.0,5.842989974989905
235,0.1227426677942276,0.008510404266417027,0.7836756110191345,0.07172940671443939,150.21291073411703,0.0,1071.82958984375,1536.0,5.866641550994245
236,0.11975139379501343,0.008213695138692856,0.7763575911521912,0.06780388951301575,152.70172204077244,0.0,1071.82958984375,1536.0,5.890193368002656
237,0.12465546280145645,0.007747340481728315,0.7874951362609863,0.07631722092628479,191.73865881562233,0.0,1071.82958984375,1536.0,5.91386383799545
238,0.11732281744480133,0.007759556639939547,0.7737518548965454,0.06437615305185318,150.8315187357366,0.0,1071.82958984375,1536.0,5.937610131994006
239,0.12434729933738708,0.007724345661699772,0.7851132750511169,0.07622325420379639,173.16105310618877,0.0,1071.82958984375,1536.0,5.961405046997243
240,0.12199495732784271,0.00782740768045187,0.7844075560569763,0.07145359367132187,149.53068490885198,0.0,1071.82958984375,1536.0,5.9849659640021855
241,0.11926950514316559,0.007749037351459265,0.7708724141120911,0.06886645406484604,171.71062402427197,0.0,1071.82958984375,1536.0,6.0086678079969715
242,0.11465711891651154,0.007213542703539133,0.7592620253562927,0.06303475052118301,139.2780366744846,0.0,1071.82958984375,1536.0,6.032223157002591
243,0.1164817214012146,0.007897960022091866,0.7656639218330383,0.06403473764657974,150.01180748268962,0.0,1071.82958984375,1536.0,6.055734993991791
244,0.11616107821464539,0.008271187543869019,0.7747271060943604,0.0608343631029129,148.24787341803312,0.0,1071.82958984375,1536.0,6.079266740998719
245,0.1175309345126152,0.007621957920491695,0.7690771818161011,0.06600251793861389,134.95804675668478,0.0,1071.82958984375,1536.0,6.102540218998911
246,0.11037858575582504,0.00728642800822854,0.7556281685829163,0.05505866929888725,119.2667899094522,0.0,1071.82958984375,1536.0,6.125547493997146
247,0.12115386873483658,0.007843146100640297,0.7818232178688049,0.0702567994594574,143.11471033468843,0.0,1071.82958984375,1536.0,6.149233573989477
248,0.11313652992248535,0.007729781325906515,0.7615586519241333,0.05850176513195038,129.81340789422393,0.0,1071.82958984375,1536.0,6.172990360995755
249,0.11318331211805344,0.007693200837820768,0.7651402354240417,0.0579521618783474,129.34460773132741,0.0,1071.82958984375,1536.0,6.1966313119919505
250,0.11407804489135742,0.006928828079253435,0.7568484544754028,0.06292874366044998,148.78668827190995,0.0,1071.82958984375,1536.0,6.220247826000559
251,0.12234394997358322,0.007653406355530024,0.7858090996742249,0.07221926748752594,166.1417970098555,0.0,1071.82958984375,1536.0,6.243569861995638
252,0.11508208513259888,0.007043614983558655,0.7757763266563416,0.060921669006347656,153.89139888063073,0.0,1071.82958984375,1536.0,6.266963714995654
253,0.11492112278938293,0.006772744935005903,0.7685980796813965,0.06257713586091995,136.20651229470968,0.0,1071.82958984375,1536.0,6.290585345996078
254,0.11577247083187103,0.006999671924859285,0.7780904173851013,0.061927516013383865,137.5986665226519,0.0,1071.82958984375,1536.0,6.31419100399944
255,0.11008769273757935,0.006966801825910807,0.7612008452415466,0.05400160700082779,117.20761057920754,0.0,1071.82958984375,1536.0,6.337738076996175
256,0.11538449674844742,0.0070145330391824245,0.7721288800239563,0.06231414154171944,139.5971131399274,0.0,1071.82958984375,1536.0,6.361300288001075
257,0.11485614627599716,0.00721192080527544,0.7744000554084778,0.06040843203663826,158.4312818683684,0.0,1071.82958984375,1536.0,6.385129673988558
258,0.11043889820575714,0.007293317001312971,0.749260663986206,0.05643901973962784,133.22456753998995,0.0,1071.82958984375,1536.0,6.408683403991745
259,0.11802791059017181,0.007725577801465988,0.7782225012779236,0.06496015936136246,156.68329333141446,0.0,1071.82958984375,1536.0,6.432445946993539
260,0.12002457678318024,0.007908159866929054,0.7780553698539734,0.06862175464630127,174.29548846185207,0.0,1071.82958984375,1536.0,6.45580428399262
261,0.12096728384494781,0.007600065786391497,0.7817050814628601,0.07039341330528259,191.29774575307965,0.0,1071.82958984375,1536.0,6.479289502996835
262,0.11873160302639008,0.007762905675917864,0.7834736108779907,0.06524266302585602,155.2892987281084,0.0,1071.82958984375,1536.0,6.502690298992093
263,0.12168265134096146,0.007520326413214207,0.7813273668289185,0.07205916941165924,199.93748334795237,0.0,1071.82958984375,1536.0,6.525993110990385
264,0.1154947429895401,0.007723469752818346,0.7708579897880554,0.06137094274163246,157.2519139368087,0.0,1071.82958984375,1536.0,6.5495590639911825
265,0.11576229333877563,0.0071560535579919815,0.7714146971702576,0.06292953342199326,147.51003425568342,0.0,1071.82958984375,1536.0,6.572916081000585
266,0.11265203356742859,0.007121928036212921,0.778366208076477,0.05538695678114891,160.32271637767553,0.0,1071.82958984375,1536.0,6.596526623994578
267,0.11271445453166962,0.008442052640020847,0.7769803404808044,0.05314873158931732,147.29770712181926,0.0,1071.82958984375,1536.0,6.6201907159993425
268,0.1197652518749237,0.007854603230953217,0.781950831413269,0.06743112951517105,164.22602446004748,0.0,1071.82958984375,1536.0,6.643601547999424
269,0.11333465576171875,0.00786074623465538,0.7652707099914551,0.05789365619421005,132.69212550669909,0.0,1071.82958984375,1536.0,6.667310411998187
270,0.1162378191947937,0.007697157561779022,0.7612208127975464,0.06483716517686844,163.32172342948616,0.0,1071.82958984375,1536.0,6.6907744409982115
271,0.11245247721672058,0.007333619054406881,0.7648760676383972,0.05726250261068344,141.28085806965828,0.0,1071.82958984375,1536.0,6.714241911002318
272,0.11966545879840851,0.008409248664975166,0.7841246128082275,0.06568748503923416,154.01132786646485,0.0,1071.82958984375,1536.0,6.737885626993375
273,0.10821470618247986,0.007503263186663389,0.7583232522010803,0.04975823312997818,126.0531454719603,0.0,1071.82958984375,1536.0,6.761629193992121
274,0.11127955466508865,0.007134357001632452,0.7539516687393188,0.05750006437301636,150.05400700122118,0.0,1071.82958984375,1536.0,6.785146249996615
275,0.10872001945972443,0.007437422871589661,0.757144033908844,0.05113638564944267,136.0967137143016,0.0,1071.82958984375,1536.0,6.808926842000801
276,0.11638740450143814,0.007740992121398449,0.7665634751319885,0.06398013234138489,143.79239873588085,0.0,1071.82958984375,1536.0,6.832504562000395
277,0.10998980700969696,0.007027994841337204,0.762230396270752,0.05347755178809166,136.4138760007918,0.0,1071.82958984375,1536.0,6.856273129989859
278,0.1154748871922493,0.006717688869684935,0.7642322182655334,0.0646679550409317,159.89600810408592,0.0,1071.82958984375,1536.0,6.879303340989281
279,0.11014357209205627,0.0069040642119944096,0.7588324546813965,0.05471252277493477,132.940428186208,0.0,1071.82958984375,1536.0,6.902979899998172
280,0.11004588752985,0.0070080687291920185,0.7608329653739929,0.053909044712781906,168.1530743315816,0.0,1071.82958984375,1536.0,6.92633565099095
281,0.11593248695135117,0.007721141912043095,0.7791799902915955,0.06058669462800026,156.88655458390713,0.0,1071.82958984375,1536.0,6.949998112002504
282,0.11113796383142471,0.007429320365190506,0.7583401203155518,0.05574924871325493,151.91449361108243,0.0,1071.82958984375,1536.0,6.973337941002683
283,0.10759732872247696,0.007182365283370018,0.7463095188140869,0.05156802013516426,144.12079746089876,0.0,1071.82958984375,1536.0,6.997001341995201
284,0.11591283977031708,0.007805307395756245,0.764762282371521,0.06326259672641754,167.34241889417171,0.0,1071.82958984375,1536.0,7.020509939990006
285,0.10958577692508698,0.00789767224341631,0.7611899971961975,0.05113821104168892,127.05871323496103,0.0,1071.82958984375,1536.0,7.044060437998269
286,0.11149214208126068,0.007780569139868021,0.76910799741745,0.053601548075675964,147.88490055687726,0.0,1071.82958984375,1536.0,7.067456316988682
287,0.10799427330493927,0.008466427214443684,0.7609938979148865,0.04685691371560097,129.348081426695,0.0,1071.82958984375,1536.0,7.090946443990106
288,0.10747641324996948,0.007696688640862703,0.7463269829750061,0.05029405280947685,126.55564532801509,0.0,1071.82958984375,1536.0,7.114476172995637
289,0.1153152734041214,0.007047840394079685,0.7516743540763855,0.06619998067617416,177.8212143331766,0.0,1071.82958984375,1536.0,7.137554047993035
290,0.1117888018488884,0.007190374657511711,0.7603535056114197,0.05712614580988884,158.99928154051304,0.0,1071.82958984375,1536.0,7.161285470996518
291,0.11343539506196976,0.00732127670198679,0.7639803290367126,0.05943216010928154,156.35316179692745,0.0,1071.82958984375,1536.0,7.184625075999065
292,0.10550214350223541,0.006968536879867315,0.7424944639205933,0.04856831952929497,116.22236401960254,0.0,1071.82958984375,1536.0,7.20823032798944
293,0.11434628069400787,0.00704317819327116,0.7629109621047974,0.062024012207984924,180.4186249449849,0.0,1071.82958984375,1536.0,7.231747601996176
294,0.1067531555891037,0.006866916548460722,0.753036618232727,0.04916515201330185,114.7963753072545,0.0,1071.82958984375,1536.0,7.2551613739924505
295,0.11202623695135117,0.006964512635022402,0.747620165348053,0.06059941649436951,208.53867312893271,0.0,1071.82958984375,1536.0,7.278405349992681
296,0.10991499572992325,0.007540598977357149,0.768230140209198,0.05110275745391846,125.66983540169895,0.0,1071.82958984375,1536.0,7.302075315994443
297,0.12262289226055145,0.007161905523389578,0.7707535624504089,0.07677125185728073,237.06706781685352,0.0,1071.82958984375,1536.0,7.325564447994111
298,0.11236927658319473,0.0078110587783157825,0.756183922290802,0.05787963792681694,160.35987317562103,0.0,1071.82958984375,1536.0,7.3493795019894606
299,0.10970515757799149,0.007689749356359243,0.7608314752578735,0.05186452344059944,163.33269406110048,0.0,1071.82958984375,1536.0,7.3731197329907445
300,0.10856384038925171,0.008441159501671791,0.7513135671615601,0.04998265206813812,138.26756078191102,0.0,1071.82958984375,1536.0,7.396927669993602
301,0.10683003813028336,0.007660035975277424,0.7425633668899536,0.049827322363853455,129.66534367576241,0.0,1071.82958984375,1536.0,7.420686095996643
302,0.1178371012210846,0.007623733952641487,0.7745924592018127,0.06550825387239456,173.18396005034447,0.0,1071.82958984375,1536.0,7.44409523998911
303,0.1123480573296547,0.007142595015466213,0.7698149085044861,0.056447938084602356,160.04158284142613,0.0,1071.82958984375,1536.0,7.467631042993162
304,0.11750414967536926,0.007815379649400711,0.7682769298553467,0.06572213768959045,214.79405591636896,0.0,1071.82958984375,1536.0,7.491117936995579
305,0.10916835069656372,0.007548036053776741,0.7607085108757019,0.05109892040491104,137.6912178695202,0.0,1071.82958984375,1536.0,7.5147221949882805
306,0.10950395464897156,0.006970767397433519,0.7545111775398254,0.05416412651538849,146.86350381746888,0.0,1071.82958984375,1536.0,7.5382982040027855
307,0.10758437216281891,0.006884417496621609,0.7515894770622253,0.051082007586956024,127.69134162738919,0.0,1071.82958984375,1536.0,7.56175177199475
308,0.10977981984615326,0.006790351588279009,0.7509861588478088,0.05578169971704483,150.38087049871683,0.0,1071.82958984375,1536.0,7.585314613999799
309,0.10900583118200302,0.007037790957838297,0.7708878517150879,0.049758508801460266,139.313631946221,0.0,1071.82958984375,1536.0,7.6089430899883155
310,0.10789965838193893,0.006963015533983707,0.754377543926239,0.0509977787733078,141.1912812627852,0.0,1071.82958984375,1536.0,7.6325104189891135
311,0.11766092479228973,0.007694591768085957,0.7831336855888367,0.06330591440200806,166.8237391281873,0.0,1071.82958984375,1536.0,7.656337808002718
312,0.10686134546995163,0.007158283144235611,0.7556931972503662,0.04826747253537178,125.47727826610208,0.0,1071.82958984375,1536.0,7.6797487159929005
313,0.10811956226825714,0.007093289867043495,0.7529810070991516,0.05145634710788727,143.83385827951133,0.0,1071.82958984375,1536.0,7.703255517990328
314,0.1106652319431305,0.0071849883534014225,0.7664886713027954,0.0536627396941185,169.89374886080623,0.0,1071.82958984375,1536.0,7.726832872998784
315,0.11047318577766418,0.007883498445153236,0.761157751083374,0.05294782668352127,153.3485443070531,0.0,1071.82958984375,1536.0,7.750314952994813
316,0.1112322062253952,0.00770914601162076,0.7613116502761841,0.05478379502892494,165.56709380820394,0.0,1071.82958984375,1536.0,7.773826498989365
317,0.11114270985126495,0.007499773055315018,0.7665143609046936,0.053982995450496674,132.39309350028634,0.0,1071.82958984375,1536.0,7.797507215000223
318,0.10583946108818054,0.007469674106687307,0.7658504247665405,0.043569471687078476,112.27125242073089,0.0,1071.82958984375,1536.0,7.820994282999891
319,0.1089162677526474,0.007411262486129999,0.7637224793434143,0.05026550590991974,147.3444622270763,0.0,1071.82958984375,1536.0,7.84445439898991
320,0.11154410988092422,0.007381787523627281,0.7680864334106445,0.054707348346710205,145.7662052065134,0.0,1071.82958984375,1536.0,7.867981799994595
321,0.1070840060710907,0.007295902352780104,0.7527729868888855,0.04902162030339241,123.24454275146127,0.0,1071.82958984375,1536.0,7.891645124997012
322,0.11075782775878906,0.007403039373457432,0.7678096890449524,0.053147636353969574,165.0598561577499,0.0,1071.82958984375,1536.0,7.915035782993073
323,0.10682053118944168,0.0074284919537603855,0.7572446465492249,0.04733514413237572,156.39384042471647,0.0,1071.82958984375,1536.0,7.938166355990688
324,0.10564383864402771,0.007014510687440634,0.7450432181358337,0.048249997198581696,165.55510747805238,0.0,1071.82958984375,1536.0,7.961651970996172
325,0.11446961760520935,0.006887071765959263,0.7672252058982849,0.06172003597021103,170.05628126114607,0.0,1071.82958984375,1536.0,7.98501135299739
326,0.10532965511083603,0.007639932446181774,0.7454659938812256,0.04628625884652138,145.2473849374801,0.0,1071.82958984375,1536.0,8.00861176098988
327,0.11106182634830475,0.007895870134234428,0.7701690793037415,0.05229808762669563,163.79074051976204,0.0,1071.82958984375,1536.0,8.0320921120001
328,0.10781027376651764,0.007556695491075516,0.7590925097465515,0.048688650131225586,125.42012872546911,0.0,1071.82958984375,1536.0,8.055718591000186
329,0.10809795558452606,0.0073211113922297955,0.7570006251335144,0.050153546035289764,139.12389697134495,0.0,1071.82958984375,1536.0,8.079270710994024
330,0.1095360517501831,0.007706030737608671,0.7583936452865601,0.05198131874203682,139.8689049538225,0.0,1071.82958984375,1536.0,8.10257428100158
331,0.10689322650432587,0.007471776567399502,0.7565048336982727,0.04754192382097244,146.42000771313906,0.0,1071.82958984375,1536.0,8.12626547999389
332,0.1070733293890953,0.007505028508603573,0.7599921226501465,0.04713817313313484,136.78272448293865,0.0,1071.82958984375,1536.0,8.149667979989317
333,0.10589320957660675,0.007523748092353344,0.746458113193512,0.04744730889797211,124.67606805637479,0.0,1071.82958984375,1536.0,8.173078809995786
334,0.10919573903083801,0.007552216295152903,0.7764270901679993,0.04800162464380264,117.18716953881085,0.0,1071.82958984375,1536.0,8.196400089989766
335,0.11031539738178253,0.007697168737649918,0.7725185751914978,0.05073273181915283,132.66974762827158,0.0,1071.82958984375,1536.0,8.220060719992034
336,0.10892726480960846,0.006788178812712431,0.7625976800918579,0.05175863578915596,136.61006477102637,0.0,1071.82958984375,1536.0,8.243483917991398
337,0.09988609701395035,0.0071878982707858086,0.7347536087036133,0.03844568133354187,112.69089918583632,0.0,1071.82958984375,1536.0,8.267323944994132
338,0.11083978414535522,0.007319995667785406,0.775467038154602,0.05194615572690964,133.42349220067263,0.0,1071.82958984375,1536.0,8.291176810991601
339,0.10631635040044785,0.007384335156530142,0.7480663061141968,0.04825076833367348,126.46773869171739,0.0,1071.82958984375,1536.0,8.315152259994647
340,0.103889599442482,0.007355923764407635,0.7398358583450317,0.04510018974542618,130.66352698206902,0.0,1071.82958984375,1536.0,8.338485506988945
341,0.10159347951412201,0.00737788388505578,0.7416567802429199,0.04009983688592911,125.3684864435345,0.0,1071.82958984375,1536.0,8.362385451997397
342,0.10278628021478653,0.007831159979104996,0.7404219508171082,0.04182584211230278,113.35422254633158,0.0,1071.82958984375,1536.0,8.386246433990891
343,0.10570327937602997,0.0071098715998232365,0.7556535601615906,0.04605608433485031,126.2074019741267,0.0,1071.82958984375,1536.0,8.409661147001316
344,0.10162621736526489,0.007220350205898285,0.7420976758003235,0.0403921976685524,106.15185326710343,0.0,1071.82958984375,1536.0,8.433263529994292
345,0.10617568343877792,0.006587720010429621,0.757243812084198,0.047727152705192566,145.67135984823108,0.0,1071.82958984375,1536.0,8.456921567994868
346,0.10595647990703583,0.006578030064702034,0.7470558881759644,0.049345724284648895,119.67979737184942,0.0,1071.82958984375,1536.0,8.480613521998748
347,0.10386786609888077,0.006804723292589188,0.7445902824401855,0.04520823061466217,129.83178902603686,0.0,1071.82958984375,1536.0,8.504225226002745
348,0.10334042459726334,0.0066797202453017235,0.7461630702018738,0.04408879950642586,124.84459606744349,0.0,1071.82958984375,1536.0,8.527854813000886
349,0.10229197889566422,0.006657482590526342,0.7419962882995605,0.04286973178386688,130.75192428007722,0.0,1071.82958984375,1536.0,8.551555582002038
350,0.10349047183990479,0.00627283938229084,0.7489100098609924,0.04465327039361,133.31282386928797,0.0,1071.82958984375,1536.0,8.574967402993934
351,0.10726545751094818,0.006110154092311859,0.7453981041908264,0.05323098599910736,179.2458152808249,0.0,1071.82958984375,1536.0,8.598568715999136
352,0.10465311259031296,0.006305862218141556,0.7472681999206543,0.04724087193608284,128.94532928988338,0.0,1071.82958984375,1536.0,8.622072425001534
353,0.11068101227283478,0.007145000156015158,0.7592545747756958,0.05522110313177109,171.23163507133722,0.0,1071.82958984375,1536.0,8.645805681997444
354,0.10623089969158173,0.006575500592589378,0.7606083750724792,0.047189123928546906,128.8135621957481,0.0,1071.82958984375,1536.0,8.669396272001904
355,0.10227485746145248,0.006997823249548674,0.7510740160942078,0.04033926501870155,142.3788216561079,0.0,1071.82958984375,1536.0,8.692984733992489
356,0.10565049946308136,0.007114197127521038,0.7536017894744873,0.04635225608944893,144.56991260126233,0.0,1071.82958984375,1536.0,8.71642424899619
357,0.1026250422000885,0.007752176374197006,0.7522484064102173,0.039296068251132965,108.81989548541605,0.0,1071.82958984375,1536.0,8.739553548002732
358,0.10107807070016861,0.007284343708306551,0.7446527481079102,0.03865690156817436,127.31566759943962,0.0,1071.82958984375,1536.0,8.762978710990865
359,0.09767231345176697,0.00680173933506012,0.7194330096244812,0.03785453736782074,123.98661730997264,0.0,1071.82958984375,1536.0,8.786574914993253
360,0.09833183884620667,0.006968092638999224,0.7319886684417725,0.036329738795757294,97.52373205590993,0.0,1071.82958984375,1536.0,8.810182638000697
361,0.10032452642917633,0.006546008866280317,0.7315079569816589,0.04125543683767319,128.03777208924294,0.0,1071.82958984375,1536.0,8.833778934000293
362,0.09851960092782974,0.0065429783426225185,0.7328372597694397,0.037385787814855576,116.50538187287748,0.0,1071.82958984375,1536.0,8.857436519989278
363,0.10375598073005676,0.0062882304191589355,0.7475347518920898,0.04542854428291321,133.95163512416184,0.0,1071.82958984375,1536.0,8.881815676999395
364,0.10737064480781555,0.006593248341232538,0.7541800141334534,0.05071879178285599,173.70512885600328,0.0,1071.82958984375,1536.0,8.905322320002597
365,0.1056944727897644,0.006106209009885788,0.7487122416496277,0.049434058368206024,190.53388836979866,0.0,1071.82958984375,1536.0,8.928862335989834
366,0.0995507538318634,0.006319524720311165,0.7301616072654724,0.040430136024951935,131.19252462498844,0.0,1071.82958984375,1536.0,8.95221809699433
367,0.10628324747085571,0.006914135999977589,0.7382274866104126,0.051092710345983505,160.73382022231817,0.0,1071.82958984375,1536.0,8.975794710000628
368,0.10541293770074844,0.0065714349038898945,0.7460134029388428,0.0484803207218647,128.57130135782063,0.0,1071.82958984375,1536.0,8.999587675993098
369,0.10184422880411148,0.006491797044873238,0.7422818541526794,0.04224849119782448,124.09203643165529,0.0,1071.82958984375,1536.0,9.023169426000095
370,0.10744814574718475,0.0055806320160627365,0.7455431222915649,0.05462638661265373,173.9711621031165,0.0,1071.82958984375,1536.0,9.046623438989627
371,0.09960568696260452,0.006123683415353298,0.7364205121994019,0.03967989608645439,130.65370256826282,0.0,1071.82958984375,1536.0,9.070080620993394
372,0.10038462281227112,0.0066670700907707214,0.7288307547569275,0.04166894778609276,134.22302414104342,0.0,1071.82958984375,1536.0,9.09377233799023
373,0.10143151879310608,0.007376827299594879,0.7382309436798096,0.04046320170164108,120.41160630248487,0.0,1071.82958984375,1536.0,9.1177099889901
374,0.10272541642189026,0.007433672435581684,0.7440924048423767,0.0417650006711483,111.199262522161,0.0,1071.82958984375,1536.0,9.14129009199678
375,0.10188893973827362,0.007161371875554323,0.7333501577377319,0.04278510808944702,117.95781992189586,0.0,1071.82958984375,1536.0,9.164841404999606
376,0.10689900070428848,0.007806908339262009,0.7556955814361572,0.04704506695270538,161.76944622024894,0.0,1071.82958984375,1536.0,9.188323987997137
377,0.10163497924804688,0.0072293817065656185,0.7348684072494507,0.041837505996227264,128.9262412879616,0.0,1071.82958984375,1536.0,9.211690334996092
378,0.10170968621969223,0.0074567897245287895,0.7409757375717163,0.04031064733862877,125.24769985768944,0.0,1071.82958984375,1536.0,9.23510305499076
379,0.10339929163455963,0.007294306997209787,0.7543350458145142,0.04134296253323555,140.85283471271396,0.0,1071.82958984375,1536.0,9.258567053999286
380,0.10144613683223724,0.006769046653062105,0.7485678195953369,0.03964062035083771,119.4280359968543,0.0,1071.82958984375,1536.0,9.282014823998907
381,0.10484102368354797,0.00670324033126235,0.7616357207298279,0.04394841939210892,129.55869816988707,0.0,1071.82958984375,1536.0,9.305704929996864
382,0.1033511832356453,0.007399899885058403,0.7470391392707825,0.04249473288655281,136.38154489174485,0.0,1071.82958984375,1536.0,9.329544221996912
383,0.10237324237823486,0.007047356106340885,0.7448097467422485,0.04168982431292534,137.7868289258331,0.0,1071.82958984375,1536.0,9.353380683998694
384,0.09988033771514893,0.006200556177645922,0.7330573201179504,0.04074809327721596,109.26002551987767,0.0,1071.82958984375,1536.0,9.377068338988465
385,0.10252362489700317,0.006952804513275623,0.7510499954223633,0.040931619703769684,138.07192954979837,0.0,1071.82958984375,1536.0,9.400808728998527
386,0.10369601845741272,0.0064636776223778725,0.7504920959472656,0.044366255402565,140.6970254164189,0.0,1071.82958984375,1536.0,9.424332098991727
387,0.10093815624713898,0.006444745231419802,0.7452816367149353,0.039930496364831924,142.78692995384336,0.0,1071.82958984375,1536.0,9.447992870991584
388,0.10200919210910797,0.00648109894245863,0.7354130148887634,0.04397357627749443,160.96956715360284,0.0,1071.82958984375,1536.0,9.4715493459953
389,0.10362981259822845,0.006715396884828806,0.7495285272598267,0.043923117220401764,153.80599208548665,0.0,1071.82958984375,1536.0,9.495289706988842
390,0.09874299168586731,0.007119324523955584,0.7306533455848694,0.03711665794253349,136.76390656083822,0.0,1071.82958984375,1536.0,9.51880651099782
391,0.10170678794384003,0.006770137697458267,0.7434030175209045,0.041192676872015,153.7867253124714,0.0,1071.82958984375,1536.0,9.54249133299163
392,0.10223879665136337,0.006528280675411224,0.7383795380592346,0.04374511539936066,139.40819967538118,0.0,1071.82958984375,1536.0,9.565627513002255
393,0.09769086539745331,0.006681222468614578,0.7359188795089722,0.03483552485704422,111.68529153242707,0.0,1071.82958984375,1536.0,9.589249326993013
394,0.10316985100507736,0.006630132906138897,0.7427119612693787,0.044537048786878586,163.44682959839702,0.0,1071.82958984375,1536.0,9.612911661999533
395,0.09888702630996704,0.0063490797765553,0.7285755276679993,0.039360783994197845,116.18122909963131,0.0,1071.82958984375,1536.0,9.63652754299983
396,0.09880387783050537,0.006401630584150553,0.7355210781097412,0.03770028054714203,137.9336485695094,0.0,1071.82958984375,1536.0,9.659964884995134
397,0.0964042916893959,0.006609903182834387,0.7328718304634094,0.033014412969350815,99.00702850334346,0.0,1071.82958984375,1536.0,9.683402909999131
398,0.09762035310268402,0.006294224876910448,0.7333441972732544,0.035983409732580185,110.32087261229753,0.0,1071.82958984375,1538.0,9.707159110999783
399,0.10169901698827744,0.006114977411925793,0.7384383678436279,0.04348041117191315,142.48449184000492,0.0,1071.82958984375,1538.0,9.730642820999492
400,0.09489881247282028,0.006006243173032999,0.722504734992981,0.03328418359160423,109.91957763954997,0.0,1071.82958984375,1538.0,9.75421862899384
401,0.1001720130443573,0.0063224718905985355,0.740277111530304,0.039643652737140656,126.02230216190219,0.0,1071.82958984375,1538.0,9.778036122996127
402,0.09680730849504471,0.0059988307766616344,0.7393434047698975,0.033748283982276917,106.51626045629382,0.0,1071.82958984375,1538.0,9.801628000001074
403,0.10208925604820251,0.006310413591563702,0.7395011186599731,0.04365745931863785,140.47571037337184,0.0,1071.82958984375,1538.0,9.825012763991253
404,0.09779468923807144,0.006154796574264765,0.7291913032531738,0.037441521883010864,119.20590529590845,0.0,1071.82958984375,1538.0,9.848832150993985
405,0.09533718973398209,0.006152967922389507,0.7287369966506958,0.03262104466557503,107.8186000790447,0.0,1071.82958984375,1538.0,9.872169073001714
406,0.097562775015831,0.006582517642527819,0.7338337898254395,0.03519374877214432,131.88556507974863,0.0,1071.82958984375,1538.0,9.895659583999077
407,0.09990807622671127,0.006383477710187435,0.745469331741333,0.037955332547426224,125.18717059120536,0.0,1071.82958984375,1538.0,9.918947226993623
408,0.10089804232120514,0.006548721808940172,0.7433854341506958,0.040021538734436035,150.18502067774534,0.0,1071.82958984375,1538.0,9.942455932992743
409,0.09652259200811386,0.006197112612426281,0.7313766479492188,0.0343756340444088,125.60296550765634,0.0,1071.82958984375,1538.0,9.965807934000622
410,0.09654556959867477,0.007054498419165611,0.7211660146713257,0.034748926758766174,130.4673629887402,0.0,1071.82958984375,1538.0,9.989287850999972
411,0.0997716635465622,0.006682092789560556,0.7507731914520264,0.03602451831102371,136.92150432616472,0.0,1071.82958984375,1538.0,10.012995967001189
412,0.10040764510631561,0.006322500295937061,0.7465428709983826,0.0388617143034935,131.68953645788133,0.0,1071.82958984375,1538.0,10.036531570993247
413,0.09937909245491028,0.00653537642210722,0.7295383214950562,0.039779774844646454,157.15825643390417,0.0,1071.82958984375,1538.0,10.060180007989402
414,0.09483502060174942,0.006699842866510153,0.7267918586730957,0.03091198205947876,120.39368222281337,0.0,1071.82958984375,1538.0,10.083801949993358
415,0.10111238062381744,0.006255683954805136,0.7424007654190063,0.041233234107494354,148.2206495217979,0.0,1071.82958984375,1538.0,10.107359887988423
416,0.09684386849403381,0.006072658579796553,0.7365188002586365,0.03423866629600525,122.3568552415818,0.0,1071.82958984375,1538.0,10.13078942199354
417,0.10029919445514679,0.006501806899905205,0.7452934384346008,0.03853607922792435,125.93515707738698,0.0,1071.82958984375,1538.0,10.154399127000943
418,0.09510481357574463,0.006036235019564629,0.7239339351654053,0.03335036337375641,122.93187854066491,0.0,1071.82958984375,1538.0,10.177802136997343
419,0.09885326027870178,0.0062669627368450165,0.7465757131576538,0.035857442766427994,132.50542213767767,0.0,1071.82958984375,1538.0,10.201399894998758
420,0.09807786345481873,0.006678290199488401,0.7403649091720581,0.034726157784461975,125.71003153920174,0.0,1071.82958984375,1538.0,10.225023726990912
421,0.09690118581056595,0.006235320586711168,0.7236497402191162,0.03660176321864128,145.84425273910165,0.0,1071.82958984375,1538.0,10.2487253290019
422,0.09713921695947647,0.006065345369279385,0.7376536130905151,0.03461702540516853,116.53404918685555,0.0,1071.82958984375,1538.0,10.27235023099638
423,0.0990413948893547,0.005888808984309435,0.738975465297699,0.038510069251060486,131.494604004547,0.0,1071.82958984375,1538.0,10.296077500999672
424,0.09441111236810684,0.00642409548163414,0.7203016877174377,0.03191368281841278,122.85349827073514,0.0,1071.82958984375,1538.0,10.31980287899205
425,0.09711341559886932,0.0062873694114387035,0.7339259386062622,0.03486690670251846,111.93733425065875,0.0,1071.82958984375,1538.0,10.343391905989847
426,0.09503664076328278,0.006024472881108522,0.7242423892021179,0.03317585960030556,125.84518861956894,0.0,1071.82958984375,1538.0,10.36701798500144
427,0.0955139547586441,0.00641718739643693,0.7273203730583191,0.032729458063840866,117.0642711520195,0.0,1071.82958984375,1538.0,10.390418146998854
428,0.09298176318407059,0.006547587923705578,0.7227697968482971,0.028314391151070595,110.43513320758939,0.0,1071.82958984375,1538.0,10.41399086698948
429,0.10258644819259644,0.006216381210833788,0.7505180239677429,0.04263652116060257,134.6013995744288,0.0,1071.82958984375,1538.0,10.437461672001518
430,0.09390264004468918,0.006294364109635353,0.7181926369667053,0.03157802298665047,118.77941573783755,0.0,1071.82958984375,1538.0,10.460985639991122
431,0.09523601830005646,0.005867522209882736,0.7224763631820679,0.0342416986823082,106.16751962713897,0.0,1071.82958984375,1538.0,10.48461417100043
432,0.09709344804286957,0.00557743338868022,0.724033772945404,0.03822527080774307,121.7973668165505,0.0,1071.82958984375,1538.0,10.508417675999226
433,0.0948949009180069,0.0056587085127830505,0.7278926968574524,0.032893843948841095,117.32949786260724,0.0,1071.82958984375,1538.0,10.532056506999652
434,0.09676536172628403,0.005771951749920845,0.7385796308517456,0.03427089378237724,124.13910999894142,0.0,1071.82958984375,1538.0,10.55574199098919
435,0.09633910655975342,0.005664695054292679,0.730178713798523,0.03531306982040405,134.5751004330814,0.0,1071.82958984375,1538.0,10.579415674001211
436,0.09582652151584625,0.006117021664977074,0.7335556149482727,0.03270786255598068,127.40882099419832,0.0,1071.82958984375,1538.0,10.60286307799106
437,0.09540517628192902,0.00604146346449852,0.7219830751419067,0.034330815076828,152.10450845584273,0.0,1071.82958984375,1538.0,10.626240544996108
438,0.09903545677661896,0.006123383063822985,0.7435275316238403,0.03711863234639168,140.7340575363487,0.0,1071.82958984375,1538.0,10.649724609000259
439,0.09245848655700684,0.006402685772627592,0.7126771211624146,0.02957616187632084,113.99747373536229,0.0,1071.82958984375,1538.0,10.6731214899919
440,0.09612434357404709,0.006097359117120504,0.7375050187110901,0.03255295380949974,116.11010919883847,0.0,1071.82958984375,1538.0,10.696750981995137
441,0.10368427634239197,0.006062239874154329,0.7402976155281067,0.0471845418214798,166.5417346805334,0.0,1071.82958984375,1538.0,10.720549022997147
442,0.09693694859743118,0.005645361263304949,0.733151912689209,0.035952772945165634,145.97492585889995,0.0,1071.82958984375,1538.0,10.744260089995805
443,0.09658896923065186,0.005797297228127718,0.7309961915016174,0.03538410738110542,162.0560194887221,0.0,1071.82958984375,1538.0,10.767856884995126
444,0.09752009063959122,0.006111058406531811,0.7306115031242371,0.03669576719403267,141.54018156044185,0.0,1071.82958984375,1538.0,10.791444780988968
445,0.10265857726335526,0.0064484234899282455,0.7379392981529236,0.04483243450522423,176.0012640915811,0.0,1071.82958984375,1538.0,10.815214476999245
446,0.093600794672966,0.006331761833280325,0.7288064956665039,0.02877677232027054,122.47128000296652,0.0,1071.82958984375,1538.0,10.839091934001772
447,0.10313448309898376,0.007154966704547405,0.7475523948669434,0.04244855418801308,199.55962271243334,0.0,1071.82958984375,1538.0,10.862560259993188
448,0.09577330946922302,0.006212986074388027,0.7319101691246033,0.032738614827394485,109.92060186713934,0.0,1071.82958984375,1538.0,10.886165466989041
449,0.09462480992078781,0.007253561168909073,0.7238825559616089,0.029965976253151894,121.48687490075827,0.0,1071.82958984375,1538.0,10.909823013993446
450,0.10067830234766006,0.006463709753006697,0.7418991327285767,0.04004936292767525,160.55240775085986,0.0,1071.82958984375,1538.0,10.933488982991548
451,0.09803424030542374,0.006254058796912432,0.7466055750846863,0.034239232540130615,134.95100909098983,0.0,1071.82958984375,1538.0,10.95722091299831
452,0.0943509042263031,0.006176576483994722,0.7260152101516724,0.031145615503191948,122.60561820678413,0.0,1071.82958984375,1538.0,10.980681881992496
453,0.09999318420886993,0.006093490868806839,0.7429360747337341,0.03921215981245041,145.64012384042144,0.0,1071.82958984375,1538.0,11.003934459993616
454,0.09867070615291595,0.006253324449062347,0.7349529266357422,0.03784418851137161,137.77444104477763,0.0,1071.82958984375,1538.0,11.027105200002552
455,0.09819243103265762,0.006486841943114996,0.7360308170318604,0.03620500490069389,153.84929089806974,0.0,1071.82958984375,1538.0,11.05077625499689
456,0.09710914641618729,0.006554330233484507,0.721291184425354,0.036851394921541214,135.57914870791137,0.0,1071.82958984375,1538.0,11.07425754200085
457,0.09522683918476105,0.006562117952853441,0.726207435131073,0.03208794444799423,118.32245820015669,0.0,1071.82958984375,1538.0,11.097643266999512
458,0.1004827693104744,0.006711112800985575,0.744993269443512,0.03854465112090111,148.57186357676983,0.0,1071.82958984375,1538.0,11.121008303001872
459,0.09660880267620087,0.006856180261820555,0.7295528650283813,0.033594660460948944,121.31740000098944,0.0,1071.82958984375,1538.0,11.144102330988972
460,0.09740537405014038,0.006718277465552092,0.7326774001121521,0.03483870252966881,149.1254111137241,0.0,1071.82958984375,1538.0,11.167433019989403
461,0.09483939409255981,0.006727851461619139,0.7206274271011353,0.03209759294986725,114.69472819007933,0.0,1071.82958984375,1538.0,11.190875528001925
462,0.09456194937229156,0.007246195804327726,0.7242724299430847,0.02977701649069786,109.39054083637893,0.0,1071.82958984375,1538.0,11.214449922001222
463,0.10059689730405807,0.006842934526503086,0.7422144412994385,0.039065033197402954,138.94900447502732,0.0,1071.82958984375,1538.0,11.238031763990875
464,0.09379154443740845,0.006706706713885069,0.7281018495559692,0.028549306094646454,90.08641093689948,0.0,1071.82958984375,1538.0,11.261475753999548
465,0.09916986525058746,0.006429172586649656,0.7377430200576782,0.03793279081583023,163.09250755608082,0.0,1071.82958984375,1538.0,11.285079390989267
466,0.09578880667686462,0.00666124327108264,0.7344964742660522,0.0313558354973793,112.37468294240534,0.0,1071.82958984375,1538.0,11.308296139002778
467,0.0990438461303711,0.00645910669118166,0.7385315299034119,0.03746316581964493,137.12097385153174,0.0,1071.82958984375,1538.0,11.332560723996721
468,0.09282000362873077,0.0066376980394124985,0.7226772308349609,0.02782914973795414,91.61627540551126,0.0,1071.82958984375,1538.0,11.356182048999472
469,0.09507817029953003,0.006320254411548376,0.7303009629249573,0.031455643475055695,114.55703269690275,0.0,1071.82958984375,1538.0,11.37968639699102
470,0.09477487206459045,0.006110928021371365,0.7224152088165283,0.03284483402967453,101.26561522111297,0.0,1071.82958984375,1538.0,11.403278079000302
471,0.09517011046409607,0.006639399565756321,0.7303928732872009,0.030982857570052147,134.04074742645025,0.0,1071.82958984375,1538.0,11.427210073990864
472,0.09483847767114639,0.0061783320270478725,0.7248222827911377,0.03235583007335663,130.29165939986706,0.0,1071.82958984375,1538.0,11.450852962996578
473,0.09047120064496994,0.005918767768889666,0.711683988571167,0.026768052950501442,104.95989455282688,0.0,1071.82958984375,1538.0,11.474543923002784
474,0.0940120592713356,0.006353236734867096,0.738118052482605,0.027694029733538628,118.09745156019926,0.0,1071.82958984375,1538.0,11.49814501599758
475,0.09408406168222427,0.006110289134085178,0.7279667258262634,0.030354205518960953,123.28089443035424,0.0,1071.82958984375,1538.0,11.52175257599447
476,0.09230874478816986,0.006098413839936256,0.7212939262390137,0.028161875903606415,90.11062292195857,0.0,1071.82958984375,1538.0,11.545079238989274
477,0.09185117483139038,0.006287646945565939,0.7173112034797668,0.02766481041908264,106.51241562329233,0.0,1071.82958984375,1538.0,11.56907745799981
478,0.095338836312294,0.006086877081543207,0.7350890040397644,0.031486108899116516,123.72567228972912,0.0,1071.82958984375,1538.0,11.592386902993894
479,0.08828359097242355,0.005599793512374163,0.7107288241386414,0.02322181686758995,97.37755298800766,0.0,1071.82958984375,1538.0,11.61614183599886
480,0.09652412682771683,0.005642461124807596,0.7352192997932434,0.03471946343779564,176.73887345567346,0.0,1071.82958984375,1538.0,11.639756364995264
481,0.09103678166866302,0.005796539131551981,0.7246095538139343,0.02555857039988041,105.51694611180574,0.0,1071.82958984375,1538.0,11.663105608997284
482,0.09014200419187546,0.005898140370845795,0.7170328497886658,0.02508115954697132,96.89509855210781,0.0,1071.82958984375,1538.0,11.686525522993179
483,0.09821094572544098,0.005582382902503014,0.7442135810852051,0.036414407193660736,144.7556080352515,0.0,1071.82958984375,1538.0,11.710000113991555
484,0.09116972237825394,0.005695081781595945,0.7192893028259277,0.027091408148407936,132.78618890047073,0.0,1071.82958984375,1538.0,11.733650870999554
485,0.09381954371929169,0.005619275849312544,0.7290125489234924,0.030598023906350136,149.20118637941778,0.0,1071.82958984375,1538.0,11.757245572996908
486,0.09154094755649567,0.005372282583266497,0.7264351844787598,0.027050282806158066,101.72538512386382,0.0,1071.82958984375,1538.0,11.780950700995163
487,0.09521179646253586,0.0053352899849414825,0.7192860245704651,0.035895805805921555,156.45658508501947,0.0,1071.82958984375,1538.0,11.80477608399815
488,0.09324270486831665,0.005596665199846029,0.7245756387710571,0.03037693351507187,119.90596981905401,0.0,1071.82958984375,1538.0,11.828295337996678
489,0.09298086911439896,0.005636049900203943,0.7227259874343872,0.03014444001019001,121.78356660716236,0.0,1071.82958984375,1538.0,11.851828833998297
490,0.09570968151092529,0.005774705670773983,0.741908073425293,0.0314883217215538,133.75686834938824,0.0,1071.82958984375,1538.0,11.875435680994997
491,0.09652617573738098,0.005574277136474848,0.7297539710998535,0.03595299646258354,158.08820223249495,0.0,1071.82958984375,1538.0,11.89909940600046
492,0.09254519641399384,0.0058589112013578415,0.7188925743103027,0.029594043269753456,131.05462028831244,0.0,1071.82958984375,1538.0,11.922553911994328
493,0.09568814933300018,0.006118978839367628,0.7306432127952576,0.03300970047712326,140.56998982280493,0.0,1071.82958984375,1538.0,11.945967281993944
494,0.09148217737674713,0.006096376106142998,0.7227266430854797,0.026226263493299484,114.68428349681199,0.0,1071.82958984375,1538.0,11.969481441992684
495,0.09626409411430359,0.005986964330077171,0.7295703887939453,0.034640174359083176,128.600150719285,0.0,1071.82958984375,1538.0,11.993138395002461
496,0.09193156659603119,0.006006906740367413,0.7221876382827759,0.027411796152591705,114.00301622413099,0.0,1071.82958984375,1538.0,12.0166614799964
497,0.09665229916572571,0.006017740815877914,0.7257300615310669,0.036123089492321014,159.8224798683077,0.0,1071.82958984375,1538.0,12.040257909000502
498,0.0906481221318245,0.00594173651188612,0.7136118412017822,0.02669040486216545,106.00897615402937,0.0,1071.82958984375,1538.0,12.063915888997144
499,0.09583760052919388,0.0062154377810657024,0.7278487086296082,0.033674586564302444,131.31336127221584,0.0,1071.82958984375,1538.0,12.087617022989434
500,0.09419699013233185,0.006596838589757681,0.7248228788375854,0.03023572638630867,111.74848600849509,0.0,1071.82958984375,1538.0,12.111083570998744
501,0.09480147063732147,0.006856943015009165,0.7288216948509216,0.0301247239112854,110.30833816714585,0.0,1071.82958984375,1538.0,12.134684922988527
502,0.09352419525384903,0.006396306212991476,0.7246057391166687,0.029334619641304016,106.93848335370421,0.0,1071.82958984375,1538.0,12.158202138001798
503,0.09384752810001373,0.0062524136155843735,0.7383206486701965,0.02752610296010971,118.1386535000056,0.0,1071.82958984375,1538.0,12.182022180990316
504,0.08842653036117554,0.006014060694724321,0.7115559577941895,0.022513724863529205,91.68762728199363,0.0,1071.82958984375,1538.0,12.20532892299525
505,0.09198655188083649,0.00659540481865406,0.7248960137367249,0.025803085416555405,111.80319876223803,0.0,1071.82958984375,1538.0,12.228793950998806
506,0.0891643762588501,0.006560066714882851,0.7015303373336792,0.02490255795419216,89.85427222028375,0.0,1071.82958984375,1538.0,12.252279729000293
507,0.09400451183319092,0.00583127373829484,0.731726884841919,0.030001109465956688,103.35892248526216,0.0,1071.82958984375,1538.0,12.275841929993476
508,0.08933418989181519,0.005879088304936886,0.705081045627594,0.025893982499837875,108.99650588445365,0.0,1071.82958984375,1538.0,12.299449748999905
509,0.09089618176221848,0.006181444972753525,0.7187342643737793,0.025682618841528893,104.98030513338745,0.0,1071.82958984375,1538.0,12.323253427995951
510,0.09098740667104721,0.006064545828849077,0.7289656400680542,0.024052590131759644,102.14059170335531,0.0,1071.82958984375,1538.0,12.346649444996729
511,0.09085400402545929,0.006033330224454403,0.7124633193016052,0.027148671448230743,122.92782864533365,0.0,1071.82958984375,1538.0,12.3701115570002
512,0.09025938808917999,0.006008462980389595,0.7229562997817993,0.023910589516162872,98.72550272289664,0.0,1071.82958984375,1538.0,12.393515195988584
513,0.08963295817375183,0.006258601788431406,0.7170501947402954,0.023338673636317253,102.48360799625516,0.0,1071.82958984375,1538.0,12.417088287998922
514,0.08871151506900787,0.005859891418367624,0.7100318074226379,0.023696880787611008,100.06334002874792,0.0,1071.82958984375,1538.0,12.440653573998134
515,0.08906435966491699,0.006148687098175287,0.7161940336227417,0.02259252406656742,93.22552684601396,0.0,1071.82958984375,1538.0,12.46412460198917
516,0.09505042433738708,0.005716774612665176,0.732411801815033,0.03218492865562439,120.96836398169398,0.0,1071.82958984375,1538.0,12.487828293989878
517,0.08912156522274017,0.0056938896887004375,0.7079075574874878,0.02527383528649807,104.1798526532948,0.0,1071.82958984375,1538.0,12.510874594998313
518,0.09189212322235107,0.0059546539559960365,0.7342905402183533,0.02501683309674263,116.67365306988358,0.0,1071.82958984375,1538.0,12.534498791996157
519,0.08932051062583923,0.005701449234038591,0.726834237575531,0.021871265023946762,89.71551252901554,0.0,1071.82958984375,1538.0,12.558319108997239
520,0.08874181658029556,0.005443712696433067,0.7131223678588867,0.02397172525525093,113.59093151707202,0.0,1071.82958984375,1538.0,12.582040372988558
521,0.09017525613307953,0.005499823018908501,0.7186670303344727,0.025617456063628197,109.72773544117808,0.0,1071.82958984375,1538.0,12.605494132993044
522,0.09039371460676193,0.005575315561145544,0.7212543487548828,0.025385934859514236,96.87448278442025,0.0,1071.82958984375,1538.0,12.629049743991345
523,0.09121760725975037,0.005516644101589918,0.7268175482749939,0.026038415729999542,115.59104523062706,0.0,1071.82958984375,1538.0,12.652640240994515
524,0.08895418047904968,0.0052167437970638275,0.7157024145126343,0.02433440275490284,123.47839277610183,0.0,1071.82958984375,1538.0,12.676317165998626
525,0.09088432788848877,0.005104828160256147,0.7306983470916748,0.025419343262910843,106.3635525777936,0.0,1071.82958984375,1538.0,12.699764673991012
526,0.08767814934253693,0.005453016608953476,0.7171127200126648,0.021027706563472748,104.4907709788531,0.0,1071.82958984375,1538.0,12.723344475001795
527,0.09409235417842865,0.005607107654213905,0.7459020614624023,0.027790086343884468,143.10442458838224,0.0,1071.82958984375,1538.0,12.746996793997823
528,0.08826066553592682,0.005248731933534145,0.7132447361946106,0.02337491326034069,101.08483609743416,0.0,1071.82958984375,1538.0,12.77052928500052
529,0.09412670135498047,0.005262202583253384,0.733173668384552,0.031094253063201904,134.67914237640798,0.0,1071.82958984375,1538.0,12.794476900991867
530,0.0898040384054184,0.0054316711612045765,0.7127953171730042,0.0261856559664011,108.68653661385179,0.0,1071.82958984375,1538.0,12.818064890001551
531,0.09362594783306122,0.005773891229182482,0.7501911520957947,0.025665873661637306,133.29543236270547,0.0,1071.82958984375,1538.0,12.841471473991987
532,0.09152316302061081,0.005692246835678816,0.7268826961517334,0.026285286992788315,125.06890795379877,0.0,1071.82958984375,1538.0,12.865111967999837
533,0.08913762867450714,0.005336465314030647,0.7021545767784119,0.0271714236587286,123.86099042743444,0.0,1071.82958984375,1538.0,12.8894135409937
534,0.09055068343877792,0.005080556962639093,0.7209782600402832,0.02674458734691143,118.43931200355291,0.0,1071.82958984375,1538.0,12.913039460996515
535,0.08824773132801056,0.005394174251705408,0.7124321460723877,0.023220675066113472,98.4395528640598,0.0,1071.82958984375,1538.0,12.936136271993746
536,0.09031432121992111,0.005086127202957869,0.7119532823562622,0.028065739199519157,112.48562422767282,0.0,1071.82958984375,1538.0,12.959694844990736
537,0.08855414390563965,0.005119116045534611,0.7074843049049377,0.0253731831908226,109.78421184048057,0.0,1071.82958984375,1538.0,12.983274976999382
538,0.09149986505508423,0.005435442551970482,0.7369988560676575,0.024729067459702492,101.86557082086802,0.0,1071.82958984375,1538.0,13.006817053988925
539,0.09354941546916962,0.005046980921179056,0.7464882731437683,0.027707211673259735,123.79091852158308,0.0,1071.82958984375,1538.0,13.030712936000782
540,0.08894193172454834,0.00527320709079504,0.7223114967346191,0.022875141352415085,109.822948936373,0.0,1071.82958984375,1538.0,13.054291908993036
541,0.091367706656456,0.004984363913536072,0.7302271127700806,0.026721255853772163,131.9137574248016,0.0,1071.82958984375,1538.0,13.077816577002523
542,0.09051314741373062,0.005387375596910715,0.7210851907730103,0.026034504175186157,123.42858672514558,0.0,1071.82958984375,1538.0,13.101286530989455
543,0.09104402363300323,0.005698428954929113,0.7165795564651489,0.02737528271973133,124.51106943190098,0.0,1071.82958984375,1538.0,13.124976708990289
544,0.09169472008943558,0.005327725782990456,0.7289168238639832,0.02695063129067421,129.29230601340532,0.0,1071.82958984375,1538.0,13.148549117991934
545,0.09258891642093658,0.006056801415979862,0.7314763069152832,0.026768967509269714,145.58052789792418,0.0,1071.82958984375,1538.0,13.172167522992822
546,0.08656363934278488,0.005920962896198034,0.7112228870391846,0.019040780141949654,85.60966166481376,0.0,1071.82958984375,1538.0,13.195828723997693
547,0.09005527943372726,0.005512902047485113,0.7275484204292297,0.0235750675201416,99.34867971763015,0.0,1071.82958984375,1538.0,13.2196117650019
548,0.09477201849222183,0.005988274235278368,0.7200454473495483,0.033558379858732224,156.49927262216806,0.0,1071.82958984375,1538.0,13.243117858990445
549,0.0870601087808609,0.005819711368530989,0.7081649303436279,0.020847812294960022,96.54365704394877,0.0,1071.82958984375,1538.0,13.266739201993914
550,0.09497492015361786,0.005957545712590218,0.7382763624191284,0.03037947602570057,150.12952572852373,0.0,1071.82958984375,1538.0,13.290522601993871
551,0.09195675700902939,0.0057246629148721695,0.7341247200965881,0.025639250874519348,116.85600281693041,0.0,1071.82958984375,1538.0,13.314262797997799
552,0.09081175923347473,0.005325989797711372,0.7194172143936157,0.027088087052106857,124.7806887794286,0.0,1071.82958984375,1538.0,13.338110301992856
553,0.09139558672904968,0.00552447559311986,0.7189800143241882,0.02794620394706726,124.446927446872,0.0,1071.82958984375,1538.0,13.361772406002274
554,0.09373191744089127,0.00527567882090807,0.7348945140838623,0.02993357740342617,152.48335150256753,0.0,1071.82958984375,1538.0,13.385375219993875
555,0.09016374498605728,0.00576345669105649,0.7283563017845154,0.023129310458898544,114.46919849142432,0.0,1071.82958984375,1538.0,13.408872187996167
556,0.08529461920261383,0.005652830004692078,0.688470184803009,0.02158953808248043,105.05637579411268,0.0,1071.82958984375,1538.0,13.432456627997453
557,0.08961737900972366,0.005575115326792002,0.7179614305496216,0.02449224516749382,109.34588696807623,0.0,1071.82958984375,1538.0,13.456179845001316
558,0.09237722307443619,0.005809698719531298,0.7283148169517517,0.02747207321226597,123.02380653843284,0.0,1071.82958984375,1538.0,13.479959329997655
559,0.09607565402984619,0.005769545212388039,0.746745765209198,0.03126306086778641,141.35763267800212,0.0,1071.82958984375,1538.0,13.50349996399018
560,0.0907498449087143,0.005897883791476488,0.7243286371231079,0.024838173761963844,114.64666589908302,0.0,1071.82958984375,1538.0,13.527162147001945
561,0.09107927232980728,0.005613255314528942,0.7290726900100708,0.025117497891187668,106.6378880571574,0.0,1071.82958984375,1538.0,13.550700111998594
562,0.09188620001077652,0.006059921812266111,0.717471718788147,0.02815820463001728,119.94073323532939,0.0,1071.82958984375,1538.0,13.574391925998498
563,0.09166042506694794,0.005828628316521645,0.7237045168876648,0.02692268043756485,110.81732456199825,0.0,1071.82958984375,1538.0,13.59792644699337
564,0.08986999094486237,0.005630397703498602,0.712209939956665,0.02603720873594284,116.51378174871206,0.0,1071.82958984375,1538.0,13.621605153995915
565,0.08947350829839706,0.00593724986538291,0.7206771373748779,0.022937089204788208,108.59180418401957,0.0,1071.82958984375,1538.0,13.645244016996003
566,0.09162930399179459,0.005955001804977655,0.7308324575424194,0.02518210932612419,100.39535213448107,0.0,1071.82958984375,1538.0,13.668437378000817
567,0.09304060786962509,0.006442040205001831,0.7430222630500793,0.0245926883071661,117.3427440803498,0.0,1071.82958984375,1538.0,13.691981053998461
568,0.09110136330127716,0.0057525672018527985,0.717853307723999,0.027126943692564964,111.35066854767501,0.0,1071.82958984375,1538.0,13.715624819989898
569,0.08695906400680542,0.006055650766938925,0.6995272636413574,0.021901365369558334,75.37412019539624,0.0,1071.82958984375,1538.0,13.739319517000695
570,0.08886395394802094,0.005714987870305777,0.7102953195571899,0.02423885650932789,96.58227464742959,0.0,1071.82958984375,1538.0,13.762755228002788
571,0.0861540138721466,0.005970744416117668,0.7071924805641174,0.018928032368421555,92.2935625128448,0.0,1071.82958984375,1538.0,13.786654787996667
572,0.08900003880262375,0.0056946235708892345,0.7205332517623901,0.022504176944494247,104.97873886860907,0.0,1071.82958984375,1538.0,13.810377649992006
573,0.08652441203594208,0.0055242301896214485,0.7099292874336243,0.020014500245451927,89.07239590026438,0.0,1071.82958984375,1538.0,13.834047229000134
574,0.09128629416227341,0.005304877646267414,0.7278516888618469,0.026392493396997452,100.58699129894376,0.0,1071.82958984375,1538.0,13.8576746990002
575,0.0886308029294014,0.005128526594489813,0.7157305479049683,0.02385844476521015,96.20190808735788,0.0,1071.82958984375,1538.0,13.880943208991084
576,0.08673480898141861,0.00490309065207839,0.697579562664032,0.024147508665919304,103.487244207412,0.0,1071.82958984375,1538.0,13.904509687999962
577,0.0875144898891449,0.005102783441543579,0.7130476236343384,0.022213896736502647,92.34596057236195,0.0,1071.82958984375,1538.0,13.928143554992857
578,0.09105191379785538,0.005008201114833355,0.7159597277641296,0.028895480558276176,113.75412936508656,0.0,1071.82958984375,1538.0,13.951625786998193
579,0.08712652325630188,0.005385387688875198,0.7064673900604248,0.022188784554600716,89.88242920581251,0.0,1071.82958984375,1538.0,13.97508060200198
580,0.0838313177227974,0.00492785032838583,0.689720630645752,0.019862806424498558,89.51061705127358,0.0,1071.82958984375,1538.0,13.99877278599888
581,0.08982429653406143,0.005214191973209381,0.7233000993728638,0.02456018701195717,106.4078144133091,0.0,1071.82958984375,1538.0,14.022322528995574
582,0.086296945810318,0.00516945356503129,0.7014626860618591,0.021962441504001617,95.98819600790739,0.0,1071.82958984375,1538.0,14.045946539990837
583,0.09297968447208405,0.004924208391457796,0.7340329885482788,0.02930435538291931,123.84202915802598,0.0,1071.82958984375,1538.0,14.069735539000249
584,0.08850239962339401,0.004721526987850666,0.7169716954231262,0.024167407304048538,111.83522880729288,0.0,1071.82958984375,1538.0,14.093162550998386
585,0.08653463423252106,0.00504798861220479,0.7146642804145813,0.020040424540638924,96.99728972092271,0.0,1071.82958984375,1538.0,14.116822890995536
586,0.08725721389055252,0.004589788615703583,0.7103598117828369,0.023262882605195045,114.20117627643049,0.0,1071.82958984375,1538.0,14.140334757990786
587,0.08910103887319565,0.004737338051199913,0.7274609804153442,0.023235199972987175,116.98774006403983,0.0,1071.82958984375,1538.0,14.164040614996338
588,0.08500181883573532,0.00484500965103507,0.7034987211227417,0.019613871350884438,94.74003751762211,0.0,1071.82958984375,1538.0,14.187735200990574
589,0.0860268771648407,0.005089705344289541,0.7056847214698792,0.020737390965223312,89.59814514964819,0.0,1071.82958984375,1538.0,14.211214082999504
590,0.08855074644088745,0.004749871324747801,0.711922824382782,0.025217171758413315,118.24979899078608,0.0,1071.82958984375,1538.0,14.234665862997645
591,0.08698379248380661,0.0050667654722929,0.7129992246627808,0.02123420126736164,92.45207857247442,0.0,1071.82958984375,1538.0,14.258413862000452
592,0.08839445561170578,0.004761917050927877,0.7186776995658875,0.023529531434178352,117.23806371167302,0.0,1071.82958984375,1538.0,14.281796878000023
593,0.08925279229879379,0.004956584423780441,0.7351695895195007,0.02155851200222969,115.99217511713505,0.0,1071.82958984375,1538.0,14.305453948996728
594,0.08667691797018051,0.00488009350374341,0.7189793586730957,0.01979777403175831,88.12268576584756,0.0,1071.82958984375,1538.0,14.328592866993858
595,0.08700517565011978,0.004975439514964819,0.7162500023841858,0.020809469744563103,97.78134203888476,0.0,1071.82958984375,1538.0,14.352202510999632
596,0.08466345071792603,0.0050409771502017975,0.7012870907783508,0.018987532705068588,100.08551580738276,0.0,1071.82958984375,1538.0,14.375752111998736
597,0.0857187807559967,0.0049611590802669525,0.7100614905357361,0.019502930343151093,92.06001398060471,0.0,1071.82958984375,1538.0,14.399347664002562
598,0.08436338603496552,0.004988172557204962,0.7001499533653259,0.01872042566537857,92.96554423775524,0.0,1071.82958984375,1538.0,14.42310107999947
599,0.08884153515100479,0.004870887380093336,0.7132254242897034,0.02529621310532093,113.30100045539439,0.0,1071.82958984375,1538.0,14.446583635988645
600,0.08629278093576431,0.004419695120304823,0.6966155171394348,0.024423081427812576,99.56929205358028,0.0,1071.82958984375,1538.0,14.470345708992681
601,0.0933588445186615,0.004473143257200718,0.7219089865684509,0.033389605581760406,148.47762209549546,0.0,1071.82958984375,1538.0,14.494271984993247
602,0.08911549299955368,0.004500055685639381,0.718341588973999,0.025562550872564316,138.41042413190007,0.0,1071.82958984375,1538.0,14.51809414399031
603,0.0898532047867775,0.004689584020525217,0.7262298464775085,0.025081275030970573,135.97593129053712,0.0,1071.82958984375,1538.0,14.541670427992358
604,0.08741641789674759,0.004838927183300257,0.721028745174408,0.0209492277354002,102.87026731297374,0.0,1071.82958984375,1538.0,14.565368051000405
605,0.08920305222272873,0.0053722248412668705,0.7116183638572693,0.025337979197502136,106.4815151039511,0.0,1071.82958984375,1538.0,14.589102473997627
606,0.08767470717430115,0.004966129083186388,0.7059235572814941,0.02423243597149849,103.6977339219302,0.0,1071.82958984375,1538.0,14.612760203992366
607,0.08749719709157944,0.005015022587031126,0.7156466841697693,0.02183501608669758,95.7728847078979,0.0,1071.82958984375,1538.0,14.63635339999746
608,0.0874333456158638,0.005121864378452301,0.7117120623588562,0.022280540317296982,117.03201754763722,0.0,1071.82958984375,1538.0,14.659967090992723
609,0.08499997854232788,0.004728229250758886,0.6963241100311279,0.02127867192029953,100.25994397513568,0.0,1071.82958984375,1538.0,14.683748116993229
610,0.09294015914201736,0.004958353936672211,0.7256682515144348,0.030829954892396927,138.66593622788787,0.0,1071.82958984375,1538.0,14.70714864099864
611,0.08773413300514221,0.00487105967476964,0.721979558467865,0.021330218762159348,106.09500536695123,0.0,1071.82958984375,1538.0,14.730854082998121
612,0.08547338843345642,0.0048621646128594875,0.7021416425704956,0.020794112235307693,94.96417089831084,0.0,1071.82958984375,1538.0,14.754620683990652
613,0.0926164761185646,0.005431647878140211,0.7396199703216553,0.026445666328072548,129.0996298752725,0.0,1071.82958984375,1538.0,14.778406101992005
614,0.08684466779232025,0.004943386185914278,0.7168627977371216,0.020430002361536026,88.13695170450956,0.0,1071.82958984375,1538.0,14.80209673999343
615,0.08812879025936127,0.00500932103022933,0.7126562595367432,0.02370768040418625,102.8510171091184,0.0,1071.82958984375,1538.0,14.825531391994446
616,0.08893618732690811,0.005247944500297308,0.718407392501831,0.02369501069188118,108.12140679731965,0.0,1071.82958984375,1538.0,14.8491062559915
617,0.08863819390535355,0.005390286445617676,0.727335512638092,0.02102871611714363,118.86673997342587,0.0,1071.82958984375,1538.0,14.872655872997711
618,0.08634395897388458,0.00514603266492486,0.7099238634109497,0.020411072298884392,90.07646604441106,0.0,1071.82958984375,1538.0,14.896152490997338
619,0.08719830960035324,0.005397098138928413,0.7202463150024414,0.019553158432245255,100.02606441639364,0.0,1071.82958984375,1538.0,14.919735121002304
620,0.0887584239244461,0.0052626775577664375,0.7274925112724304,0.021492987871170044,98.67543154023588,0.0,1071.82958984375,1538.0,14.94319942498987
621,0.08846753090620041,0.00542363291606307,0.7131320238113403,0.023461392149329185,112.2166200503707,0.0,1071.82958984375,1538.0,14.967002042001695
622,0.09112071990966797,0.005518619436770678,0.7347221970558167,0.024259747937321663,126.96783306263387,0.0,1071.82958984375,1538.0,14.990316944997176
623,0.08868218958377838,0.00528970081359148,0.716411292552948,0.023502709344029427,133.71246974915266,0.0,1071.82958984375,1538.0,15.014157491998048
624,0.08781564235687256,0.00569695420563221,0.7169270515441895,0.020851977169513702,106.45711158029735,0.0,1071.82958984375,1538.0,15.037635661996319
625,0.08964956551790237,0.005381383933126926,0.7191209197044373,0.024712178856134415,115.15052151679993,0.0,1071.82958984375,1538.0,15.06129814099404
626,0.08496023714542389,0.005481434054672718,0.6942057609558105,0.020116442814469337,88.87934376206249,0.0,1071.82958984375,1538.0,15.08489568499499
627,0.0910327285528183,0.005610417574644089,0.728596031665802,0.02512540854513645,123.76450715959072,0.0,1071.82958984375,1538.0,15.108530825993512
628,0.08411827683448792,0.005283885169774294,0.6882328987121582,0.020022204145789146,93.04364141263068,0.0,1071.82958984375,1538.0,15.131909347997862
629,0.08895725011825562,0.005320081952959299,0.7109430432319641,0.02508573606610298,121.3462897464633,0.0,1071.82958984375,1538.0,15.155449093988864
630,0.08688068389892578,0.005279645789414644,0.7085254192352295,0.02149699255824089,102.39211177453399,0.0,1071.82958984375,1538.0,15.178629627000191
631,0.08714471757411957,0.005448090378195047,0.7114019393920898,0.021112879738211632,100.6917596142739,0.0,1071.82958984375,1538.0,15.202262148988666
632,0.089259073138237,0.005659561138600111,0.7223224639892578,0.022734539583325386,104.38221042789519,0.0,1071.82958984375,1538.0,15.225558928999817
633,0.08919577300548553,0.005248344037681818,0.7176943421363831,0.02435598522424698,121.58837343007326,0.0,1071.82958984375,1538.0,15.249180796992732
634,0.08726273477077484,0.00539681501686573,0.7156841158866882,0.020595019683241844,105.35104287788272,0.0,1071.82958984375,1538.0,15.272917458991287
635,0.08837485313415527,0.005589194595813751,0.7096622586250305,0.023638853803277016,122.88168326020241,0.0,1071.82958984375,1538.0,15.29676271599601
636,0.08855869621038437,0.005301361437886953,0.714424729347229,0.02362971566617489,109.13329631276429,0.0,1071.82958984375,1538.0,15.32064417199581
637,0.09045063704252243,0.005569950677454472,0.721621572971344,0.02543705143034458,111.87457440793514,0.0,1071.82958984375,1538.0,15.344482863001758
638,0.08640845865011215,0.005561082623898983,0.7077962160110474,0.020135505124926567,103.36817416362464,0.0,1071.82958984375,1538.0,15.36809189998894
639,0.08821593970060349,0.005421723239123821,0.7143125534057617,0.022725922986865044,121.54033469036222,0.0,1071.82958984375,1538.0,15.391657471001963
640,0.0864134132862091,0.0050732167437672615,0.7100673913955688,0.020666904747486115,94.65989614650607,0.0,1071.82958984375,1538.0,15.415340470994124
641,0.08727696537971497,0.005366720724850893,0.717436671257019,0.02033315785229206,94.15488229971379,0.0,1071.82958984375,1538.0,15.439089922991116
642,0.08419010043144226,0.0052064284682273865,0.6972687840461731,0.01851358450949192,82.7678075125441,0.0,1071.82958984375,1538.0,15.46242920999066
643,0.08513124287128448,0.0052648684941232204,0.699447512626648,0.019843241199851036,78.75589860230684,0.0,1071.82958984375,1538.0,15.48621556100261
644,0.08477328717708588,0.005288365762680769,0.7014145255088806,0.018686937168240547,79.89010227099061,0.0,1071.82958984375,1538.0,15.509662111988291
645,0.0870944932103157,0.004899100866168737,0.7121991515159607,0.021950963884592056,89.97238656878471,0.0,1071.82958984375,1538.0,15.533212825001101
646,0.08611784130334854,0.005083478521555662,0.7045714855194092,0.02115441858768463,87.12087801843882,0.0,1071.82958984375,1538.0,15.556724030990154
647,0.08625511825084686,0.005020269192755222,0.7082272171974182,0.020824246108531952,96.79157016053796,0.0,1071.82958984375,1538.0,15.580299460998503
648,0.08473459631204605,0.0047066970728337765,0.6995018124580383,0.02015542984008789,94.81153183244169,0.0,1071.82958984375,1538.0,15.603838115988765
649,0.08470110595226288,0.004978349898010492,0.6961638331413269,0.020212732255458832,85.4655971005559,0.0,1071.82958984375,1538.0,15.627199096998083
650,0.0863255113363266,0.004822913091629744,0.7008033394813538,0.02284453995525837,100.65029141493142,0.0,1071.82958984375,1538.0,15.650521951989504
651,0.08430223912000656,0.0047523644752800465,0.7062122225761414,0.017857292667031288,88.57580417208374,0.0,1071.82958984375,1538.0,15.673765076993732
652,0.08521103113889694,0.00498672341927886,0.7109021544456482,0.01826818846166134,93.6033270554617,0.0,1071.82958984375,1538.0,15.697511132995714
653,0.08498979359865189,0.005001683719456196,0.7034199237823486,0.01929222047328949,96.10730423592031,0.0,1071.82958984375,1538.0,15.721046085993294
654,0.08548697829246521,0.004729951731860638,0.7039352655410767,0.020727012306451797,108.32629754394293,0.0,1071.82958984375,1538.0,15.744607726999675
655,0.08686657249927521,0.004554578568786383,0.7157414555549622,0.02147570252418518,110.48739542812109,0.0,1071.82958984375,1538.0,15.768218005992821
656,0.08539486676454544,0.004952764138579369,0.6986839771270752,0.02114740014076233,103.69103464856744,0.0,1071.82958984375,1538.0,15.791711455996847
657,0.08557397872209549,0.004788575228303671,0.7145807147026062,0.018654655665159225,97.3408339843154,0.0,1071.82958984375,1538.0,15.815242793993093
658,0.08505725115537643,0.004631302785128355,0.6990518569946289,0.021041525527834892,92.93165296502411,0.0,1071.82958984375,1538.0,15.838715898993541
659,0.08732522279024124,0.004735538270324469,0.7155157327651978,0.02207621932029724,120.36002627387643,0.0,1071.82958984375,1538.0,15.86209851098829
660,0.08442963659763336,0.0045937225222587585,0.6965945959091187,0.020352894440293312,95.50802617147565,0.0,1071.82958984375,1538.0,15.885589461991913
661,0.0863475576043129,0.004826446063816547,0.7065625190734863,0.021729711443185806,96.98906198702753,0.0,1071.82958984375,1538.0,15.909293812990654
662,0.0862605944275856,0.0048473672941327095,0.720349133014679,0.01875661313533783,97.14608987048268,0.0,1071.82958984375,1538.0,15.932968601002358
663,0.0821032002568245,0.004477538168430328,0.6822710037231445,0.018797114491462708,95.79351733252406,0.0,1071.82958984375,1538.0,15.956676186993718
664,0.0831034779548645,0.004438459407538176,0.6946248412132263,0.018405063077807426,99.45983993448317,0.0,1071.82958984375,1538.0,15.980362003989285
665,0.08459556847810745,0.004737865179777145,0.7103497982025146,0.017645427957177162,90.52344481647015,0.0,1071.82958984375,1538.0,16.00335750199156
666,0.08818675577640533,0.004748385865241289,0.7284263372421265,0.021191459149122238,112.53972326591611,0.0,1071.82958984375,1538.0,16.026960021990817
667,0.08546416461467743,0.004301948007196188,0.7055381536483765,0.021216798573732376,102.68033837154508,0.0,1071.82958984375,1538.0,16.05064680299256
668,0.08415815234184265,0.004389810375869274,0.701754093170166,0.0191858671605587,106.9416338428855,0.0,1071.82958984375,1538.0,16.07445811899379
669,0.08499810099601746,0.004900171887129545,0.7084468603134155,0.0185064859688282,95.66705841291696,0.0,1071.82958984375,1538.0,16.09755292299087
670,0.08452700823545456,0.004800579510629177,0.7005000710487366,0.01935284398496151,90.3562559299171,0.0,1071.82958984375,1538.0,16.121100559990737
671,0.08601831644773483,0.004625573288649321,0.7057512998580933,0.02163521572947502,106.0129720903933,0.0,1071.82958984375,1538.0,16.14480889699189
672,0.08617228269577026,0.00435028038918972,0.7060340046882629,0.0224372036755085,91.58042748086154,0.0,1071.82958984375,1538.0,16.168208674993366
673,0.08974076807498932,0.004369731992483139,0.740044116973877,0.022733235731720924,109.10061576589942,0.0,1071.82958984375,1538.0,16.19174378400203
674,0.08739960193634033,0.0043229833245277405,0.7125648856163025,0.023640256375074387,127.23633782565594,0.0,1071.82958984375,1538.0,16.21519158600131
675,0.08507481962442398,0.004290536977350712,0.6983985304832458,0.0218888558447361,91.89125111140311,0.0,1071.82958984375,1538.0,16.238997542997822
676,0.08298642933368683,0.004340891260653734,0.6902284026145935,0.01924538053572178,88.69839523732662,0.0,1071.82958984375,1538.0,16.262100652995287
677,0.08988220989704132,0.004783900920301676,0.7100178599357605,0.028193041682243347,117.57444624230266,0.0,1071.82958984375,1538.0,16.28565285100194
678,0.08804133534431458,0.0046089873649179935,0.7156668305397034,0.023731326684355736,107.14809722080827,0.0,1071.82958984375,1538.0,16.30922376399394
679,0.08537213504314423,0.004590091295540333,0.707223117351532,0.02011946402490139,94.91949713788927,0.0,1071.82958984375,1538.0,16.332642665991443
680,0.08410874009132385,0.00475659966468811,0.6911596059799194,0.020472370088100433,113.6118507552892,0.0,1071.82958984375,1538.0,16.356410352993407
681,0.08816298097372055,0.004930033814162016,0.7076029777526855,0.024945292621850967,120.48462644778192,0.0,1071.82958984375,1538.0,16.37981173300068
682,0.08607086539268494,0.004836617968976498,0.7127072811126709,0.01992703229188919,108.77760825119913,0.0,1071.82958984375,1538.0,16.403162621994852
683,0.08619647473096848,0.005163755267858505,0.7123845219612122,0.019588544964790344,90.48946828767657,0.0,1071.82958984375,1538.0,16.426763993993518
684,0.08502764254808426,0.005156554281711578,0.6984946131706238,0.020043250173330307,92.33264912478626,0.0,1071.82958984375,1538.0,16.450281423996785
685,0.08635547757148743,0.004981021862477064,0.7101743221282959,0.0207140501588583,94.57694173138589,0.0,1071.82958984375,1538.0,16.47409969099681
686,0.08653388917446136,0.004847697447985411,0.7105398774147034,0.021264400333166122,95.77876497991383,0.0,1071.82958984375,1538.0,16.497668964002514
687,0.08574981987476349,0.005132498685270548,0.6956121921539307,0.02211221307516098,109.88549250364304,0.0,1071.82958984375,1538.0,16.52115019899793
688,0.08757072687149048,0.004845868330448866,0.7117676734924316,0.023096196353435516,109.35055050626397,0.0,1071.82958984375,1538.0,16.544583365990547
689,0.08521443605422974,0.004815998952835798,0.7075297832489014,0.019290920346975327,97.52866091392934,0.0,1071.82958984375,1538.0,16.56790005399671
690,0.08665675669908524,0.004930661991238594,0.709531843662262,0.021545827388763428,111.12691677361727,0.0,1071.82958984375,1538.0,16.59148791899497
691,0.08420990407466888,0.004720293451100588,0.6992846131324768,0.019122309982776642,87.75792342144996,0.0,1071.82958984375,1538.0,16.615213782002684
692,0.08601555973291397,0.005499138496816158,0.7104288935661316,0.018947070464491844,100.53897080011666,0.0,1071.82958984375,1538.0,16.638855903001968
693,0.08525344729423523,0.005272447131574154,0.6957499980926514,0.020811986178159714,96.64214625116438,0.0,1071.82958984375,1538.0,16.662450314994203
694,0.0852496325969696,0.00466249929741025,0.7109401226043701,0.018986236304044724,81.10087027214468,0.0,1071.82958984375,1538.0,16.685928028993658
695,0.08409149944782257,0.004683976527303457,0.689943790435791,0.02082628756761551,104.83675058186054,0.0,1071.82958984375,1538.0,16.709793244997854
696,0.0834846943616867,0.00489585567265749,0.6965968012809753,0.017858317121863365,78.94356658216566,0.0,1071.82958984375,1538.0,16.73343367499183
697,0.08400168269872665,0.004930591676384211,0.6998462677001953,0.01817292533814907,87.85876710154116,0.0,1071.82958984375,1538.0,16.75680569600081
698,0.08392104506492615,0.004906014073640108,0.6947000622749329,0.019090037792921066,92.88816691935062,0.0,1071.82958984375,1538.0,16.780114774999674
699,0.08536773920059204,0.004768064245581627,0.6870847344398499,0.02378239668905735,109.54961737245321,0.0,1071.82958984375,1538.0,16.80385751699214
700,0.08432693779468536,0.004597862251102924,0.6973822116851807,0.01998169720172882,114.29622197151184,0.0,1071.82958984375,1538.0,16.827543498002342
701,0.08337020128965378,0.004837132059037685,0.6945323348045349,0.018159670755267143,79.73988741915673,0.0,1071.82958984375,1538.0,16.85120729499613
702,0.08857476711273193,0.004782182164490223,0.7133824229240417,0.02490866929292679,118.60419103130698,0.0,1071.82958984375,1538.0,16.875043307998567
703,0.0889781191945076,0.004480804782360792,0.7224429845809937,0.02450603060424328,104.87928749993443,0.0,1071.82958984375,1538.0,16.898981204998563
704,0.08337172120809555,0.004510726314038038,0.688801109790802,0.019961770623922348,95.94940834119916,0.0,1071.82958984375,1538.0,16.922478079999564
705,0.08926564455032349,0.0046812728978693485,0.7195401787757874,0.02526070922613144,128.11568859405816,0.0,1071.82958984375,1538.0,16.94592242599174
706,0.0861266702413559,0.004583109635859728,0.7117269039154053,0.020741738379001617,93.71810309402645,0.0,1071.82958984375,1538.0,16.969534611998824
707,0.08674217760562897,0.004389470908790827,0.7075842022895813,0.02318856306374073,107.68017590232193,0.0,1071.82958984375,1538.0,16.993083273002412
708,0.08523737639188766,0.00472649373114109,0.7086964249610901,0.019282473251223564,98.20159263443202,0.0,1071.82958984375,1538.0,17.01664452398836
709,0.08693046867847443,0.004645579494535923,0.7093117237091064,0.022707436233758926,89.64157415553927,0.0,1071.82958984375,1538.0,17.040174395995564
710,0.08807075023651123,0.004631543066352606,0.7267501950263977,0.02152838557958603,116.08222900517285,0.0,1071.82958984375,1538.0,17.063734625990037
711,0.08454849570989609,0.004563317168504,0.6989954113960266,0.02017127349972725,98.66169651784003,0.0,1071.82958984375,1538.0,17.08723474999715
712,0.08696091175079346,0.004693631548434496,0.7139903903007507,0.021736472845077515,102.28843812458217,0.0,1071.82958984375,1538.0,17.110806019991287
713,0.08611160516738892,0.004791164305061102,0.7177512049674988,0.019090641289949417,105.0373728517443,0.0,1071.82958984375,1538.0,17.13433560798876
714,0.08272276073694229,0.004610207863152027,0.6924517750740051,0.01773473620414734,87.422920640558,0.0,1071.82958984375,1538.0,17.15802655099833
715,0.08187940716743469,0.00462923152372241,0.6891531944274902,0.016669699922204018,88.49767155200243,0.0,1071.82958984375,1538.0,17.181452428994817
716,0.0875525027513504,0.00457362737506628,0.7273612022399902,0.020485511049628258,100.68482068926096,0.0,1071.82958984375,1538.0,17.2053387699998
717,0.0872223749756813,0.004368387628346682,0.7140607237815857,0.022895827889442444,111.68079171143472,0.0,1071.82958984375,1538.0,17.22912565700244
718,0.08403633534908295,0.004409658256918192,0.6985703706741333,0.019539276137948036,102.12228567898273,0.0,1071.82958984375,1538.0,17.252235651001683
719,0.08505579084157944,0.004839233122766018,0.7084729671478271,0.018738526850938797,98.14736725389957,0.0,1071.82958984375,1538.0,17.275590399993234
720,0.08557959645986557,0.0049459850415587425,0.6991989612579346,0.021427420899271965,119.80336569622159,0.0,1071.82958984375,1538.0,17.2993614099978
721,0.08403056859970093,0.004723899532109499,0.693694531917572,0.019874421879649162,86.87143595609814,0.0,1071.82958984375,1538.0,17.323382887989283
722,0.08778786659240723,0.004617369268089533,0.7170664072036743,0.022927699610590935,104.64566371589899,0.0,1071.82958984375,1538.0,17.347145552994334
723,0.0865149199962616,0.005049030762165785,0.6949009895324707,0.023951590061187744,128.79074984695762,0.0,1071.82958984375,1538.0,17.37052132000099
724,0.0875815898180008,0.004647625610232353,0.7074501514434814,0.024377891793847084,143.68301277980208,0.0,1071.82958984375,1538.0,17.393987613992067
725,0.08910410851240158,0.004762362688779831,0.7201552391052246,0.02465244196355343,127.57107418589294,0.0,1071.82958984375,1538.0,17.41760965899448
726,0.08710039407014847,0.004973979201167822,0.7117032408714294,0.02191218174993992,109.92008982598782,0.0,1071.82958984375,1538.0,17.441110223997384
727,0.08798888325691223,0.00467700557783246,0.7218233346939087,0.022259093821048737,102.53773794136941,0.0,1071.82958984375,1538.0,17.46476971299853
728,0.08437777310609818,0.004714110866189003,0.700655460357666,0.01919623091816902,90.32889270968735,0.0,1071.82958984375,1538.0,17.488125484000193
729,0.08625556528568268,0.004824114963412285,0.7073535323143005,0.021392179653048515,93.07052715588361,0.0,1071.82958984375,1538.0,17.51161387799948
730,0.08587192744016647,0.004917016252875328,0.7016597986221313,0.021577853709459305,92.43296915851533,0.0,1071.82958984375,1538.0,17.534858669998357
731,0.08561214059591293,0.004885533824563026,0.7092302441596985,0.0196071770042181,96.63611096143723,0.0,1071.82958984375,1538.0,17.55849420899176
732,0.08704079687595367,0.005008827429264784,0.7226942777633667,0.01952507346868515,83.37693375907838,0.0,1071.82958984375,1538.0,17.581986227000016
733,0.0859799012541771,0.0050741760060191154,0.7092502117156982,0.019961420446634293,100.90941818896681,0.0,1071.82958984375,1538.0,17.60563126100169
734,0.08369754254817963,0.004960260353982449,0.7049282193183899,0.01648891158401966,84.14932319149375,0.0,1071.82958984375,1538.0,17.629007115989225
735,0.08631407469511032,0.0046125478111207485,0.7074617743492126,0.02191070094704628,89.26348134316504,0.0,1071.82958984375,1538.0,17.65261706999445
736,0.08405070006847382,0.005024285055696964,0.6997907161712646,0.018094688653945923,83.9793342333287,0.0,1071.82958984375,1538.0,17.67620805099432
737,0.08450133353471756,0.005054074805229902,0.7096452116966248,0.016965478658676147,87.56146506220102,0.0,1071.82958984375,1538.0,17.700192585994955
738,0.08319016546010971,0.004912462551146746,0.6871394515037537,0.019127503037452698,73.53459131903946,0.0,1071.82958984375,1538.0,17.72400940999796
739,0.08347238600254059,0.004916597623378038,0.6934470534324646,0.018422160297632217,92.12402326241136,0.0,1071.82958984375,1538.0,17.747757231001742
740,0.08375798165798187,0.005094999447464943,0.7002182006835938,0.01728231832385063,85.26588424295187,0.0,1071.82958984375,1538.0,17.77130480899359
741,0.08375028520822525,0.004682971630245447,0.6943416595458984,0.019266286864876747,82.48666260950267,0.0,1071.82958984375,1538.0,17.795131883001886
742,0.08432192355394363,0.004574884660542011,0.7016951441764832,0.019155045971274376,92.08795833587646,0.0,1071.82958984375,1538.0,17.81859470299969
743,0.08437597751617432,0.004706352949142456,0.7090114951133728,0.017536954954266548,85.68982501514256,0.0,1071.82958984375,1538.0,17.841670711000916
744,0.08521561324596405,0.0047130766324698925,0.6976184248924255,0.021481402218341827,96.08796512056142,0.0,1071.82958984375,1538.0,17.864971830989816
745,0.08235708624124527,0.004649999551475048,0.6893054246902466,0.017553087323904037,81.0416899304837,0.0,1071.82958984375,1538.0,17.888692202992388
746,0.08355017751455307,0.004268073011189699,0.6991622447967529,0.01873176172375679,81.50166118796915,0.0,1071.82958984375,1538.0,17.91230403300142
747,0.08681613206863403,0.004370317794382572,0.7183308601379395,0.021225452423095703,93.98100693896413,0.0,1071.82958984375,1538.0,17.93621551198885
748,0.08547642081975937,0.0045597003772854805,0.712105929851532,0.019412245601415634,93.81577950436622,0.0,1071.82958984375,1538.0,17.959304595002322
749,0.08581934869289398,0.0043261428363621235,0.7091869711875916,0.021149007603526115,113.79449552483857,0.0,1071.82958984375,1538.0,17.982430457996088
750,0.08547507226467133,0.0046668085269629955,0.704436719417572,0.020729178562760353,94.06980695575476,0.0,1071.82958984375,1538.0,18.005806800996652
751,0.08757849037647247,0.00430879695340991,0.7062918543815613,0.02528100647032261,115.76712488941848,0.0,1071.82958984375,1538.0,18.029485610997654
752,0.08326958864927292,0.004598797764629126,0.7039408683776855,0.016553398221731186,80.61002432368696,0.0,1071.82958984375,1538.0,18.053182485993602
753,0.08424508571624756,0.004258370958268642,0.7014519572257996,0.01968303695321083,94.12771493569016,0.0,1071.82958984375,1538.0,18.076818111992907
754,0.08480856567621231,0.0045982166193425655,0.7042979001998901,0.01956111565232277,97.4503934495151,0.0,1071.82958984375,1538.0,18.100489053991623
755,0.08427964150905609,0.004577339626848698,0.7167006731033325,0.016064472496509552,82.42846448812634,0.0,1071.82958984375,1538.0,18.123784700001124
756,0.08507798612117767,0.004675776232033968,0.7129144072532654,0.018221544101834297,94.11833475437015,0.0,1071.82958984375,1538.0,18.147396139000193
757,0.083003930747509,0.004396489821374416,0.6880362629890442,0.01960761845111847,98.68695108778775,0.0,1071.82958984375,1538.0,18.17097398400074
758,0.08641892671585083,0.004364314954727888,0.7137011885643005,0.021369002759456635,107.92991597764194,0.0,1071.82958984375,1538.0,18.1948032759974
759,0.08261971175670624,0.004390488378703594,0.6892523765563965,0.0186079740524292,85.25972499512136,0.0,1071.82958984375,1538.0,18.2184952969983
760,0.08775093406438828,0.004395607393234968,0.7190055251121521,0.02290954999625683,126.80147270672023,0.0,1071.82958984375,1538.0,18.241526245998102
761,0.08266320824623108,0.0048858714289963245,0.6930519938468933,0.016944264993071556,92.12717970181257,0.0,1071.82958984375,1538.0,18.26527783399797
762,0.08537890762090683,0.0042127869091928005,0.699434757232666,0.02244527079164982,108.65869134105742,0.0,1071.82958984375,1538.0,18.288974825991318
763,0.08500107377767563,0.004060724284499884,0.7002115249633789,0.021838396787643433,100.41388681530952,0.0,1071.82958984375,1538.0,18.312505284993676
764,0.0813882052898407,0.004135060589760542,0.6846234798431396,0.01758159138262272,76.20829573087394,0.0,1071.82958984375,1538.0,18.335944432998076
765,0.08594062924385071,0.004661356098949909,0.7105196118354797,0.02045462094247341,114.19941376708448,0.0,1071.82958984375,1538.0,18.359484481989057
766,0.08268788456916809,0.004259210545569658,0.6911324858665466,0.018630845472216606,84.81230227649212,0.0,1071.82958984375,1538.0,18.383044930000324
767,0.08153662830591202,0.004903645720332861,0.6890701055526733,0.015451938845217228,78.12985485233366,0.0,1071.82958984375,1538.0,18.406741386992508
768,0.08339523524045944,0.004434115719050169,0.7039732933044434,0.017127573490142822,84.07402296364307,0.0,1071.82958984375,1538.0,18.43048102299508
769,0.08243754506111145,0.004213393200188875,0.6869953870773315,0.01904921978712082,80.38808493688703,0.0,1071.82958984375,1538.0,18.453991272996063
770,0.08479369431734085,0.004213386680930853,0.7033944129943848,0.020481733605265617,91.2097238060087,0.0,1071.82958984375,1538.0,18.477692765998654
771,0.08355007320642471,0.004223114810883999,0.6987910866737366,0.018895698711276054,99.91118339635432,0.0,1071.82958984375,1538.0,18.50137595499109
772,0.08315035700798035,0.004151428118348122,0.6947229504585266,0.0190532598644495,94.0628836620599,0.0,1071.82958984375,1538.0,18.524882673998945
773,0.08408617228269577,0.004338860511779785,0.6909419894218445,0.02130621299147606,96.82081782259047,0.0,1071.82958984375,1538.0,18.54835593199823
774,0.08180515468120575,0.004275741055607796,0.69439297914505,0.016180239617824554,86.99834778532386,0.0,1071.82958984375,1538.0,18.57187922099547
775,0.08489599823951721,0.004200272727757692,0.7095922827720642,0.019472988322377205,95.63394054304808,0.0,1071.82958984375,1538.0,18.595351718002348
776,0.08175477385520935,0.004404236562550068,0.6912918090820312,0.016442693769931793,71.12438386399299,0.0,1071.82958984375,1538.0,18.61847301099624
777,0.08605091273784637,0.00432093208655715,0.7062575817108154,0.022208429872989655,101.32272125408053,0.0,1071.82958984375,1538.0,18.641939938999712
778,0.08228510618209839,0.004466482903808355,0.6994303464889526,0.015751179307699203,84.11440673284233,0.0,1071.82958984375,1538.0,18.665334553996217
779,0.08268819749355316,0.004598089959472418,0.6964343190193176,0.016893358901143074,76.79434266220778,0.0,1071.82958984375,1538.0,18.689251424992108
780,0.08344699442386627,0.00441863713786006,0.6957364082336426,0.01890944130718708,106.58198007754982,0.0,1071.82958984375,1538.0,18.712670866996632
781,0.08278769254684448,0.0043692984618246555,0.6967014074325562,0.017496518790721893,76.69326950237155,0.0,1071.82958984375,1538.0,18.736454846002744
782,0.08227819204330444,0.004326325375586748,0.6996187567710876,0.015979977324604988,91.22577108629048,0.0,1071.82958984375,1538.0,18.759973316002288
783,0.08161669224500656,0.004094702657312155,0.6910472512245178,0.016834530979394913,76.67028340976685,0.0,1071.82958984375,1538.0,18.783755440992536
784,0.08476787060499191,0.004205822013318539,0.7106416821479797,0.01899576187133789,103.3167217336595,0.0,1071.82958984375,1538.0,18.807256239000708
785,0.08399681001901627,0.004393294453620911,0.7127897143363953,0.01664907857775688,95.79306525923312,0.0,1071.82958984375,1538.0,18.830873318991507
786,0.08431906253099442,0.004140324890613556,0.713144838809967,0.01772850565612316,88.67693667300045,0.0,1071.82958984375,1538.0,18.854321564998827
787,0.08364497870206833,0.004315072670578957,0.6990140080451965,0.018857015296816826,81.10642707720399,0.0,1071.82958984375,1538.0,18.877991560992086
788,0.08327031135559082,0.004533717408776283,0.6960169076919556,0.01826980710029602,90.75744441524148,0.0,1071.82958984375,1538.0,18.901458779000677
789,0.08262468129396439,0.004103879909962416,0.6943255066871643,0.018176507204771042,77.43399754539132,0.0,1071.82958984375,1538.0,18.9252173309942
790,0.08215213567018509,0.004090698901563883,0.6918981671333313,0.017743242904543877,87.01299101486802,0.0,1071.82958984375,1538.0,18.94864744199731
791,0.08086977899074554,0.0038604980800300837,0.6872506737709045,0.01656842790544033,81.33305027522147,0.0,1071.82958984375,1538.0,18.97210739798902
792,0.08238974213600159,0.004248678218573332,0.6999325752258301,0.01629561558365822,80.62893734220415,0.0,1071.82958984375,1538.0,18.995650677999947
793,0.08120264112949371,0.0041132718324661255,0.6859100461006165,0.0169967208057642,88.38031056430191,0.0,1071.82958984375,1538.0,19.018822950994945
794,0.08131013810634613,0.003806433407589793,0.6853812336921692,0.01793115958571434,82.5727483984083,0.0,1071.82958984375,1538.0,19.0425595639972
795,0.08327619731426239,0.004102741368114948,0.6926801204681396,0.019810885190963745,99.25414668675512,0.0,1071.82958984375,1538.0,19.066003300991724
796,0.08454456180334091,0.003915405832231045,0.6998651623725891,0.021285280585289,84.98364742472768,0.0,1071.82958984375,1538.0,19.08955662699009
797,0.0805426836013794,0.004100885707885027,0.6822174191474915,0.01644011214375496,85.9302143715322,0.0,1071.82958984375,1538.0,19.113356767993537
798,0.07921120524406433,0.003667691955342889,0.6771549582481384,0.015656031668186188,76.33675926737487,0.0,1071.82958984375,1538.0,19.137055800994858
799,0.0814838707447052,0.003943121060729027,0.693567156791687,0.016368065029382706,79.6923511736095,0.0,1071.82958984375,1538.0,19.160808093991363
800,0.08250811696052551,0.003963623661547899,0.7034569978713989,0.01639758050441742,82.67140338383615,0.0,1071.82958984375,1538.0,19.184317374994862
801,0.08106083422899246,0.003859507152810693,0.6937513947486877,0.015652373433113098,75.81719367858022,0.0,1071.82958984375,1538.0,19.207974821998505
802,0.08384229242801666,0.004092033952474594,0.7029148936271667,0.018917536363005638,85.6623424962163,0.0,1071.82958984375,1538.0,19.231669715998578
803,0.07975960522890091,0.003868247615173459,0.6835053563117981,0.015081638470292091,80.59260331466794,0.0,1071.82958984375,1538.0,19.25507365599333
804,0.08232680708169937,0.003748218296095729,0.6955742239952087,0.018042342737317085,90.56355074606836,0.0,1071.82958984375,1538.0,19.278699080998194
805,0.0818018987774849,0.0038969966117292643,0.6981026530265808,0.01618928276002407,95.20718172937632,0.0,1071.82958984375,1538.0,19.302083397997194
806,0.08397356420755386,0.0038748302031308413,0.7088277339935303,0.01843191683292389,96.81534449011087,0.0,1071.82958984375,1538.0,19.32568155998888
807,0.0825006365776062,0.0037640626542270184,0.6992712020874023,0.01761891506612301,94.87681422196329,0.0,1071.82958984375,1538.0,19.349406741996063
808,0.08271521329879761,0.0035916788037866354,0.6973013281822205,0.018786797299981117,98.2111144606024,0.0,1071.82958984375,1538.0,19.37301192099403
809,0.08280967175960541,0.0038233911618590355,0.706382691860199,0.016696028411388397,87.93863750156015,0.0,1071.82958984375,1538.0,19.39679267098836
810,0.08380486816167831,0.00402618246152997,0.6997334957122803,0.01961067132651806,104.8402670007199,0.0,1071.82958984375,1538.0,19.42063355499704
811,0.08140496909618378,0.004358314443379641,0.6927402019500732,0.015545263886451721,82.28323005512357,0.0,1071.82958984375,1538.0,19.44431688399345
812,0.08494924753904343,0.004326432477682829,0.7141890525817871,0.018407821655273438,102.16953485645354,0.0,1071.82958984375,1538.0,19.467888995000976
813,0.08258117735385895,0.004058296792209148,0.6921486258506775,0.018616028130054474,95.29147195070982,0.0,1071.82958984375,1538.0,19.4915654649958
814,0.08183252811431885,0.0040942770428955555,0.7031651139259338,0.01484346017241478,72.97228736616671,0.0,1071.82958984375,1538.0,19.51493473399023
815,0.08262107521295547,0.004271421115845442,0.7054142951965332,0.015616442076861858,80.2053741030395,0.0,1071.82958984375,1538.0,19.538521265989402
816,0.0848965123295784,0.004092204850167036,0.7056378722190857,0.020481053739786148,105.28106942679733,0.0,1071.82958984375,1538.0,19.562049918997218
817,0.08144231885671616,0.004200160503387451,0.6916064620018005,0.016163017600774765,85.665048411116,0.0,1071.82958984375,1538.0,19.585420190996956
818,0.08498292416334152,0.004415611270815134,0.7146604061126709,0.018202543258666992,98.45472814887762,0.0,1071.82958984375,1538.0,19.608947185988654
819,0.08194124698638916,0.004405121318995953,0.6857939958572388,0.017913464456796646,91.14284941088408,0.0,1071.82958984375,1538.0,19.63265654099814
820,0.08229881525039673,0.003951444290578365,0.6871036291122437,0.01927400566637516,89.33120888657868,0.0,1071.82958984375,1538.0,19.65634985799261
821,0.08346643298864365,0.004046442452818155,0.6943916082382202,0.019961660727858543,102.84283578954637,0.0,1071.82958984375,1538.0,19.680073641997296
822,0.08512356132268906,0.0044541205279529095,0.7010364532470703,0.021131590008735657,121.78306470718235,0.0,1071.82958984375,1538.0,19.70377537800232
823,0.08462697267532349,0.004166369792073965,0.6998791098594666,0.020945368334650993,102.3890279494226,0.0,1071.82958984375,1538.0,19.72744858400256
824,0.08535020053386688,0.004448351915925741,0.7020552158355713,0.021392645314335823,101.53519694320858,0.0,1071.82958984375,1538.0,19.750813046994153
825,0.08424010872840881,0.004436006303876638,0.7041431665420532,0.018779560923576355,99.68487329408526,0.0,1071.82958984375,1538.0,19.774408073993982
826,0.08367981016635895,0.004524245858192444,0.7102813720703125,0.01625484973192215,96.75451938807964,0.0,1071.82958984375,1538.0,19.79817330899823
827,0.08728273212909698,0.004619535990059376,0.7285566329956055,0.01961505599319935,95.18619775306433,0.0,1071.82958984375,1538.0,19.821642214999883
828,0.08195337653160095,0.004469210747629404,0.6930604577064514,0.016356242820620537,87.03237053286284,0.0,1071.82958984375,1538.0,19.84526400899631
829,0.08275575190782547,0.004697863478213549,0.6938782930374146,0.017340106889605522,89.25597880594432,0.0,1071.82958984375,1538.0,19.868868790988927
830,0.08365427702665329,0.004620401654392481,0.7063665390014648,0.016794444993138313,93.7881006328389,0.0,1071.82958984375,1538.0,19.892224427996553
831,0.0839606523513794,0.004637523554265499,0.7046838402748108,0.01770947128534317,100.36574792675674,0.0,1071.82958984375,1538.0,19.915500057002646
832,0.08286780118942261,0.004760370124131441,0.6954993009567261,0.017115000635385513,79.23480590619147,0.0,1071.82958984375,1538.0,19.93912590999389
833,0.08320116996765137,0.004855799023061991,0.7022457122802734,0.01624159701168537,78.9296709606424,0.0,1071.82958984375,1538.0,19.962549460993614
834,0.08444210141897202,0.004744892008602619,0.7016048431396484,0.019073445349931717,92.67833590507507,0.0,1071.82958984375,1538.0,19.985688875996857
835,0.08397911489009857,0.0043659508228302,0.6951205134391785,0.020202213898301125,92.1294552180916,0.0,1071.82958984375,1538.0,20.009352560999105
836,0.08485882729291916,0.004625758621841669,0.7121643424034119,0.01803327165544033,109.96575364470482,0.0,1071.82958984375,1538.0,20.03290441799618
837,0.08458754420280457,0.004596808459609747,0.7033389806747437,0.019313674420118332,95.01701678615063,0.0,1071.82958984375,1538.0,20.05657284198969
838,0.08212578296661377,0.004470036830753088,0.695367157459259,0.01623806543648243,74.95956627745181,0.0,1071.82958984375,1538.0,20.080161407997366
839,0.08522643893957138,0.0041946531273424625,0.6981039047241211,0.022442782297730446,122.03036547079682,0.0,1071.82958984375,1538.0,20.103411145988503
840,0.08313961327075958,0.0045081852003932,0.6994075179100037,0.01738135889172554,92.68487040325999,0.0,1071.82958984375,1538.0,20.126883323988295
841,0.08165665715932846,0.004363780375570059,0.7007957100868225,0.014426606707274914,72.9771666135639,0.0,1071.82958984375,1538.0,20.15080217499053
842,0.08627886325120926,0.004507649224251509,0.713701069355011,0.020802216604351997,106.45403576642275,0.0,1071.82958984375,1538.0,20.174482390997582
843,0.08349071443080902,0.0044142259284853935,0.6994373202323914,0.018265515565872192,70.10220761690289,0.0,1071.82958984375,1538.0,20.198158202998457
844,0.08449870347976685,0.00454739248380065,0.706818699836731,0.018538881093263626,88.45762648433447,0.0,1071.82958984375,1538.0,20.221631740001612
845,0.08320878446102142,0.0042835115455091,0.6897615194320679,0.01989823207259178,105.6918937265873,0.0,1071.82958984375,1538.0,20.245080681997933
846,0.083055779337883,0.004429840948432684,0.7011407017707825,0.017023736611008644,84.62628094293177,0.0,1071.82958984375,1538.0,20.26871762800147
847,0.08036880940198898,0.00440135458484292,0.682517945766449,0.01543131098151207,75.25155265722424,0.0,1071.82958984375,1538.0,20.292046467002365
848,0.08307945728302002,0.004700581077486277,0.6900522708892822,0.018747299909591675,82.88768376410007,0.0,1071.82958984375,1538.0,20.315706962996046
849,0.0836317390203476,0.004047253634780645,0.6927570104598999,0.020617568865418434,86.30818303115666,0.0,1071.82958984375,1538.0,20.339183717995184
850,0.08286218345165253,0.004160693380981684,0.7078717350959778,0.015828631818294525,73.74884685315192,0.0,1071.82958984375,1538.0,20.36296171299182
851,0.08456390351057053,0.004208217840641737,0.7111701965332031,0.01847732998430729,107.78108825720847,0.0,1071.82958984375,1538.0,20.38673609799298
852,0.0826968252658844,0.00408255634829402,0.6864274740219116,0.01994303986430168,102.40654141455889,0.0,1071.82958984375,1538.0,20.410303388998727
853,0.08177021890878677,0.004096637479960918,0.6917052865028381,0.01700611226260662,88.9271810669452,0.0,1071.82958984375,1538.0,20.434019170992542
854,0.08375907689332962,0.003962158691138029,0.7067779302597046,0.01823824644088745,98.61409537494183,0.0,1071.82958984375,1538.0,20.457453039998654
855,0.08043195307254791,0.0042570652440190315,0.6785797476768494,0.01663382723927498,64.30262877419591,0.0,1071.82958984375,1538.0,20.480862538999645
856,0.08212527632713318,0.003908928018063307,0.6965674757957458,0.017119204625487328,90.4095198083669,0.0,1071.82958984375,1538.0,20.50444428899209
857,0.08272919058799744,0.004076529759913683,0.7030227184295654,0.016700780019164085,84.5657582776621,0.0,1071.82958984375,1538.0,20.527965843997663
858,0.08388938754796982,0.004320461302995682,0.7043157815933228,0.018274683505296707,84.23171683959663,0.0,1071.82958984375,1538.0,20.551378374992055
859,0.08389633893966675,0.004377756733447313,0.7007362246513367,0.018889907747507095,83.89701535739005,0.0,1071.82958984375,1538.0,20.57503514799464
860,0.08120691776275635,0.004086556378751993,0.6844187378883362,0.017356975004076958,95.75655818544328,0.0,1071.82958984375,1538.0,20.598629845000687
861,0.08169321715831757,0.004097640980035067,0.6894486546516418,0.017301417887210846,84.75251064263284,0.0,1071.82958984375,1538.0,20.622214310002164
862,0.0818147286772728,0.004179116804152727,0.6885039806365967,0.01757042668759823,86.83958852849901,0.0,1071.82958984375,1538.0,20.645724342000904
863,0.08175303041934967,0.003990575205534697,0.6949549913406372,0.016533903777599335,83.21013323124498,0.0,1071.82958984375,1538.0,20.669336687002215
864,0.08256253600120544,0.004204072058200836,0.7045371532440186,0.015809491276741028,72.12950883805752,0.0,1071.82958984375,1538.0,20.692742013998213
865,0.08527164161205292,0.004273699596524239,0.7090333700180054,0.020189210772514343,97.3451167754829,0.0,1071.82958984375,1538.0,20.716305551002733
866,0.0858321562409401,0.004162178840488195,0.7147756218910217,0.020384827628731728,119.69926872570068,0.0,1071.82958984375,1538.0,20.739812913991045
867,0.08451984077692032,0.004204288125038147,0.712109386920929,0.018209217116236687,89.60202751867473,0.0,1071.82958984375,1538.0,20.763502228990546
868,0.08760694414377213,0.004503204021602869,0.7228851914405823,0.021630434319376945,106.16385016962886,0.0,1071.82958984375,1538.0,20.7868975429883
869,0.08645045012235641,0.004207312129437923,0.7140681743621826,0.021672634407877922,104.05171938985586,0.0,1071.82958984375,1538.0,20.810445972994785
870,0.08320839703083038,0.004145294427871704,0.6896559596061707,0.0201950054615736,92.60716063342988,0.0,1071.82958984375,1538.0,20.83411295399128
871,0.08444079756736755,0.0045072841458022594,0.7034863233566284,0.019169766455888748,95.87159220222384,0.0,1071.82958984375,1538.0,20.85766887299542
872,0.08374453336000443,0.004630513023585081,0.7013528347015381,0.01795746199786663,95.98603478726,0.0,1071.82958984375,1538.0,20.88169944800029
873,0.08266134560108185,0.004536652937531471,0.7019416093826294,0.015861064195632935,80.64294504374266,0.0,1071.82958984375,1538.0,20.905378904993995
874,0.08360778540372849,0.0049235462211072445,0.7008616328239441,0.01719614490866661,84.16247157938778,0.0,1071.82958984375,1538.0,20.92904036999971
875,0.08335232734680176,0.004771196749061346,0.6903061866760254,0.01910102367401123,95.7406489290297,0.0,1071.82958984375,1538.0,20.95263945199258
876,0.08477535098791122,0.0043819560669362545,0.6952325105667114,0.02174028381705284,91.88680879026651,0.0,1071.82958984375,1538.0,20.976169547997415
877,0.08216243982315063,0.004409255459904671,0.6954366564750671,0.01641904003918171,81.59547855146229,0.0,1071.82958984375,1538.0,20.99980263299949
878,0.08426345884799957,0.004555709194391966,0.7049443125724792,0.01842663064599037,84.39704610966146,0.0,1071.82958984375,1538.0,21.022899953997694
879,0.08083131909370422,0.004687673412263393,0.6813927292823792,0.016008742153644562,75.59583933465183,0.0,1071.82958984375,1538.0,21.04668409799342
880,0.08242589235305786,0.004554654937237501,0.7004772424697876,0.01564701832830906,74.2573896786198,0.0,1071.82958984375,1538.0,21.070358168988605
881,0.08430641889572144,0.0048127989284694195,0.7156911492347717,0.015849005430936813,98.03182894084603,0.0,1071.82958984375,1538.0,21.09408009299659
882,0.08045122027397156,0.004630591720342636,0.6801959276199341,0.015602076426148415,59.45988113153726,0.0,1071.82958984375,1538.0,21.14365627799998
883,0.08141418546438217,0.004454764071851969,0.6766959428787231,0.01857966184616089,88.22581464704126,0.0,1071.82958984375,1538.0,21.16773264799849
884,0.08501638472080231,0.004260420799255371,0.7038457989692688,0.020742755383253098,92.23122717626393,0.0,1071.82958984375,1538.0,21.19084853399545
885,0.07945218682289124,0.003986472729593515,0.6760678887367249,0.015717849135398865,65.69283882249147,0.0,1071.82958984375,1538.0,21.214542147994507
886,0.08549372851848602,0.0042084273882210255,0.707734227180481,0.02102375216782093,106.99410850554705,0.0,1071.82958984375,1538.0,21.238241945000482
887,0.0806804746389389,0.004267488140612841,0.6830816864967346,0.016209634020924568,70.72978162020445,0.0,1071.82958984375,1538.0,21.261576935998164
888,0.08323099464178085,0.004324649460613728,0.7023134231567383,0.01734999753534794,77.39469136949629,0.0,1071.82958984375,1538.0,21.28525000299851
889,0.08171366900205612,0.004516908898949623,0.6850563287734985,0.017382247373461723,84.04157310258597,0.0,1071.82958984375,1538.0,21.30904322299466
890,0.08688859641551971,0.004150941967964172,0.7053815126419067,0.024399004876613617,106.6743554212153,0.0,1071.82958984375,1538.0,21.33256924599118
891,0.0834713727235794,0.004267328884452581,0.6902704834938049,0.020353995263576508,122.0216816123575,0.0,1071.82958984375,1538.0,21.35608885299007
892,0.08308421075344086,0.004371284041553736,0.7010418772697449,0.017217470332980156,89.85451000835747,0.0,1071.82958984375,1538.0,21.379843369999435
893,0.08397869765758514,0.004173983354121447,0.7041915655136108,0.018771113827824593,97.43150178529322,0.0,1071.82958984375,1538.0,21.403846823988715
894,0.0817197784781456,0.004318710416555405,0.6884137988090515,0.01711936853826046,81.876753074117,0.0,1071.82958984375,1538.0,21.427478069992503
895,0.08063215017318726,0.004236091393977404,0.6800145506858826,0.01678919978439808,78.18928440101445,0.0,1071.82958984375,1538.0,21.451030787997297
896,0.07995055615901947,0.004224827513098717,0.6785771250724792,0.01573602855205536,73.04320800863206,0.0,1071.82958984375,1538.0,21.474662398002692
897,0.08450154215097427,0.004219087306410074,0.6835353374481201,0.023857852444052696,100.60835395008326,0.0,1071.82958984375,1538.0,21.49830870400183
898,0.0822371318936348,0.004364511929452419,0.6880980730056763,0.0181256216019392,81.45681093260646,0.0,1071.82958984375,1538.0,21.521686473992304
899,0.08401741087436676,0.004416085779666901,0.7006626725196838,0.01907012239098549,102.73151220753789,0.0,1071.82958984375,1538.0,21.545599334989674
900,0.08030151575803757,0.004267077427357435,0.6864877939224243,0.014771323651075363,80.5994086228311,0.0,1071.82958984375,1538.0,21.568985145990155
901,0.0816686674952507,0.00459557119756937,0.6930671334266663,0.015532762743532658,86.81807763315737,0.0,1071.82958984375,1538.0,21.5925722749962
902,0.08254224807024002,0.0039925784803926945,0.6827043890953064,0.02055845595896244,106.98721031844616,0.0,1071.82958984375,1538.0,21.616025273993728
903,0.07909735292196274,0.004070645198225975,0.6760846376419067,0.014836478978395462,64.10672242380679,0.0,1071.82958984375,1538.0,21.639570722996723
904,0.08606471121311188,0.0042924121953547,0.7089652419090271,0.021751539781689644,129.23838583752513,0.0,1071.82958984375,1538.0,21.66320514200197
905,0.08004479855298996,0.003978736698627472,0.6827486753463745,0.015582378953695297,68.31597049720585,0.0,1071.82958984375,1538.0,21.686722683996777
906,0.0822615996003151,0.004277095664292574,0.6944563984870911,0.017077729105949402,81.54127582814544,0.0,1071.82958984375,1538.0,21.710152449988527
907,0.08365374803543091,0.004103211220353842,0.6990475654602051,0.01929154433310032,94.69530329480767,0.0,1071.82958984375,1538.0,21.73377805299242
908,0.08046890795230865,0.0037071234546601772,0.6693547964096069,0.019652606919407845,100.04019725415856,0.0,1071.82958984375,1538.0,21.757130496989703
909,0.08272574096918106,0.004135394934564829,0.6901467442512512,0.019151344895362854,100.10903374105692,0.0,1071.82958984375,1538.0,21.78062040900113
910,0.08371471613645554,0.004045338835567236,0.6976537108421326,0.01980801299214363,112.70200119167566,0.0,1071.82958984375,1538.0,21.80405591899762
911,0.08262129873037338,0.004227838478982449,0.6938024759292603,0.018026426434516907,77.84812745451927,0.0,1071.82958984375,1538.0,21.827713373000734
912,0.08330034464597702,0.004432091489434242,0.7002979516983032,0.01767691783607006,82.2827391140163,0.0,1071.82958984375,1538.0,21.85111598999356
913,0.084624744951725,0.004125108476728201,0.7086307406425476,0.019273117184638977,101.79465707950294,0.0,1071.82958984375,1538.0,21.874704748988734
914,0.08194687962532043,0.004220412112772465,0.7009129524230957,0.015270330011844635,73.30304480623454,0.0,1071.82958984375,1538.0,21.898350004994427
915,0.08528852462768555,0.004159227013587952,0.71352219581604,0.019554149359464645,102.21254473365843,0.0,1071.82958984375,1538.0,21.92186574799416
916,0.0826839804649353,0.004231858532875776,0.7090986371040344,0.015084520913660526,73.56211097817868,0.0,1071.82958984375,1538.0,21.945195726002567
917,0.08135583996772766,0.003973113838583231,0.6930170655250549,0.016162045300006866,81.11417184025049,0.0,1071.82958984375,1538.0,21.968776579000405
918,0.08475963771343231,0.004001709632575512,0.7084553837776184,0.019824793562293053,89.84527117479593,0.0,1071.82958984375,1538.0,21.99220803999924
919,0.08078296482563019,0.00388403981924057,0.6909302473068237,0.015611798502504826,80.13712742459029,0.0,1071.82958984375,1538.0,22.015549602991086
920,0.08094165474176407,0.004163125064224005,0.6957288384437561,0.014411281794309616,72.14095653686672,0.0,1071.82958984375,1538.0,22.03925420399173
921,0.08104926347732544,0.004299608524888754,0.6893367171287537,0.015631962567567825,77.80193889327347,0.0,1071.82958984375,1538.0,22.06256787899474
922,0.08024519681930542,0.004457063041627407,0.6832946538925171,0.014917328022420406,74.97660272102803,0.0,1071.82958984375,1538.0,22.086059351990116
923,0.08056465536355972,0.004164682701230049,0.6877390146255493,0.015252138487994671,71.42026901245117,0.0,1071.82958984375,1538.0,22.109751707001124
924,0.0785483866930008,0.003999385517090559,0.6672910451889038,0.01563979685306549,83.3525672359392,0.0,1071.82958984375,1538.0,22.133362490989384
925,0.08069944381713867,0.004143729340285063,0.6840113401412964,0.016309158876538277,79.4368320517242,0.0,1071.82958984375,1538.0,22.156692894001026
926,0.08182451128959656,0.0038337570149451494,0.6869100332260132,0.018599500879645348,81.18145102635026,0.0,1071.82958984375,1538.0,22.180180229988764
927,0.08086088299751282,0.003958340268582106,0.6907881498336792,0.01564745604991913,70.56227463390678,0.0,1071.82958984375,1538.0,22.203736337993178
928,0.08313247561454773,0.003962400369346142,0.7122849225997925,0.01588316448032856,78.24567050114274,0.0,1071.82958984375,1538.0,22.227285471992218
929,0.08087518066167831,0.00373259955085814,0.6902797222137451,0.016229214146733284,82.10702317673713,0.0,1071.82958984375,1538.0,22.250714337002137
930,0.08069687336683273,0.003797834040597081,0.6862286329269409,0.01655234955251217,80.2129992581904,0.0,1071.82958984375,1538.0,22.27409397700103
931,0.08243515342473984,0.003918981645256281,0.6981312036514282,0.017406092956662178,107.06458320841193,0.0,1071.82958984375,1538.0,22.297687119993498
932,0.0791713148355484,0.003939006477594376,0.6739046573638916,0.01568368822336197,70.51901161111891,0.0,1071.82958984375,1538.0,22.32117659698997
933,0.08635591715574265,0.0037515584845095873,0.7148874998092651,0.0222312044352293,107.5790244564414,0.0,1071.82958984375,1538.0,22.34461757200188
934,0.08245674520730972,0.0036671652924269438,0.694175124168396,0.018744131550192833,98.331154149957,0.0,1071.82958984375,1538.0,22.36813194298884
935,0.08057351410388947,0.003728656331077218,0.6926911473274231,0.015151490457355976,83.57347217388451,0.0,1071.82958984375,1538.0,22.391846731989062
936,0.08417104929685593,0.0041897050105035305,0.7021070122718811,0.019541272893548012,109.73279046267271,0.0,1071.82958984375,1538.0,22.415316610000446
937,0.08401710540056229,0.003576292423531413,0.7068694829940796,0.019507724791765213,96.18659623339772,0.0,1071.82958984375,1538.0,22.43894052799442
938,0.08260322362184525,0.004074582830071449,0.6930555701255798,0.018446162343025208,92.70912902057171,0.0,1071.82958984375,1538.0,22.46233010799915
939,0.08025836944580078,0.0038586403243243694,0.6782949566841125,0.017140468582510948,83.293387982063,0.0,1071.82958984375,1538.0,22.485863916997914
940,0.08272980898618698,0.004235322121530771,0.6958000659942627,0.017828958109021187,108.18376445770264,0.0,1071.82958984375,1538.0,22.50927218599827
941,0.08385804295539856,0.0037314307410269976,0.6955016255378723,0.02115289494395256,102.83273030817509,0.0,1071.82958984375,1538.0,22.532841216001543
942,0.08592765033245087,0.003964678384363651,0.6997399926185608,0.02397795021533966,109.92409730702639,0.0,1071.82958984375,1538.0,22.556416578998324
943,0.08209952712059021,0.003928407561033964,0.6963774561882019,0.01706673949956894,76.60152340028435,0.0,1071.82958984375,1538.0,22.57998636898992
944,0.08121006190776825,0.003982338588684797,0.6868577599525452,0.017083900049328804,88.01702980604023,0.0,1071.82958984375,1538.0,22.60344546000124
945,0.08162984251976013,0.0038826842792332172,0.6864736080169678,0.018199600279331207,92.88721219729632,0.0,1071.82958984375,1538.0,22.627162196993595
946,0.08141451328992844,0.0037467340007424355,0.6842975616455078,0.01847604475915432,85.15161070413888,0.0,1071.82958984375,1538.0,22.65064120599709
947,0.07964381575584412,0.003939228598028421,0.6783583760261536,0.01573750749230385,75.19212920032442,0.0,1071.82958984375,1538.0,22.67402742699778
948,0.08299566805362701,0.004334194120019674,0.6897937059402466,0.01936419866979122,98.40180321782827,0.0,1071.82958984375,1538.0,22.69757791700249
949,0.08152871578931808,0.0037806471809744835,0.6897221207618713,0.01755170337855816,91.59153514914215,0.0,1071.82958984375,1538.0,22.72125598099956
950,0.08347272872924805,0.0042456574738025665,0.7041714787483215,0.017619848251342773,90.79889373388141,0.0,1071.82958984375,1538.0,22.744801950000692
951,0.08287308365106583,0.004113432951271534,0.6968252658843994,0.01815422996878624,103.32842364162207,0.0,1071.82958984375,1538.0,22.76851177799108
952,0.08124464750289917,0.00433596083894372,0.6915099024772644,0.015515384264290333,77.39330652821809,0.0,1071.82958984375,1538.0,22.791898600000422
953,0.0809047520160675,0.003912648651748896,0.6803092360496521,0.017922351136803627,76.62646471895278,0.0,1071.82958984375,1538.0,22.815450141002657
954,0.08022782951593399,0.003911880310624838,0.6738429069519043,0.017863301560282707,77.12549355626106,0.0,1071.82958984375,1538.0,22.838859885989223
955,0.07993096113204956,0.004132953472435474,0.6803092956542969,0.015534150414168835,75.55774693284184,0.0,1071.82958984375,1538.0,22.862179481991916
956,0.08109022676944733,0.004057209473103285,0.6925813555717468,0.015549762174487114,67.76839639153332,0.0,1071.82958984375,1538.0,22.88592570000037
957,0.08058434724807739,0.00397706450894475,0.6861167550086975,0.015991205349564552,70.70169137977064,0.0,1071.82958984375,1538.0,22.90931875599199
958,0.08038345724344254,0.004150425549596548,0.6824156045913696,0.015982940793037415,70.38037472777069,0.0,1071.82958984375,1538.0,22.932875465994584
959,0.08009927719831467,0.004102895502001047,0.6834603548049927,0.015300685539841652,74.43452652543783,0.0,1071.82958984375,1538.0,22.956626380997477
960,0.0810333788394928,0.00441504642367363,0.691864013671875,0.014863845892250538,78.60536627843976,0.0,1071.82958984375,1538.0,22.980033027997706
961,0.08122671395540237,0.004165590275079012,0.6849945783615112,0.017123324796557426,78.41291998699307,0.0,1071.82958984375,1538.0,23.003748909002752
962,0.0796547532081604,0.004002114292234182,0.683090090751648,0.014687251299619675,70.34273695666343,0.0,1071.82958984375,1538.0,23.027090346993646
963,0.08063962310552597,0.0041786362417042255,0.6808664798736572,0.016748685389757156,86.52547184098512,0.0,1071.82958984375,1538.0,23.050555294990772
964,0.07965874671936035,0.004136488772928715,0.6690288782119751,0.017238732427358627,78.80498894117773,0.0,1071.82958984375,1538.0,23.073893246997613
965,0.08089832961559296,0.004024851135909557,0.6830101013183594,0.017144929617643356,82.03504351060838,0.0,1071.82958984375,1538.0,23.0971908979991
966,0.07918790727853775,0.0037984203081578016,0.6794591546058655,0.014887144789099693,66.74047351349145,0.0,1071.82958984375,1538.0,23.120678654988296
967,0.08239492028951645,0.004022353794425726,0.6929884552955627,0.018147440627217293,102.26602337695658,0.0,1071.82958984375,1538.0,23.144186353994883
968,0.08097594976425171,0.0038930054288357496,0.687299907207489,0.016705909743905067,82.72700437158346,0.0,1071.82958984375,1538.0,23.167508885002462
969,0.0810525044798851,0.004047357942909002,0.6799240708351135,0.01802547462284565,101.29426811262965,0.0,1071.82958984375,1538.0,23.191098801995395
970,0.08217444270849228,0.0039217607118189335,0.6940715312957764,0.017691047862172127,86.46359189413488,0.0,1071.82958984375,1538.0,23.21480646399141
971,0.07850196957588196,0.003647141857072711,0.6735049486160278,0.015008659102022648,75.98588513024151,0.0,1071.82958984375,1538.0,23.237898933992255
972,0.08090784400701523,0.0038286505732685328,0.6883315443992615,0.016492074355483055,86.51595863699913,0.0,1071.82958984375,1538.0,23.261218738000025
973,0.08108043670654297,0.003907840233296156,0.6904426217079163,0.016256676986813545,81.71820859238505,0.0,1071.82958984375,1538.0,23.284638703000383
974,0.08053839206695557,0.004002239089459181,0.6930735111236572,0.014457611367106438,70.76069899927825,0.0,1071.82958984375,1538.0,23.30822905700188
975,0.08136554062366486,0.0036714361049234867,0.6836748123168945,0.018653251230716705,85.36786941997707,0.0,1071.82958984375,1538.0,23.332134735988802
976,0.08053337782621384,0.0036944125313311815,0.683096170425415,0.017058687284588814,77.02927547134459,0.0,1071.82958984375,1538.0,23.35567315199296
977,0.08451467752456665,0.003759237704798579,0.7049974799156189,0.020511381328105927,91.76971543207765,0.0,1071.82958984375,1538.0,23.379060531995492
978,0.08223910629749298,0.0034740299452096224,0.6892145276069641,0.01968725211918354,104.09647601656616,0.0,1071.82958984375,1538.0,23.402511111999047
979,0.08104805648326874,0.003656345885246992,0.6819837093353271,0.01838667318224907,96.58933260012418,0.0,1071.82958984375,1538.0,23.426007424001
980,0.0830298513174057,0.003817325457930565,0.7080318927764893,0.016818664968013763,92.41236489638686,0.0,1071.82958984375,1538.0,23.44951427099295
981,0.08174274116754532,0.003765809116885066,0.6942115426063538,0.017111560329794884,94.60556224919856,0.0,1071.82958984375,1538.0,23.473200441992958
982,0.07968269288539886,0.003526252694427967,0.6766749024391174,0.01697789691388607,89.54779774323106,0.0,1071.82958984375,1538.0,23.496660791992326
983,0.08032304048538208,0.003968360368162394,0.682787299156189,0.01615191251039505,80.39490459673107,0.0,1071.82958984375,1538.0,23.52018303600198
984,0.0799296647310257,0.0038801326882094145,0.6839447021484375,0.015310115180909634,86.03175672516227,0.0,1071.82958984375,1538.0,23.54390603999491
985,0.07974142581224442,0.003719394328072667,0.6782253980636597,0.01639898680150509,81.59567947033793,0.0,1071.82958984375,1538.0,23.567598693989567
986,0.07850299775600433,0.0039058164693415165,0.6769711375236511,0.013800122775137424,64.88026748411357,0.0,1071.82958984375,1538.0,23.590935938991606
987,0.08097345381975174,0.004073076881468296,0.6856937408447266,0.0166619960218668,81.9422981403768,0.0,1071.82958984375,1538.0,23.614519957001903
988,0.08123954385519028,0.003944722935557365,0.6790094971656799,0.01878773607313633,95.34812748245895,0.0,1071.82958984375,1538.0,23.637902243994176
989,0.08309939503669739,0.003991378005594015,0.7016839385032654,0.017879225313663483,89.09283404797316,0.0,1071.82958984375,1538.0,23.66124625199882
990,0.08133033663034439,0.00408937456086278,0.6872107982635498,0.017039760947227478,94.16410106886178,0.0,1071.82958984375,1538.0,23.684923886001343
991,0.08104494214057922,0.003828157437965274,0.6902981996536255,0.01637391746044159,82.35238234139979,0.0,1071.82958984375,1538.0,23.708379682997474
992,0.08006066083908081,0.0037383046001195908,0.6842841506004333,0.015787862241268158,83.57933433167636,0.0,1071.82958984375,1538.0,23.731788359989878
993,0.0837859958410263,0.004058747086673975,0.7078686952590942,0.017880754545331,85.5024425201118,0.0,1071.82958984375,1538.0,23.75506158999633
994,0.08066197484731674,0.0037322617135941982,0.6810048222541809,0.01765846088528633,93.38982372544706,0.0,1071.82958984375,1538.0,23.778640935997828
995,0.08025334775447845,0.003685575444251299,0.6949551105499268,0.014144512824714184,74.97995272278786,0.0,1071.82958984375,1538.0,23.802196142001776
996,0.08215466886758804,0.0035853583831340075,0.686185359954834,0.019901545718312263,98.90896121785045,0.0,1071.82958984375,1538.0,23.82564325298881
997,0.08153469115495682,0.003961898852139711,0.6969974637031555,0.015746092423796654,79.4375717304647,0.0,1071.82958984375,1538.0,23.849453578994144
998,0.08260980993509293,0.003847705200314522,0.6959382891654968,0.018336554989218712,100.11356569454074,0.0,1071.82958984375,1538.0,23.87279701299849
999,0.08116230368614197,0.0037289534229785204,0.6860165596008301,0.0176633782684803,100.07952621020377,0.0,1071.82958984375,1538.0,23.896504310992896
1000,0.08058208972215652,0.00386546878144145,0.6805359125137329,0.017326056957244873,89.57690784242004,0.0,1071.82958984375,1538.0,23.919972860996495
1001,0.08335381001234055,0.0036765546537935734,0.7026569247245789,0.018823111429810524,109.6145156044513,0.0,1071.82958984375,1538.0,23.94368034499348
1002,0.07833942025899887,0.003727379022166133,0.6730617880821228,0.014611727558076382,81.15616804175079,0.0,1071.82958984375,1538.0,23.967189654998947
1003,0.07934942096471786,0.0037309611216187477,0.6773116588592529,0.015774589031934738,99.87328397855163,0.0,1071.82958984375,1538.0,23.99090157500177
1004,0.08147009462118149,0.0035671095829457045,0.6939039826393127,0.01702517829835415,83.37677659466863,0.0,1071.82958984375,1538.0,24.014381335000508
1005,0.08386187255382538,0.004037355538457632,0.7091127038002014,0.017826484516263008,104.19767882861197,0.0,1071.82958984375,1538.0,24.037537903990597
1006,0.08196315169334412,0.003792980220168829,0.7002121806144714,0.01629791222512722,76.88504866883159,0.0,1071.82958984375,1538.0,24.061389301001327
1007,0.08142824470996857,0.003989198245108128,0.6885507702827454,0.017167940735816956,80.11689967103302,0.0,1071.82958984375,1538.0,24.085035935990163
1008,0.08119186013936996,0.003808543086051941,0.6881861686706543,0.017129389569163322,89.80370278283954,0.0,1071.82958984375,1538.0,24.10889987400151
1009,0.07897445559501648,0.003891994943842292,0.679688572883606,0.014227200299501419,70.24324889667332,0.0,1071.82958984375,1538.0,24.132243307001772
1010,0.0828680694103241,0.004238458815962076,0.6956759095191956,0.018124040216207504,121.76529689598829,0.0,1071.82958984375,1538.0,24.155551630989066
1011,0.08078109472990036,0.003797865239903331,0.6870720386505127,0.016552049666643143,83.16714966669679,0.0,1071.82958984375,1538.0,24.17931197398866
1012,0.08092498034238815,0.004397636745125055,0.679145872592926,0.01722550578415394,83.96732461825013,0.0,1071.82958984375,1538.0,24.20278165799391
1013,0.08156181126832962,0.0037409523501992226,0.6872850656509399,0.018184710294008255,86.03212094400078,0.0,1071.82958984375,1538.0,24.226360499989823
1014,0.07954233884811401,0.003931025508791208,0.6793014407157898,0.015362344682216644,70.69430513121188,0.0,1071.82958984375,1538.0,24.249563391000265
1015,0.08231514692306519,0.0038897539488971233,0.6955106258392334,0.017748646438121796,93.63255829364061,0.0,1071.82958984375,1538.0,24.27317523000238
1016,0.07852566242218018,0.0036130985245108604,0.6741781234741211,0.014989492483437061,72.0824392400682,0.0,1071.82958984375,1538.0,24.296677302991156
1017,0.08021785318851471,0.0038903935346752405,0.6887690424919128,0.014901108108460903,80.96635328698903,0.0,1071.82958984375,1538.0,24.32012689000112
1018,0.08112553507089615,0.00408293679356575,0.6946197152137756,0.01516126561909914,76.80211423896253,0.0,1071.82958984375,1538.0,24.34405566100031
1019,0.08016117662191391,0.0039075445383787155,0.6761754155158997,0.01727217063307762,90.49178117047995,0.0,1071.82958984375,1538.0,24.3674086349929
1020,0.08173628151416779,0.003678760025650263,0.6910441517829895,0.017906205728650093,89.9402875751257,0.0,1071.82958984375,1538.0,24.391088477001176
1021,0.07874798774719238,0.003756776452064514,0.6807687878608704,0.013828672468662262,72.05903562810272,0.0,1071.82958984375,1538.0,24.414740013991832
1022,0.08216553926467896,0.0037733556237071753,0.6917646527290344,0.018431438133120537,105.83716663904488,0.0,1071.82958984375,1538.0,24.438103823995334
1023,0.0818164050579071,0.003923606127500534,0.6872735023498535,0.018330899998545647,91.80087049584836,0.0,1071.82958984375,1538.0,24.461681950997445
1024,0.08029358088970184,0.003930799197405577,0.6849421262741089,0.015737131237983704,90.65982402861118,0.0,1071.82958984375,1538.0,24.485268648000783
1025,0.07962548732757568,0.004112203139811754,0.6766207814216614,0.015702402219176292,86.65526151843369,0.0,1071.82958984375,1538.0,24.508581060988945
1026,0.08126961439847946,0.003706210758537054,0.6846203804016113,0.01820274069905281,90.03223054297268,0.0,1071.82958984375,1538.0,24.532081615994684
1027,0.080476775765419,0.0038657314144074917,0.6884042024612427,0.015541243366897106,86.56453576125205,0.0,1071.82958984375,1538.0,24.55563988799986
1028,0.081446573138237,0.0042839040979743,0.6935610771179199,0.015613126568496227,92.27495506126434,0.0,1071.82958984375,1538.0,24.579180831991835
1029,0.07976074516773224,0.0038216160610318184,0.6801325082778931,0.015851743519306183,84.57330950722098,0.0,1071.82958984375,1538.0,24.602819801992155
1030,0.08249081671237946,0.003833218477666378,0.7024717330932617,0.01682085357606411,83.5840531475842,0.0,1071.82958984375,1538.0,24.62614400399616
1031,0.08108026534318924,0.0038073163013905287,0.6853722333908081,0.017471449449658394,86.08300903066993,0.0,1071.82958984375,1538.0,24.649630852989503
1032,0.07917538285255432,0.003929507452994585,0.6855862736701965,0.01337449997663498,64.85749534610659,0.0,1071.82958984375,1538.0,24.673310550002498
1033,0.08225689083337784,0.0040184203535318375,0.6954305768013,0.01739083230495453,93.40179329179227,0.0,1071.82958984375,1538.0,24.696935751999263
1034,0.08005461096763611,0.0035980481188744307,0.6855460405349731,0.01580391265451908,84.90643974393606,0.0,1071.82958984375,1538.0,24.72053367299668
1035,0.08198623359203339,0.004085900261998177,0.6989457011222839,0.016011526808142662,101.83221914991736,0.0,1071.82958984375,1538.0,24.74417815299239
1036,0.07930180430412292,0.003760335501283407,0.6755281686782837,0.015977296978235245,87.31344467122108,0.0,1071.82958984375,1538.0,24.767542715999298
1037,0.07968584448099136,0.003572405083104968,0.6870912313461304,0.01480862870812416,76.05347406677902,0.0,1071.82958984375,1538.0,24.79087184299715
1038,0.07972390204668045,0.003927969839423895,0.6892099976539612,0.013749861158430576,77.49620690755546,0.0,1071.82958984375,1538.0,24.814404018994537
1039,0.07914125919342041,0.0035790696274489164,0.6820058226585388,0.014723209664225578,70.10954433958977,0.0,1071.82958984375,1538.0,24.838145671994425
1040,0.08167247474193573,0.0036829430609941483,0.7010616660118103,0.015766732394695282,75.83072107285261,0.0,1071.82958984375,1538.0,24.86153082799865
1041,0.07935435324907303,0.0037155570462346077,0.6775094866752625,0.01577567495405674,82.95242006517947,0.0,1071.82958984375,1538.0,24.885707195993746
1042,0.08080682158470154,0.0039041179697960615,0.6937370300292969,0.015058000572025776,77.90517851803452,0.0,1071.82958984375,1538.0,24.909231780999107
1043,0.08100594580173492,0.003802365157753229,0.7010188698768616,0.01420338824391365,80.93018589634448,0.0,1071.82958984375,1538.0,24.93293722299859
1044,0.08114130795001984,0.0038600193802267313,0.6976901292800903,0.015024535357952118,82.83089931495488,0.0,1071.82958984375,1538.0,24.956158822998987
1045,0.07832308858633041,0.003587881801649928,0.6816144585609436,0.013147512450814247,67.51965676620603,0.0,1071.82958984375,1538.0,24.979809008989832
1046,0.08131088316440582,0.0035102253314107656,0.693206250667572,0.016960063949227333,85.31028700247407,0.0,1071.82958984375,1538.0,25.0031877149886
1047,0.07985658943653107,0.00383444270119071,0.692543625831604,0.013535569421947002,69.35673377942294,0.0,1071.82958984375,1538.0,25.026830060989596
1048,0.07856183499097824,0.0036941978614777327,0.6810781955718994,0.013519623316824436,63.53789187595248,0.0,1071.82958984375,1538.0,25.050116457990953
1049,0.07910630851984024,0.0036823200061917305,0.6871358752250671,0.013420790433883667,66.5083362068981,0.0,1071.82958984375,1538.0,25.073816738993628
1050,0.07977540045976639,0.003669403027743101,0.6792094707489014,0.016370097175240517,84.66503706015646,0.0,1071.82958984375,1538.0,25.097407370994915
1051,0.078464075922966,0.0035038997884839773,0.6803864240646362,0.013843068853020668,78.17940952815115,0.0,1071.82958984375,1538.0,25.120872047991725
1052,0.07984030991792679,0.0036887323949486017,0.6835957765579224,0.015584004111588001,81.71169299259782,0.0,1071.82958984375,1538.0,25.14437793000252
1053,0.0774599090218544,0.0036305480170994997,0.6636902093887329,0.014920687302947044,68.93296390026808,0.0,1071.82958984375,1538.0,25.168021791992942
1054,0.08076052367687225,0.00366127653978765,0.6893216371536255,0.016334163025021553,69.70600653067231,0.0,1071.82958984375,1538.0,25.19141549798951
1055,0.0763784870505333,0.003450150601565838,0.6625600457191467,0.013344665057957172,71.16724796965718,0.0,1071.82958984375,1538.0,25.21515479098889
1056,0.08075863122940063,0.0035657526459544897,0.6994572877883911,0.01449429802596569,82.98352908715606,0.0,1071.82958984375,1538.0,25.238702552000177
1057,0.07942404597997665,0.003643251257017255,0.6873975396156311,0.014082074165344238,75.54615009855479,0.0,1071.82958984375,1538.0,25.26256918499712
1058,0.07984181493520737,0.003366295015439391,0.6838762164115906,0.016175802797079086,84.38139536697417,0.0,1071.82958984375,1538.0,25.285901827999623
1059,0.07897886633872986,0.003400610527023673,0.6815792918205261,0.014840653166174889,72.23987271916121,0.0,1071.82958984375,1538.0,25.309506004996365
1060,0.08074431121349335,0.0034286596346646547,0.6924527883529663,0.016140740364789963,82.80263961479068,0.0,1071.82958984375,1538.0,25.333520718995715
1061,0.07948865741491318,0.003327332902699709,0.68833988904953,0.014654668048024178,79.14050946570933,0.0,1071.82958984375,1538.0,25.357141785993008
1062,0.07872813940048218,0.0035306038334965706,0.688235342502594,0.012747988104820251,70.02767173899338,0.0,1071.82958984375,1538.0,25.380787014000816
1063,0.07702598720788956,0.003444008296355605,0.6677263379096985,0.013618691824376583,78.36530552059412,0.0,1071.82958984375,1538.0,25.404318094995688
1064,0.07916601002216339,0.0034051656257361174,0.6872508525848389,0.014071513898670673,74.28516004513949,0.0,1071.82958984375,1538.0,25.42774176799867
1065,0.07764410227537155,0.0033350803423672915,0.6767742037773132,0.013263189233839512,64.74362273234874,0.0,1071.82958984375,1538.0,25.451332456999808
1066,0.08040311187505722,0.0033960333094000816,0.6953445672988892,0.014945234172046185,84.30738556198776,0.0,1071.82958984375,1538.0,25.474897516993224
1067,0.07770383358001709,0.0030822043772786856,0.6761552095413208,0.014012216590344906,76.27436587028205,0.0,1071.82958984375,1538.0,25.498625815991545
1068,0.07850464433431625,0.003399089677259326,0.6819571256637573,0.013819674029946327,60.76194759365171,0.0,1071.82958984375,1538.0,25.522076826993725
1069,0.08086628466844559,0.0034461466129869223,0.6926153898239136,0.01631719432771206,84.51565712224692,0.0,1071.82958984375,1538.0,25.54577900399454
1070,0.07722857594490051,0.0031467140652239323,0.674318790435791,0.013299963437020779,68.38814252894372,0.0,1071.82958984375,1538.0,25.569313824991696
1071,0.08066578209400177,0.003293873043730855,0.6985150575637817,0.015040799975395203,68.09554536361247,0.0,1071.82958984375,1538.0,25.592687179989298
1072,0.07921592891216278,0.003345106728374958,0.6813142895698547,0.015478769317269325,88.15273019112647,0.0,1071.82958984375,1538.0,25.61575308999454
1073,0.07946586608886719,0.003083310090005398,0.6865541338920593,0.015454276464879513,74.15680663660169,0.0,1071.82958984375,1538.0,25.639332532999106
1074,0.07699710130691528,0.003221008460968733,0.6626150012016296,0.01502919290214777,78.03257873188704,0.0,1071.82958984375,1538.0,25.66260105399124
1075,0.08028952032327652,0.0033709853887557983,0.6875948309898376,0.016318097710609436,101.14884276781231,0.0,1071.82958984375,1538.0,25.68635817799077
1076,0.07796360552310944,0.0035272876266390085,0.673583984375,0.014155828393995762,81.31080358102918,0.0,1071.82958984375,1538.0,25.709726125001907
1077,0.07920137792825699,0.003525468520820141,0.6772378087043762,0.015904266387224197,100.72586349025369,0.0,1071.82958984375,1538.0,25.73325620900141
1078,0.07968699187040329,0.003479422302916646,0.6883810758590698,0.01473891269415617,66.12319796346128,0.0,1071.82958984375,1538.0,25.75679911399493
1079,0.07812520116567612,0.003350730985403061,0.6670780777931213,0.016133317723870277,83.43587754666805,0.0,1071.82958984375,1538.0,25.780510413998854
1080,0.07951042801141739,0.0031212852336466312,0.6820588111877441,0.016366515308618546,77.02794746588916,0.0,1071.82958984375,1538.0,25.804287273000227
1081,0.08214717358350754,0.0034201820380985737,0.6968045234680176,0.018093083053827286,101.419882199727,0.0,1071.82958984375,1538.0,25.82737294099934
1082,0.08162959665060043,0.0035884547978639603,0.6950967907905579,0.01706293411552906,100.50017274543643,0.0,1071.82958984375,1538.0,25.851156110991724
1083,0.08299034833908081,0.0034494695719331503,0.7037241458892822,0.018336918205022812,107.46038565225899,0.0,1071.82958984375,1538.0,25.874706584989326
1084,0.0785442590713501,0.0036368428263813257,0.6778612732887268,0.01424257829785347,87.97953968681395,0.0,1071.82958984375,1538.0,25.89817568399303
1085,0.08266229927539825,0.0031695151701569557,0.6857255101203918,0.02184046059846878,112.930155755952,0.0,1071.82958984375,1538.0,25.921644813002786
1086,0.0786321610212326,0.0036520438734441996,0.679375946521759,0.014085044153034687,78.24767247401178,0.0,1071.82958984375,1538.0,25.944897884997772
1087,0.0817752555012703,0.0035957798827439547,0.6827349662780762,0.01981195993721485,126.50687883235514,0.0,1071.82958984375,1538.0,25.96861303699552
1088,0.08262336254119873,0.003698919899761677,0.701777994632721,0.01749328151345253,97.27208437677473,0.0,1071.82958984375,1538.0,25.99226132700278
1089,0.08340150117874146,0.0040305848233401775,0.6993388533592224,0.01887405663728714,97.9495790451765,0.0,1071.82958984375,1538.0,26.01597266799945
1090,0.08183472603559494,0.0037439297884702682,0.6844366788864136,0.0192942526191473,92.35071337595582,0.0,1071.82958984375,1538.0,26.03960057499353
1091,0.08116201311349869,0.0037728839088231325,0.6846446990966797,0.017849307507276535,95.05039493273944,0.0,1071.82958984375,1538.0,26.06332021599519
1092,0.08174131065607071,0.003724235575646162,0.6863290071487427,0.018768353387713432,100.52645153366029,0.0,1071.82958984375,1538.0,26.08670566198998
1093,0.07838331907987595,0.0038722679018974304,0.669843316078186,0.015053434297442436,88.11791322007775,0.0,1071.82958984375,1538.0,26.109849822998513
1094,0.08085352182388306,0.0038572896737605333,0.6826876997947693,0.01745492033660412,85.36791761778295,0.0,1071.82958984375,1538.0,26.13331432499399
1095,0.08108440041542053,0.003938730806112289,0.6832625269889832,0.017638828605413437,92.3137185331434,0.0,1071.82958984375,1538.0,26.156961492000846
1096,0.07979871332645416,0.0038709708023816347,0.6783875226974487,0.016177987679839134,85.58405215572566,0.0,1071.82958984375,1538.0,26.180642170002102
1097,0.08112454414367676,0.00425049988552928,0.6829434037208557,0.017159417271614075,91.21577508561313,0.0,1071.82958984375,1538.0,26.204447363998042
1098,0.08209902793169022,0.004226213786751032,0.6882942318916321,0.01808677799999714,88.59797381795943,0.0,1071.82958984375,1538.0,26.228084927992313
1099,0.0811508297920227,0.004127917345613241,0.6925702095031738,0.015531781129539013,88.97571354638785,0.0,1071.82958984375,1538.0,26.251716472994303
1100,0.07973796129226685,0.0041082315146923065,0.692672848701477,0.012724881060421467,67.53195940796286,0.0,1071.82958984375,1538.0,26.275414007992367
1101,0.08186225593090057,0.004011810291558504,0.6896713972091675,0.01776660792529583,93.60213363356888,0.0,1071.82958984375,1538.0,26.29930932399293
1102,0.08063388615846634,0.004067740868777037,0.6920419931411743,0.014723888598382473,74.590685820207,0.0,1071.82958984375,1538.0,26.322853897989262
1103,0.08110764622688293,0.004504284355789423,0.6905490159988403,0.015096920542418957,78.19949831441045,0.0,1071.82958984375,1538.0,26.346698021996417
1104,0.08518674969673157,0.004367931745946407,0.7144757509231567,0.01874249055981636,77.51410666666925,0.0,1071.82958984375,1538.0,26.370278749993304
1105,0.07947322726249695,0.004403074271976948,0.6781443953514099,0.014511413872241974,70.23465441912413,0.0,1071.82958984375,1538.0,26.39379848599492
1106,0.07825348526239395,0.00425728177651763,0.6611189842224121,0.01576859876513481,72.88358347211033,0.0,1071.82958984375,1538.0,26.416990562996943
1107,0.08199390769004822,0.004342198371887207,0.6901463270187378,0.01727416180074215,88.49192905146629,0.0,1071.82958984375,1538.0,26.440525177997188
1108,0.08022571355104446,0.004091495182365179,0.6809399127960205,0.016080457717180252,69.1907525267452,0.0,1071.82958984375,1538.0,26.464071479000268
1109,0.07845086604356766,0.0038857513573020697,0.6770647168159485,0.013717278838157654,69.9183913897723,0.0,1071.82958984375,1538.0,26.487636056990596
1110,0.079206183552742,0.004119527991861105,0.6809946298599243,0.013974390923976898,72.0027260556817,0.0,1071.82958984375,1538.0,26.51104377399315
1111,0.07969222217798233,0.004053481388837099,0.6799917221069336,0.01527913473546505,81.10278122499585,0.0,1071.82958984375,1538.0,26.53479181700095
1112,0.0817149356007576,0.00392217468470335,0.6998481750488281,0.015615890733897686,78.82508481200784,0.0,1071.82958984375,1538.0,26.558322608994786
1113,0.08151137083768845,0.003977758809924126,0.6922001838684082,0.016627181321382523,78.680535283871,0.0,1071.82958984375,1538.0,26.581623689999105
1114,0.08327760547399521,0.0036192622501403093,0.6942684650421143,0.020462995395064354,101.54748206865042,0.0,1071.82958984375,1538.0,26.605089853997924
1115,0.07931970059871674,0.004124964587390423,0.6734482645988464,0.015699824318289757,74.2261533215642,0.0,1071.82958984375,1538.0,26.628698633998283
1116,0.08086647093296051,0.0037864488549530506,0.6888724565505981,0.01638554036617279,83.83124657161534,0.0,1071.82958984375,1538.0,26.652403277999838
1117,0.080847829580307,0.003817151067778468,0.6951903104782104,0.015023285523056984,84.04696785565466,0.0,1071.82958984375,1538.0,26.675976810001885
1118,0.07914281636476517,0.004089791793376207,0.6700246334075928,0.016101107001304626,71.91663792636245,0.0,1071.82958984375,1538.0,26.699692680995213
1119,0.0798431932926178,0.004075216129422188,0.674557626247406,0.016624439507722855,81.7326041162014,0.0,1071.82958984375,1538.0,26.723266966000665
1120,0.08044840395450592,0.003999727312475443,0.6803404092788696,0.016829267144203186,84.29597435519099,0.0,1071.82958984375,1538.0,26.74686228200153
1121,0.08161810040473938,0.0038815292064100504,0.6929319500923157,0.0168867576867342,82.88520904630423,0.0,1071.82958984375,1538.0,26.770068478988833
1122,0.07834770530462265,0.00396652240306139,0.673037588596344,0.01415483932942152,74.92509107291698,0.0,1071.82958984375,1538.0,26.79389149499184
1123,0.08089417219161987,0.003963065333664417,0.6927485466003418,0.015312488190829754,72.51922463811934,0.0,1071.82958984375,1538.0,26.81751303699275
1124,0.0777013823390007,0.0037436801940202713,0.6750655174255371,0.012902298010885715,68.79888231679797,0.0,1071.82958984375,1538.0,26.840939627989428
1125,0.07957232743501663,0.0037951788399368525,0.6759557723999023,0.01636313833296299,75.43219536729157,0.0,1071.82958984375,1538.0,26.864411727001425
1126,0.07976444065570831,0.003889614949002862,0.6858541965484619,0.01457881834357977,73.98702106717974,0.0,1071.82958984375,1538.0,26.88801683699421
1127,0.07883604615926743,0.003741742577403784,0.6726073622703552,0.015667136758565903,66.93644082080573,0.0,1071.82958984375,1538.0,26.911509459998342
1128,0.07986873388290405,0.003725955495610833,0.6969975829124451,0.0128860455006361,65.98114087618887,0.0,1071.82958984375,1538.0,26.934948994996375
1129,0.08120132237672806,0.0036588655784726143,0.6933825016021729,0.016408396884799004,83.14377584774047,0.0,1071.82958984375,1538.0,26.95867288298905
1130,0.0784364864230156,0.003592186141759157,0.6723389029502869,0.015220819041132927,69.71628642454743,0.0,1071.82958984375,1538.0,26.982026562996907
1131,0.08029931783676147,0.0036350288428366184,0.6854934692382812,0.016229890286922455,98.83923022449017,0.0,1071.82958984375,1538.0,27.005278458993416
1132,0.07895434647798538,0.0037046645302325487,0.6812325119972229,0.014252851717174053,68.97270321473479,0.0,1071.82958984375,1538.0,27.02918930699525
1133,0.07817664742469788,0.003499915823340416,0.6684681177139282,0.015659840777516365,77.19854172319174,0.0,1071.82958984375,1538.0,27.052855381989502
1134,0.07874502241611481,0.003761753672733903,0.6797815561294556,0.014010226354002953,70.06389948353171,0.0,1071.82958984375,1538.0,27.076318254999933
1135,0.07883047312498093,0.0032619491685181856,0.6744136810302734,0.016254326328635216,75.9448565216735,0.0,1071.82958984375,1538.0,27.09994562699285
1136,0.07966309785842896,0.0035564398858696222,0.6744017004966736,0.01733296550810337,101.46144769061357,0.0,1071.82958984375,1538.0,27.12334033199295
1137,0.07802595943212509,0.0033849498722702265,0.6788733005523682,0.013507362455129623,67.44052010029554,0.0,1071.82958984375,1538.0,27.146735771995736
1138,0.07602030783891678,0.003657242516055703,0.6608686447143555,0.012552393600344658,66.2374616204761,0.0,1071.82958984375,1538.0,27.170152637991123
1139,0.08121339231729507,0.0034374038223177195,0.6974725723266602,0.016057448461651802,89.13905878830701,0.0,1071.82958984375,1538.0,27.193580345992814
1140,0.07957566529512405,0.003446518676355481,0.692197859287262,0.013818712905049324,64.41238391213119,0.0,1071.82958984375,1538.0,27.217177869999432
1141,0.08087421953678131,0.0037313050124794245,0.6859974265098572,0.01708633452653885,96.09905381221324,0.0,1071.82958984375,1538.0,27.240777088998584
1142,0.08101505041122437,0.003857000730931759,0.6921300888061523,0.01589006930589676,88.64356225542724,0.0,1071.82958984375,1538.0,27.264502190999337
1143,0.0819002240896225,0.0035828135441988707,0.7010611295700073,0.01642259955406189,89.46467365697026,0.0,1071.82958984375,1538.0,27.288313892000588
1144,0.07927621901035309,0.00353598827496171,0.6787561178207397,0.015729231759905815,75.00405503809452,0.0,1071.82958984375,1538.0,27.312016661991947
1145,0.0788583755493164,0.003636640729382634,0.6862581372261047,0.013191835954785347,72.45409258455038,0.0,1071.82958984375,1538.0,27.335997040994698
1146,0.07929955422878265,0.0036641957703977823,0.6823703646659851,0.014796637929975986,96.05722474399954,0.0,1071.82958984375,1538.0,27.35970178899879
1147,0.07947255671024323,0.003430852433666587,0.6838033199310303,0.015322741121053696,80.75248976238072,0.0,1071.82958984375,1538.0,27.383507386999554
1148,0.08278587460517883,0.003539580386132002,0.7092629671096802,0.016639994457364082,79.53817643783987,0.0,1071.82958984375,1538.0,27.4070426899998
1149,0.08013474941253662,0.003818848403170705,0.6882745623588562,0.014976894482970238,84.16091550141573,0.0,1071.82958984375,1538.0,27.430685407001874
1150,0.0819360613822937,0.003242718055844307,0.6951865553855896,0.018349384889006615,87.77732141781598,0.0,1071.82958984375,1538.0,27.454244123990065
1151,0.08105061203241348,0.003524269675835967,0.6945085525512695,0.016150983050465584,96.10481359623373,0.0,1071.82958984375,1538.0,27.47793380099756
1152,0.08093879371881485,0.004165456164628267,0.6866521835327148,0.01621623896062374,86.85471081361175,0.0,1071.82958984375,1538.0,27.50144703699334
1153,0.07978865504264832,0.0036807882133871317,0.6818373203277588,0.015848269686102867,74.72848091647029,0.0,1071.82958984375,1538.0,27.524952937994385
1154,0.07956954836845398,0.004145812708884478,0.6861874461174011,0.01360997837036848,78.83867609035224,0.0,1071.82958984375,1538.0,27.548244145989884
1155,0.08091101795434952,0.0038422541692852974,0.6981810927391052,0.014501309022307396,73.66140526812524,0.0,1071.82958984375,1538.0,27.571859012998175
1156,0.08043775707483292,0.0035896783228963614,0.6912729740142822,0.01544156763702631,76.63985946401954,0.0,1071.82958984375,1538.0,27.595062745996984
1157,0.07906953990459442,0.0035305204801261425,0.6830744743347168,0.014463135041296482,80.73617570009083,0.0,1071.82958984375,1538.0,27.618813907000003
1158,0.08026236295700073,0.0036689795088022947,0.6866873502731323,0.015849294140934944,73.43530428595841,0.0,1071.82958984375,1538.0,27.642442671989556
1159,0.07880473136901855,0.003600341035053134,0.6735634207725525,0.015696091577410698,84.43338728696108,0.0,1071.82958984375,1538.0,27.665947292989586
1160,0.07846624404191971,0.0037603620439767838,0.6729202270507812,0.014827718026936054,76.13284430233762,0.0,1071.82958984375,1538.0,27.68957479899109
1161,0.08195114880800247,0.0038904231041669846,0.6960140466690063,0.016918625682592392,88.14100865833461,0.0,1071.82958984375,1538.0,27.713345245996607
1162,0.08143702149391174,0.0037020777817815542,0.690525472164154,0.017364807426929474,98.02513641957194,0.0,1071.82958984375,1538.0,27.73653657999239
1163,0.07942739129066467,0.0035178486723452806,0.6783058047294617,0.016157904639840126,78.2796399993822,0.0,1071.82958984375,1538.0,27.759921859993483
1164,0.08208196610212326,0.003530222922563553,0.6792479753494263,0.02125389501452446,99.76567580364645,0.0,1071.82958984375,1538.0,27.78362649299379
1165,0.08018451184034348,0.003683728165924549,0.6943845748901367,0.014124651439487934,77.50973057281226,0.0,1071.82958984375,1538.0,27.807197520000045
1166,0.07908761501312256,0.0035310841631144285,0.6794236898422241,0.015228312462568283,79.61586406547576,0.0,1071.82958984375,1538.0,27.830653044991777
1167,0.07967009395360947,0.0037552104331552982,0.678396463394165,0.016150470823049545,74.54908834025264,0.0,1071.82958984375,1538.0,27.854166498000268
1168,0.07980073988437653,0.003654656233265996,0.6749082207679749,0.017310520634055138,75.87519620731473,0.0,1071.82958984375,1538.0,27.877403965991107
1169,0.07720242440700531,0.0036808056756854057,0.6679323315620422,0.013456770218908787,70.34556764736772,0.0,1071.82958984375,1538.0,27.900746086990694
1170,0.07744604349136353,0.0035319433081895113,0.6667975783348083,0.014468683861196041,67.04563978035003,0.0,1071.82958984375,1538.0,27.92442364199087
1171,0.07842172682285309,0.003562039462849498,0.6592727899551392,0.017864810302853584,92.79607439413667,0.0,1071.82958984375,1538.0,27.9479604169901
1172,0.07755106687545776,0.0035872464068233967,0.6733418107032776,0.013259274885058403,66.68882989883423,0.0,1071.82958984375,1538.0,27.971859254990704
1173,0.08000707626342773,0.003657835302874446,0.6901833415031433,0.014661818742752075,78.14822059869766,0.0,1071.82958984375,1538.0,27.99524825499975
1174,0.08039816468954086,0.003353022737428546,0.6784682869911194,0.018396630883216858,86.37655401788652,0.0,1071.82958984375,1538.0,28.018920802001958
1175,0.07665102928876877,0.0036533293314278126,0.6681033372879028,0.012374735437333584,61.18996507488191,0.0,1071.82958984375,1538.0,28.042477298993617
1176,0.07977762818336487,0.003688148455694318,0.678828239440918,0.01641329564154148,81.90510259196162,0.0,1071.82958984375,1538.0,28.066077448995202
1177,0.07792787253856659,0.003723389469087124,0.6728030443191528,0.013848344795405865,82.44512660708278,0.0,1071.82958984375,1538.0,28.08970158699958
1178,0.07775543630123138,0.0033543771132826805,0.674741804599762,0.013853759504854679,79.9046678012237,0.0,1071.82958984375,1538.0,28.11310451600002
1179,0.07957790046930313,0.0035200261045247316,0.6839541792869568,0.015324903652071953,83.71023447625339,0.0,1071.82958984375,1538.0,28.136691940002493
1180,0.07659962028265,0.0038328764494508505,0.6698338389396667,0.011566718108952045,58.55927702318877,0.0,1071.82958984375,1538.0,28.16023718198994
1181,0.07996076345443726,0.003801853395998478,0.6939377784729004,0.013530261814594269,78.37532268837094,0.0,1071.82958984375,1538.0,28.183564110993757
1182,0.07736501842737198,0.0034633600153028965,0.6774872541427612,0.01230587624013424,69.85480313189328,0.0,1071.82958984375,1538.0,28.207014421001077
1183,0.080078125,0.0033781148958951235,0.6886138319969177,0.015677250921726227,78.2080596126616,0.0,1071.82958984375,1538.0,28.230588389997138
1184,0.07663968205451965,0.0034657756332308054,0.6685637831687927,0.012635051272809505,71.11182433739305,0.0,1071.82958984375,1538.0,28.254610645992216
1185,0.0769362598657608,0.0037286339793354273,0.6743193864822388,0.011551371775567532,60.520783646032214,0.0,1071.82958984375,1538.0,28.278454437997425
1186,0.07931186258792877,0.003706675488501787,0.6945083737373352,0.012308681383728981,73.66336422692984,0.0,1071.82958984375,1538.0,28.302521338991937
1187,0.07931096106767654,0.0035151971969753504,0.6898864507675171,0.013614238239824772,69.8264030534774,0.0,1071.82958984375,1538.0,28.326708515989594
1188,0.07617680728435516,0.0035145378205925226,0.6686021685600281,0.011604094877839088,57.08121635951102,0.0,1071.82958984375,1538.0,28.350451826991048
1189,0.07659098505973816,0.0033732003066688776,0.6682465076446533,0.012786269187927246,70.746202272363,0.0,1071.82958984375,1538.0,28.37452260799182
1190,0.07768656313419342,0.003148359013721347,0.673930823802948,0.014290221966803074,75.51913466770202,0.0,1071.82958984375,1538.0,28.39849704298831
1191,0.07709154486656189,0.003256835974752903,0.6709141135215759,0.013486598618328571,75.13177810469642,0.0,1071.82958984375,1538.0,28.422399424991454
1192,0.07970277965068817,0.0031449913512915373,0.6885379552841187,0.015407973900437355,105.26658189762384,0.0,1071.82958984375,1538.0,28.446061878988985
1193,0.07431138306856155,0.0032064924016594887,0.6501908302307129,0.012171617709100246,74.66948165604845,0.0,1071.82958984375,1538.0,28.469866493993322
1194,0.08272794634103775,0.003801060374826193,0.6967726945877075,0.018499230965971947,114.06999345123768,0.0,1071.82958984375,1538.0,28.493774067988852
1195,0.07680166512727737,0.003388458862900734,0.6761003136634827,0.011606345884501934,65.94033489888534,0.0,1071.82958984375,1538.0,28.517776761989808
1196,0.08006641268730164,0.0035650196950882673,0.6957675218582153,0.013849277049303055,88.1579880900681,0.0,1071.82958984375,1538.0,28.54148223598895
1197,0.08346180617809296,0.0034575466997921467,0.6930244565010071,0.021403629332780838,119.53487284481525,0.0,1071.82958984375,1538.0,28.565571434999583
1198,0.07787105441093445,0.003481043502688408,0.667636513710022,0.015252707526087761,85.22370607405901,0.0,1071.82958984375,1538.0,28.58931864699116
1199,0.08237670361995697,0.0033077504485845566,0.6922722458839417,0.01968345046043396,126.03785268962383,0.0,1071.82958984375,1538.0,28.61330778899719
1200,0.07755511999130249,0.003261212259531021,0.6560928821563721,0.017369233071804047,93.27471349388361,0.0,1071.82958984375,1538.0,28.63697749299172
1201,0.07772614061832428,0.0036715595051646233,0.6763392686843872,0.01284131221473217,65.91578366234899,0.0,1071.82958984375,1538.0,28.661005506990477
1202,0.08177972584962845,0.0033979059662669897,0.6821221113204956,0.020339224487543106,106.78294943273067,0.0,1071.82958984375,1538.0,28.68483669499983
1203,0.08122029900550842,0.003627968719229102,0.6831263303756714,0.018559381365776062,119.70330512709916,0.0,1071.82958984375,1538.0,28.708763169997837
1204,0.0804792195558548,0.003724452340975404,0.6827765703201294,0.0169542133808136,99.14908480271697,0.0,1071.82958984375,1538.0,28.732421816996066
1205,0.08515724539756775,0.0038574570789933205,0.7043598294258118,0.02172759920358658,109.84134725853801,0.0,1071.82958984375,1538.0,28.756591497993213
1206,0.07958989590406418,0.003937996458262205,0.6809096932411194,0.01512185949832201,81.37067602388561,0.0,1071.82958984375,1538.0,28.780364129997906
1207,0.0802745670080185,0.0040088072419166565,0.6905379891395569,0.014423918910324574,76.96635808050632,0.0,1071.82958984375,1538.0,28.804324042997905
1208,0.08443085849285126,0.003983392845839262,0.6938774585723877,0.022119425237178802,120.55911079794168,0.0,1071.82958984375,1538.0,28.827958289999515
1209,0.077745720744133,0.0042269909754395485,0.6634415984153748,0.014349134638905525,72.11423563025892,0.0,1071.82958984375,1538.0,28.851652860001195
1210,0.07812449336051941,0.0040462384931743145,0.66667640209198,0.014821234159171581,71.55460450612009,0.0,1071.82958984375,1538.0,28.87594762899971
1211,0.0826602503657341,0.00410322705283761,0.687650740146637,0.019583897665143013,97.31934521254152,0.0,1071.82958984375,1538.0,28.90040274299099
1212,0.08162935078144073,0.0040137749165296555,0.6927481293678284,0.016681523993611336,74.5617771204561,0.0,1071.82958984375,1538.0,28.924185608993866
1213,0.07957416772842407,0.0038997563533484936,0.6763673424720764,0.016075357794761658,80.6405546888709,0.0,1071.82958984375,1538.0,28.948072293991572
1214,0.08067993074655533,0.0040250434540212154,0.6823970079421997,0.01683037169277668,78.19270951859653,0.0,1071.82958984375,1538.0,28.971816292993026
1215,0.08048117905855179,0.004061421379446983,0.680246114730835,0.016790281981229782,75.21430977992713,0.0,1071.82958984375,1538.0,28.99554338399321
1216,0.08162707835435867,0.004121739417314529,0.6909577250480652,0.01681913435459137,78.57916346099228,0.0,1071.82958984375,1538.0,29.01964652800234
1217,0.0812830999493599,0.004102656617760658,0.6837348341941833,0.01761391945183277,85.19168661721051,0.0,1071.82958984375,1538.0,29.04337507399032
1218,0.08161522448062897,0.004311734810471535,0.7000429630279541,0.014598377980291843,72.39353491179645,0.0,1071.82958984375,1538.0,29.067473673989298
1219,0.078196220099926,0.004611356183886528,0.6659896969795227,0.013971771113574505,68.16808609478176,0.0,1071.82958984375,1538.0,29.091298300001654
1220,0.07991308718919754,0.004225407261401415,0.6836566925048828,0.01464401837438345,75.23523117695004,0.0,1071.82958984375,1538.0,29.115213735989528
1221,0.07968337833881378,0.004172605462372303,0.678009033203125,0.015419737435877323,74.39362522866577,0.0,1071.82958984375,1538.0,29.139062745001866
1222,0.07828174531459808,0.004264415241777897,0.6755842566490173,0.012917807325720787,68.53560166992247,0.0,1071.82958984375,1538.0,29.162628462989233
1223,0.0791010931134224,0.004105670843273401,0.6800041198730469,0.013990017585456371,66.57771032582968,0.0,1071.82958984375,1538.0,29.186392778996378
1224,0.07947835326194763,0.004147925414144993,0.687620222568512,0.013136799447238445,69.57631086371839,0.0,1071.82958984375,1538.0,29.210060323996004
1225,0.07868323475122452,0.004150004126131535,0.6860043406486511,0.01186558697372675,59.30010350048542,0.0,1071.82958984375,1538.0,29.233882108994294
1226,0.081063412129879,0.004052633885294199,0.6894491910934448,0.016131717711687088,82.66665405780077,0.0,1071.82958984375,1538.0,29.258432420989266
1227,0.0782412737607956,0.0035717817954719067,0.6749343276023865,0.014352124184370041,60.96953269466758,0.0,1071.82958984375,1538.0,29.282338175995392
1228,0.07741857320070267,0.0037820397410541773,0.6662008166313171,0.014032904990017414,65.91522491257638,0.0,1071.82958984375,1538.0,29.30605655099498
1229,0.07842791080474854,0.003683750983327627,0.6763126254081726,0.014225780963897705,70.66939472872764,0.0,1071.82958984375,1538.0,29.330665449990192
1230,0.07857810705900192,0.0035198356490582228,0.6747850775718689,0.015159529633820057,65.88657802715898,0.0,1071.82958984375,1538.0,29.35487710298912
1231,0.08002090454101562,0.0038609078619629145,0.6755441427230835,0.017211172729730606,71.27210013661534,0.0,1071.82958984375,1538.0,29.37835561099928
1232,0.07617837935686111,0.0035641195718199015,0.6615617275238037,0.012916182167828083,76.15537630114704,0.0,1071.82958984375,1538.0,29.402107998990687
1233,0.07697797566652298,0.0034455833956599236,0.6698812246322632,0.013088541105389595,59.414176693186164,0.0,1071.82958984375,1538.0,29.425999674989725
1234,0.07793581485748291,0.003767535788938403,0.6754541397094727,0.013245737180113792,80.3677309723571,0.0,1071.82958984375,1538.0,29.449595674988814
1235,0.07679210603237152,0.003637640969827771,0.6601225137710571,0.014284415170550346,63.57501404359937,0.0,1071.82958984375,1538.0,29.473500886000693
1236,0.07725688815116882,0.0034746129531413317,0.6716951131820679,0.013225531205534935,69.74111158028245,0.0,1071.82958984375,1538.0,29.49761106299411
1237,0.07737748324871063,0.00320888077840209,0.6713595390319824,0.014065299183130264,70.1571095129475,0.0,1071.82958984375,1538.0,29.52147122299357
1238,0.07760784775018692,0.00362553377635777,0.6687971353530884,0.01420520804822445,77.57929890044034,0.0,1071.82958984375,1538.0,29.544862533002743
1239,0.07718879729509354,0.0033396463841199875,0.6757591366767883,0.012546462938189507,56.62980130407959,0.0,1071.82958984375,1538.0,29.568691280001076
1240,0.07919719070196152,0.0034391151275485754,0.6833158135414124,0.014852987602353096,68.93712671659887,0.0,1071.82958984375,1538.0,29.59241014199506
1241,0.07619912177324295,0.00306846690364182,0.663869321346283,0.0134874377399683,61.68536069057882,0.0,1071.82958984375,1538.0,29.616038142994512
1242,0.0778280645608902,0.0033848630264401436,0.6746718883514404,0.013952024281024933,72.74134373385459,0.0,1071.82958984375,1538.0,29.639540552991093
1243,0.07832303643226624,0.003105387557297945,0.6836024522781372,0.013714802451431751,68.84194495901465,0.0,1071.82958984375,1538.0,29.66323319199728
1244,0.07851108908653259,0.003247561864554882,0.6848692297935486,0.013553223572671413,82.60394616238773,0.0,1071.82958984375,1538.0,29.68666370199935
1245,0.07700450718402863,0.0033918197732418776,0.6783999800682068,0.01154538057744503,64.62220184970647,0.0,1071.82958984375,1538.0,29.710426705001737
1246,0.08094347268342972,0.0034771079663187265,0.6829445958137512,0.01834380067884922,119.13699940312654,0.0,1071.82958984375,1538.0,29.734224501997232
1247,0.07864797115325928,0.003268001601099968,0.6785247325897217,0.015054991468787193,85.05208042450249,0.0,1071.82958984375,1538.0,29.758072305994574
1248,0.08014634996652603,0.0032610902562737465,0.6974058151245117,0.01428934931755066,79.98631273861974,0.0,1071.82958984375,1538.0,29.781753611998283
1249,0.07801999896764755,0.0032940644305199385,0.6736818552017212,0.014715499244630337,82.41315445397049,0.0,1071.82958984375,1538.0,29.805374434989062
1250,0.07829990237951279,0.003190255956724286,0.6827226877212524,0.01367474440485239,78.49556051939726,0.0,1071.82958984375,1538.0,29.829054064000957
1251,0.08072695881128311,0.0037882644683122635,0.6943002939224243,0.015017328783869743,100.20407991670072,0.0,1071.82958984375,1538.0,29.85265271899698
1252,0.07812406867742538,0.003419641638174653,0.6806917786598206,0.013270476832985878,72.16412414237857,0.0,1071.82958984375,1538.0,29.876360233989544
1253,0.07734902948141098,0.003312863642349839,0.6763378977775574,0.012804747559130192,69.03592875227332,0.0,1071.82958984375,1538.0,29.900246687000617
1254,0.07893674075603485,0.0034297772217541933,0.674949586391449,0.01602400839328766,85.44319226033986,0.0,1071.82958984375,1538.0,29.923938873995212
1255,0.07751478254795074,0.0034737472888082266,0.6738914847373962,0.013303772546350956,76.37140547670424,0.0,1071.82958984375,1538.0,29.94784049098962
1256,0.07840945571660995,0.0036522287409752607,0.680609405040741,0.01339256763458252,78.93360593169928,0.0,1071.82958984375,1538.0,29.971690082995337
1257,0.08034000545740128,0.0033361606765538454,0.6850953102111816,0.016988618299365044,94.85272259637713,0.0,1071.82958984375,1538.0,29.995517277988256
1258,0.07839979976415634,0.0033469204790890217,0.688369631767273,0.012431826442480087,68.39605663716793,0.0,1071.82958984375,1538.0,30.019109064989607
1259,0.07953596860170364,0.0032813323196023703,0.6738898754119873,0.01773129031062126,91.47217853181064,0.0,1071.82958984375,1538.0,30.042795884000952
1260,0.07789939641952515,0.003363586263731122,0.6773362159729004,0.013604370877146721,71.06371489912271,0.0,1071.82958984375,1538.0,30.065974085999187
1261,0.07727888971567154,0.003362257732078433,0.6774598360061646,0.01234129723161459,62.12398754898459,0.0,1071.82958984375,1538.0,30.089736499998253
1262,0.07643408328294754,0.004058085381984711,0.6674968004226685,0.01125262025743723,67.8331722067669,0.0,1071.82958984375,1538.0,30.113216559999273
1263,0.07878585159778595,0.0035119489766657352,0.6827563643455505,0.013996532186865807,70.63776186667383,0.0,1071.82958984375,1538.0,30.136965565994615
1264,0.07833617180585861,0.003482454689219594,0.6816996932029724,0.0133674880489707,71.06813549250364,0.0,1071.82958984375,1538.0,30.16067032099818
1265,0.07709909230470657,0.003697238629683852,0.6741573214530945,0.01197222713381052,69.85159297194332,0.0,1071.82958984375,1538.0,30.184387560002506
1266,0.07641274482011795,0.003307490609586239,0.6635710597038269,0.013496289029717445,69.3466451978311,0.0,1071.82958984375,1538.0,30.208076508992235
1267,0.07552731782197952,0.003590414533391595,0.6546720862388611,0.012939389795064926,63.01057141646743,0.0,1071.82958984375,1538.0,30.23188721499173
1268,0.07674605399370193,0.00349553395062685,0.6674357652664185,0.013013884425163269,65.95425643213093,0.0,1071.82958984375,1538.0,30.25573333200009
1269,0.07813677936792374,0.003207446774467826,0.6640399694442749,0.017050674185156822,77.70543724671006,0.0,1071.82958984375,1538.0,30.279441341001075
1270,0.07753687351942062,0.0034490081015974283,0.6695467233657837,0.014266383834183216,61.155665347818285,0.0,1071.82958984375,1538.0,30.30321215899312
1271,0.0793144553899765,0.003572962014004588,0.6793497204780579,0.015613039955496788,83.09107469394803,0.0,1071.82958984375,1538.0,30.326990328991087
1272,0.07656345516443253,0.00337111740373075,0.6655536890029907,0.013273922726511955,71.61548062413931,0.0,1071.82958984375,1538.0,30.350692476000404
1273,0.07673550397157669,0.0036172373220324516,0.672023594379425,0.01183182280510664,68.72685925848782,0.0,1071.82958984375,1538.0,30.374562765995506
1274,0.07756008207798004,0.003331525018438697,0.6706998348236084,0.014317143708467484,77.27623678278178,0.0,1071.82958984375,1538.0,30.398032717988826
1275,0.0766739696264267,0.003508611349388957,0.6664391160011292,0.013042875565588474,62.81128588505089,0.0,1071.82958984375,1538.0,30.42184715399344
1276,0.07688570767641068,0.0036158044822514057,0.6713356971740723,0.012272665277123451,73.4416013918817,0.0,1071.82958984375,1538.0,30.44566187899909
1277,0.07854543626308441,0.0034544223453849554,0.6812652945518494,0.013928964734077454,78.72897988185287,0.0,1071.82958984375,1538.0,30.46945382800186
1278,0.07842898368835449,0.0032959363888949156,0.6782018542289734,0.01462572067975998,68.22490348666906,0.0,1071.82958984375,1538.0,30.4932690429996
1279,0.07591574639081955,0.003286059945821762,0.660390317440033,0.013181313872337341,77.90279746614397,0.0,1071.82958984375,1538.0,30.516960993991233
1280,0.07684336602687836,0.003388043725863099,0.6691102385520935,0.013088582083582878,83.48610660014674,0.0,1071.82958984375,1538.0,30.54052386699186
1281,0.0772525817155838,0.003248792141675949,0.6747027635574341,0.013067037798464298,68.64754416886717,0.0,1071.82958984375,1538.0,30.564636387993232
1282,0.0769314244389534,0.0034169042482972145,0.6728339791297913,0.012462249957025051,74.27146969689056,0.0,1071.82958984375,1538.0,30.58841440199467
1283,0.07767819613218307,0.0034451649989932775,0.6708890795707703,0.014288248494267464,83.4076704904437,0.0,1071.82958984375,1538.0,30.612059305000002
1284,0.07783818244934082,0.0034057595767080784,0.6815443634986877,0.012555968016386032,66.44036460388452,0.0,1071.82958984375,1538.0,30.6354564929934
1285,0.08144405484199524,0.0036531290970742702,0.6946279406547546,0.01665624976158142,92.368751459755,0.0,1071.82958984375,1538.0,30.659221448993776
1286,0.07947324216365814,0.00337984599173069,0.6908223032951355,0.01402234099805355,74.251409817487,0.0,1071.82958984375,1538.0,30.682964501989773
1287,0.08007349818944931,0.003382895141839981,0.6901603937149048,0.01534912921488285,72.73398153297603,0.0,1071.82958984375,1538.0,30.70692607598903
1288,0.07854664325714111,0.0034202185925096273,0.6744353771209717,0.015365758910775185,85.69097774941474,0.0,1071.82958984375,1538.0,30.73096770599659
1289,0.07699128985404968,0.0035109606105834246,0.677320659160614,0.011496535502374172,63.91484899260104,0.0,1071.82958984375,1538.0,30.754732187997433
1290,0.0814618319272995,0.003499057376757264,0.6888824105262756,0.018149064853787422,94.24304076656699,0.0,1071.82958984375,1538.0,30.778600067002117
1291,0.07892197370529175,0.0036325068213045597,0.6776418089866638,0.015050562098622322,76.38562158867717,0.0,1071.82958984375,1538.0,30.802185904991347
1292,0.07817969471216202,0.0037833997048437595,0.6726194620132446,0.014268694445490837,71.53802754543722,0.0,1071.82958984375,1538.0,30.826017505998607
1293,0.07952135056257248,0.0036411185283213854,0.6905595660209656,0.013648541644215584,78.17942994972691,0.0,1071.82958984375,1538.0,30.849770296001225
1294,0.0802152156829834,0.0036723304074257612,0.698254406452179,0.01343489158898592,79.33124654181302,0.0,1071.82958984375,1538.0,30.87354328299989
1295,0.07629997283220291,0.0036224774084985256,0.6649263501167297,0.012369704432785511,82.01732239499688,0.0,1071.82958984375,1538.0,30.897275351991993
1296,0.08059165626764297,0.003473264630883932,0.6961397528648376,0.015008825808763504,80.6823942521587,0.0,1071.82958984375,1538.0,30.920803265995346
1297,0.07918000966310501,0.0036505323369055986,0.6917709708213806,0.012704755179584026,79.01182786375284,0.0,1071.82958984375,1538.0,30.944428276998224
1298,0.07693774253129959,0.0036315382458269596,0.6834515333175659,0.00992210116237402,57.39905842859298,0.0,1071.82958984375,1538.0,30.968175759990118
1299,0.07864432036876678,0.0036341811064630747,0.6839441061019897,0.013231437653303146,69.9104550210759,0.0,1071.82958984375,1538.0,30.992156063002767
1300,0.07671245187520981,0.0036363843828439713,0.668681800365448,0.012415776029229164,65.2555406652391,0.0,1071.82958984375,1538.0,31.015755954998895
1301,0.07712765038013458,0.003268844448029995,0.6713758111000061,0.01344243809580803,62.36328004300594,0.0,1071.82958984375,1538.0,31.039416457992047
1302,0.07650116086006165,0.004084308631718159,0.6747693419456482,0.009879831224679947,57.67747113108635,0.0,1071.82958984375,1538.0,31.063014674989972
1303,0.07947229593992233,0.0032895756885409355,0.6984803080558777,0.012669389136135578,60.401830391958356,0.0,1071.82958984375,1538.0,31.086731624993263
1304,0.07787816971540451,0.0034486143849790096,0.678166389465332,0.013225838541984558,71.26159867364913,0.0,1071.82958984375,1538.0,31.110445377998985
1305,0.07599261403083801,0.0034221108071506023,0.663029134273529,0.012535176239907742,67.1986836027354,0.0,1071.82958984375,1538.0,31.134136363994912
1306,0.07658392190933228,0.003562679048627615,0.6702765822410583,0.011987169273197651,71.1968838730827,0.0,1071.82958984375,1538.0,31.15757627999119
1307,0.07701697945594788,0.0037534493021667004,0.6761590242385864,0.011295251548290253,59.77190623898059,0.0,1071.82958984375,1538.0,31.181190207993495
1308,0.07747229933738708,0.00326618948020041,0.6720263361930847,0.014006939716637135,65.0110438009724,0.0,1071.82958984375,1538.0,31.204933043991332
1309,0.07442677766084671,0.0033318607602268457,0.6517260670661926,0.011844621039927006,66.06474869279191,0.0,1071.82958984375,1538.0,31.22887764699408
1310,0.07445620000362396,0.0033720179926604033,0.6604297161102295,0.01008240319788456,49.098675686400384,0.0,1071.82958984375,1538.0,31.25245768199966
1311,0.07699042558670044,0.003411926096305251,0.677200973033905,0.011716795153915882,59.23202915349975,0.0,1071.82958984375,1538.0,31.27646809599537
1312,0.07490986585617065,0.003226337255910039,0.6674572229385376,0.009875613264739513,60.6953733721748,0.0,1071.82958984375,1538.0,31.300227795989485
1313,0.0745231956243515,0.0030149801168590784,0.6631537675857544,0.010385669767856598,56.2693624002859,0.0,1071.82958984375,1538.0,31.32434919499792
1314,0.07745839655399323,0.0036124172620475292,0.676946222782135,0.01230271253734827,65.49491206742823,0.0,1071.82958984375,1538.0,31.347900163993472
1315,0.07553350925445557,0.0030607038643211126,0.6637780070304871,0.012190002016723156,71.33472431544214,0.0,1071.82958984375,1538.0,31.371475211999496
1316,0.07579115778207779,0.0031526759266853333,0.6714101433753967,0.01099492609500885,69.88263233285397,0.0,1071.82958984375,1538.0,31.3948652909894
1317,0.07640599459409714,0.00289750169031322,0.6761452555656433,0.011787939816713333,65.8062428208068,0.0,1071.82958984375,1538.0,31.418550192989642
1318,0.07589993625879288,0.0029426557011902332,0.6667296886444092,0.01256860326975584,78.26600680314004,0.0,1071.82958984375,1538.0,31.442211928995675
1319,0.07676032185554504,0.003020397387444973,0.6709315776824951,0.013293540105223656,74.1734898686409,0.0,1071.82958984375,1538.0,31.465908457001206
1320,0.0794348493218422,0.0031324250157922506,0.6885501742362976,0.014894814230501652,95.78177049197257,0.0,1071.82958984375,1538.0,31.489648957998725
1321,0.07654447108507156,0.0030336035415530205,0.6729803085327148,0.012425671331584454,58.12003549095243,0.0,1071.82958984375,1538.0,31.513268720998894
1322,0.07974671572446823,0.0031188172288239002,0.6956011652946472,0.014135560020804405,77.39444401394576,0.0,1071.82958984375,1538.0,31.536788033001358
1323,0.07683926820755005,0.0029474974144250154,0.6771032214164734,0.012362891808152199,72.02615074254572,0.0,1071.82958984375,1538.0,31.560914182002307
1324,0.07631554454565048,0.002928446512669325,0.6707807779312134,0.012618054635822773,66.01202213391662,0.0,1071.82958984375,1538.0,31.584591421997175
1325,0.07791091501712799,0.002959558507427573,0.6849600672721863,0.012910690158605576,74.20872962474823,0.0,1071.82958984375,1538.0,31.608090829991852
1326,0.07701967656612396,0.002697367686778307,0.6758068799972534,0.013483220711350441,70.29339362122118,0.0,1071.82958984375,1538.0,31.63165191799635
1327,0.072877436876297,0.00307295611128211,0.6467278599739075,0.01026338804513216,59.03171203378588,0.0,1071.82958984375,1538.0,31.655420733994106
1328,0.07924850285053253,0.00301130092702806,0.6766271591186523,0.017148973420262337,94.20752280391753,0.0,1071.82958984375,1538.0,31.679227545988397
1329,0.07563826441764832,0.0028389552608132362,0.6592835783958435,0.013741903007030487,67.57253572531044,0.0,1071.82958984375,1538.0,31.703035643993644
1330,0.079008549451828,0.0029330968391150236,0.6917788982391357,0.013795127160847187,81.39536843728274,0.0,1071.82958984375,1538.0,31.72644061499159
1331,0.07894950360059738,0.0028600122313946486,0.6884958744049072,0.014479811303317547,88.7978317020461,0.0,1071.82958984375,1538.0,31.750056234988733
1332,0.07676075398921967,0.003117132233455777,0.6723824739456177,0.01281075831502676,74.63756410777569,0.0,1071.82958984375,1538.0,31.77364238500013
1333,0.07827220857143402,0.0031581278890371323,0.6782840490341187,0.014571338891983032,88.8226342909038,0.0,1071.82958984375,1538.0,31.797437093002372
1334,0.07686245441436768,0.0030591338872909546,0.673499584197998,0.01290671806782484,75.621712137945,0.0,1071.82958984375,1538.0,31.821117113999208
1335,0.07578975707292557,0.0031560894567519426,0.6707637310028076,0.011114575900137424,72.82968897512183,0.0,1071.82958984375,1538.0,31.844492375996197
1336,0.07940447330474854,0.003330287989228964,0.6941690444946289,0.01331455446779728,78.62231125310063,0.0,1071.82958984375,1538.0,31.868088374991203
1337,0.07870083302259445,0.003076116321608424,0.68416428565979,0.014416572637856007,80.71716981753707,0.0,1071.82958984375,1538.0,31.891980870990665
1338,0.0780414566397667,0.00318699749186635,0.6815342307090759,0.013402063399553299,76.50304743647575,0.0,1071.82958984375,1538.0,31.915565882998635
1339,0.07826611399650574,0.0032923147082328796,0.6807517409324646,0.013797249644994736,89.4977815458551,0.0,1071.82958984375,1538.0,31.93933738100168
1340,0.0774337649345398,0.003062524599954486,0.675741970539093,0.013594086281955242,75.68340066354722,0.0,1071.82958984375,1538.0,31.963133097990067
1341,0.07878795266151428,0.0033451388590037823,0.683971107006073,0.01409140881150961,77.10342484898865,0.0,1071.82958984375,1538.0,31.987805379991187
1342,0.0785001590847969,0.0034412068780511618,0.6820043325424194,0.013717034831643105,73.1901785582304,0.0,1071.82958984375,1538.0,32.01188512900262
1343,0.07886733114719391,0.0031331584323197603,0.6809294819831848,0.01528245396912098,86.05246456991881,0.0,1071.82958984375,1538.0,32.03580114399665
1344,0.07648596167564392,0.003212891984730959,0.6751505732536316,0.011516024358570576,62.77457531169057,0.0,1071.82958984375,1538.0,32.05963452899596
1345,0.07769545912742615,0.003228174289688468,0.6803274750709534,0.012869082391262054,76.65703784488142,0.0,1071.82958984375,1538.0,32.083461016998626
1346,0.0756700411438942,0.003469830844551325,0.665654718875885,0.011269466951489449,63.400247098878026,0.0,1071.82958984375,1538.0,32.107367478995
1347,0.07673773914575577,0.003201897721737623,0.6737467646598816,0.012322336435317993,57.6861960766837,0.0,1071.82958984375,1538.0,32.131221381991054
1348,0.07947271317243576,0.0031956101302057505,0.6938496828079224,0.01378425769507885,63.13871592562646,0.0,1071.82958984375,1538.0,32.15490138898895
1349,0.07456912100315094,0.0032891712617129087,0.6532536149024963,0.011909173801541328,62.84601910086349,0.0,1071.82958984375,1538.0,32.17930649899063
1350,0.07898157089948654,0.003218933707103133,0.6732743978500366,0.016870398074388504,77.26680411025882,0.0,1071.82958984375,1538.0,32.20347086699621
1351,0.07582448422908783,0.0033584986813366413,0.6642879843711853,0.012074369937181473,74.17481780890375,0.0,1071.82958984375,1538.0,32.227798865991645
1352,0.07792866975069046,0.0035322681069374084,0.6818870902061462,0.012415380217134953,73.2361954189837,0.0,1071.82958984375,1538.0,32.25161380899954
1353,0.07603317499160767,0.003467332338914275,0.6648154854774475,0.01216859184205532,63.194376518484205,0.0,1071.82958984375,1538.0,32.27584639500128
1354,0.0769185945391655,0.0030377868097275496,0.660895049571991,0.01558260340243578,75.24976772256196,0.0,1071.82958984375,1538.0,32.29981432198838
1355,0.07596901804208755,0.0035121035762131214,0.6583132147789001,0.01325116865336895,72.26585405599326,0.0,1071.82958984375,1538.0,32.32308076399204
1356,0.07676250487565994,0.0033408927265554667,0.67026287317276,0.012790651060640812,76.85343232005835,0.0,1071.82958984375,1538.0,32.346732560996315
1357,0.07482198625802994,0.003217388177290559,0.6573536992073059,0.011738445609807968,53.777088618371636,0.0,1071.82958984375,1538.0,32.37022255000193
1358,0.0759546309709549,0.003581415396183729,0.6590405106544495,0.012938342988491058,71.45145888999104,0.0,1071.82958984375,1538.0,32.393852965993574
1359,0.07680181413888931,0.0032654032111167908,0.6630677580833435,0.01445926446467638,70.90700326301157,0.0,1071.82958984375,1538.0,32.418154052997124
1360,0.07658977061510086,0.0029832629952579737,0.6657516956329346,0.014062672853469849,76.74104721657932,0.0,1071.82958984375,1538.0,32.44220863599912
1361,0.07971121370792389,0.003369402140378952,0.6929157972335815,0.014100458472967148,83.79559801425785,0.0,1071.82958984375,1538.0,32.4663913409895
1362,0.08024679869413376,0.003285516519099474,0.6855888366699219,0.016804780811071396,103.4644694197923,0.0,1071.82958984375,1538.0,32.490143196002464
1363,0.07743411511182785,0.0033062708098441362,0.6807226538658142,0.012111159041523933,65.91740129329264,0.0,1071.82958984375,1538.0,32.513936919000116
1364,0.08033936470746994,0.0032649338245391846,0.697821855545044,0.014584487304091454,84.37037774268538,0.0,1071.82958984375,1538.0,32.537691698991694
1365,0.07515823841094971,0.0037795761600136757,0.6606382727622986,0.010629670694470406,64.58500183466822,0.0,1071.82958984375,1538.0,32.56150789099047
1366,0.07712902128696442,0.003333247732371092,0.6713442206382751,0.013322693295776844,61.7500489000231,0.0,1071.82958984375,1538.0,32.58531074599887
1367,0.07791996002197266,0.0034674040507525206,0.6745041012763977,0.014004282653331757,79.18348882952705,0.0,1071.82958984375,1538.0,32.60919007199118
1368,0.07682513445615768,0.003323337994515896,0.672648549079895,0.012473881244659424,71.13742094766349,0.0,1071.82958984375,1538.0,32.632423199000186
1369,0.07640955597162247,0.003196626901626587,0.6633589267730713,0.013754074461758137,64.50000188499689,0.0,1071.82958984375,1538.0,32.656014512002
1370,0.07903540134429932,0.0035870210267603397,0.6830066442489624,0.014295433647930622,71.02781218290329,0.0,1071.82958984375,1538.0,32.67997361200105
1371,0.07604514062404633,0.003310005646198988,0.6576069593429565,0.013948886655271053,71.90673547703773,0.0,1071.82958984375,1538.0,32.70356773700041
1372,0.07731500267982483,0.0034117212053388357,0.6720271706581116,0.013401137664914131,73.89259038120508,0.0,1071.82958984375,1538.0,32.727636961993994
1373,0.07761889696121216,0.003221995895728469,0.6730247139930725,0.014188858680427074,86.73821678571403,0.0,1071.82958984375,1538.0,32.75129711499903
1374,0.07583150267601013,0.0032503455877304077,0.6661773920059204,0.011926822364330292,60.15562871238217,0.0,1071.82958984375,1538.0,32.775120418998995
1375,0.07656599581241608,0.003358404850587249,0.6689215302467346,0.012630876153707504,66.38554344512522,0.0,1071.82958984375,1538.0,32.79881738599215
1376,0.08198922127485275,0.003236597403883934,0.6816998720169067,0.0211652684956789,115.12202816084027,0.0,1071.82958984375,1538.0,32.82258210200234
1377,0.07550345361232758,0.0033761970698833466,0.6603213548660278,0.012190252542495728,66.52963776979595,0.0,1071.82958984375,1538.0,32.8461736820027
1378,0.07757391780614853,0.0034688860177993774,0.6717870235443115,0.013852661475539207,93.79110631812364,0.0,1071.82958984375,1538.0,32.86994266900001
1379,0.0762782022356987,0.0032526724971830845,0.6639480590820312,0.013261452317237854,75.40622054412961,0.0,1071.82958984375,1538.0,32.89427624999371
1380,0.07781419157981873,0.003592675318941474,0.6851359605789185,0.011415833607316017,68.72864793427289,0.0,1071.82958984375,1538.0,32.91799161399831
1381,0.07864305377006531,0.0033921676222234964,0.6710978746414185,0.016282208263874054,90.05556455999613,0.0,1071.82958984375,1538.0,32.94154313899344
1382,0.07640625536441803,0.003661960829049349,0.6644116044044495,0.012606264092028141,73.59032477578148,0.0,1071.82958984375,1538.0,32.965369712997926
1383,0.07530828565359116,0.00346599193289876,0.658819317817688,0.011920715682208538,69.3352054618299,0.0,1071.82958984375,1538.0,32.9890197289933
1384,0.0804346427321434,0.003304193029180169,0.6983218193054199,0.014596532098948956,80.48637182824314,0.0,1071.82958984375,1538.0,33.01263072498841
1385,0.07618436217308044,0.003347180550917983,0.6664324998855591,0.012387851253151894,71.32012347504497,0.0,1071.82958984375,1538.0,33.03618450599606
1386,0.0766708105802536,0.003179336665198207,0.6673248410224915,0.013517974875867367,72.61425279546529,0.0,1071.82958984375,1538.0,33.0598458989989
1387,0.07760889083147049,0.003427596529945731,0.6797875165939331,0.012405087240040302,75.83911223569885,0.0,1071.82958984375,1538.0,33.083449977988494
1388,0.07660775631666183,0.0035168577451258898,0.6708469390869141,0.012012404389679432,72.55548041313887,0.0,1071.82958984375,1538.0,33.10701378498925
1389,0.07850880175828934,0.0032327407971024513,0.6838186383247375,0.013788380660116673,83.00303684175014,0.0,1071.82958984375,1538.0,33.13064580799255
1390,0.07693451642990112,0.003232887713238597,0.6684193015098572,0.013719391077756882,65.46536520961672,0.0,1071.82958984375,1538.0,33.15438186698884
1391,0.07917670905590057,0.0034379928838461637,0.6812832951545715,0.015220768749713898,87.45588630903512,0.0,1071.82958984375,1538.0,33.178109849992325
1392,0.0778026431798935,0.003566172905266285,0.6826117634773254,0.011950574815273285,62.17130213417113,0.0,1071.82958984375,1538.0,33.201781258991105
1393,0.07786349207162857,0.0031997368205338717,0.6726763844490051,0.014792237430810928,75.82214245013893,0.0,1071.82958984375,1538.0,33.225469518991304
1394,0.07846113294363022,0.0034147712867707014,0.67833411693573,0.014425885863602161,81.68398040160537,0.0,1071.82958984375,1538.0,33.24917499998992
1395,0.0767715647816658,0.0036157213617116213,0.6797077059745789,0.010370135307312012,54.112021080218256,0.0,1071.82958984375,1538.0,33.27292505299556
1396,0.07876820862293243,0.003143817186355591,0.6857477426528931,0.01409923192113638,73.12277851067483,0.0,1071.82958984375,1538.0,33.296592900995165
1397,0.07436580210924149,0.0033648547250777483,0.6599719524383545,0.010007506236433983,64.21451976429671,0.0,1071.82958984375,1538.0,33.32082567700127
1398,0.07630674540996552,0.0033071963116526604,0.6661974191665649,0.012759612873196602,62.36559218727052,0.0,1071.82958984375,1538.0,33.34511513299367
1399,0.07470390945672989,0.003423327812924981,0.6596511006355286,0.010630946606397629,61.382018306758255,0.0,1071.82958984375,1538.0,33.36887487699278
1400,0.07671178132295609,0.003406656440347433,0.6693547964096069,0.012739290483295918,80.58652500621974,0.0,1071.82958984375,1538.0,33.39271946599183
1401,0.07438294589519501,0.003145103110000491,0.6562844514846802,0.011218786239624023,56.24597192462534,0.0,1071.82958984375,1538.0,33.416595377988415
1402,0.07514374703168869,0.0033264365047216415,0.6565327644348145,0.01232806034386158,65.9467409690842,0.0,1071.82958984375,1538.0,33.440117897989694
1403,0.07674898207187653,0.0033275524619966745,0.6753763556480408,0.011767587624490261,64.1935314591974,0.0,1071.82958984375,1538.0,33.463936385000125
1404,0.07583747059106827,0.003240416757762432,0.6706526279449463,0.01106358878314495,54.66533102840185,0.0,1071.82958984375,1538.0,33.48756479099393
1405,0.0783880278468132,0.0032122223637998104,0.6856563091278076,0.013220349326729774,66.86258421652019,0.0,1071.82958984375,1538.0,33.51117173799139
1406,0.07602247595787048,0.003178107552230358,0.6680533289909363,0.01207808032631874,59.98852388933301,0.0,1071.82958984375,1538.0,33.53464289699332
1407,0.0755341425538063,0.003220705781131983,0.6625872850418091,0.012109415605664253,57.056316413450986,0.0,1071.82958984375,1538.0,33.558297355994
1408,0.07404250651597977,0.003285312559455633,0.6527276039123535,0.01096886396408081,54.556464007124305,0.0,1071.82958984375,1538.0,33.58223556999292
1409,0.07487499713897705,0.0031615758780390024,0.6596149206161499,0.011503849178552628,67.69907003641129,0.0,1071.82958984375,1538.0,33.60581574399839
1410,0.07765424996614456,0.0030384650453925133,0.68329256772995,0.012573052197694778,68.65764926653355,0.0,1071.82958984375,1538.0,33.629256432992406
1411,0.07658397406339645,0.00312871509231627,0.6745922565460205,0.011992067098617554,70.07650311198086,0.0,1071.82958984375,1538.0,33.65292855899315
1412,0.07837557792663574,0.0031754551455378532,0.6887528300285339,0.012649680487811565,76.85093221440911,0.0,1071.82958984375,1538.0,33.67651798800216
1413,0.07744711637496948,0.003171805292367935,0.6861568093299866,0.011319256387650967,62.593531786464155,0.0,1071.82958984375,1538.0,33.70047996699577
1414,0.07900116592645645,0.003104172646999359,0.6851648688316345,0.014761021360754967,106.37314544152468,0.0,1071.82958984375,1538.0,33.72413391400187
1415,0.07745211571455002,0.002885331166908145,0.6819698214530945,0.012739592231810093,84.91841320227832,0.0,1071.82958984375,1538.0,33.7476063889917
1416,0.07667157053947449,0.003037298796698451,0.6737000942230225,0.012528529390692711,85.26864751242101,0.0,1071.82958984375,1538.0,33.77164839699981
1417,0.07563062757253647,0.003202395746484399,0.6759786009788513,0.009660745039582253,53.80551425926387,0.0,1071.82958984375,1538.0,33.79538203099219
1418,0.07773201167583466,0.002986965933814645,0.6752023696899414,0.01444961503148079,87.52166907675564,0.0,1071.82958984375,1538.0,33.81901852799638
1419,0.07611114531755447,0.0029831924475729465,0.670487105846405,0.012158483266830444,66.04406174458563,0.0,1071.82958984375,1538.0,33.842888275990845
1420,0.0776248350739479,0.0026883564423769712,0.6773145794868469,0.014410032890737057,90.60438376944512,0.0,1071.82958984375,1538.0,33.86663268099073
1421,0.07534575462341309,0.0031946373637765646,0.6630340814590454,0.011695407330989838,62.11131209414452,0.0,1071.82958984375,1538.0,33.890251304997946
1422,0.0751376673579216,0.0028657640796154737,0.6575954556465149,0.013024713844060898,74.39867290388793,0.0,1071.82958984375,1538.0,33.913954661999014
1423,0.07739400118589401,0.0033470047637820244,0.6861323714256287,0.010867523029446602,67.07451872341335,0.0,1071.82958984375,1538.0,33.93769394599076
1424,0.0749332383275032,0.003320528194308281,0.6652368903160095,0.010178028605878353,60.01332816760987,0.0,1071.82958984375,1538.0,33.9616000889946
1425,0.07555653899908066,0.0030033912044018507,0.6688019037246704,0.011345927603542805,75.8299268707633,0.0,1071.82958984375,1538.0,33.98540024198883
1426,0.07497607171535492,0.0030846213921904564,0.6619095802307129,0.011400983668863773,73.5077905440703,0.0,1071.82958984375,1538.0,34.00912162900204
1427,0.07573959976434708,0.0031957649625837803,0.6631664037704468,0.012454395182430744,78.15591712668538,0.0,1071.82958984375,1538.0,34.032811256998684
1428,0.07655476778745651,0.002861457411199808,0.6735565066337585,0.012675318866968155,74.21285561192781,0.0,1071.82958984375,1538.0,34.05648915799975
1429,0.07703949511051178,0.002974733477458358,0.6784066557884216,0.012448194436728954,72.12091771420091,0.0,1071.82958984375,1538.0,34.08031892500003
1430,0.07653994113206863,0.003103377064689994,0.6718448996543884,0.012504150159657001,65.82776822661981,0.0,1071.82958984375,1538.0,34.103983793989755
1431,0.0778244212269783,0.0030682149808853865,0.6737467050552368,0.014763078652322292,78.73518916312605,0.0,1071.82958984375,1538.0,34.127806546996
1432,0.07753939181566238,0.0029638817068189383,0.6793383955955505,0.01328334305435419,78.74343602359295,0.0,1071.82958984375,1538.0,34.151442365997354
1433,0.07666287571191788,0.002970178611576557,0.6766281127929688,0.012059763073921204,63.01822572667152,0.0,1071.82958984375,1538.0,34.17542026199226
1434,0.07697829604148865,0.0029674172401428223,0.671210765838623,0.013779588975012302,82.89403225202113,0.0,1071.82958984375,1538.0,34.19906397900195
1435,0.07597573101520538,0.003206499619409442,0.6658556461334229,0.012367340736091137,71.06532302871346,0.0,1071.82958984375,1538.0,34.222718012999394
1436,0.07784651219844818,0.00299081695266068,0.6772832870483398,0.01425471156835556,84.93346518557519,0.0,1071.82958984375,1538.0,34.24643777900201
1437,0.07483837008476257,0.0028075005393475294,0.6555244326591492,0.012956857681274414,67.19187234342098,0.0,1071.82958984375,1538.0,34.27014368100208
1438,0.07791382074356079,0.002898590173572302,0.6844935417175293,0.013131745159626007,79.39950737729669,0.0,1071.82958984375,1538.0,34.29386603098828
1439,0.07731591910123825,0.00290418928489089,0.6625247597694397,0.01631850190460682,84.98442459385842,0.0,1071.82958984375,1538.0,34.31756156399206
1440,0.08048245310783386,0.0031565390527248383,0.6959179639816284,0.015468240715563297,87.20560214482248,0.0,1071.82958984375,1538.0,34.34141049999744
1441,0.07776609063148499,0.0030959448777139187,0.6785638928413391,0.01362750306725502,71.6373333428055,0.0,1071.82958984375,1538.0,34.3653454969899
1442,0.07548268139362335,0.003235560143366456,0.6636939644813538,0.01175543200224638,70.88401379389688,0.0,1071.82958984375,1538.0,34.38907033800206
1443,0.07634545862674713,0.0031390544027090073,0.6727765798568726,0.011857478879392147,74.13082073722035,0.0,1071.82958984375,1538.0,34.41289251499984
1444,0.07820966839790344,0.0034811028745025396,0.6839727759361267,0.012662576511502266,73.48232237342745,0.0,1071.82958984375,1538.0,34.43637625098927
1445,0.0773371011018753,0.0031494060531258583,0.66351318359375,0.01567276567220688,81.76997466944158,0.0,1071.82958984375,1538.0,34.46013708099781
1446,0.0736251100897789,0.0032109920866787434,0.6479281187057495,0.011242619715631008,61.642577670514584,0.0,1071.82958984375,1538.0,34.483933172989055
1447,0.07528163492679596,0.0031517427414655685,0.65569669008255,0.01312045007944107,65.27930958848447,0.0,1071.82958984375,1538.0,34.50751212699106
1448,0.07587181031703949,0.00329798785969615,0.6592406034469604,0.013299528509378433,77.99388606939465,0.0,1071.82958984375,1538.0,34.53113541899074
1449,0.07805647701025009,0.002985019702464342,0.6842836737632751,0.013286166824400425,58.28211302589625,0.0,1071.82958984375,1538.0,34.554799222998554
1450,0.07774762809276581,0.00309677142649889,0.6726677417755127,0.014768147841095924,88.98402975685894,0.0,1071.82958984375,1538.0,34.57846684299875
1451,0.07665971666574478,0.0031941598281264305,0.6685855388641357,0.013214013539254665,59.34331107046455,0.0,1071.82958984375,1538.0,34.60228936599742
1452,0.08026272803544998,0.0034032994881272316,0.6965804696083069,0.014402762986719608,79.12393254134804,0.0,1071.82958984375,1538.0,34.62596655500238
1453,0.07742717117071152,0.0034240027889609337,0.6816269755363464,0.011680924333631992,63.58051305124536,0.0,1071.82958984375,1538.0,34.64980257100251
1454,0.076678566634655,0.00330478441901505,0.663869321346283,0.013973703607916832,76.0878440067172,0.0,1071.82958984375,1538.0,34.673615371997585
1455,0.07795412838459015,0.0034733794163912535,0.689473569393158,0.011066782288253307,63.51305493153632,0.0,1071.82958984375,1538.0,34.69766836299095
1456,0.07715191692113876,0.003237452358007431,0.6700167655944824,0.013825585134327412,61.47551391273737,0.0,1071.82958984375,1538.0,34.72118041598878
1457,0.07669602334499359,0.0033195060677826405,0.6722965836524963,0.01229371689260006,65.05035293661058,0.0,1071.82958984375,1538.0,34.74505157599924
1458,0.07904323190450668,0.003710550721734762,0.6967025399208069,0.011324850842356682,57.305396125651896,0.0,1071.82958984375,1538.0,34.76877479199902
1459,0.07525326311588287,0.003315070876851678,0.663516640663147,0.011173049919307232,54.010142834857106,0.0,1071.82958984375,1538.0,34.792521499999566
1460,0.07668311148881912,0.0033492310903966427,0.6745022535324097,0.011767318472266197,65.21279232483357,0.0,1071.82958984375,1538.0,34.81623207899975
1461,0.0775853767991066,0.003280278295278549,0.6726115942001343,0.014087870717048645,84.43174274358898,0.0,1071.82958984375,1538.0,34.83992959700117
1462,0.07654282450675964,0.003352631349116564,0.6727957129478455,0.011821234598755836,63.172411447390914,0.0,1071.82958984375,1538.0,34.86388463199546
1463,0.07584095001220703,0.0031878442969173193,0.6624929308891296,0.012807624414563179,66.01594385132194,0.0,1071.82958984375,1538.0,34.88780789299926
1464,0.07888208329677582,0.003165008034557104,0.6829016804695129,0.01485382579267025,90.61567421630025,0.0,1071.82958984375,1538.0,34.91123704399797
1465,0.07475986331701279,0.0033412715420126915,0.6628315448760986,0.010270864702761173,57.297096349298954,0.0,1071.82958984375,1538.0,34.935083596996265
1466,0.0747094601392746,0.0030529031064361334,0.6603963375091553,0.01123383454978466,65.60898691508919,0.0,1071.82958984375,1538.0,34.958625925995875
1467,0.07962896674871445,0.0032802631612867117,0.6910601854324341,0.014485370367765427,86.79745527170599,0.0,1071.82958984375,1538.0,34.982188594993204
1468,0.07756804674863815,0.003044030163437128,0.6763873100280762,0.013770567253232002,68.3131062258035,0.0,1071.82958984375,1538.0,35.0057031789911
1469,0.08126483112573624,0.0031686730217188597,0.6917470693588257,0.01784290373325348,109.37216804269701,0.0,1071.82958984375,1538.0,35.02933056499751
1470,0.0760771855711937,0.0029666023328900337,0.6672452092170715,0.012772115878760815,63.63777765724808,0.0,1071.82958984375,1538.0,35.052992141994764
1471,0.07715579122304916,0.0034705623984336853,0.6706932187080383,0.013231808319687843,73.64618606306612,0.0,1071.82958984375,1538.0,35.07685954499175
1472,0.07498247921466827,0.003379995469003916,0.6605051755905151,0.011103924363851547,69.577173656784,0.0,1071.82958984375,1538.0,35.10058868699707
1473,0.07927466183900833,0.0034094126895070076,0.6830866932868958,0.015113143250346184,109.75886028632522,0.0,1071.82958984375,1538.0,35.124410200995044
1474,0.07741962373256683,0.0035202440340071917,0.6718800067901611,0.013422764837741852,80.35225029662251,0.0,1071.82958984375,1538.0,35.14790814300068
1475,0.0806833952665329,0.0034585329703986645,0.691228985786438,0.016203928738832474,80.7249424783513,0.0,1071.82958984375,1538.0,35.17185411599348
1476,0.08136004954576492,0.003433948615565896,0.6935354471206665,0.01714511774480343,90.35505973082036,0.0,1071.82958984375,1538.0,35.19586169299146
1477,0.07768476754426956,0.0032091920729726553,0.6674666404724121,0.015457827597856522,80.18266638554633,0.0,1071.82958984375,1538.0,35.2195739519957
1478,0.07989849895238876,0.002991179935634136,0.6929313540458679,0.015228379517793655,91.74225498642772,0.0,1071.82958984375,1538.0,35.24306531599723
1479,0.07937270402908325,0.003364468226209283,0.6741330623626709,0.017189864069223404,88.59897208586335,0.0,1071.82958984375,1538.0,35.266950767996605
1480,0.07883236557245255,0.0034046682994812727,0.6806929707527161,0.014716783538460732,72.22679268755019,0.0,1071.82958984375,1538.0,35.29059623098874
1481,0.07958769053220749,0.0035229625646024942,0.6832125782966614,0.015486940741539001,84.60002533346415,0.0,1071.82958984375,1538.0,35.31456087699917
1482,0.07550927251577377,0.0034031663089990616,0.6529972553253174,0.013612760230898857,72.78625089861453,0.0,1071.82958984375,1538.0,35.33837746299105
1483,0.07874257117509842,0.00395685900002718,0.6761976480484009,0.01433189120143652,84.41805942170322,0.0,1071.82958984375,1538.0,35.362140131997876
1484,0.07663487643003464,0.0036195905413478613,0.6732377409934998,0.01138303056359291,60.21623289305717,0.0,1071.82958984375,1538.0,35.38576676500088
1485,0.07606500387191772,0.003940210212022066,0.6604909896850586,0.012151382863521576,71.92921461351216,0.0,1071.82958984375,1538.0,35.409446252000635
1486,0.07945872098207474,0.0035331619437783957,0.6781484484672546,0.0162214245647192,80.18106195610017,0.0,1071.82958984375,1538.0,35.43312873599643
1487,0.07673672586679459,0.0037169281858950853,0.6634348034858704,0.013352638110518456,63.73649548366666,0.0,1071.82958984375,1538.0,35.45662521799386
1488,0.07566738873720169,0.0037230553571134806,0.6520333290100098,0.01348199788480997,77.09019911289215,0.0,1071.82958984375,1538.0,35.48021672699542
1489,0.07672930508852005,0.0033485370222479105,0.6623573899269104,0.01429005153477192,69.42639064695686,0.0,1071.82958984375,1538.0,35.503774650991545
1490,0.07683826982975006,0.0036258683539927006,0.6685431599617004,0.01271616667509079,63.52783979009837,0.0,1071.82958984375,1538.0,35.52733401500154
1491,0.07920686900615692,0.003346353303641081,0.6748437285423279,0.016752291470766068,77.69595233537257,0.0,1071.82958984375,1538.0,35.55104021099396
1492,0.07714279741048813,0.0034377577248960733,0.6737378835678101,0.012662495486438274,66.706911358051,0.0,1071.82958984375,1538.0,35.57494445100019
1493,0.07584713399410248,0.003627656726166606,0.6626821756362915,0.011902510188519955,63.16890566702932,0.0,1071.82958984375,1538.0,35.59866159799276
1494,0.07829167693853378,0.003603351069614291,0.6732994914054871,0.014716747216880322,73.84476600587368,0.0,1071.82958984375,1538.0,35.62215459799336
1495,0.07766522467136383,0.003560056909918785,0.6716387271881104,0.013882569968700409,64.1788260359317,0.0,1071.82958984375,1538.0,35.64592891299981
1496,0.07429997622966766,0.0034367169719189405,0.6536257863044739,0.011001369915902615,52.1341868955642,0.0,1071.82958984375,1538.0,35.66979139499017
1497,0.07737243175506592,0.003375896019861102,0.6703857183456421,0.013915925286710262,73.99245295859873,0.0,1071.82958984375,1538.0,35.69355865599937
1498,0.07401455193758011,0.0033633410930633545,0.6515754461288452,0.01098733302205801,58.68694830965251,0.0,1071.82958984375,1538.0,35.717327758989995
1499,0.07551711052656174,0.003476998070254922,0.6634662747383118,0.011386956088244915,61.53244591318071,0.0,1071.82958984375,1538.0,35.74098810899886
1500,0.07519979029893875,0.003277599113062024,0.6600853204727173,0.011827316135168076,58.770712160505354,0.0,1071.82958984375,1538.0,35.76480327900208
