id,bucket,input_byte_len,input_token_len,target_token_len,tokens_per_byte,bytes_per_token,tokenizer_loss,phase5_prefix_p64_loss,phase5_prefix_p64_gain_vs_tokenizer,phase5_prefix_p64_delta_vs_tokenizer,phase6_kv_p32_all_loss,phase6_kv_p32_all_gain_vs_tokenizer,phase6_kv_p32_all_delta_vs_tokenizer
test_clean_english_200000,clean_english,137.0,29.0,29.0,0.2116788321167883,4.724137931034483,0.26935014128685,0.9927866458892822,-2.68585901290467,0.7234365046024323,0.8411506414413452,-2.1228891784598862,0.5718005001544952
test_clean_english_200001,clean_english,134.0,30.0,30.0,0.22388059701492538,4.466666666666667,0.2530123293399811,0.7128984928131104,-1.8176432930079267,0.4598861634731293,0.9114450812339783,-2.6023741752491407,0.6584327518939972
test_clean_english_200002,clean_english,140.0,24.0,24.0,0.17142857142857143,5.833333333333333,0.3089042603969574,0.08295490592718124,0.7314543159081716,-0.22594935446977615,0.004316739737987518,0.9860256387126539,-0.3045875206589699
test_clean_english_200003,clean_english,123.0,23.0,23.0,0.18699186991869918,5.3478260869565215,0.3341258466243744,0.022383568808436394,0.9330085683745379,-0.311742277815938,0.006955049466341734,0.9791843416586666,-0.32717079715803266
test_clean_english_200004,clean_english,134.0,29.0,29.0,0.21641791044776118,4.620689655172414,0.26513537764549255,0.9797564744949341,-2.6953064626665846,0.7146210968494415,0.8451679944992065,-2.187684729230154,0.580032616853714
test_clean_english_200005,clean_english,112.0,30.0,30.0,0.26785714285714285,3.7333333333333334,0.27439454197883606,1.1075764894485474,-3.0364377566007645,0.8331819474697113,0.8771693110466003,-2.1967447483494627,0.6027747690677643
test_clean_english_200006,clean_english,124.0,28.0,28.0,0.22580645161290322,4.428571428571429,0.30294957756996155,1.050866723060608,-2.4687842494777086,0.7479171454906464,1.1455568075180054,-2.781344792446382,0.8426072299480438
test_clean_english_200007,clean_english,131.0,25.0,25.0,0.19083969465648856,5.24,0.42524459958076477,0.05020112544298172,0.8819476473246846,-0.37504347413778305,0.0032821479253470898,0.9922817410765878,-0.4219624516554177
test_clean_english_200008,clean_english,104.0,30.0,30.0,0.28846153846153844,3.466666666666667,0.2069484293460846,1.117607831954956,-4.400417077270758,0.9106594026088715,1.0536808967590332,-4.091514345329669,0.8467324674129486
test_clean_english_200009,clean_english,129.0,24.0,24.0,0.18604651162790697,5.375,0.3586792051792145,0.04838113859295845,0.8651130651168228,-0.310298066586256,0.003528488101437688,0.9901625517998048,-0.3551507170777768
test_clean_english_200010,clean_english,124.0,28.0,28.0,0.22580645161290322,4.428571428571429,0.2677556872367859,0.8326918482780457,-2.1098941608723574,0.5649361610412598,0.7999891638755798,-1.9877578778303258,0.532233476638794
test_clean_english_200011,clean_english,129.0,28.0,28.0,0.21705426356589147,4.607142857142857,0.31386634707450867,0.8798138499259949,-1.8031480855675681,0.5659475028514862,0.9291132688522339,-1.9602194612844934,0.6152469217777252
test_clean_english_200012,clean_english,144.0,23.0,23.0,0.1597222222222222,6.260869565217392,0.43997058272361755,0.15718740224838257,0.642732017956016,-0.282783180475235,0.003425212111324072,0.9922149065282491,-0.4365453706122935
test_clean_english_200013,clean_english,111.0,28.0,28.0,0.25225225225225223,3.9642857142857144,0.31961098313331604,1.018442988395691,-2.1865081056081177,0.6988320052623749,0.9345601201057434,-1.9240550839140593,0.6149491369724274
test_clean_english_200014,clean_english,129.0,26.0,26.0,0.20155038759689922,4.961538461538462,0.28391626477241516,0.3884517252445221,-0.36819116564491877,0.10453546047210693,0.5196142792701721,-0.8301673547540168,0.23569801449775696
test_clean_english_200015,clean_english,134.0,29.0,29.0,0.21641791044776118,4.620689655172414,0.25600606203079224,0.7120932340621948,-1.7815483290256804,0.4560871720314026,0.9777153134346008,-2.8191100073130375,0.7217092514038086
test_clean_english_200016,clean_english,141.0,25.0,25.0,0.1773049645390071,5.64,0.3203202784061432,0.03768337890505791,0.8823571860871134,-0.2826368995010853,0.003215006086975336,0.989963151558894,-0.31710527231916785
test_clean_english_200017,clean_english,127.0,25.0,25.0,0.1968503937007874,5.08,0.2642399072647095,0.3611705005168915,-0.3668279869439977,0.096930593252182,0.41365790367126465,-0.5654634001096271,0.14941799640655518
test_clean_english_200018,clean_english,129.0,28.0,28.0,0.21705426356589147,4.607142857142857,0.32731252908706665,0.3907984793186188,-0.19396125901023656,0.06348595023155212,0.36474260687828064,-0.1143557745730455,0.03743007779121399
test_clean_english_200019,clean_english,119.0,28.0,28.0,0.23529411764705882,4.25,0.2961103022098541,0.3689897954463959,-0.24612278834152776,0.07287949323654175,0.3337225019931793,-0.12702090910929986,0.037612199783325195
test_clean_english_200020,clean_english,135.0,28.0,28.0,0.2074074074074074,4.821428571428571,0.2724262773990631,0.5256667733192444,-0.9295744094069986,0.2532404959201813,0.8453493118286133,-2.1030388107176057,0.5729230344295502
test_clean_english_200021,clean_english,126.0,28.0,28.0,0.2222222222222222,4.5,0.28303349018096924,0.6258449554443359,-1.2112046000074972,0.3428114652633667,0.690536618232727,-1.4397699996251458,0.4075031280517578
test_clean_english_200022,clean_english,117.0,26.0,26.0,0.2222222222222222,4.5,0.27212801575660706,0.40986523032188416,-0.5061486013570543,0.1377372145652771,0.34385937452316284,-0.26359417117388145,0.07173135876655579
test_clean_english_200023,clean_english,107.0,28.0,28.0,0.2616822429906542,3.8214285714285716,0.24039281904697418,0.9827778935432434,-3.0882165176123784,0.7423850744962692,0.9089547991752625,-2.7811229252968963,0.6685619801282883
test_clean_english_200024,clean_english,136.0,25.0,25.0,0.18382352941176472,5.44,0.2972232699394226,0.056570086628198624,0.80967140749199,-0.24065318331122398,0.004498572554439306,0.9848646690571833,-0.2927246973849833
test_clean_english_200025,clean_english,127.0,29.0,29.0,0.2283464566929134,4.379310344827586,0.26412996649742126,1.0721049308776855,-3.059005288550448,0.8079749643802643,0.9127538204193115,-2.4556996032035725,0.6486238539218903
test_clean_english_200026,clean_english,111.0,28.0,28.0,0.25225225225225223,3.9642857142857144,0.25394192337989807,0.9771998524665833,-2.8481233797882544,0.7232579290866852,0.9308316111564636,-2.665529498900172,0.6768896877765656
test_clean_english_200027,clean_english,123.0,30.0,30.0,0.24390243902439024,4.1,0.2721116244792938,0.6795672178268433,-1.497384002345532,0.40745559334754944,0.9306630492210388,-2.420151752068413,0.658551424741745
test_clean_english_200028,clean_english,125.0,30.0,30.0,0.24,4.166666666666667,0.27054545283317566,0.6165134906768799,-1.2787797178651374,0.3459680378437042,0.7397599816322327,-1.7343279064031623,0.469214528799057
test_clean_english_200029,clean_english,143.0,25.0,25.0,0.17482517482517482,5.72,0.4345965087413788,0.06862439960241318,0.8420962934075238,-0.3659721091389656,0.07284631580114365,0.8323817280260453,-0.36175019294023514
test_clean_english_200030,clean_english,139.0,27.0,27.0,0.19424460431654678,5.148148148148148,0.29425621032714844,0.4650537967681885,-0.5804383406255064,0.17079758644104004,0.36352652311325073,-0.23540815913142116,0.0692703127861023
test_clean_english_200031,clean_english,129.0,30.0,30.0,0.23255813953488372,4.3,0.31062036752700806,0.6345636248588562,-1.0428912305748324,0.32394325733184814,0.7462722659111023,-1.4025219976800616,0.43565189838409424
test_clean_english_200032,clean_english,136.0,23.0,23.0,0.16911764705882354,5.913043478260869,0.3458678722381592,0.032240211963653564,0.906784600272287,-0.3136276602745056,0.006076039746403694,0.9824324829389767,-0.3397918324917555
test_clean_english_200033,clean_english,128.0,28.0,28.0,0.21875,4.571428571428571,0.35992804169654846,0.34146788716316223,0.051288458788520265,-0.01846015453338623,0.3609716296195984,-0.0028994348929605343,0.0010435879230499268
test_clean_english_200034,clean_english,141.0,25.0,25.0,0.1773049645390071,5.64,0.3110080659389496,0.02085806056857109,0.932934020519373,-0.2901500053703785,0.03359434753656387,0.8919823914047349,-0.2774137184023857
test_clean_english_200035,clean_english,116.0,26.0,26.0,0.22413793103448276,4.461538461538462,0.3866245448589325,0.4945361912250519,-0.2791122493412648,0.10791164636611938,0.40540632605552673,-0.048578864033185315,0.01878178119659424
test_clean_english_200036,clean_english,131.0,29.0,29.0,0.22137404580152673,4.517241379310345,0.2459166944026947,0.9884040951728821,-3.019263912007315,0.7424874007701874,0.8074479103088379,-2.2834204781015064,0.5615312159061432
test_clean_english_200037,clean_english,131.0,29.0,29.0,0.22137404580152673,4.517241379310345,0.2896837890148163,0.7114129066467285,-1.455825743878068,0.42172911763191223,0.7233781218528748,-1.497130144261806,0.43369433283805847
test_clean_english_200038,clean_english,122.0,28.0,28.0,0.22950819672131148,4.357142857142857,0.24066093564033508,0.8044432997703552,-2.34264178617084,0.5637823641300201,0.9504090547561646,-2.949162136461314,0.7097481191158295
test_clean_english_200039,clean_english,128.0,28.0,28.0,0.21875,4.571428571428571,0.3023238778114319,0.5243597626686096,-0.7344305268393915,0.22203588485717773,0.3198632597923279,-0.05801520577159246,0.017539381980895996
test_clean_english_200040,clean_english,125.0,26.0,26.0,0.208,4.8076923076923075,0.23232126235961914,0.42601585388183594,-0.8337359635313507,0.1936945915222168,0.3608870804309845,-0.5533966920012398,0.12856581807136536
test_clean_english_200041,clean_english,136.0,24.0,24.0,0.17647058823529413,5.666666666666667,0.30046725273132324,0.023803478106856346,0.9207784612450218,-0.2766637746244669,0.021026747301220894,0.9300198370701551,-0.27944050543010235
test_clean_english_200042,clean_english,128.0,28.0,28.0,0.21875,4.571428571428571,0.28428640961647034,0.6693739891052246,-1.3545761121971127,0.3850875794887543,0.8172383904457092,-1.8747008748967011,0.5329519808292389
test_clean_english_200043,clean_english,95.0,28.0,28.0,0.29473684210526313,3.392857142857143,0.2741323411464691,0.9166914820671082,-2.3439742214776444,0.642559140920639,0.9362906813621521,-2.4154696138603042,0.662158340215683
test_clean_english_200044,clean_english,109.0,28.0,28.0,0.25688073394495414,3.892857142857143,0.31926313042640686,1.0632885694503784,-2.3304458552111966,0.7440254390239716,0.9711703658103943,-2.0419120570336515,0.6519072353839874
test_clean_english_200045,clean_english,102.0,30.0,30.0,0.29411764705882354,3.4,0.28145498037338257,1.0183621644973755,-2.6182062337159584,0.7369071841239929,0.8171916604042053,-1.9034542551711329,0.5357366800308228
test_clean_english_200046,clean_english,116.0,28.0,28.0,0.2413793103448276,4.142857142857143,0.2541404962539673,0.98359215259552,-2.8702692687457345,0.7294516563415527,0.9406155943870544,-2.7011637588331454,0.6864750981330872
test_clean_english_200047,clean_english,142.0,27.0,27.0,0.19014084507042253,5.2592592592592595,0.28607144951820374,0.39785245060920715,-0.39074504386670855,0.11178100109100342,0.36367127299308777,-0.27126028691634985,0.07759982347488403
test_clean_english_200048,clean_english,129.0,30.0,30.0,0.23255813953488372,4.3,0.3336445391178131,0.9679690003395081,-1.9011983918541189,0.634324461221695,0.7192228436470032,-1.1556559731164628,0.38557830452919006
test_clean_english_200049,clean_english,128.0,29.0,29.0,0.2265625,4.413793103448276,0.25082674622535706,0.7615807056427002,-2.0362818842231944,0.5107539594173431,0.8867319822311401,-2.5352369536957178,0.6359052360057831
test_clean_english_200050,clean_english,142.0,24.0,24.0,0.16901408450704225,5.916666666666667,0.27048400044441223,0.020416049286723137,0.9245203071043794,-0.2500679511576891,0.009212379343807697,0.9659411302381231,-0.26127162110060453
test_clean_english_200051,clean_english,133.0,28.0,28.0,0.21052631578947367,4.75,0.30305132269859314,0.3840389847755432,-0.2672407477247617,0.08098766207695007,0.3113251328468323,-0.027301679710759915,0.008273810148239136
test_clean_english_200052,clean_english,130.0,28.0,28.0,0.2153846153846154,4.642857142857143,0.35520967841148376,0.40813350677490234,-0.1489932048025738,0.05292382836341858,0.3017106056213379,0.15061265512076283,-0.053499072790145874
test_clean_english_200053,clean_english,126.0,30.0,30.0,0.23809523809523808,4.2,0.3402996063232422,0.6955718994140625,-1.0439985427234257,0.3552722930908203,0.8088616132736206,-1.3769102233556596,0.4685620069503784
test_clean_english_200054,clean_english,132.0,24.0,24.0,0.18181818181818182,5.5,0.488470196723938,0.026262767612934113,0.9462346571212068,-0.4622074291110039,0.005036904010921717,0.9896884107880007,-0.48343329271301627
test_clean_english_200055,clean_english,135.0,25.0,25.0,0.18518518518518517,5.4,0.28758713603019714,0.029422249644994736,0.8976927478358929,-0.2581648863852024,0.006900167558342218,0.9760066891252824,-0.2806869684718549
test_clean_english_200056,clean_english,113.0,30.0,30.0,0.26548672566371684,3.7666666666666666,0.24289147555828094,0.9037714600563049,-2.7208858729150753,0.660879984498024,0.8051451444625854,-2.3148349179895105,0.5622536689043045
test_clean_english_200057,clean_english,130.0,28.0,28.0,0.2153846153846154,4.642857142857143,0.37913480401039124,0.40743547677993774,-0.0746454096806445,0.02830067276954651,0.3510211408138275,0.07415215617027127,-0.02811366319656372
test_clean_english_200058,clean_english,137.0,25.0,25.0,0.18248175182481752,5.48,0.4099189341068268,0.13597610592842102,0.668285373973516,-0.27394282817840576,0.02337680384516716,0.942972129608741,-0.3865421302616596
test_clean_english_200059,clean_english,134.0,25.0,25.0,0.1865671641791045,5.36,0.39380934834480286,0.04586433246731758,0.8835367096792209,-0.3479450158774853,0.010178799740970135,0.9741529758403348,-0.3836305486038327
test_clean_english_200060,clean_english,123.0,26.0,26.0,0.21138211382113822,4.730769230769231,0.32182371616363525,0.4100618362426758,-0.27418153370081266,0.08823812007904053,0.3685988783836365,-0.1453440497723226,0.04677516222000122
test_clean_english_200061,clean_english,126.0,28.0,28.0,0.2222222222222222,4.5,0.2616449296474457,0.6559054255485535,-1.5068531862335548,0.3942604959011078,0.8480297923088074,-2.2411474338581217,0.5863848626613617
test_clean_english_200062,clean_english,110.0,28.0,28.0,0.2545454545454545,3.9285714285714284,0.3171013295650482,0.7918103933334351,-1.4970264061002871,0.47470906376838684,0.8439607620239258,-1.6614860403819305,0.5268594324588776
test_clean_english_200063,clean_english,118.0,30.0,30.0,0.2542372881355932,3.933333333333333,0.2944636344909668,0.9738131165504456,-2.3070742953840675,0.6793494820594788,0.9089381098747253,-2.0867584428412966,0.6144744753837585
test_clean_english_200064,clean_english,143.0,30.0,30.0,0.2097902097902098,4.766666666666667,0.2579372525215149,0.7566080689430237,-1.9333028151097096,0.4986708164215088,0.815026581287384,-2.159786239947646,0.5570893287658691
test_clean_english_200065,clean_english,115.0,26.0,26.0,0.22608695652173913,4.423076923076923,0.24432270228862762,0.45889055728912354,-0.8782149713906603,0.2145678550004959,0.3668781518936157,-0.5016130243198142,0.1225554496049881
test_clean_english_200066,clean_english,143.0,24.0,24.0,0.16783216783216784,5.958333333333333,0.4199676513671875,0.07644910365343094,0.8179643041444883,-0.34351854771375656,0.08668389916419983,0.7935938663799368,-0.33328375220298767
test_clean_english_200067,clean_english,112.0,30.0,30.0,0.26785714285714285,3.7333333333333334,0.33650052547454834,1.0112773180007935,-2.0052770841134473,0.6747767925262451,0.9042760133743286,-1.6872945060013724,0.5677754878997803
test_clean_english_200068,clean_english,103.0,28.0,28.0,0.27184466019417475,3.6785714285714284,0.40749168395996094,0.8374239206314087,-1.0550699648479005,0.42993223667144775,0.9539206624031067,-1.3409573739837017,0.5464289784431458
test_clean_english_200069,clean_english,113.0,29.0,29.0,0.25663716814159293,3.896551724137931,0.24181076884269714,0.8919001221656799,-2.6884218450414803,0.6500893533229828,0.861792266368866,-2.563911857579343,0.6199814975261688
test_clean_english_200070,clean_english,131.0,25.0,25.0,0.19083969465648856,5.24,0.36579009890556335,0.053473085165023804,0.853814837183909,-0.31231701374053955,0.023554813116788864,0.9356056569402387,-0.3422352857887745
test_clean_english_200071,clean_english,140.0,24.0,24.0,0.17142857142857143,5.833333333333333,0.41310083866119385,0.03332678601145744,0.9193253005259799,-0.3797740526497364,0.004826742690056562,0.9883158245195062,-0.4082740959711373
test_clean_english_200072,clean_english,137.0,23.0,23.0,0.1678832116788321,5.956521739130435,0.36417654156684875,0.045950040221214294,0.8738248212707033,-0.31822650134563446,0.013500074855983257,0.9629298614405531,-0.3506764667108655
test_clean_english_200073,clean_english,125.0,26.0,26.0,0.208,4.8076923076923075,0.2951360046863556,0.3856590986251831,-0.3067165391597255,0.09052309393882751,0.3497640788555145,-0.18509457775987995,0.054628074169158936
test_clean_english_200074,clean_english,106.0,28.0,28.0,0.2641509433962264,3.7857142857142856,0.257224440574646,1.268980622291565,-3.9333594407150025,1.011756181716919,0.9145727753639221,-2.555543840704807,0.6573483347892761
test_clean_english_200075,clean_english,125.0,27.0,27.0,0.216,4.62962962962963,0.2796503007411957,0.45206913352012634,-0.6165515728820792,0.17241883277893066,0.33947139978408813,-0.2139139449674839,0.059821099042892456
test_clean_english_200076,clean_english,127.0,27.0,27.0,0.2125984251968504,4.703703703703703,0.31392690539360046,0.3750889003276825,-0.19482877664594353,0.06116199493408203,0.34136727452278137,-0.08741005838533103,0.027440369129180908
test_clean_english_200077,clean_english,127.0,29.0,29.0,0.2283464566929134,4.379310344827586,0.277260422706604,0.7385254502296448,-1.6636526159059846,0.46126502752304077,0.8171609044075012,-1.9472684793250064,0.5399004817008972
test_clean_english_200078,clean_english,130.0,28.0,28.0,0.2153846153846154,4.642857142857143,0.2699037790298462,0.6462187170982361,-1.3942559063864632,0.3763149380683899,0.970154881477356,-2.594447195087533,0.7002511024475098
test_clean_english_200079,clean_english,129.0,27.0,27.0,0.20930232558139536,4.777777777777778,0.40633758902549744,0.34990212321281433,0.1388881248914971,-0.056435465812683105,0.3170827329158783,0.21965690233993698,-0.08925485610961914
test_clean_english_200080,clean_english,111.0,30.0,30.0,0.2702702702702703,3.7,0.39438119530677795,1.0644019842147827,-1.698916674733476,0.6700207889080048,0.9472881555557251,-1.401960759865481,0.5529069602489471
test_clean_english_200081,clean_english,111.0,30.0,30.0,0.2702702702702703,3.7,0.2962523400783539,0.967019259929657,-2.2641742498097948,0.6707669198513031,0.9802250266075134,-2.308750325308013,0.6839726865291595
test_clean_english_200082,clean_english,105.0,30.0,30.0,0.2857142857142857,3.5,0.25648829340934753,0.9530054926872253,-2.7155906026722922,0.6965171992778778,0.8221336603164673,-2.205345746538096,0.5656453669071198
test_clean_english_200083,clean_english,138.0,30.0,30.0,0.21739130434782608,4.6,0.2887013852596283,0.8126780986785889,-1.8149435374123677,0.5239767134189606,0.838650643825531,-1.9049068921901258,0.5499492585659027
test_clean_english_200084,clean_english,137.0,27.0,27.0,0.19708029197080293,5.074074074074074,0.25235164165496826,0.30611708760261536,-0.2130576428789742,0.053765445947647095,0.37966716289520264,-0.5045163185992209,0.12731552124023438
test_clean_english_200085,clean_english,132.0,25.0,25.0,0.1893939393939394,5.28,0.27944400906562805,0.03158385679125786,0.8869760819104183,-0.2478601522743702,0.004329794552177191,0.9845056812394918,-0.27511421451345086
test_clean_english_200086,clean_english,132.0,23.0,23.0,0.17424242424242425,5.739130434782608,0.3868221640586853,0.022553034126758575,0.9416966342100888,-0.3642691299319267,0.0046073151752352715,0.9880893195806218,-0.38221484888345003
test_clean_english_200087,clean_english,112.0,29.0,29.0,0.25892857142857145,3.8620689655172415,0.27198687195777893,0.964326024055481,-2.5454873873661636,0.692339152097702,0.82728511095047,-2.0416361826422675,0.555298238992691
test_clean_english_200088,clean_english,118.0,30.0,30.0,0.2542372881355932,3.933333333333333,0.36193692684173584,0.9532871246337891,-1.6338487563349204,0.5913501977920532,0.9502220153808594,-1.6253801281690248,0.5882850885391235
test_clean_english_200089,clean_english,128.0,26.0,26.0,0.203125,4.923076923076923,0.2561757266521454,0.3791225254535675,-0.47993149237112737,0.12294679880142212,0.36696290969848633,-0.4324655754632682,0.11078718304634094
test_clean_english_200090,clean_english,128.0,26.0,26.0,0.203125,4.923076923076923,0.2602643668651581,0.38380271196365356,-0.4746648440064798,0.12353834509849548,0.3471204340457916,-0.33372246929843197,0.08685606718063354
test_clean_english_200091,clean_english,130.0,29.0,29.0,0.2230769230769231,4.482758620689655,0.24833360314369202,0.6194754242897034,-1.4945291996236991,0.37114182114601135,0.9692573547363281,-2.9030455100169896,0.7209237515926361
test_clean_english_200092,clean_english,126.0,26.0,26.0,0.20634920634920634,4.846153846153846,0.2767927944660187,0.4274246394634247,-0.5442043579494219,0.150631844997406,0.3502883315086365,-0.2655254707204479,0.0734955370426178
test_clean_english_200093,clean_english,116.0,30.0,30.0,0.25862068965517243,3.8666666666666667,0.2134254425764084,0.9746035933494568,-3.5664827097666167,0.7611781507730484,0.8941991329193115,-3.1897494606304004,0.6807736903429031
test_clean_english_200094,clean_english,132.0,28.0,28.0,0.21212121212121213,4.714285714285714,0.2892362177371979,0.34763917326927185,-0.2019213084342685,0.058402955532073975,0.33553799986839294,-0.16008293322817962,0.04630178213119507
test_clean_english_200095,clean_english,127.0,30.0,30.0,0.23622047244094488,4.233333333333333,0.29883888363838196,0.8262950778007507,-1.765018620537451,0.5274561941623688,0.7504609823226929,-1.5112561430620535,0.4516220986843109
test_clean_english_200096,clean_english,136.0,28.0,28.0,0.20588235294117646,4.857142857142857,0.30474260449409485,0.3698332607746124,-0.2135922425043751,0.06509065628051758,0.33459076285362244,-0.09794547240638934,0.029848158359527588
test_clean_english_200097,clean_english,146.0,24.0,24.0,0.1643835616438356,6.083333333333333,0.33372172713279724,0.020397920161485672,0.9388774583640795,-0.31332380697131157,0.006850885692983866,0.9794712626239714,-0.3268708414398134
test_clean_english_200098,clean_english,132.0,28.0,28.0,0.21212121212121213,4.714285714285714,0.30907732248306274,0.6319069862365723,-1.0444948246605843,0.3228296637535095,0.8173357248306274,-1.6444377033692499,0.5082584023475647
test_clean_english_200099,clean_english,130.0,27.0,27.0,0.2076923076923077,4.814814814814815,0.3078986704349518,0.4232538044452667,-0.3746529137243723,0.11535513401031494,0.31820961833000183,-0.033488120882380984,0.010310947895050049
test_clean_english_200100,clean_english,136.0,30.0,30.0,0.22058823529411764,4.533333333333333,0.2722254991531372,0.721174955368042,-1.649182231684893,0.4489494562149048,0.5282320976257324,-0.9404210820404512,0.2560065984725952
test_clean_english_200101,clean_english,129.0,27.0,27.0,0.20930232558139536,4.777777777777778,0.31774139404296875,0.4013086259365082,-0.26300391909981513,0.08356723189353943,0.35698941349983215,-0.12352189608495209,0.0392480194568634
test_clean_english_200102,clean_english,133.0,27.0,27.0,0.20300751879699247,4.925925925925926,0.2779425382614136,0.409256249666214,-0.47244913364537167,0.13131371140480042,0.3417825400829315,-0.22968777007236812,0.06384000182151794
test_clean_english_200103,clean_english,126.0,28.0,28.0,0.2222222222222222,4.5,0.4541967213153839,0.3849632441997528,0.15243059640572998,-0.0692334771156311,0.35396668314933777,0.2206753890159605,-0.10023003816604614
test_clean_english_200104,clean_english,138.0,24.0,24.0,0.17391304347826086,5.75,0.30871880054473877,0.027336860075592995,0.9114506145160038,-0.2813819404691458,0.0055522914044559,0.982015052550545,-0.30316650914028287
test_clean_english_200105,clean_english,108.0,30.0,30.0,0.2777777777777778,3.6,0.3297397494316101,0.9142149686813354,-1.7725349165734985,0.5844752192497253,0.9991147518157959,-2.030010041367542,0.6693750023841858
test_clean_english_200106,clean_english,123.0,27.0,27.0,0.21951219512195122,4.555555555555555,0.30017852783203125,0.3837527930736542,-0.27841520126445546,0.08357426524162292,0.3166395425796509,-0.05483741580887025,0.01646101474761963
test_clean_english_200107,clean_english,138.0,29.0,29.0,0.21014492753623187,4.758620689655173,0.25689756870269775,0.6859780550003052,-1.6702395762809783,0.4290804862976074,0.7061353325843811,-1.7487038361253506,0.44923776388168335
test_clean_english_200108,clean_english,129.0,30.0,30.0,0.23255813953488372,4.3,0.33929020166397095,0.6832739114761353,-1.013833314741113,0.3439837098121643,0.5766733288764954,-0.6996462793453313,0.23738312721252441
test_clean_english_200109,clean_english,119.0,28.0,28.0,0.23529411764705882,4.25,0.35023513436317444,0.9925843477249146,-1.834051328201869,0.6423492133617401,0.9234018325805664,-1.6365197034260128,0.573166698217392
test_clean_english_200110,clean_english,129.0,26.0,26.0,0.20155038759689922,4.961538461538462,0.2502092123031616,0.3891908824443817,-0.5554618427591123,0.1389816701412201,0.3420276939868927,-0.36696683083147563,0.09181848168373108
test_clean_english_200111,clean_english,122.0,27.0,27.0,0.22131147540983606,4.518518518518518,0.3402545154094696,0.3376735746860504,0.007585323945850446,-0.0025809407234191895,0.3519081473350525,-0.03424974951929339,0.011653631925582886
test_clean_english_200112,clean_english,117.0,28.0,28.0,0.23931623931623933,4.178571428571429,0.27711668610572815,1.1422351598739624,-3.121856305102343,0.8651184737682343,0.8207706809043884,-1.9618233836386176,0.5436539947986603
test_clean_english_200113,clean_english,124.0,27.0,27.0,0.21774193548387097,4.592592592592593,0.25847527384757996,0.3679273724555969,-0.42345287802097337,0.10945209860801697,0.38202932476997375,-0.47801110366654365,0.1235540509223938
test_clean_english_200114,clean_english,107.0,26.0,26.0,0.24299065420560748,4.115384615384615,0.31886550784111023,0.429300457239151,-0.34633708156691,0.11043494939804077,0.3475753664970398,-0.09003751722884874,0.028709858655929565
test_clean_english_200115,clean_english,133.0,28.0,28.0,0.21052631578947367,4.75,0.32388025522232056,0.376252681016922,-0.16170305213157105,0.05237242579460144,0.30993062257766724,0.04307033979295187,-0.01394963264465332
test_clean_english_200116,clean_english,132.0,29.0,29.0,0.2196969696969697,4.551724137931035,0.28153714537620544,0.933009684085846,-2.3139843157786766,0.6514725387096405,0.60114985704422,-1.1352417146978258,0.3196127116680145
test_clean_english_200117,clean_english,116.0,30.0,30.0,0.25862068965517243,3.8666666666666667,0.3070024847984314,0.9121366739273071,-1.9711051834847155,0.6051341891288757,1.0385421514511108,-2.3828460773957136,0.7315396666526794
test_clean_english_200118,clean_english,133.0,26.0,26.0,0.19548872180451127,5.115384615384615,0.2865217626094818,0.39345434308052063,-0.37320927910381396,0.10693258047103882,0.38080519437789917,-0.329062026247975,0.09428343176841736
test_clean_english_200119,clean_english,123.0,26.0,26.0,0.21138211382113822,4.730769230769231,0.3606336712837219,0.3894060552120209,-0.07978285506697129,0.02877238392829895,0.37172815203666687,-0.030763851621099927,0.011094480752944946
test_clean_english_200120,clean_english,134.0,24.0,24.0,0.1791044776119403,5.583333333333333,0.35772690176963806,0.031982239335775375,0.9105959345591217,-0.3257446624338627,0.0046055191196501255,0.9871256002921025,-0.35312138264998794
test_clean_english_200121,clean_english,139.0,25.0,25.0,0.17985611510791366,5.56,0.3187693655490875,0.018884701654314995,0.9407574764225362,-0.29988466389477253,0.005142297595739365,0.9838682817375451,-0.31362706795334816
test_clean_english_200122,clean_english,147.0,24.0,24.0,0.16326530612244897,6.125,0.3363440930843353,0.04400709271430969,0.8691605007516059,-0.29233700037002563,0.031298257410526276,0.9069457200109695,-0.30504583567380905
test_clean_english_200123,clean_english,130.0,28.0,28.0,0.2153846153846154,4.642857142857143,0.2945452034473419,0.3562130331993103,-0.20936626714749138,0.061667829751968384,0.3373652994632721,-0.1453769931228415,0.042820096015930176
test_clean_english_200124,clean_english,103.0,28.0,28.0,0.27184466019417475,3.6785714285714284,0.238626167178154,0.9682251811027527,-3.0574979372647477,0.7295990139245987,0.9864140152931213,-3.1337210707352243,0.7477878481149673
test_clean_english_200125,clean_english,140.0,25.0,25.0,0.17857142857142858,5.6,0.3200004994869232,0.03456646576523781,0.891979963091744,-0.2854340337216854,0.023511821404099464,0.9265256727980192,-0.29648867808282375
test_clean_english_200126,clean_english,129.0,30.0,30.0,0.23255813953488372,4.3,0.3204876184463501,0.9429394602775574,-1.9422024627619312,0.6224518418312073,0.5684496760368347,-0.7737024562525922,0.24796205759048462
test_clean_english_200127,clean_english,135.0,27.0,27.0,0.2,5.0,0.31417587399482727,0.3826119601726532,-0.2178273121600441,0.06843608617782593,0.3369680345058441,-0.07254586490429277,0.022792160511016846
test_clean_english_200128,clean_english,121.0,27.0,27.0,0.2231404958677686,4.481481481481482,0.33945727348327637,0.41258713603019714,-0.21543171485622498,0.07312986254692078,0.3571009337902069,-0.051976085608310796,0.017643660306930542
test_clean_english_200129,clean_english,132.0,29.0,29.0,0.2196969696969697,4.551724137931035,0.2903694808483124,0.5627124309539795,-0.9379186452722894,0.2723429501056671,0.5782373547554016,-0.991384745621631,0.28786787390708923
test_clean_english_200130,clean_english,137.0,25.0,25.0,0.18248175182481752,5.48,0.30475369095802307,0.032121315598487854,0.8945990924752664,-0.2726323753595352,0.0035672432277351618,0.9882946676822152,-0.3011864477302879
test_clean_english_200131,clean_english,123.0,30.0,30.0,0.24390243902439024,4.1,0.33162134885787964,0.7689176201820374,-1.3186613974951484,0.4372962713241577,0.7862809300422668,-1.3710202396506055,0.4546595811843872
test_clean_english_200132,clean_english,117.0,28.0,28.0,0.23931623931623933,4.178571428571429,0.3676120340824127,0.9466453790664673,-1.5751207558516558,0.5790333449840546,0.6771988272666931,-0.8421563074153225,0.3095867931842804
test_clean_english_200133,clean_english,119.0,28.0,28.0,0.23529411764705882,4.25,0.2488265484571457,1.129350185394287,-3.538704540961754,0.8805236369371414,0.7767452597618103,-2.121633381076239,0.5279187113046646
test_clean_english_200134,clean_english,103.0,28.0,28.0,0.27184466019417475,3.6785714285714284,0.29316213726997375,1.065089464187622,-2.6331071744328924,0.7719273269176483,1.0624167919158936,-2.623990470971056,0.7692546546459198
test_clean_english_200135,clean_english,123.0,28.0,28.0,0.22764227642276422,4.392857142857143,0.37281832098960876,0.384531170129776,-0.03141704278125779,0.011712849140167236,0.3284345269203186,0.11904939100492122,-0.04438379406929016
test_clean_english_200136,clean_english,130.0,30.0,30.0,0.23076923076923078,4.333333333333333,0.30004823207855225,0.8894258141517639,-1.9642761365076578,0.5893775820732117,0.6489791870117188,-1.1629162168894793,0.3489309549331665
test_clean_english_200137,clean_english,146.0,25.0,25.0,0.17123287671232876,5.84,0.34905311465263367,0.016053956001996994,0.9540071257694596,-0.3329991586506367,0.005111036356538534,0.9853574251539773,-0.34394207829609513
test_clean_english_200138,clean_english,111.0,29.0,29.0,0.26126126126126126,3.8275862068965516,0.27739956974983215,1.1520307064056396,-3.152965008001195,0.8746311366558075,0.7344306707382202,-1.6475551905165295,0.45703110098838806
test_clean_english_200139,clean_english,138.0,25.0,25.0,0.18115942028985507,5.52,0.31621086597442627,0.026703733950853348,0.915550865500577,-0.2895071320235729,0.005051522050052881,0.984024830916274,-0.3111593439243734
test_clean_english_200140,clean_english,124.0,30.0,30.0,0.24193548387096775,4.133333333333334,0.33013391494750977,0.8428316712379456,-1.5529993529200206,0.5126977562904358,0.8146999478340149,-1.4677862859486872,0.4845660328865051
test_clean_english_200141,clean_english,133.0,25.0,25.0,0.18796992481203006,5.32,0.34020233154296875,0.021992402151226997,0.9353549340726688,-0.31820992939174175,0.0017874271143227816,0.9947459880530036,-0.33841490442864597
test_clean_english_200142,clean_english,133.0,28.0,28.0,0.21052631578947367,4.75,0.30252695083618164,0.36884310841560364,-0.21920743720889913,0.066316157579422,0.3048984706401825,-0.007839036480703608,0.0023715198040008545
test_clean_english_200143,clean_english,118.0,28.0,28.0,0.23728813559322035,4.214285714285714,0.3135303854942322,1.0193058252334595,-2.251059139377134,0.7057754397392273,1.0646215677261353,-2.3955929536077467,0.7510911822319031
test_clean_english_200144,clean_english,124.0,26.0,26.0,0.20967741935483872,4.769230769230769,0.24356761574745178,0.4005524516105652,-0.6445226118479004,0.1569848358631134,0.389326274394989,-0.5984320132224399,0.14575865864753723
test_clean_english_200145,clean_english,133.0,27.0,27.0,0.20300751879699247,4.925925925925926,0.2907431125640869,0.37997767329216003,-0.30691891526202064,0.08923456072807312,0.42788758873939514,-0.471703267416449,0.13714447617530823
test_clean_english_200146,clean_english,132.0,25.0,25.0,0.1893939393939394,5.28,0.27944400906562805,0.03158385679125786,0.8869760819104183,-0.2478601522743702,0.004329794552177191,0.9845056812394918,-0.27511421451345086
test_clean_english_200147,clean_english,134.0,26.0,26.0,0.19402985074626866,5.153846153846154,0.27137231826782227,0.37306439876556396,-0.3747326961970378,0.1016920804977417,0.3218473196029663,-0.1859990792624963,0.05047500133514404
test_clean_english_200148,clean_english,128.0,26.0,26.0,0.203125,4.923076923076923,0.3018302619457245,0.3773161470890045,-0.250093826432997,0.07548588514328003,0.4231579601764679,-0.40197327282100265,0.12132769823074341
test_clean_english_200149,clean_english,149.0,24.0,24.0,0.1610738255033557,6.208333333333333,0.34002867341041565,0.14792688190937042,0.5649576242329946,-0.19210179150104523,0.006041669752448797,0.9822318815297189,-0.33398700365796685
test_clean_english_200150,clean_english,144.0,24.0,24.0,0.16666666666666666,6.0,0.31940317153930664,0.10054629296064377,0.685205715159061,-0.21885687857866287,0.005072787869721651,0.9841179164086747,-0.314330383669585
test_clean_english_200151,clean_english,130.0,28.0,28.0,0.2153846153846154,4.642857142857143,0.27616390585899353,0.403137743473053,-0.45977709222758095,0.12697383761405945,0.355669230222702,-0.2878918014880015,0.0795053243637085
test_clean_english_200152,clean_english,97.0,28.0,28.0,0.28865979381443296,3.4642857142857144,0.25484105944633484,0.9970696568489075,-2.912515742224315,0.7422285974025726,0.898263156414032,-2.524797606655653,0.6434220969676971
test_clean_english_200153,clean_english,142.0,25.0,25.0,0.176056338028169,5.68,0.3252551257610321,0.013698946684598923,0.9578824571863515,-0.3115561790764332,0.010486984625458717,0.9677576653068226,-0.3147681411355734
test_clean_english_200154,clean_english,133.0,30.0,30.0,0.22556390977443608,4.433333333333334,0.23569777607917786,0.9341003894805908,-2.9631277181283155,0.698402613401413,0.7439969778060913,-2.156571903996925,0.5082992017269135
test_clean_english_200155,clean_english,136.0,25.0,25.0,0.18382352941176472,5.44,0.31224706768989563,0.06408891081809998,0.7947493589219256,-0.24815815687179565,0.0018850314663723111,0.9939630130706483,-0.3103620362235233
test_clean_english_200156,clean_english,130.0,28.0,28.0,0.2153846153846154,4.642857142857143,0.36402735114097595,0.3720516562461853,-0.022043137912738316,0.00802430510520935,0.31460830569267273,0.13575640757049828,-0.04941904544830322
test_clean_english_200157,clean_english,117.0,28.0,28.0,0.23931623931623933,4.178571428571429,0.2480301856994629,0.963272750377655,-2.883691606572631,0.7152425646781921,1.0863991975784302,-3.380108794075635,0.8383690118789673
test_clean_english_200158,clean_english,120.0,26.0,26.0,0.21666666666666667,4.615384615384615,0.2962515950202942,0.4507949650287628,-0.5216625753453983,0.15454337000846863,0.34145137667655945,-0.1525722811827188,0.04519978165626526
test_clean_english_200159,clean_english,139.0,24.0,24.0,0.17266187050359713,5.791666666666667,0.3117534816265106,0.02082075923681259,0.9332140281860383,-0.29093272238969803,0.004263043869286776,0.9863255933917876,-0.30749043775722384
test_clean_english_200160,clean_english,133.0,23.0,23.0,0.17293233082706766,5.782608695652174,0.4335393011569977,0.03628417104482651,0.9163070777020814,-0.3972551301121712,0.013414585962891579,0.9690579702299382,-0.4201247151941061
test_clean_english_200161,clean_english,131.0,26.0,26.0,0.1984732824427481,5.038461538461538,0.25799545645713806,0.41593116521835327,-0.6121646905338186,0.1579357087612152,0.36171138286590576,-0.40200679435608005,0.1037159264087677
test_clean_english_200162,clean_english,143.0,29.0,29.0,0.20279720279720279,4.931034482758621,0.2825218737125397,0.877339243888855,-2.1053851949938927,0.5948173701763153,0.7233886122703552,-1.5604693992876055,0.44086673855781555
test_clean_english_200163,clean_english,123.0,28.0,28.0,0.22764227642276422,4.392857142857143,0.3971887230873108,1.1076580286026,-1.7887449069371302,0.7104693055152893,0.8874154090881348,-1.2342411994739875,0.490226686000824
test_clean_english_200164,clean_english,133.0,27.0,27.0,0.20300751879699247,4.925925925925926,0.2754210829734802,0.3983443081378937,-0.4463101511232148,0.12292322516441345,0.3656652867794037,-0.32765902606886815,0.09024420380592346
test_clean_english_200165,clean_english,140.0,25.0,25.0,0.17857142857142858,5.6,0.32652518153190613,0.02531137689948082,0.9224826190104803,-0.3012138046324253,0.04255361109972,0.8696773985391325,-0.2839715704321861
test_clean_english_200166,clean_english,133.0,28.0,28.0,0.21052631578947367,4.75,0.22773711383342743,0.9202460050582886,-3.04082579939684,0.6925088912248611,0.883799135684967,-2.880786582425031,0.6560620218515396
test_clean_english_200167,clean_english,119.0,28.0,28.0,0.23529411764705882,4.25,0.3352988362312317,0.3350410461425781,0.0007688368130087545,-0.00025779008865356445,0.3203030228614807,0.0447237262684963,-0.014995813369750977
test_clean_english_200168,clean_english,125.0,23.0,23.0,0.184,5.434782608695652,0.3170730471611023,0.013739978894591331,0.9566662035212026,-0.30333306826651096,0.011293835006654263,0.9643809680205458,-0.30577921215444803
test_clean_english_200169,clean_english,133.0,27.0,27.0,0.20300751879699247,4.925925925925926,0.3472100496292114,0.3949459195137024,-0.13748412505763732,0.04773586988449097,0.33562812209129333,0.03335712071204889,-0.01158192753791809
test_clean_english_200170,clean_english,136.0,25.0,25.0,0.18382352941176472,5.44,0.28919702768325806,0.018321221694350243,0.936647959900831,-0.2708758059889078,0.004111349117010832,0.9857835706336727,-0.2850856785662472
test_clean_english_200171,clean_english,142.0,23.0,23.0,0.1619718309859155,6.173913043478261,0.26167723536491394,0.039818767458200455,0.847832512435893,-0.22185846790671349,0.003223524894565344,0.9876812941329418,-0.2584537104703486
test_clean_english_200172,clean_english,110.0,28.0,28.0,0.2545454545454545,3.9285714285714284,0.28970518708229065,0.9726575016975403,-2.357404510058901,0.6829523146152496,0.9333207011222839,-2.2216223344912858,0.6436155140399933
test_clean_english_200173,clean_english,132.0,26.0,26.0,0.19696969696969696,5.076923076923077,0.3834964632987976,0.4463528096675873,-0.16390332736866925,0.06285634636878967,0.4331711232662201,-0.12953094675274476,0.049674659967422485
test_clean_english_200174,clean_english,125.0,27.0,27.0,0.216,4.62962962962963,0.24683068692684174,0.40500643849372864,-0.6408269309470774,0.1581757515668869,0.36587440967559814,-0.48228899020177274,0.11904372274875641
test_clean_english_200175,clean_english,137.0,27.0,27.0,0.19708029197080293,5.074074074074074,0.27962180972099304,0.3994092643260956,-0.42839095678776484,0.11978745460510254,0.34407955408096313,-0.23051758524947,0.06445774435997009
test_clean_english_200176,clean_english,120.0,29.0,29.0,0.24166666666666667,4.137931034482759,0.235261008143425,1.0074434280395508,-3.282237145840041,0.7721824198961258,0.8399887084960938,-2.5704544289974365,0.6047277003526688
test_clean_english_200177,clean_english,121.0,26.0,26.0,0.21487603305785125,4.653846153846154,0.3403811752796173,0.4775903522968292,-0.4031044810409886,0.13720917701721191,0.34019601345062256,0.0005439837524582366,-0.00018516182899475098
test_clean_english_200178,clean_english,131.0,27.0,27.0,0.20610687022900764,4.851851851851852,0.2536797523498535,0.3777003884315491,-0.4888866176069774,0.12402063608169556,0.34942755103111267,-0.37743571488989763,0.09574779868125916
test_clean_english_200179,clean_english,123.0,28.0,28.0,0.22764227642276422,4.392857142857143,0.2857218384742737,0.7126038670539856,-1.4940476053885823,0.4268820285797119,0.8561631441116333,-1.996491793149098,0.5704413056373596
test_clean_english_200180,clean_english,138.0,30.0,30.0,0.21739130434782608,4.6,0.26098862290382385,0.894173264503479,-2.426100550110907,0.6331846415996552,0.7411362528800964,-1.8397262862803425,0.4801476299762726
test_clean_english_200181,clean_english,130.0,28.0,28.0,0.2153846153846154,4.642857142857143,0.24766480922698975,0.37137678265571594,-0.49951373315755043,0.1237119734287262,0.33800891041755676,-0.3647837634767273,0.09034410119056702
test_clean_english_200182,clean_english,111.0,30.0,30.0,0.2702702702702703,3.7,0.23344498872756958,0.9561116695404053,-3.0956615721410414,0.7226666808128357,0.9567998647689819,-3.0986095695785867,0.7233548760414124
test_clean_english_200183,clean_english,134.0,30.0,30.0,0.22388059701492538,4.466666666666667,0.2885044813156128,0.8902849555015564,-2.085861791268396,0.6017804741859436,0.8477190732955933,-1.9383220303195958,0.5592145919799805
test_clean_english_200184,clean_english,147.0,24.0,24.0,0.16326530612244897,6.125,0.3363440930843353,0.04400709271430969,0.8691605007516059,-0.29233700037002563,0.031298257410526276,0.9069457200109695,-0.30504583567380905
test_clean_english_200185,clean_english,113.0,30.0,30.0,0.26548672566371684,3.7666666666666666,0.2826455235481262,0.9310837388038635,-2.2941747214522126,0.6484382152557373,0.9050697088241577,-2.2021370707116503,0.6224241852760315
test_clean_english_200186,clean_english,126.0,26.0,26.0,0.20634920634920634,4.846153846153846,0.3319609463214874,0.3837891221046448,-0.1561273287037939,0.05182817578315735,0.32751956582069397,0.013379225930065292,-0.004441380500793457
test_clean_english_200187,clean_english,105.0,29.0,29.0,0.2761904761904762,3.6206896551724137,0.2590092718601227,0.9754312038421631,-2.7660088260042763,0.7164219319820404,0.8240857720375061,-2.1816844475071595,0.5650765001773834
test_clean_english_200188,clean_english,97.0,28.0,28.0,0.28865979381443296,3.4642857142857144,0.2530870735645294,0.9152755737304688,-2.6164453634061307,0.6621885001659393,0.9416853189468384,-2.720795794443202,0.688598245382309
test_clean_english_200189,clean_english,126.0,27.0,27.0,0.21428571428571427,4.666666666666667,0.27505630254745483,0.3822152316570282,-0.3895890700089865,0.10715892910957336,0.3546220064163208,-0.28927060798811793,0.07956570386886597
test_clean_english_200190,clean_english,124.0,30.0,30.0,0.24193548387096775,4.133333333333334,0.2513684034347534,0.7244646549224854,-1.8820832094377822,0.47309625148773193,0.7501512169837952,-1.9842701259727282,0.49878281354904175
test_clean_english_200191,clean_english,130.0,27.0,27.0,0.2076923076923077,4.814814814814815,0.2967851161956787,0.3700675666332245,-0.2469209082211138,0.07328245043754578,0.3533945679664612,-0.19074221947659356,0.05660945177078247
test_clean_english_200192,clean_english,132.0,29.0,29.0,0.2196969696969697,4.551724137931035,0.3073645234107971,0.6065002679824829,-0.9732279485355132,0.2991357445716858,0.6664882302284241,-1.1683967389354593,0.35912370681762695
test_clean_english_200193,clean_english,111.0,28.0,28.0,0.25225225225225223,3.9642857142857144,0.2525303363800049,1.0522103309631348,-3.166669026963082,0.7996799945831299,0.9510480165481567,-2.7660743266782415,0.6985176801681519
test_clean_english_200194,clean_english,129.0,28.0,28.0,0.21705426356589147,4.607142857142857,0.2400856763124466,0.840977668762207,-2.502823165792539,0.6008919924497604,0.8652266263961792,-2.603824433366764,0.6251409500837326
test_clean_english_200195,clean_english,120.0,28.0,28.0,0.23333333333333334,4.285714285714286,0.39754030108451843,0.8234849572181702,-1.0714502528967358,0.42594465613365173,0.9276965856552124,-1.3335912940760715,0.530156284570694
test_clean_english_200196,clean_english,120.0,28.0,28.0,0.23333333333333334,4.285714285714286,0.3172595202922821,0.39100223779678345,-0.23243657885053942,0.07374271750450134,0.33529606461524963,-0.056851073551239625,0.01803654432296753
test_clean_english_200197,clean_english,113.0,30.0,30.0,0.26548672566371684,3.7666666666666666,0.2663719356060028,0.88694167137146,-2.3297114027934116,0.6205697357654572,0.8677889704704285,-2.2578093052340025,0.6014170348644257
test_clean_english_200198,clean_english,140.0,29.0,29.0,0.20714285714285716,4.827586206896552,0.3168795704841614,0.6741192936897278,-1.1273674811529775,0.3572397232055664,0.5684886574745178,-0.7940211690072733,0.25160908699035645
test_clean_english_200199,clean_english,135.0,30.0,30.0,0.2222222222222222,4.5,0.2781815230846405,0.6973150968551636,-1.5066909157837776,0.41913357377052307,0.6444248557090759,-1.316562396248729,0.3662433326244354
test_clean_english_200200,clean_english,152.0,24.0,24.0,0.15789473684210525,6.333333333333333,0.3464045822620392,0.055519744753837585,0.8397257207416516,-0.2908848375082016,0.00945527758449316,0.9727045250881218,-0.336949304677546
test_clean_english_200201,clean_english,141.0,29.0,29.0,0.20567375886524822,4.862068965517241,0.2913780212402344,0.743839681148529,-1.5528338684654963,0.4524616599082947,0.8775292038917542,-2.0116520119005536,0.5861511826515198
test_clean_english_200202,clean_english,127.0,29.0,29.0,0.2283464566929134,4.379310344827586,0.35009729862213135,0.7108898162841797,-1.0305492761069848,0.36079251766204834,0.7175739407539368,-1.0496414670380876,0.3674766421318054
test_clean_english_200203,clean_english,129.0,30.0,30.0,0.23255813953488372,4.3,0.24583595991134644,0.7403666973114014,-2.0116289642019543,0.49453073740005493,0.5496817231178284,-1.235969560010891,0.30384576320648193
test_clean_english_200204,clean_english,136.0,24.0,24.0,0.17647058823529413,5.666666666666667,0.28660669922828674,0.017309794202446938,0.9396043628810664,-0.2692969050258398,0.006722735706716776,0.97654368957593,-0.27988396352156997
test_clean_english_200205,clean_english,117.0,28.0,28.0,0.23931623931623933,4.178571428571429,0.3475067913532257,0.7913805842399597,-1.2773096927350562,0.443873792886734,0.8218356370925903,-1.364948419834563,0.4743288457393646
test_clean_english_200206,clean_english,128.0,23.0,23.0,0.1796875,5.565217391304348,0.44423410296440125,0.16999293863773346,0.6173347847376862,-0.2742411643266678,0.0024493990931659937,0.9944862425535973,-0.44178470387123525
test_clean_english_200207,clean_english,148.0,24.0,24.0,0.16216216216216217,6.166666666666667,0.3043867349624634,0.06829225271940231,0.7756398526111066,-0.23609448224306107,0.006087253335863352,0.9800015814203795,-0.2982994816266
test_clean_english_200208,clean_english,120.0,30.0,30.0,0.25,4.0,0.27257150411605835,1.0703948736190796,-2.927024129284313,0.7978233695030212,0.7870408892631531,-1.887465774588229,0.5144693851470947
test_clean_english_200209,clean_english,123.0,28.0,28.0,0.22764227642276422,4.392857142857143,0.3063229024410248,0.3312283158302307,-0.08130444439752878,0.024905413389205933,0.2909441590309143,0.05020435392705019,-0.015378743410110474
test_clean_english_200210,clean_english,129.0,27.0,27.0,0.20930232558139536,4.777777777777778,0.28231167793273926,0.37466251850128174,-0.3271236997519637,0.09235084056854248,0.3201887607574463,-0.1341676090130825,0.03787708282470703
test_clean_english_200211,clean_english,129.0,23.0,23.0,0.17829457364341086,5.608695652173913,0.3474182188510895,0.03836870193481445,0.8895604782567259,-0.309049516916275,0.0022515282034873962,0.9935192569608664,-0.3451666906476021
test_clean_english_200212,clean_english,125.0,30.0,30.0,0.24,4.166666666666667,0.25322195887565613,0.886457622051239,-2.5007138637867157,0.6332356631755829,0.6548618078231812,-1.586117770871321,0.401639848947525
test_clean_english_200213,clean_english,130.0,30.0,30.0,0.23076923076923078,4.333333333333333,0.26269933581352234,0.8523948192596436,-2.244754375263125,0.5896954834461212,0.6482740044593811,-1.46774131518764,0.38557466864585876
test_clean_english_200214,clean_english,114.0,30.0,30.0,0.2631578947368421,3.8,0.4160037040710449,0.9511292576789856,-1.2863480502004188,0.5351255536079407,0.7764464020729065,-0.8664410784676699,0.3604426980018616
test_clean_english_200215,clean_english,122.0,26.0,26.0,0.21311475409836064,4.6923076923076925,0.35827872157096863,0.44987836480140686,-0.2556658760776949,0.09159964323043823,0.3520389199256897,0.017416054232634457,-0.006239801645278931
test_clean_english_200216,clean_english,113.0,28.0,28.0,0.24778761061946902,4.035714285714286,0.32566744089126587,0.9272476434707642,-1.8472224332071145,0.6015802025794983,0.9646440148353577,-1.9620523691142764,0.6389765739440918
test_clean_english_200217,clean_english,128.0,28.0,28.0,0.21875,4.571428571428571,0.2799743711948395,0.7382925152778625,-1.637000351593149,0.45831814408302307,0.6975898742675781,-1.4916204697254667,0.41761550307273865
test_clean_english_200218,clean_english,134.0,25.0,25.0,0.1865671641791045,5.36,0.24321867525577545,0.03198600187897682,0.8684887094079455,-0.21123267337679863,0.0048581622540950775,0.9800255377224381,-0.23836051300168037
test_clean_english_200219,clean_english,130.0,29.0,29.0,0.2230769230769231,4.482758620689655,0.36718711256980896,0.7543890476226807,-1.054508510233342,0.3872019350528717,0.6517904996871948,-0.7750908933746349,0.28460338711738586
test_clean_english_200220,clean_english,127.0,23.0,23.0,0.18110236220472442,5.521739130434782,0.3090241253376007,0.027276236563920975,0.9117342811532193,-0.28174788877367973,0.0063227396458387375,0.979539656850638,-0.30270138569176197
test_clean_english_200221,clean_english,119.0,27.0,27.0,0.226890756302521,4.407407407407407,0.29373082518577576,0.27442285418510437,0.06573355380205563,-0.019307971000671387,0.38736414909362793,-0.31877254914812553,0.09363332390785217
test_clean_english_200222,clean_english,131.0,30.0,30.0,0.22900763358778625,4.366666666666666,0.2508971095085144,0.5457196831703186,-1.175073615791493,0.2948225736618042,0.7099539637565613,-1.8296617890389382,0.4590568542480469
test_clean_english_200223,clean_english,132.0,30.0,30.0,0.22727272727272727,4.4,0.2790623903274536,0.5914782285690308,-1.1195196811544057,0.31241583824157715,0.7966699600219727,-1.8548094893301637,0.517607569694519
test_clean_english_200224,clean_english,116.0,30.0,30.0,0.25862068965517243,3.8666666666666667,0.2538396716117859,0.7378250956535339,-1.9066579347846762,0.48398542404174805,0.8089155554771423,-2.186718413007843,0.5550758838653564
test_clean_english_200225,clean_english,135.0,29.0,29.0,0.21481481481481482,4.655172413793103,0.330782949924469,0.5967552065849304,-0.8040688213258681,0.2659722566604614,0.6974598169326782,-1.108511992809594,0.36667686700820923
test_clean_english_200226,clean_english,135.0,24.0,24.0,0.17777777777777778,5.625,0.2637295126914978,0.0724673643708229,0.7252208763772567,-0.1912621483206749,0.007354188244789839,0.9721146557708445,-0.25637532444670796
test_clean_english_200227,clean_english,119.0,30.0,30.0,0.25210084033613445,3.966666666666667,0.32929936051368713,0.9019085764884949,-1.7388713269335596,0.5726092159748077,1.0594924688339233,-2.2174142919111017,0.7301931083202362
test_clean_english_200228,clean_english,138.0,30.0,30.0,0.21739130434782608,4.6,0.31160423159599304,0.6688195466995239,-1.1463750452743349,0.3572153151035309,0.6927473545074463,-1.2231641430518827,0.38114312291145325
test_clean_english_200229,clean_english,145.0,24.0,24.0,0.16551724137931034,6.041666666666667,0.255304217338562,0.02621149830520153,0.8973322940825449,-0.22909271903336048,0.005429541226476431,0.9787330531274528,-0.24987467611208558
test_clean_english_200230,clean_english,121.0,28.0,28.0,0.23140495867768596,4.321428571428571,0.339070588350296,1.0116708278656006,-1.983658455272555,0.6726002395153046,0.9578143358230591,-1.8248228207677362,0.6187437474727631
test_clean_english_200231,clean_english,138.0,25.0,25.0,0.18115942028985507,5.52,0.31621086597442627,0.026703733950853348,0.915550865500577,-0.2895071320235729,0.005051522050052881,0.984024830916274,-0.3111593439243734
test_clean_english_200232,clean_english,119.0,28.0,28.0,0.23529411764705882,4.25,0.27753832936286926,0.3636261820793152,-0.31018365252134167,0.08608785271644592,0.34186750650405884,-0.23178483955303333,0.06432917714118958
test_clean_english_200233,clean_english,115.0,29.0,29.0,0.25217391304347825,3.9655172413793105,0.2883874773979187,0.9885141849517822,-2.4277292269103095,0.7001267075538635,0.716015636920929,-1.4828249942800618,0.42762815952301025
test_clean_english_200234,clean_english,110.0,29.0,29.0,0.2636363636363636,3.793103448275862,0.38086768984794617,1.039398431777954,-1.7290275848626415,0.6585307419300079,0.8471015691757202,-1.2241360760055773,0.46623387932777405
test_clean_english_200235,clean_english,96.0,28.0,28.0,0.2916666666666667,3.4285714285714284,0.24683327972888947,1.0216164588928223,-3.1388926971878335,0.7747831791639328,0.8205232620239258,-2.3242002979709686,0.5736899822950363
test_clean_english_200236,clean_english,136.0,29.0,29.0,0.21323529411764705,4.689655172413793,0.2687028646469116,0.737729549407959,-1.7455217136496508,0.46902668476104736,0.6743606328964233,-1.5096890343263194,0.4056577682495117
test_clean_english_200237,clean_english,127.0,30.0,30.0,0.23622047244094488,4.233333333333333,0.3217746317386627,0.6546376347541809,-1.0344600542837732,0.3328630030155182,0.6163507103919983,-0.915473283464381,0.29457607865333557
test_clean_english_200238,clean_english,133.0,23.0,23.0,0.17293233082706766,5.782608695652174,0.3673943281173706,0.04698591306805611,0.8721104016253467,-0.3204084150493145,0.003378896042704582,0.9908030805483063,-0.364015432074666
test_clean_english_200239,clean_english,145.0,24.0,24.0,0.16551724137931034,6.041666666666667,0.4393036365509033,0.030789559707045555,0.9299128048454526,-0.40851407684385777,0.003280840115621686,0.9925317255705405,-0.43602279643528163
test_clean_english_200240,clean_english,119.0,30.0,30.0,0.25210084033613445,3.966666666666667,0.26066550612449646,0.821942925453186,-2.1532477682744022,0.5612774193286896,0.9088603854179382,-2.4866921938795286,0.6481948792934418
test_clean_english_200241,clean_english,111.0,29.0,29.0,0.26126126126126126,3.8275862068965516,0.2805676758289337,0.8382911682128906,-1.987839442787448,0.5577234923839569,0.7856520414352417,-1.8002229377067136,0.505084365606308
test_clean_english_200242,clean_english,114.0,30.0,30.0,0.2631578947368421,3.8,0.4104282557964325,0.9002504944801331,-1.193441805640805,0.48982223868370056,0.9156604409217834,-1.2309878230604574,0.505232185125351
test_clean_english_200243,clean_english,123.0,27.0,27.0,0.21951219512195122,4.555555555555555,0.330484002828598,0.3576030731201172,-0.08205864749702932,0.027119070291519165,0.312728613615036,0.053725412006615805,-0.01775538921356201
test_clean_english_200244,clean_english,114.0,30.0,30.0,0.2631578947368421,3.8,0.2737278938293457,0.9067785739898682,-2.31270065795777,0.6330506801605225,0.7744156122207642,-1.829143940674054,0.5006877183914185
test_clean_english_200245,clean_english,131.0,27.0,27.0,0.20610687022900764,4.851851851851852,0.3222927451133728,0.3622561991214752,-0.12399737385973267,0.03996345400810242,0.3331927955150604,-0.033820340566007204,0.010900050401687622
test_clean_english_200246,clean_english,137.0,24.0,24.0,0.17518248175182483,5.708333333333333,0.36125805974006653,0.10382157564163208,0.7126110467505304,-0.25743648409843445,0.019991645589470863,0.9446610392475249,-0.34126641415059566
test_clean_english_200247,clean_english,127.0,29.0,29.0,0.2283464566929134,4.379310344827586,0.2862524092197418,0.8880555629730225,-2.1023514016656053,0.6018031537532806,0.7687442302703857,-1.6855467605174244,0.4824918210506439
test_clean_english_200248,clean_english,136.0,23.0,23.0,0.16911764705882354,5.913043478260869,0.3825035095214844,0.08787769824266434,0.7702564916264424,-0.29462581127882004,0.004203226417303085,0.9890112735891983,-0.3783002831041813
test_clean_english_200249,clean_english,114.0,28.0,28.0,0.24561403508771928,4.071428571428571,0.32290133833885193,0.9411126375198364,-1.9145516781111478,0.6182112991809845,1.048033356666565,-2.245676719886373,0.725132018327713
test_clean_english_200250,clean_english,130.0,27.0,27.0,0.2076923076923077,4.814814814814815,0.30359968543052673,0.42489567399024963,-0.39952606797901075,0.1212959885597229,0.34286513924598694,-0.12933298583553832,0.039265453815460205
test_clean_english_200251,clean_english,122.0,28.0,28.0,0.22950819672131148,4.357142857142857,0.4006505310535431,0.37682321667671204,0.05947156569136498,-0.023827314376831055,0.3519950211048126,0.12144127157597134,-0.04865550994873047
test_clean_english_200252,clean_english,99.0,28.0,28.0,0.2828282828282828,3.5357142857142856,0.2873231768608093,0.9247779846191406,-2.218598634203253,0.6374548077583313,0.9026927947998047,-2.1417333076374296,0.6153696179389954
test_clean_english_200253,clean_english,126.0,26.0,26.0,0.20634920634920634,4.846153846153846,0.270979106426239,0.3964313268661499,-0.4629590158976305,0.1254522204399109,0.33056625723838806,-0.21989573881914315,0.05958715081214905
test_clean_english_200254,clean_english,115.0,26.0,26.0,0.22608695652173913,4.423076923076923,0.24363119900226593,0.3865308463573456,-0.5865408368890824,0.14289964735507965,0.3108530044555664,-0.2759162444243246,0.06722180545330048
test_clean_english_200255,clean_english,111.0,30.0,30.0,0.2702702702702703,3.7,0.29908472299575806,0.8833997249603271,-1.9536771925754846,0.5843150019645691,0.9920265078544617,-2.3168745562057067,0.6929417848587036
test_clean_english_200256,clean_english,138.0,23.0,23.0,0.16666666666666666,6.0,0.4379165768623352,0.010818473994731903,0.9752955823863849,-0.4270981028676033,0.002783259842544794,0.9936443149458127,-0.4351333170197904
test_clean_english_200257,clean_english,132.0,27.0,27.0,0.20454545454545456,4.888888888888889,0.35501572489738464,0.4074440002441406,-0.14767874116536694,0.05242827534675598,0.3658759593963623,-0.03059085481950624,0.010860234498977661
test_clean_english_200258,clean_english,119.0,28.0,28.0,0.23529411764705882,4.25,0.36713674664497375,0.7855774760246277,-1.1397408001337763,0.41844072937965393,0.8152937293052673,-1.2206813585284273,0.4481569826602936
test_clean_english_200259,clean_english,119.0,30.0,30.0,0.25210084033613445,3.966666666666667,0.24424788355827332,0.897342324256897,-2.673900101749732,0.6530944406986237,0.9758980870246887,-2.995523207028553,0.7316502034664154
test_clean_english_200260,clean_english,121.0,29.0,29.0,0.2396694214876033,4.172413793103448,0.32071390748023987,0.9635856747627258,-2.0045023065365357,0.642871767282486,0.8854621648788452,-1.760909783537844,0.5647482573986053
test_clean_english_200261,clean_english,124.0,27.0,27.0,0.21774193548387097,4.592592592592593,0.3546852171421051,0.4405321776866913,-0.2420370412849529,0.08584696054458618,0.3363165557384491,0.05178862979309504,-0.018368661403656006
test_clean_english_200262,clean_english,113.0,28.0,28.0,0.24778761061946902,4.035714285714286,0.2267841398715973,0.9842177629470825,-3.339887981162774,0.7574336230754852,1.0469695329666138,-3.6165906203114404,0.8201853930950165
test_clean_english_200263,clean_english,135.0,28.0,28.0,0.2074074074074074,4.821428571428571,0.263285368680954,0.8486132025718689,-2.2231688635922953,0.5853278338909149,0.8767560720443726,-2.3300599894208895,0.6134707033634186
test_clean_english_200264,clean_english,128.0,27.0,27.0,0.2109375,4.7407407407407405,0.297924280166626,0.38245823979377747,-0.2837431027100997,0.08453395962715149,0.3609744608402252,-0.21163156167847724,0.06305018067359924
test_clean_english_200265,clean_english,133.0,25.0,25.0,0.18796992481203006,5.32,0.40655452013015747,0.021648962050676346,0.946750162699592,-0.3849055580794811,0.001561803393997252,0.9961584404632933,-0.4049927167361602
test_clean_english_200266,clean_english,138.0,29.0,29.0,0.21014492753623187,4.758620689655173,0.27790507674217224,0.9931167364120483,-2.5735825629893663,0.7152116596698761,0.7026686668395996,-1.5284484726830083,0.42476359009742737
test_clean_english_200267,clean_english,133.0,29.0,29.0,0.21804511278195488,4.586206896551724,0.29388365149497986,0.8597159385681152,-1.9253615646694147,0.5658322870731354,0.7016120553016663,-1.3873803518248828,0.4077284038066864
test_clean_english_200268,clean_english,122.0,30.0,30.0,0.2459016393442623,4.066666666666666,0.24601027369499207,0.965381383895874,-2.924150684425363,0.719371110200882,0.8369185328483582,-2.4019657808518384,0.5909082591533661
test_clean_english_200269,clean_english,121.0,26.0,26.0,0.21487603305785125,4.653846153846154,0.3471764326095581,0.38772135972976685,-0.11678479099359378,0.04054492712020874,0.3693680763244629,-0.06392036333832019,0.022191643714904785
test_clean_english_200270,clean_english,127.0,27.0,27.0,0.2125984251968504,4.703703703703703,0.29066017270088196,0.370077908039093,-0.27323225813926616,0.07941773533821106,0.31058862805366516,-0.0685627314110611,0.019928455352783203
test_clean_english_200271,clean_english,131.0,29.0,29.0,0.22137404580152673,4.517241379310345,0.31865203380584717,0.8808443546295166,-1.7642828577275296,0.5621923208236694,0.7110372185707092,-1.2313908060726204,0.39238518476486206
test_clean_english_200272,clean_english,132.0,26.0,26.0,0.19696969696969696,5.076923076923077,0.3132901191711426,0.38016706705093384,-0.21346650847694962,0.06687694787979126,0.3714475929737091,-0.18563456120617883,0.05815747380256653
test_clean_english_200273,clean_english,123.0,27.0,27.0,0.21951219512195122,4.555555555555555,0.31018638610839844,0.3219853937625885,-0.03803844456947493,0.011799007654190063,0.2903432548046112,0.06397163831959023,-0.01984313130378723
test_clean_english_200274,clean_english,124.0,28.0,28.0,0.22580645161290322,4.428571428571429,0.3120918273925781,0.3543667197227478,-0.13545658238910688,0.04227489233016968,0.34274688363075256,-0.09822447609181915,0.03065505623817444
test_clean_english_200275,clean_english,138.0,25.0,25.0,0.18115942028985507,5.52,0.30050793290138245,0.019244171679019928,0.9359611858055831,-0.2812637612223625,0.003324400167912245,0.9889373963082592,-0.2971835327334702
test_clean_english_200276,clean_english,130.0,23.0,23.0,0.17692307692307693,5.6521739130434785,0.3001773953437805,0.0388752743601799,0.8704923323234993,-0.2613021209836006,0.008482836186885834,0.9717405896697491,-0.2916945591568947
test_clean_english_200277,clean_english,108.0,28.0,28.0,0.25925925925925924,3.857142857142857,0.3092500567436218,1.0813474655151367,-2.496676692323482,0.7720974087715149,0.898406982421875,-1.9051150123690457,0.5891569256782532
test_clean_english_200278,clean_english,137.0,24.0,24.0,0.17518248175182483,5.708333333333333,0.28732505440711975,0.06904574483633041,0.7596946601861689,-0.21827930957078934,0.014292961917817593,0.9502550797482302,-0.27303209248930216
test_clean_english_200279,clean_english,131.0,27.0,27.0,0.20610687022900764,4.851851851851852,0.356982558965683,0.3777114748954773,-0.058067027111503786,0.02072891592979431,0.38275206089019775,-0.07218700543572498,0.02576950192451477
test_clean_english_200280,clean_english,118.0,26.0,26.0,0.22033898305084745,4.538461538461538,0.3473528325557709,0.4397435486316681,-0.2659852098976708,0.09239071607589722,0.36312660574913025,-0.045411384952004794,0.015773773193359375
test_clean_english_200281,clean_english,126.0,30.0,30.0,0.23809523809523808,4.2,0.29690828919410706,1.1196726560592651,-2.771106084974498,0.8227643668651581,0.7546330094337463,-1.5416367171224268,0.4577247202396393
test_clean_english_200282,clean_english,124.0,29.0,29.0,0.23387096774193547,4.275862068965517,0.3751586675643921,0.9007248878479004,-1.4009171737803454,0.5255662202835083,0.7401535511016846,-0.972908038902353,0.3649948835372925
test_clean_english_200283,clean_english,131.0,23.0,23.0,0.17557251908396945,5.695652173913044,0.3647814095020294,0.05382239818572998,0.8524530121773365,-0.31095901131629944,0.004361808765679598,0.9880426780201491,-0.3604196007363498
test_clean_english_200284,clean_english,119.0,23.0,23.0,0.19327731092436976,5.173913043478261,0.4136495292186737,0.02082483470439911,0.9496558481675675,-0.3928246945142746,0.006244194693863392,0.9849046251650333,-0.4074053345248103
test_clean_english_200285,clean_english,125.0,26.0,26.0,0.208,4.8076923076923075,0.34790366888046265,0.4498720169067383,-0.29309362661912963,0.10196834802627563,0.3510197103023529,-0.008956621331179205,0.003116041421890259
test_clean_english_200286,clean_english,132.0,28.0,28.0,0.21212121212121213,4.714285714285714,0.303214967250824,0.8982056975364685,-1.9622736162409136,0.5949907302856445,0.7233821153640747,-1.3857071500223213,0.42016714811325073
test_clean_english_200287,clean_english,127.0,29.0,29.0,0.2283464566929134,4.379310344827586,0.3107030689716339,0.986635148525238,-2.175492124332104,0.6759320795536041,0.6093714237213135,-0.9612661881268605,0.29866835474967957
test_clean_english_200288,clean_english,131.0,30.0,30.0,0.22900763358778625,4.366666666666666,0.249205082654953,1.135986566543579,-3.5584406001720894,0.8867814838886261,0.7786794304847717,-2.1246530856793315,0.5294743478298187
test_clean_english_200289,clean_english,124.0,30.0,30.0,0.24193548387096775,4.133333333333334,0.2899051010608673,0.8296566009521484,-1.8618213267587764,0.5397514998912811,0.7799755334854126,-1.690451222248939,0.4900704324245453
test_clean_english_200290,clean_english,105.0,28.0,28.0,0.26666666666666666,3.75,0.2624548375606537,1.2087211608886719,-3.6054443961595286,0.9462663233280182,0.8208028078079224,-2.1274059012847637,0.5583479702472687
test_clean_english_200291,clean_english,112.0,28.0,28.0,0.25,4.0,0.2625918984413147,1.0012296438217163,-2.812873320787069,0.7386377453804016,0.8073118329048157,-2.0743973355493206,0.544719934463501
test_clean_english_200292,clean_english,121.0,28.0,28.0,0.23140495867768596,4.321428571428571,0.24592910706996918,0.33443936705589294,-0.35990152219249816,0.08851025998592377,0.34414204955101013,-0.39935469067148055,0.09821294248104095
test_clean_english_200293,clean_english,132.0,25.0,25.0,0.1893939393939394,5.28,0.29843446612358093,0.03826088085770607,0.871794697996235,-0.26017358526587486,0.0031730029731988907,0.9893678400674909,-0.29526146315038204
test_clean_english_200294,clean_english,109.0,28.0,28.0,0.25688073394495414,3.892857142857143,0.24057380855083466,1.103169560432434,-3.585576323032388,0.8625957518815994,1.188521146774292,-3.940359692244513,0.9479473382234573
test_clean_english_200295,clean_english,146.0,24.0,24.0,0.1643835616438356,6.083333333333333,0.2924610376358032,0.038607846945524216,0.8679897764925463,-0.253853190690279,0.008562654256820679,0.9707220683957102,-0.28389838337898254
test_clean_english_200296,clean_english,122.0,26.0,26.0,0.21311475409836064,4.6923076923076925,0.3691551387310028,0.37369030714035034,-0.012285264197967011,0.004535168409347534,0.34954899549484253,0.0531108500983023,-0.01960614323616028
test_clean_english_200297,clean_english,123.0,28.0,28.0,0.22764227642276422,4.392857142857143,0.30692195892333984,0.37099215388298035,-0.20875076903716547,0.0640701949596405,0.2735995650291443,0.10856959864028015,-0.03332239389419556
test_clean_english_200298,clean_english,120.0,28.0,28.0,0.23333333333333334,4.285714285714286,0.3012869656085968,0.38514402508735657,-0.27832952982008136,0.08385705947875977,0.325116366147995,-0.07909203934947212,0.023829400539398193
test_clean_english_200299,clean_english,119.0,29.0,29.0,0.24369747899159663,4.103448275862069,0.3992531895637512,1.131810188293457,-1.8348181501822014,0.7325569987297058,0.8524972200393677,-1.1352295794326877,0.45324403047561646
test_clean_english_200300,clean_english,129.0,25.0,25.0,0.1937984496124031,5.16,0.4654267132282257,0.03720001131296158,0.920073321415223,-0.42822670191526413,0.002131447894498706,0.9954204435759287,-0.463295265333727
test_clean_english_200301,clean_english,113.0,30.0,30.0,0.26548672566371684,3.7666666666666666,0.3263992667198181,0.8565326929092407,-1.6241869398698447,0.5301334261894226,0.8790985345840454,-1.693322639534805,0.5526992678642273
test_clean_english_200302,clean_english,126.0,29.0,29.0,0.23015873015873015,4.344827586206897,0.3600943684577942,0.6232646703720093,-0.730837038749915,0.2631703019142151,0.6906200051307678,-0.9178861588103779,0.33052563667297363
test_clean_english_200303,clean_english,133.0,30.0,30.0,0.22556390977443608,4.433333333333334,0.26804378628730774,0.7325141429901123,-1.7328152356606146,0.46447035670280457,0.5998006463050842,-1.2376965144872887,0.3317568600177765
test_clean_english_200304,clean_english,134.0,29.0,29.0,0.21641791044776118,4.620689655172414,0.2328835129737854,0.6117332577705383,-1.6267778682958902,0.37884974479675293,0.8437427878379822,-2.62302499246891,0.6108592748641968
test_clean_english_200305,clean_english,144.0,24.0,24.0,0.16666666666666666,6.0,0.30873170495033264,0.04283418133854866,0.8612575882174471,-0.265897523611784,0.0041246903128921986,0.9866398874921001,-0.30460701463744044
test_clean_english_200306,clean_english,135.0,23.0,23.0,0.17037037037037037,5.869565217391305,0.3833318054676056,0.0463440902531147,0.8791018913847181,-0.3369877152144909,0.0022412394173443317,0.9941532651729476,-0.38109056605026126
test_clean_english_200307,clean_english,121.0,28.0,28.0,0.23140495867768596,4.321428571428571,0.25742366909980774,0.7552860975265503,-1.934019626741131,0.49786242842674255,0.7436547875404358,-1.8888360970882891,0.48623111844062805
test_clean_english_200308,clean_english,126.0,23.0,23.0,0.18253968253968253,5.478260869565218,0.31653541326522827,0.04620666429400444,0.854023713121516,-0.27032874897122383,0.008916879072785378,0.9718297583805771,-0.3076185341924429
test_clean_english_200309,clean_english,114.0,29.0,29.0,0.2543859649122807,3.9310344827586206,0.2705425024032593,1.0007556676864624,-2.699070049240463,0.7302131652832031,0.8886684775352478,-2.2847647583692265,0.6181259751319885
test_clean_english_200310,clean_english,127.0,27.0,27.0,0.2125984251968504,4.703703703703703,0.3503437340259552,0.3186294734477997,0.09052327042848145,-0.03171426057815552,0.409239798784256,-0.1681093709925963,0.05889606475830078
test_clean_english_200311,clean_english,120.0,28.0,28.0,0.23333333333333334,4.285714285714286,0.2825777232646942,1.0102314949035645,-2.575057096617866,0.7276537716388702,0.8886433243751526,-2.1447748750624225,0.6060656011104584
test_clean_english_200312,clean_english,109.0,28.0,28.0,0.25688073394495414,3.892857142857143,0.2846603989601135,1.0052902698516846,-2.531542404648092,0.720629870891571,0.892044186592102,-2.1337136807606836,0.6073837876319885
test_clean_english_200313,clean_english,136.0,24.0,24.0,0.17647058823529413,5.666666666666667,0.44639483094215393,0.019423512741923332,0.9564880428813919,-0.4269713182002306,0.0037966419477015734,0.9914948792312661,-0.44259818899445236
test_clean_english_200314,clean_english,145.0,24.0,24.0,0.16551724137931034,6.041666666666667,0.3281523287296295,0.05662652477622032,0.82743829673421,-0.2715258039534092,0.008843261748552322,0.9730513515391248,-0.3193090669810772
test_clean_english_200315,clean_english,112.0,30.0,30.0,0.26785714285714285,3.7333333333333334,0.25767722725868225,1.0314399003982544,-3.0028368489187116,0.7737626731395721,0.818407416343689,-2.1760952453981877,0.5607301890850067
test_clean_english_200316,clean_english,148.0,23.0,23.0,0.1554054054054054,6.434782608695652,0.3619815707206726,0.09041279554367065,0.7502281805019329,-0.27156877517700195,0.0032075403723865747,0.9911389401233862,-0.35877403034828603
test_clean_english_200317,clean_english,129.0,26.0,26.0,0.20155038759689922,4.961538461538462,0.3774600625038147,0.38212230801582336,-0.012351625973573163,0.004662245512008667,0.3510105311870575,0.07007239690818919,-0.026449531316757202
test_clean_english_200318,clean_english,106.0,30.0,30.0,0.2830188679245283,3.533333333333333,0.25326666235923767,1.1053752899169922,-3.3644721323373754,0.8521086275577545,0.8827599883079529,-2.4854961963206645,0.6294933259487152
test_clean_english_200319,clean_english,137.0,26.0,26.0,0.1897810218978102,5.269230769230769,0.31212013959884644,0.43012458086013794,-0.37807378086193716,0.1180044412612915,0.3410215973854065,-0.09259722177398025,0.02890145778656006
test_clean_english_200320,clean_english,109.0,30.0,30.0,0.27522935779816515,3.6333333333333333,0.23364238440990448,1.0130480527877808,-3.3358916035135104,0.7794056683778763,0.9400497078895569,-3.023455377173024,0.7064073234796524
test_clean_english_200321,clean_english,115.0,28.0,28.0,0.24347826086956523,4.107142857142857,0.26507073640823364,0.9741623997688293,-2.6751035326228108,0.7090916633605957,0.9600701928138733,-2.6219395842145157,0.6949994564056396
test_clean_english_200322,clean_english,116.0,28.0,28.0,0.2413793103448276,4.142857142857143,0.26153355836868286,0.7062996625900269,-1.7006081628513574,0.444766104221344,0.6974456906318665,-1.666754105982376,0.4359121322631836
test_clean_english_200323,clean_english,132.0,30.0,30.0,0.22727272727272727,4.4,0.3623828887939453,0.5407620072364807,-0.49223935223929305,0.1783791184425354,0.47112470865249634,-0.30007437774023255,0.10874181985855103
test_clean_english_200324,clean_english,128.0,28.0,28.0,0.21875,4.571428571428571,0.2939167618751526,0.5162228941917419,-0.7563574492938195,0.22230613231658936,0.7165669202804565,-1.437992701433046,0.42265015840530396
test_clean_english_200325,clean_english,138.0,29.0,29.0,0.21014492753623187,4.758620689655173,0.2655443549156189,0.47301268577575684,-0.7812944505111563,0.20746833086013794,0.6338859796524048,-1.3871190176640453,0.3683416247367859
test_clean_english_200326,clean_english,122.0,29.0,29.0,0.23770491803278687,4.206896551724138,0.3064693808555603,0.6297860145568848,-1.0549720588684333,0.32331663370132446,0.7600998282432556,-1.4801819552782414,0.4536304473876953
test_clean_english_200327,clean_english,128.0,23.0,23.0,0.1796875,5.565217391304348,0.38362473249435425,0.02636222168803215,0.9312812249704987,-0.3572625108063221,0.0061182547360658646,0.9840514591009695,-0.3775064777582884
test_clean_english_200328,clean_english,108.0,28.0,28.0,0.25925925925925924,3.857142857142857,0.23764577507972717,0.9549439549446106,-3.018350229976691,0.7172981798648834,0.7410482168197632,-2.118289044150483,0.503402441740036
test_clean_english_200329,clean_english,106.0,28.0,28.0,0.2641509433962264,3.7857142857142856,0.3088769316673279,1.0881887674331665,-2.523049654628099,0.7793118357658386,0.7989724278450012,-1.586701517436481,0.49009549617767334
test_clean_english_200330,clean_english,132.0,28.0,28.0,0.21212121212121213,4.714285714285714,0.2952033579349518,0.4484546482563019,-0.5191380321463657,0.1532512903213501,0.29070717096328735,0.015230812424075358,-0.004496186971664429
test_clean_english_200331,clean_english,125.0,29.0,29.0,0.232,4.310344827586207,0.2544019818305969,0.6215596199035645,-1.4432184664247356,0.36715763807296753,0.6667950749397278,-1.6210294044947269,0.41239309310913086
test_clean_english_200332,clean_english,138.0,23.0,23.0,0.16666666666666666,6.0,0.33311915397644043,0.064022496342659,0.8078090209511432,-0.26909665763378143,0.008628844283521175,0.9740968233723016,-0.32449030969291925
test_clean_english_200333,clean_english,128.0,28.0,28.0,0.21875,4.571428571428571,0.27908065915107727,0.5942100286483765,-1.1291695040991978,0.3151293694972992,0.6796450614929199,-1.4352997572827197,0.40056440234184265
test_clean_english_200334,clean_english,127.0,30.0,30.0,0.23622047244094488,4.233333333333333,0.3262796401977539,0.5785742402076721,-0.7732465312791375,0.2522946000099182,0.6196821928024292,-0.8992364722078514,0.2934025526046753
test_clean_english_200335,clean_english,113.0,30.0,30.0,0.26548672566371684,3.7666666666666666,0.21803919970989227,0.8640641570091248,-2.9628844637055547,0.6460249572992325,0.9148807525634766,-3.1959462049977847,0.6968415528535843
test_clean_english_200336,clean_english,121.0,28.0,28.0,0.23140495867768596,4.321428571428571,0.31346559524536133,0.3819182217121124,-0.21837365090472097,0.0684526264667511,0.3251529335975647,-0.03728427785848475,0.01168733835220337
test_clean_english_200337,clean_english,116.0,30.0,30.0,0.25862068965517243,3.8666666666666667,0.30302906036376953,0.7969516515731812,-1.629951235094367,0.4939225912094116,0.8765814304351807,-1.8927305829443994,0.5735523700714111
test_clean_english_200338,clean_english,123.0,24.0,24.0,0.1951219512195122,5.125,0.2937280833721161,0.40338024497032166,-0.37331180709503436,0.10965216159820557,0.3601449728012085,-0.22611691965780017,0.06641688942909241
test_clean_english_200339,clean_english,112.0,28.0,28.0,0.25,4.0,0.24815987050533295,0.9449080228805542,-2.8076584298517684,0.6967481523752213,0.9116068482398987,-2.673466005537379,0.6634469777345657
test_clean_english_200340,clean_english,116.0,28.0,28.0,0.2413793103448276,4.142857142857143,0.24142585694789886,1.2055600881576538,-3.9935002961088,0.9641342312097549,1.0335341691970825,-3.280958892568518,0.7921083122491837
test_clean_english_200341,clean_english,120.0,28.0,28.0,0.23333333333333334,4.285714285714286,0.28795942664146423,1.1879336833953857,-3.1253509122813736,0.8999742567539215,0.9032005071640015,-2.1365547490430608,0.6152410805225372
test_clean_english_200342,clean_english,136.0,24.0,24.0,0.17647058823529413,5.666666666666667,0.44639483094215393,0.019423512741923332,0.9564880428813919,-0.4269713182002306,0.0037966419477015734,0.9914948792312661,-0.44259818899445236
test_clean_english_200343,clean_english,127.0,27.0,27.0,0.2125984251968504,4.703703703703703,0.2841503918170929,0.4072629511356354,-0.4332654920208233,0.12311255931854248,0.340584933757782,-0.19860800324715336,0.05643454194068909
test_clean_english_200344,clean_english,131.0,23.0,23.0,0.17557251908396945,5.695652173913044,0.28941527009010315,0.05253589153289795,0.8184757441563396,-0.2368793785572052,0.003331065410748124,0.9884903605476274,-0.286084204679355
test_clean_english_200345,clean_english,104.0,28.0,28.0,0.2692307692307692,3.7142857142857144,0.3648139536380768,1.2112168073654175,-2.320094517456525,0.8464028537273407,0.9708104133605957,-1.6611109681503946,0.6059964597225189
test_clean_english_200346,clean_english,146.0,25.0,25.0,0.17123287671232876,5.84,0.3625895380973816,0.04426632821559906,0.8779161460424973,-0.31832320988178253,0.00608901958912611,0.9832068525168237,-0.3565005185082555
test_clean_english_200347,clean_english,137.0,29.0,29.0,0.2116788321167883,4.724137931034483,0.22117508947849274,0.8382318615913391,-2.7899017632039866,0.6170567721128464,0.6803168058395386,-2.0759196591426865,0.45914171636104584
test_clean_english_200348,clean_english,118.0,30.0,30.0,0.2542372881355932,3.933333333333333,0.3216833174228668,0.987304151058197,-2.0691804566300913,0.6656208336353302,0.9333211183547974,-1.9013662437704404,0.6116378009319305
test_clean_english_200349,clean_english,119.0,28.0,28.0,0.23529411764705882,4.25,0.42219874262809753,0.4069496989250183,0.036118164654298034,-0.015249043703079224,0.35850244760513306,0.15086803581286995,-0.06369629502296448
test_clean_english_200350,clean_english,137.0,25.0,25.0,0.18248175182481752,5.48,0.3758046627044678,0.03782665356993675,0.8993449062134613,-0.337978009134531,0.0021875924430787563,0.9941789108540171,-0.373617070261389
test_clean_english_200351,clean_english,128.0,27.0,27.0,0.2109375,4.7407407407407405,0.2784171402454376,0.40700772404670715,-0.46186302929450024,0.12859058380126953,0.4678572118282318,-0.6804181359516658,0.1894400715827942
test_clean_english_200352,clean_english,131.0,25.0,25.0,0.19083969465648856,5.24,0.35084763169288635,0.031733788549900055,0.9095510823408431,-0.3191138431429863,0.03874757140874863,0.8895601169607831,-0.3121000602841377
test_clean_english_200353,clean_english,117.0,28.0,28.0,0.23931623931623933,4.178571428571429,0.3808267116546631,0.8707234263420105,-1.2864032372067167,0.4898967146873474,0.684141993522644,-0.7964653544130325,0.30331528186798096
test_clean_english_200354,clean_english,124.0,27.0,27.0,0.21774193548387097,4.592592592592593,0.3667443096637726,0.35106316208839417,0.04275771201400434,-0.015681147575378418,0.3463352918624878,0.05564917372540986,-0.02040901780128479
test_clean_english_200355,clean_english,114.0,29.0,29.0,0.2543859649122807,3.9310344827586206,0.35404086112976074,0.9194880723953247,-1.5971241552774327,0.565447211265564,0.8827060461044312,-1.4932321181449943,0.5286651849746704
test_clean_english_200356,clean_english,118.0,28.0,28.0,0.23728813559322035,4.214285714285714,0.31069275736808777,1.1099777221679688,-2.572589627034473,0.799284964799881,0.9868685603141785,-2.176348778368861,0.6761758029460907
test_clean_english_200357,clean_english,110.0,28.0,28.0,0.2545454545454545,3.9285714285714284,0.315396249294281,0.9422851204872131,-1.9876231014022376,0.6268888711929321,0.9803646802902222,-2.1083587153742314,0.6649684309959412
test_clean_english_200358,clean_english,126.0,29.0,29.0,0.23015873015873015,4.344827586206897,0.2804912030696869,0.8368391990661621,-1.9834775205347628,0.5563479959964752,0.9344680905342102,-2.3315415253933844,0.6539768874645233
test_clean_english_200359,clean_english,134.0,29.0,29.0,0.21641791044776118,4.620689655172414,0.2540847361087799,0.5851995944976807,-1.3031670593826714,0.33111485838890076,0.8842970132827759,-2.4803232450145556,0.630212277173996
test_clean_english_200360,clean_english,110.0,30.0,30.0,0.2727272727272727,3.6666666666666665,0.3657395541667938,0.9096842408180237,-1.4872459936426958,0.5439446866512299,0.898751437664032,-1.4573536753811445,0.5330118834972382
test_clean_english_200361,clean_english,123.0,27.0,27.0,0.21951219512195122,4.555555555555555,0.35438427329063416,0.4141220152378082,-0.16856770023251721,0.05973774194717407,0.35043588280677795,0.011141551082934445,-0.003948390483856201
test_clean_english_200362,clean_english,124.0,30.0,30.0,0.24193548387096775,4.133333333333334,0.2648908495903015,0.7526836395263672,-1.8414859957998537,0.4877927899360657,0.8734353184700012,-2.297340469936642,0.6085444688796997
test_clean_english_200363,clean_english,113.0,30.0,30.0,0.26548672566371684,3.7666666666666666,0.277729868888855,1.047970175743103,-2.7733434287634773,0.770240306854248,0.7539032101631165,-1.714519735235326,0.4761733412742615
test_clean_english_200364,clean_english,108.0,30.0,30.0,0.2777777777777778,3.6,0.3896968960762024,1.032557725906372,-1.649643187572279,0.6428608298301697,1.0755536556243896,-1.7599749098696258,0.6858567595481873
test_clean_english_200365,clean_english,141.0,23.0,23.0,0.16312056737588654,6.130434782608695,0.32627958059310913,0.04445027932524681,0.8637662852071669,-0.2818293012678623,0.002106334548443556,0.99354438747097,-0.3241732460446656
test_clean_english_200366,clean_english,135.0,28.0,28.0,0.2074074074074074,4.821428571428571,0.4268447458744049,0.35639017820358276,0.1650590017841118,-0.07045456767082214,0.3389189839363098,0.20599002983620285,-0.08792576193809509
test_clean_english_200367,clean_english,130.0,28.0,28.0,0.2153846153846154,4.642857142857143,0.25646355748176575,0.7637763023376465,-1.9781085072562408,0.5073127448558807,0.8135908246040344,-2.172344767392068,0.5571272671222687
test_clean_english_200368,clean_english,133.0,24.0,24.0,0.18045112781954886,5.541666666666667,0.4685218334197998,0.020648209378123283,0.9559290348810228,-0.4478736240416765,0.005787998903542757,0.9876462557544108,-0.46273383451625705
test_clean_english_200369,clean_english,121.0,28.0,28.0,0.23140495867768596,4.321428571428571,0.263667494058609,0.3588774502277374,-0.36109857420636304,0.09520995616912842,0.2909345030784607,-0.10341437467369667,0.027267009019851685
test_clean_english_200370,clean_english,129.0,28.0,28.0,0.21705426356589147,4.607142857142857,0.2666180431842804,0.3762305676937103,-0.41112193008508513,0.10961252450942993,0.38264280557632446,-0.4351722074257756,0.11602476239204407
test_clean_english_200371,clean_english,120.0,27.0,27.0,0.225,4.444444444444445,0.4163611829280853,0.34557288885116577,0.1700165552876389,-0.07078829407691956,0.3545841574668884,0.14837364287118748,-0.0617770254611969
test_clean_english_200372,clean_english,128.0,25.0,25.0,0.1953125,5.12,0.302452951669693,0.044637735933065414,0.8524142823317062,-0.2578152157366276,0.0031412974931299686,0.9896139301144578,-0.299311654176563
test_clean_english_200373,clean_english,146.0,23.0,23.0,0.15753424657534246,6.3478260869565215,0.3596310019493103,0.06310324370861053,0.8245333595641877,-0.29652775824069977,0.005283232778310776,0.9853092955010162,-0.3543477691709995
test_clean_english_200374,clean_english,134.0,24.0,24.0,0.1791044776119403,5.583333333333333,0.35502710938453674,0.027371898293495178,0.9229019486964074,-0.32765521109104156,0.010802497155964375,0.9695727541068871,-0.34422461222857237
test_clean_english_200375,clean_english,118.0,30.0,30.0,0.2542372881355932,3.933333333333333,0.27447640895843506,0.9107640385627747,-2.318186950998382,0.6362876296043396,0.9691754579544067,-2.530997296387583,0.6946990489959717
test_clean_english_200376,clean_english,136.0,28.0,28.0,0.20588235294117646,4.857142857142857,0.31142038106918335,0.8052781224250793,-1.5858234443756056,0.493857741355896,0.7231079936027527,-1.3219674676401838,0.41168761253356934
test_clean_english_200377,clean_english,135.0,25.0,25.0,0.18518518518518517,5.4,0.37462306022644043,0.05776391550898552,0.8458079022843116,-0.3168591447174549,0.005290570203214884,0.9858776173575193,-0.36933249002322555
test_clean_english_200378,clean_english,109.0,29.0,29.0,0.26605504587155965,3.7586206896551726,0.2485584020614624,1.0222101211547852,-3.112555088369202,0.7736517190933228,0.8218042254447937,-2.306282220311272,0.5732458233833313
test_clean_english_200379,clean_english,117.0,26.0,26.0,0.2222222222222222,4.5,0.259536474943161,0.5074173212051392,-0.9550905949395534,0.24788084626197815,0.34133094549179077,-0.3151559739976545,0.08179447054862976
test_clean_english_200380,clean_english,111.0,26.0,26.0,0.23423423423423423,4.269230769230769,0.3287401795387268,0.42108073830604553,-0.2808922197976736,0.09234055876731873,0.3641882538795471,-0.10783006321454053,0.03544807434082031
test_clean_english_200381,clean_english,121.0,23.0,23.0,0.19008264462809918,5.260869565217392,0.3524456322193146,0.026416154578328133,0.9250489943314426,-0.32602947764098644,0.012556486763060093,0.9643732660722927,-0.3398891454562545
test_clean_english_200382,clean_english,105.0,28.0,28.0,0.26666666666666666,3.75,0.26026710867881775,1.108123540878296,-3.2576395707602614,0.8478564321994781,0.75906902551651,-1.9165000117369346,0.49880191683769226
test_clean_english_200383,clean_english,111.0,29.0,29.0,0.26126126126126126,3.8275862068965516,0.3965880274772644,0.9276054501533508,-1.3389648347529315,0.5310174226760864,0.8590957522392273,-1.1662170633440958,0.4625077247619629
test_clean_english_200384,clean_english,114.0,28.0,28.0,0.24561403508771928,4.071428571428571,0.3404679000377655,0.9058709740638733,-1.6606648496477698,0.5654030740261078,0.7494189143180847,-1.2011441144229966,0.4089510142803192
test_clean_english_200385,clean_english,135.0,24.0,24.0,0.17777777777777778,5.625,0.2834491431713104,0.020878352224826813,0.9263418051251318,-0.2625707909464836,0.005666383076459169,0.9800091719697507,-0.27778276009485126
test_clean_english_200386,clean_english,132.0,23.0,23.0,0.17424242424242425,5.739130434782608,0.2894578278064728,0.03457152843475342,0.8805645413125002,-0.25488629937171936,0.01581893116235733,0.9453497897008554,-0.27363889664411545
test_clean_english_200387,clean_english,133.0,28.0,28.0,0.21052631578947367,4.75,0.24805650115013123,0.9434787034988403,-2.8034830739139496,0.6954222023487091,0.8001372218132019,-2.2256248802321648,0.5520807206630707
test_clean_english_200388,clean_english,114.0,29.0,29.0,0.2543859649122807,3.9310344827586206,0.2790975570678711,0.9650313854217529,-2.4576848165929164,0.6859338283538818,0.824714183807373,-1.954931574721088,0.545616626739502
test_clean_english_200389,clean_english,140.0,25.0,25.0,0.17857142857142858,5.6,0.3950362503528595,0.02121652103960514,0.9462922174340865,-0.37381972931325436,0.012805714271962643,0.9675834451635156,-0.38223053608089685
test_clean_english_200390,clean_english,132.0,26.0,26.0,0.19696969696969696,5.076923076923077,0.2797483801841736,0.49470072984695435,-0.7683774594915114,0.21495234966278076,0.3457861542701721,-0.2360613278351148,0.06603777408599854
test_clean_english_200391,clean_english,144.0,25.0,25.0,0.1736111111111111,5.76,0.3304044008255005,0.0693686306476593,0.7900493138882384,-0.2610357701778412,0.0056569804437458515,0.9828786165389681,-0.32474742038175464
test_clean_english_200392,clean_english,133.0,30.0,30.0,0.22556390977443608,4.433333333333334,0.23879586160182953,0.6824448704719543,-1.8578588669592162,0.4436490088701248,0.6337257623672485,-1.6538389657017123,0.394929900765419
test_clean_english_200393,clean_english,115.0,28.0,28.0,0.24347826086956523,4.107142857142857,0.29546257853507996,0.8423985242843628,-1.8511174865562399,0.5469359457492828,0.8022474646568298,-1.7152252871900657,0.5067848861217499
test_clean_english_200394,clean_english,106.0,28.0,28.0,0.2641509433962264,3.7857142857142856,0.30846676230430603,1.295148253440857,-3.198663881209925,0.9866814911365509,0.9028716683387756,-1.9269658150335247,0.5944049060344696
test_clean_english_200395,clean_english,108.0,29.0,29.0,0.26851851851851855,3.7241379310344827,0.26998889446258545,1.0877172946929932,-3.0287482818806346,0.8177284002304077,0.7776695489883423,-1.8803760633795634,0.5076806545257568
test_clean_english_200396,clean_english,142.0,24.0,24.0,0.16901408450704225,5.916666666666667,0.25403687357902527,0.026898430660367012,0.8941160380325673,-0.22713844291865826,0.009939193725585938,0.9608749958793125,-0.24409767985343933
test_clean_english_200397,clean_english,125.0,26.0,26.0,0.208,4.8076923076923075,0.27369311451911926,0.37436503171920776,-0.3678277306207347,0.1006719172000885,0.36064451932907104,-0.3176967201484992,0.08695140480995178
test_clean_english_200398,clean_english,120.0,28.0,28.0,0.23333333333333334,4.285714285714286,0.2972833216190338,1.1418250799179077,-2.840864915325278,0.8445417582988739,0.8701137900352478,-1.926883974844346,0.572830468416214
test_clean_english_200399,clean_english,135.0,24.0,24.0,0.17777777777777778,5.625,0.3449428975582123,0.031795769929885864,0.907823091430604,-0.3131471276283264,0.005689924582839012,0.9835047347746049,-0.33925297297537327
test_clean_english_200400,clean_english,126.0,30.0,30.0,0.23809523809523808,4.2,0.2869972288608551,0.8565942049026489,-1.9846776162356312,0.5695969760417938,0.6432904601097107,-1.2414518170194504,0.3562932312488556
test_clean_english_200401,clean_english,135.0,24.0,24.0,0.17777777777777778,5.625,0.38032498955726624,0.0673069879412651,0.8230277005473221,-0.31301800161600113,0.004265581723302603,0.9887843769396585,-0.37605940783396363
test_clean_english_200402,clean_english,136.0,29.0,29.0,0.21323529411764705,4.689655172413793,0.2704017758369446,0.580907940864563,-1.14831407473765,0.3105061650276184,0.7707412838935852,-1.8503558510590226,0.5003395080566406
test_clean_english_200403,clean_english,134.0,24.0,24.0,0.1791044776119403,5.583333333333333,0.4685669243335724,0.022674834355711937,0.9516081200397113,-0.44589208997786045,0.00520183565095067,0.9888984147603908,-0.4633650886826217
test_clean_english_200404,clean_english,118.0,26.0,26.0,0.22033898305084745,4.538461538461538,0.3514588475227356,0.4235210716724396,-0.2050374450881972,0.07206222414970398,0.32764098048210144,0.06776858004433477,-0.023817867040634155
test_clean_english_200405,clean_english,123.0,29.0,29.0,0.23577235772357724,4.241379310344827,0.30072954297065735,0.6641407608985901,-1.2084320494025802,0.36341121792793274,0.7225198149681091,-1.4025568217573041,0.4217902719974518
test_clean_english_200406,clean_english,128.0,30.0,30.0,0.234375,4.266666666666667,0.2644653022289276,0.6472622156143188,-1.4474371880135448,0.38279691338539124,0.6404240727424622,-1.4215807039522164,0.37595877051353455
test_clean_english_200407,clean_english,118.0,30.0,30.0,0.2542372881355932,3.933333333333333,0.23943297564983368,0.8969785571098328,-2.7462615776936565,0.6575455814599991,0.9691609740257263,-3.047733907141957,0.7297279983758926
test_clean_english_200408,clean_english,122.0,29.0,29.0,0.23770491803278687,4.206896551724138,0.28057044744491577,1.0226958990097046,-2.645059229591491,0.7421254515647888,0.9481101036071777,-2.3792229803294576,0.667539656162262
test_clean_english_200409,clean_english,124.0,23.0,23.0,0.18548387096774194,5.391304347826087,0.47130119800567627,0.05616028234362602,0.8808399329743489,-0.41514091566205025,0.008767275139689445,0.9813977236281418,-0.4625339228659868
test_clean_english_200410,clean_english,112.0,29.0,29.0,0.25892857142857145,3.8620689655172415,0.26076340675354004,0.9657400846481323,-2.7035107673712035,0.7049766778945923,0.8059518933296204,-2.0907400059064423,0.5451884865760803
test_clean_english_200411,clean_english,143.0,30.0,30.0,0.2097902097902098,4.766666666666667,0.2702399492263794,0.5464633703231812,-1.0221413299090358,0.27622342109680176,0.6632918119430542,-1.454455064256307,0.3930518627166748
test_clean_english_200412,clean_english,122.0,27.0,27.0,0.22131147540983606,4.518518518518518,0.3858898878097534,0.44170081615448,-0.14462915486461714,0.05581092834472656,0.34997862577438354,0.09306090459948614,-0.03591126203536987
test_clean_english_200413,clean_english,127.0,27.0,27.0,0.2125984251968504,4.703703703703703,0.28897592425346375,0.42130717635154724,-0.4579317548337155,0.1323312520980835,0.34218570590019226,-0.18413223102993753,0.053209781646728516
test_clean_english_200414,clean_english,134.0,23.0,23.0,0.17164179104477612,5.826086956521739,0.40437158942222595,0.044289812445640564,0.8904724921230922,-0.3600817769765854,0.0033755560871213675,0.9916523411252892,-0.4009960333351046
test_clean_english_200415,clean_english,138.0,24.0,24.0,0.17391304347826086,5.75,0.43503010272979736,0.013773786835372448,0.9683383132593757,-0.4212563158944249,0.003135873004794121,0.9927915953743968,-0.43189422972500324
test_clean_english_200416,clean_english,126.0,29.0,29.0,0.23015873015873015,4.344827586206897,0.2996520400047302,0.7962713837623596,-1.657320082819359,0.4966193437576294,0.6534650325775146,-1.1807461499918346,0.3538129925727844
test_clean_english_200417,clean_english,129.0,28.0,28.0,0.21705426356589147,4.607142857142857,0.32272425293922424,0.38134509325027466,-0.1816437400572121,0.058620840311050415,0.3363488018512726,-0.04221730715297102,0.01362454891204834
test_clean_english_200418,clean_english,125.0,29.0,29.0,0.232,4.310344827586207,0.2936473488807678,1.074604868888855,-2.659508158288145,0.7809575200080872,0.9090723395347595,-2.0957961752410648,0.6154249906539917
test_clean_english_200419,clean_english,123.0,23.0,23.0,0.18699186991869918,5.3478260869565215,0.32373902201652527,0.017542216926813126,0.9458137087783082,-0.30619680508971214,0.006573283579200506,0.9796957328830598,-0.31716573843732476
test_clean_english_200420,clean_english,127.0,27.0,27.0,0.2125984251968504,4.703703703703703,0.2914566397666931,0.3665493130683899,-0.2576461231482233,0.07509267330169678,0.32849806547164917,-0.1270906908643673,0.037041425704956055
test_clean_english_200421,clean_english,128.0,27.0,27.0,0.2109375,4.7407407407407405,0.29416632652282715,0.44098153710365295,-0.49908911164729464,0.1468152105808258,0.41629329323768616,-0.4151629731330993,0.12212696671485901
test_clean_english_200422,clean_english,128.0,27.0,27.0,0.2109375,4.7407407407407405,0.32359039783477783,0.4019084870815277,-0.2420284710881265,0.07831808924674988,0.33498185873031616,-0.035203334127839915,0.01139146089553833
test_clean_english_200423,clean_english,135.0,29.0,29.0,0.21481481481481482,4.655172413793103,0.3541034758090973,0.5361734628677368,-0.5141717026149619,0.18206998705863953,0.6085869073867798,-0.7186696798053417,0.2544834315776825
test_clean_english_200424,clean_english,125.0,27.0,27.0,0.216,4.62962962962963,0.2979830503463745,0.3325011730194092,-0.115839215126199,0.03451812267303467,0.3136685788631439,-0.052638995736625296,0.01568552851676941
test_clean_english_200425,clean_english,111.0,26.0,26.0,0.23423423423423423,4.269230769230769,0.31105417013168335,0.40800195932388306,-0.31167493800567697,0.09694778919219971,0.3271229565143585,-0.05165912540530328,0.01606878638267517
test_clean_english_200426,clean_english,146.0,25.0,25.0,0.17123287671232876,5.84,0.2968858778476715,0.0207125972956419,0.9302338075296755,-0.2761732805520296,0.0024493031669408083,0.9917500179372037,-0.2944365746807307
test_clean_english_200427,clean_english,140.0,23.0,23.0,0.16428571428571428,6.086956521739131,0.36790531873703003,0.0342426672577858,0.9069253269418982,-0.33366265147924423,0.0035310860257595778,0.9904021881556881,-0.36437423271127045
test_clean_english_200428,clean_english,142.0,24.0,24.0,0.16901408450704225,5.916666666666667,0.25499096512794495,0.02733916975557804,0.8927837708216043,-0.2276517953723669,0.016935907304286957,0.9335823240019929,-0.238055057823658
test_clean_english_200429,clean_english,124.0,26.0,26.0,0.20967741935483872,4.769230769230769,0.271483838558197,0.35507553815841675,-0.30790672492388704,0.08359169960021973,0.3228386640548706,-0.18916347201148342,0.051354825496673584
test_clean_english_200430,clean_english,121.0,29.0,29.0,0.2396694214876033,4.172413793103448,0.32005223631858826,0.9788261651992798,-2.058332528646764,0.6587739288806915,0.8888635039329529,-1.7772450964790485,0.5688112676143646
test_clean_english_200431,clean_english,121.0,30.0,30.0,0.24793388429752067,4.033333333333333,0.3356860280036926,0.8891978859901428,-1.648897516760398,0.5535118579864502,1.0710808038711548,-2.1907220274874613,0.7353947758674622
test_clean_english_200432,clean_english,134.0,30.0,30.0,0.22388059701492538,4.466666666666667,0.24426957964897156,0.5616954565048218,-1.2994900032660972,0.3174258768558502,0.6965959072113037,-1.851750546311781,0.45232632756233215
test_clean_english_200433,clean_english,111.0,30.0,30.0,0.2702702702702703,3.7,0.2521708309650421,0.9185225367546082,-2.6424614743881336,0.666351705789566,1.0402456521987915,-3.125162486945203,0.7880748212337494
test_clean_english_200434,clean_english,139.0,23.0,23.0,0.16546762589928057,6.043478260869565,0.31265145540237427,0.056597720831632614,0.8189750284104936,-0.25605373457074165,0.0026694396510720253,0.9914619311538578,-0.30998201575130224
test_clean_english_200435,clean_english,125.0,28.0,28.0,0.224,4.464285714285714,0.2668437957763672,0.3489445149898529,-0.30767332991429774,0.08210071921348572,0.3453615605831146,-0.2942461696675554,0.07851776480674744
test_clean_english_200436,clean_english,135.0,25.0,25.0,0.18518518518518517,5.4,0.3161085844039917,0.026330118998885155,0.916705460408393,-0.28977846540510654,0.00819715578109026,0.9740685442107002,-0.30791142862290144
test_clean_english_200437,clean_english,132.0,26.0,26.0,0.19696969696969696,5.076923076923077,0.2890247702598572,0.4297609031200409,-0.4869345029965781,0.14073613286018372,0.35165584087371826,-0.21669793408208773,0.06263107061386108
test_clean_english_200438,clean_english,113.0,29.0,29.0,0.25663716814159293,3.896551724137931,0.282342791557312,0.9197363257408142,-2.2575165835396205,0.6373935341835022,0.8009898662567139,-1.836941087954509,0.5186470746994019
test_clean_english_200439,clean_english,112.0,26.0,26.0,0.23214285714285715,4.3076923076923075,0.3673440217971802,0.4389382600784302,-0.19489697404352743,0.07159423828125,0.3524985611438751,0.04041296379528834,-0.014845460653305054
test_clean_english_200440,clean_english,144.0,24.0,24.0,0.16666666666666666,6.0,0.3196714222431183,0.02767341397702694,0.9134316925083763,-0.29199800826609135,0.005160223226994276,0.9838577274415546,-0.314511199016124
test_clean_english_200441,clean_english,117.0,28.0,28.0,0.23931623931623933,4.178571428571429,0.3076879680156708,0.3658764362335205,-0.18911518897900534,0.05818846821784973,0.32925280928611755,-0.07008672262851846,0.021564841270446777
test_clean_english_200442,clean_english,114.0,29.0,29.0,0.2543859649122807,3.9310344827586206,0.29951900243759155,0.9117074012756348,-2.0439050406012225,0.6121883988380432,0.8685868382453918,-1.8999390061282424,0.5690678358078003
test_clean_english_200443,clean_english,123.0,27.0,27.0,0.21951219512195122,4.555555555555555,0.275395005941391,0.3589384853839874,-0.3033587306967215,0.08354347944259644,0.32454317808151245,-0.1784642825025704,0.04914817214012146
test_clean_english_200444,clean_english,141.0,23.0,23.0,0.16312056737588654,6.130434782608695,0.46568500995635986,0.06707405298948288,0.85596690562196,-0.398610956966877,0.031631793826818466,0.9320747003864636,-0.4340532161295414
test_clean_english_200445,clean_english,110.0,30.0,30.0,0.2727272727272727,3.6666666666666665,0.2756710350513458,1.0620681047439575,-2.8526648421592036,0.7863970696926117,0.9734355807304382,-2.5311492937556115,0.6977645456790924
test_clean_english_200446,clean_english,122.0,28.0,28.0,0.22950819672131148,4.357142857142857,0.27161455154418945,1.122881531715393,-3.134099315856093,0.8512669801712036,0.7398490905761719,-1.723893423124661,0.4682345390319824
test_clean_english_200447,clean_english,134.0,25.0,25.0,0.1865671641791045,5.36,0.39380934834480286,0.04586433246731758,0.8835367096792209,-0.3479450158774853,0.010178799740970135,0.9741529758403348,-0.3836305486038327
test_clean_english_200448,clean_english,132.0,25.0,25.0,0.1893939393939394,5.28,0.32331839203834534,0.04503091797232628,0.8607226836418708,-0.27828747406601906,0.003139131935313344,0.9902908958704055,-0.320179260103032
test_clean_english_200449,clean_english,112.0,26.0,26.0,0.23214285714285715,4.3076923076923075,0.3616925776004791,0.41644781827926636,-0.15138613305819384,0.05475524067878723,0.34531086683273315,0.04529180796693316,-0.01638171076774597
test_clean_english_200450,clean_english,115.0,26.0,26.0,0.22608695652173913,4.423076923076923,0.29052260518074036,0.39080965518951416,-0.3451953418439955,0.1002870500087738,0.35399752855300903,-0.2184853165996483,0.06347492337226868
test_clean_english_200451,clean_english,137.0,29.0,29.0,0.2116788321167883,4.724137931034483,0.20766007900238037,0.8628132343292236,-3.154930685157513,0.6551531553268433,0.7685121893882751,-2.700818149931773,0.5608521103858948
test_clean_english_200452,clean_english,131.0,28.0,28.0,0.21374045801526717,4.678571428571429,0.2285175621509552,0.3938887417316437,-0.7236694546541977,0.16537117958068848,0.318220853805542,-0.39254441019867947,0.08970329165458679
test_clean_english_200453,clean_english,128.0,28.0,28.0,0.21875,4.571428571428571,0.2974448502063751,0.3818743824958801,-0.2838493664654996,0.084429532289505,0.3036364018917084,-0.020815797217660314,0.006191551685333252
test_clean_english_200454,clean_english,123.0,30.0,30.0,0.24390243902439024,4.1,0.2762240469455719,0.8475690484046936,-2.0684115223744493,0.5713450014591217,1.0120940208435059,-2.6640329907371614,0.735869973897934
test_clean_english_200455,clean_english,119.0,30.0,30.0,0.25210084033613445,3.966666666666667,0.2589957118034363,0.8637834191322327,-2.3351263351719025,0.6047877073287964,0.878153920173645,-2.390611813836193,0.6191582083702087
test_clean_english_200456,clean_english,129.0,30.0,30.0,0.23255813953488372,4.3,0.3111386299133301,0.8749978542327881,-1.8122443506180028,0.563859224319458,0.6031204462051392,-0.9384299737166765,0.2919818162918091
test_clean_english_200457,clean_english,129.0,23.0,23.0,0.17829457364341086,5.608695652173913,0.27815917134284973,0.04875953122973442,0.8247063686796973,-0.2293996401131153,0.048287369310855865,0.8264038209571078,-0.22987180203199387
test_clean_english_200458,clean_english,116.0,29.0,29.0,0.25,4.0,0.2976377308368683,0.9150510430335999,-2.074378508600875,0.6174133121967316,0.8401501178741455,-1.8227271976301347,0.5425123870372772
test_clean_english_200459,clean_english,138.0,29.0,29.0,0.21014492753623187,4.758620689655173,0.2659268379211426,0.6429365873336792,-1.4177198223382566,0.3770097494125366,0.8170125484466553,-2.0723207737645892,0.5510857105255127
test_clean_english_200460,clean_english,132.0,30.0,30.0,0.22727272727272727,4.4,0.2740636169910431,0.7017179131507874,-1.5604198063755423,0.42765429615974426,0.746747612953186,-1.7247236285931056,0.47268399596214294
test_clean_english_200461,clean_english,105.0,28.0,28.0,0.26666666666666666,3.75,0.23990556597709656,0.9414825439453125,-2.924388082080574,0.7015769779682159,0.9681715369224548,-3.0356359927676073,0.7282659709453583
test_clean_english_200462,clean_english,147.0,24.0,24.0,0.16326530612244897,6.125,0.3496333658695221,0.027311384677886963,0.9218856455248062,-0.32232198119163513,0.015050102956593037,0.9569546146742485,-0.33458326291292906
test_clean_english_200463,clean_english,128.0,30.0,30.0,0.234375,4.266666666666667,0.32133933901786804,0.7024816870689392,-1.1861054709827414,0.38114234805107117,0.6696043610572815,-1.0837920532974277,0.34826502203941345
test_clean_english_200464,clean_english,130.0,30.0,30.0,0.23076923076923078,4.333333333333333,0.2939324975013733,1.1881911754608154,-3.042394718383475,0.8942586779594421,0.8155803680419922,-1.7747199611304691,0.5216478705406189
test_clean_english_200465,clean_english,115.0,28.0,28.0,0.24347826086956523,4.107142857142857,0.25359633564949036,1.0354057550430298,-3.08288925938631,0.7818094193935394,1.050647497177124,-3.142991634663375,0.7970511615276337
test_clean_english_200466,clean_english,119.0,29.0,29.0,0.24369747899159663,4.103448275862069,0.34812450408935547,1.060373067855835,-2.0459592915747806,0.7122485637664795,0.7793905138969421,-1.238826927554892,0.43126600980758667
test_clean_english_200467,clean_english,133.0,30.0,30.0,0.22556390977443608,4.433333333333334,0.3099491000175476,0.7713252902030945,-1.488554701915335,0.4613761901855469,0.8595448732376099,-1.7731807357690252,0.5495957732200623
test_clean_english_200468,clean_english,108.0,26.0,26.0,0.24074074074074073,4.153846153846154,0.3280791938304901,0.41566431522369385,-0.2669633522644434,0.08758512139320374,0.3464154899120331,-0.055889847409881316,0.01833629608154297
test_clean_english_200469,clean_english,114.0,30.0,30.0,0.2631578947368421,3.8,0.2941257655620575,1.0136325359344482,-2.446255495493414,0.7195067703723907,0.9442031979560852,-2.210202262123371,0.6500774323940277
test_clean_english_200470,clean_english,132.0,24.0,24.0,0.18181818181818182,5.5,0.488470196723938,0.026262767612934113,0.9462346571212068,-0.4622074291110039,0.005036904010921717,0.9896884107880007,-0.48343329271301627
test_clean_english_200471,clean_english,111.0,25.0,25.0,0.22522522522522523,4.44,0.28399771451950073,0.3610074520111084,-0.27116322968268036,0.07700973749160767,0.4102996587753296,-0.44472873476999875,0.12630194425582886
test_clean_english_200472,clean_english,139.0,23.0,23.0,0.16546762589928057,6.043478260869565,0.28371888399124146,0.0286210048943758,0.8991219601185964,-0.25509787909686565,0.003709643380716443,0.9869249331291217,-0.280009240610525
test_clean_english_200473,clean_english,138.0,24.0,24.0,0.17391304347826086,5.75,0.35539349913597107,0.03901657462120056,0.8902158460521724,-0.3163769245147705,0.005612701177597046,0.9842070797827125,-0.349780797958374
test_clean_english_200474,clean_english,99.0,28.0,28.0,0.2828282828282828,3.5357142857142856,0.2838933765888214,1.070273518562317,-2.76998410960624,0.7863801419734955,1.0806612968444824,-2.8065745310066332,0.796767920255661
test_clean_english_200475,clean_english,133.0,29.0,29.0,0.21804511278195488,4.586206896551724,0.31918013095855713,0.6391140222549438,-1.0023615515651487,0.3199338912963867,0.8279704451560974,-1.5940538424793191,0.5087903141975403
test_clean_english_200476,clean_english,127.0,29.0,29.0,0.2283464566929134,4.379310344827586,0.3579074740409851,0.7946155071258545,-1.2201701969343635,0.4367080330848694,0.7473129034042358,-1.0880058607512026,0.38940542936325073
test_clean_english_200477,clean_english,128.0,29.0,29.0,0.2265625,4.413793103448276,0.2842181324958801,0.5967977046966553,-1.0997875802498496,0.31257957220077515,0.6098958849906921,-1.1458725368253304,0.325677752494812
test_clean_english_200478,clean_english,139.0,24.0,24.0,0.17266187050359713,5.791666666666667,0.2651970684528351,0.021174246445298195,0.9201565591624781,-0.2440228220075369,0.0036109192296862602,0.986384015288131,-0.2615861492231488
test_clean_english_200479,clean_english,122.0,27.0,27.0,0.22131147540983606,4.518518518518518,0.25344863533973694,0.3552640974521637,-0.4017203011408901,0.10181546211242676,0.3627164959907532,-0.4311242808806107,0.10926786065101624
test_clean_english_200480,clean_english,116.0,30.0,30.0,0.25862068965517243,3.8666666666666667,0.3720443546772003,0.8797390460968018,-1.364607969552707,0.5076946914196014,1.0475654602050781,-1.8157004589250798,0.6755211055278778
test_clean_english_200481,clean_english,139.0,25.0,25.0,0.17985611510791366,5.56,0.3187693655490875,0.018884701654314995,0.9407574764225362,-0.29988466389477253,0.005142297595739365,0.9838682817375451,-0.31362706795334816
test_clean_english_200482,clean_english,121.0,29.0,29.0,0.2396694214876033,4.172413793103448,0.25831490755081177,1.0111972093582153,-2.9145909887500707,0.7528823018074036,0.832584798336029,-2.223138789124107,0.5742698907852173
test_clean_english_200483,clean_english,125.0,28.0,28.0,0.224,4.464285714285714,0.27476897835731506,0.34711459279060364,-0.2632961510640728,0.07234561443328857,0.324715793132782,-0.18177748839796276,0.04994681477546692
test_clean_english_200484,clean_english,127.0,30.0,30.0,0.23622047244094488,4.233333333333333,0.3045181334018707,0.9932448267936707,-2.2616935342989626,0.6887266933917999,0.6663365960121155,-1.188167215424098,0.36181846261024475
test_clean_english_200485,clean_english,123.0,26.0,26.0,0.21138211382113822,4.730769230769231,0.2602982223033905,0.38709360361099243,-0.48711581733284226,0.12679538130760193,0.3397620618343353,-0.3052799931853771,0.07946383953094482
test_clean_english_200486,clean_english,111.0,29.0,29.0,0.26126126126126126,3.8275862068965516,0.28041374683380127,0.8351709246635437,-1.9783522886934002,0.5547571778297424,0.8448911309242249,-2.0130160894893083,0.5644773840904236
test_clean_english_200487,clean_english,131.0,25.0,25.0,0.19083969465648856,5.24,0.31217169761657715,0.04424390196800232,0.8582706174012463,-0.26792779564857483,0.0034125305246561766,0.9890684179548923,-0.30875916709192097
test_clean_english_200488,clean_english,108.0,30.0,30.0,0.2777777777777778,3.6,0.2614959478378296,1.0450602769851685,-2.99646834157934,0.7835643291473389,0.9733876585960388,-2.7223814236681747,0.7118917107582092
test_clean_english_200489,clean_english,113.0,30.0,30.0,0.26548672566371684,3.7666666666666666,0.2785584628582001,0.9928911924362183,-2.5643906928853517,0.7143327295780182,0.7699763178825378,-1.764146204649663,0.49141785502433777
test_clean_english_200490,clean_english,140.0,25.0,25.0,0.17857142857142858,5.6,0.2861757278442383,0.038094788789749146,0.8668832291378546,-0.24808093905448914,0.004265930503606796,0.9850933182358195,-0.2819097973406315
test_clean_english_200491,clean_english,137.0,25.0,25.0,0.18248175182481752,5.48,0.3758046627044678,0.03782665356993675,0.8993449062134613,-0.337978009134531,0.0021875924430787563,0.9941789108540171,-0.373617070261389
test_clean_english_200492,clean_english,116.0,29.0,29.0,0.25,4.0,0.24669919908046722,0.9411429166793823,-2.814941111229164,0.6944437175989151,0.7103332281112671,-1.879349551027824,0.46363402903079987
test_clean_english_200493,clean_english,142.0,24.0,24.0,0.16901408450704225,5.916666666666667,0.28110602498054504,0.021547863259911537,0.9233461351054185,-0.2595581617206335,0.011151987127959728,0.9603281817644017,-0.2699540378525853
test_clean_english_200494,clean_english,131.0,28.0,28.0,0.21374045801526717,4.678571428571429,0.2576123774051666,0.7904571890830994,-2.068397555447761,0.5328448116779327,0.7885499596595764,-2.060994070247501,0.5309375822544098
test_clean_english_200495,clean_english,134.0,23.0,23.0,0.17164179104477612,5.826086956521739,0.40437158942222595,0.044289812445640564,0.8904724921230922,-0.3600817769765854,0.0033755560871213675,0.9916523411252892,-0.4009960333351046
test_clean_english_200496,clean_english,119.0,29.0,29.0,0.24369747899159663,4.103448275862069,0.3446972668170929,1.0658302307128906,-2.0920762457871573,0.7211329638957977,0.8120875358581543,-1.3559442271095037,0.4673902690410614
test_clean_english_200497,clean_english,144.0,23.0,23.0,0.1597222222222222,6.260869565217392,0.374308705329895,0.12187134474515915,0.6744095368079979,-0.25243736058473587,0.003921703435480595,0.9895228099703847,-0.3703870018944144
test_clean_english_200498,clean_english,139.0,23.0,23.0,0.16546762589928057,6.043478260869565,0.38608604669570923,0.05058998614549637,0.8689670694435417,-0.33549606055021286,0.0028433087281882763,0.9926355568855115,-0.38324273796752095
test_clean_english_200499,clean_english,130.0,28.0,28.0,0.2153846153846154,4.642857142857143,0.2805686295032501,0.37420305609703064,-0.3337309190965551,0.09363442659378052,0.31423428654670715,-0.11999080974613038,0.03366565704345703
test_typo_noise_light_000000,typo_noise_light,144.0,40.0,29.0,0.2777777777777778,3.6,0.9135412573814392,0.811887800693512,0.1112740731374357,-0.10165345668792725,0.6990902423858643,0.2347469402862812,-0.21445101499557495
test_typo_noise_medium_000001,typo_noise_medium,137.0,46.0,29.0,0.3357664233576642,2.9782608695652173,0.49022695422172546,0.9798862934112549,-0.9988421382641084,0.4896593391895294,0.8512115478515625,-0.7363621900450761,0.36098459362983704
test_typo_noise_heavy_000002,typo_noise_heavy,137.0,64.0,29.0,0.46715328467153283,2.140625,4.296276092529297,0.8533599972724915,0.801372170015707,-3.4429160952568054,0.8570314645767212,0.8005176003313672,-3.4392446279525757
test_typo_noise_light_000003,typo_noise_light,127.0,31.0,30.0,0.2440944881889764,4.096774193548387,1.2984578609466553,0.8362013101577759,0.3560042760662761,-0.4622565507888794,0.8866972327232361,0.3171151260336015,-0.4117606282234192
test_typo_noise_medium_000004,typo_noise_medium,147.0,48.0,30.0,0.32653061224489793,3.0625,1.2799484729766846,0.7953587770462036,0.37860094071092204,-0.48458969593048096,0.8501945734024048,0.33575875017439716,-0.4297538995742798
test_typo_noise_heavy_000005,typo_noise_heavy,134.0,47.0,30.0,0.35074626865671643,2.851063829787234,2.5961217880249023,0.8268693089485168,0.6814982591484705,-1.7692524790763855,0.8837950825691223,0.6595710237301684,-1.71232670545578
test_typo_noise_light_000006,typo_noise_light,140.0,33.0,24.0,0.2357142857142857,4.242424242424242,2.557274580001831,0.05347389355301857,0.9790894986517324,-2.5038006864488125,0.009503893554210663,0.9962835850211267,-2.5477706864476204
test_typo_noise_medium_000007,typo_noise_medium,154.0,40.0,24.0,0.2597402597402597,3.85,0.9306414723396301,0.0684959664940834,0.9263991896665805,-0.8621455058455467,0.013282745145261288,0.9857273229916689,-0.9173587271943688
test_typo_noise_heavy_000008,typo_noise_heavy,162.0,43.0,24.0,0.2654320987654321,3.7674418604651163,0.3392904996871948,0.11031178385019302,0.6748751174822349,-0.2289787158370018,0.10469495505094528,0.6914297478194419,-0.23459554463624954
test_typo_noise_light_000009,typo_noise_light,123.0,46.0,23.0,0.37398373983739835,2.6739130434782608,3.032135009765625,0.3351951241493225,0.8894524409138259,-2.6969398856163025,0.0695306733250618,0.9770687409692762,-2.962604336440563
test_typo_noise_medium_000010,typo_noise_medium,111.0,26.0,23.0,0.23423423423423423,4.269230769230769,2.0061752796173096,0.062326472252607346,0.9689326885413041,-1.9438488073647022,0.008562997914850712,0.9957316800770847,-1.9976122817024589
test_typo_noise_heavy_000011,typo_noise_heavy,148.0,56.0,23.0,0.3783783783783784,2.642857142857143,3.493574619293213,0.29180648922920227,0.9164733772630173,-3.2017681300640106,0.017486536875367165,0.994994657684196,-3.4760880824178457
test_typo_noise_light_000012,typo_noise_light,134.0,41.0,29.0,0.30597014925373134,3.268292682926829,1.0187264680862427,0.962018609046936,0.055665441917727716,-0.05670785903930664,0.8725138306617737,0.14352492254288912,-0.146212637424469
test_typo_noise_medium_000013,typo_noise_medium,134.0,46.0,29.0,0.34328358208955223,2.9130434782608696,2.3235960006713867,1.176316499710083,0.49375171098151543,-1.1472795009613037,0.8285031318664551,0.643439250357177,-1.4950928688049316
test_typo_noise_heavy_000014,typo_noise_heavy,161.0,58.0,29.0,0.36024844720496896,2.7758620689655173,1.643446445465088,1.3654987812042236,0.16912486867328758,-0.27794766426086426,1.1098663806915283,0.3246714039547293,-0.5335800647735596
test_typo_noise_light_000015,typo_noise_light,131.0,49.0,30.0,0.37404580152671757,2.673469387755102,0.22340993583202362,1.2092816829681396,-4.412837519802022,0.985871747136116,0.7207832336425781,-2.2262810109954874,0.4973732978105545
test_typo_noise_medium_000016,typo_noise_medium,112.0,56.0,30.0,0.5,2.0,2.785412549972534,1.2625476121902466,0.5467286839779996,-1.5228649377822876,1.0851571559906006,0.6104142074030288,-1.7002553939819336
test_typo_noise_heavy_000017,typo_noise_heavy,90.0,33.0,30.0,0.36666666666666664,2.727272727272727,2.3611114025115967,1.1537507772445679,0.511352672297765,-1.2073606252670288,0.9861793518066406,0.5823240907830071,-1.374932050704956
test_typo_noise_light_000018,typo_noise_light,130.0,37.0,28.0,0.2846153846153846,3.5135135135135136,1.7286590337753296,1.1016567945480347,0.362710185743191,-0.6270022392272949,1.1858550310134888,0.3140029306857445,-0.5428040027618408
test_typo_noise_medium_000019,typo_noise_medium,124.0,39.0,28.0,0.31451612903225806,3.1794871794871793,1.8340657949447632,1.0819036960601807,0.41010638819924966,-0.7521620988845825,1.1739561557769775,0.3599160079138089,-0.6601096391677856
test_typo_noise_heavy_000020,typo_noise_heavy,124.0,51.0,28.0,0.4112903225806452,2.4313725490196076,4.573070049285889,1.5870050191879272,0.652967262236504,-2.9860650300979614,1.0725727081298828,0.7654589375254877,-3.500497341156006
test_typo_noise_light_000021,typo_noise_light,138.0,32.0,25.0,0.2318840579710145,4.3125,0.4550771415233612,0.027762463316321373,0.9389939401847627,-0.42731467820703983,0.007031453773379326,0.9845488750548057,-0.4480456877499819
test_typo_noise_medium_000022,typo_noise_medium,152.0,46.0,25.0,0.3026315789473684,3.3043478260869565,0.47542718052864075,0.11560159921646118,0.7568468864402735,-0.35982558131217957,0.005150621756911278,0.9891663287925941,-0.47027655877172947
test_typo_noise_heavy_000023,typo_noise_heavy,131.0,61.0,25.0,0.46564885496183206,2.1475409836065573,4.845908164978027,0.14743095636367798,0.9695761967944049,-4.698477208614349,0.003656086977571249,0.9992455311051922,-4.842252078000456
test_typo_noise_light_000024,typo_noise_light,99.0,34.0,30.0,0.3434343434343434,2.911764705882353,1.1320761442184448,1.0428955554962158,0.07877613990691139,-0.089180588722229,1.0743904113769531,0.05095570040592666,-0.0576857328414917
test_typo_noise_medium_000025,typo_noise_medium,114.0,40.0,30.0,0.3508771929824561,2.85,1.8078627586364746,1.2125767469406128,0.32927610729967033,-0.5952860116958618,0.9612880945205688,0.46827374482475037,-0.8465746641159058
test_typo_noise_heavy_000026,typo_noise_heavy,104.0,41.0,30.0,0.3942307692307692,2.5365853658536586,3.2227025032043457,1.2737488746643066,0.604757537067783,-1.948953628540039,1.0645047426223755,0.6696856934315425,-2.15819776058197
test_typo_noise_light_000027,typo_noise_light,129.0,34.0,24.0,0.26356589147286824,3.7941176470588234,1.5069149732589722,0.06454696506261826,0.9571661532282582,-1.442368008196354,0.004349519964307547,0.9971136261557605,-1.5025654532946646
test_typo_noise_medium_000028,typo_noise_medium,142.0,37.0,24.0,0.2605633802816901,3.8378378378378377,0.9787724614143372,0.019577039405703545,0.979998375334943,-0.9591954220086336,0.006325228605419397,0.9935375903442569,-0.9724472328089178
test_typo_noise_heavy_000029,typo_noise_heavy,148.0,43.0,24.0,0.2905405405405405,3.441860465116279,0.38932812213897705,0.0229641105979681,0.9410160497222683,-0.36636401154100895,0.013200517743825912,0.9660941067619211,-0.37612760439515114
test_typo_noise_light_000030,typo_noise_light,124.0,64.0,28.0,0.5161290322580645,1.9375,4.383321285247803,0.9388253092765808,0.7858187323762406,-3.444495975971222,0.9194689989089966,0.7902346328106277,-3.463852286338806
test_typo_noise_medium_000031,typo_noise_medium,112.0,33.0,28.0,0.29464285714285715,3.393939393939394,1.6617175340652466,0.8751712441444397,0.47333332759424535,-0.7865462899208069,0.7639948725700378,0.5402378220677546,-0.8977226614952087
test_typo_noise_heavy_000032,typo_noise_heavy,149.0,64.0,28.0,0.42953020134228187,2.328125,3.399799346923828,1.15381920337677,0.6606213821351672,-2.245980143547058,0.928756833076477,0.726820103687347,-2.471042513847351
test_typo_noise_light_000033,typo_noise_light,129.0,36.0,28.0,0.27906976744186046,3.5833333333333335,1.0539041757583618,0.9859508872032166,0.06447767275070132,-0.06795328855514526,0.9389912486076355,0.10903546052281081,-0.11491292715072632
test_typo_noise_medium_000034,typo_noise_medium,129.0,43.0,28.0,0.3333333333333333,3.0,2.17792010307312,1.02277410030365,0.5303895221590175,-1.1551460027694702,0.8974378705024719,0.5879381115789527,-1.2804822325706482
test_typo_noise_heavy_000035,typo_noise_heavy,155.0,56.0,28.0,0.36129032258064514,2.767857142857143,2.465047597885132,1.128768801689148,0.5420904640309719,-1.3362787961959839,0.8866835832595825,0.6402975812636211,-1.5783640146255493
test_typo_noise_light_000036,typo_noise_light,144.0,37.0,23.0,0.2569444444444444,3.891891891891892,0.9808142185211182,0.1341034173965454,0.8632733754627375,-0.8467108011245728,0.0033609343226999044,0.9965733221855536,-0.9774532841984183
test_typo_noise_medium_000037,typo_noise_medium,144.0,64.0,23.0,0.4444444444444444,2.25,4.26164436340332,0.5731008052825928,0.8655212034575034,-3.6885435581207275,0.029459476470947266,0.9930872982447975,-4.232184886932373
test_typo_noise_heavy_000038,typo_noise_heavy,115.0,35.0,23.0,0.30434782608695654,3.2857142857142856,3.69919490814209,0.11664549261331558,0.9684673299164167,-3.5825494155287743,0.08719852566719055,0.9764277017479499,-3.6119963824748993
test_typo_noise_light_000039,typo_noise_light,117.0,38.0,28.0,0.3247863247863248,3.0789473684210527,0.9069862365722656,1.034427523612976,-0.14051071769550094,0.12744128704071045,0.9355593323707581,-0.031503340013711245,0.02857309579849243
test_typo_noise_medium_000040,typo_noise_medium,111.0,40.0,28.0,0.36036036036036034,2.775,2.4917263984680176,1.0204156637191772,0.590478447253857,-1.4713107347488403,0.9169884920120239,0.6319866849844293,-1.5747379064559937
test_typo_noise_heavy_000041,typo_noise_heavy,111.0,50.0,28.0,0.45045045045045046,2.22,4.280057430267334,0.9846424460411072,0.7699464406533428,-3.295414984226227,0.9406477808952332,0.7802254300974462,-3.339409649372101
test_typo_noise_light_000042,typo_noise_light,135.0,32.0,26.0,0.23703703703703705,4.21875,1.2994974851608276,0.40422937273979187,0.6889340861711911,-0.8952681124210358,0.4643354117870331,0.642680792314449,-0.8351620733737946
test_typo_noise_medium_000043,typo_noise_medium,150.0,44.0,26.0,0.29333333333333333,3.409090909090909,0.32523152232170105,0.6209713816642761,-0.9093210191662958,0.2957398593425751,0.6666060090065002,-1.0496353005633028,0.3413744866847992
test_typo_noise_heavy_000044,typo_noise_heavy,129.0,59.0,26.0,0.4573643410852713,2.1864406779661016,4.2611083984375,0.5665802955627441,0.86703452656344,-3.694528102874756,0.52254319190979,0.8773691858903658,-3.73856520652771
test_typo_noise_light_000045,typo_noise_light,127.0,31.0,29.0,0.2440944881889764,4.096774193548387,0.9942895770072937,0.9658405780792236,0.02861238776503978,-0.02844899892807007,0.9169033765792847,0.0778306463404085,-0.07738620042800903
test_typo_noise_medium_000046,typo_noise_medium,147.0,50.0,29.0,0.3401360544217687,2.94,1.9703530073165894,0.7786649465560913,0.6048094206141518,-1.191688060760498,0.9690437316894531,0.5081877571729203,-1.0013092756271362
test_typo_noise_heavy_000047,typo_noise_heavy,134.0,51.0,29.0,0.3805970149253731,2.627450980392157,3.349622964859009,1.12969970703125,0.6627382487871136,-2.219923257827759,0.9549122452735901,0.714919483389145,-2.3947107195854187
test_typo_noise_light_000048,typo_noise_light,141.0,35.0,25.0,0.24822695035460993,4.0285714285714285,1.604551076889038,0.03575501963496208,0.977716496439437,-1.568796057254076,0.0050271544605493546,0.996866940209659,-1.5995239224284887
test_typo_noise_medium_000049,typo_noise_medium,155.0,45.0,25.0,0.2903225806451613,3.4444444444444446,0.7352038025856018,0.04059161990880966,0.9447886153933712,-0.6946121826767921,0.005074494052678347,0.9930978403065489,-0.7301293085329235
test_typo_noise_heavy_000050,typo_noise_heavy,144.0,39.0,25.0,0.2708333333333333,3.6923076923076925,0.6599392890930176,0.0649077296257019,0.9016459078911526,-0.5950315594673157,0.0055123139172792435,0.9916472408774828,-0.6544269751757383
test_typo_noise_light_000051,typo_noise_light,127.0,59.0,25.0,0.4645669291338583,2.152542372881356,2.772495746612549,0.549607515335083,0.8017643431891296,-2.222888231277466,0.5406933426856995,0.804979559176485,-2.2318024039268494
test_typo_noise_medium_000052,typo_noise_medium,114.0,30.0,25.0,0.2631578947368421,3.8,2.2890994548797607,0.389682799577713,0.8297658938553275,-1.8994166553020477,0.47433793544769287,0.7927840424597854,-1.8147615194320679
test_typo_noise_heavy_000053,typo_noise_heavy,152.0,62.0,25.0,0.40789473684210525,2.4516129032258065,3.326411485671997,0.6688445210456848,0.798929109063437,-2.6575669646263123,0.545814573764801,0.8359148962430496,-2.780596911907196
test_typo_noise_light_000054,typo_noise_light,129.0,35.0,28.0,0.2713178294573643,3.6857142857142855,0.8489328026771545,0.5366412997245789,0.3678636306286527,-0.3122915029525757,0.3532716929912567,0.5838637735787854,-0.4956611096858978
test_typo_noise_medium_000055,typo_noise_medium,129.0,45.0,28.0,0.3488372093023256,2.8666666666666667,2.679065465927124,0.40986913442611694,0.8470104073084767,-2.269196331501007,0.3601500391960144,0.8655687799434271,-2.3189154267311096
test_typo_noise_heavy_000056,typo_noise_heavy,155.0,53.0,28.0,0.3419354838709677,2.9245283018867925,0.7240363359451294,0.5702407956123352,0.2124141188743454,-0.1537955403327942,0.39847299456596375,0.44965055649339436,-0.32556334137916565
test_typo_noise_light_000057,typo_noise_light,119.0,38.0,28.0,0.31932773109243695,3.1315789473684212,0.4700445532798767,0.3729023039340973,0.2066660461608166,-0.09714224934577942,0.3428192436695099,0.2706664904903463,-0.12722530961036682
test_typo_noise_medium_000058,typo_noise_medium,119.0,64.0,28.0,0.5378151260504201,1.859375,3.4771645069122314,0.5202395915985107,0.8503839578011537,-2.9569249153137207,0.3504592478275299,0.8992111971893034,-3.1267052590847015
test_typo_noise_heavy_000059,typo_noise_heavy,95.0,34.0,28.0,0.35789473684210527,2.7941176470588234,3.1390762329101562,0.521855890750885,0.8337549482616146,-2.6172203421592712,0.4760710299015045,0.8483404050814811,-2.6630052030086517
test_typo_noise_light_000060,typo_noise_light,142.0,44.0,28.0,0.30985915492957744,3.227272727272727,0.9587491154670715,0.5280637741088867,0.4492158943462168,-0.4306853413581848,0.8379179835319519,0.12602998009156402,-0.12083113193511963
test_typo_noise_medium_000061,typo_noise_medium,135.0,46.0,28.0,0.34074074074074073,2.9347826086956523,1.9257560968399048,0.57231205701828,0.7028117641909984,-1.3534440398216248,0.8199882507324219,0.5741993225009167,-1.105767846107483
test_typo_noise_heavy_000062,typo_noise_heavy,135.0,64.0,28.0,0.4740740740740741,2.109375,5.258944511413574,0.6536927819252014,0.875698863050089,-4.605251729488373,0.9597278237342834,0.8175056189219395,-4.299216687679291
test_typo_noise_light_000063,typo_noise_light,132.0,33.0,28.0,0.25,4.0,0.5180546045303345,0.6475553512573242,-0.24997509064588747,0.12950074672698975,0.8810549974441528,-0.7006990956926492,0.36300039291381836
test_typo_noise_medium_000064,typo_noise_medium,126.0,40.0,28.0,0.31746031746031744,3.15,0.7541480660438538,0.6413443684577942,0.14957765280472127,-0.11280369758605957,0.7185340523719788,0.04722416628169679,-0.035614013671875
test_typo_noise_heavy_000065,typo_noise_heavy,126.0,60.0,28.0,0.47619047619047616,2.1,2.819850206375122,0.67547607421875,0.760456753095738,-2.144374132156372,0.8474317193031311,0.6994763348112407,-1.972418487071991
test_typo_noise_light_000066,typo_noise_light,111.0,28.0,26.0,0.25225225225225223,3.9642857142857144,1.3877437114715576,0.4382648766040802,0.6841888938272717,-0.9494788348674774,0.33879655599594116,0.7558651837545113,-1.0489471554756165
test_typo_noise_medium_000067,typo_noise_medium,129.0,45.0,26.0,0.3488372093023256,2.8666666666666667,2.01444149017334,0.4232960343360901,0.7898692831730416,-1.5911454558372498,0.32225242257118225,0.8400288992541288,-1.6921890676021576
test_typo_noise_heavy_000068,typo_noise_heavy,117.0,46.0,26.0,0.39316239316239315,2.5434782608695654,3.3366963863372803,0.46650537848472595,0.8601894435481399,-2.8701910078525543,0.3633953928947449,0.8910912618892344,-2.9733009934425354
test_typo_noise_light_000069,typo_noise_light,107.0,31.0,28.0,0.2897196261682243,3.4516129032258065,1.9002526998519897,0.9240896105766296,0.5137017246976643,-0.9761630892753601,0.8587004542350769,0.5481124935110152,-1.0415522456169128
test_typo_noise_medium_000070,typo_noise_medium,118.0,40.0,28.0,0.3389830508474576,2.95,0.9494515657424927,1.0435740947723389,-0.09913357608319939,0.09412252902984619,0.9148725867271423,0.03641995048826824,-0.03457897901535034
test_typo_noise_heavy_000071,typo_noise_heavy,107.0,38.0,28.0,0.35514018691588783,2.8157894736842106,0.5994452834129333,0.9965193867683411,-0.6624025817580411,0.3970741033554077,0.9203289747238159,-0.535301052806581,0.32088369131088257
test_typo_noise_light_000072,typo_noise_light,136.0,64.0,25.0,0.47058823529411764,2.125,5.53544807434082,0.16640865802764893,0.9699376354374952,-5.369039416313171,0.004917493090033531,0.9991116359463603,-5.530530581250787
test_typo_noise_medium_000073,typo_noise_medium,122.0,36.0,25.0,0.29508196721311475,3.388888888888889,3.042240619659424,0.18834517896175385,0.9380899795549903,-2.85389544069767,0.010771277360618114,0.996459426223221,-3.0314693422988057
test_typo_noise_heavy_000074,typo_noise_heavy,163.0,59.0,25.0,0.3619631901840491,2.76271186440678,2.6752591133117676,0.05728459358215332,0.978587272800189,-2.6179745197296143,0.0054640634916722775,0.9979575572831493,-2.6697950498200953
test_typo_noise_light_000075,typo_noise_light,127.0,41.0,29.0,0.3228346456692913,3.097560975609756,0.6831200122833252,1.0509010553359985,-0.5383842318180184,0.36778104305267334,0.9127538204193115,-0.33615441504697907,0.22963380813598633
test_typo_noise_medium_000076,typo_noise_medium,127.0,43.0,29.0,0.33858267716535434,2.953488372093023,2.061462163925171,1.0304491519927979,0.5001367621364686,-1.031013011932373,1.0280838012695312,0.5012841762218005,-1.0333783626556396
test_typo_noise_heavy_000077,typo_noise_heavy,152.0,60.0,29.0,0.39473684210526316,2.533333333333333,0.9506170153617859,0.913954496383667,0.03856707631534017,-0.036662518978118896,1.424720287322998,-0.49873215427432455,0.47410327196121216
test_typo_noise_light_000078,typo_noise_light,128.0,45.0,28.0,0.3515625,2.8444444444444446,0.26922404766082764,0.9568035006523132,-2.5539303006754737,0.6875794529914856,0.7746372222900391,-1.8772958025872126,0.5054131746292114
test_typo_noise_medium_000079,typo_noise_medium,111.0,53.0,28.0,0.4774774774774775,2.0943396226415096,2.3241732120513916,1.071828007698059,0.538834712430048,-1.2523452043533325,0.9189291596412659,0.6046210519610159,-1.4052440524101257
test_typo_noise_heavy_000080,typo_noise_heavy,89.0,34.0,28.0,0.38202247191011235,2.6176470588235294,3.538302183151245,1.1321996450424194,0.6800161245600364,-2.4061025381088257,0.901092529296875,0.7453319466076938,-2.63720965385437
test_typo_noise_light_000081,typo_noise_light,129.0,40.0,30.0,0.31007751937984496,3.225,1.0348836183547974,0.5891836285591125,0.4306764373217491,-0.4456999897956848,0.7799149751663208,0.24637421896175346,-0.25496864318847656
test_typo_noise_medium_000082,typo_noise_medium,123.0,39.0,30.0,0.3170731707317073,3.1538461538461537,2.4096262454986572,0.8964620232582092,0.6279663599560885,-1.513164222240448,0.8950182795524597,0.6285655166545377,-1.5146079659461975
test_typo_noise_heavy_000083,typo_noise_heavy,123.0,51.0,30.0,0.4146341463414634,2.411764705882353,3.222841501235962,1.0435115098953247,0.6762138288540912,-2.179329991340637,0.7871794104576111,0.7557498840213746,-2.435662090778351
test_typo_noise_light_000084,typo_noise_light,131.0,38.0,30.0,0.2900763358778626,3.4473684210526314,0.4677600860595703,0.7153568267822266,-0.5293242157714249,0.24759674072265625,0.622360348701477,-0.33051187403411336,0.15460026264190674
test_typo_noise_medium_000085,typo_noise_medium,125.0,45.0,30.0,0.36,2.7777777777777777,0.6318235993385315,0.6689949035644531,-0.05883177561717701,0.03717130422592163,0.7855900526046753,-0.2433692781135825,0.1537664532661438
test_typo_noise_heavy_000086,typo_noise_heavy,125.0,64.0,30.0,0.512,1.953125,3.7921860218048096,0.71349036693573,0.8118524875010853,-3.0786956548690796,0.7400479912757874,0.8048492381384874,-3.052138030529022
test_typo_noise_light_000087,typo_noise_light,136.0,27.0,25.0,0.19852941176470587,5.037037037037037,1.5954316854476929,0.07102880626916885,0.9554798823935621,-1.524402879178524,0.0509650856256485,0.968055613981775,-1.5444665998220444
test_typo_noise_medium_000088,typo_noise_medium,157.0,45.0,25.0,0.28662420382165604,3.488888888888889,2.3280768394470215,0.3468933403491974,0.8509957513122318,-1.981183499097824,0.031052596867084503,0.9866616958938261,-2.297024242579937
test_typo_noise_heavy_000089,typo_noise_heavy,143.0,54.0,25.0,0.3776223776223776,2.6481481481481484,3.9398369789123535,0.18564851582050323,0.9528791376866171,-3.7541884630918503,0.05830841884016991,0.9852002965726092,-3.8815285600721836
test_typo_noise_light_000090,typo_noise_light,139.0,36.0,27.0,0.2589928057553957,3.861111111111111,1.3281530141830444,0.5039486289024353,0.6205643299221684,-0.8242043852806091,0.3661516606807709,0.7243151528696464,-0.9620013535022736
test_typo_noise_medium_000091,typo_noise_medium,153.0,47.0,27.0,0.30718954248366015,3.25531914893617,0.9221546053886414,0.5544130206108093,0.39878517401412056,-0.36774158477783203,0.4649992287158966,0.4957469973053781,-0.45715537667274475
test_typo_noise_heavy_000092,typo_noise_heavy,139.0,40.0,27.0,0.28776978417266186,3.475,0.40213534235954285,0.47576963901519775,-0.1831082446611212,0.07363429665565491,0.3624354600906372,0.0987226888240293,-0.03969988226890564
test_typo_noise_light_000093,typo_noise_light,129.0,62.0,30.0,0.4806201550387597,2.0806451612903225,2.621673107147217,0.6814073920249939,0.7400868208292872,-1.940265715122223,0.7554360032081604,0.7118496577057272,-1.8662371039390564
test_typo_noise_medium_000094,typo_noise_medium,116.0,38.0,30.0,0.3275862068965517,3.0526315789473686,1.4615436792373657,0.569551408290863,0.6103083223704575,-0.8919922709465027,0.8446811437606812,0.4220623332985599,-0.6168625354766846
test_typo_noise_heavy_000095,typo_noise_heavy,155.0,64.0,30.0,0.4129032258064516,2.421875,3.359581470489502,0.7514976263046265,0.7763121290834091,-2.6080838441848755,0.8413915634155273,0.7495546481589167,-2.5181899070739746
test_typo_noise_light_000096,typo_noise_light,136.0,32.0,23.0,0.23529411764705882,4.25,0.878426730632782,0.032779816538095474,0.9626834938020588,-0.8456469140946865,0.006534934043884277,0.9925606384505435,-0.8718917965888977
test_typo_noise_medium_000097,typo_noise_medium,136.0,40.0,23.0,0.29411764705882354,3.4,3.4714603424072266,0.034945350140333176,0.9899335303608565,-3.4365149922668934,0.011335217393934727,0.9967347409228721,-3.460125125013292
test_typo_noise_heavy_000098,typo_noise_heavy,163.0,51.0,23.0,0.3128834355828221,3.196078431372549,2.0680792331695557,0.16118596494197845,0.9220600630978033,-1.9068932682275772,0.009321371093392372,0.9954927398603068,-2.0587578620761633
test_typo_noise_light_000099,typo_noise_light,128.0,40.0,28.0,0.3125,3.2,0.6626885533332825,0.3388354480266571,0.48869578881008924,-0.32385310530662537,0.3470439612865448,0.47630910547506045,-0.31564459204673767
test_typo_noise_medium_000100,typo_noise_medium,128.0,60.0,28.0,0.46875,2.1333333333333333,2.2300398349761963,0.4849473536014557,0.7825387035713502,-1.7450924813747406,0.34939083456993103,0.8433252944229759,-1.8806490004062653
test_typo_noise_heavy_000101,typo_noise_heavy,102.0,31.0,28.0,0.30392156862745096,3.2903225806451615,2.9860622882843018,0.5792307257652283,0.806021887742323,-2.4068315625190735,0.5966418385505676,0.8001910941739332,-2.389420449733734
test_typo_noise_light_000102,typo_noise_light,148.0,33.0,25.0,0.22297297297297297,4.484848484848484,1.3259292840957642,0.0307755284011364,0.9767894647397246,-1.2951537556946278,0.021627262234687805,0.9836889776143403,-1.3043020218610764
test_typo_noise_medium_000103,typo_noise_medium,141.0,44.0,25.0,0.3120567375886525,3.2045454545454546,2.1048388481140137,0.03999222442507744,0.9809998639749017,-2.0648466236889362,0.2177351713180542,0.8965549445682504,-1.8871036767959595
test_typo_noise_heavy_000104,typo_noise_heavy,141.0,52.0,25.0,0.36879432624113473,2.7115384615384617,3.9614105224609375,0.277493953704834,0.9299507202973634,-3.6839165687561035,0.09809653460979462,0.9752369682330085,-3.863313987851143
test_typo_noise_light_000105,typo_noise_light,122.0,37.0,26.0,0.30327868852459017,3.2972972972972974,1.009721279144287,0.41639330983161926,0.5876155940929542,-0.5933279693126678,0.39947035908699036,0.6043756159862935,-0.6102509200572968
test_typo_noise_medium_000106,typo_noise_medium,134.0,44.0,26.0,0.3283582089552239,3.0454545454545454,0.4672605097293854,0.5481771230697632,-0.17317237741156594,0.08091661334037781,0.4084194004535675,0.1259278454965,-0.05884110927581787
test_typo_noise_heavy_000107,typo_noise_heavy,116.0,59.0,26.0,0.5086206896551724,1.9661016949152543,2.341054916381836,0.4469299018383026,0.8090903811308088,-1.8941250145435333,0.5404900312423706,0.7691254368019215,-1.8005648851394653
test_typo_noise_light_000108,typo_noise_light,124.0,34.0,29.0,0.27419354838709675,3.6470588235294117,1.7096999883651733,1.0249994993209839,0.4004799050732314,-0.6847004890441895,0.7565052509307861,0.557521637668044,-0.9531947374343872
test_typo_noise_medium_000109,typo_noise_medium,144.0,48.0,29.0,0.3333333333333333,3.0,2.317898750305176,1.1101391315460205,0.5210579705434247,-1.2077596187591553,0.710386335849762,0.693521412116801,-1.6075124144554138
test_typo_noise_heavy_000110,typo_noise_heavy,131.0,51.0,29.0,0.3893129770992366,2.5686274509803924,3.2999091148376465,1.1959710121154785,0.6375745602392691,-2.103938102722168,0.7355620265007019,0.7770962772297773,-2.5643470883369446
test_typo_noise_light_000111,typo_noise_light,131.0,39.0,29.0,0.29770992366412213,3.358974358974359,1.223778247833252,0.8066728711128235,0.3408341155425259,-0.41710537672042847,0.8448886275291443,0.3096064348054452,-0.37888962030410767
test_typo_noise_medium_000112,typo_noise_medium,144.0,42.0,29.0,0.2916666666666667,3.4285714285714284,0.5019919276237488,0.8258844614028931,-0.6452146258851936,0.3238925337791443,0.822661817073822,-0.6387949124361629,0.32066988945007324
test_typo_noise_heavy_000113,typo_noise_heavy,150.0,48.0,29.0,0.32,3.125,0.2655074894428253,0.8877652287483215,-2.343654186973486,0.6222577393054962,0.729641854763031,-1.7481027231819497,0.4641343653202057
test_typo_noise_light_000114,typo_noise_light,122.0,57.0,28.0,0.4672131147540984,2.1403508771929824,2.4287686347961426,1.0104634761810303,0.5839605873921198,-1.4183051586151123,1.095361590385437,0.5490053788193062,-1.3334070444107056
test_typo_noise_medium_000115,typo_noise_medium,110.0,31.0,28.0,0.2818181818181818,3.5483870967741935,1.3471189737319946,0.9700382947921753,0.27991638919253947,-0.37708067893981934,0.9396858811378479,0.30244774258164697,-0.40743309259414673
test_typo_noise_heavy_000116,typo_noise_heavy,146.0,63.0,28.0,0.4315068493150685,2.3174603174603177,3.195110559463501,0.7968310117721558,0.7506092521862675,-2.398279547691345,1.1646013259887695,0.6355051556700058,-2.0305092334747314
test_typo_noise_light_000117,typo_noise_light,128.0,36.0,28.0,0.28125,3.5555555555555554,0.8839479088783264,0.5344610810279846,0.3953703881644093,-0.3494868278503418,0.32914286851882935,0.6276444966802505,-0.5548050403594971
test_typo_noise_medium_000118,typo_noise_medium,128.0,43.0,28.0,0.3359375,2.9767441860465116,2.1100635528564453,0.4766686260700226,0.7740975026914501,-1.6333949267864227,0.3731068968772888,0.823177412655555,-1.7369566559791565
test_typo_noise_heavy_000119,typo_noise_heavy,154.0,59.0,28.0,0.38311688311688313,2.610169491525424,1.2418640851974487,0.7816375494003296,0.3705933211877578,-0.46022653579711914,0.4801850914955139,0.6133352294996377,-0.7616789937019348
test_typo_noise_light_000120,typo_noise_light,125.0,37.0,26.0,0.296,3.3783783783783785,0.596155047416687,0.42123815417289734,0.2934083909911614,-0.17491689324378967,0.35595613718032837,0.40291348916227465,-0.24019891023635864
test_typo_noise_medium_000121,typo_noise_medium,125.0,59.0,26.0,0.472,2.1186440677966103,2.1947760581970215,0.47087329626083374,0.7854572476758063,-1.7239027619361877,0.3926686644554138,0.8210894168501247,-1.8021073937416077
test_typo_noise_heavy_000122,typo_noise_heavy,100.0,32.0,26.0,0.32,3.125,3.273919105529785,0.5704547166824341,0.8257578460876103,-2.703464388847351,0.5909749865531921,0.819490046178902,-2.682944118976593
test_typo_noise_light_000123,typo_noise_light,143.0,35.0,24.0,0.24475524475524477,4.085714285714285,0.8570365905761719,0.06251215189695358,0.9270601132036526,-0.7945244386792183,0.010847744531929493,0.987342728827206,-0.8461888460442424
test_typo_noise_medium_000124,typo_noise_medium,136.0,37.0,24.0,0.27205882352941174,3.675675675675676,0.9184015393257141,0.02282952331006527,0.9751421112307515,-0.8955720160156488,0.02017144300043583,0.9780363575879396,-0.8982300963252783
test_typo_noise_heavy_000125,typo_noise_heavy,136.0,60.0,24.0,0.4411764705882353,2.2666666666666666,4.245577335357666,0.428876131772995,0.898982847821128,-3.816701203584671,0.018149448558688164,0.9957250929319936,-4.227427886798978
test_typo_noise_light_000126,typo_noise_light,134.0,34.0,28.0,0.2537313432835821,3.9411764705882355,0.7030421495437622,0.7191735506057739,-0.022945140732287757,0.01613140106201172,0.9693897366523743,-0.37885009779492995,0.26634758710861206
test_typo_noise_medium_000127,typo_noise_medium,148.0,45.0,28.0,0.30405405405405406,3.2888888888888888,0.3670036494731903,0.8648585677146912,-1.356539421218669,0.49785491824150085,0.8313345313072205,-1.2651941813127654,0.46433088183403015
test_typo_noise_heavy_000128,typo_noise_heavy,128.0,64.0,28.0,0.5,2.0,5.073566913604736,0.8507939577102661,0.8323085174201866,-4.22277295589447,0.7713320851325989,0.8479704518995744,-4.3022348284721375
test_typo_noise_light_000129,typo_noise_light,90.0,30.0,28.0,0.3333333333333333,3.0,1.4669467210769653,0.9350804090499878,0.3625668910705261,-0.5318663120269775,0.9693695902824402,0.33919236714284123,-0.49757713079452515
test_typo_noise_medium_000130,typo_noise_medium,105.0,40.0,28.0,0.38095238095238093,2.625,1.7564096450805664,1.0222080945968628,0.4180127070812264,-0.7342015504837036,0.7674278616905212,0.5630701164503572,-0.9889817833900452
test_typo_noise_heavy_000131,typo_noise_heavy,95.0,42.0,28.0,0.4421052631578947,2.261904761904762,3.0146520137786865,1.0325454473495483,0.6574909997471602,-1.9821065664291382,0.9464277625083923,0.6860573763795372,-2.068224251270294
test_typo_noise_light_000132,typo_noise_light,109.0,35.0,28.0,0.3211009174311927,3.1142857142857143,1.8458137512207031,1.075685739517212,0.4172295342334392,-0.7701280117034912,0.9109467267990112,0.5064796076004042,-0.9348670244216919
test_typo_noise_medium_000133,typo_noise_medium,120.0,39.0,28.0,0.325,3.076923076923077,1.966633677482605,1.0450900793075562,0.468589350790877,-0.9215435981750488,0.8720878958702087,0.5565580383091338,-1.0945457816123962
test_typo_noise_heavy_000134,typo_noise_heavy,126.0,45.0,28.0,0.35714285714285715,2.8,0.25154438614845276,1.0422582626342773,-3.1434367850259743,0.7907138764858246,1.0058072805404663,-2.9985280369042853,0.7542628943920135
test_typo_noise_light_000135,typo_noise_light,102.0,56.0,30.0,0.5490196078431373,1.8214285714285714,3.9046692848205566,1.0122531652450562,0.7407582841445238,-2.8924161195755005,0.7561411261558533,0.8063495084986173,-3.1485281586647034
test_typo_noise_medium_000136,typo_noise_medium,92.0,30.0,30.0,0.32608695652173914,3.066666666666667,1.184744954109192,0.9170855283737183,0.22592155789068238,-0.26765942573547363,0.7225421667098999,0.39012851314215696,-0.462202787399292
test_typo_noise_heavy_000137,typo_noise_heavy,122.0,55.0,30.0,0.45081967213114754,2.2181818181818183,3.5340681076049805,0.8404092192649841,0.7621977863254805,-2.6936588883399963,0.8102788925170898,0.7707234643346442,-2.7237892150878906
test_typo_noise_light_000138,typo_noise_light,116.0,34.0,28.0,0.29310344827586204,3.411764705882353,1.0162235498428345,0.9713522791862488,0.04415492109342017,-0.04487127065658569,1.0295078754425049,-0.013072247343337907,0.01328432559967041
test_typo_noise_medium_000139,typo_noise_medium,116.0,41.0,28.0,0.35344827586206895,2.8292682926829267,2.5915820598602295,1.0716561079025269,0.5864857515025691,-1.5199259519577026,0.9063968658447266,0.6502534571899256,-1.685185194015503
test_typo_noise_heavy_000140,typo_noise_heavy,139.0,52.0,28.0,0.37410071942446044,2.673076923076923,1.7557328939437866,1.0052250623703003,0.4274612807917896,-0.7505078315734863,1.0532344579696655,0.40011691892161644,-0.7024984359741211
test_typo_noise_light_000141,typo_noise_light,142.0,41.0,27.0,0.2887323943661972,3.4634146341463414,0.6095132231712341,0.39093437790870667,0.3586121464687581,-0.21857884526252747,0.3437574803829193,0.43601308828972607,-0.2657557427883148
test_typo_noise_medium_000142,typo_noise_medium,142.0,64.0,27.0,0.4507042253521127,2.21875,2.7165563106536865,0.5163173675537109,0.8099368065632075,-2.2002389430999756,0.5169573426246643,0.8097012233476328,-2.199598968029022
test_typo_noise_heavy_000143,typo_noise_heavy,114.0,36.0,27.0,0.3157894736842105,3.1666666666666665,3.2458996772766113,0.5417174100875854,0.8331071616661611,-2.704182267189026,0.37824463844299316,0.8834700156967422,-2.867655038833618
test_typo_noise_light_000144,typo_noise_light,135.0,38.0,30.0,0.2814814814814815,3.5526315789473686,1.1027013063430786,0.8424388766288757,0.23602260033346562,-0.2602624297142029,0.8847149014472961,0.19768399986638024,-0.21798640489578247
test_typo_noise_medium_000145,typo_noise_medium,129.0,40.0,30.0,0.31007751937984496,3.225,2.3173789978027344,0.938517689704895,0.5950089775583675,-1.3788613080978394,0.7797220945358276,0.6635327690139872,-1.5376569032669067
test_typo_noise_heavy_000146,typo_noise_heavy,129.0,59.0,30.0,0.4573643410852713,2.1864406779661016,3.3796844482421875,1.0050885677337646,0.7026087544189155,-2.374595880508423,0.9862532019615173,0.7081818681402404,-2.39343124628067
test_typo_noise_light_000147,typo_noise_light,134.0,36.0,29.0,0.26865671641791045,3.7222222222222223,0.5600243806838989,0.6099908351898193,-0.08922192716842368,0.04996645450592041,0.7263393402099609,-0.29697806963860934,0.166314959526062
test_typo_noise_medium_000148,typo_noise_medium,128.0,44.0,29.0,0.34375,2.909090909090909,0.526010274887085,0.8024442195892334,-0.5255295531280042,0.27643394470214844,0.8903160691261292,-0.6925830380732529,0.3643057942390442
test_typo_noise_heavy_000149,typo_noise_heavy,128.0,61.0,29.0,0.4765625,2.098360655737705,3.6939196586608887,1.9078247547149658,0.4835229428334167,-1.7860949039459229,0.9106279611587524,0.7534792184709098,-2.7832916975021362
test_typo_noise_light_000150,typo_noise_light,135.0,31.0,24.0,0.22962962962962963,4.354838709677419,0.7854757308959961,0.13070116937160492,0.8336025363603361,-0.6547745615243912,0.009860401973128319,0.987446586081176,-0.7756153289228678
test_typo_noise_medium_000151,typo_noise_medium,156.0,43.0,24.0,0.27564102564102566,3.627906976744186,1.9564414024353027,0.1656026393175125,0.9153551754162549,-1.7908387631177902,0.006855258718132973,0.9964960572243055,-1.9495861437171698
test_typo_noise_heavy_000152,typo_noise_heavy,142.0,48.0,24.0,0.3380281690140845,2.9583333333333335,4.546455383300781,0.5743330121040344,0.8736745522207101,-3.972122371196747,0.0077478401362895966,0.9982958503970483,-4.538707543164492
test_typo_noise_light_000153,typo_noise_light,133.0,34.0,28.0,0.2556390977443609,3.911764705882353,1.214678406715393,0.3918541967868805,0.6774008703698852,-0.8228242099285126,0.2973303198814392,0.7552188972507967,-0.9173480868339539
test_typo_noise_medium_000154,typo_noise_medium,146.0,41.0,28.0,0.2808219178082192,3.5609756097560976,0.6026864051818848,0.6058062314987183,-0.005176533417726527,0.003119826316833496,0.39843517541885376,0.3389013390826196,-0.204251229763031
test_typo_noise_heavy_000155,typo_noise_heavy,153.0,48.0,28.0,0.3137254901960784,3.1875,0.47816917300224304,0.550835371017456,-0.15196755064524442,0.07266619801521301,0.3726138770580292,0.22074885187907903,-0.10555529594421387
test_typo_noise_light_000156,typo_noise_light,130.0,64.0,28.0,0.49230769230769234,2.03125,4.3442559242248535,0.6652368903160095,0.8468697742675674,-3.679019033908844,0.3537262976169586,0.9185760913291328,-3.990529626607895
test_typo_noise_medium_000157,typo_noise_medium,117.0,36.0,28.0,0.3076923076923077,3.25,1.7409027814865112,0.47138217091560364,0.7292311920410037,-1.2695206105709076,0.4269857704639435,0.754733133288838,-1.3139170110225677
test_typo_noise_heavy_000158,typo_noise_heavy,156.0,60.0,28.0,0.38461538461538464,2.6,2.096198797225952,0.5570310354232788,0.734266122010738,-1.5391677618026733,0.34765005111694336,0.8341521559992243,-1.7485487461090088
test_typo_noise_light_000159,typo_noise_light,126.0,37.0,30.0,0.29365079365079366,3.4054054054054053,1.054039716720581,0.6892288327217102,0.3461073413190746,-0.36481088399887085,0.8520275354385376,0.1916551891522277,-0.20201218128204346
test_typo_noise_medium_000160,typo_noise_medium,126.0,41.0,30.0,0.3253968253968254,3.073170731707317,2.0691988468170166,0.6934089660644531,0.6648901254071824,-1.3757898807525635,0.8043857216835022,0.6112574086725094,-1.2648131251335144
test_typo_noise_heavy_000161,typo_noise_heavy,151.0,53.0,30.0,0.3509933774834437,2.849056603773585,1.8219757080078125,0.6762462854385376,0.6288390221305641,-1.145729422569275,0.7334482073783875,0.597443476246807,-1.088527500629425
test_typo_noise_light_000162,typo_noise_light,152.0,44.0,24.0,0.2894736842105263,3.4545454545454546,0.5065664052963257,0.17834661900997162,0.6479304250236564,-0.32821978628635406,0.045902594923973083,0.9093848418607201,-0.4606638103723526
test_typo_noise_medium_000163,typo_noise_medium,132.0,62.0,24.0,0.4696969696969697,2.129032258064516,2.701185941696167,0.10946473479270935,0.959475305604481,-2.5917212069034576,0.06861402839422226,0.9745985541627922,-2.6325719133019447
test_typo_noise_heavy_000164,typo_noise_heavy,106.0,37.0,24.0,0.3490566037735849,2.864864864864865,3.8290951251983643,0.09357278794050217,0.9755626891260231,-3.735522337257862,0.23198382556438446,0.9394154968786871,-3.59711129963398
test_typo_noise_light_000165,typo_noise_light,142.0,40.0,25.0,0.28169014084507044,3.55,1.4503605365753174,0.046223338693380356,0.9681297597888827,-1.404137197881937,0.006210897583514452,0.9957176871357931,-1.444149638991803
test_typo_noise_medium_000166,typo_noise_medium,135.0,41.0,25.0,0.3037037037037037,3.292682926829268,1.4155325889587402,0.03337690234184265,0.9764209580180739,-1.3821556866168976,0.005973068531602621,0.995780338384158,-1.4095595204271376
test_typo_noise_heavy_000167,typo_noise_heavy,135.0,55.0,25.0,0.4074074074074074,2.4545454545454546,4.2733283042907715,0.16108408570289612,0.9623047717768011,-4.112244218587875,0.07034676522016525,0.9835381790934408,-4.202981539070606
test_typo_noise_light_000168,typo_noise_light,119.0,35.0,30.0,0.29411764705882354,3.4,0.5139569640159607,0.9142261147499084,-0.7787989632562262,0.40026915073394775,0.82749342918396,-0.6100442004289343,0.31353646516799927
test_typo_noise_medium_000169,typo_noise_medium,113.0,41.0,30.0,0.36283185840707965,2.7560975609756095,0.41333910822868347,0.8913014531135559,-1.156344355928778,0.47796234488487244,0.8477609157562256,-1.051005817932898,0.4344218075275421
test_typo_noise_heavy_000170,typo_noise_heavy,113.0,55.0,30.0,0.48672566371681414,2.0545454545454547,1.8954068422317505,1.018310308456421,0.462748426476392,-0.8770965337753296,1.0660372972488403,0.437568086441203,-0.8293695449829102
test_typo_noise_light_000171,typo_noise_light,124.0,34.0,28.0,0.27419354838709675,3.6470588235294117,0.8437392115592957,0.4341435134410858,0.4854529604725199,-0.40959569811820984,0.3491736948490143,0.5861592183161499,-0.49456551671028137
test_typo_noise_medium_000172,typo_noise_medium,143.0,48.0,28.0,0.3356643356643357,2.9791666666666665,1.2084906101226807,0.47262927889823914,0.6089094321963661,-0.7358613312244415,0.35868576169013977,0.7031952431523423,-0.8498048484325409
test_typo_noise_heavy_000173,typo_noise_heavy,130.0,51.0,28.0,0.3923076923076923,2.549019607843137,3.5707125663757324,0.40937715768814087,0.8853514109359808,-3.1613354086875916,0.3427412807941437,0.9040131978077346,-3.2279712855815887
test_typo_noise_light_000174,typo_noise_light,137.0,33.0,25.0,0.24087591240875914,4.151515151515151,0.8771514296531677,0.11656130105257034,0.8671138219558514,-0.7605901286005974,0.04413493722677231,0.9496837880726894,-0.8330164924263954
test_typo_noise_medium_000175,typo_noise_medium,151.0,39.0,25.0,0.2582781456953642,3.871794871794872,1.1310075521469116,0.05837130546569824,0.9483899949607798,-1.0726362466812134,0.019565386697649956,0.9827009230305224,-1.1114421654492617
test_typo_noise_heavy_000176,typo_noise_heavy,158.0,46.0,25.0,0.2911392405063291,3.4347826086956523,0.4873930811882019,0.08755543828010559,0.8203597021388637,-0.3998376429080963,0.015896113589406013,0.967385434461537,-0.4714969675987959
test_typo_noise_light_000177,typo_noise_light,134.0,64.0,25.0,0.47761194029850745,2.09375,4.325525283813477,0.1155424565076828,0.9732882253769146,-4.209982827305794,0.09388599544763565,0.9782948915363029,-4.231639288365841
test_typo_noise_medium_000178,typo_noise_medium,121.0,31.0,25.0,0.256198347107438,3.903225806451613,2.229804277420044,0.02963520959019661,0.9867095018651209,-2.2001690678298473,0.06667312979698181,0.9700991111766434,-2.163131147623062
test_typo_noise_heavy_000179,typo_noise_heavy,161.0,64.0,25.0,0.39751552795031053,2.515625,4.532759189605713,0.32405853271484375,0.9285074456507731,-4.208700656890869,0.03005210869014263,0.9933700186943404,-4.50270708091557
test_typo_noise_light_000180,typo_noise_light,123.0,30.0,26.0,0.24390243902439024,4.1,0.5546724796295166,0.4100618362426758,0.2607135718783648,-0.14461064338684082,0.36133405566215515,0.3485632171556417,-0.19333842396736145
test_typo_noise_medium_000181,typo_noise_medium,123.0,36.0,26.0,0.2926829268292683,3.4166666666666665,2.4985852241516113,0.44737544655799866,0.8209484942784355,-2.0512097775936127,0.3595752716064453,0.8560884503235073,-2.139009952545166
test_typo_noise_heavy_000182,typo_noise_heavy,148.0,53.0,26.0,0.3581081081081081,2.792452830188679,1.7960054874420166,0.4540083706378937,0.747212147283291,-1.341997116804123,0.49796560406684875,0.7227371477711448,-1.2980398833751678
test_typo_noise_light_000183,typo_noise_light,126.0,42.0,28.0,0.3333333333333333,3.0,0.65951007604599,0.6899265646934509,-0.04611982402121766,0.030416488647460938,0.8485054969787598,-0.2865694214497345,0.18899542093276978
test_typo_noise_medium_000184,typo_noise_medium,126.0,58.0,28.0,0.4603174603174603,2.1724137931034484,2.1533405780792236,0.8744802474975586,0.5938959882149281,-1.278860330581665,0.990571141242981,0.5399839898403025,-1.1627694368362427
test_typo_noise_heavy_000185,typo_noise_heavy,101.0,34.0,28.0,0.33663366336633666,2.9705882352941178,3.293400287628174,0.612090528011322,0.8141463306751168,-2.681309759616852,1.2861608266830444,0.6094732755339297,-2.0072394609451294
test_typo_noise_light_000186,typo_noise_light,116.0,36.0,28.0,0.3103448275862069,3.2222222222222223,0.9859890341758728,1.0090645551681519,-0.02340342558836514,0.023075520992279053,0.8777912259101868,0.10973530588615713,-0.10819780826568604
test_typo_noise_medium_000187,typo_noise_medium,110.0,40.0,28.0,0.36363636363636365,2.75,2.6180570125579834,0.9271815419197083,0.6458512792226011,-1.6908754706382751,0.8697238564491272,0.6677979691514204,-1.7483331561088562
test_typo_noise_heavy_000188,typo_noise_heavy,110.0,47.0,28.0,0.42727272727272725,2.3404255319148937,3.563145399093628,0.8257747292518616,0.7682455704833383,-2.7373706698417664,0.7901228666305542,0.7782512981840312,-2.7730225324630737
test_typo_noise_light_000189,typo_noise_light,124.0,35.0,30.0,0.28225806451612906,3.5428571428571427,0.6652446389198303,0.938201904296875,-0.41031110873775745,0.2729572653770447,0.8271158337593079,-0.2433258163527792,0.16187119483947754
test_typo_noise_medium_000190,typo_noise_medium,137.0,49.0,30.0,0.35766423357664234,2.795918367346939,0.20268458127975464,0.8267583250999451,-3.0790390659209295,0.6240737438201904,1.0529634952545166,-4.195084345370937,0.850278913974762
test_typo_noise_heavy_000191,typo_noise_heavy,118.0,61.0,30.0,0.5169491525423728,1.9344262295081966,2.2504429817199707,1.2355456352233887,0.45097669869463447,-1.014897346496582,1.037177562713623,0.5391229321789224,-1.2132654190063477
test_typo_noise_light_000192,typo_noise_light,136.0,36.0,30.0,0.2647058823529412,3.7777777777777777,0.8088772892951965,0.6675570011138916,0.17471165286942636,-0.14132028818130493,0.7433069944381714,0.08106334016888875,-0.06557029485702515
test_typo_noise_medium_000193,typo_noise_medium,157.0,52.0,30.0,0.33121019108280253,3.019230769230769,2.0004348754882812,0.8417333960533142,0.5792247943848422,-1.158701479434967,0.8956030607223511,0.5522958174263256,-1.1048318147659302
test_typo_noise_heavy_000194,typo_noise_heavy,143.0,59.0,30.0,0.4125874125874126,2.4237288135593222,3.512742042541504,0.9562732577323914,0.7277701447611797,-2.5564687848091125,0.8993278741836548,0.7439812365120377,-2.613414168357849
test_typo_noise_light_000195,typo_noise_light,115.0,31.0,26.0,0.26956521739130435,3.7096774193548385,1.7093881368637085,0.43176400661468506,0.7474160506303372,-1.2776241302490234,0.37950843572616577,0.7779858023219542,-1.3298797011375427
test_typo_noise_medium_000196,typo_noise_medium,127.0,37.0,26.0,0.29133858267716534,3.4324324324324325,0.7052608132362366,0.499283105134964,0.2920589152771736,-0.20597770810127258,0.35379064083099365,0.4983548863185076,-0.3514701724052429
test_typo_noise_heavy_000197,typo_noise_heavy,132.0,43.0,26.0,0.32575757575757575,3.0697674418604652,0.35916292667388916,0.5394530892372131,-0.5019731970472077,0.18029016256332397,0.3685885965824127,-0.026243437750694768,0.00942566990852356
test_typo_noise_light_000198,typo_noise_light,143.0,63.0,24.0,0.4405594405594406,2.2698412698412698,3.7714602947235107,0.306464821100235,0.9187410718524608,-3.4649954736232758,0.20253252983093262,0.946298644555721,-3.568927764892578
test_typo_noise_medium_000199,typo_noise_medium,129.0,35.0,24.0,0.2713178294573643,3.6857142857142855,2.1205530166625977,0.059085022658109665,0.972136974556241,-2.061467994004488,0.006508460734039545,0.9969307719812246,-2.114044555928558
test_typo_noise_heavy_000200,typo_noise_heavy,172.0,62.0,24.0,0.36046511627906974,2.774193548387097,3.3119163513183594,0.21705646812915802,0.9344619715281289,-3.0948598831892014,0.012068692594766617,0.9963559790421752,-3.2998476587235928
test_typo_noise_light_000201,typo_noise_light,112.0,36.0,30.0,0.32142857142857145,3.111111111111111,0.6631761193275452,1.0276780128479004,-0.5496306077636767,0.3645018935203552,0.9177811145782471,-0.38391761679969594,0.2546049952507019
test_typo_noise_medium_000202,typo_noise_medium,112.0,41.0,30.0,0.36607142857142855,2.731707317073171,2.436361074447632,1.011015772819519,0.5850304031602808,-1.4253453016281128,0.9175875186920166,0.6233778612227867,-1.5187735557556152
test_typo_noise_heavy_000203,typo_noise_heavy,134.0,49.0,30.0,0.3656716417910448,2.7346938775510203,1.326040506362915,0.8794687986373901,0.3367707891144207,-0.4465717077255249,0.9206749796867371,0.30569618705541735,-0.405365526676178
test_typo_noise_light_000204,typo_noise_light,120.0,45.0,28.0,0.375,2.6666666666666665,0.4017942249774933,0.9961037039756775,-1.4791389274733224,0.5943094789981842,0.8210433125495911,-1.043442293366915,0.4192490875720978
test_typo_noise_medium_000205,typo_noise_medium,103.0,49.0,28.0,0.47572815533980584,2.1020408163265305,3.3433315753936768,1.1231876611709595,0.6640513703643934,-2.2201439142227173,0.9423664808273315,0.7181355005997668,-2.400965094566345
test_typo_noise_heavy_000206,typo_noise_heavy,82.0,31.0,28.0,0.3780487804878049,2.6451612903225805,4.2762651443481445,1.1490870714187622,0.7312872255038985,-3.1271780729293823,2.287991762161255,0.4649555897661658,-1.9882733821868896
test_typo_noise_light_000207,typo_noise_light,119.0,36.0,29.0,0.3025210084033613,3.3055555555555554,0.9517547488212585,1.025050163269043,-0.0770108208428277,0.07329541444778442,0.8742604851722717,0.08142251325245596,-0.07749426364898682
test_typo_noise_medium_000208,typo_noise_medium,113.0,42.0,29.0,0.37168141592920356,2.6904761904761907,1.4513863325119019,0.9313858151435852,0.3582784994732286,-0.5200005173683167,0.8522516489028931,0.4128016574140474,-0.5991346836090088
test_typo_noise_heavy_000209,typo_noise_heavy,113.0,48.0,29.0,0.4247787610619469,2.3541666666666665,3.502791404724121,0.7888215184211731,0.7748020286456937,-2.713969886302948,0.9032365679740906,0.7421380654423442,-2.5995548367500305
test_typo_noise_light_000210,typo_noise_light,138.0,35.0,25.0,0.2536231884057971,3.942857142857143,1.1053271293640137,0.03700382634997368,0.9665222852430438,-1.06832330301404,0.015004204586148262,0.9864255529539192,-1.0903229247778654
test_typo_noise_medium_000211,typo_noise_medium,152.0,46.0,25.0,0.3026315789473684,3.3043478260869565,0.3588537871837616,0.0636187270283699,0.8227168576716397,-0.2952350601553917,0.006090239156037569,0.9830286334614635,-0.352763548027724
test_typo_noise_heavy_000212,typo_noise_heavy,131.0,64.0,25.0,0.48854961832061067,2.046875,3.8513622283935547,0.12101022899150848,0.9685798889288108,-3.730351999402046,0.05142640694975853,0.9866472162575035,-3.799935821443796
test_typo_noise_light_000213,typo_noise_light,133.0,28.0,24.0,0.21052631578947367,4.75,1.5403720140457153,0.07361298054456711,0.9522109075773026,-1.4667590335011482,0.003897465765476227,0.9974697892911988,-1.536474548280239
test_typo_noise_medium_000214,typo_noise_medium,154.0,42.0,24.0,0.2727272727272727,3.6666666666666665,1.938267707824707,0.07061769813299179,0.9635665920409698,-1.8676500096917152,0.009023014456033707,0.9953448048380479,-1.9292446933686733
test_typo_noise_heavy_000215,typo_noise_heavy,140.0,47.0,24.0,0.3357142857142857,2.978723404255319,3.2745161056518555,0.07550130039453506,0.9769427610191873,-3.1990148052573204,0.009420082904398441,0.9971232137511434,-3.265096022747457
test_typo_noise_light_000216,typo_noise_light,137.0,36.0,23.0,0.26277372262773724,3.8055555555555554,1.86311674118042,0.06929679214954376,0.9628059849295116,-1.7938199490308762,0.01643107458949089,0.991180866863404,-1.846685666590929
test_typo_noise_medium_000217,typo_noise_medium,151.0,40.0,23.0,0.26490066225165565,3.775,0.8560454249382019,0.17801533639431,0.7920491936427778,-0.6780300885438919,0.0309161264449358,0.9638849463541405,-0.8251292984932661
test_typo_noise_heavy_000218,typo_noise_heavy,137.0,37.0,23.0,0.27007299270072993,3.7027027027027026,0.6315426230430603,0.04498210549354553,0.9287742365245258,-0.5865605175495148,0.015040228143334389,0.976184935751662,-0.6165023948997259
test_typo_noise_light_000219,typo_noise_light,125.0,56.0,26.0,0.448,2.232142857142857,3.0625174045562744,0.42431721091270447,0.861448228741027,-2.63820019364357,0.35927802324295044,0.8826853938173762,-2.703239381313324
test_typo_noise_medium_000220,typo_noise_medium,113.0,30.0,26.0,0.26548672566371684,3.7666666666666666,1.4859942197799683,0.4186765253543854,0.7182515787871779,-1.0673176944255829,0.42415955662727356,0.714561772191766,-1.0618346631526947
test_typo_noise_heavy_000221,typo_noise_heavy,150.0,64.0,26.0,0.4266666666666667,2.34375,3.2685093879699707,0.778593122959137,0.76178954057014,-2.4899162650108337,0.4031573534011841,0.8766540628933056,-2.8653520345687866
test_typo_noise_light_000222,typo_noise_light,106.0,31.0,28.0,0.29245283018867924,3.4193548387096775,1.3016351461410522,1.2671282291412354,0.026510437354215034,-0.034506916999816895,0.9517243504524231,0.2688240224044403,-0.34991079568862915
test_typo_noise_medium_000223,typo_noise_medium,106.0,40.0,28.0,0.37735849056603776,2.65,2.7370152473449707,1.1940373182296753,0.5637447327383558,-1.5429779291152954,1.1176968812942505,0.591636589391138,-1.6193183660507202
test_typo_noise_heavy_000224,typo_noise_heavy,127.0,50.0,28.0,0.3937007874015748,2.54,2.074413537979126,1.1083601713180542,0.46569950927055354,-0.9660533666610718,1.0092371702194214,0.5134831354780828,-1.0651763677597046
test_typo_noise_light_000225,typo_noise_light,144.0,46.0,27.0,0.3194444444444444,3.130434782608696,0.3820650577545166,0.4521642327308655,-0.18347444644202143,0.07009917497634888,0.35015106201171875,0.08353026557928034,-0.03191399574279785
test_typo_noise_medium_000226,typo_noise_medium,125.0,60.0,27.0,0.48,2.0833333333333335,2.7771503925323486,0.517898440361023,0.8135144420865243,-2.2592519521713257,0.356741726398468,0.8715439655851074,-2.4204086661338806
test_typo_noise_heavy_000227,typo_noise_heavy,100.0,34.0,27.0,0.34,2.9411764705882355,2.7273316383361816,0.4318222403526306,0.8416685986101546,-2.295509397983551,0.5135914087295532,0.8116872178247925,-2.2137402296066284
test_typo_noise_light_000228,typo_noise_light,133.0,36.0,27.0,0.2706766917293233,3.6944444444444446,0.8894286155700684,0.4528636336326599,0.49083757177926807,-0.43656498193740845,0.35288605093955994,0.6032440999063405,-0.5365425646305084
test_typo_noise_medium_000229,typo_noise_medium,127.0,36.0,27.0,0.28346456692913385,3.5277777777777777,1.9205549955368042,0.36854088306427,0.8081070920016736,-1.5520141124725342,0.3449907600879669,0.8203692365541762,-1.5755642354488373
test_typo_noise_heavy_000230,typo_noise_heavy,127.0,55.0,27.0,0.4330708661417323,2.309090909090909,3.941187620162964,0.5732178688049316,0.8545570716115185,-3.3679697513580322,0.4691464602947235,0.8809631751874515,-3.4720411598682404
test_typo_noise_light_000231,typo_noise_light,133.0,38.0,29.0,0.2857142857142857,3.5,0.6890208721160889,0.7438769936561584,-0.07961460060215304,0.05485612154006958,0.9971975088119507,-0.44726749096787743,0.3081766366958618
test_typo_noise_medium_000232,typo_noise_medium,145.0,47.0,29.0,0.32413793103448274,3.0851063829787235,0.3237311840057373,0.6551921367645264,-1.0238771213122142,0.33146095275878906,0.7339996695518494,-1.2673122201871079,0.41026848554611206
test_typo_noise_heavy_000233,typo_noise_heavy,127.0,64.0,29.0,0.5039370078740157,1.984375,4.321703910827637,0.8839125633239746,0.7954712813366478,-3.437791347503662,0.928312361240387,0.7851976025209444,-3.3933915495872498
test_typo_noise_light_000234,typo_noise_light,124.0,31.0,28.0,0.25,4.0,0.5681752562522888,0.7438524961471558,-0.3091955131127012,0.17567723989486694,1.0604541301727295,-0.8664208243905862,0.4922788739204407
test_typo_noise_medium_000235,typo_noise_medium,143.0,50.0,28.0,0.34965034965034963,2.86,2.4595112800598145,0.928565502166748,0.6224593439782209,-1.5309457778930664,0.9475630521774292,0.614735228148909,-1.5119482278823853
test_typo_noise_heavy_000236,typo_noise_heavy,130.0,50.0,28.0,0.38461538461538464,2.6,4.651808738708496,0.7866477370262146,0.8308942217506957,-3.8651610016822815,0.9677636027336121,0.7919597178016616,-3.684045135974884
test_typo_noise_light_000237,typo_noise_light,129.0,37.0,27.0,0.2868217054263566,3.4864864864864864,0.8493621945381165,0.37709757685661316,0.5560226493696496,-0.4722646176815033,0.5666892528533936,0.3328061261761722,-0.2826729416847229
test_typo_noise_medium_000238,typo_noise_medium,142.0,43.0,27.0,0.3028169014084507,3.302325581395349,0.9858736395835876,0.376426637172699,0.6181796306759011,-0.6094470024108887,0.3330787420272827,0.6621486480072961,-0.6527948975563049
test_typo_noise_heavy_000239,typo_noise_heavy,147.0,45.0,27.0,0.30612244897959184,3.2666666666666666,0.3745289444923401,0.3904598355293274,-0.04253580736885644,0.015930891036987305,0.36658573150634766,0.021208542364487097,-0.007943212985992432
test_typo_noise_light_000240,typo_noise_light,111.0,54.0,30.0,0.4864864864864865,2.0555555555555554,3.116102695465088,1.1451621055603027,0.6325018083560356,-1.9709405899047852,0.9310247898101807,0.7012214035291214,-2.1850779056549072
test_typo_noise_medium_000241,typo_noise_medium,100.0,30.0,30.0,0.3,3.3333333333333335,1.8133219480514526,0.9886928796768188,0.45476153270011327,-0.8246290683746338,0.7943172454833984,0.5619546510552357,-1.0190047025680542
test_typo_noise_heavy_000242,typo_noise_heavy,133.0,59.0,30.0,0.44360902255639095,2.2542372881355934,2.9581518173217773,1.0618031024932861,0.6410586176558676,-1.8963487148284912,0.7643182277679443,0.7416230555536749,-2.193833589553833
test_typo_noise_light_000243,typo_noise_light,111.0,35.0,30.0,0.3153153153153153,3.1714285714285713,1.5957244634628296,0.9897094964981079,0.3797741908710407,-0.6060149669647217,0.9294737577438354,0.4175223987436936,-0.6662507057189941
test_typo_noise_medium_000244,typo_noise_medium,111.0,40.0,30.0,0.36036036036036034,2.775,1.767675518989563,0.9787803292274475,0.4462895940387651,-0.7888951897621155,1.0747712850570679,0.39198610066658185,-0.6929042339324951
test_typo_noise_heavy_000245,typo_noise_heavy,133.0,50.0,30.0,0.37593984962406013,2.66,1.2740086317062378,1.4494032859802246,-0.13767148032512663,0.17539465427398682,0.7311912775039673,0.4260703897078728,-0.5428173542022705
test_typo_noise_light_000246,typo_noise_light,105.0,42.0,30.0,0.4,2.5,0.6677687764167786,0.9348672032356262,-0.39998639686642357,0.26709842681884766,0.8459075689315796,-0.26676717870920363,0.17813879251480103
test_typo_noise_medium_000247,typo_noise_medium,105.0,52.0,30.0,0.49523809523809526,2.019230769230769,2.8449597358703613,0.9802007079124451,0.6554606043967187,-1.8647590279579163,1.0134544372558594,0.643771957656261,-1.831505298614502
test_typo_noise_heavy_000248,typo_noise_heavy,84.0,33.0,30.0,0.39285714285714285,2.5454545454545454,3.2373907566070557,1.0103758573532104,0.6879042620075514,-2.227014899253845,1.1073588132858276,0.6579471257753284,-2.130031943321228
test_typo_noise_light_000249,typo_noise_light,145.0,42.0,30.0,0.2896551724137931,3.4523809523809526,1.145344853401184,0.791989266872406,0.30851458011049093,-0.3533555865287781,0.7235047817230225,0.36830834872613005,-0.4218400716781616
test_typo_noise_medium_000250,typo_noise_medium,138.0,40.0,30.0,0.2898550724637681,3.45,2.592242956161499,0.8740643858909607,0.66281540709238,-1.7181785702705383,0.8480762839317322,0.6728407412908807,-1.7441666722297668
test_typo_noise_heavy_000251,typo_noise_heavy,138.0,59.0,30.0,0.427536231884058,2.3389830508474576,3.5317118167877197,1.0115244388580322,0.7135880583319882,-2.5201873779296875,0.8203460574150085,0.7677199896334812,-2.711365759372711
test_typo_noise_light_000252,typo_noise_light,144.0,37.0,27.0,0.2569444444444444,3.891891891891892,0.6833220720291138,0.3776114881038666,0.44738871527659657,-0.3057105839252472,0.40157321095466614,0.41232220150272475,-0.28174886107444763
test_typo_noise_medium_000253,typo_noise_medium,137.0,39.0,27.0,0.2846715328467153,3.5128205128205128,0.8664881587028503,0.3070603013038635,0.6456266618074288,-0.5594278573989868,0.36655086278915405,0.5769695648952805,-0.4999372959136963
test_typo_noise_heavy_000254,typo_noise_heavy,137.0,64.0,27.0,0.46715328467153283,2.140625,3.0081160068511963,0.4192967712879181,0.860611502238298,-2.588819235563278,0.368621826171875,0.8774575763260749,-2.6394941806793213
test_typo_noise_light_000255,typo_noise_light,125.0,29.0,25.0,0.232,4.310344827586207,1.452939510345459,0.11158113181591034,0.9232031815354927,-1.3413583785295486,0.013245574198663235,0.9908836024456972,-1.4396939361467957
test_typo_noise_medium_000256,typo_noise_medium,145.0,37.0,25.0,0.25517241379310346,3.918918918918919,1.830111026763916,0.120087631046772,0.9343823247384524,-1.710023395717144,0.005442711059004068,0.9970260213837255,-1.824668315704912
test_typo_noise_heavy_000257,typo_noise_heavy,132.0,43.0,25.0,0.32575757575757575,3.0697674418604652,3.6352450847625732,0.15673083066940308,0.9568857595526769,-3.47851425409317,0.0036755979526787996,0.9989888995468049,-3.6315694868098944
test_typo_noise_light_000258,typo_noise_light,132.0,33.0,23.0,0.25,4.0,2.396582841873169,0.03735535591840744,0.9844130754565485,-2.3592274859547615,0.007591308560222387,0.9968324447510902,-2.3889915333129466
test_typo_noise_medium_000259,typo_noise_medium,145.0,37.0,23.0,0.25517241379310346,3.918918918918919,0.9690691232681274,0.021828262135386467,0.977475020500321,-0.947240861132741,0.010347405448555946,0.989322324692732,-0.9587217178195715
test_typo_noise_heavy_000260,typo_noise_heavy,150.0,41.0,23.0,0.2733333333333333,3.658536585365854,0.5189420580863953,0.1024463102221489,0.8025862259075304,-0.41649574786424637,0.008926218375563622,0.9827992003414039,-0.5100158397108316
test_typo_noise_light_000261,typo_noise_light,112.0,54.0,29.0,0.48214285714285715,2.074074074074074,2.031264305114746,1.0372174978256226,0.4893734433210403,-0.9940468072891235,0.7635254263877869,0.6241132065063019,-1.2677388787269592
test_typo_noise_medium_000262,typo_noise_medium,101.0,34.0,29.0,0.33663366336633666,2.9705882352941178,1.4471015930175781,0.9738659262657166,0.3270231122923746,-0.4732356667518616,0.7459970116615295,0.48448884635256717,-0.7011045813560486
test_typo_noise_heavy_000263,typo_noise_heavy,134.0,53.0,29.0,0.39552238805970147,2.5283018867924527,3.173656702041626,1.0288379192352295,0.6758194046087675,-2.1448187828063965,0.8451665043830872,0.7336931547008887,-2.328490197658539
test_typo_noise_light_000264,typo_noise_light,118.0,35.0,30.0,0.2966101694915254,3.3714285714285714,1.8436311483383179,1.0177843570709229,0.44794577918242406,-0.825846791267395,0.9668589234352112,0.4755681339476987,-0.8767722249031067
test_typo_noise_medium_000265,typo_noise_medium,118.0,43.0,30.0,0.3644067796610169,2.744186046511628,2.356740713119507,0.8869404196739197,0.6236580397934747,-1.4698002934455872,0.9925201535224915,0.5788589945438931,-1.3642205595970154
test_typo_noise_heavy_000266,typo_noise_heavy,142.0,54.0,30.0,0.38028169014084506,2.6296296296296298,1.6210533380508423,1.0142827033996582,0.37430639721007963,-0.6067706346511841,1.1927833557128906,0.26419240643426595,-0.42826998233795166
test_typo_noise_light_000267,typo_noise_light,146.0,44.0,26.0,0.3013698630136986,3.3181818181818183,0.2590600252151489,0.38819724321365356,-0.4984837698956309,0.12913721799850464,0.4359275698661804,-0.6827280453792255,0.1768675446510315
test_typo_noise_medium_000268,typo_noise_medium,128.0,61.0,26.0,0.4765625,2.098360655737705,3.108487129211426,0.41855496168136597,0.8653509104965968,-2.68993216753006,0.3781484365463257,0.8783496856098433,-2.7303386926651
test_typo_noise_heavy_000269,typo_noise_heavy,102.0,33.0,26.0,0.3235294117647059,3.090909090909091,3.2990517616271973,0.6420226693153381,0.8053917562667546,-2.657029092311859,0.35502591729164124,0.8923854662054375,-2.944025844335556
test_typo_noise_light_000270,typo_noise_light,134.0,35.0,26.0,0.26119402985074625,3.8285714285714287,1.8389906883239746,0.37127405405044556,0.7981098782023641,-1.467716634273529,0.35466575622558594,0.8071410809867545,-1.4843249320983887
test_typo_noise_medium_000271,typo_noise_medium,128.0,38.0,26.0,0.296875,3.3684210526315788,2.8415517807006836,0.37055668234825134,0.8695935492483344,-2.4709950983524323,0.3568744659423828,0.8744086001296154,-2.484677314758301
test_typo_noise_heavy_000272,typo_noise_heavy,128.0,54.0,26.0,0.421875,2.3703703703703702,3.315887928009033,0.5484641194343567,0.8345950974996696,-2.7674238085746765,0.3960300087928772,0.8805659246057008,-2.919857919216156
test_typo_noise_light_000273,typo_noise_light,136.0,33.0,29.0,0.2426470588235294,4.121212121212121,1.1246507167816162,0.5634973645210266,0.4989578932261099,-0.5611533522605896,0.7051235437393188,0.37302885845558115,-0.41952717304229736
test_typo_noise_medium_000274,typo_noise_medium,130.0,43.0,29.0,0.33076923076923076,3.0232558139534884,0.5467841029167175,0.6344619989395142,-0.1603519479719606,0.08767789602279663,0.9938053488731384,-0.8175461641475487,0.4470212459564209
test_typo_noise_heavy_000275,typo_noise_heavy,130.0,64.0,29.0,0.49230769230769234,2.03125,2.8734724521636963,0.8670732975006104,0.6982489611662319,-2.006399154663086,0.9720801115036011,0.6617054356057479,-1.9013923406600952
test_typo_noise_light_000276,typo_noise_light,120.0,29.0,26.0,0.24166666666666667,4.137931034482759,0.9674860835075378,0.4531607925891876,0.5316100145375817,-0.5143252909183502,0.33269575238227844,0.6561234750001587,-0.6347903311252594
test_typo_noise_medium_000277,typo_noise_medium,139.0,47.0,26.0,0.3381294964028777,2.9574468085106385,2.7030279636383057,0.5246452689170837,0.8059046092105886,-2.178382694721222,0.38803836703300476,0.856443080777196,-2.314989596605301
test_typo_noise_heavy_000278,typo_noise_heavy,126.0,51.0,26.0,0.40476190476190477,2.4705882352941178,4.506243705749512,0.3936769366264343,0.9126374509829235,-4.112566769123077,0.45430123805999756,0.8991840504586214,-4.051942467689514
test_typo_noise_light_000279,typo_noise_light,116.0,37.0,30.0,0.31896551724137934,3.135135135135135,1.1419942378997803,0.9567986726760864,0.16216856362102444,-0.18519556522369385,0.9690083265304565,0.15147704395379333,-0.17298591136932373
test_typo_noise_medium_000280,typo_noise_medium,128.0,42.0,30.0,0.328125,3.0476190476190474,0.5684947967529297,0.933024525642395,-0.6412191122443844,0.36452972888946533,1.0534793138504028,-0.8531028249819664,0.48498451709747314
test_typo_noise_heavy_000281,typo_noise_heavy,119.0,41.0,30.0,0.3445378151260504,2.902439024390244,0.5730130672454834,1.020769476890564,-0.7814069787229794,0.44775640964508057,0.9747152924537659,-0.7010350167742161,0.40170222520828247
test_typo_noise_light_000282,typo_noise_light,132.0,61.0,28.0,0.4621212121212121,2.1639344262295084,3.3701553344726562,0.4746754467487335,0.8591532438005537,-2.8954798877239227,0.3253173530101776,0.903471110164398,-3.0448379814624786
test_typo_noise_medium_000283,typo_noise_medium,119.0,35.0,28.0,0.29411764705882354,3.4,1.704612135887146,0.4035738408565521,0.7632459417833977,-1.3010382950305939,0.40363603830337524,0.763209454041985,-1.3009760975837708
test_typo_noise_heavy_000284,typo_noise_heavy,158.0,63.0,28.0,0.3987341772151899,2.507936507936508,2.1033143997192383,0.5732899904251099,0.7274349519493445,-1.5300244092941284,0.6963911056518555,0.6689077459152976,-1.4069232940673828
test_typo_noise_light_000285,typo_noise_light,127.0,37.0,30.0,0.29133858267716534,3.4324324324324325,0.913482129573822,0.84840989112854,0.07123537104731423,-0.06507223844528198,0.7766681909561157,0.149771882983125,-0.1368139386177063
test_typo_noise_medium_000286,typo_noise_medium,127.0,45.0,30.0,0.3543307086614173,2.8222222222222224,1.2199987173080444,0.9490252733230591,0.22210961383868874,-0.27097344398498535,0.781726598739624,0.35923981914954634,-0.4382721185684204
test_typo_noise_heavy_000287,typo_noise_heavy,152.0,55.0,30.0,0.3618421052631579,2.7636363636363637,0.9860468506813049,1.0039726495742798,-0.018179459607410235,0.017925798892974854,1.2443231344223022,-0.2619310467474668,0.2582762837409973
test_typo_noise_light_000288,typo_noise_light,136.0,40.0,28.0,0.29411764705882354,3.4,0.475036084651947,0.3735520839691162,0.2136342984495312,-0.10148400068283081,0.3377150893211365,0.2890748719256221,-0.13732099533081055
test_typo_noise_medium_000289,typo_noise_medium,136.0,61.0,28.0,0.4485294117647059,2.2295081967213113,2.1906843185424805,0.49541839957237244,0.7738522180585165,-1.695265918970108,0.32608821988105774,0.8511477819414835,-1.8645960986614227
test_typo_noise_heavy_000290,typo_noise_heavy,109.0,41.0,28.0,0.3761467889908257,2.658536585365854,3.7161178588867188,0.6688486933708191,0.8200141333592703,-3.0472691655158997,0.4170989990234375,0.8877594804949505,-3.2990188598632812
test_typo_noise_light_000291,typo_noise_light,153.0,35.0,24.0,0.22875816993464052,4.371428571428571,1.1701070070266724,0.030992016196250916,0.9735135196950885,-1.1391149908304214,0.005363196134567261,0.9954164908830043,-1.164743810892105
test_typo_noise_medium_000292,typo_noise_medium,146.0,45.0,24.0,0.3082191780821918,3.2444444444444445,2.3889763355255127,0.03271915391087532,0.9863041113365913,-2.3562571816146374,0.006895389407873154,0.9971136635782721,-2.3820809461176395
test_typo_noise_heavy_000293,typo_noise_heavy,146.0,56.0,24.0,0.3835616438356164,2.607142857142857,5.014476299285889,0.05910040810704231,0.9882140417902745,-4.955375891178846,0.02127622812986374,0.9957570388491229,-4.993200071156025
test_typo_noise_light_000294,typo_noise_light,139.0,35.0,28.0,0.2517985611510791,3.9714285714285715,0.9772061109542847,0.6442630887031555,0.34070910785238095,-0.33294302225112915,0.9270616173744202,0.05131414244933057,-0.0501444935798645
test_typo_noise_medium_000295,typo_noise_medium,132.0,42.0,28.0,0.3181818181818182,3.142857142857143,0.9926030039787292,0.651240348815918,0.3439065303998681,-0.3413626551628113,0.85566645860672,0.137957012847146,-0.13693654537200928
test_typo_noise_heavy_000296,typo_noise_heavy,132.0,64.0,28.0,0.48484848484848486,2.0625,4.681601524353027,0.8341267704963684,0.8218287553613097,-3.847474753856659,0.9582790732383728,0.7953095605737607,-3.7233224511146545
test_typo_noise_light_000297,typo_noise_light,124.0,31.0,27.0,0.25,4.0,1.2460545301437378,0.37557998299598694,0.6985846334087303,-0.8704745471477509,0.321486234664917,0.7419966567371397,-0.9245682954788208
test_typo_noise_medium_000298,typo_noise_medium,143.0,43.0,27.0,0.3006993006993007,3.3255813953488373,1.7802717685699463,0.42395973205566406,0.7618567347185302,-1.3563120365142822,0.338373601436615,0.8099314905676321,-1.4418981671333313
test_typo_noise_heavy_000299,typo_noise_heavy,130.0,49.0,27.0,0.3769230769230769,2.6530612244897958,1.2387049198150635,0.6814464926719666,0.44987181226848977,-0.5572584271430969,0.3191485106945038,0.742353077323571,-0.9195564091205597
test_typo_noise_light_000300,typo_noise_light,136.0,39.0,30.0,0.2867647058823529,3.4871794871794872,1.670232892036438,0.876196563243866,0.47540455739944154,-0.794036328792572,0.5650339722633362,0.6617034816178142,-1.1051989197731018
test_typo_noise_medium_000301,typo_noise_medium,150.0,45.0,30.0,0.3,3.3333333333333335,0.9155718684196472,0.7967597842216492,0.1297681681756753,-0.11881208419799805,0.6403371095657349,0.30061513284477637,-0.27523475885391235
test_typo_noise_heavy_000302,typo_noise_heavy,155.0,49.0,30.0,0.3161290322580645,3.163265306122449,0.29737451672554016,0.8652292490005493,-1.909560841082785,0.5678547322750092,0.5621200203895569,-0.8902763645627437,0.2647455036640167
test_typo_noise_light_000303,typo_noise_light,129.0,64.0,27.0,0.49612403100775193,2.015625,4.426565170288086,0.7110196352005005,0.8393744115701731,-3.7155455350875854,0.4085409939289093,0.9077069966864802,-4.018024176359177
test_typo_noise_medium_000304,typo_noise_medium,116.0,30.0,27.0,0.25862068965517243,3.8666666666666667,2.0946671962738037,0.3478816747665405,0.8339203118350323,-1.7467855215072632,0.3406555950641632,0.8373700625712026,-1.7540116012096405
test_typo_noise_heavy_000305,typo_noise_heavy,155.0,64.0,27.0,0.4129032258064516,2.421875,3.9025144577026367,0.4297599494457245,0.8898761416251821,-3.4727545082569122,0.4684918224811554,0.8799512910050945,-3.4340226352214813
test_typo_noise_light_000306,typo_noise_light,133.0,38.0,27.0,0.2857142857142857,3.5,1.0556288957595825,0.42288362979888916,0.5994012370279033,-0.6327452659606934,0.3451184034347534,0.6730684383299096,-0.7105104923248291
test_typo_noise_medium_000307,typo_noise_medium,133.0,40.0,27.0,0.3007518796992481,3.325,3.0746846199035645,0.49259287118911743,0.8397907648802799,-2.582091748714447,0.3501637876033783,0.8861139170708309,-2.724520832300186
test_typo_noise_heavy_000308,typo_noise_heavy,160.0,52.0,27.0,0.325,3.076923076923077,1.7613579034805298,0.5258394479751587,0.7014579223586109,-1.235518455505371,0.7179528474807739,0.5923867340862048,-1.0434050559997559
test_typo_noise_light_000309,typo_noise_light,126.0,39.0,28.0,0.30952380952380953,3.230769230769231,0.6691693663597107,0.3835291266441345,0.42685791381853366,-0.28564023971557617,0.35671037435531616,0.46693558867491974,-0.31245899200439453
test_typo_noise_medium_000310,typo_noise_medium,126.0,64.0,28.0,0.5079365079365079,1.96875,4.595865726470947,0.4319203794002533,0.9060198001624572,-4.163945347070694,0.47376158833503723,0.8969157028225828,-4.12210413813591
test_typo_noise_heavy_000311,typo_noise_heavy,101.0,34.0,28.0,0.33663366336633666,2.9705882352941178,2.715268611907959,0.5093244910240173,0.8124220606424178,-2.2059441208839417,0.3293033540248871,0.8787216290201606,-2.385965257883072
test_typo_noise_light_000312,typo_noise_light,145.0,35.0,24.0,0.2413793103448276,4.142857142857143,0.8351097702980042,0.08562495559453964,0.8974686219226188,-0.7494848147034645,0.004888737108558416,0.9941459945956399,-0.8302210331894457
test_typo_noise_medium_000313,typo_noise_medium,138.0,39.0,24.0,0.2826086956521739,3.5384615384615383,3.3781168460845947,0.03635171428322792,0.989239059529465,-3.341765131801367,0.004475838970392942,0.9986750490955987,-3.373641007114202
test_typo_noise_heavy_000314,typo_noise_heavy,138.0,53.0,24.0,0.38405797101449274,2.6037735849056602,5.427167892456055,0.13769778609275818,0.9746280585341458,-5.2894701063632965,0.009084765799343586,0.9983260577193546,-5.418083126656711
test_typo_noise_light_000315,typo_noise_light,113.0,35.0,30.0,0.30973451327433627,3.2285714285714286,0.434425413608551,0.8348988890647888,-0.9218463352079435,0.4004734754562378,0.8328076004981995,-0.9170324166362418,0.39838218688964844
test_typo_noise_medium_000316,typo_noise_medium,127.0,49.0,30.0,0.3858267716535433,2.5918367346938775,0.3739437162876129,0.795974850654602,-1.1285953366372135,0.42203113436698914,1.0230796337127686,-1.7359187737383532,0.6491359174251556
test_typo_noise_heavy_000317,typo_noise_heavy,108.0,57.0,30.0,0.5277777777777778,1.894736842105263,2.2335143089294434,0.9149347543716431,0.5903609165547792,-1.3185795545578003,0.779489278793335,0.6510032303455644,-1.4540250301361084
test_typo_noise_light_000318,typo_noise_light,117.0,34.0,27.0,0.2905982905982906,3.4411764705882355,0.798565685749054,0.37608492374420166,0.5290494815195643,-0.4224807620048523,0.3214839696884155,0.5974232609470769,-0.4770817160606384
test_typo_noise_medium_000319,typo_noise_medium,135.0,44.0,27.0,0.32592592592592595,3.0681818181818183,1.5588383674621582,0.35673287510871887,0.7711546735345679,-1.2021054923534393,0.3454419672489166,0.7783978284988534,-1.2133964002132416
test_typo_noise_heavy_000320,typo_noise_heavy,123.0,45.0,27.0,0.36585365853658536,2.7333333333333334,3.9420199394226074,0.3832610845565796,0.9027754576470467,-3.558758854866028,0.3247956931591034,0.9176067858229361,-3.617224246263504
test_typo_noise_light_000321,typo_noise_light,138.0,38.0,29.0,0.2753623188405797,3.6315789473684212,1.2573004961013794,0.7079243063926697,0.4369489962122882,-0.5493761897087097,0.7096310257911682,0.43559154872555716,-0.5476694703102112
test_typo_noise_medium_000322,typo_noise_medium,152.0,46.0,29.0,0.3026315789473684,3.3043478260869565,0.8047460317611694,0.8751717805862427,-0.08751301161553789,0.07042574882507324,0.6754778623580933,0.16063225452653127,-0.12926816940307617
test_typo_noise_heavy_000323,typo_noise_heavy,141.0,43.0,29.0,0.3049645390070922,3.2790697674418605,0.37553852796554565,0.7054870128631592,-0.878600889994129,0.3299484848976135,0.6675391793251038,-0.777551781281808,0.2920006513595581
test_typo_noise_light_000324,typo_noise_light,129.0,61.0,30.0,0.4728682170542636,2.1147540983606556,1.580217957496643,0.7034154534339905,0.554861751762187,-0.8768025040626526,0.6049812436103821,0.6171532915821409,-0.975236713886261
test_typo_noise_medium_000325,typo_noise_medium,116.0,36.0,30.0,0.3103448275862069,3.2222222222222223,2.073411464691162,0.8454551696777344,0.5922395607069404,-1.2279562950134277,0.909498393535614,0.5613517099602393,-1.163913071155548
test_typo_noise_heavy_000326,typo_noise_heavy,155.0,62.0,30.0,0.4,2.5,2.9751245975494385,0.9939599633216858,0.6659098028565277,-1.9811646342277527,0.7404495477676392,0.7511198191909222,-2.2346750497817993
test_typo_noise_light_000327,typo_noise_light,119.0,34.0,28.0,0.2857142857142857,3.5,1.4691301584243774,0.9705314636230469,0.33938360868996864,-0.49859869480133057,0.9273734092712402,0.3687602123246616,-0.5417567491531372
test_typo_noise_medium_000328,typo_noise_medium,119.0,47.0,28.0,0.3949579831932773,2.5319148936170213,2.9042422771453857,1.0522862672805786,0.6376726984654726,-1.8519560098648071,1.0292408466339111,0.6456077873621604,-1.8750014305114746
test_typo_noise_heavy_000329,typo_noise_heavy,143.0,50.0,28.0,0.34965034965034963,2.86,1.2269495725631714,0.9531256556510925,0.22317454851876614,-0.27382391691207886,1.1052144765853882,0.09921768481769896,-0.1217350959777832
test_typo_noise_light_000330,typo_noise_light,129.0,38.0,26.0,0.29457364341085274,3.3947368421052633,0.6011539697647095,0.3845682442188263,0.3602832825518135,-0.21658572554588318,0.3483934700489044,0.4204588382153328,-0.25276049971580505
test_typo_noise_medium_000331,typo_noise_medium,129.0,59.0,26.0,0.4573643410852713,2.1864406779661016,4.764891624450684,0.4665403962135315,0.9020879312722425,-4.298351228237152,0.4165862798690796,0.91257171984114,-4.348305344581604
test_typo_noise_heavy_000332,typo_noise_heavy,103.0,35.0,26.0,0.33980582524271846,2.942857142857143,3.817227363586426,0.7228553295135498,0.8106334098908898,-3.094372034072876,0.5369262099266052,0.8593413075027988,-3.2803011536598206
test_typo_noise_light_000333,typo_noise_light,128.0,40.0,27.0,0.3125,3.2,1.376603126525879,0.36777350306510925,0.7328398461557646,-1.0088296234607697,0.34992992877960205,0.7458018785249187,-1.0266731977462769
test_typo_noise_medium_000334,typo_noise_medium,122.0,40.0,27.0,0.32786885245901637,3.05,0.962845504283905,0.3368825614452362,0.6501177396099646,-0.6259629428386688,0.3490791320800781,0.6374505250043225,-0.6137663722038269
test_typo_noise_heavy_000335,typo_noise_heavy,122.0,55.0,27.0,0.45081967213114754,2.2181818181818183,3.992866277694702,0.335576593875885,0.915955964828947,-3.657289683818817,0.35106778144836426,0.9120762487315116,-3.641798496246338
test_typo_noise_light_000336,typo_noise_light,123.0,36.0,28.0,0.2926829268292683,3.4166666666666665,0.5491591691970825,0.9749040603637695,-0.7752668352768511,0.425744891166687,0.734187662601471,-0.33693053632322273,0.18502849340438843
test_typo_noise_medium_000337,typo_noise_medium,117.0,41.0,28.0,0.3504273504273504,2.8536585365853657,0.46090584993362427,1.1417443752288818,-1.4771748403568887,0.6808385252952576,0.8531357645988464,-0.8509979092730279,0.39222991466522217
test_typo_noise_heavy_000338,typo_noise_heavy,117.0,62.0,28.0,0.5299145299145299,1.8870967741935485,3.4360616207122803,1.4724477529525757,0.5714722506497588,-1.9636138677597046,0.7759365439414978,0.7741785131953921,-2.6601250767707825
test_typo_noise_light_000339,typo_noise_light,118.0,28.0,27.0,0.23728813559322035,4.214285714285714,1.7833260297775269,0.3756923973560333,0.7893305031817981,-1.4076336324214935,0.3835253417491913,0.7849381799260583,-1.3998006880283356
test_typo_noise_medium_000340,typo_noise_medium,136.0,46.0,27.0,0.3382352941176471,2.9565217391304346,1.9635238647460938,0.4635526239871979,0.7639180086832607,-1.4999712407588959,0.394226998090744,0.7992247483369793,-1.5692968666553497
test_typo_noise_heavy_000341,typo_noise_heavy,124.0,45.0,27.0,0.3629032258064516,2.7555555555555555,4.469293594360352,0.3820454776287079,0.9145177040705498,-4.087248116731644,0.3837520182132721,0.9141358673107725,-4.0855415761470795
test_typo_noise_light_000342,typo_noise_light,107.0,33.0,26.0,0.308411214953271,3.242424242424242,1.3314560651779175,0.4878310561180115,0.6336108498985098,-0.843625009059906,0.40140485763549805,0.6985218903322508,-0.9300512075424194
test_typo_noise_medium_000343,typo_noise_medium,118.0,38.0,26.0,0.3220338983050847,3.1052631578947367,1.053182601928711,0.3956224024295807,0.6243553570814113,-0.6575601994991302,0.36120766401290894,0.6570322531425953,-0.691974937915802
test_typo_noise_heavy_000344,typo_noise_heavy,125.0,44.0,26.0,0.352,2.840909090909091,0.5226651430130005,0.39755767583847046,0.23936447426611376,-0.12510746717453003,0.5121064782142639,0.02020158592912698,-0.010558664798736572
test_typo_noise_light_000345,typo_noise_light,133.0,61.0,28.0,0.45864661654135336,2.180327868852459,2.1393063068389893,0.49520397186279297,0.7685212396748833,-1.6441023349761963,0.31381019949913025,0.8533121701665939,-1.825496107339859
test_typo_noise_medium_000346,typo_noise_medium,120.0,35.0,28.0,0.2916666666666667,3.4285714285714284,0.8183500170707703,0.39251813292503357,0.5203542191762563,-0.4258318841457367,0.34803396463394165,0.5747125834007969,-0.4703160524368286
test_typo_noise_heavy_000347,typo_noise_heavy,160.0,64.0,28.0,0.4,2.5,4.290441513061523,0.5821300148963928,0.8643193216539146,-3.7083114981651306,0.5383880138397217,0.8745145430369601,-3.7520534992218018
test_typo_noise_light_000348,typo_noise_light,132.0,36.0,29.0,0.2727272727272727,3.6666666666666665,1.2682297229766846,0.8782365918159485,0.3075098494343566,-0.3899931311607361,0.6016120314598083,0.5256285036059918,-0.6666176915168762
test_typo_noise_medium_000349,typo_noise_medium,132.0,47.0,29.0,0.3560606060606061,2.8085106382978724,2.124069929122925,1.2164480686187744,0.4273031918864025,-0.9076218605041504,0.5722425580024719,0.7305914696326578,-1.5518273711204529
test_typo_noise_heavy_000350,typo_noise_heavy,158.0,55.0,29.0,0.34810126582278483,2.8727272727272726,1.5628595352172852,0.8827382922172546,0.435177460081512,-0.6801212430000305,0.9473182559013367,0.39385579154454814,-0.6155412793159485
test_typo_noise_light_000351,typo_noise_light,116.0,39.0,30.0,0.33620689655172414,2.9743589743589745,0.5697019100189209,0.9240183234214783,-0.6219329919234251,0.3543164134025574,1.0758323669433594,-0.8884127787242786,0.5061304569244385
test_typo_noise_medium_000352,typo_noise_medium,116.0,55.0,30.0,0.47413793103448276,2.109090909090909,3.130579710006714,1.093886137008667,0.6505803274990494,-2.036693572998047,0.9392582774162292,0.6999730515041845,-2.1913214325904846
test_typo_noise_heavy_000353,typo_noise_heavy,93.0,36.0,30.0,0.3870967741935484,2.5833333333333335,2.966250419616699,1.160846471786499,0.6086485267361532,-1.8054039478302002,0.938097357749939,0.683743034119432,-2.0281530618667603
test_typo_noise_light_000354,typo_noise_light,140.0,35.0,26.0,0.25,4.0,0.9318488836288452,0.44069555401802063,0.5270740119343756,-0.4911533296108246,0.354042649269104,0.6200643092575524,-0.5778062343597412
test_typo_noise_medium_000355,typo_noise_medium,133.0,44.0,26.0,0.3308270676691729,3.022727272727273,2.212587833404541,0.43013256788253784,0.8055975173556448,-1.7824552655220032,0.369687020778656,0.8329164541188798,-1.842900812625885
test_typo_noise_heavy_000356,typo_noise_heavy,133.0,58.0,26.0,0.43609022556390975,2.293103448275862,4.945953369140625,0.5246914029121399,0.8939150121823113,-4.421261966228485,0.41120263934135437,0.916860793329153,-4.534750729799271
test_typo_noise_light_000357,typo_noise_light,129.0,32.0,26.0,0.24806201550387597,4.03125,0.8146582245826721,0.4071556627750397,0.5002129107778728,-0.40750256180763245,0.39618226885795593,0.5136828464956459,-0.4184759557247162
test_typo_noise_medium_000358,typo_noise_medium,141.0,44.0,26.0,0.3120567375886525,3.2045454545454546,0.3465867340564728,0.46216198801994324,-0.3334670447733832,0.11557525396347046,0.5516850352287292,-0.5917661613062137,0.20509830117225647
test_typo_noise_heavy_000359,typo_noise_heavy,123.0,59.0,26.0,0.4796747967479675,2.0847457627118646,2.8294103145599365,0.5301670432090759,0.8126227785058691,-2.2992432713508606,0.4176608622074127,0.8523858982000028,-2.411749452352524
test_typo_noise_light_000360,typo_noise_light,127.0,30.0,24.0,0.23622047244094488,4.233333333333333,1.0454994440078735,0.09326960891485214,0.9107894227496598,-0.9522298350930214,0.018109207972884178,0.9826788927754343,-1.0273902360349894
test_typo_noise_medium_000361,typo_noise_medium,147.0,42.0,24.0,0.2857142857142857,3.5,1.5618025064468384,0.14472390711307526,0.9073353343232059,-1.4170785993337631,0.31992876529693604,0.7951541478667579,-1.2418737411499023
test_typo_noise_heavy_000362,typo_noise_heavy,134.0,51.0,24.0,0.3805970149253731,2.627450980392157,3.92983078956604,0.040242426097393036,0.9897597560169157,-3.889588363468647,0.00846025813370943,0.9978471698689491,-3.9213705314323306
test_typo_noise_light_000363,typo_noise_light,139.0,32.0,25.0,0.2302158273381295,4.34375,1.2866283655166626,0.027477657422423363,0.9786436719733057,-1.2591507080942392,0.04229741543531418,0.9671253824577938,-1.2443309500813484
test_typo_noise_medium_000364,typo_noise_medium,153.0,40.0,25.0,0.26143790849673204,3.825,1.3588835000991821,0.059689950197935104,0.9560742696533011,-1.299193549901247,0.007125332951545715,0.9947564798961606,-1.3517581671476364
test_typo_noise_heavy_000365,typo_noise_heavy,159.0,45.0,25.0,0.2830188679245283,3.533333333333333,0.3914281725883484,0.028914470225572586,0.9261308402142506,-0.3625137023627758,0.005738528445363045,0.9853395109314268,-0.38568964414298534
test_typo_noise_light_000366,typo_noise_light,147.0,64.0,24.0,0.43537414965986393,2.296875,5.22753381729126,0.18296511471271515,0.9649997262365828,-5.044568702578545,0.20647911727428436,0.9605016199816235,-5.021054700016975
test_typo_noise_medium_000367,typo_noise_medium,132.0,31.0,24.0,0.23484848484848486,4.258064516129032,1.6788362264633179,0.14513100683689117,0.9135526118931636,-1.5337052196264267,0.00817058514803648,0.9951331851080859,-1.6706656413152814
test_typo_noise_heavy_000368,typo_noise_heavy,176.0,64.0,24.0,0.36363636363636365,2.75,5.50200891494751,0.238470196723938,0.9566576135352894,-5.263538718223572,0.01375590544193983,0.9974998394850708,-5.48825300950557
test_typo_noise_light_000369,typo_noise_light,130.0,36.0,28.0,0.27692307692307694,3.611111111111111,1.2270681858062744,0.36088377237319946,0.7058975397230496,-0.866184413433075,0.3373652994632721,0.7250639342086779,-0.8897028863430023
test_typo_noise_medium_000370,typo_noise_medium,130.0,42.0,28.0,0.3230769230769231,3.0952380952380953,2.1533257961273193,0.4713621437549591,0.781100405427415,-1.6819636523723602,0.346480131149292,0.8390953511203811,-1.8068456649780273
test_typo_noise_heavy_000371,typo_noise_heavy,156.0,55.0,28.0,0.3525641025641026,2.8363636363636364,0.560084879398346,0.43476995825767517,0.22374273212889892,-0.12531492114067078,0.6823000311851501,-0.2182082685718816,0.1222151517868042
test_typo_noise_light_000372,typo_noise_light,103.0,37.0,28.0,0.3592233009708738,2.7837837837837838,0.41954511404037476,0.9713444113731384,-1.3152323286969836,0.5517992973327637,0.9954332113265991,-1.3726487998875945,0.5758880972862244
test_typo_noise_medium_000373,typo_noise_medium,103.0,52.0,28.0,0.5048543689320388,1.9807692307692308,3.7884292602539062,1.14527428150177,0.6976915225744477,-2.6431549787521362,1.0690827369689941,0.7178031676121774,-2.719346523284912
test_typo_noise_heavy_000374,typo_noise_heavy,82.0,30.0,28.0,0.36585365853658536,2.7333333333333334,3.4974353313446045,1.4009064435958862,0.5994475062796082,-2.0965288877487183,3.012629270553589,0.13861759113774086,-0.4848060607910156
test_typo_noise_light_000375,typo_noise_light,147.0,34.0,25.0,0.23129251700680273,4.323529411764706,0.8875004053115845,0.04893805459141731,0.9448585552203369,-0.8385623507201672,0.006048843264579773,0.9931844050680111,-0.8814515620470047
test_typo_noise_medium_000376,typo_noise_medium,140.0,39.0,25.0,0.2785714285714286,3.58974358974359,1.7469305992126465,0.039647094905376434,0.9773047109465908,-1.70728350430727,0.029930375516414642,0.9828668777512373,-1.7170002236962318
test_typo_noise_heavy_000377,typo_noise_heavy,140.0,54.0,25.0,0.38571428571428573,2.5925925925925926,4.589934825897217,0.10825321078300476,0.9764150876016319,-4.481681615114212,0.22261367738246918,0.9514995994874603,-4.367321148514748
test_typo_noise_light_000378,typo_noise_light,135.0,38.0,30.0,0.2814814814814815,3.5526315789473686,0.6879291534423828,0.7909749150276184,-0.14979124095787597,0.1030457615852356,0.6901331543922424,-0.0032038196649042208,0.002204000949859619
test_typo_noise_medium_000379,typo_noise_medium,129.0,44.0,30.0,0.34108527131782945,2.9318181818181817,0.8928590416908264,0.9659361243247986,-0.08184615848833711,0.07307708263397217,0.5646442174911499,0.3675998213314041,-0.3282148241996765
test_typo_noise_heavy_000380,typo_noise_heavy,129.0,64.0,30.0,0.49612403100775193,2.015625,3.943249464035034,1.0220822095870972,0.7408020418415971,-2.921167254447937,0.5678684115409851,0.855989732143424,-3.375381052494049
test_typo_noise_light_000381,typo_noise_light,128.0,31.0,27.0,0.2421875,4.129032258064516,0.6842085719108582,0.38534367084503174,0.43680379541454195,-0.2988649010658264,0.3444606363773346,0.49655609339221707,-0.33974793553352356
test_typo_noise_medium_000382,typo_noise_medium,149.0,47.0,27.0,0.31543624161073824,3.1702127659574466,2.3431107997894287,0.5199021100997925,0.7781145858972972,-1.8232086896896362,0.35006120800971985,0.8505998060180597,-1.9930495917797089
test_typo_noise_heavy_000383,typo_noise_heavy,135.0,52.0,27.0,0.3851851851851852,2.5961538461538463,3.539491653442383,0.38259613513946533,0.8919064734148007,-3.1568955183029175,0.340947687625885,0.9036732613017207,-3.198543965816498
test_typo_noise_light_000384,typo_noise_light,121.0,32.0,27.0,0.2644628099173554,3.78125,1.1624789237976074,0.435812771320343,0.6251004965349205,-0.7266661524772644,0.35365790128707886,0.6957726337680663,-0.8088210225105286
test_typo_noise_medium_000385,typo_noise_medium,133.0,40.0,27.0,0.3007518796992481,3.325,0.5846421122550964,0.5313224196434021,0.0912005678243537,-0.053319692611694336,0.34850814938545227,0.40389489213977803,-0.23613396286964417
test_typo_noise_heavy_000386,typo_noise_heavy,121.0,39.0,27.0,0.32231404958677684,3.1025641025641026,0.7917273044586182,0.40745091438293457,0.4853645793338543,-0.3842763900756836,0.3490869700908661,0.5590818099552962,-0.4426403343677521
test_typo_noise_light_000387,typo_noise_light,132.0,64.0,29.0,0.48484848484848486,2.0625,1.973868489265442,0.8111299276351929,0.5890658713858653,-1.162738561630249,0.7588933706283569,0.6155299227099104,-1.214975118637085
test_typo_noise_medium_000388,typo_noise_medium,119.0,34.0,29.0,0.2857142857142857,3.5,2.151421308517456,0.7882006168365479,0.6336372547226946,-1.3632206916809082,0.7156046032905579,0.6673805356219694,-1.4358167052268982
test_typo_noise_heavy_000389,typo_noise_heavy,158.0,61.0,29.0,0.3860759493670886,2.5901639344262297,3.198559284210205,0.6051523685455322,0.8108047046265838,-2.593406915664673,0.8246065378189087,0.7421943867385524,-2.3739527463912964
test_typo_noise_light_000390,typo_noise_light,137.0,36.0,25.0,0.26277372262773724,3.8055555555555554,1.8469898700714111,0.07308792322874069,0.960428628000047,-1.7739019468426704,0.0035672432277351618,0.9980686178708726,-1.843422626843676
test_typo_noise_medium_000391,typo_noise_medium,137.0,40.0,25.0,0.291970802919708,3.425,2.8361988067626953,0.06030162423849106,0.9787385764020821,-2.7758971825242043,0.004411932080984116,0.9984444207259152,-2.831786874681711
test_typo_noise_heavy_000392,typo_noise_heavy,164.0,51.0,25.0,0.31097560975609756,3.215686274509804,2.1269164085388184,0.04833437502384186,0.9772749061365099,-2.0785820335149765,0.004469701554626226,0.9978985062428021,-2.122446706984192
test_typo_noise_light_000393,typo_noise_light,123.0,43.0,30.0,0.34959349593495936,2.86046511627907,0.6478694677352905,0.7931761145591736,-0.22428383194506876,0.14530664682388306,0.806130588054657,-0.24427933125570522,0.15826112031936646
test_typo_noise_medium_000394,typo_noise_medium,123.0,64.0,30.0,0.5203252032520326,1.921875,3.496901750564575,0.9789203405380249,0.7200606678812242,-2.5179814100265503,0.7211788296699524,0.7937663448641307,-2.775722920894623
test_typo_noise_heavy_000395,typo_noise_heavy,98.0,33.0,30.0,0.336734693877551,2.9696969696969697,3.728022575378418,0.9772623777389526,0.7378603916743304,-2.7507601976394653,0.9485445022583008,0.745563637805488,-2.779478073120117
test_typo_noise_light_000396,typo_noise_light,123.0,37.0,28.0,0.3008130081300813,3.324324324324324,1.1713329553604126,0.9353926777839661,0.20142887340162732,-0.23594027757644653,0.7607186436653137,0.35055302577801645,-0.4106143116950989
test_typo_noise_medium_000397,typo_noise_medium,117.0,44.0,28.0,0.37606837606837606,2.659090909090909,2.163614511489868,1.0034077167510986,0.5362354470158593,-1.1602067947387695,0.760391116142273,0.6485551783350415,-1.4032233953475952
test_typo_noise_heavy_000398,typo_noise_heavy,117.0,50.0,28.0,0.42735042735042733,2.34,4.007879734039307,1.037011742591858,0.7412567713086753,-2.9708679914474487,0.8719499707221985,0.7824410839186007,-3.135929763317108
test_typo_noise_light_000399,typo_noise_light,125.0,33.0,28.0,0.264,3.787878787878788,0.8665115237236023,1.0185314416885376,-0.1754390031787116,0.1520199179649353,0.6727885007858276,0.2235665858260045,-0.19372302293777466
test_typo_noise_medium_000400,typo_noise_medium,137.0,46.0,28.0,0.3357664233576642,2.9782608695652173,0.3036365211009979,0.96206134557724,-2.168463866233113,0.6584248244762421,0.6341618895530701,-1.0885560381655481,0.33052536845207214
test_typo_noise_heavy_000401,typo_noise_heavy,119.0,64.0,28.0,0.5378151260504201,1.859375,3.8516464233398438,1.3047983646392822,0.661236203631624,-2.5468480587005615,1.0061029195785522,0.7387862724153846,-2.8455435037612915
test_typo_noise_light_000402,typo_noise_light,98.0,29.0,28.0,0.29591836734693877,3.3793103448275863,1.3655458688735962,1.0494096279144287,0.23150906034371455,-0.3161362409591675,0.8885889053344727,0.3492793427236195,-0.47695696353912354
test_typo_noise_medium_000403,typo_noise_medium,113.0,44.0,28.0,0.3893805309734513,2.5681818181818183,2.416520833969116,1.0919362306594849,0.548137050874919,-1.3245846033096313,0.9374018907546997,0.6120861539542266,-1.4791189432144165
test_typo_noise_heavy_000404,typo_noise_heavy,103.0,45.0,28.0,0.4368932038834951,2.2888888888888888,3.911855459213257,1.0900533199310303,0.7213462175951002,-2.8218021392822266,1.0368143320083618,0.7349558686872129,-2.875041127204895
test_typo_noise_light_000405,typo_noise_light,123.0,40.0,28.0,0.3252032520325203,3.075,2.075239658355713,0.3886961042881012,0.8126982092294444,-1.6865435540676117,0.33502817153930664,0.838559286302016,-1.7402114868164062
test_typo_noise_medium_000406,typo_noise_medium,135.0,45.0,28.0,0.3333333333333333,3.0,0.7006940245628357,0.3989998400211334,0.4305648028466203,-0.30169418454170227,0.3476850688457489,0.5037990097565478,-0.3530089557170868
test_typo_noise_heavy_000407,typo_noise_heavy,146.0,48.0,28.0,0.3287671232876712,3.0416666666666665,0.46278324723243713,0.3709997534751892,0.19832933518258672,-0.09178349375724792,0.3570701479911804,0.2284289672831682,-0.10571309924125671
test_typo_noise_light_000408,typo_noise_light,130.0,64.0,30.0,0.49230769230769234,2.03125,4.427642345428467,1.0432648658752441,0.7643746299986462,-3.3843774795532227,0.7414373755455017,0.832543525944223,-3.686204969882965
test_typo_noise_medium_000409,typo_noise_medium,117.0,33.0,30.0,0.28205128205128205,3.5454545454545454,2.3288381099700928,0.8190956115722656,0.6482814292390704,-1.5097424983978271,0.757626473903656,0.6746761955413957,-1.5712116360664368
test_typo_noise_heavy_000410,typo_noise_heavy,156.0,64.0,30.0,0.41025641025641024,2.4375,3.9142723083496094,0.9596280455589294,0.7548387107580818,-2.95464426279068,0.5862336754798889,0.8502317597502395,-3.3280386328697205
test_typo_noise_light_000411,typo_noise_light,146.0,31.0,25.0,0.21232876712328766,4.709677419354839,0.6562682390213013,0.01875598356127739,0.9714202479320828,-0.6375122554600239,0.007513376884162426,0.9885513629375586,-0.6487548621371388
test_typo_noise_medium_000412,typo_noise_medium,146.0,46.0,25.0,0.3150684931506849,3.1739130434782608,2.200798988342285,0.22505693137645721,0.8977385337922308,-1.975742056965828,0.040396228432655334,0.9816447441830737,-2.16040275990963
test_typo_noise_heavy_000413,typo_noise_heavy,175.0,53.0,25.0,0.3028571428571429,3.30188679245283,1.6856436729431152,0.2262384593486786,0.8657851223362831,-1.4594052135944366,0.062114834785461426,0.9631506730737407,-1.6235288381576538
test_typo_noise_light_000414,typo_noise_light,111.0,38.0,29.0,0.34234234234234234,2.9210526315789473,0.5935519933700562,1.1241036653518677,-0.8938587990741252,0.5305516719818115,0.7364758253097534,-0.240794123406456,0.14292383193969727
test_typo_noise_medium_000415,typo_noise_medium,111.0,54.0,29.0,0.4864864864864865,2.0555555555555554,2.1736621856689453,1.4791148900985718,0.31952862783810465,-0.6945472955703735,0.7683930397033691,0.6464984095645497,-1.4052691459655762
test_typo_noise_heavy_000416,typo_noise_heavy,89.0,33.0,29.0,0.3707865168539326,2.696969696969697,2.7342188358306885,1.1713664531707764,0.5715900871501014,-1.562852382659912,0.8406039476394653,0.6925615694604489,-1.8936148881912231
test_typo_noise_light_000417,typo_noise_light,145.0,34.0,25.0,0.23448275862068965,4.264705882352941,1.0556268692016602,0.0840645432472229,0.9203652865422055,-0.9715623259544373,0.014306171797215939,0.9864477002105533,-1.0413206974044442
test_typo_noise_medium_000418,typo_noise_medium,138.0,36.0,25.0,0.2608695652173913,3.8333333333333335,1.6765758991241455,0.21122856438159943,0.8740119284239105,-1.465347334742546,0.016886122524738312,0.9899282087178041,-1.6596897765994072
test_typo_noise_heavy_000419,typo_noise_heavy,138.0,52.0,25.0,0.37681159420289856,2.6538461538461537,4.819122791290283,0.16801008582115173,0.9651367908440099,-4.6511127054691315,0.24419009685516357,0.9493289323740631,-4.57493269443512
test_typo_noise_light_000420,typo_noise_light,130.0,37.0,30.0,0.2846153846153846,3.5135135135135136,0.3542012572288513,0.9689900875091553,-1.7357048224227098,0.614788830280304,0.7595797181129456,-1.1444862281281432,0.40537846088409424
test_typo_noise_medium_000421,typo_noise_medium,144.0,50.0,30.0,0.3472222222222222,2.88,0.2967659533023834,1.0355339050292969,-2.48939591454469,0.7387679517269135,0.7576878666877747,-1.5531495720998174,0.46092191338539124
test_typo_noise_heavy_000422,typo_noise_heavy,124.0,59.0,30.0,0.47580645161290325,2.1016949152542375,3.746375560760498,0.8992509245872498,0.7599677581697907,-2.8471246361732483,0.6731835603713989,0.8203107111250892,-3.073192000389099
test_typo_noise_light_000423,typo_noise_light,126.0,31.0,25.0,0.24603174603174602,4.064516129032258,2.1797168254852295,0.142174631357193,0.9347738065353772,-2.0375421941280365,0.010416264645755291,0.9952212762116764,-2.169300560839474
test_typo_noise_medium_000424,typo_noise_medium,146.0,43.0,25.0,0.2945205479452055,3.395348837209302,1.8907363414764404,0.04421339929103851,0.9766157775036401,-1.846522942185402,0.004014504142105579,0.9978767509493308,-1.8867218373343349
test_typo_noise_heavy_000425,typo_noise_heavy,133.0,48.0,25.0,0.3609022556390977,2.7708333333333335,4.553213119506836,0.11474769562482834,0.9747985230181238,-4.438465423882008,0.0076884496957063675,0.998311423275408,-4.54552466981113
test_typo_noise_light_000426,typo_noise_light,133.0,36.0,28.0,0.2706766917293233,3.6944444444444446,0.8883059620857239,0.3643600642681122,0.5898259385622018,-0.5239458978176117,0.3005600571632385,0.6616480469662392,-0.5877459049224854
test_typo_noise_medium_000427,typo_noise_medium,146.0,41.0,28.0,0.2808219178082192,3.5609756097560976,0.9083003997802734,0.48380687832832336,0.46734926193431064,-0.4244935214519501,0.3622146546840668,0.6012171141048821,-0.5460857450962067
test_typo_noise_heavy_000428,typo_noise_heavy,153.0,48.0,28.0,0.3137254901960784,3.1875,0.5329192280769348,0.5316972732543945,0.0022929456438450665,-0.0012219548225402832,0.3819887340068817,0.28321457759122937,-0.1509304940700531
test_typo_noise_light_000429,typo_noise_light,118.0,60.0,28.0,0.5084745762711864,1.9666666666666666,2.278024911880493,1.1550341844558716,0.4929668334915621,-1.1229907274246216,1.131148099899292,0.5034522695515488,-1.1468768119812012
test_typo_noise_medium_000430,typo_noise_medium,106.0,35.0,28.0,0.330188679245283,3.0285714285714285,1.5449764728546143,1.2969987392425537,0.16050583162206886,-0.24797773361206055,1.031743049621582,0.3321949765906426,-0.5132334232330322
test_typo_noise_heavy_000431,typo_noise_heavy,142.0,64.0,28.0,0.4507042253521127,2.21875,3.3731532096862793,1.1985620260238647,0.6446760785777242,-2.1745911836624146,0.9633342027664185,0.7144113703462602,-2.409819006919861
test_typo_noise_light_000432,typo_noise_light,124.0,31.0,26.0,0.25,4.0,1.1668744087219238,0.4082346558570862,0.6501468771568784,-0.7586397528648376,0.3911551833152771,0.6647838187284363,-0.7757192254066467
test_typo_noise_medium_000433,typo_noise_medium,124.0,42.0,26.0,0.3387096774193548,2.9523809523809526,2.0171303749084473,0.609677255153656,0.6977501986299087,-1.4074531197547913,0.4305243492126465,0.7865659282275262,-1.5866060256958008
test_typo_noise_heavy_000434,typo_noise_heavy,149.0,52.0,26.0,0.348993288590604,2.8653846153846154,1.6101502180099487,0.46840375661849976,0.7090931321939519,-1.141746461391449,0.5037721395492554,0.6871272419713186,-1.1063780784606934
test_typo_noise_light_000435,typo_noise_light,152.0,46.0,27.0,0.3026315789473684,3.3043478260869565,0.2993469536304474,0.5132666230201721,-0.7146211671618173,0.21391966938972473,0.3738904297351837,-0.24902032641615734,0.07454347610473633
test_typo_noise_medium_000436,typo_noise_medium,133.0,61.0,27.0,0.45864661654135336,2.180327868852459,3.6057095527648926,1.7514687776565552,0.5142512861820742,-1.8542407751083374,0.47583717107772827,0.8680323070634317,-3.1298723816871643
test_typo_noise_heavy_000437,typo_noise_heavy,106.0,33.0,27.0,0.3113207547169811,3.212121212121212,3.120454788208008,0.44604992866516113,0.8570561155538114,-2.6744048595428467,0.3885309100151062,0.8754890115750631,-2.7319238781929016
test_typo_noise_light_000438,typo_noise_light,139.0,39.0,25.0,0.2805755395683453,3.5641025641025643,1.5195469856262207,0.1344316452741623,0.9115317614092981,-1.3851153403520584,0.004234409425407648,0.9972133738111016,-1.515312576200813
test_typo_noise_medium_000439,typo_noise_medium,132.0,39.0,25.0,0.29545454545454547,3.3846153846153846,2.1247103214263916,0.08236929029226303,0.9612326963061177,-2.0423410311341286,0.004402626305818558,0.9979278933879029,-2.120307695120573
test_typo_noise_heavy_000440,typo_noise_heavy,132.0,49.0,25.0,0.3712121212121212,2.693877551020408,4.9750237464904785,0.20376929640769958,0.9590415429571679,-4.771254450082779,0.10907160490751266,0.978076163961136,-4.865952141582966
test_typo_noise_light_000441,typo_noise_light,141.0,35.0,26.0,0.24822695035460993,4.0285714285714285,0.6623510122299194,0.3787541091442108,0.42816708640775003,-0.2835969030857086,0.453651487827301,0.3150890095268297,-0.2086995244026184
test_typo_noise_medium_000442,typo_noise_medium,134.0,38.0,26.0,0.2835820895522388,3.526315789473684,0.5113529562950134,0.38175874948501587,0.2534339641819361,-0.12959420680999756,0.3211721181869507,0.37191696218207104,-0.19018083810806274
test_typo_noise_heavy_000443,typo_noise_heavy,134.0,60.0,26.0,0.44776119402985076,2.2333333333333334,3.3354275226593018,0.6932198405265808,0.7921646218311816,-2.642207682132721,0.3853694498538971,0.8844617527330811,-2.9500580728054047
test_typo_noise_light_000444,typo_noise_light,122.0,29.0,26.0,0.23770491803278687,4.206896551724138,1.3563182353973389,0.3468908667564392,0.7442408000547038,-1.0094273686408997,0.37985754013061523,0.7199347983260473,-0.9764606952667236
test_typo_noise_medium_000445,typo_noise_medium,141.0,44.0,26.0,0.3120567375886525,3.2045454545454546,1.5358766317367554,0.4858163297176361,0.6836879214912728,-1.0500603020191193,0.4331551194190979,0.7179753175036656,-1.1027215123176575
test_typo_noise_heavy_000446,typo_noise_heavy,128.0,42.0,26.0,0.328125,3.0476190476190474,2.9331891536712646,0.3922184407711029,0.8662825954200086,-2.5409707129001617,0.40433040261268616,0.8621533145564054,-2.5288587510585785
test_typo_noise_light_000447,typo_noise_light,149.0,38.0,24.0,0.2550335570469799,3.9210526315789473,1.9395784139633179,0.09803768992424011,0.9494541240413629,-1.8415407240390778,0.007012525573372841,0.9963845104055146,-1.932565888389945
test_typo_noise_medium_000448,typo_noise_medium,164.0,44.0,24.0,0.2682926829268293,3.727272727272727,0.9693472385406494,0.19958968460559845,0.7940988773991038,-0.769757553935051,0.02890501357614994,0.9701809502034933,-0.9404422249644995
test_typo_noise_heavy_000449,typo_noise_heavy,169.0,44.0,24.0,0.2603550295857988,3.840909090909091,0.39037075638771057,0.3082926869392395,0.21025670623480905,-0.08207806944847107,0.016932278871536255,0.956625134966003,-0.3734384775161743
test_typo_noise_light_000450,typo_noise_light,144.0,64.0,24.0,0.4444444444444444,2.25,4.529177188873291,0.18758708238601685,0.9585825251335149,-4.341590106487274,0.02102443017065525,0.9953580022829962,-4.508152758702636
test_typo_noise_medium_000451,typo_noise_medium,130.0,30.0,24.0,0.23076923076923078,4.333333333333333,1.4506078958511353,0.02788357436656952,0.9807780073124385,-1.4227243214845657,0.03164898231625557,0.9781822624799063,-1.4189589135348797
test_typo_noise_heavy_000452,typo_noise_heavy,173.0,60.0,24.0,0.3468208092485549,2.8833333333333333,2.7185306549072266,0.3532853126525879,0.8700454924005099,-2.3652453422546387,0.04514797404408455,0.9833925087574099,-2.673382680863142
test_typo_noise_light_000453,typo_noise_light,130.0,32.0,28.0,0.24615384615384617,4.0625,0.5771916508674622,0.4111209213733673,0.2877219884322771,-0.16607072949409485,0.3800879120826721,0.34148750850529896,-0.19710373878479004
test_typo_noise_medium_000454,typo_noise_medium,130.0,41.0,28.0,0.3153846153846154,3.1707317073170733,2.483402967453003,0.5195156335830688,0.7908049396768306,-1.963887333869934,0.3661140501499176,0.8525756572943911,-2.1172889173030853
test_typo_noise_heavy_000455,typo_noise_heavy,156.0,55.0,28.0,0.3525641025641026,2.8363636363636364,0.974237322807312,0.8244754076004028,0.15372221090376928,-0.14976191520690918,0.662692666053772,0.31978312620564464,-0.31154465675354004
test_typo_noise_light_000456,typo_noise_light,97.0,38.0,28.0,0.3917525773195876,2.5526315789473686,1.0109424591064453,0.9851924777030945,0.025471263147964718,-0.02574998140335083,0.9084613919258118,0.10137181029196736,-0.10248106718063354
test_typo_noise_medium_000457,typo_noise_medium,97.0,53.0,28.0,0.5463917525773195,1.830188679245283,4.640133857727051,1.0998347997665405,0.7629734758761271,-3.5402990579605103,0.8748573660850525,0.8114585930256767,-3.7652764916419983
test_typo_noise_heavy_000458,typo_noise_heavy,78.0,28.0,28.0,0.358974358974359,2.7857142857142856,3.702310800552368,1.4330008029937744,0.6129442177625992,-2.2693099975585938,2.4733822345733643,0.33193554841361594,-1.228928565979004
test_typo_noise_light_000459,typo_noise_light,149.0,31.0,25.0,0.2080536912751678,4.806451612903226,0.7240856885910034,0.0343366302549839,0.9525793275630133,-0.6897490583360195,0.011101827956736088,0.9846677981188399,-0.7129838606342673
test_typo_noise_medium_000460,typo_noise_medium,142.0,42.0,25.0,0.29577464788732394,3.380952380952381,1.6010711193084717,0.04490695521235466,0.9719519297607775,-1.556164164096117,0.019160281866788864,0.9880328352465289,-1.5819108374416828
test_typo_noise_heavy_000461,typo_noise_heavy,142.0,58.0,25.0,0.4084507042253521,2.4482758620689653,3.377218008041382,0.11348111927509308,0.9663980474447054,-3.2637368887662888,0.1268138289451599,0.9624502094199404,-3.250404179096222
test_typo_noise_light_000462,typo_noise_light,140.0,40.0,30.0,0.2857142857142857,3.5,0.842385470867157,1.0344494581222534,-0.22800011858868427,0.19206398725509644,0.8512058854103088,-0.010470758160242323,0.008820414543151855
test_typo_noise_medium_000463,typo_noise_medium,133.0,45.0,30.0,0.3383458646616541,2.9555555555555557,0.7235098481178284,0.9300350546836853,-0.28544906071855286,0.20652520656585693,0.7482506036758423,-0.03419546481969202,0.024740755558013916
test_typo_noise_heavy_000464,typo_noise_heavy,133.0,64.0,30.0,0.48120300751879697,2.078125,4.399670600891113,1.3520952463150024,0.6926826190030799,-3.047575354576111,0.8415194153785706,0.8087312683799264,-3.5581511855125427
test_typo_noise_light_000465,typo_noise_light,129.0,33.0,25.0,0.2558139534883721,3.909090909090909,1.2730231285095215,0.17483527958393097,0.8626613486680079,-1.0981878489255905,0.00265355478040874,0.9979155486487385,-1.2703695737291127
test_typo_noise_medium_000466,typo_noise_medium,150.0,52.0,25.0,0.3466666666666667,2.8846153846153846,2.1863107681274414,0.15716758370399475,0.928112880384975,-2.0291431844234467,0.0031417859718203545,0.9985629737466319,-2.183168982155621
test_typo_noise_heavy_000467,typo_noise_heavy,136.0,43.0,25.0,0.3161764705882353,3.1627906976744184,3.926363468170166,0.11837088316679001,0.9698522859316548,-3.807992585003376,0.0021358237136155367,0.9994560300565829,-3.9242276444565505
test_typo_noise_light_000468,typo_noise_light,130.0,38.0,28.0,0.2923076923076923,3.4210526315789473,1.333727240562439,0.38321778178215027,0.7126715492288022,-0.9505094587802887,0.3249378800392151,0.7563685661078743,-1.0087893605232239
test_typo_noise_medium_000469,typo_noise_medium,143.0,45.0,28.0,0.3146853146853147,3.1777777777777776,0.6586909294128418,0.37311452627182007,0.43355144330829787,-0.28557640314102173,0.34360042214393616,0.4783586553253099,-0.31509050726890564
test_typo_noise_heavy_000470,typo_noise_heavy,133.0,40.0,28.0,0.3007518796992481,3.325,0.9607744216918945,0.41340261697769165,0.5697193767401695,-0.5473718047142029,0.31162747740745544,0.6756496942761143,-0.6491469442844391
test_typo_noise_light_000471,typo_noise_light,117.0,56.0,28.0,0.47863247863247865,2.0892857142857144,2.9179399013519287,1.1211210489273071,0.6157833653777881,-1.7968188524246216,1.0455015897750854,0.6416987240584744,-1.8724383115768433
test_typo_noise_medium_000472,typo_noise_medium,105.0,28.0,28.0,0.26666666666666666,3.75,2.6422386169433594,1.1504456996917725,0.5645943207723415,-1.491792917251587,1.179404377937317,0.5536344180368933,-1.4628342390060425
test_typo_noise_heavy_000473,typo_noise_heavy,140.0,64.0,28.0,0.45714285714285713,2.1875,3.526350259780884,1.2092193365097046,0.6570904058223526,-2.317130923271179,1.2118189334869385,0.6563532138857253,-2.3145313262939453
test_typo_noise_light_000474,typo_noise_light,120.0,33.0,26.0,0.275,3.6363636363636362,0.7338551878929138,0.4476424753665924,0.39001252188202334,-0.2862127125263214,0.345293253660202,0.529480394283745,-0.3885619342327118
test_typo_noise_medium_000475,typo_noise_medium,120.0,41.0,26.0,0.3416666666666667,2.926829268292683,3.7644193172454834,0.48676395416259766,0.870693482011251,-3.2776553630828857,0.33083194494247437,0.9121160750007647,-3.433587372303009
test_typo_noise_heavy_000476,typo_noise_heavy,144.0,49.0,26.0,0.3402777777777778,2.938775510204082,1.2360217571258545,0.7310218811035156,0.40856875949872024,-0.5049998760223389,0.36044347286224365,0.7083842005335004,-0.8755782842636108
test_typo_noise_light_000477,typo_noise_light,159.0,44.0,24.0,0.27672955974842767,3.6136363636363638,0.3814040720462799,0.08918240666389465,0.766173428129857,-0.29222166538238525,0.0709826797246933,0.8138911329817156,-0.3104213923215866
test_typo_noise_medium_000478,typo_noise_medium,139.0,64.0,24.0,0.460431654676259,2.171875,5.118048191070557,0.03773367404937744,0.9926273312324,-5.080314517021179,0.01440805196762085,0.9971848541807874,-5.103640139102936
test_typo_noise_heavy_000479,typo_noise_heavy,111.0,37.0,24.0,0.3333333333333333,3.0,4.523593902587891,0.053661148995161057,0.9881374963909864,-4.46993275359273,0.17371360957622528,0.9615983190982625,-4.349880293011665
test_typo_noise_light_000480,typo_noise_light,140.0,32.0,23.0,0.22857142857142856,4.375,1.0789626836776733,0.06478804349899292,0.9399533973889058,-1.0141746401786804,0.011057373136281967,0.989751848415561,-1.0679053105413914
test_typo_noise_medium_000481,typo_noise_medium,133.0,43.0,23.0,0.3233082706766917,3.0930232558139537,2.4788315296173096,0.43792322278022766,0.8233348182206495,-2.040908306837082,0.01513999979943037,0.9938922836753784,-2.463691529817879
test_typo_noise_heavy_000482,typo_noise_heavy,133.0,50.0,23.0,0.37593984962406013,2.66,6.029293060302734,0.10959743708372116,0.9818225062229404,-5.919695623219013,0.0362970270216465,0.9939798867531207,-5.992996033281088
test_typo_noise_light_000483,typo_noise_light,138.0,34.0,26.0,0.2463768115942029,4.0588235294117645,1.1346542835235596,0.41766610741615295,0.6319001184051136,-0.7169881761074066,0.34834450483322144,0.6929950295067224,-0.7863097786903381
test_typo_noise_medium_000484,typo_noise_medium,148.0,43.0,26.0,0.2905405405405405,3.441860465116279,0.33685314655303955,0.4110805094242096,-0.22035526053630763,0.07422736287117004,0.3724185526371002,-0.10558133847938,0.03556540608406067
test_typo_noise_heavy_000485,typo_noise_heavy,131.0,64.0,26.0,0.48854961832061067,2.046875,4.497210502624512,0.6019298434257507,0.8661548435247867,-3.895280659198761,0.3845164477825165,0.9144988993603662,-4.112694054841995
test_typo_noise_light_000486,typo_noise_light,136.0,35.0,29.0,0.25735294117647056,3.8857142857142857,1.0698482990264893,0.9596103429794312,0.10304073591309101,-0.1102379560470581,0.6230988502502441,0.4175820526917374,-0.4467494487762451
test_typo_noise_medium_000487,typo_noise_medium,157.0,54.0,29.0,0.34394904458598724,2.9074074074074074,2.0625829696655273,0.8505387306213379,0.587634173688895,-1.2120442390441895,0.9568721652030945,0.5360806429240212,-1.1057108044624329
test_typo_noise_heavy_000488,typo_noise_heavy,143.0,59.0,29.0,0.4125874125874126,2.4237288135593222,3.7733638286590576,0.9376621246337891,0.7515049787905009,-2.8357017040252686,0.8002720475196838,0.7879154823498489,-2.973091781139374
test_typo_noise_light_000489,typo_noise_light,123.0,36.0,28.0,0.2926829268292683,3.4166666666666665,1.5046781301498413,1.1137627363204956,0.2598000103785764,-0.3909153938293457,0.8794898986816406,0.41549632372601986,-0.6251882314682007
test_typo_noise_medium_000490,typo_noise_medium,135.0,43.0,28.0,0.31851851851851853,3.13953488372093,1.165826439857483,1.037495732307434,0.11007702618730854,-0.12833070755004883,0.8069391250610352,0.3078394026132399,-0.35888731479644775
test_typo_noise_heavy_000491,typo_noise_heavy,123.0,40.0,28.0,0.3252032520325203,3.075,0.7232065200805664,1.08175528049469,-0.4957764489929939,0.35854876041412354,0.9198020100593567,-0.2718386581427518,0.19659548997879028
test_typo_noise_light_000492,typo_noise_light,133.0,62.0,27.0,0.46616541353383456,2.1451612903225805,2.7087838649749756,0.5769674777984619,0.7870012867180926,-2.1318163871765137,0.3865208029747009,0.8573083633683444,-2.3222630620002747
test_typo_noise_medium_000493,typo_noise_medium,120.0,34.0,27.0,0.2833333333333333,3.5294117647058822,2.219362258911133,0.4462106227874756,0.7989464671682773,-1.7731516361236572,0.4093833863735199,0.8155400792593579,-1.809978872537613
test_typo_noise_heavy_000494,typo_noise_heavy,160.0,64.0,27.0,0.4,2.5,4.002124786376953,0.6015225648880005,0.8496991980521059,-3.4006022214889526,0.6528774499893188,0.8368672930410158,-3.3492473363876343
test_typo_noise_light_000495,typo_noise_light,140.0,32.0,25.0,0.22857142857142856,4.375,1.6977438926696777,0.1824786365032196,0.8925169825136142,-1.5152652561664581,0.09706708788871765,0.9428258359179952,-1.60067680478096
test_typo_noise_medium_000496,typo_noise_medium,140.0,41.0,25.0,0.29285714285714287,3.4146341463414633,2.335918664932251,0.02832055650651455,0.9878760519654755,-2.3075981084257364,0.0162547305226326,0.9930413970457725,-2.3196639344096184
test_typo_noise_heavy_000497,typo_noise_heavy,168.0,56.0,25.0,0.3333333333333333,3.0,1.8234730958938599,0.059254035353660583,0.9675048480358223,-1.7642190605401993,0.025481663644313812,0.9860257528878852,-1.797991432249546
test_typo_noise_light_000498,typo_noise_light,133.0,42.0,28.0,0.3157894736842105,3.1666666666666665,0.459892600774765,0.8955682516098022,-0.947342162281084,0.43567565083503723,0.9164255857467651,-0.9926947817879542,0.4565329849720001
test_typo_noise_medium_000499,typo_noise_medium,133.0,64.0,28.0,0.48120300751879697,2.078125,5.453684329986572,1.0125349760055542,0.814339276947471,-4.441149353981018,0.894912838935852,0.8359067403268543,-4.55877149105072
test_typo_noise_heavy_000500,typo_noise_heavy,106.0,36.0,28.0,0.33962264150943394,2.9444444444444446,3.8973388671875,1.2188884019851685,0.687251110688054,-2.6784504652023315,0.9208385348320007,0.7637263357865208,-2.9765003323554993
test_typo_noise_light_000501,typo_noise_light,125.0,37.0,28.0,0.296,3.3783783783783785,0.8189473152160645,0.37777087092399597,0.5387116314993622,-0.4411764442920685,0.37287503480911255,0.5446898379406296,-0.4460722804069519
test_typo_noise_medium_000502,typo_noise_medium,119.0,35.0,28.0,0.29411764705882354,3.4,1.5670945644378662,0.3313201367855072,0.7885768068474187,-1.235774427652359,0.3245503306388855,0.7928967798090059,-1.2425442337989807
test_typo_noise_heavy_000503,typo_noise_heavy,119.0,50.0,28.0,0.42016806722689076,2.38,3.714123010635376,0.4602161943912506,0.8760902121245249,-3.2539068162441254,0.5151389241218567,0.8613026755853916,-3.1989840865135193
test_typo_noise_light_000504,typo_noise_light,131.0,29.0,23.0,0.22137404580152673,4.517241379310345,1.2742406129837036,0.03519970551133156,0.9723759350057839,-1.239040907472372,0.031526051461696625,0.9752589494162514,-1.242714561522007
test_typo_noise_medium_000505,typo_noise_medium,143.0,41.0,23.0,0.2867132867132867,3.4878048780487805,0.36022305488586426,0.0761580690741539,0.788580802807626,-0.28406498581171036,0.012129181064665318,0.9663286930135319,-0.34809387382119894
test_typo_noise_heavy_000506,typo_noise_heavy,125.0,56.0,23.0,0.448,2.232142857142857,5.540128231048584,0.21867263317108154,0.9605293191689007,-5.321455597877502,0.018916089087724686,0.9965856225165127,-5.521212141960859
test_typo_noise_light_000507,typo_noise_light,126.0,29.0,27.0,0.23015873015873015,4.344827586206897,0.9308033585548401,0.4495086669921875,0.5170745111082409,-0.4812946915626526,0.3222143054008484,0.6538320339742688,-0.6085890531539917
test_typo_noise_medium_000508,typo_noise_medium,146.0,51.0,27.0,0.3493150684931507,2.8627450980392157,1.4640312194824219,0.5679802894592285,0.6120435944938208,-0.8960509300231934,0.5324283242225647,0.6363272059110913,-0.9316028952598572
test_typo_noise_heavy_000509,typo_noise_heavy,133.0,51.0,27.0,0.38345864661654133,2.607843137254902,2.1184537410736084,0.4118136167526245,0.8056065097064985,-1.7066401243209839,0.3241408169269562,0.8469917890382231,-1.7943129241466522
test_typo_noise_light_000510,typo_noise_light,136.0,32.0,25.0,0.23529411764705882,4.25,0.6760257482528687,0.053720828145742416,0.9205343460887705,-0.6223049201071262,0.00458627799525857,0.9932158234991619,-0.6714394702576101
test_typo_noise_medium_000511,typo_noise_medium,150.0,44.0,25.0,0.29333333333333333,3.409090909090909,1.0062083005905151,0.020858345553278923,0.9792703503429282,-0.9853499550372362,0.00387599878013134,0.9961479161145296,-1.0023323018103838
test_typo_noise_heavy_000512,typo_noise_heavy,136.0,39.0,25.0,0.2867647058823529,3.4871794871794872,0.8167511820793152,0.017520464956760406,0.9785485894098663,-0.7992307171225548,0.00434209406375885,0.9946837003006171,-0.8124090880155563
test_typo_noise_light_000513,typo_noise_light,142.0,64.0,23.0,0.4507042253521127,2.21875,6.270993232727051,0.3992563784122467,0.9363328322013477,-5.871736854314804,0.07457336783409119,0.9881082047027403,-6.19641986489296
test_typo_noise_medium_000514,typo_noise_medium,128.0,29.0,23.0,0.2265625,4.413793103448276,2.6833884716033936,0.15228207409381866,0.9432500826081189,-2.531106397509575,0.09256187826395035,0.9655055988935355,-2.590826593339443
test_typo_noise_heavy_000515,typo_noise_heavy,170.0,64.0,23.0,0.3764705882352941,2.65625,3.665908098220825,0.20592090487480164,0.9438281322505763,-3.4599871933460236,0.018260007724165916,0.9950189674059129,-3.6476480904966593
test_typo_noise_light_000516,typo_noise_light,110.0,39.0,28.0,0.35454545454545455,2.8205128205128207,2.0180602073669434,1.0024430751800537,0.5032640396353746,-1.0156171321868896,0.9605104327201843,0.5240427271625326,-1.057549774646759
test_typo_noise_medium_000517,typo_noise_medium,110.0,46.0,28.0,0.41818181818181815,2.391304347826087,2.9589810371398926,0.8806046843528748,0.7023959689839533,-2.078376352787018,0.9908860325813293,0.6651259267483832,-1.9680950045585632
test_typo_noise_heavy_000518,typo_noise_heavy,132.0,47.0,28.0,0.3560606060606061,2.8085106382978724,1.302889108657837,1.056095838546753,0.18942001162732608,-0.24679327011108398,0.9801236391067505,0.2477305761528556,-0.3227654695510864
test_typo_noise_light_000519,typo_noise_light,132.0,38.0,26.0,0.2878787878787879,3.473684210526316,0.9385415315628052,0.4392502009868622,0.5319863999460438,-0.499291330575943,0.4138307571411133,0.5590703839690224,-0.5247107744216919
test_typo_noise_medium_000520,typo_noise_medium,132.0,64.0,26.0,0.48484848484848486,2.0625,4.068692684173584,0.5958293080329895,0.8535575541621394,-3.4728633761405945,0.46368408203125,0.8860361010221072,-3.605008602142334
test_typo_noise_heavy_000521,typo_noise_heavy,106.0,37.0,26.0,0.3490566037735849,2.864864864864865,3.2877917289733887,0.5282420516014099,0.8393322645877106,-2.7595496773719788,0.38730013370513916,0.8822005267876036,-2.9004915952682495
test_typo_noise_light_000522,typo_noise_light,131.0,35.0,27.0,0.26717557251908397,3.742857142857143,0.962250292301178,0.4914112389087677,0.4893103771020116,-0.4708390533924103,0.3636023700237274,0.6221332714233957,-0.5986479222774506
test_typo_noise_medium_000523,typo_noise_medium,125.0,38.0,27.0,0.304,3.289473684210526,1.6008027791976929,0.44672203063964844,0.7209387462061121,-1.1540807485580444,0.3739209771156311,0.7664165867434108,-1.2268818020820618
test_typo_noise_heavy_000524,typo_noise_heavy,125.0,52.0,27.0,0.416,2.4038461538461537,4.098922252655029,0.6324796080589294,0.8456961198399779,-3.4664426445961,0.4905881881713867,0.8803128827697052,-3.6083340644836426
test_typo_noise_light_000525,typo_noise_light,144.0,37.0,27.0,0.2569444444444444,3.891891891891892,0.4333074390888214,0.49716562032699585,-0.14737384009021015,0.06385818123817444,0.4985181987285614,-0.15049536139252107,0.06521075963973999
test_typo_noise_medium_000526,typo_noise_medium,137.0,40.0,27.0,0.291970802919708,3.425,0.5495370030403137,0.4048302471637726,0.2633248627043328,-0.14470675587654114,0.33627068996429443,0.3880836265731394,-0.2132663130760193
test_typo_noise_heavy_000527,typo_noise_heavy,137.0,61.0,27.0,0.44525547445255476,2.2459016393442623,3.5997281074523926,0.6963808536529541,0.8065462632549217,-2.9033472537994385,0.34366345405578613,0.9045307190439434,-3.2560646533966064
test_typo_noise_light_000528,typo_noise_light,114.0,29.0,29.0,0.2543859649122807,3.9310344827586206,1.0362658500671387,1.0384658575057983,-0.0021230145126534196,0.002200007438659668,0.966202437877655,0.06761142633904639,-0.07006341218948364
test_typo_noise_medium_000529,typo_noise_medium,132.0,46.0,29.0,0.3484848484848485,2.869565217391304,1.078615665435791,1.1257184743881226,-0.04366968741669507,0.04710280895233154,0.9479893445968628,0.12110552908217917,-0.13062632083892822
test_typo_noise_heavy_000530,typo_noise_heavy,120.0,52.0,29.0,0.43333333333333335,2.3076923076923075,3.7518510818481445,1.0204838514328003,0.7280052355036132,-2.7313672304153442,0.7468794584274292,0.8009304095141432,-3.0049716234207153
test_typo_noise_light_000531,typo_noise_light,121.0,37.0,26.0,0.30578512396694213,3.27027027027027,1.6083990335464478,0.48230254650115967,0.7001350184613676,-1.126096487045288,0.3600844144821167,0.7761224627895065,-1.248314619064331
test_typo_noise_medium_000532,typo_noise_medium,133.0,40.0,26.0,0.3007518796992481,3.325,0.7100809812545776,0.4755097031593323,0.33034440336763093,-0.23457127809524536,0.3960658311843872,0.4422244199744451,-0.31401515007019043
test_typo_noise_heavy_000533,typo_noise_heavy,121.0,39.0,26.0,0.32231404958677684,3.1025641025641026,0.5378779768943787,0.47218257188796997,0.12213812022147373,-0.06569540500640869,0.3385736048221588,0.3705382645018697,-0.19930437207221985
test_typo_noise_light_000534,typo_noise_light,131.0,63.0,27.0,0.48091603053435117,2.0793650793650795,2.8310413360595703,0.3983921408653259,0.8592771727523293,-2.4326491951942444,0.33957621455192566,0.8800525410114393,-2.4914651215076447
test_typo_noise_medium_000535,typo_noise_medium,118.0,30.0,27.0,0.2542372881355932,3.933333333333333,0.8015670776367188,0.4076700210571289,0.4914087261928557,-0.39389705657958984,0.3651960790157318,0.5443973571214414,-0.43637099862098694
test_typo_noise_heavy_000536,typo_noise_heavy,157.0,60.0,27.0,0.3821656050955414,2.6166666666666667,2.070352077484131,0.5794827938079834,0.7201042276286821,-1.4908692836761475,0.4280628561973572,0.7932415163330411,-1.6422892212867737
test_typo_noise_light_000537,typo_noise_light,123.0,33.0,28.0,0.2682926829268293,3.727272727272727,1.033595085144043,0.690330445766449,0.3321074609500066,-0.343264639377594,0.8455628156661987,0.18192063040977005,-0.18803226947784424
test_typo_noise_medium_000538,typo_noise_medium,123.0,43.0,28.0,0.34959349593495936,2.86046511627907,3.427672863006592,0.8148518800735474,0.7622725643196889,-2.6128209829330444,0.9067347645759583,0.7354663642607324,-2.5209380984306335
test_typo_noise_heavy_000539,typo_noise_heavy,148.0,50.0,28.0,0.33783783783783783,2.96,1.5194941759109497,0.9141412973403931,0.3983910489210282,-0.6053528785705566,0.9577718377113342,0.36967719067620525,-0.5617223381996155
test_typo_noise_light_000540,typo_noise_light,158.0,50.0,30.0,0.31645569620253167,3.16,0.303087443113327,1.2851698398590088,-3.2402609182937105,0.9820823967456818,0.668475329875946,-1.2055527045572696,0.365387886762619
test_typo_noise_medium_000541,typo_noise_medium,138.0,63.0,30.0,0.45652173913043476,2.1904761904761907,2.7078237533569336,0.8853825926780701,0.6730279836047502,-1.8224411606788635,0.804913341999054,0.7027452983226143,-1.9029104113578796
test_typo_noise_heavy_000542,typo_noise_heavy,110.0,43.0,30.0,0.39090909090909093,2.558139534883721,3.137669324874878,0.9379922747612,0.7010544523207191,-2.199677050113678,0.9002595543861389,0.7130801683756018,-2.237409770488739
test_typo_noise_light_000543,typo_noise_light,136.0,37.0,28.0,0.27205882352941174,3.675675675675676,0.8803096413612366,0.3664117455482483,0.5837694734529317,-0.5138978958129883,0.4720391631126404,0.46378053705884803,-0.4082704782485962
test_typo_noise_medium_000544,typo_noise_medium,130.0,40.0,28.0,0.3076923076923077,3.25,1.243558645248413,0.3737694323062897,0.6994356207208663,-0.8697892129421234,0.34875383973121643,0.7195517549061392,-0.8948048055171967
test_typo_noise_heavy_000545,typo_noise_heavy,130.0,53.0,28.0,0.4076923076923077,2.452830188679245,2.849344491958618,0.43230023980140686,0.8482808094909412,-2.4170442521572113,0.4005487263202667,0.8594242544379278,-2.4487957656383514
test_typo_noise_light_000546,typo_noise_light,117.0,36.0,30.0,0.3076923076923077,3.25,0.6198704838752747,0.8880516886711121,-0.4326407076511142,0.2681812047958374,0.8619734048843384,-0.39057017120011434,0.24210292100906372
test_typo_noise_medium_000547,typo_noise_medium,129.0,48.0,30.0,0.37209302325581395,2.6875,0.2562796473503113,1.0218194723129272,-2.987126886108875,0.765539824962616,0.9436624050140381,-2.6821589805145014,0.6873827576637268
test_typo_noise_heavy_000548,typo_noise_heavy,111.0,53.0,30.0,0.4774774774774775,2.0943396226415096,2.6283020973205566,1.0477656126022339,0.601352670353082,-1.5805364847183228,1.214316725730896,0.5379843409291342,-1.4139853715896606
test_typo_noise_light_000549,typo_noise_light,127.0,34.0,30.0,0.2677165354330709,3.735294117647059,1.0568171739578247,1.103338599205017,-0.04402031533322617,0.04652142524719238,0.9209099411964417,0.12860051493334912,-0.13590723276138306
test_typo_noise_medium_000550,typo_noise_medium,147.0,53.0,30.0,0.36054421768707484,2.7735849056603774,1.1791938543319702,1.1146148443222046,0.05476538889048954,-0.06457901000976562,0.7781326174736023,0.34011476177983874,-0.4010612368583679
test_typo_noise_heavy_000551,typo_noise_heavy,134.0,49.0,30.0,0.3656716417910448,2.7346938775510203,3.162827730178833,0.8798812627792358,0.7218055051232634,-2.282946467399597,0.8678829073905945,0.7255990583649263,-2.2949448227882385
test_typo_noise_light_000552,typo_noise_light,147.0,36.0,24.0,0.24489795918367346,4.083333333333333,1.3596115112304688,0.07038871198892593,0.9482288055025195,-1.2892227992415428,0.012507706880569458,0.9908005288442654,-1.3471038043498993
test_typo_noise_medium_000553,typo_noise_medium,162.0,38.0,24.0,0.2345679012345679,4.2631578947368425,0.6096494793891907,0.045627620071172714,0.9251576166080103,-0.564021859318018,0.01730857975780964,0.971608964916773,-0.592340899631381
test_typo_noise_heavy_000554,typo_noise_heavy,147.0,38.0,24.0,0.2585034013605442,3.8684210526315788,0.6526487469673157,0.052805040031671524,0.919091179938608,-0.5998437069356441,0.035500798374414444,0.9456050462988289,-0.6171479485929012
test_typo_noise_light_000555,typo_noise_light,113.0,61.0,30.0,0.5398230088495575,1.8524590163934427,3.7552638053894043,1.1306391954421997,0.6989188365889097,-2.6246246099472046,0.8713549971580505,0.7679643715289678,-2.8839088082313538
test_typo_noise_medium_000556,typo_noise_medium,102.0,31.0,30.0,0.30392156862745096,3.2903225806451615,1.68869948387146,1.0243176221847534,0.393428119113038,-0.6643818616867065,0.9249147772789001,0.4522916681667544,-0.7637847065925598
test_typo_noise_heavy_000557,typo_noise_heavy,136.0,58.0,30.0,0.4264705882352941,2.3448275862068964,2.4261159896850586,0.9241227507591248,0.6190937470887005,-1.5019932389259338,1.1619071960449219,0.5210834102800862,-1.2642087936401367
test_typo_noise_light_000558,typo_noise_light,126.0,32.0,26.0,0.25396825396825395,3.9375,1.3692200183868408,0.3882371485233307,0.7164537887922966,-0.9809828698635101,0.33660465478897095,0.7541632095143155,-1.0326153635978699
test_typo_noise_medium_000559,typo_noise_medium,126.0,40.0,26.0,0.31746031746031744,3.15,2.752350330352783,0.4154941737651825,0.8490402296600351,-2.3368561565876007,0.32986074686050415,0.8801530665544949,-2.422489583492279
test_typo_noise_heavy_000560,typo_noise_heavy,151.0,55.0,26.0,0.36423841059602646,2.7454545454545456,1.8143024444580078,0.45011886954307556,0.7519052730607212,-1.3641835749149323,0.44397130608558655,0.7552936626185193,-1.3703311383724213
test_typo_noise_light_000561,typo_noise_light,105.0,38.0,29.0,0.3619047619047619,2.763157894736842,0.5962687134742737,0.971869170665741,-0.6299181035391902,0.3756004571914673,0.8375551700592041,-0.4046606020614913,0.24128645658493042
test_typo_noise_medium_000562,typo_noise_medium,105.0,57.0,29.0,0.5428571428571428,1.8421052631578947,3.3707728385925293,0.9676787853240967,0.7129207954196782,-2.4030940532684326,0.9091274738311768,0.7302910883158819,-2.4616453647613525
test_typo_noise_heavy_000563,typo_noise_heavy,84.0,33.0,29.0,0.39285714285714285,2.5454545454545454,2.7109875679016113,1.1349105834960938,0.5813663637068798,-1.5760769844055176,1.1481600999832153,0.5764790242575967,-1.562827467918396
test_typo_noise_light_000564,typo_noise_light,102.0,31.0,28.0,0.30392156862745096,3.2903225806451615,0.9559868574142456,1.1219900846481323,-0.17364593032470388,0.16600322723388672,0.9474496841430664,0.008930220331972508,-0.0085371732711792
test_typo_noise_medium_000565,typo_noise_medium,97.0,34.0,28.0,0.35051546391752575,2.8529411764705883,1.8295395374298096,0.9909309148788452,0.4583714128031724,-0.8386086225509644,0.8617211580276489,0.5289956076936059,-0.9678183794021606
test_typo_noise_heavy_000566,typo_noise_heavy,97.0,44.0,28.0,0.4536082474226804,2.2045454545454546,4.835856914520264,1.2675950527191162,0.7378758149537047,-3.5682618618011475,1.0143753290176392,0.7902387628608591,-3.8214815855026245
test_typo_noise_light_000567,typo_noise_light,132.0,35.0,27.0,0.26515151515151514,3.7714285714285714,0.9241358637809753,0.4447847306728363,0.5187020133023942,-0.47935113310813904,0.36183929443359375,0.6084566040396076,-0.5622965693473816
test_typo_noise_medium_000568,typo_noise_medium,126.0,39.0,27.0,0.30952380952380953,3.230769230769231,0.5154211521148682,0.38654112815856934,0.25004799168113356,-0.12888002395629883,0.3521175682544708,0.31683523889218085,-0.16330358386039734
test_typo_noise_heavy_000569,typo_noise_heavy,126.0,63.0,27.0,0.5,2.0,1.8479247093200684,0.644749104976654,0.6510955767164966,-1.2031756043434143,0.44645875692367554,0.7583999203690788,-1.4014659523963928
test_typo_noise_light_000570,typo_noise_light,118.0,31.0,30.0,0.2627118644067797,3.806451612903226,1.5433269739151,0.8700587153434753,0.43624472969825895,-0.6732682585716248,0.7392471432685852,0.5210041969309532,-0.8040798306465149
test_typo_noise_medium_000571,typo_noise_medium,136.0,48.0,30.0,0.35294117647058826,2.8333333333333335,1.5664879083633423,0.8820396661758423,0.4369317110801115,-0.6844482421875,0.7618401646614075,0.5136635523364022,-0.8046477437019348
test_typo_noise_heavy_000572,typo_noise_heavy,124.0,44.0,30.0,0.3548387096774194,2.8181818181818183,2.0879080295562744,0.8572827577590942,0.5894058810908039,-1.2306252717971802,0.7903092503547668,0.6214827285650486,-1.2975987792015076
test_typo_noise_light_000573,typo_noise_light,130.0,35.0,27.0,0.2692307692307692,3.7142857142857144,1.5205892324447632,0.40312668681144714,0.734887845967901,-1.117462545633316,0.3752981126308441,0.7531890239499791,-1.145291119813919
test_typo_noise_medium_000574,typo_noise_medium,143.0,43.0,27.0,0.3006993006993007,3.3255813953488373,0.47413620352745056,0.44669249653816223,0.057881483812276424,-0.02744370698928833,0.3574807941913605,0.24603775975806963,-0.11665540933609009
test_typo_noise_heavy_000575,typo_noise_heavy,149.0,46.0,27.0,0.3087248322147651,3.239130434782609,0.2829419672489166,0.5540348887443542,-0.9581219927581303,0.2710929214954376,0.4013420343399048,-0.41846060604656204,0.11840006709098816
test_typo_noise_light_000576,typo_noise_light,132.0,61.0,29.0,0.4621212121212121,2.1639344262295084,3.213080644607544,0.711397111415863,0.7785934465697933,-2.501683533191681,0.8869973421096802,0.723941774197821,-2.3260833024978638
test_typo_noise_medium_000577,typo_noise_medium,119.0,37.0,29.0,0.31092436974789917,3.2162162162162162,2.6987969875335693,0.7957102060317993,0.7051611478346139,-1.90308678150177,0.6988161206245422,0.7410638429446336,-1.999980866909027
test_typo_noise_heavy_000578,typo_noise_heavy,158.0,64.0,29.0,0.4050632911392405,2.46875,4.31573486328125,0.7328923344612122,0.830181334655949,-3.582842528820038,0.7962653636932373,0.8154971542696121,-3.5194694995880127
test_typo_noise_light_000579,typo_noise_light,111.0,37.0,28.0,0.3333333333333333,3.0,1.035091757774353,0.9941529035568237,0.039550942136333624,-0.0409388542175293,0.9402901530265808,0.091587633691156,-0.09480160474777222
test_typo_noise_medium_000580,typo_noise_medium,111.0,40.0,28.0,0.36036036036036034,2.775,2.4246749877929688,0.9939979314804077,0.5900490018313002,-1.430677056312561,0.9991666674613953,0.5879172786077714,-1.4255083203315735
test_typo_noise_heavy_000581,typo_noise_heavy,133.0,47.0,28.0,0.3533834586466165,2.8297872340425534,1.374735713005066,1.0102647542953491,0.2651207466728361,-0.3644709587097168,0.923368513584137,0.32833016204567433,-0.45136719942092896
test_typo_noise_light_000582,typo_noise_light,129.0,42.0,28.0,0.32558139534883723,3.0714285714285716,0.4873603284358978,0.8207865953445435,-0.6841473288946639,0.33342626690864563,0.8658856153488159,-0.7766846516369772,0.3785252869129181
test_typo_noise_medium_000583,typo_noise_medium,129.0,64.0,28.0,0.49612403100775193,2.015625,4.56830358505249,0.6795896291732788,0.8512380763404387,-3.8887139558792114,0.9647387266159058,0.7888190421992674,-3.6035648584365845
test_typo_noise_heavy_000584,typo_noise_heavy,103.0,37.0,28.0,0.3592233009708738,2.7837837837837838,3.0086848735809326,1.2406097650527954,0.587657126890719,-1.7680751085281372,1.3690935373306274,0.54495282993824,-1.6395913362503052
test_typo_noise_light_000585,typo_noise_light,126.0,37.0,28.0,0.29365079365079366,3.4054054054054053,1.0225880146026611,0.9791603088378906,0.04246842828648335,-0.04342770576477051,0.8503893613815308,0.16839494572801172,-0.17219865322113037
test_typo_noise_medium_000586,typo_noise_medium,120.0,42.0,28.0,0.35,2.857142857142857,2.4966201782226562,0.8050751686096191,0.6775339814874235,-1.691545009613037,0.9352993965148926,0.6253737734424897,-1.5613207817077637
test_typo_noise_heavy_000587,typo_noise_heavy,120.0,52.0,28.0,0.43333333333333335,2.3076923076923075,4.497784614562988,0.6958591341972351,0.8452884711410651,-3.801925480365753,0.7648604512214661,0.8299472925526512,-3.732924163341522
test_typo_noise_light_000588,typo_noise_light,126.0,35.0,28.0,0.2777777777777778,3.6,0.4546284079551697,0.3693174421787262,0.18764987907411163,-0.08531096577644348,0.36954259872436523,0.18715462505632655,-0.08508580923080444
test_typo_noise_medium_000589,typo_noise_medium,123.0,41.0,28.0,0.3333333333333333,3.0,0.6473917365074158,0.3769395053386688,0.41775669338598204,-0.27045223116874695,0.3685402274131775,0.4307307204732047,-0.2788515090942383
test_typo_noise_heavy_000590,typo_noise_heavy,120.0,55.0,28.0,0.4583333333333333,2.1818181818181817,2.377359628677368,0.53277188539505,0.7758976475547139,-1.8445877432823181,0.4209613800048828,0.8229290281003542,-1.9563982486724854
test_typo_noise_light_000591,typo_noise_light,107.0,31.0,30.0,0.2897196261682243,3.4516129032258065,1.0319620370864868,0.8817788362503052,0.1455317108952866,-0.15018320083618164,0.8697043657302856,0.15723220964048182,-0.16225767135620117
test_typo_noise_medium_000592,typo_noise_medium,124.0,47.0,30.0,0.3790322580645161,2.6382978723404253,1.4225730895996094,0.91258305311203,0.35849830157487284,-0.5099900364875793,0.7636785507202148,0.46317095669569,-0.6588945388793945
test_typo_noise_heavy_000593,typo_noise_heavy,113.0,43.0,30.0,0.3805309734513274,2.627906976744186,1.3457366228103638,1.0083398818969727,0.25071528499298024,-0.3373967409133911,0.8672885894775391,0.35552873067663093,-0.4784480333328247
test_typo_noise_light_000594,typo_noise_light,140.0,40.0,29.0,0.2857142857142857,3.5,1.7298779487609863,0.8109934329986572,0.5311845939307303,-0.9188845157623291,0.603100061416626,0.6513626514237074,-1.1267778873443604
test_typo_noise_medium_000595,typo_noise_medium,154.0,45.0,29.0,0.2922077922077922,3.422222222222222,0.8043239116668701,0.9354656338691711,-0.16304590762510676,0.13114172220230103,0.7711595892906189,0.041232545614020004,-0.03316432237625122
test_typo_noise_heavy_000596,typo_noise_heavy,140.0,44.0,29.0,0.3142857142857143,3.1818181818181817,0.8595119118690491,0.6630856990814209,0.2285322752077864,-0.19642621278762817,0.5820980072021484,0.3227574869365697,-0.27741390466690063
test_typo_noise_light_000597,typo_noise_light,135.0,60.0,30.0,0.4444444444444444,2.25,2.5577986240386963,0.6683557033538818,0.7386988572624353,-1.8894429206848145,0.8415743112564087,0.6709771037691837,-1.7162243127822876
test_typo_noise_medium_000598,typo_noise_medium,121.0,34.0,30.0,0.2809917355371901,3.5588235294117645,1.8507499694824219,0.675025224685669,0.6352693579271297,-1.175724744796753,0.6108419895172119,0.669948939840837,-1.23990797996521
test_typo_noise_heavy_000599,typo_noise_heavy,162.0,64.0,30.0,0.3950617283950617,2.53125,2.3906922340393066,0.7228252291679382,0.6976502375018574,-1.6678670048713684,0.8335923552513123,0.6513175793260193,-1.5570998787879944
test_unicode_stress_000000,unicode_stress,48.0,15.0,15.0,0.3125,3.2,0.8225165605545044,0.938401997089386,-0.14089131099896243,0.11588543653488159,0.5688462853431702,0.30840749885974444,-0.25367027521133423
test_unicode_stress_000001,unicode_stress,50.0,17.0,17.0,0.34,2.9411764705882355,0.54009610414505,0.5859678983688354,-0.08493265156281504,0.0458717942237854,0.7046773433685303,-0.3047258403835472,0.16458123922348022
test_unicode_stress_000002,unicode_stress,53.0,17.0,17.0,0.32075471698113206,3.1176470588235294,0.5644804835319519,0.8882336616516113,-0.5735418452272029,0.3237531781196594,1.039488434791565,-0.8414957914709298,0.47500795125961304
test_unicode_stress_000003,unicode_stress,54.0,24.0,24.0,0.4444444444444444,2.25,0.5262901186943054,1.8122388124465942,-2.443421694753934,1.2859486937522888,1.104204535484314,-1.0980909507170302,0.5779144167900085
test_unicode_stress_000004,unicode_stress,65.0,36.0,36.0,0.5538461538461539,1.8055555555555556,0.3620832860469818,0.8322899341583252,-1.2986146177714817,0.4702066481113434,0.9717053174972534,-1.6836513999466152,0.6096220314502716
test_unicode_stress_000005,unicode_stress,95.0,39.0,39.0,0.4105263157894737,2.4358974358974357,0.23104770481586456,0.6210325360298157,-1.6878974475195625,0.3899848312139511,1.1218334436416626,-3.85541912020168,0.890785738825798
test_unicode_stress_000006,unicode_stress,57.0,21.0,21.0,0.3684210526315789,2.7142857142857144,0.7885918617248535,1.0754534006118774,-0.3637642649007103,0.2868615388870239,0.46255257725715637,0.41344490133916073,-0.32603928446769714
test_unicode_stress_000007,unicode_stress,64.0,22.0,22.0,0.34375,2.909090909090909,0.533374547958374,0.843048095703125,-0.5805930352884381,0.309673547744751,1.6313494443893433,-2.058543851846223,1.0979748964309692
test_unicode_stress_000008,unicode_stress,48.0,15.0,15.0,0.3125,3.2,0.8095910549163818,0.914166271686554,-0.12917042022033348,0.10457521677017212,0.6018363237380981,0.25661688072843336,-0.2077547311782837
test_unicode_stress_000009,unicode_stress,50.0,17.0,17.0,0.34,2.9411764705882355,0.6039135456085205,0.586890697479248,0.028187558058694898,-0.01702284812927246,0.6474099159240723,-0.0720241674190692,0.04349637031555176
test_unicode_stress_000010,unicode_stress,53.0,17.0,17.0,0.32075471698113206,3.1176470588235294,0.5457011461257935,0.9112966060638428,-0.6699554555338487,0.3655954599380493,1.1767722368240356,-1.1564408379541309,0.6310710906982422
test_unicode_stress_000011,unicode_stress,54.0,24.0,24.0,0.4444444444444444,2.25,0.5171654224395752,1.8301453590393066,-2.538800700182422,1.3129799365997314,1.0816653966903687,-1.0915269075568346,0.5644999742507935
test_unicode_stress_000012,unicode_stress,65.0,36.0,36.0,0.5538461538461539,1.8055555555555556,0.3389396071434021,0.858859121799469,-1.5339591587951948,0.5199195146560669,0.9653341770172119,-1.8481008317472567,0.6263945698738098
test_unicode_stress_000013,unicode_stress,95.0,39.0,39.0,0.4105263157894737,2.4358974358974357,0.23041114211082458,0.6195892095565796,-1.689059235071912,0.389178067445755,1.1849526166915894,-4.142774806097022,0.9545414745807648
test_unicode_stress_000014,unicode_stress,57.0,21.0,21.0,0.3684210526315789,2.7142857142857144,0.7490152716636658,1.1447805166244507,-0.5283807419329861,0.3957652449607849,0.5257870554924011,0.29802892493158933,-0.22322821617126465
test_unicode_stress_000015,unicode_stress,64.0,22.0,22.0,0.34375,2.909090909090909,0.5669889450073242,0.8628023266792297,-0.5217268948128861,0.2958133816719055,1.643699288368225,-1.89899706659535,1.0767103433609009
test_unicode_stress_000016,unicode_stress,48.0,15.0,15.0,0.3125,3.2,0.8489246964454651,0.950189471244812,-0.11928593339709981,0.10126477479934692,0.5941892266273499,0.3000683934449296,-0.25473546981811523
test_unicode_stress_000017,unicode_stress,50.0,17.0,17.0,0.34,2.9411764705882355,0.622009813785553,0.5986449122428894,0.03756355772019856,-0.023364901542663574,0.6554716229438782,-0.05379627204702215,0.033461809158325195
test_unicode_stress_000018,unicode_stress,53.0,17.0,17.0,0.32075471698113206,3.1176470588235294,0.5662131309509277,0.8599207401275635,-0.5187227090324944,0.29370760917663574,1.0435160398483276,-0.8429739312046554,0.4773029088973999
test_unicode_stress_000019,unicode_stress,54.0,24.0,24.0,0.4444444444444444,2.25,0.5290923714637756,1.8522707223892212,-2.5008456411207907,1.3231783509254456,1.0743309259414673,-1.030516756401621,0.5452385544776917
test_unicode_stress_000020,unicode_stress,65.0,36.0,36.0,0.5538461538461539,1.8055555555555556,0.34769541025161743,0.8325518369674683,-1.3944861290086452,0.48485642671585083,1.0173604488372803,-1.92601057949268,0.6696650385856628
test_unicode_stress_000021,unicode_stress,95.0,39.0,39.0,0.4105263157894737,2.4358974358974357,0.23617976903915405,0.6214019656181335,-1.6310550143484859,0.3852221965789795,1.123625636100769,-3.7575016296780848,0.887445867061615
test_unicode_stress_000022,unicode_stress,57.0,21.0,21.0,0.3684210526315789,2.7142857142857144,0.7918782234191895,1.102649450302124,-0.392448254911064,0.31077122688293457,0.46538984775543213,0.41229619152050745,-0.3264883756637573
test_unicode_stress_000023,unicode_stress,64.0,22.0,22.0,0.34375,2.909090909090909,0.5951446890830994,0.8403288125991821,-0.41197397542742414,0.24518412351608276,1.5872918367385864,-1.6670688084002288,0.9921471476554871
test_unicode_stress_000024,unicode_stress,48.0,15.0,15.0,0.3125,3.2,0.8683785200119019,0.9396728277206421,-0.08210049657580554,0.07129430770874023,0.6502591371536255,0.25118007623597927,-0.21811938285827637
test_unicode_stress_000025,unicode_stress,50.0,17.0,17.0,0.34,2.9411764705882355,0.5827114582061768,0.5893231630325317,-0.011346447256603638,0.0066117048263549805,0.6993867754936218,-0.20022828733558667,0.11667531728744507
test_unicode_stress_000026,unicode_stress,53.0,17.0,17.0,0.32075471698113206,3.1176470588235294,0.5853112936019897,0.8816226720809937,-0.5062457904331757,0.2963113784790039,1.605752944946289,-1.7434169859674655,1.0204416513442993
test_unicode_stress_000027,unicode_stress,54.0,24.0,24.0,0.4444444444444444,2.25,0.5298619270324707,1.7810920476913452,-2.361426735577092,1.2512301206588745,1.0073785781860352,-0.9012095921439955,0.47751665115356445
test_unicode_stress_000028,unicode_stress,65.0,36.0,36.0,0.5538461538461539,1.8055555555555556,0.3724200427532196,0.8193643093109131,-1.2001079835916795,0.4469442665576935,0.9365530014038086,-1.5147760428791046,0.564132958650589
test_unicode_stress_000029,unicode_stress,95.0,39.0,39.0,0.4105263157894737,2.4358974358974357,0.24089477956295013,0.613666296005249,-1.5474453913804596,0.3727715164422989,1.1512709856033325,-3.779144602851324,0.9103762060403824
test_unicode_stress_000030,unicode_stress,57.0,21.0,21.0,0.3684210526315789,2.7142857142857144,0.795546293258667,1.022940993309021,-0.28583465472375474,0.227394700050354,0.4523049294948578,0.43145366482426234,-0.3432413637638092
test_unicode_stress_000031,unicode_stress,64.0,22.0,22.0,0.34375,2.909090909090909,0.48705559968948364,0.8370416760444641,-0.7185752028682348,0.34998607635498047,1.590853214263916,-2.2662661414387704,1.1037976145744324
test_unicode_stress_000032,unicode_stress,48.0,15.0,15.0,0.3125,3.2,0.9066988825798035,1.0003361701965332,-0.10327275065157943,0.09363728761672974,0.6711312532424927,0.2598080066747818,-0.2355676293373108
test_unicode_stress_000033,unicode_stress,50.0,17.0,17.0,0.34,2.9411764705882355,0.6033285856246948,0.5933901071548462,0.016472745874552247,-0.009938478469848633,0.6275432705879211,-0.04013515278437221,0.02421468496322632
test_unicode_stress_000034,unicode_stress,53.0,17.0,17.0,0.32075471698113206,3.1176470588235294,0.6250243186950684,0.8691065311431885,-0.3905163449603325,0.24408221244812012,1.1364988088607788,-0.8183273432201353,0.5114744901657104
test_unicode_stress_000035,unicode_stress,54.0,24.0,24.0,0.4444444444444444,2.25,0.5210268497467041,1.8534237146377563,-2.557251829802617,1.3323968648910522,1.074011206626892,-1.061335624352219,0.552984356880188
test_unicode_stress_000036,unicode_stress,65.0,36.0,36.0,0.5538461538461539,1.8055555555555556,0.35830116271972656,0.8181546926498413,-1.2834274006803192,0.45985352993011475,0.9583355784416199,-1.674664997364961,0.6000344157218933
test_unicode_stress_000037,unicode_stress,95.0,39.0,39.0,0.4105263157894737,2.4358974358974357,0.23304733633995056,0.628677248954773,-1.6976375650898217,0.3956299126148224,1.1724355220794678,-4.030890035015092,0.9393881857395172
test_unicode_stress_000038,unicode_stress,57.0,21.0,21.0,0.3684210526315789,2.7142857142857144,0.7772263288497925,1.1397840976715088,-0.466476437253819,0.3625577688217163,0.44770458340644836,0.42397141374636554,-0.3295217454433441
test_unicode_stress_000039,unicode_stress,64.0,22.0,22.0,0.34375,2.909090909090909,0.5260143876075745,0.8491039872169495,-0.6142219817956983,0.323089599609375,1.7112221717834473,-2.2531851069063915,1.1852077841758728
test_unicode_stress_000040,unicode_stress,48.0,15.0,15.0,0.3125,3.2,0.7885201573371887,0.9130880832672119,-0.15797684405518017,0.1245679259300232,0.6545029878616333,0.16996035957803257,-0.13401716947555542
test_unicode_stress_000041,unicode_stress,50.0,17.0,17.0,0.34,2.9411764705882355,0.5826001763343811,0.577471911907196,0.00880237362688629,-0.005128264427185059,0.6057206392288208,-0.039684956911461344,0.023120462894439697
test_unicode_stress_000042,unicode_stress,53.0,17.0,17.0,0.32075471698113206,3.1176470588235294,0.5528417229652405,0.8448759913444519,-0.5282420921721439,0.2920342683792114,1.0430583953857422,-0.8867215552964401,0.4902166724205017
test_unicode_stress_000043,unicode_stress,54.0,24.0,24.0,0.4444444444444444,2.25,0.5490443110466003,1.833910346031189,-2.3401864096093608,1.2848660349845886,1.0430848598480225,-0.8998190835629845,0.4940405488014221
test_unicode_stress_000044,unicode_stress,65.0,36.0,36.0,0.5538461538461539,1.8055555555555556,0.34264010190963745,0.8576578497886658,-1.5030866060588877,0.5150177478790283,0.9549859166145325,-1.7871399503213594,0.612345814704895
test_unicode_stress_000045,unicode_stress,95.0,39.0,39.0,0.4105263157894737,2.4358974358974357,0.23526467382907867,0.6271837949752808,-1.6658647248967513,0.3919191211462021,1.147721767425537,-3.8784279796267436,0.9124570935964584
test_unicode_stress_000046,unicode_stress,57.0,21.0,21.0,0.3684210526315789,2.7142857142857144,0.7877353429794312,1.1022061109542847,-0.3992086565336002,0.3144707679748535,0.46214067935943604,0.4133300181613114,-0.3255946636199951
test_unicode_stress_000047,unicode_stress,64.0,22.0,22.0,0.34375,2.909090909090909,0.5726307034492493,0.8344740271568298,-0.45726385632199523,0.26184332370758057,1.5228365659713745,-1.6593693925221729,0.9502058625221252
test_unicode_stress_000048,unicode_stress,48.0,15.0,15.0,0.3125,3.2,0.812863290309906,0.996143102645874,-0.22547433808468847,0.18327981233596802,0.6367669701576233,0.21663706831335142,-0.17609632015228271
test_unicode_stress_000049,unicode_stress,50.0,17.0,17.0,0.34,2.9411764705882355,0.5423948168754578,0.5973540544509888,-0.1013269962499485,0.054959237575531006,0.5945450067520142,-0.09614802401131883,0.052150189876556396
test_unicode_stress_000050,unicode_stress,53.0,17.0,17.0,0.32075471698113206,3.1176470588235294,0.5716996788978577,0.8671156764030457,-0.5167328379031122,0.295415997505188,0.9401490688323975,-0.6444806662212041,0.3684493899345398
test_unicode_stress_000051,unicode_stress,54.0,24.0,24.0,0.4444444444444444,2.25,0.5370966792106628,1.7842484712600708,-2.3220247682079664,1.247151792049408,1.0649759769439697,-0.9828385059261544,0.5278792977333069
test_unicode_stress_000052,unicode_stress,65.0,36.0,36.0,0.5538461538461539,1.8055555555555556,0.3709354102611542,0.8653316497802734,-1.332836461126867,0.49439623951911926,0.9466037750244141,-1.5519369379104708,0.5756683647632599
test_unicode_stress_000053,unicode_stress,95.0,39.0,39.0,0.4105263157894737,2.4358974358974357,0.23578612506389618,0.6186387538909912,-1.6237284052373522,0.38285262882709503,1.1315852403640747,-3.7992019889101787,0.8957991153001785
test_unicode_stress_000054,unicode_stress,57.0,21.0,21.0,0.3684210526315789,2.7142857142857144,0.7723671793937683,1.0951452255249023,-0.41790751179313806,0.32277804613113403,0.5211774706840515,0.3252205886154767,-0.2511897087097168
test_unicode_stress_000055,unicode_stress,64.0,22.0,22.0,0.34375,2.909090909090909,0.5025215148925781,0.8573455214500427,-0.70608719436284,0.3548240065574646,1.681027889251709,-2.345185906340856,1.1785063743591309
test_unicode_stress_000056,unicode_stress,48.0,15.0,15.0,0.3125,3.2,0.9054099917411804,0.9989897608757019,-0.10335623638806948,0.09357976913452148,0.5934044122695923,0.34460143174648966,-0.31200557947158813
test_unicode_stress_000057,unicode_stress,50.0,17.0,17.0,0.34,2.9411764705882355,0.6605031490325928,0.604397177696228,0.08494429045272603,-0.056105971336364746,0.898089587688446,-0.3597052322972793,0.23758643865585327
test_unicode_stress_000058,unicode_stress,53.0,17.0,17.0,0.32075471698113206,3.1176470588235294,0.5385156869888306,0.876716673374176,-0.628024391037582,0.33820098638534546,1.090067744255066,-1.0242079675529956,0.5515520572662354
test_unicode_stress_000059,unicode_stress,54.0,24.0,24.0,0.4444444444444444,2.25,0.5094372630119324,1.8373979330062866,-2.606720721886514,1.3279606699943542,1.0357511043548584,-1.0331278835615885,0.526313841342926
test_unicode_stress_000060,unicode_stress,65.0,36.0,36.0,0.5538461538461539,1.8055555555555556,0.36279091238975525,0.8634946942329407,-1.380144222866495,0.5007037818431854,0.9248936176300049,-1.5493847448867981,0.5621027052402496
test_unicode_stress_000061,unicode_stress,95.0,39.0,39.0,0.4105263157894737,2.4358974358974357,0.24771304428577423,0.6334637403488159,-1.5572482150678357,0.3857506960630417,1.1874427795410156,-3.7936223260456234,0.9397297352552414
test_unicode_stress_000062,unicode_stress,57.0,21.0,21.0,0.3684210526315789,2.7142857142857144,0.7425069808959961,1.1104333400726318,-0.49551905725203094,0.36792635917663574,0.5001923441886902,0.3263466107953633,-0.2423146367073059
test_unicode_stress_000063,unicode_stress,64.0,22.0,22.0,0.34375,2.909090909090909,0.5825816988945007,0.8109099864959717,-0.3919249232077555,0.22832828760147095,1.5858776569366455,-1.7221549525946074,1.0032959580421448
test_unicode_stress_000064,unicode_stress,48.0,15.0,15.0,0.3125,3.2,0.8168964982032776,0.9158372282981873,-0.12111782865090594,0.09894073009490967,0.5786212682723999,0.2916835002414039,-0.23827522993087769
test_unicode_stress_000065,unicode_stress,50.0,17.0,17.0,0.34,2.9411764705882355,0.5334490537643433,0.6093941330909729,-0.1423661337305121,0.07594507932662964,0.6333033442497253,-0.1871861797874587,0.09985429048538208
test_unicode_stress_000066,unicode_stress,53.0,17.0,17.0,0.32075471698113206,3.1176470588235294,0.598596453666687,0.9021795988082886,-0.5071582754659018,0.30358314514160156,1.310014247894287,-1.1884764600087905,0.7114177942276001
test_unicode_stress_000067,unicode_stress,54.0,24.0,24.0,0.4444444444444444,2.25,0.5238367915153503,1.8506966829299927,-2.532964299006784,1.3268598914146423,1.028633713722229,-0.9636530506889497,0.5047969222068787
test_unicode_stress_000068,unicode_stress,65.0,36.0,36.0,0.5538461538461539,1.8055555555555556,0.3698540925979614,0.8682671785354614,-1.3475938104037277,0.4984130859375,0.9696241021156311,-1.6216395100692622,0.5997700095176697
test_unicode_stress_000069,unicode_stress,95.0,39.0,39.0,0.4105263157894737,2.4358974358974357,0.2372264415025711,0.6366968154907227,-1.6839201037537883,0.39947037398815155,1.1178338527679443,-3.7120963653447925,0.8806074112653732
test_unicode_stress_000070,unicode_stress,57.0,21.0,21.0,0.3684210526315789,2.7142857142857144,0.7211671471595764,1.1331056356430054,-0.5712108352493728,0.41193848848342896,0.5663900971412659,0.21462021755694624,-0.15477705001831055
test_unicode_stress_000071,unicode_stress,64.0,22.0,22.0,0.34375,2.909090909090909,0.5181918144226074,0.8586292266845703,-0.6569718061665901,0.3404374122619629,1.7398251295089722,-2.357492498115902,1.2216333150863647
test_unicode_stress_000072,unicode_stress,48.0,15.0,15.0,0.3125,3.2,0.8152384161949158,0.9781085252761841,-0.1997821813175296,0.1628701090812683,0.5893374085426331,0.2770980895462021,-0.22590100765228271
test_unicode_stress_000073,unicode_stress,50.0,17.0,17.0,0.34,2.9411764705882355,0.6046691536903381,0.5952332019805908,0.015605148124654683,-0.009435951709747314,0.6585618853569031,-0.08912763506729893,0.05389273166656494
test_unicode_stress_000074,unicode_stress,53.0,17.0,17.0,0.32075471698113206,3.1176470588235294,0.5931371450424194,0.8851938843727112,-0.49239327155847695,0.29205673933029175,1.0450668334960938,-0.761931186119449,0.4519296884536743
test_unicode_stress_000075,unicode_stress,54.0,24.0,24.0,0.4444444444444444,2.25,0.5551838874816895,1.8519047498703003,-2.3356601148324536,1.2967208623886108,1.0684903860092163,-0.9245702371801203,0.5133064985275269
test_unicode_stress_000076,unicode_stress,65.0,36.0,36.0,0.5538461538461539,1.8055555555555556,0.36615315079689026,0.8662963509559631,-1.3659399053936,0.5001432001590729,0.9389675855636597,-1.5644121415317733,0.5728144347667694
test_unicode_stress_000077,unicode_stress,95.0,39.0,39.0,0.4105263157894737,2.4358974358974357,0.23444083333015442,0.6337029933929443,-1.703040184559162,0.3992621600627899,1.21076238155365,-4.164468852781195,0.9763215482234955
test_unicode_stress_000078,unicode_stress,57.0,21.0,21.0,0.3684210526315789,2.7142857142857144,0.7571448683738708,1.189448595046997,-0.5709656694914808,0.4323037266731262,0.5370809435844421,0.29064969463778134,-0.2200639247894287
test_unicode_stress_000079,unicode_stress,64.0,22.0,22.0,0.34375,2.909090909090909,0.5505921840667725,0.8546494841575623,-0.5522368622179997,0.3040573000907898,1.6068021059036255,-1.918316228239016,1.056209921836853
test_unicode_stress_000080,unicode_stress,48.0,15.0,15.0,0.3125,3.2,0.828450083732605,1.0166507959365845,-0.22717206009085777,0.1882007122039795,0.5922290086746216,0.28513615931292174,-0.2362210750579834
test_unicode_stress_000081,unicode_stress,50.0,17.0,17.0,0.34,2.9411764705882355,0.538865327835083,0.5922688245773315,-0.099103605267757,0.053403496742248535,0.6403490900993347,-0.18832861760092737,0.10148376226425171
test_unicode_stress_000082,unicode_stress,53.0,17.0,17.0,0.32075471698113206,3.1176470588235294,0.5694476962089539,0.9053517580032349,-0.5898769351962115,0.335904061794281,1.0711506605148315,-0.881034320879546,0.5017029643058777
test_unicode_stress_000083,unicode_stress,54.0,24.0,24.0,0.4444444444444444,2.25,0.5352003574371338,1.827274203300476,-2.4141871878609744,1.2920738458633423,1.0990548133850098,-1.0535390122830925,0.563854455947876
test_unicode_stress_000084,unicode_stress,65.0,36.0,36.0,0.5538461538461539,1.8055555555555556,0.3470008671283722,0.8491607308387756,-1.447142964990432,0.5021598637104034,0.921754002571106,-1.6563449544064255,0.5747531354427338
test_unicode_stress_000085,unicode_stress,95.0,39.0,39.0,0.4105263157894737,2.4358974358974357,0.23696236312389374,0.6284199953079224,-1.6519823107071159,0.3914576321840286,1.1350475549697876,-3.7899908660867707,0.8980851918458939
test_unicode_stress_000086,unicode_stress,57.0,21.0,21.0,0.3684210526315789,2.7142857142857144,0.7728946208953857,1.0917701721191406,-0.4125731278273651,0.3188755512237549,0.496596097946167,0.357485374434527,-0.27629852294921875
test_unicode_stress_000087,unicode_stress,64.0,22.0,22.0,0.34375,2.909090909090909,0.5581397414207458,0.8449820876121521,-0.5139256800837161,0.28684234619140625,1.6134673357009888,-1.8907945734054064,1.055327594280243
test_unicode_stress_000088,unicode_stress,48.0,15.0,15.0,0.3125,3.2,0.8089218139648438,0.9259844422340393,-0.14471439173512407,0.11706262826919556,0.6194730401039124,0.2341991161449442,-0.1894487738609314
test_unicode_stress_000089,unicode_stress,50.0,17.0,17.0,0.34,2.9411764705882355,0.596544086933136,0.5997966527938843,-0.005452347834792731,0.003252565860748291,0.7086584568023682,-0.18793978907010536,0.11211436986923218
test_unicode_stress_000090,unicode_stress,53.0,17.0,17.0,0.32075471698113206,3.1176470588235294,0.5787691473960876,0.8473134636878967,-0.46399210721581113,0.2685443162918091,1.0887693166732788,-0.8811806426996123,0.5100001692771912
test_unicode_stress_000091,unicode_stress,54.0,24.0,24.0,0.4444444444444444,2.25,0.527180016040802,1.8416519165039062,-2.493402368198586,1.3144719004631042,1.1541444063186646,-1.1892795083289682,0.6269643902778625
test_unicode_stress_000092,unicode_stress,65.0,36.0,36.0,0.5538461538461539,1.8055555555555556,0.34797489643096924,0.8566513061523438,-1.4618192718459075,0.5086764097213745,0.9377577304840088,-1.6949005232911674,0.5897828340530396
test_unicode_stress_000093,unicode_stress,95.0,39.0,39.0,0.4105263157894737,2.4358974358974357,0.23531952500343323,0.6176474094390869,-1.6247180697397534,0.3823278844356537,1.1365662813186646,-3.8298851584970794,0.9012467563152313
test_unicode_stress_000094,unicode_stress,57.0,21.0,21.0,0.3684210526315789,2.7142857142857144,0.7529743313789368,1.1262357234954834,-0.4957159581163752,0.37326139211654663,0.5589303970336914,0.257703252632648,-0.19404393434524536
test_unicode_stress_000095,unicode_stress,64.0,22.0,22.0,0.34375,2.909090909090909,0.5190954804420471,0.8229629397392273,-0.5853787419578671,0.3038674592971802,1.664223074913025,-2.206005711118539,1.1451275944709778
test_unicode_stress_000096,unicode_stress,48.0,15.0,15.0,0.3125,3.2,0.8527335524559021,0.965101957321167,-0.13177434444984604,0.11236840486526489,0.5731588006019592,0.32785710266560747,-0.27957475185394287
test_unicode_stress_000097,unicode_stress,50.0,17.0,17.0,0.34,2.9411764705882355,0.5723416209220886,0.5930889248847961,-0.036249860580263124,0.02074730396270752,0.6628254055976868,-0.1580940147770862,0.09048378467559814
test_unicode_stress_000098,unicode_stress,53.0,17.0,17.0,0.32075471698113206,3.1176470588235294,0.5654478073120117,0.8550333380699158,-0.5121348549117496,0.28958553075790405,1.0523823499679565,-0.8611485204455951,0.4869345426559448
test_unicode_stress_000099,unicode_stress,54.0,24.0,24.0,0.4444444444444444,2.25,0.5267553925514221,1.843978762626648,-2.500635757509854,1.3172233700752258,1.1434192657470703,-1.1706835504972057,0.6166638731956482
test_unicode_stress_000100,unicode_stress,65.0,36.0,36.0,0.5538461538461539,1.8055555555555556,0.3609578311443329,0.8372230529785156,-1.3194483697009554,0.47626522183418274,0.9767754673957825,-1.7060653159931256,0.6158176362514496
test_unicode_stress_000101,unicode_stress,95.0,39.0,39.0,0.4105263157894737,2.4358974358974357,0.23413097858428955,0.6214786171913147,-1.6544057559114334,0.38734763860702515,1.1630691289901733,-3.9676003407274725,0.9289381504058838
test_unicode_stress_000102,unicode_stress,57.0,21.0,21.0,0.3684210526315789,2.7142857142857144,0.7453626990318298,1.0566847324371338,-0.41767857958238036,0.31132203340530396,0.4425078332424164,0.40631878437544455,-0.30285486578941345
test_unicode_stress_000103,unicode_stress,64.0,22.0,22.0,0.34375,2.909090909090909,0.588434636592865,0.8398953080177307,-0.42733832406750405,0.2514606714248657,1.62347412109375,-1.7589710396620035,1.035039484500885
test_unicode_stress_000104,unicode_stress,48.0,15.0,15.0,0.3125,3.2,0.8331686854362488,0.9701383113861084,-0.16439603209299933,0.13696962594985962,0.6958034634590149,0.16487084113742126,-0.1373652219772339
test_unicode_stress_000105,unicode_stress,50.0,17.0,17.0,0.34,2.9411764705882355,0.594946026802063,0.6079366207122803,-0.021834911613821437,0.012990593910217285,0.6800098419189453,-0.14297736481091392,0.08506381511688232
test_unicode_stress_000106,unicode_stress,53.0,17.0,17.0,0.32075471698113206,3.1176470588235294,0.5743969678878784,0.8629164695739746,-0.5022998341147491,0.2885195016860962,1.1079740524291992,-0.9289343683399708,0.5335770845413208
test_unicode_stress_000107,unicode_stress,54.0,24.0,24.0,0.4444444444444444,2.25,0.5488647818565369,1.8581972122192383,-2.3855282277975283,1.3093324303627014,1.2736073732376099,-1.3204392326460241,0.724742591381073
test_unicode_stress_000108,unicode_stress,65.0,36.0,36.0,0.5538461538461539,1.8055555555555556,0.3647397458553314,0.8207110166549683,-1.250127730747751,0.45597127079963684,0.9730093479156494,-1.6676811588874085,0.608269602060318
test_unicode_stress_000109,unicode_stress,95.0,39.0,39.0,0.4105263157894737,2.4358974358974357,0.23394007980823517,0.6352400183677673,-1.7153962625322041,0.40129993855953217,1.1692736148834229,-3.9981756689229875,0.9353335350751877
test_unicode_stress_000110,unicode_stress,57.0,21.0,21.0,0.3684210526315789,2.7142857142857144,0.752740740776062,1.0312296152114868,-0.369966522800809,0.2784888744354248,0.48695510625839233,0.35309053983666344,-0.2657856345176697
test_unicode_stress_000111,unicode_stress,64.0,22.0,22.0,0.34375,2.909090909090909,0.5270177721977234,0.8476186990737915,-0.6083303899584376,0.3206009268760681,1.6523582935333252,-2.1352989988227633,1.1253405213356018
test_unicode_stress_000112,unicode_stress,48.0,15.0,15.0,0.3125,3.2,0.8467346429824829,0.8763771057128906,-0.03500797206784529,0.029642462730407715,0.6568172574043274,0.22429386485145203,-0.18991738557815552
test_unicode_stress_000113,unicode_stress,50.0,17.0,17.0,0.34,2.9411764705882355,0.5990958213806152,0.5786517262458801,0.03412491692501164,-0.020444095134735107,0.6575725674629211,-0.0976083357542811,0.05847674608230591
test_unicode_stress_000114,unicode_stress,53.0,17.0,17.0,0.32075471698113206,3.1176470588235294,0.5743040442466736,0.8446008563041687,-0.47065106848071914,0.2702968120574951,1.0086824893951416,-0.7563562358650132,0.434378445148468
test_unicode_stress_000115,unicode_stress,54.0,24.0,24.0,0.4444444444444444,2.25,0.5306112170219421,1.8548903465270996,-2.495761655657564,1.3242791295051575,1.0036379098892212,-0.8914751096332707,0.47302669286727905
test_unicode_stress_000116,unicode_stress,65.0,36.0,36.0,0.5538461538461539,1.8055555555555556,0.3669688403606415,0.8642674684524536,-1.3551521911317812,0.49729862809181213,0.952714204788208,-1.5961719361565432,0.5857453644275665
test_unicode_stress_000117,unicode_stress,95.0,39.0,39.0,0.4105263157894737,2.4358974358974357,0.2352331578731537,0.6198276281356812,-1.6349500799114165,0.38459447026252747,1.0599098205566406,-3.5057840915785468,0.8246766626834869
test_unicode_stress_000118,unicode_stress,57.0,21.0,21.0,0.3684210526315789,2.7142857142857144,0.7564979791641235,1.0990216732025146,-0.45277542501416257,0.3425236940383911,0.4808841347694397,0.36432859305085985,-0.27561384439468384
test_unicode_stress_000119,unicode_stress,64.0,22.0,22.0,0.34375,2.909090909090909,0.5799117088317871,0.8384315967559814,-0.4457918058681279,0.25851988792419434,1.610722303390503,-1.7775302323783901,1.0308105945587158
test_unicode_stress_000120,unicode_stress,42.0,9.0,9.0,0.21428571428571427,4.666666666666667,0.9995324611663818,0.7142558097839355,0.285410091683815,-0.2852766513824463,0.024809371680021286,0.9751790235495998,-0.9747230894863605
test_unicode_stress_000121,unicode_stress,43.0,11.0,11.0,0.2558139534883721,3.909090909090909,0.6581671237945557,0.07903462648391724,0.8799170854535305,-0.5791324973106384,0.6771395206451416,-0.028826108392050433,0.018972396850585938
test_unicode_stress_000122,unicode_stress,46.0,11.0,11.0,0.2391304347826087,4.181818181818182,0.6879032254219055,0.8558239340782166,-0.24410513347036822,0.16792070865631104,1.5196155309677124,-1.2090542314810346,0.8317123055458069
test_unicode_stress_000123,unicode_stress,47.0,18.0,18.0,0.3829787234042553,2.611111111111111,0.6983931064605713,2.2195069789886475,-2.178019597354019,1.5211138725280762,1.7400227785110474,-1.491466141940338,1.041629672050476
test_unicode_stress_000124,unicode_stress,58.0,30.0,30.0,0.5172413793103449,1.9333333333333333,0.3176127076148987,0.8484408855438232,-1.6713064849173065,0.5308281779289246,1.3404990434646606,-3.22054600249181,1.022886335849762
test_unicode_stress_000125,unicode_stress,88.0,33.0,33.0,0.375,2.6666666666666665,0.3382147252559662,0.689246654510498,-1.0378966468383817,0.35103192925453186,1.162946105003357,-2.4384845429873616,0.8247313797473907
test_unicode_stress_000126,unicode_stress,50.0,15.0,15.0,0.3,3.3333333333333335,1.1134222745895386,0.7638103365898132,0.3139976143629866,-0.34961193799972534,0.5412521362304688,0.513884221123562,-0.5721701383590698
test_unicode_stress_000127,unicode_stress,55.0,16.0,16.0,0.2909090909090909,3.4375,0.543074369430542,2.02614688873291,-2.730882919143268,1.4830725193023682,2.74770450592041,-4.059536337171654,2.204630136489868
test_multilingual_zh_000000,multilingual_zh,64.0,19.0,19.0,0.296875,3.3684210526315788,0.6343183517456055,4.550669193267822,-6.174109310797422,3.916350841522217,12.412853240966797,-18.568806746340194,11.778534889221191
test_multilingual_zh_000001,multilingual_zh,52.0,18.0,18.0,0.34615384615384615,2.888888888888889,0.5541215538978577,5.238001823425293,-8.452802885178555,4.683880269527435,10.80864429473877,-18.505908439596897,10.254522740840912
test_multilingual_zh_000002,multilingual_zh,58.0,18.0,18.0,0.3103448275862069,3.2222222222222223,0.6511260271072388,5.172952651977539,-6.944625827598145,4.5218266248703,10.530839920043945,-15.173274422509827,9.879713892936707
test_multilingual_zh_000003,multilingual_zh,64.0,19.0,19.0,0.296875,3.3684210526315788,0.6274652481079102,4.528152942657471,-6.216579653314486,3.9006876945495605,12.221978187561035,-18.478334815220116,11.594512939453125
test_multilingual_zh_000004,multilingual_zh,52.0,18.0,18.0,0.34615384615384615,2.888888888888889,0.5286980867385864,5.245274543762207,-8.921115047188966,4.716576457023621,10.756463050842285,-19.34519004446633,10.227764964103699
test_multilingual_zh_000005,multilingual_zh,58.0,18.0,18.0,0.3103448275862069,3.2222222222222223,0.6371241807937622,5.074506759643555,-6.964705959396286,4.4373825788497925,10.260318756103516,-15.104111357570325,9.623194575309753
test_multilingual_zh_000006,multilingual_zh,64.0,19.0,19.0,0.296875,3.3684210526315788,0.6792898774147034,4.545584678649902,-5.69167144952882,3.866294801235199,12.254311561584473,-17.03988542891722,11.57502168416977
test_multilingual_zh_000007,multilingual_zh,52.0,18.0,18.0,0.34615384615384615,2.888888888888889,0.5770476460456848,5.160242080688477,-7.942488746033184,4.583194434642792,10.814390182495117,-17.740896452143126,10.237342536449432
test_multilingual_zh_000008,multilingual_zh,58.0,18.0,18.0,0.3103448275862069,3.2222222222222223,0.62171870470047,5.002787113189697,-7.0467051664464995,4.381068408489227,10.258127212524414,-15.49962778177399,9.636408507823944
test_multilingual_zh_000009,multilingual_zh,64.0,19.0,19.0,0.296875,3.3684210526315788,0.6443807482719421,4.5490875244140625,-6.059626682847844,3.9047067761421204,12.299129486083984,-18.08674261151808,11.654748737812042
test_multilingual_zh_000010,multilingual_zh,52.0,18.0,18.0,0.34615384615384615,2.888888888888889,0.5544549822807312,5.262746810913086,-8.491747714602475,4.708291828632355,10.794808387756348,-18.469224252169727,10.240353405475616
test_multilingual_zh_000011,multilingual_zh,58.0,18.0,18.0,0.3103448275862069,3.2222222222222223,0.6654403209686279,5.038426876068115,-6.571568354520632,4.372986555099487,10.123239517211914,-14.21284358374366,9.457799196243286
test_multilingual_zh_000012,multilingual_zh,64.0,19.0,19.0,0.296875,3.3684210526315788,0.6360020637512207,4.531057357788086,-6.124280904158291,3.8950552940368652,12.181839942932129,-18.153774236332026,11.545837879180908
test_multilingual_zh_000013,multilingual_zh,52.0,18.0,18.0,0.34615384615384615,2.888888888888889,0.5742936730384827,5.213825702667236,-8.078675157749586,4.639532029628754,10.531876564025879,-17.338834395133848,9.957582890987396
test_multilingual_zh_000014,multilingual_zh,58.0,18.0,18.0,0.3103448275862069,3.2222222222222223,0.6393694281578064,5.0096869468688965,-6.835355783749527,4.37031751871109,10.315059661865234,-15.133176232066129,9.675690233707428
test_multilingual_zh_000015,multilingual_zh,64.0,19.0,19.0,0.296875,3.3684210526315788,0.6486875414848328,4.526828765869141,-5.978442588102309,3.878141224384308,12.401301383972168,-18.117526684088674,11.752613842487335
test_multilingual_zh_000016,multilingual_zh,52.0,18.0,18.0,0.34615384615384615,2.888888888888889,0.5313470363616943,5.154976844787598,-8.70171374265188,4.623629808425903,10.63497543334961,-19.015121390665392,10.103628396987915
test_multilingual_zh_000017,multilingual_zh,58.0,18.0,18.0,0.3103448275862069,3.2222222222222223,0.6458985805511475,5.0362548828125,-6.7972843329599,4.3903563022613525,10.291515350341797,-14.933639831751933,9.64561676979065
test_multilingual_zh_000018,multilingual_zh,64.0,19.0,19.0,0.296875,3.3684210526315788,0.6196481585502625,4.607184886932373,-6.435162718326167,3.9875367283821106,12.31069278717041,-18.86723048765719,11.691044628620148
test_multilingual_zh_000019,multilingual_zh,52.0,18.0,18.0,0.34615384615384615,2.888888888888889,0.5468575358390808,5.161828994750977,-8.43907445077232,4.614971458911896,10.68624210357666,-18.541181026572175,10.13938456773758
test_multilingual_zh_000020,multilingual_zh,58.0,18.0,18.0,0.3103448275862069,3.2222222222222223,0.616179883480072,5.073921203613281,-7.234480449047925,4.457741320133209,10.130680084228516,-15.441108117668943,9.514500200748444
test_multilingual_zh_000021,multilingual_zh,64.0,19.0,19.0,0.296875,3.3684210526315788,0.6372931003570557,4.599310398101807,-6.216946795006811,3.962017297744751,12.370429039001465,-18.410894346840873,11.73313593864441
test_multilingual_zh_000022,multilingual_zh,52.0,18.0,18.0,0.34615384615384615,2.888888888888889,0.5511022210121155,5.2512006759643555,-8.528542030406575,4.70009845495224,10.78160285949707,-18.563707872010276,10.230500638484955
test_multilingual_zh_000023,multilingual_zh,58.0,18.0,18.0,0.3103448275862069,3.2222222222222223,0.616107702255249,5.108940124511719,-7.292284134430641,4.49283242225647,10.203044891357422,-15.560489106059533,9.586937189102173
test_multilingual_zh_000024,multilingual_zh,64.0,19.0,19.0,0.296875,3.3684210526315788,0.6273196339607239,4.488503932952881,-6.155050934104676,3.861184298992157,12.36130428314209,-18.704953605702105,11.733984649181366
test_multilingual_zh_000025,multilingual_zh,52.0,18.0,18.0,0.34615384615384615,2.888888888888889,0.5299654006958008,5.154755592346191,-8.726588916141361,4.624790191650391,10.717537879943848,-19.223089782602045,10.187572479248047
test_multilingual_zh_000026,multilingual_zh,58.0,18.0,18.0,0.3103448275862069,3.2222222222222223,0.6567366123199463,5.045321464538574,-6.68241235510807,4.388584852218628,10.599297523498535,-15.139343116650869,9.942560911178589
test_multilingual_zh_000027,multilingual_zh,64.0,19.0,19.0,0.296875,3.3684210526315788,0.6462109684944153,4.544023036956787,-6.0317949686675085,3.897812068462372,12.2511625289917,-17.958456489117264,11.604951560497284
test_multilingual_zh_000028,multilingual_zh,52.0,18.0,18.0,0.34615384615384615,2.888888888888889,0.5339604020118713,5.175588607788086,-8.692832255514368,4.641628205776215,10.901058197021484,-19.415480541156544,10.367097795009613
test_multilingual_zh_000029,multilingual_zh,58.0,18.0,18.0,0.3103448275862069,3.2222222222222223,0.6177014112472534,5.116771697998047,-7.283568087802063,4.4990702867507935,10.122873306274414,-15.387971796655702,9.50517189502716
test_multilingual_zh_000030,multilingual_zh,64.0,19.0,19.0,0.296875,3.3684210526315788,0.6530230641365051,4.50252103805542,-5.894888228808765,3.849497973918915,12.234908103942871,-17.73579782380449,11.581885039806366
test_multilingual_zh_000031,multilingual_zh,52.0,18.0,18.0,0.34615384615384615,2.888888888888889,0.5565468072891235,5.225975513458252,-8.390001784240551,4.669428706169128,10.901433944702148,-18.587631807290027,10.344887137413025
test_multilingual_zh_000032,multilingual_zh,58.0,18.0,18.0,0.3103448275862069,3.2222222222222223,0.6515495777130127,5.064830780029297,-6.773515559333533,4.413281202316284,10.148622512817383,-14.576132438669978,9.49707293510437
test_multilingual_zh_000033,multilingual_zh,64.0,19.0,19.0,0.296875,3.3684210526315788,0.6152120232582092,4.473555088043213,-6.271566417624493,3.8583430647850037,12.303403854370117,-18.998640126066398,11.688191831111908
test_multilingual_zh_000034,multilingual_zh,52.0,18.0,18.0,0.34615384615384615,2.888888888888889,0.5643828511238098,5.22807502746582,-8.263348482427448,4.6636921763420105,10.81440258026123,-18.161465587991177,10.25001972913742
test_multilingual_zh_000035,multilingual_zh,58.0,18.0,18.0,0.3103448275862069,3.2222222222222223,0.6577476859092712,5.055305480957031,-6.685782237254959,4.39755779504776,10.205196380615234,-14.515366453182663,9.547448694705963
test_multilingual_zh_000036,multilingual_zh,64.0,19.0,19.0,0.296875,3.3684210526315788,0.6152612566947937,4.6108832359313965,-6.4941875272648115,3.995621979236603,12.313446044921875,-19.01336165886694,11.698184788227081
test_multilingual_zh_000037,multilingual_zh,52.0,18.0,18.0,0.34615384615384615,2.888888888888889,0.5148997902870178,5.241615295410156,-9.179874597517996,4.726715505123138,11.200784683227539,-20.75332927788521,10.685884892940521
test_multilingual_zh_000038,multilingual_zh,58.0,18.0,18.0,0.3103448275862069,3.2222222222222223,0.6266024112701416,5.0026631355285645,-6.983791708346635,4.376060724258423,10.187700271606445,-15.25863560109141,9.561097860336304
test_multilingual_zh_000039,multilingual_zh,64.0,19.0,19.0,0.296875,3.3684210526315788,0.6375021934509277,4.591760158538818,-6.2027362504946,3.9542579650878906,12.266348838806152,-18.241265308290057,11.628846645355225
test_multilingual_zh_000040,multilingual_zh,52.0,18.0,18.0,0.34615384615384615,2.888888888888889,0.5558456182479858,5.209536075592041,-8.372271552688305,4.653690457344055,10.751598358154297,-18.342777931834952,10.195752739906311
test_multilingual_zh_000041,multilingual_zh,58.0,18.0,18.0,0.3103448275862069,3.2222222222222223,0.6454398036003113,5.037134170532227,-6.804188930454424,4.391694366931915,10.487936973571777,-15.249287563409142,9.842497169971466
test_multilingual_zh_000042,multilingual_zh,64.0,19.0,19.0,0.296875,3.3684210526315788,0.6308475136756897,4.6272501945495605,-6.334974132795534,3.996402680873871,12.376620292663574,-18.619036335025058,11.745772778987885
test_multilingual_zh_000043,multilingual_zh,52.0,18.0,18.0,0.34615384615384615,2.888888888888889,0.5455210208892822,5.284987449645996,-8.687962969842413,4.739466428756714,10.741483688354492,-18.69032040386682,10.19596266746521
test_multilingual_zh_000044,multilingual_zh,58.0,18.0,18.0,0.3103448275862069,3.2222222222222223,0.6341397762298584,5.131952285766602,-7.092777772555949,4.497812509536743,10.261876106262207,-15.182356778298916,9.627736330032349
test_multilingual_zh_000045,multilingual_zh,64.0,19.0,19.0,0.296875,3.3684210526315788,0.638014018535614,4.593466758728027,-6.199632963035936,3.9554527401924133,12.24231243133545,-18.188155864402972,11.604298412799835
test_multilingual_zh_000046,multilingual_zh,52.0,18.0,18.0,0.34615384615384615,2.888888888888889,0.54510498046875,5.170783996582031,-8.485849848841115,4.625679016113281,10.677685737609863,-18.58831072948158,10.132580757141113
test_multilingual_zh_000047,multilingual_zh,58.0,18.0,18.0,0.3103448275862069,3.2222222222222223,0.6856147050857544,5.048388957977295,-6.363303208827557,4.3627742528915405,10.303187370300293,-14.027663925340699,9.617572665214539
test_multilingual_zh_000048,multilingual_zh,64.0,19.0,19.0,0.296875,3.3684210526315788,0.6212700605392456,4.580146312713623,-6.372230860019521,3.9588762521743774,12.236912727355957,-18.696607811319037,11.615642666816711
test_multilingual_zh_000049,multilingual_zh,52.0,18.0,18.0,0.34615384615384615,2.888888888888889,0.5478692650794983,5.201494216918945,-8.494042736936859,4.653624951839447,11.099428176879883,-19.25926417914556,10.551558911800385
test_multilingual_zh_000050,multilingual_zh,58.0,18.0,18.0,0.3103448275862069,3.2222222222222223,0.6041257381439209,5.0583295822143555,-7.372974801165166,4.454203844070435,10.146198272705078,-15.794845231851301,9.542072534561157
test_multilingual_zh_000051,multilingual_zh,64.0,19.0,19.0,0.296875,3.3684210526315788,0.6527357697486877,4.544776439666748,-5.962658782153994,3.8920406699180603,12.261983871459961,-17.785524617688708,11.609248101711273
test_multilingual_zh_000052,multilingual_zh,52.0,18.0,18.0,0.34615384615384615,2.888888888888889,0.5397777557373047,5.166109561920166,-8.57080855409383,4.626331806182861,10.790213584899902,-18.990104205315212,10.250435829162598
test_multilingual_zh_000053,multilingual_zh,58.0,18.0,18.0,0.3103448275862069,3.2222222222222223,0.6488242149353027,5.077402591705322,-6.825544230360782,4.4285783767700195,10.30345630645752,-14.880196930512103,9.654632091522217
test_multilingual_zh_000054,multilingual_zh,64.0,19.0,19.0,0.296875,3.3684210526315788,0.6472557187080383,4.530138969421387,-5.998994120073314,3.8828832507133484,12.176161766052246,-17.81198020213186,11.528906047344208
test_multilingual_zh_000055,multilingual_zh,52.0,18.0,18.0,0.34615384615384615,2.888888888888889,0.5421680212020874,5.211308479309082,-8.611980558636862,4.669140458106995,10.53541374206543,-18.432008768622055,9.993245720863342
test_multilingual_zh_000056,multilingual_zh,58.0,18.0,18.0,0.3103448275862069,3.2222222222222223,0.6830294132232666,5.085289001464844,-6.4451976781892695,4.402259588241577,10.20029067993164,-13.93389667041674,9.517261266708374
test_multilingual_zh_000057,multilingual_zh,64.0,19.0,19.0,0.296875,3.3684210526315788,0.6199078559875488,4.503849983215332,-6.265353938837314,3.883942127227783,12.316749572753906,-18.868677987848077,11.696841716766357
test_multilingual_zh_000058,multilingual_zh,52.0,18.0,18.0,0.34615384615384615,2.888888888888889,0.5357410907745361,5.2346649169921875,-8.770885614587232,4.698923826217651,10.665029525756836,-18.907059042900926,10.1292884349823
test_multilingual_zh_000059,multilingual_zh,58.0,18.0,18.0,0.3103448275862069,3.2222222222222223,0.6200417280197144,5.101589679718018,-7.227816692291735,4.481547951698303,9.97502613067627,-15.087669071135663,9.354984402656555
test_multilingual_zh_000060,multilingual_zh,64.0,19.0,19.0,0.296875,3.3684210526315788,0.6357018351554871,4.598867416381836,-6.234315149109163,3.963165581226349,12.310640335083008,-18.365431487344903,11.67493849992752
test_multilingual_zh_000061,multilingual_zh,52.0,18.0,18.0,0.34615384615384615,2.888888888888889,0.5799153447151184,5.251082897186279,-8.054912833468578,4.671167552471161,10.612631797790527,-17.300312096421504,10.032716453075409
test_multilingual_zh_000062,multilingual_zh,58.0,18.0,18.0,0.3103448275862069,3.2222222222222223,0.6125315427780151,5.072103500366211,-7.280558871079019,4.459571957588196,10.485251426696777,-16.11789629501038,9.872719883918762
test_multilingual_zh_000063,multilingual_zh,64.0,19.0,19.0,0.296875,3.3684210526315788,0.6346637606620789,4.59845495223999,-6.245497911276515,3.9637911915779114,12.210609436035156,-18.239493717582196,11.575945675373077
test_multilingual_zh_000064,multilingual_zh,52.0,18.0,18.0,0.34615384615384615,2.888888888888889,0.5504773259162903,5.156770706176758,-8.367816735399806,4.6062933802604675,10.736026763916016,-18.503122578292384,10.185549437999725
test_multilingual_zh_000065,multilingual_zh,58.0,18.0,18.0,0.3103448275862069,3.2222222222222223,0.6721899509429932,5.097322463989258,-6.583157791690268,4.425132513046265,10.681926727294922,-14.891232399873873,10.009736776351929
test_multilingual_zh_000066,multilingual_zh,64.0,19.0,19.0,0.296875,3.3684210526315788,0.6412978172302246,4.530762672424316,-6.064990010402268,3.889464855194092,12.297357559204102,-18.175735873102738,11.656059741973877
test_multilingual_zh_000067,multilingual_zh,52.0,18.0,18.0,0.34615384615384615,2.888888888888889,0.5776257514953613,5.17101526260376,-7.952189630079687,4.593389511108398,10.644575119018555,-17.428151950396618,10.066949367523193
test_multilingual_zh_000068,multilingual_zh,58.0,18.0,18.0,0.3103448275862069,3.2222222222222223,0.642387866973877,5.0871453285217285,-6.919118012745094,4.444757461547852,9.909811973571777,-14.426524196751004,9.2674241065979
test_multilingual_zh_000069,multilingual_zh,64.0,19.0,19.0,0.296875,3.3684210526315788,0.6010141968727112,4.5551981925964355,-6.57918567697525,3.9541839957237244,12.297553062438965,-19.461335400107803,11.696538865566254
test_multilingual_zh_000070,multilingual_zh,52.0,18.0,18.0,0.34615384615384615,2.888888888888889,0.5629855394363403,5.24820613861084,-8.322097586849798,4.6852205991744995,10.749173164367676,-18.09316032367318,10.186187624931335
test_multilingual_zh_000071,multilingual_zh,58.0,18.0,18.0,0.3103448275862069,3.2222222222222223,0.6516932249069214,5.08583927154541,-6.804038890034186,4.434146046638489,10.18088150024414,-14.62219938944161,9.52918827533722
test_multilingual_zh_000072,multilingual_zh,64.0,19.0,19.0,0.296875,3.3684210526315788,0.6290056109428406,4.529281139373779,-6.200700694203135,3.9002755284309387,12.171093940734863,-18.349738267821085,11.542088329792023
test_multilingual_zh_000073,multilingual_zh,52.0,18.0,18.0,0.34615384615384615,2.888888888888889,0.5607344508171082,5.180388450622559,-8.238577089518294,4.61965399980545,11.006141662597656,-18.628081789088206,10.445407211780548
test_multilingual_zh_000074,multilingual_zh,58.0,18.0,18.0,0.3103448275862069,3.2222222222222223,0.601210355758667,5.081326961517334,-7.451828736557957,4.480116605758667,10.418682098388672,-16.329512039494634,9.817471742630005
test_multilingual_zh_000075,multilingual_zh,64.0,19.0,19.0,0.296875,3.3684210526315788,0.6008114814758301,4.5364603996276855,-6.550555439593712,3.9356489181518555,12.396890640258789,-19.633578123053063,11.796079158782959
test_multilingual_zh_000076,multilingual_zh,52.0,18.0,18.0,0.34615384615384615,2.888888888888889,0.5343495607376099,5.277830123901367,-8.877111373715573,4.743480563163757,10.903194427490234,-19.404610069183164,10.368844866752625
test_multilingual_zh_000077,multilingual_zh,58.0,18.0,18.0,0.3103448275862069,3.2222222222222223,0.6441454291343689,5.073118209838867,-6.8757342369973,4.428972780704498,10.33562183380127,-15.04547881010463,9.6914764046669
test_multilingual_zh_000078,multilingual_zh,64.0,19.0,19.0,0.296875,3.3684210526315788,0.6309200525283813,4.5322794914245605,-6.183603490270553,3.901359438896179,12.32122802734375,-18.5289846597315,11.690307974815369
test_multilingual_zh_000079,multilingual_zh,52.0,18.0,18.0,0.34615384615384615,2.888888888888889,0.6288206577301025,5.2316060066223145,-7.319710782891906,4.602785348892212,10.614803314208984,-15.880493959161543,9.985982656478882
test_multilingual_ja_000000,multilingual_ja,76.0,23.0,23.0,0.3026315789473684,3.3043478260869565,0.46364837884902954,3.850987195968628,-7.305835567738637,3.3873388171195984,11.264275550842285,-23.294866680662096,10.800627171993256
test_multilingual_ja_000001,multilingual_ja,76.0,21.0,21.0,0.27631578947368424,3.619047619047619,0.5460744500160217,4.317936420440674,-6.9072302692682035,3.771861970424652,10.696280479431152,-18.587586416316174,10.15020602941513
test_multilingual_ja_000002,multilingual_ja,64.0,20.0,20.0,0.3125,3.2,0.6386424899101257,5.1742353439331055,-7.101927801047594,4.53559285402298,11.338705062866211,-16.75438565708629,10.700062572956085
test_multilingual_ja_000003,multilingual_ja,76.0,23.0,23.0,0.3026315789473684,3.3043478260869565,0.4839596450328827,3.9121897220611572,-7.083710619705375,3.4282300770282745,11.16299819946289,-22.06596906174774,10.679038554430008
test_multilingual_ja_000004,multilingual_ja,76.0,21.0,21.0,0.27631578947368424,3.619047619047619,0.5736647248268127,4.272800445556641,-6.448253763287577,3.699135720729828,10.717805862426758,-17.683048475156674,10.144141137599945
test_multilingual_ja_000005,multilingual_ja,64.0,20.0,20.0,0.3125,3.2,0.628475546836853,5.139764308929443,-7.178145251311875,4.51128876209259,11.31651782989502,-17.00629775788666,10.688042283058167
test_multilingual_ja_000006,multilingual_ja,76.0,23.0,23.0,0.3026315789473684,3.3043478260869565,0.5015846490859985,3.8656935691833496,-6.706961479438264,3.364108920097351,11.075684547424316,-21.081386596672637,10.574099898338318
test_multilingual_ja_000007,multilingual_ja,76.0,21.0,21.0,0.27631578947368424,3.619047619047619,0.5788988471031189,4.283714771270752,-6.399763866704845,3.704815924167633,10.61163330078125,-17.33072108172813,10.032734453678131
test_multilingual_ja_000008,multilingual_ja,64.0,20.0,20.0,0.3125,3.2,0.6169201731681824,5.165850639343262,-7.37361276875439,4.548930466175079,11.304367065429688,-17.323873261229757,10.687446892261505
test_multilingual_ja_000009,multilingual_ja,76.0,23.0,23.0,0.3026315789473684,3.3043478260869565,0.48632293939590454,3.8051512241363525,-6.824330122825369,3.318828284740448,11.128878593444824,-21.88372127226566,10.64255565404892
test_multilingual_ja_000010,multilingual_ja,76.0,21.0,21.0,0.27631578947368424,3.619047619047619,0.5415211915969849,4.323229789733887,-6.983491425302067,3.781708598136902,10.710145950317383,-18.777888873992897,10.168624758720398
test_multilingual_ja_000011,multilingual_ja,64.0,20.0,20.0,0.3125,3.2,0.6384164094924927,5.101622581481934,-6.991058039277928,4.463206171989441,11.360835075378418,-16.795336878025555,10.722418665885925
test_multilingual_ja_000012,multilingual_ja,76.0,23.0,23.0,0.3026315789473684,3.3043478260869565,0.47896111011505127,3.82472825050354,-6.985467232579284,3.3457671403884888,11.127354621887207,-22.232271653985237,10.648393511772156
test_multilingual_ja_000013,multilingual_ja,76.0,21.0,21.0,0.27631578947368424,3.619047619047619,0.5701513290405273,4.296360015869141,-6.535473122722034,3.7262086868286133,10.608540534973145,-17.606534782310526,10.038389205932617
test_multilingual_ja_000014,multilingual_ja,64.0,20.0,20.0,0.3125,3.2,0.6205601692199707,5.089785575866699,-7.201921148539775,4.4692254066467285,11.471013069152832,-17.484932868913617,10.850452899932861
test_multilingual_ja_000015,multilingual_ja,76.0,23.0,23.0,0.3026315789473684,3.3043478260869565,0.4641021192073822,3.9445388317108154,-7.4992907131031945,3.4804367125034332,11.17595386505127,-23.080807655302557,10.711851745843887
test_multilingual_ja_000016,multilingual_ja,76.0,21.0,21.0,0.27631578947368424,3.619047619047619,0.5630577802658081,4.353255271911621,-6.731453901332361,3.790197491645813,10.640430450439453,-17.897581781777923,10.077372670173645
test_multilingual_ja_000017,multilingual_ja,64.0,20.0,20.0,0.3125,3.2,0.6420466899871826,5.161220550537109,-7.038699725467231,4.519173860549927,11.334959030151367,-16.654415491773115,10.692912340164185
test_multilingual_ja_000018,multilingual_ja,76.0,23.0,23.0,0.3026315789473684,3.3043478260869565,0.4859052002429962,3.816215753555298,-6.853827766500229,3.3303105533123016,11.144475936889648,-21.935494271961712,10.658570736646652
test_multilingual_ja_000019,multilingual_ja,76.0,21.0,21.0,0.27631578947368424,3.619047619047619,0.5748603940010071,4.273803234100342,-6.43450632310017,3.6989428400993347,10.562688827514648,-17.374354778555407,9.987828433513641
test_multilingual_ja_000020,multilingual_ja,64.0,20.0,20.0,0.3125,3.2,0.6387110948562622,5.151739597320557,-7.065837025235834,4.513028502464294,11.325645446777344,-16.73203180277635,10.686934351921082
test_multilingual_ja_000021,multilingual_ja,76.0,23.0,23.0,0.3026315789473684,3.3043478260869565,0.4780788719654083,3.8669300079345703,-7.0884771001015165,3.388851135969162,11.186151504516602,-22.3981298075979,10.708072632551193
test_multilingual_ja_000022,multilingual_ja,76.0,21.0,21.0,0.27631578947368424,3.619047619047619,0.5761593580245972,4.324977397918701,-6.506564525389625,3.748818039894104,10.63612174987793,-17.46038184009476,10.059962391853333
test_multilingual_ja_000023,multilingual_ja,64.0,20.0,20.0,0.3125,3.2,0.6007429361343384,5.171667575836182,-7.608786328999283,4.570924639701843,11.268202781677246,-17.757112408488556,10.667459845542908
test_multilingual_ja_000024,multilingual_ja,76.0,23.0,23.0,0.3026315789473684,3.3043478260869565,0.4680712819099426,3.821216344833374,-7.1637487547646215,3.3531450629234314,11.129266738891602,-22.77686298864386,10.661195456981659
test_multilingual_ja_000025,multilingual_ja,76.0,21.0,21.0,0.27631578947368424,3.619047619047619,0.5381759405136108,4.326923847198486,-7.039980091025744,3.7887479066848755,10.876364707946777,-19.2096821674467,10.338188767433167
test_multilingual_ja_000026,multilingual_ja,64.0,20.0,20.0,0.3125,3.2,0.6332938075065613,5.165413856506348,-7.156425651537468,4.532120048999786,11.37428092956543,-16.960511842597775,10.740987122058868
test_multilingual_ja_000027,multilingual_ja,76.0,23.0,23.0,0.3026315789473684,3.3043478260869565,0.48320814967155457,3.835294008255005,-6.937146777971201,3.3520858585834503,11.22401237487793,-22.22811066515972,10.740804225206375
test_multilingual_ja_000028,multilingual_ja,76.0,21.0,21.0,0.27631578947368424,3.619047619047619,0.5378404855728149,4.334531307220459,-7.059139137887814,3.796690821647644,10.80944538116455,-19.097864833756784,10.271604895591736
test_multilingual_ja_000029,multilingual_ja,64.0,20.0,20.0,0.3125,3.2,0.6253029108047485,5.105734825134277,-7.165218387618458,4.480431914329529,11.339360237121582,-17.134187513261566,10.714057326316833
test_multilingual_ja_000030,multilingual_ja,76.0,23.0,23.0,0.3026315789473684,3.3043478260869565,0.49302607774734497,3.8205666542053223,-6.749218198886432,3.3275405764579773,11.08548355102539,-21.484578506831504,10.592457473278046
test_multilingual_ja_000031,multilingual_ja,76.0,21.0,21.0,0.27631578947368424,3.619047619047619,0.5373579859733582,4.3406805992126465,-7.077819093634638,3.8033226132392883,10.840187072753906,-19.173119886025766,10.302829086780548
test_multilingual_ja_000032,multilingual_ja,64.0,20.0,20.0,0.3125,3.2,0.6190165877342224,5.111255645751953,-7.257057641154026,4.492239058017731,11.305183410644531,-17.263134841062552,10.686166822910309
test_multilingual_ja_000033,multilingual_ja,76.0,23.0,23.0,0.3026315789473684,3.3043478260869565,0.5019741058349609,3.82611083984375,-6.6221279053419915,3.324136734008789,11.058794021606445,-21.030606545355063,10.556819915771484
test_multilingual_ja_000034,multilingual_ja,76.0,21.0,21.0,0.27631578947368424,3.619047619047619,0.5721249580383301,4.278621196746826,-6.478473254194542,3.706496238708496,10.739625930786133,-17.77146902943993,10.167500972747803
test_multilingual_ja_000035,multilingual_ja,64.0,20.0,20.0,0.3125,3.2,0.6209197640419006,5.096512794494629,-7.208005429427285,4.475593030452728,11.345590591430664,-17.27223298156289,10.724670827388763
test_multilingual_ja_000036,multilingual_ja,76.0,23.0,23.0,0.3026315789473684,3.3043478260869565,0.4820155203342438,3.8562841415405273,-7.000331895675198,3.3742686212062836,11.1404390335083,-22.112199843239885,10.658423513174057
test_multilingual_ja_000037,multilingual_ja,76.0,21.0,21.0,0.27631578947368424,3.619047619047619,0.5778520703315735,4.294792652130127,-6.432339300377968,3.7169405817985535,10.661112785339355,-17.44955367075517,10.083260715007782
test_multilingual_ja_000038,multilingual_ja,64.0,20.0,20.0,0.3125,3.2,0.6478989720344543,5.12700891494751,-6.913284533927093,4.479109942913055,11.259668350219727,-16.37874087817036,10.611769378185272
test_multilingual_ja_000039,multilingual_ja,76.0,23.0,23.0,0.3026315789473684,3.3043478260869565,0.46970534324645996,3.8194713592529297,-7.131632765456551,3.3497660160064697,11.080538749694824,-22.590403875564885,10.610833406448364
test_multilingual_ja_000040,multilingual_ja,76.0,21.0,21.0,0.27631578947368424,3.619047619047619,0.5754700303077698,4.291647434234619,-6.457638466314889,3.7161774039268494,10.612733840942383,-17.44185323650397,10.037263810634613
test_multilingual_ja_000041,multilingual_ja,64.0,20.0,20.0,0.3125,3.2,0.6347642540931702,5.095726490020752,-7.02774645415494,4.460962235927582,11.358325958251953,-16.89377061642918,10.723561704158783
test_multilingual_ja_000042,multilingual_ja,76.0,23.0,23.0,0.3026315789473684,3.3043478260869565,0.4841582775115967,3.8634727001190186,-6.979772069530464,3.379314422607422,11.112390518188477,-21.951978793592577,10.62823224067688
test_multilingual_ja_000043,multilingual_ja,76.0,21.0,21.0,0.27631578947368424,3.619047619047619,0.5642457008361816,4.3449931144714355,-6.7005338419635105,3.780747413635254,10.748981475830078,-18.050178778324174,10.184735774993896
test_multilingual_ja_000044,multilingual_ja,64.0,20.0,20.0,0.3125,3.2,0.6243054866790771,5.162594795227051,-7.269340740042016,4.538289308547974,11.398248672485352,-17.257485983531964,10.773943185806274
test_multilingual_ja_000045,multilingual_ja,76.0,23.0,23.0,0.3026315789473684,3.3043478260869565,0.4794153571128845,3.829375982284546,-6.9875955692067455,3.3499606251716614,11.097779273986816,-22.148568583241484,10.618363916873932
test_multilingual_ja_000046,multilingual_ja,76.0,21.0,21.0,0.27631578947368424,3.619047619047619,0.5761495232582092,4.30351448059082,-6.469440322112602,3.727364957332611,10.741630554199219,-17.643824425044627,10.16548103094101
test_multilingual_ja_000047,multilingual_ja,64.0,20.0,20.0,0.3125,3.2,0.6115530133247375,5.144379615783691,-7.4119929158978755,4.532826602458954,11.269174575805664,-17.42714258660954,10.657621562480927
test_multilingual_ja_000048,multilingual_ja,76.0,23.0,23.0,0.3026315789473684,3.3043478260869565,0.4539222717285156,3.8160953521728516,-7.406935702100124,3.362173080444336,11.101814270019531,-23.45752271142,10.647891998291016
test_multilingual_ja_000049,multilingual_ja,76.0,21.0,21.0,0.27631578947368424,3.619047619047619,0.5996981263160706,4.2699761390686035,-6.120209238102763,3.670278012752533,10.561939239501953,-16.612093111552078,9.962241113185883
test_multilingual_ja_000050,multilingual_ja,64.0,20.0,20.0,0.3125,3.2,0.6198228597640991,5.18441104888916,-7.3643430816061155,4.564588189125061,11.309455871582031,-17.24627100053448,10.689633011817932
test_multilingual_ja_000051,multilingual_ja,76.0,23.0,23.0,0.3026315789473684,3.3043478260869565,0.48205065727233887,3.867823839187622,-7.023687512581193,3.385773181915283,11.188346862792969,-22.209898573941807,10.70629620552063
test_multilingual_ja_000052,multilingual_ja,76.0,21.0,21.0,0.27631578947368424,3.619047619047619,0.5814148783683777,4.309071063995361,-6.411353276833731,3.7276561856269836,10.586173057556152,-17.207606051059596,10.004758179187775
test_multilingual_ja_000053,multilingual_ja,64.0,20.0,20.0,0.3125,3.2,0.6170331239700317,5.137988567352295,-7.326925034905968,4.520955443382263,11.361712455749512,-17.413456286831906,10.74467933177948
test_multilingual_ja_000054,multilingual_ja,76.0,23.0,23.0,0.3026315789473684,3.3043478260869565,0.45757314562797546,3.8789920806884766,-7.477315851578069,3.421418935060501,11.265419006347656,-23.61993041765365,10.80784586071968
test_multilingual_ja_000055,multilingual_ja,76.0,21.0,21.0,0.27631578947368424,3.619047619047619,0.5917555689811707,4.271740436553955,-6.218758319264554,3.6799848675727844,10.633946418762207,-16.970167035471658,10.042190849781036
test_multilingual_ja_000056,multilingual_ja,64.0,20.0,20.0,0.3125,3.2,0.6088964343070984,5.1374921798706055,-7.4373825997468375,4.528595745563507,11.316479682922363,-17.585229023060545,10.707583248615265
test_multilingual_ja_000057,multilingual_ja,76.0,23.0,23.0,0.3026315789473684,3.3043478260869565,0.4647755026817322,3.8109190464019775,-7.1994834590316374,3.3461435437202454,11.048445701599121,-22.771574960061628,10.583670198917389
test_multilingual_ja_000058,multilingual_ja,76.0,21.0,21.0,0.27631578947368424,3.619047619047619,0.5500490069389343,4.306896686553955,-6.830023565576768,3.7568476796150208,10.647193908691406,-18.356809619462584,10.097144901752472
test_multilingual_ja_000059,multilingual_ja,64.0,20.0,20.0,0.3125,3.2,0.6230626106262207,5.166757106781006,-7.29251670484297,4.543694496154785,11.392897605895996,-17.285317416889054,10.769834995269775
test_multilingual_ja_000060,multilingual_ja,76.0,23.0,23.0,0.3026315789473684,3.3043478260869565,0.49442294239997864,3.8306944370269775,-6.7478088262498535,3.336271494626999,11.15917682647705,-21.57010318394467,10.664753884077072
test_multilingual_ja_000061,multilingual_ja,76.0,21.0,21.0,0.27631578947368424,3.619047619047619,0.5611183643341064,4.354681968688965,-6.760719030924567,3.7935636043548584,10.726438522338867,-18.11617798335331,10.16532015800476
test_multilingual_ja_000062,multilingual_ja,64.0,20.0,20.0,0.3125,3.2,0.626552402973175,5.1168694496154785,-7.16670628878675,4.4903170466423035,11.475669860839844,-17.315578723159344,10.849117457866669
test_multilingual_ja_000063,multilingual_ja,76.0,23.0,23.0,0.3026315789473684,3.3043478260869565,0.479949414730072,3.8505799770355225,-7.022887118637542,3.3706305623054504,11.12578010559082,-22.181151521662052,10.645830690860748
test_multilingual_ja_000064,multilingual_ja,76.0,21.0,21.0,0.27631578947368424,3.619047619047619,0.5730044841766357,4.307930946350098,-6.518145259439408,3.734926462173462,10.692375183105469,-17.660194602961276,10.119370698928833
test_multilingual_ja_000065,multilingual_ja,64.0,20.0,20.0,0.3125,3.2,0.6584354639053345,5.134219169616699,-6.797604246837566,4.475783705711365,11.215415954589844,-16.033432385413438,10.55698049068451
test_multilingual_ja_000066,multilingual_ja,76.0,23.0,23.0,0.3026315789473684,3.3043478260869565,0.4920344054698944,3.8248298168182373,-6.773500743643146,3.332795411348343,11.164239883422852,-21.689957773910074,10.672205477952957
test_multilingual_ja_000067,multilingual_ja,76.0,21.0,21.0,0.27631578947368424,3.619047619047619,0.5467728972434998,4.350307464599609,-6.956333400084833,3.8035345673561096,10.852009773254395,-18.847380563235127,10.305236876010895
test_multilingual_ja_000068,multilingual_ja,64.0,20.0,20.0,0.3125,3.2,0.6192614436149597,5.073773384094238,-7.193265439675872,4.454511940479279,11.449490547180176,-17.488944637572438,10.830229103565216
test_multilingual_ja_000069,multilingual_ja,76.0,23.0,23.0,0.3026315789473684,3.3043478260869565,0.46971964836120605,3.8581769466400146,-7.213786585467988,3.3884572982788086,11.35859203338623,-23.181641268392664,10.888872385025024
test_multilingual_ja_000070,multilingual_ja,76.0,21.0,21.0,0.27631578947368424,3.619047619047619,0.5805414915084839,4.271457672119141,-6.357712987955692,3.6909161806106567,10.660111427307129,-17.362359251201504,10.079569935798645
test_multilingual_ja_000071,multilingual_ja,64.0,20.0,20.0,0.3125,3.2,0.6170443296432495,5.118875980377197,-7.295799401214379,4.501831650733948,11.47937297821045,-17.60380596131135,10.8623286485672
test_multilingual_ja_000072,multilingual_ja,76.0,23.0,23.0,0.3026315789473684,3.3043478260869565,0.485302597284317,3.8492560386657715,-6.931661730651454,3.3639534413814545,11.091736793518066,-21.85530070431483,10.60643419623375
test_multilingual_ja_000073,multilingual_ja,76.0,21.0,21.0,0.27631578947368424,3.619047619047619,0.5374196171760559,4.334600448608398,-7.065579130484933,3.7971808314323425,10.779030799865723,-19.057010305104974,10.241611182689667
test_multilingual_ja_000074,multilingual_ja,64.0,20.0,20.0,0.3125,3.2,0.6329669952392578,5.116734027862549,-7.083729588346788,4.483767032623291,11.220599174499512,-16.726989335768117,10.587632179260254
test_multilingual_ja_000075,multilingual_ja,76.0,23.0,23.0,0.3026315789473684,3.3043478260869565,0.4915172755718231,3.803972005844116,-6.739243755814356,3.312454730272293,11.05043888092041,-21.482300073918076,10.558921605348587
test_multilingual_ja_000076,multilingual_ja,76.0,21.0,21.0,0.27631578947368424,3.619047619047619,0.585974931716919,4.319998741149902,-6.37232688178693,3.7340238094329834,10.735142707824707,-17.320139867366873,10.149167776107788
test_multilingual_ja_000077,multilingual_ja,64.0,20.0,20.0,0.3125,3.2,0.6291253566741943,5.17032527923584,-7.21827514085305,4.5411999225616455,11.303006172180176,-16.96622255369318,10.673880815505981
test_multilingual_ja_000078,multilingual_ja,76.0,23.0,23.0,0.3026315789473684,3.3043478260869565,0.48086145520210266,3.860017776489258,-7.027297124214124,3.379156321287155,11.185794830322266,-22.261990973306347,10.704933375120163
test_multilingual_ja_000079,multilingual_ja,76.0,21.0,21.0,0.27631578947368424,3.619047619047619,0.5549589395523071,4.294894218444824,-6.739120703073228,3.739935278892517,10.5265474319458,-17.968155446667296,9.971588492393494
test_multilingual_ko_000000,multilingual_ko,68.0,21.0,21.0,0.3088235294117647,3.238095238095238,0.3850340247154236,4.518868446350098,-10.736283435444353,4.133834421634674,10.637889862060547,-26.62844107068966,10.252855837345123
test_multilingual_ko_000001,multilingual_ko,53.0,19.0,19.0,0.3584905660377358,2.789473684210526,0.31182757019996643,4.8019561767578125,-14.399395806081067,4.490128606557846,10.996145248413086,-34.26354402005429,10.68431767821312
test_multilingual_ko_000002,multilingual_ko,56.0,19.0,19.0,0.3392857142857143,2.9473684210526314,0.4598231017589569,5.521938323974609,-11.008831880894178,5.0621152222156525,10.172039985656738,-21.121637531358758,9.712216883897781
test_multilingual_ko_000003,multilingual_ko,68.0,21.0,21.0,0.3088235294117647,3.238095238095238,0.37857934832572937,4.471665382385254,-10.811699191097546,4.0930860340595245,10.499110221862793,-26.732918523673316,10.120530873537064
test_multilingual_ko_000004,multilingual_ko,53.0,19.0,19.0,0.3584905660377358,2.789473684210526,0.325893759727478,4.809764385223389,-13.758688197176452,4.483870625495911,10.852896690368652,-32.3019469272568,10.527002930641174
test_multilingual_ko_000005,multilingual_ko,56.0,19.0,19.0,0.3392857142857143,2.9473684210526314,0.45458582043647766,5.561557769775391,-11.234340623373106,5.106971949338913,10.129661560058594,-21.28327656663915,9.675075739622116
test_multilingual_ko_000006,multilingual_ko,68.0,21.0,21.0,0.3088235294117647,3.238095238095238,0.38227036595344543,4.515091419219971,-10.81125146323751,4.132821053266525,10.58767318725586,-26.696819137022178,10.205402821302414
test_multilingual_ko_000007,multilingual_ko,53.0,19.0,19.0,0.3584905660377358,2.789473684210526,0.3183736503124237,4.8075480461120605,-14.100332710933705,4.489174395799637,10.795252799987793,-32.90749450965646,10.47687914967537
test_multilingual_ko_000008,multilingual_ko,56.0,19.0,19.0,0.3392857142857143,2.9473684210526314,0.43452006578445435,5.531361103057861,-11.729817420679758,5.096841037273407,10.222639083862305,-22.52627620408511,9.78811901807785
test_multilingual_ko_000009,multilingual_ko,68.0,21.0,21.0,0.3088235294117647,3.238095238095238,0.3823109567165375,4.492244720458984,-10.750237971311234,4.109933763742447,10.618553161621094,-26.774650386214713,10.236242204904556
test_multilingual_ko_000010,multilingual_ko,53.0,19.0,19.0,0.3584905660377358,2.789473684210526,0.30778446793556213,4.784685134887695,-14.545570466828815,4.476900666952133,10.756019592285156,-33.94659644273226,10.448235124349594
test_multilingual_ko_000011,multilingual_ko,56.0,19.0,19.0,0.3392857142857143,2.9473684210526314,0.4578280746936798,5.557175636291504,-11.138127702215854,5.099347561597824,10.248791694641113,-21.38567764001432,9.790963619947433
test_multilingual_ko_000012,multilingual_ko,68.0,21.0,21.0,0.3088235294117647,3.238095238095238,0.38742518424987793,4.51956844329834,-10.665654756153772,4.132143259048462,10.582600593566895,-26.31521084272474,10.195175409317017
test_multilingual_ko_000013,multilingual_ko,53.0,19.0,19.0,0.3584905660377358,2.789473684210526,0.321948766708374,4.7741594314575195,-13.828941512243853,4.4522106647491455,10.866334915161133,-32.75175195189991,10.544386148452759
test_multilingual_ko_000014,multilingual_ko,56.0,19.0,19.0,0.3392857142857143,2.9473684210526314,0.44862857460975647,5.504881381988525,-11.270465354947564,5.056252807378769,10.358255386352539,-22.08871073440375,9.909626811742783
test_multilingual_ko_000015,multilingual_ko,68.0,21.0,21.0,0.3088235294117647,3.238095238095238,0.34419214725494385,4.47922420501709,-12.013731547161996,4.135032057762146,10.565658569335938,-29.696977411021326,10.221466422080994
test_multilingual_ko_000016,multilingual_ko,53.0,19.0,19.0,0.3584905660377358,2.789473684210526,0.28240853548049927,4.805272102355957,-16.01532177198578,4.522863566875458,10.836445808410645,-37.37152368632611,10.554037272930145
test_multilingual_ko_000017,multilingual_ko,56.0,19.0,19.0,0.3392857142857143,2.9473684210526314,0.4561011791229248,5.533672332763672,-11.132554323592924,5.077571153640747,10.280122756958008,-21.53912778021429,9.824021577835083
test_multilingual_ko_000018,multilingual_ko,68.0,21.0,21.0,0.3088235294117647,3.238095238095238,0.3582855463027954,4.515506744384766,-11.603094908463335,4.15722119808197,10.627852439880371,-28.663078931178894,10.269566893577576
test_multilingual_ko_000019,multilingual_ko,53.0,19.0,19.0,0.3584905660377358,2.789473684210526,0.31488433480262756,4.816509246826172,-14.296122145438593,4.501624912023544,10.871257781982422,-33.52460659497916,10.556373447179794
test_multilingual_ko_000020,multilingual_ko,56.0,19.0,19.0,0.3392857142857143,2.9473684210526314,0.43648749589920044,5.61961555480957,-11.874631249705553,5.18312805891037,10.33301067352295,-22.673096642175487,9.896523177623749
test_multilingual_ko_000021,multilingual_ko,68.0,21.0,21.0,0.3088235294117647,3.238095238095238,0.3494662940502167,4.5128607749938965,-11.913579512035628,4.16339448094368,10.603515625,-29.342026700510132,10.254049330949783
test_multilingual_ko_000022,multilingual_ko,53.0,19.0,19.0,0.3584905660377358,2.789473684210526,0.311053991317749,4.806609630584717,-14.452653766704607,4.495555639266968,10.713153839111328,-33.441460769322155,10.402099847793579
test_multilingual_ko_000023,multilingual_ko,56.0,19.0,19.0,0.3392857142857143,2.9473684210526314,0.4571131765842438,5.455090522766113,-10.93378533414638,4.9979773461818695,10.240056037902832,-21.401577032675274,9.782942861318588
test_multilingual_ko_000024,multilingual_ko,68.0,21.0,21.0,0.3088235294117647,3.238095238095238,0.36079612374305725,4.484311580657959,-11.428935028834966,4.123515456914902,10.559901237487793,-28.26833339542217,10.199105113744736
test_multilingual_ko_000025,multilingual_ko,53.0,19.0,19.0,0.3584905660377358,2.789473684210526,0.2849327027797699,4.811993598937988,-15.888175881507266,4.527060896158218,10.94800090789795,-37.423111145511,10.66306820511818
test_multilingual_ko_000026,multilingual_ko,56.0,19.0,19.0,0.3392857142857143,2.9473684210526314,0.4468686580657959,5.559629917144775,-11.441306448317054,5.1127612590789795,10.24853229522705,-21.93410403760758,9.801663637161255
test_multilingual_ko_000027,multilingual_ko,68.0,21.0,21.0,0.3088235294117647,3.238095238095238,0.35198089480400085,4.491945743560791,-11.761902165349381,4.13996484875679,10.59051513671875,-29.088323806938543,10.23853424191475
test_multilingual_ko_000028,multilingual_ko,53.0,19.0,19.0,0.3584905660377358,2.789473684210526,0.30002930760383606,4.810266017913818,-15.032653797492936,4.510236710309982,10.5343656539917,-34.111122103782805,10.234336346387863
test_multilingual_ko_000029,multilingual_ko,56.0,19.0,19.0,0.3392857142857143,2.9473684210526314,0.4530782103538513,5.5277910232543945,-11.200522772739884,5.074712812900543,10.235514640808105,-21.59105471616971,9.782436430454254
test_multilingual_ko_000030,multilingual_ko,68.0,21.0,21.0,0.3088235294117647,3.238095238095238,0.38411983847618103,4.506049633026123,-10.730843298544029,4.121929794549942,10.569770812988281,-26.516857382110203,10.1856509745121
test_multilingual_ko_000031,multilingual_ko,53.0,19.0,19.0,0.3584905660377358,2.789473684210526,0.2977077066898346,4.833808422088623,-15.236759457237378,4.5361007153987885,10.8857421875,-35.56520117848766,10.588034480810165
test_multilingual_ko_000032,multilingual_ko,56.0,19.0,19.0,0.3392857142857143,2.9473684210526314,0.448041707277298,5.57449197769165,-11.441904151216743,5.126450270414352,10.3770170211792,-22.160828227888054,9.928975313901901
test_multilingual_ko_000033,multilingual_ko,68.0,21.0,21.0,0.3088235294117647,3.238095238095238,0.36862674355506897,4.49932861328125,-11.205648917084329,4.130701869726181,10.569293975830078,-27.672075915867826,10.20066723227501
test_multilingual_ko_000034,multilingual_ko,53.0,19.0,19.0,0.3584905660377358,2.789473684210526,0.32153335213661194,4.8036932945251465,-13.939953390851256,4.4821599423885345,10.793584823608398,-32.569098670120106,10.472051471471786
test_multilingual_ko_000035,multilingual_ko,56.0,19.0,19.0,0.3392857142857143,2.9473684210526314,0.44388169050216675,5.569404125213623,-11.547046306219375,5.125522434711456,10.330925941467285,-22.27405288958828,9.887044250965118
test_multilingual_ko_000036,multilingual_ko,68.0,21.0,21.0,0.3088235294117647,3.238095238095238,0.3740123212337494,4.517016887664795,-11.077187384534746,4.1430045664310455,10.474468231201172,-27.005676916335766,10.100455909967422
test_multilingual_ko_000037,multilingual_ko,53.0,19.0,19.0,0.3584905660377358,2.789473684210526,0.3150905668735504,4.804869174957275,-14.249168588679224,4.489778608083725,10.805316925048828,-33.292733775762734,10.490226358175278
test_multilingual_ko_000038,multilingual_ko,56.0,19.0,19.0,0.3392857142857143,2.9473684210526314,0.46853598952293396,5.5489020347595215,-10.843064692659887,5.0803660452365875,10.268169403076172,-20.915433675716738,9.799633413553238
test_multilingual_ko_000039,multilingual_ko,68.0,21.0,21.0,0.3088235294117647,3.238095238095238,0.37584662437438965,4.500888824462891,-10.97533390636349,4.125042200088501,10.456713676452637,-26.821757595557006,10.080867052078247
test_multilingual_ko_000040,multilingual_ko,53.0,19.0,19.0,0.3584905660377358,2.789473684210526,0.30961182713508606,4.7990946769714355,-14.500359664482563,4.4894828498363495,10.839336395263672,-34.00943906297993,10.529724568128586
test_multilingual_ko_000041,multilingual_ko,56.0,19.0,19.0,0.3392857142857143,2.9473684210526314,0.44681498408317566,5.550102710723877,-11.421478483117998,5.103287726640701,10.271029472351074,-21.987209109440023,9.824214488267899
test_multilingual_ko_000042,multilingual_ko,68.0,21.0,21.0,0.3088235294117647,3.238095238095238,0.39215320348739624,4.529370307922363,-10.550002059508707,4.137217104434967,10.452875137329102,-25.655080321599502,10.060721933841705
test_multilingual_ko_000043,multilingual_ko,53.0,19.0,19.0,0.3584905660377358,2.789473684210526,0.32170742750167847,4.822194576263428,-13.989379056964014,4.500487148761749,10.772540092468262,-32.48551874019775,10.450832664966583
test_multilingual_ko_000044,multilingual_ko,56.0,19.0,19.0,0.3392857142857143,2.9473684210526314,0.4563668370246887,5.473365306854248,-10.993345841118048,5.016998469829559,10.292701721191406,-21.553570693907776,9.836334884166718
test_multilingual_ko_000045,multilingual_ko,68.0,21.0,21.0,0.3088235294117647,3.238095238095238,0.38835129141807556,4.531965732574463,-10.669758367548782,4.143614441156387,10.569745063781738,-26.216969010675925,10.181393772363663
test_multilingual_ko_000046,multilingual_ko,53.0,19.0,19.0,0.3584905660377358,2.789473684210526,0.3131093978881836,4.780792236328125,-14.268759956018384,4.467682838439941,10.749615669250488,-33.33182057693889,10.436506271362305
test_multilingual_ko_000047,multilingual_ko,56.0,19.0,19.0,0.3392857142857143,2.9473684210526314,0.4477223753929138,5.5299458503723145,-11.351283193115655,5.082223474979401,10.328803062438965,-22.069660195951958,9.881080687046051
test_multilingual_ko_000048,multilingual_ko,68.0,21.0,21.0,0.3088235294117647,3.238095238095238,0.3735255002975464,4.4766106605529785,-10.98475246532555,4.103085160255432,10.544078826904297,-27.228538127932357,10.17055332660675
test_multilingual_ko_000049,multilingual_ko,53.0,19.0,19.0,0.3584905660377358,2.789473684210526,0.3131619393825531,4.82271671295166,-14.400072954141194,4.509554773569107,10.790485382080078,-33.45656711462184,10.477323442697525
test_multilingual_ko_000050,multilingual_ko,56.0,19.0,19.0,0.3392857142857143,2.9473684210526314,0.45021572709083557,5.572875499725342,-11.378233731939261,5.122659772634506,10.290307998657227,-21.856393900653437,9.840092271566391
test_multilingual_ko_000051,multilingual_ko,68.0,21.0,21.0,0.3088235294117647,3.238095238095238,0.3709316849708557,4.44965934753418,-10.995899859252496,4.078727662563324,10.481302261352539,-27.25669169290852,10.110370576381683
test_multilingual_ko_000052,multilingual_ko,53.0,19.0,19.0,0.3584905660377358,2.789473684210526,0.32390570640563965,4.796993732452393,-13.809846315102988,4.473088026046753,10.75821590423584,-32.21403634291922,10.4343101978302
test_multilingual_ko_000053,multilingual_ko,56.0,19.0,19.0,0.3392857142857143,2.9473684210526314,0.4455002248287201,5.499215602874756,-11.3439120709513,5.053715378046036,10.137395858764648,-21.755085842352017,9.691895633935928
test_multilingual_ko_000054,multilingual_ko,68.0,21.0,21.0,0.3088235294117647,3.238095238095238,0.37386009097099304,4.475533962249756,-10.971146614301237,4.101673871278763,10.475607872009277,-27.020128719280862,10.101747781038284
test_multilingual_ko_000055,multilingual_ko,53.0,19.0,19.0,0.3584905660377358,2.789473684210526,0.32641392946243286,4.8398261070251465,-13.827265843083955,4.513412177562714,10.782411575317383,-32.03293947373755,10.45599764585495
test_multilingual_ko_000056,multilingual_ko,56.0,19.0,19.0,0.3392857142857143,2.9473684210526314,0.4896153509616852,5.564678192138672,-10.365407929323963,5.075062841176987,10.372992515563965,-20.18600345187237,9.88337716460228
test_multilingual_ko_000057,multilingual_ko,68.0,21.0,21.0,0.3088235294117647,3.238095238095238,0.37359893321990967,4.4633026123046875,-10.94677558053271,4.089703679084778,10.590583801269531,-27.347467991927186,10.216984868049622
test_multilingual_ko_000058,multilingual_ko,53.0,19.0,19.0,0.3584905660377358,2.789473684210526,0.3105245530605316,4.810754299163818,-14.492347551100224,4.500229746103287,10.747448921203613,-33.61062519944623,10.436924368143082
test_multilingual_ko_000059,multilingual_ko,56.0,19.0,19.0,0.3392857142857143,2.9473684210526314,0.4401322901248932,5.594383239746094,-11.710685776221089,5.154250949621201,10.351329803466797,-22.518678442178086,9.911197513341904
test_multilingual_ko_000060,multilingual_ko,68.0,21.0,21.0,0.3088235294117647,3.238095238095238,0.3708362579345703,4.50155782699585,-11.138936607946508,4.130721569061279,10.524922370910645,-27.381589301787322,10.154086112976074
test_multilingual_ko_000061,multilingual_ko,53.0,19.0,19.0,0.3584905660377358,2.789473684210526,0.30749812722206116,4.800822734832764,-14.612526743507052,4.4933246076107025,10.923839569091797,-34.524897884022224,10.616341441869736
test_multilingual_ko_000062,multilingual_ko,56.0,19.0,19.0,0.3392857142857143,2.9473684210526314,0.42414137721061707,5.50359582901001,-11.975852215137865,5.079454451799393,10.270489692687988,-23.21477894996305,9.846348315477371
test_multilingual_ko_000063,multilingual_ko,68.0,21.0,21.0,0.3088235294117647,3.238095238095238,0.3510022759437561,4.418869495391846,-11.589290150642546,4.06786721944809,10.612464904785156,-29.234746701430723,10.2614626288414
test_multilingual_ko_000064,multilingual_ko,53.0,19.0,19.0,0.3584905660377358,2.789473684210526,0.30875131487846375,4.782694339752197,-14.490442013614897,4.4739430248737335,10.379476547241211,-32.6175946370527,10.070725232362747
test_multilingual_ko_000065,multilingual_ko,56.0,19.0,19.0,0.3392857142857143,2.9473684210526314,0.47561630606651306,5.577047824859619,-10.72593906837099,5.101431518793106,10.346888542175293,-20.75469682220761,9.87127223610878
test_multilingual_ko_000066,multilingual_ko,68.0,21.0,21.0,0.3088235294117647,3.238095238095238,0.37556418776512146,4.438295841217041,-10.817675874870048,4.0627316534519196,10.653705596923828,-27.36720311465553,10.278141409158707
test_multilingual_ko_000067,multilingual_ko,53.0,19.0,19.0,0.3584905660377358,2.789473684210526,0.31993111968040466,4.821753025054932,-14.071222298948674,4.501821905374527,10.641890525817871,-32.263067801746175,10.321959406137466
test_multilingual_ko_000068,multilingual_ko,56.0,19.0,19.0,0.3392857142857143,2.9473684210526314,0.4380353093147278,5.551955699920654,-11.674676177603713,5.1139203906059265,10.38427448272705,-22.70647813522714,9.946239173412323
test_multilingual_ko_000069,multilingual_ko,68.0,21.0,21.0,0.3088235294117647,3.238095238095238,0.3616447448730469,4.443455219268799,-11.286796040209698,4.081810474395752,10.689860343933105,-28.55900920856935,10.328215599060059
test_multilingual_ko_000070,multilingual_ko,53.0,19.0,19.0,0.3584905660377358,2.789473684210526,0.32256144285202026,4.805958271026611,-13.89935755660485,4.483396828174591,10.556044578552246,-31.725686260632784,10.233483135700226
test_multilingual_ko_000071,multilingual_ko,56.0,19.0,19.0,0.3392857142857143,2.9473684210526314,0.43867453932762146,5.562699317932129,-11.680697918913548,5.1240247786045074,10.332293510437012,-22.553437877369948,9.89361897110939
test_multilingual_ko_000072,multilingual_ko,68.0,21.0,21.0,0.3088235294117647,3.238095238095238,0.37486737966537476,4.484319686889648,-10.962416390811532,4.109452307224274,10.4952392578125,-26.997206017715044,10.120371878147125
test_multilingual_ko_000073,multilingual_ko,53.0,19.0,19.0,0.3584905660377358,2.789473684210526,0.30184388160705566,4.770461082458496,-14.804398807290536,4.46861720085144,10.75988483428955,-34.647185482119234,10.458040952682495
test_multilingual_ko_000074,multilingual_ko,56.0,19.0,19.0,0.3392857142857143,2.9473684210526314,0.4502267837524414,5.624144077301025,-11.49180253210675,5.173917293548584,10.228944778442383,-21.71953856940417,9.778717994689941
test_multilingual_ko_000075,multilingual_ko,68.0,21.0,21.0,0.3088235294117647,3.238095238095238,0.3774268627166748,4.506771087646484,-10.940779877741793,4.12934422492981,10.557429313659668,-26.972119519179202,10.180002450942993
test_multilingual_ko_000076,multilingual_ko,53.0,19.0,19.0,0.3584905660377358,2.789473684210526,0.30167534947395325,4.811243057250977,-14.94841297321968,4.509567707777023,10.8496732711792,-34.96473258454272,10.547997921705246
test_multilingual_ko_000077,multilingual_ko,56.0,19.0,19.0,0.3392857142857143,2.9473684210526314,0.42386728525161743,5.605794906616211,-12.225354023933415,5.1819276213645935,10.282417297363281,-23.2585772838293,9.858550012111664
test_multilingual_ko_000078,multilingual_ko,68.0,21.0,21.0,0.3088235294117647,3.238095238095238,0.3820032477378845,4.462431907653809,-10.681659603888374,4.080428659915924,10.511569023132324,-26.516962448300823,10.12956577539444
test_multilingual_ko_000079,multilingual_ko,53.0,19.0,19.0,0.3584905660377358,2.789473684210526,0.29314911365509033,4.775135040283203,-15.289099362249722,4.481985926628113,11.05334758758545,-36.705546674756306,10.760198473930359
test_multilingual_ar_000000,multilingual_ar,82.0,25.0,25.0,0.3048780487804878,3.28,0.451195627450943,4.942118167877197,-9.953382229783548,4.490922540426254,9.761277198791504,-20.634246000872018,9.310081571340561
test_multilingual_ar_000001,multilingual_ar,80.0,22.0,22.0,0.275,3.6363636363636362,0.38418862223625183,6.033145427703857,-14.703602549671167,5.648956805467606,10.741146087646484,-26.958001528325727,10.356957465410233
test_multilingual_ar_000002,multilingual_ar,83.0,23.0,23.0,0.27710843373493976,3.608695652173913,0.3162305951118469,5.268311977386475,-15.659716228668945,4.952081382274628,11.77679443359375,-36.241160772026,11.460563838481903
test_multilingual_ar_000003,multilingual_ar,82.0,25.0,25.0,0.3048780487804878,3.28,0.4568624794483185,4.951725482940674,-9.838547058887611,4.494863003492355,9.937383651733398,-20.75136742184043,9.48052117228508
test_multilingual_ar_000004,multilingual_ar,80.0,22.0,22.0,0.275,3.6363636363636362,0.416034996509552,6.048482894897461,-13.53839928285598,5.632447898387909,10.77541732788086,-24.900266608060363,10.359382331371307
test_multilingual_ar_000005,multilingual_ar,83.0,23.0,23.0,0.27710843373493976,3.608695652173913,0.3155907690525055,5.250584602355957,-15.637319963824437,4.9349938333034515,11.833361625671387,-36.49590541319871,11.517770856618881
test_multilingual_ar_000006,multilingual_ar,82.0,25.0,25.0,0.3048780487804878,3.28,0.43755853176116943,4.963578224182129,-10.34380400309821,4.5260196924209595,9.90136432647705,-21.628662470879362,9.463805794715881
test_multilingual_ar_000007,multilingual_ar,80.0,22.0,22.0,0.275,3.6363636363636362,0.3851972818374634,6.037034511566162,-14.672578172847881,5.651837229728699,10.719778060913086,-26.8293190693811,10.334580779075623
test_multilingual_ar_000008,multilingual_ar,83.0,23.0,23.0,0.27710843373493976,3.608695652173913,0.33125874400138855,5.3246283531188965,-15.0739254420906,4.993369609117508,11.856549263000488,-34.792411453902,11.5252905189991
test_multilingual_ar_000009,multilingual_ar,82.0,25.0,25.0,0.3048780487804878,3.28,0.4563835859298706,4.917947292327881,-9.77590746895001,4.46156370639801,9.824475288391113,-20.526793669351584,9.368091702461243
test_multilingual_ar_000010,multilingual_ar,80.0,22.0,22.0,0.275,3.6363636363636362,0.382435142993927,6.049572944641113,-14.818559187007507,5.667137801647186,10.787213325500488,-27.20664764501464,10.404778182506561
test_multilingual_ar_000011,multilingual_ar,83.0,23.0,23.0,0.27710843373493976,3.608695652173913,0.27586135268211365,5.2597975730896,-18.06681570995804,4.983936220407486,11.743978500366211,-41.572032603274,11.468117147684097
test_multilingual_ar_000012,multilingual_ar,82.0,25.0,25.0,0.3048780487804878,3.28,0.4473640024662018,4.988523483276367,-10.15092733383985,4.541159480810165,9.806755065917969,-20.92119842422696,9.359391063451767
test_multilingual_ar_000013,multilingual_ar,80.0,22.0,22.0,0.275,3.6363636363636362,0.4087335467338562,6.0136189460754395,-13.712809834498763,5.604885399341583,10.794351577758789,-25.409262621126253,10.385618031024933
test_multilingual_ar_000014,multilingual_ar,83.0,23.0,23.0,0.27710843373493976,3.608695652173913,0.29240936040878296,5.275903224945068,-17.04286708732392,4.983493864536285,11.732490539550781,-39.12351219929818,11.440081179141998
test_multilingual_ar_000015,multilingual_ar,82.0,25.0,25.0,0.3048780487804878,3.28,0.45227286219596863,4.937528133392334,-9.917144374788768,4.485255271196365,9.773565292358398,-20.609886662011437,9.32129243016243
test_multilingual_ar_000016,multilingual_ar,80.0,22.0,22.0,0.275,3.6363636363636362,0.3776426315307617,6.122308254241943,-15.211909734410472,5.744665622711182,10.78171443939209,-27.550045834838013,10.404071807861328
test_multilingual_ar_000017,multilingual_ar,83.0,23.0,23.0,0.27710843373493976,3.608695652173913,0.30449599027633667,5.2555341720581055,-16.25978121185962,4.951038181781769,11.778556823730469,-37.6821409800542,11.474060833454132
test_multilingual_ar_000018,multilingual_ar,82.0,25.0,25.0,0.3048780487804878,3.28,0.4216517508029938,4.961216449737549,-10.766146921694043,4.539564698934555,9.609084129333496,-21.789147942665842,9.187432378530502
test_multilingual_ar_000019,multilingual_ar,80.0,22.0,22.0,0.275,3.6363636363636362,0.4017946422100067,6.090176582336426,-14.157436019650213,5.688381940126419,10.746552467346191,-25.746380708902713,10.344757825136185
test_multilingual_ar_000020,multilingual_ar,83.0,23.0,23.0,0.27710843373493976,3.608695652173913,0.28558433055877686,5.222113132476807,-17.28571309307893,4.93652880191803,11.805848121643066,-40.3392713057598,11.52026379108429
test_multilingual_ar_000021,multilingual_ar,82.0,25.0,25.0,0.3048780487804878,3.28,0.44303223490715027,4.927746772766113,-10.122772530984928,4.484714537858963,9.763994216918945,-21.039015330262057,9.320961982011795
test_multilingual_ar_000022,multilingual_ar,80.0,22.0,22.0,0.275,3.6363636363636362,0.3775322139263153,6.069026470184326,-15.075519508830167,5.691494256258011,10.765707015991211,-27.515995771667853,10.388174802064896
test_multilingual_ar_000023,multilingual_ar,83.0,23.0,23.0,0.27710843373493976,3.608695652173913,0.28990986943244934,5.235706329345703,-17.05977264449651,4.945796459913254,11.709733009338379,-39.390942992945654,11.41982313990593
test_multilingual_ar_000024,multilingual_ar,82.0,25.0,25.0,0.3048780487804878,3.28,0.46184685826301575,4.964134693145752,-9.748443135059158,4.502287834882736,9.910383224487305,-20.45815879696527,9.448536366224289
test_multilingual_ar_000025,multilingual_ar,80.0,22.0,22.0,0.275,3.6363636363636362,0.3856057822704315,6.004101276397705,-14.570568576658253,5.618495494127274,10.853226661682129,-27.145912641088422,10.467620879411697
test_multilingual_ar_000026,multilingual_ar,83.0,23.0,23.0,0.27710843373493976,3.608695652173913,0.29438072443008423,5.205829620361328,-16.684003021732217,4.911448895931244,11.74947452545166,-38.91251311782872,11.455093801021576
test_multilingual_ar_000027,multilingual_ar,82.0,25.0,25.0,0.3048780487804878,3.28,0.4438494145870209,4.910826683044434,-10.06417294165794,4.466977268457413,9.783329010009766,-21.042000481430513,9.339479595422745
test_multilingual_ar_000028,multilingual_ar,80.0,22.0,22.0,0.275,3.6363636363636362,0.4166637659072876,6.0815043449401855,-13.595712040613076,5.664840579032898,10.696219444274902,-24.67110538393908,10.279555678367615
test_multilingual_ar_000029,multilingual_ar,83.0,23.0,23.0,0.27710843373493976,3.608695652173913,0.30525559186935425,5.223418712615967,-16.1116233469411,4.9181631207466125,11.546978950500488,-36.8272479130946,11.241723358631134
test_multilingual_ar_000030,multilingual_ar,82.0,25.0,25.0,0.3048780487804878,3.28,0.4449969530105591,4.9808197021484375,-10.19292990311835,4.535822749137878,9.697071075439453,-20.7913201648582,9.252074122428894
test_multilingual_ar_000031,multilingual_ar,80.0,22.0,22.0,0.275,3.6363636363636362,0.3690350651741028,6.1436686515808105,-15.647926528830967,5.774633586406708,10.771822929382324,-28.18915828310356,10.402787864208221
test_multilingual_ar_000032,multilingual_ar,83.0,23.0,23.0,0.27710843373493976,3.608695652173913,0.29329246282577515,5.2701096534729,-16.968786523517004,4.976817190647125,11.684830665588379,-38.840200982353686,11.391538202762604
test_multilingual_ar_000033,multilingual_ar,82.0,25.0,25.0,0.3048780487804878,3.28,0.4452301263809204,4.973997116088867,-10.171744276426887,4.528766989707947,9.642789840698242,-20.65799048478645,9.197559714317322
test_multilingual_ar_000034,multilingual_ar,80.0,22.0,22.0,0.275,3.6363636363636362,0.3914288580417633,6.070538520812988,-14.50866369736412,5.679109662771225,10.70053482055664,-26.33711273637099,10.309105962514877
test_multilingual_ar_000035,multilingual_ar,83.0,23.0,23.0,0.27710843373493976,3.608695652173913,0.28960710763931274,5.262048244476318,-17.16961015690908,4.972441136837006,11.736603736877441,-39.52595197868774,11.446996629238129
test_multilingual_ar_000036,multilingual_ar,82.0,25.0,25.0,0.3048780487804878,3.28,0.44921115040779114,4.955165863037109,-10.030816707329816,4.505954712629318,9.656974792480469,-20.497629307985623,9.207763642072678
test_multilingual_ar_000037,multilingual_ar,80.0,22.0,22.0,0.275,3.6363636363636362,0.3863787353038788,6.0442657470703125,-14.64337059677113,5.657887011766434,10.84697151184082,-27.073417403030486,10.460592776536942
test_multilingual_ar_000038,multilingual_ar,83.0,23.0,23.0,0.27710843373493976,3.608695652173913,0.3087499737739563,5.254695892333984,-16.019259396540324,4.945945918560028,11.889435768127441,-37.508297256834744,11.580685794353485
test_multilingual_ar_000039,multilingual_ar,82.0,25.0,25.0,0.3048780487804878,3.28,0.4426444172859192,4.936964511871338,-10.15334186781889,4.494320094585419,9.600141525268555,-20.688156792153766,9.157497107982635
test_multilingual_ar_000040,multilingual_ar,80.0,22.0,22.0,0.275,3.6363636363636362,0.3982332944869995,6.038307189941406,-14.162738207813334,5.640073895454407,10.775405883789062,-26.05802360817129,10.377172589302063
test_multilingual_ar_000041,multilingual_ar,83.0,23.0,23.0,0.27710843373493976,3.608695652173913,0.30866554379463196,5.2718915939331055,-16.079624531854822,4.9632260501384735,11.745209693908691,-37.05157371800225,11.43654415011406
test_multilingual_ar_000042,multilingual_ar,82.0,25.0,25.0,0.3048780487804878,3.28,0.448897123336792,4.969156742095947,-10.069700570051907,4.520259618759155,9.70507526397705,-20.619820576786516,9.256178140640259
test_multilingual_ar_000043,multilingual_ar,80.0,22.0,22.0,0.275,3.6363636363636362,0.40353652834892273,6.085712909698486,-14.08094678466481,5.682176381349564,10.768329620361328,-25.68489433762081,10.364793092012405
test_multilingual_ar_000044,multilingual_ar,83.0,23.0,23.0,0.27710843373493976,3.608695652173913,0.3053927719593048,5.268296718597412,-16.25088869915834,4.962903946638107,11.86541748046875,-37.85297416944066,11.560024708509445
test_multilingual_ar_000045,multilingual_ar,82.0,25.0,25.0,0.3048780487804878,3.28,0.4520972967147827,4.966843128204346,-9.986226116140232,4.514745831489563,9.696845054626465,-20.448580040380048,9.244747757911682
test_multilingual_ar_000046,multilingual_ar,80.0,22.0,22.0,0.275,3.6363636363636362,0.4127856194972992,6.126592636108398,-13.842068974131218,5.713807016611099,10.788718223571777,-25.136371312330482,10.375932604074478
test_multilingual_ar_000047,multilingual_ar,83.0,23.0,23.0,0.27710843373493976,3.608695652173913,0.30951082706451416,5.246608257293701,-15.951291517178825,4.937097430229187,11.848531723022461,-37.28147737317365,11.539020895957947
test_multilingual_ar_000048,multilingual_ar,82.0,25.0,25.0,0.3048780487804878,3.28,0.4513893127441406,4.909249782562256,-9.875866228904156,4.457860469818115,9.708756446838379,-20.50860947020595,9.257367134094238
test_multilingual_ar_000049,multilingual_ar,80.0,22.0,22.0,0.275,3.6363636363636362,0.3615289032459259,6.145105361938477,-15.99754931560296,5.783576458692551,10.84731388092041,-29.00400184751383,10.485784977674484
test_multilingual_ar_000050,multilingual_ar,83.0,23.0,23.0,0.27710843373493976,3.608695652173913,0.2906033396720886,5.219668865203857,-16.96148960673898,4.929065525531769,11.728959083557129,-39.36071676530582,11.43835574388504
test_multilingual_ar_000051,multilingual_ar,82.0,25.0,25.0,0.3048780487804878,3.28,0.44308289885520935,4.918292999267578,-10.100164352934728,4.475210100412369,9.726652145385742,-20.95221745302388,9.283569246530533
test_multilingual_ar_000052,multilingual_ar,80.0,22.0,22.0,0.275,3.6363636363636362,0.39702892303466797,6.088595390319824,-14.335395073441985,5.691566467285156,10.738978385925293,-26.048352809771448,10.341949462890625
test_multilingual_ar_000053,multilingual_ar,83.0,23.0,23.0,0.27710843373493976,3.608695652173913,0.309126615524292,5.315557956695557,-16.195406961901817,5.006431341171265,11.702213287353516,-36.85572868743787,11.393086671829224
test_multilingual_ar_000054,multilingual_ar,82.0,25.0,25.0,0.3048780487804878,3.28,0.49010083079338074,4.939825534820557,-9.079202532311385,4.449724704027176,9.729357719421387,-18.851747044932353,9.239256888628006
test_multilingual_ar_000055,multilingual_ar,80.0,22.0,22.0,0.275,3.6363636363636362,0.39938977360725403,6.0562286376953125,-14.1637048264806,5.6568388640880585,10.648537635803223,-25.662018758333616,10.249147862195969
test_multilingual_ar_000056,multilingual_ar,83.0,23.0,23.0,0.27710843373493976,3.608695652173913,0.3161163032054901,5.273820877075195,-15.68316636502917,4.957704573869705,11.778076171875,-36.25867996190854,11.46195986866951
test_multilingual_ar_000057,multilingual_ar,82.0,25.0,25.0,0.3048780487804878,3.28,0.4360557496547699,4.928079605102539,-10.301489795752387,4.492023855447769,10.020866394042969,-21.980700064100972,9.584810644388199
test_multilingual_ar_000058,multilingual_ar,80.0,22.0,22.0,0.275,3.6363636363636362,0.38082370162010193,6.030917167663574,-14.836506871832869,5.650093466043472,10.723219871520996,-27.157963451072572,10.342396169900894
test_multilingual_ar_000059,multilingual_ar,83.0,23.0,23.0,0.27710843373493976,3.608695652173913,0.2886350452899933,5.234335422515869,-17.13478823147377,4.945700377225876,11.77108383178711,-39.781894034941715,11.482448786497116
test_multilingual_ar_000060,multilingual_ar,82.0,25.0,25.0,0.3048780487804878,3.28,0.4417017996311188,4.9302167892456055,-10.16186710890245,4.488514989614487,9.9209566116333,-21.460756600762444,9.479254812002182
test_multilingual_ar_000061,multilingual_ar,80.0,22.0,22.0,0.275,3.6363636363636362,0.3728090524673462,6.0705108642578125,-15.283163791441249,5.697701811790466,10.851873397827148,-28.10839564116445,10.479064345359802
test_multilingual_ar_000062,multilingual_ar,83.0,23.0,23.0,0.27710843373493976,3.608695652173913,0.2942846715450287,5.248801231384277,-16.835795537115345,4.954516559839249,11.84798812866211,-39.26029648931015,11.55370345711708
test_multilingual_ar_000063,multilingual_ar,82.0,25.0,25.0,0.3048780487804878,3.28,0.46266379952430725,4.940515995025635,-9.678414866486808,4.4778521955013275,9.82853889465332,-20.243371330885704,9.365875095129013
test_multilingual_ar_000064,multilingual_ar,80.0,22.0,22.0,0.275,3.6363636363636362,0.40106236934661865,5.988884449005127,-13.932551410300043,5.587822079658508,10.634943008422852,-25.51693058550599,10.233880639076233
test_multilingual_ar_000065,multilingual_ar,83.0,23.0,23.0,0.27710843373493976,3.608695652173913,0.28841209411621094,5.23483419418335,-17.150536336642176,4.946422100067139,11.691640853881836,-39.53797012122134,11.403228759765625
test_multilingual_ar_000066,multilingual_ar,82.0,25.0,25.0,0.3048780487804878,3.28,0.4478210508823395,4.950366020202637,-10.054339697629123,4.502544969320297,9.703400611877441,-20.668031444164765,9.255579560995102
test_multilingual_ar_000067,multilingual_ar,80.0,22.0,22.0,0.275,3.6363636363636362,0.39686572551727295,6.0161333084106445,-14.159115342019632,5.619267582893372,10.65126895904541,-25.83847022859582,10.254403233528137
test_multilingual_ar_000068,multilingual_ar,83.0,23.0,23.0,0.27710843373493976,3.608695652173913,0.30883917212486267,5.245196342468262,-15.98358503677003,4.936357170343399,11.974557876586914,-37.772794895803045,11.665718704462051
test_multilingual_ar_000069,multilingual_ar,82.0,25.0,25.0,0.3048780487804878,3.28,0.44205886125564575,4.926657676696777,-10.144800180462068,4.484598815441132,9.67219352722168,-20.87987703661975,9.230134665966034
test_multilingual_ar_000070,multilingual_ar,80.0,22.0,22.0,0.275,3.6363636363636362,0.37689876556396484,6.125244140625,-15.251695946681107,5.748345375061035,10.786711692810059,-27.619652485912447,10.409812927246094
test_multilingual_ar_000071,multilingual_ar,83.0,23.0,23.0,0.27710843373493976,3.608695652173913,0.28922513127326965,5.250895023345947,-17.155044135444527,4.961669892072678,11.676506042480469,-39.371685513898555,11.387280911207199
test_multilingual_ar_000072,multilingual_ar,82.0,25.0,25.0,0.3048780487804878,3.28,0.4286750853061676,4.983877658843994,-10.626235882788517,4.5552025735378265,9.708419799804688,-21.64750187865655,9.27974471449852
test_multilingual_ar_000073,multilingual_ar,80.0,22.0,22.0,0.275,3.6363636363636362,0.3983621597290039,6.136743545532227,-14.404935924905377,5.738381385803223,10.68578052520752,-25.824286052864046,10.287418365478516
test_multilingual_ar_000074,multilingual_ar,83.0,23.0,23.0,0.27710843373493976,3.608695652173913,0.3037453591823578,5.268124580383301,-16.343885004743424,4.964379221200943,11.93535041809082,-38.29393505869258,11.631605058908463
test_multilingual_ar_000075,multilingual_ar,82.0,25.0,25.0,0.3048780487804878,3.28,0.43962162733078003,4.938232898712158,-10.232916198175422,4.498611271381378,9.900693893432617,-21.520943643164166,9.461072266101837
test_multilingual_ar_000076,multilingual_ar,80.0,22.0,22.0,0.275,3.6363636363636362,0.39548465609550476,6.365656852722168,-15.095837738860187,5.970172196626663,10.439236640930176,-25.396059821873916,10.043751984834671
test_multilingual_ar_000077,multilingual_ar,83.0,23.0,23.0,0.27710843373493976,3.608695652173913,0.2881288230419159,5.247340202331543,-17.211785086034865,4.959211379289627,11.591959953308105,-39.23186514603487,11.30383113026619
test_multilingual_ar_000078,multilingual_ar,82.0,25.0,25.0,0.3048780487804878,3.28,0.440436452627182,4.943569183349609,-10.224250749140904,4.503132730722427,9.846441268920898,-21.356099751025045,9.406004816293716
test_multilingual_ar_000079,multilingual_ar,80.0,22.0,22.0,0.275,3.6363636363636362,0.387071430683136,6.110814094543457,-14.787303350594959,5.723742663860321,10.86385726928711,-27.066802166498487,10.476785838603973
test_multilingual_hi_000000,multilingual_hi,117.0,44.0,44.0,0.37606837606837606,2.659090909090909,0.20384623110294342,3.427095651626587,-15.812160975867567,3.2232494205236435,5.1388092041015625,-24.209243145174643,4.934962972998619
test_multilingual_hi_000001,multilingual_hi,125.0,49.0,49.0,0.392,2.5510204081632653,0.16472691297531128,4.220104694366455,-24.618793056596346,4.055377781391144,5.029040813446045,-29.529563886137908,4.864313900470734
test_multilingual_hi_000002,multilingual_hi,94.0,36.0,36.0,0.3829787234042553,2.611111111111111,0.2229180634021759,4.08231258392334,-17.313063201873717,3.859394520521164,5.047469139099121,-21.64271033968552,4.824551075696945
test_multilingual_hi_000003,multilingual_hi,117.0,44.0,44.0,0.37606837606837606,2.659090909090909,0.19543175399303436,3.4068803787231445,-16.432583544456,3.21144862473011,5.169614315032959,-25.45227405172455,4.974182561039925
test_multilingual_hi_000004,multilingual_hi,125.0,49.0,49.0,0.392,2.5510204081632653,0.2006135731935501,4.160367965698242,-19.73821775600576,3.959754392504692,4.9479546546936035,-23.66410709867504,4.747341081500053
test_multilingual_hi_000005,multilingual_hi,94.0,36.0,36.0,0.3829787234042553,2.611111111111111,0.23769813776016235,4.124650955200195,-16.352474840850338,3.886952817440033,4.967065811157227,-19.89652808373703,4.729367673397064
test_multilingual_hi_000006,multilingual_hi,117.0,44.0,44.0,0.37606837606837606,2.659090909090909,0.19511951506137848,3.398287773132324,-16.416442286991792,3.2031682580709457,5.140829086303711,-25.347078018754647,4.9457095712423325
test_multilingual_hi_000007,multilingual_hi,125.0,49.0,49.0,0.392,2.5510204081632653,0.1744668334722519,4.192133903503418,-23.028256947588588,4.017667070031166,4.985328674316406,-27.574649835146452,4.810861840844154
test_multilingual_hi_000008,multilingual_hi,94.0,36.0,36.0,0.3829787234042553,2.611111111111111,0.23625659942626953,4.057936668395996,-16.175971711479697,3.8216800689697266,4.940445423126221,-19.911354159518513,4.704188823699951
test_multilingual_hi_000009,multilingual_hi,117.0,44.0,44.0,0.37606837606837606,2.659090909090909,0.19069455564022064,3.4310553073883057,-16.992413553020384,3.240360751748085,5.321594715118408,-26.906379902940426,5.130900159478188
test_multilingual_hi_000010,multilingual_hi,125.0,49.0,49.0,0.392,2.5510204081632653,0.19621431827545166,4.22402286529541,-20.527597488403458,4.0278085470199585,5.016656398773193,-24.567228950797862,4.820442080497742
test_multilingual_hi_000011,multilingual_hi,94.0,36.0,36.0,0.3829787234042553,2.611111111111111,0.2303597629070282,4.115148544311523,-16.864007552275407,3.8847887814044952,4.939263343811035,-20.441519480138084,4.708903580904007
test_multilingual_hi_000012,multilingual_hi,117.0,44.0,44.0,0.37606837606837606,2.659090909090909,0.19838155806064606,3.4566924571990967,-16.424464708268758,3.2583108991384506,5.2834978103637695,-25.6330089450582,5.0851162523031235
test_multilingual_hi_000013,multilingual_hi,125.0,49.0,49.0,0.392,2.5510204081632653,0.19879698753356934,4.204453945159912,-20.149485197555812,4.005656957626343,5.05004358291626,-24.403018655217284,4.85124659538269
test_multilingual_hi_000014,multilingual_hi,94.0,36.0,36.0,0.3829787234042553,2.611111111111111,0.22976748645305634,4.148556232452393,-17.055453782839642,3.9187887459993362,4.928877830505371,-20.451589633472302,4.699110344052315
test_multilingual_hi_000015,multilingual_hi,117.0,44.0,44.0,0.37606837606837606,2.659090909090909,0.20941950380802155,3.465096950531006,-15.546199792868958,3.2556774467229843,5.291331768035889,-24.266661756999213,5.081912264227867
test_multilingual_hi_000016,multilingual_hi,125.0,49.0,49.0,0.392,2.5510204081632653,0.20183856785297394,4.133510112762451,-19.479287763146637,3.9316715449094772,4.852620601654053,-23.042087958079776,4.650782033801079
test_multilingual_hi_000017,multilingual_hi,94.0,36.0,36.0,0.3829787234042553,2.611111111111111,0.20643803477287292,4.171507835388184,-19.207070077845668,3.9650698006153107,4.9219770431518555,-22.84239439484642,4.7155390083789825
test_multilingual_hi_000018,multilingual_hi,117.0,44.0,44.0,0.37606837606837606,2.659090909090909,0.20958419144153595,3.399836540222168,-15.221817670683246,3.190252348780632,5.284140110015869,-24.212493717542117,5.074555918574333
test_multilingual_hi_000019,multilingual_hi,125.0,49.0,49.0,0.392,2.5510204081632653,0.1804736852645874,4.199674606323242,-22.27028785479843,4.019200921058655,4.993748664855957,-26.6702315771674,4.81327497959137
test_multilingual_hi_000020,multilingual_hi,94.0,36.0,36.0,0.3829787234042553,2.611111111111111,0.22234933078289032,4.12914514541626,-17.570531023761443,3.9067958146333694,4.969270706176758,-21.348934843563473,4.7469213753938675
test_multilingual_hi_000021,multilingual_hi,117.0,44.0,44.0,0.37606837606837606,2.659090909090909,0.20327457785606384,3.3840935230255127,-15.6478934981321,3.180818945169449,5.185633182525635,-24.510485557114357,4.982358604669571
test_multilingual_hi_000022,multilingual_hi,125.0,49.0,49.0,0.392,2.5510204081632653,0.18528667092323303,4.186929702758789,-21.597036699382954,4.001643031835556,5.005964756011963,-26.017403524325864,4.82067808508873
test_multilingual_hi_000023,multilingual_hi,94.0,36.0,36.0,0.3829787234042553,2.611111111111111,0.22808705270290375,4.057393550872803,-16.7887938082912,3.829306498169899,4.871147155761719,-20.35652637024804,4.643060103058815
test_multilingual_hi_000024,multilingual_hi,117.0,44.0,44.0,0.37606837606837606,2.659090909090909,0.18913699686527252,3.4503984451293945,-17.242853076424854,3.261261448264122,5.320682048797607,-27.131365819388975,5.131545051932335
test_multilingual_hi_000025,multilingual_hi,125.0,49.0,49.0,0.392,2.5510204081632653,0.1963294893503189,4.226372718811035,-20.5269378675444,4.030043229460716,4.964115142822266,-24.284612919073954,4.767785653471947
test_multilingual_hi_000026,multilingual_hi,94.0,36.0,36.0,0.3829787234042553,2.611111111111111,0.2339848428964615,4.153511047363281,-16.751197026045034,3.9195262044668198,5.083162307739258,-20.724323015181636,4.849177464842796
test_multilingual_hi_000027,multilingual_hi,117.0,44.0,44.0,0.37606837606837606,2.659090909090909,0.19449888169765472,3.4179604053497314,-16.57316224914287,3.2234615236520767,5.280641078948975,-26.14998170096239,5.08614219725132
test_multilingual_hi_000028,multilingual_hi,125.0,49.0,49.0,0.392,2.5510204081632653,0.17586131393909454,4.2002081871032715,-22.883639289525128,4.024346873164177,5.000845909118652,-27.436304705710196,4.824984595179558
test_multilingual_hi_000029,multilingual_hi,94.0,36.0,36.0,0.3829787234042553,2.611111111111111,0.22694870829582214,4.182886600494385,-17.430977783059657,3.9559378921985626,5.071780681610107,-21.34769574012805,4.844831973314285
test_multilingual_hi_000030,multilingual_hi,117.0,44.0,44.0,0.37606837606837606,2.659090909090909,0.20886945724487305,3.432004451751709,-15.431337051487224,3.223134994506836,5.276282787322998,-24.261150466519492,5.067413330078125
test_multilingual_hi_000031,multilingual_hi,125.0,49.0,49.0,0.392,2.5510204081632653,0.20442263782024384,4.145623683929443,-19.279670236790697,3.9412010461091995,4.909570217132568,-23.01676384515559,4.7051475793123245
test_multilingual_hi_000032,multilingual_hi,94.0,36.0,36.0,0.3829787234042553,2.611111111111111,0.22130608558654785,4.205827236175537,-18.00457108998357,3.9845211505889893,5.048598289489746,-21.81274044547389,4.827292203903198
test_multilingual_hi_000033,multilingual_hi,117.0,44.0,44.0,0.37606837606837606,2.659090909090909,0.1952596753835678,3.419229745864868,-16.511192411582876,3.2239700704813004,5.274086952209473,-26.010630545447054,5.078827276825905
test_multilingual_hi_000034,multilingual_hi,125.0,49.0,49.0,0.392,2.5510204081632653,0.1936573088169098,4.139581680297852,-20.375809183693413,3.9459243714809418,4.971624374389648,-24.672278545861605,4.777967065572739
test_multilingual_hi_000035,multilingual_hi,94.0,36.0,36.0,0.3829787234042553,2.611111111111111,0.21332798898220062,4.075815200805664,-18.105862387076346,3.8624872118234634,4.848015785217285,-21.725643307975812,4.6346877962350845
test_multilingual_hi_000036,multilingual_hi,117.0,44.0,44.0,0.37606837606837606,2.659090909090909,0.1942427158355713,3.4408724308013916,-16.7142932541889,3.2466297149658203,5.0640106201171875,-25.070530358543436,4.869767904281616
test_multilingual_hi_000037,multilingual_hi,125.0,49.0,49.0,0.392,2.5510204081632653,0.19457893073558807,4.189398288726807,-20.53058541790298,3.9948193579912186,4.869858741760254,-24.027677577167232,4.675279811024666
test_multilingual_hi_000038,multilingual_hi,94.0,36.0,36.0,0.3829787234042553,2.611111111111111,0.22490328550338745,4.094114303588867,-17.203888371062515,3.8692110180854797,4.958588123321533,-21.047646445995774,4.733684837818146
test_multilingual_hi_000039,multilingual_hi,117.0,44.0,44.0,0.37606837606837606,2.659090909090909,0.20670880377292633,3.4078848361968994,-15.486403936334167,3.201176032423973,5.2729997634887695,-24.50931391040927,5.066290959715843
test_multilingual_hi_000040,multilingual_hi,125.0,49.0,49.0,0.392,2.5510204081632653,0.16554796695709229,4.201364040374756,-24.3785299668687,4.035816073417664,5.039592742919922,-29.441888448114337,4.87404477596283
test_multilingual_hi_000041,multilingual_hi,94.0,36.0,36.0,0.3829787234042553,2.611111111111111,0.24148300290107727,4.121854782104492,-16.068922999077483,3.880371779203415,4.9549102783203125,-19.518670957351294,4.713427275419235
test_multilingual_hi_000042,multilingual_hi,117.0,44.0,44.0,0.37606837606837606,2.659090909090909,0.18881087005138397,3.4667768478393555,-17.361108377371963,3.2779659777879715,5.285659313201904,-26.99446510554947,5.09684844315052
test_multilingual_hi_000043,multilingual_hi,125.0,49.0,49.0,0.392,2.5510204081632653,0.17784936726093292,4.221474647521973,-22.736236527220292,4.04362528026104,4.981457233428955,-27.009417801978323,4.803607866168022
test_multilingual_hi_000044,multilingual_hi,94.0,36.0,36.0,0.3829787234042553,2.611111111111111,0.20949973165988922,4.124074459075928,-18.68534482789279,3.9145747274160385,4.9548234939575195,-22.65073909498553,4.74532376229763
test_multilingual_hi_000045,multilingual_hi,117.0,44.0,44.0,0.37606837606837606,2.659090909090909,0.20354245603084564,3.467055559158325,-16.03357435479168,3.2635131031274796,5.316743850708008,-25.12105579536825,5.113201394677162
test_multilingual_hi_000046,multilingual_hi,125.0,49.0,49.0,0.392,2.5510204081632653,0.178367480635643,4.216363430023193,-22.638633090502044,4.03799594938755,5.027901649475098,-27.188443496299385,4.849534168839455
test_multilingual_hi_000047,multilingual_hi,94.0,36.0,36.0,0.3829787234042553,2.611111111111111,0.2032301127910614,4.118971824645996,-19.267527130099392,3.9157417118549347,4.991874694824219,-23.562672461616497,4.788644582033157
test_multilingual_hi_000048,multilingual_hi,117.0,44.0,44.0,0.37606837606837606,2.659090909090909,0.18784505128860474,3.4295854568481445,-17.257523598952506,3.24174040555954,5.297741889953613,-27.202722688787652,5.1098968386650085
test_multilingual_hi_000049,multilingual_hi,125.0,49.0,49.0,0.392,2.5510204081632653,0.16567441821098328,4.1793999671936035,-24.226586049460067,4.01372554898262,5.024853706359863,-29.329689765144103,4.85917928814888
test_multilingual_hi_000050,multilingual_hi,94.0,36.0,36.0,0.3829787234042553,2.611111111111111,0.2461780458688736,4.099507808685303,-15.652613332014585,3.853329762816429,5.018202304840088,-19.384442841475096,4.772024258971214
test_multilingual_hi_000051,multilingual_hi,117.0,44.0,44.0,0.37606837606837606,2.659090909090909,0.20217595994472504,3.477633476257324,-16.201023688514255,3.275457516312599,5.315697193145752,-25.29242959746087,5.113521233201027
test_multilingual_hi_000052,multilingual_hi,125.0,49.0,49.0,0.392,2.5510204081632653,0.19214293360710144,4.17966365814209,-20.752887705403563,3.9875207245349884,4.948115348815918,-24.752262942617214,4.7559724152088165
test_multilingual_hi_000053,multilingual_hi,94.0,36.0,36.0,0.3829787234042553,2.611111111111111,0.24152761697769165,4.124118328094482,-16.07514188108518,3.8825907111167908,4.966310501098633,-19.56208131907888,4.724782884120941
test_multilingual_hi_000054,multilingual_hi,117.0,44.0,44.0,0.37606837606837606,2.659090909090909,0.20385880768299103,3.400132656097412,-15.678860701396628,3.196273848414421,5.182223796844482,-24.420651948985483,4.978364989161491
test_multilingual_hi_000055,multilingual_hi,125.0,49.0,49.0,0.392,2.5510204081632653,0.1929520070552826,4.190389633178711,-20.71726377522533,3.9974376261234283,4.971325397491455,-24.764569508038974,4.7783733904361725
test_multilingual_hi_000056,multilingual_hi,94.0,36.0,36.0,0.3829787234042553,2.611111111111111,0.24118052423000336,4.128594398498535,-16.118274419875107,3.887413874268532,4.9756293296813965,-19.630311446443145,4.734448805451393
test_multilingual_hi_000057,multilingual_hi,117.0,44.0,44.0,0.37606837606837606,2.659090909090909,0.20051299035549164,3.4425811767578125,-16.168868563849273,3.242068186402321,5.2511515617370605,-25.18858535014234,5.050638571381569
test_multilingual_hi_000058,multilingual_hi,125.0,49.0,49.0,0.392,2.5510204081632653,0.17395451664924622,4.1753950119018555,-23.00279735375269,4.001440495252609,5.092014312744141,-28.272101758711106,4.918059796094894
test_multilingual_hi_000059,multilingual_hi,94.0,36.0,36.0,0.3829787234042553,2.611111111111111,0.22238990664482117,4.0972113609313965,-17.42354908433435,3.8748214542865753,4.825949192047119,-20.700396681017725,4.603559285402298
test_multilingual_hi_000060,multilingual_hi,117.0,44.0,44.0,0.37606837606837606,2.659090909090909,0.20722244679927826,3.4227654933929443,-15.51734909156987,3.215543046593666,5.292844772338867,-24.541850576958353,5.085622325539589
test_multilingual_hi_000061,multilingual_hi,125.0,49.0,49.0,0.392,2.5510204081632653,0.19674193859100342,4.196209907531738,-20.328497307607712,3.999467968940735,4.893505573272705,-23.87271198158497,4.696763634681702
test_multilingual_hi_000062,multilingual_hi,94.0,36.0,36.0,0.3829787234042553,2.611111111111111,0.24419447779655457,4.084141254425049,-15.724953370270986,3.8399467766284943,4.965898513793945,-19.33583461265319,4.721704035997391
test_multilingual_hi_000063,multilingual_hi,117.0,44.0,44.0,0.37606837606837606,2.659090909090909,0.19683165848255157,3.415029287338257,-16.350000064349338,3.2181976288557053,5.297067642211914,-25.911664937688265,5.1002359837293625
test_multilingual_hi_000064,multilingual_hi,125.0,49.0,49.0,0.392,2.5510204081632653,0.2025420367717743,4.188467979431152,-19.67949965443838,3.985925942659378,4.910223007202148,-23.24298227402058,4.707680970430374
test_multilingual_hi_000065,multilingual_hi,94.0,36.0,36.0,0.3829787234042553,2.611111111111111,0.23390865325927734,4.081201076507568,-16.44784136730392,3.847292423248291,4.8449602127075195,-19.713043939153017,4.611051559448242
test_multilingual_hi_000066,multilingual_hi,117.0,44.0,44.0,0.37606837606837606,2.659090909090909,0.19925342500209808,3.4129369258880615,-16.128623640231652,3.2136835008859634,5.290032386779785,-25.549267028780474,5.090778961777687
test_multilingual_hi_000067,multilingual_hi,125.0,49.0,49.0,0.392,2.5510204081632653,0.17498688399791718,4.213741302490234,-23.08032651487405,4.038754418492317,5.121411323547363,-28.267401113379,4.946424439549446
test_multilingual_hi_000068,multilingual_hi,94.0,36.0,36.0,0.3829787234042553,2.611111111111111,0.2015279084444046,4.156275272369385,-19.62381981955603,3.95474736392498,4.930710792541504,-23.466640033143282,4.729182884097099
test_multilingual_hi_000069,multilingual_hi,117.0,44.0,44.0,0.37606837606837606,2.659090909090909,0.19777053594589233,3.419177770614624,-16.288610531702613,3.2214072346687317,5.212235927581787,-25.354966894602505,5.014465391635895
test_multilingual_hi_000070,multilingual_hi,125.0,49.0,49.0,0.392,2.5510204081632653,0.1769777089357376,4.18887186050415,-22.668923536721632,4.011894151568413,5.076882362365723,-27.68656393449635,4.899904653429985
test_multilingual_hi_000071,multilingual_hi,94.0,36.0,36.0,0.3829787234042553,2.611111111111111,0.2143699675798416,4.153140068054199,-18.373702925561957,3.9387701004743576,4.916787147521973,-21.93598866963828,4.702417179942131
test_multilingual_hi_000072,multilingual_hi,117.0,44.0,44.0,0.37606837606837606,2.659090909090909,0.19548793137073517,3.3894920349121094,-16.338625515884512,3.194004103541374,5.265322685241699,-25.934259564372912,5.069834753870964
test_multilingual_hi_000073,multilingual_hi,125.0,49.0,49.0,0.392,2.5510204081632653,0.18545256555080414,4.18426513671875,-21.56245484817779,3.998812571167946,4.991743564605713,-25.91655167875389,4.806290999054909
test_multilingual_hi_000074,multilingual_hi,94.0,36.0,36.0,0.3829787234042553,2.611111111111111,0.23399369418621063,4.12294864654541,-16.619913480507705,3.8889549523591995,5.045687198638916,-20.563346893543173,4.811693504452705
test_multilingual_hi_000075,multilingual_hi,117.0,44.0,44.0,0.37606837606837606,2.659090909090909,0.18287238478660583,3.437586784362793,-17.797735854837352,3.254714399576187,5.325733661651611,-28.122678461628972,5.1428612768650055
test_multilingual_hi_000076,multilingual_hi,125.0,49.0,49.0,0.392,2.5510204081632653,0.19799765944480896,4.206192970275879,-20.243649960661976,4.00819531083107,4.91085958480835,-23.802614326747793,4.712861925363541
test_multilingual_hi_000077,multilingual_hi,94.0,36.0,36.0,0.3829787234042553,2.611111111111111,0.24263805150985718,4.079592704772949,-15.813491038965154,3.836954653263092,4.849198818206787,-18.985318823786336,4.60656076669693
test_multilingual_hi_000078,multilingual_hi,117.0,44.0,44.0,0.37606837606837606,2.659090909090909,0.19632263481616974,3.4074645042419434,-16.35645259362266,3.2111418694257736,5.3222761154174805,-26.109844569889205,5.125953480601311
test_multilingual_hi_000079,multilingual_hi,125.0,49.0,49.0,0.392,2.5510204081632653,0.18433882296085358,4.265966415405273,-22.141985756908078,4.08162759244442,5.088054656982422,-26.601644489522034,4.903715834021568
test_multilingual_ru_000000,multilingual_ru,95.0,23.0,23.0,0.24210526315789474,4.130434782608695,0.3351101875305176,5.859152317047119,-16.484256030006673,5.524042129516602,8.011726379394531,-22.90773744729836,7.676616191864014
test_multilingual_ru_000001,multilingual_ru,99.0,22.0,22.0,0.2222222222222222,4.5,0.30243706703186035,6.143213272094727,-19.3123688917654,5.840776205062866,9.292301177978516,-29.7247430653056,8.989864110946655
test_multilingual_ru_000002,multilingual_ru,97.0,25.0,25.0,0.25773195876288657,3.88,0.3311310112476349,5.601633071899414,-15.916667064173755,5.270502060651779,9.46530532836914,-27.58477462653159,9.134174317121506
test_multilingual_ru_000003,multilingual_ru,95.0,23.0,23.0,0.24210526315789474,4.130434782608695,0.31798163056373596,5.683098316192627,-16.87241076195913,5.365116685628891,7.919571399688721,-23.905751271381472,7.601589769124985
test_multilingual_ru_000004,multilingual_ru,99.0,22.0,22.0,0.2222222222222222,4.5,0.29822665452957153,6.3263020515441895,-20.213067160356342,6.028075397014618,9.412238121032715,-30.560687075002605,9.114011466503143
test_multilingual_ru_000005,multilingual_ru,97.0,25.0,25.0,0.25773195876288657,3.88,0.3285236060619354,5.594792366027832,-16.030107617207467,5.266268759965897,9.377960205078125,-27.54577276042115,9.04943659901619
test_multilingual_ru_000006,multilingual_ru,95.0,23.0,23.0,0.24210526315789474,4.130434782608695,0.34420478343963623,5.7851786613464355,-15.807374387814084,5.440973877906799,8.143568992614746,-22.659081408561825,7.79936420917511
test_multilingual_ru_000007,multilingual_ru,99.0,22.0,22.0,0.2222222222222222,4.5,0.2926274240016937,5.8642730712890625,-19.040066618141434,5.571645647287369,9.22055435180664,-30.509536002180276,8.927926927804947
test_multilingual_ru_000008,multilingual_ru,97.0,25.0,25.0,0.25773195876288657,3.88,0.3446910083293915,5.4942169189453125,-14.939542332635968,5.149525910615921,9.275856018066406,-25.91064110730231,8.931165009737015
test_multilingual_ru_000009,multilingual_ru,95.0,23.0,23.0,0.24210526315789474,4.130434782608695,0.32482489943504333,6.075902462005615,-17.70516229689664,5.751077562570572,8.058422088623047,-23.80851099358079,7.7335971891880035
test_multilingual_ru_000010,multilingual_ru,99.0,22.0,22.0,0.2222222222222222,4.5,0.2989499270915985,5.966962814331055,-18.959739988505742,5.668012887239456,9.421988487243652,-30.516945258718017,9.123038560152054
test_multilingual_ru_000011,multilingual_ru,97.0,25.0,25.0,0.25773195876288657,3.88,0.3609444499015808,5.497785568237305,-14.231666728041928,5.136841118335724,9.332695007324219,-24.856319469295002,8.971750557422638
test_multilingual_ru_000012,multilingual_ru,95.0,23.0,23.0,0.24210526315789474,4.130434782608695,0.3366820216178894,5.550417900085449,-15.485637912631956,5.21373587846756,7.788088798522949,-22.131882008721828,7.45140677690506
test_multilingual_ru_000013,multilingual_ru,99.0,22.0,22.0,0.2222222222222222,4.5,0.3238028287887573,6.372537612915039,-18.680302475283064,6.048734784126282,9.370857238769531,-27.940010418756707,9.047054409980774
test_multilingual_ru_000014,multilingual_ru,97.0,25.0,25.0,0.25773195876288657,3.88,0.34080368280410767,5.462718486785889,-15.028930326805867,5.121914803981781,9.245396614074707,-26.128218034512606,8.9045929312706
test_multilingual_ru_000015,multilingual_ru,95.0,23.0,23.0,0.24210526315789474,4.130434782608695,0.32975587248802185,5.50604772567749,-15.697345476015727,5.176291853189468,7.67880916595459,-22.286345465260872,7.349053293466568
test_multilingual_ru_000016,multilingual_ru,99.0,22.0,22.0,0.2222222222222222,4.5,0.3121538758277893,6.128349781036377,-18.6324641646202,5.816195905208588,9.324278831481934,-28.87077705428204,9.012124955654144
test_multilingual_ru_000017,multilingual_ru,97.0,25.0,25.0,0.25773195876288657,3.88,0.32287511229515076,5.3093085289001465,-15.443845706034887,4.986433416604996,9.315610885620117,-27.852056200306983,8.992735773324966
test_multilingual_ru_000018,multilingual_ru,95.0,23.0,23.0,0.24210526315789474,4.130434782608695,0.32795363664627075,6.041136264801025,-17.420702165644734,5.713182628154755,8.047616004943848,-23.53888326179462,7.719662368297577
test_multilingual_ru_000019,multilingual_ru,99.0,22.0,22.0,0.2222222222222222,4.5,0.30402982234954834,6.19737434387207,-19.384100138527995,5.893344521522522,9.351324081420898,-29.757917131792155,9.04729425907135
test_multilingual_ru_000020,multilingual_ru,97.0,25.0,25.0,0.25773195876288657,3.88,0.34869736433029175,5.5376715660095215,-14.881025016191835,5.18897420167923,9.381145477294922,-25.90340231080425,9.03244811296463
test_multilingual_ru_000021,multilingual_ru,95.0,23.0,23.0,0.24210526315789474,4.130434782608695,0.32261893153190613,5.9123735427856445,-17.32618288924228,5.589754611253738,8.014886856079102,-23.843200670281966,7.692267924547195
test_multilingual_ru_000022,multilingual_ru,99.0,22.0,22.0,0.2222222222222222,4.5,0.28139418363571167,5.996740818023682,-20.310820076462434,5.71534663438797,9.248229026794434,-31.865743375730325,8.966834843158722
test_multilingual_ru_000023,multilingual_ru,97.0,25.0,25.0,0.25773195876288657,3.88,0.3410423696041107,5.657529354095459,-15.588933981026582,5.316486984491348,9.395578384399414,-26.54959272452277,9.054536014795303
test_multilingual_ru_000024,multilingual_ru,95.0,23.0,23.0,0.24210526315789474,4.130434782608695,0.3140971064567566,6.02364444732666,-18.17765023459701,5.709547340869904,8.094258308410645,-24.769923192606754,7.780161201953888
test_multilingual_ru_000025,multilingual_ru,99.0,22.0,22.0,0.2222222222222222,4.5,0.2960582375526428,6.4152512550354,-20.668882811932193,6.119193017482758,9.353053092956543,-30.591936675274756,9.0569948554039
test_multilingual_ru_000026,multilingual_ru,97.0,25.0,25.0,0.25773195876288657,3.88,0.36622384190559387,5.464360237121582,-13.920820579808671,5.098136395215988,9.331623077392578,-24.480654205462976,8.965399235486984
test_multilingual_ru_000027,multilingual_ru,95.0,23.0,23.0,0.24210526315789474,4.130434782608695,0.33802491426467896,5.649481773376465,-15.71321117162633,5.311456859111786,7.9406232833862305,-22.491236735196964,7.6025983691215515
test_multilingual_ru_000028,multilingual_ru,99.0,22.0,22.0,0.2222222222222222,4.5,0.29492810368537903,6.130633354187012,-19.78687408076579,5.835705250501633,9.293191909790039,-30.51002496426639,8.99826380610466
test_multilingual_ru_000029,multilingual_ru,97.0,25.0,25.0,0.25773195876288657,3.88,0.321841835975647,5.7570600509643555,-16.887854863592,5.4352182149887085,9.323143005371094,-27.968089176810917,9.001301169395447
test_multilingual_ru_000030,multilingual_ru,95.0,23.0,23.0,0.24210526315789474,4.130434782608695,0.33347100019454956,5.4740824699401855,-15.41546781203332,5.140611469745636,7.869808197021484,-22.599677910313574,7.536337196826935
test_multilingual_ru_000031,multilingual_ru,99.0,22.0,22.0,0.2222222222222222,4.5,0.30770960450172424,6.0826945304870605,-18.767645993165534,5.774984925985336,9.413542747497559,-29.59229419484958,9.105833142995834
test_multilingual_ru_000032,multilingual_ru,97.0,25.0,25.0,0.25773195876288657,3.88,0.3161388635635376,5.635296821594238,-16.825384573325817,5.319157958030701,9.275274276733398,-28.3392409025006,8.95913541316986
test_multilingual_ru_000033,multilingual_ru,95.0,23.0,23.0,0.24210526315789474,4.130434782608695,0.32117730379104614,6.02505350112915,-17.759275422054646,5.703876197338104,8.078268051147461,-24.152051392781726,7.757090747356415
test_multilingual_ru_000034,multilingual_ru,99.0,22.0,22.0,0.2222222222222222,4.5,0.2798261344432831,5.871702671051025,-19.983396289030818,5.591876536607742,9.17635726928711,-31.793067336414325,8.896531134843826
test_multilingual_ru_000035,multilingual_ru,97.0,25.0,25.0,0.25773195876288657,3.88,0.33894672989845276,5.672359466552734,-15.735253555188903,5.333412736654282,9.430349349975586,-26.82251167550985,9.091402620077133
test_multilingual_ru_000036,multilingual_ru,95.0,23.0,23.0,0.24210526315789474,4.130434782608695,0.3359161913394928,5.73653507232666,-16.077280643876573,5.400618880987167,8.047869682312012,-22.957968951185368,7.711953490972519
test_multilingual_ru_000037,multilingual_ru,99.0,22.0,22.0,0.2222222222222222,4.5,0.27635639905929565,5.955102920532227,-20.548634085561687,5.678746521472931,9.29578971862793,-32.636962090511986,9.019433319568634
test_multilingual_ru_000038,multilingual_ru,97.0,25.0,25.0,0.25773195876288657,3.88,0.33411461114883423,5.298830986022949,-14.8593213502493,4.964716374874115,9.264322280883789,-26.7279770825614,8.930207669734955
test_multilingual_ru_000039,multilingual_ru,95.0,23.0,23.0,0.24210526315789474,4.130434782608695,0.33614665269851685,5.808802127838135,-16.280559188099165,5.472655475139618,8.114548683166504,-23.139906252299586,7.778402030467987
test_multilingual_ru_000040,multilingual_ru,99.0,22.0,22.0,0.2222222222222222,4.5,0.2839428186416626,5.853634357452393,-19.615539373227506,5.56969153881073,9.304064750671387,-31.76738885378597,9.020121932029724
test_multilingual_ru_000041,multilingual_ru,97.0,25.0,25.0,0.25773195876288657,3.88,0.3348417282104492,5.7776408195495605,-16.254841116810546,5.442799091339111,9.345070838928223,-26.908919503171397,9.010229110717773
test_multilingual_ru_000042,multilingual_ru,95.0,23.0,23.0,0.24210526315789474,4.130434782608695,0.311634361743927,5.76039457321167,-17.484465387501274,5.448760211467743,8.122477531433105,-25.064126837551452,7.8108431696891785
test_multilingual_ru_000043,multilingual_ru,99.0,22.0,22.0,0.2222222222222222,4.5,0.29603222012519836,6.128594875335693,-19.70245891728873,5.832562655210495,9.376961708068848,-30.675476757574327,9.08092948794365
test_multilingual_ru_000044,multilingual_ru,97.0,25.0,25.0,0.25773195876288657,3.88,0.32374462485313416,5.461644172668457,-15.87022348292614,5.137899547815323,9.383346557617188,-27.983791041701206,9.059601932764053
test_multilingual_ru_000045,multilingual_ru,95.0,23.0,23.0,0.24210526315789474,4.130434782608695,0.32283467054367065,6.133101940155029,-17.997655765493096,5.810267269611359,7.936522006988525,-23.58385895673164,7.613687336444855
test_multilingual_ru_000046,multilingual_ru,99.0,22.0,22.0,0.2222222222222222,4.5,0.30195152759552,6.1352386474609375,-19.318620992967496,5.8332871198654175,9.344427108764648,-29.946778720331565,9.042475581169128
test_multilingual_ru_000047,multilingual_ru,97.0,25.0,25.0,0.25773195876288657,3.88,0.331081748008728,5.63543701171875,-16.02128566619199,5.304355263710022,9.363134384155273,-27.28043055973125,9.032052636146545
test_multilingual_ru_000048,multilingual_ru,95.0,23.0,23.0,0.24210526315789474,4.130434782608695,0.32463130354881287,5.810619354248047,-16.89913446647741,5.485988050699234,7.908312797546387,-23.360906391632874,7.583681493997574
test_multilingual_ru_000049,multilingual_ru,99.0,22.0,22.0,0.2222222222222222,4.5,0.2841252088546753,5.82012939453125,-19.484382283404276,5.536004185676575,9.25122356414795,-31.56037576334797,8.967098355293274
test_multilingual_ru_000050,multilingual_ru,97.0,25.0,25.0,0.25773195876288657,3.88,0.3345407545566559,5.798518180847168,-16.33277067701826,5.463977426290512,9.443202018737793,-27.2273591187783,9.108661264181137
test_multilingual_ru_000051,multilingual_ru,95.0,23.0,23.0,0.24210526315789474,4.130434782608695,0.32488787174224854,6.031987190246582,-17.566366167808475,5.7070993185043335,8.2019681930542,-24.245535172089383,7.877080321311951
test_multilingual_ru_000052,multilingual_ru,99.0,22.0,22.0,0.2222222222222222,4.5,0.3020537197589874,6.118610858917236,-19.256697596041377,5.816557139158249,9.459059715270996,-30.315819327828514,9.157005995512009
test_multilingual_ru_000053,multilingual_ru,97.0,25.0,25.0,0.25773195876288657,3.88,0.3309382498264313,5.533331871032715,-15.720133964371925,5.202393621206284,9.249005317687988,-26.947828099468275,8.918067067861557
test_multilingual_ru_000054,multilingual_ru,95.0,23.0,23.0,0.24210526315789474,4.130434782608695,0.3411390781402588,5.963077545166016,-16.479901680200665,5.621938467025757,8.17705249786377,-22.96984989946472,7.835913419723511
test_multilingual_ru_000055,multilingual_ru,99.0,22.0,22.0,0.2222222222222222,4.5,0.2924688160419464,6.331016540527344,-20.6468087989912,6.038547724485397,9.35969066619873,-31.002354277853495,9.067221850156784
test_multilingual_ru_000056,multilingual_ru,97.0,25.0,25.0,0.25773195876288657,3.88,0.339908629655838,5.6236252784729,-15.54452046176908,5.283716648817062,9.341861724853516,-26.48344969738566,9.001953095197678
test_multilingual_ru_000057,multilingual_ru,95.0,23.0,23.0,0.24210526315789474,4.130434782608695,0.3165988326072693,5.895314693450928,-17.620772050552304,5.5787158608436584,8.108262062072754,-24.61052419334342,7.791663229465485
test_multilingual_ru_000058,multilingual_ru,99.0,22.0,22.0,0.2222222222222222,4.5,0.30043190717697144,6.3602681159973145,-20.170414872914133,6.059836208820343,9.303084373474121,-29.9657002177005,9.00265246629715
test_multilingual_ru_000059,multilingual_ru,97.0,25.0,25.0,0.25773195876288657,3.88,0.3345676064491272,5.485467433929443,-15.395692016177119,5.150899827480316,9.366802215576172,-26.996739777018565,9.032234609127045
test_multilingual_ru_000060,multilingual_ru,95.0,23.0,23.0,0.24210526315789474,4.130434782608695,0.3234468102455139,5.684338092803955,-16.574259237521094,5.360891282558441,7.91129732131958,-23.45934561949914,7.587850511074066
test_multilingual_ru_000061,multilingual_ru,99.0,22.0,22.0,0.2222222222222222,4.5,0.2883170247077942,6.2171630859375,-20.563635002957316,5.928846061229706,9.2835111618042,-31.19896976674522,8.995194137096405
test_multilingual_ru_000062,multilingual_ru,97.0,25.0,25.0,0.25773195876288657,3.88,0.3478134870529175,5.701027870178223,-15.391048887965779,5.353214383125305,9.259076118469238,-25.62080817199746,8.91126263141632
test_multilingual_ru_000063,multilingual_ru,95.0,23.0,23.0,0.24210526315789474,4.130434782608695,0.31589475274086,5.898025035858154,-17.670854721972923,5.582130283117294,8.134156227111816,-24.749576897165372,7.818261474370956
test_multilingual_ru_000064,multilingual_ru,99.0,22.0,22.0,0.2222222222222222,4.5,0.31093165278434753,6.060630798339844,-18.491842480711693,5.749699145555496,9.32111644744873,-28.978023671695997,9.010184794664383
test_multilingual_ru_000065,multilingual_ru,97.0,25.0,25.0,0.25773195876288657,3.88,0.343300461769104,5.591740131378174,-15.288181211766181,5.24843966960907,9.127567291259766,-25.58769302034542,8.784266829490662
test_multilingual_ru_000066,multilingual_ru,95.0,23.0,23.0,0.24210526315789474,4.130434782608695,0.33986613154411316,5.671776294708252,-15.688265667837161,5.331910163164139,7.881649971008301,-22.19045423914297,7.541783839464188
test_multilingual_ru_000067,multilingual_ru,99.0,22.0,22.0,0.2222222222222222,4.5,0.30408990383148193,6.307052135467529,-19.740748232676346,6.002962231636047,9.379425048828125,-29.844250107119436,9.075335144996643
test_multilingual_ru_000068,multilingual_ru,97.0,25.0,25.0,0.25773195876288657,3.88,0.3346778154373169,5.74032735824585,-16.151801205422228,5.405649542808533,9.40404987335205,-27.098814560098536,9.069372057914734
test_multilingual_ru_000069,multilingual_ru,95.0,23.0,23.0,0.24210526315789474,4.130434782608695,0.3291245698928833,5.648797035217285,-16.163097355678246,5.319672465324402,7.902932643890381,-23.01198016441758,7.573808073997498
test_multilingual_ru_000070,multilingual_ru,99.0,22.0,22.0,0.2222222222222222,4.5,0.2879478931427002,6.0963053703308105,-20.171557477969202,5.80835747718811,9.486010551452637,-31.943496991490726,9.198062658309937
test_multilingual_ru_000071,multilingual_ru,97.0,25.0,25.0,0.25773195876288657,3.88,0.32720816135406494,5.6600661277771,-16.298059144840412,5.332857966423035,9.359050750732422,-27.602742401052748,9.031842589378357
test_multilingual_ru_000072,multilingual_ru,95.0,23.0,23.0,0.24210526315789474,4.130434782608695,0.31186729669570923,5.780902862548828,-17.536418931380577,5.469035565853119,7.835056304931641,-24.123045564397064,7.523189008235931
test_multilingual_ru_000073,multilingual_ru,99.0,22.0,22.0,0.2222222222222222,4.5,0.3009633719921112,6.195817947387695,-19.586617920901347,5.894854575395584,9.35183334350586,-30.072994968141796,9.050869971513748
test_multilingual_ru_000074,multilingual_ru,97.0,25.0,25.0,0.25773195876288657,3.88,0.344475656747818,5.361621856689453,-14.564588532346024,5.017146199941635,9.224233627319336,-25.77760662220659,8.879757970571518
test_multilingual_ru_000075,multilingual_ru,95.0,23.0,23.0,0.24210526315789474,4.130434782608695,0.34995999932289124,5.80517578125,-15.588112334215214,5.455215781927109,8.091462135314941,-22.12110570056705,7.74150213599205
test_multilingual_ru_000076,multilingual_ru,99.0,22.0,22.0,0.2222222222222222,4.5,0.31379052996635437,6.156515598297119,-18.619825999711466,5.842725068330765,9.366686820983887,-28.85012588489593,9.052896291017532
test_multilingual_ru_000077,multilingual_ru,97.0,25.0,25.0,0.25773195876288657,3.88,0.34080368280410767,5.462718486785889,-15.028930326805867,5.121914803981781,9.245396614074707,-26.128218034512606,8.9045929312706
test_multilingual_ru_000078,multilingual_ru,95.0,23.0,23.0,0.24210526315789474,4.130434782608695,0.33173078298568726,5.854983329772949,-16.649804088351868,5.523252546787262,8.054717063903809,-23.280885214838005,7.722986280918121
test_multilingual_ru_000079,multilingual_ru,99.0,22.0,22.0,0.2222222222222222,4.5,0.3016994297504425,6.255865097045898,-19.735422344750795,5.954165667295456,9.397233009338379,-30.147665798080933,9.095533579587936
test_multilingual_latin_000000,multilingual_latin,56.0,20.0,20.0,0.35714285714285715,2.8,0.3635653853416443,5.717767238616943,-14.72692965047794,5.354201853275299,10.387809753417969,-27.57205380995358,10.024244368076324
test_multilingual_latin_000001,multilingual_latin,54.0,17.0,17.0,0.3148148148148148,3.176470588235294,0.5410938262939453,4.359162330627441,-7.05620415313953,3.818068504333496,9.043418884277344,-15.71321764326428,8.502325057983398
test_multilingual_latin_000002,multilingual_latin,52.0,23.0,23.0,0.4423076923076923,2.260869565217391,0.34184131026268005,6.0802226066589355,-16.786681785143898,5.7383812963962555,9.305124282836914,-26.22059623421934,8.963282972574234
test_multilingual_latin_000003,multilingual_latin,56.0,20.0,20.0,0.35714285714285715,2.8,0.3548595905303955,5.805169582366943,-15.359060702544832,5.450309991836548,10.362508773803711,-28.201715411763995,10.007649183273315
test_multilingual_latin_000004,multilingual_latin,54.0,17.0,17.0,0.3148148148148148,3.176470588235294,0.4433162808418274,4.567140579223633,-9.302217122617161,4.123824298381805,8.673272132873535,-18.564524263362454,8.229955852031708
test_multilingual_latin_000005,multilingual_latin,52.0,23.0,23.0,0.4423076923076923,2.260869565217391,0.33919352293014526,6.1071271896362305,-17.004846132907893,5.767933666706085,9.281620979309082,-26.36379191185373,8.942427456378937
test_multilingual_latin_000006,multilingual_latin,56.0,20.0,20.0,0.35714285714285715,2.8,0.36967024207115173,5.834012031555176,-14.781665299508427,5.464341789484024,10.329946517944336,-26.943678831351793,9.960276275873184
test_multilingual_latin_000007,multilingual_latin,54.0,17.0,17.0,0.3148148148148148,3.176470588235294,0.5476427674293518,4.349075794219971,-6.941446601467296,3.801433026790619,8.56102466583252,-14.632498363884496,8.013381898403168
test_multilingual_latin_000008,multilingual_latin,52.0,23.0,23.0,0.4423076923076923,2.260869565217391,0.34480148553848267,6.11543607711792,-16.73610710396834,5.770634591579437,9.313836097717285,-26.012169286833842,8.969034612178802
test_multilingual_latin_000009,multilingual_latin,56.0,20.0,20.0,0.35714285714285715,2.8,0.3684759736061096,5.7386155128479,-14.573920483028068,5.370139539241791,10.451254844665527,-27.3634635452178,10.082778871059418
test_multilingual_latin_000010,multilingual_latin,54.0,17.0,17.0,0.3148148148148148,3.176470588235294,0.5012205839157104,4.345036506652832,-7.668910747256004,3.8438159227371216,8.572277069091797,-16.10280332487978,8.071056485176086
test_multilingual_latin_000011,multilingual_latin,52.0,23.0,23.0,0.4423076923076923,2.260869565217391,0.33747291564941406,6.081109046936035,-17.019546947149486,5.743636131286621,9.254053115844727,-26.421617222338398,8.916580200195312
test_multilingual_latin_000012,multilingual_latin,56.0,20.0,20.0,0.35714285714285715,2.8,0.38714247941970825,5.671641826629639,-13.650011631714813,5.28449934720993,10.510502815246582,-26.148926749141246,10.123360335826874
test_multilingual_latin_000013,multilingual_latin,54.0,17.0,17.0,0.3148148148148148,3.176470588235294,0.5308791995048523,4.3464274406433105,-7.187224974527531,3.8155482411384583,8.798288345336914,-15.573051559644872,8.267409145832062
test_multilingual_latin_000014,multilingual_latin,52.0,23.0,23.0,0.4423076923076923,2.260869565217391,0.34070876240730286,6.17217493057251,-17.11569179190624,5.831466168165207,9.295052528381348,-26.281518862932874,8.954343765974045
test_multilingual_latin_000015,multilingual_latin,56.0,20.0,20.0,0.35714285714285715,2.8,0.37745141983032227,5.731405258178711,-14.184484564278973,5.353953838348389,10.41479206085205,-26.592403985482072,10.037340641021729
test_multilingual_latin_000016,multilingual_latin,54.0,17.0,17.0,0.3148148148148148,3.176470588235294,0.5462547540664673,4.360927581787109,-6.9833219744509165,3.814672827720642,8.824893951416016,-15.155271667150046,8.278639197349548
test_multilingual_latin_000017,multilingual_latin,52.0,23.0,23.0,0.4423076923076923,2.260869565217391,0.34116116166114807,6.0866289138793945,-16.840919770125605,5.7454677522182465,9.29577922821045,-26.24747208313034,8.954618066549301
test_multilingual_latin_000018,multilingual_latin,56.0,20.0,20.0,0.35714285714285715,2.8,0.37229180335998535,5.720289707183838,-14.365070236726748,5.3479979038238525,10.389418601989746,-26.906654157367413,10.01712679862976
test_multilingual_latin_000019,multilingual_latin,54.0,17.0,17.0,0.3148148148148148,3.176470588235294,0.5349224805831909,4.328379154205322,-7.091600767061377,3.7934566736221313,8.478944778442383,-14.850791630963696,7.944022297859192
test_multilingual_latin_000020,multilingual_latin,52.0,23.0,23.0,0.4423076923076923,2.260869565217391,0.33920323848724365,6.0641770362854,-16.877709727448416,5.724973797798157,9.381632804870605,-26.657851519078047,9.042429566383362
test_multilingual_latin_000021,multilingual_latin,56.0,20.0,20.0,0.35714285714285715,2.8,0.3775556981563568,5.765712738037109,-14.271158046856863,5.388157039880753,10.21988582611084,-26.0685514111311,9.842330127954483
test_multilingual_latin_000022,multilingual_latin,54.0,17.0,17.0,0.3148148148148148,3.176470588235294,0.5267301201820374,4.433027744293213,-7.416127300183941,3.9062976241111755,9.074129104614258,-16.227283492879142,8.54739898443222
test_multilingual_latin_000023,multilingual_latin,52.0,23.0,23.0,0.4423076923076923,2.260869565217391,0.3291556239128113,6.101184368133545,-17.53586548395012,5.772028744220734,9.292415618896484,-27.23107048402708,8.963259994983673
test_multilingual_latin_000024,multilingual_latin,56.0,20.0,20.0,0.35714285714285715,2.8,0.3996220529079437,5.6975507736206055,-13.257348242323063,5.297928720712662,10.370550155639648,-24.950895552875284,9.970928102731705
test_multilingual_latin_000025,multilingual_latin,54.0,17.0,17.0,0.3148148148148148,3.176470588235294,0.5130747556686401,4.424894332885742,-7.624268265000118,3.911819577217102,8.397705078125,-15.367410373135767,7.88463032245636
test_multilingual_latin_000026,multilingual_latin,52.0,23.0,23.0,0.4423076923076923,2.260869565217391,0.34383121132850647,6.0888519287109375,-16.708840059006363,5.745020717382431,9.267163276672363,-25.952652846335823,8.923332065343857
test_multilingual_latin_000027,multilingual_latin,56.0,20.0,20.0,0.35714285714285715,2.8,0.3585873246192932,5.711781978607178,-14.928566311347707,5.3531946539878845,10.339750289916992,-27.834678696171288,9.981162965297699
test_multilingual_latin_000028,multilingual_latin,54.0,17.0,17.0,0.3148148148148148,3.176470588235294,0.5282500982284546,4.343647003173828,-7.222709314661239,3.8153969049453735,8.475996971130371,-15.04542431616306,7.9477468729019165
test_multilingual_latin_000029,multilingual_latin,52.0,23.0,23.0,0.4423076923076923,2.260869565217391,0.3427067995071411,6.082765579223633,-16.749182648174695,5.740058779716492,9.285013198852539,-26.093168890158143,8.942306399345398
test_multilingual_latin_000030,multilingual_latin,56.0,20.0,20.0,0.35714285714285715,2.8,0.38300269842147827,5.703324317932129,-13.891081293782065,5.320321619510651,10.275504112243652,-25.82880343818334,9.892501413822174
test_multilingual_latin_000031,multilingual_latin,54.0,17.0,17.0,0.3148148148148148,3.176470588235294,0.537817120552063,4.359800338745117,-7.106473691781758,3.821983218193054,8.552151679992676,-14.901598058488714,8.014334559440613
test_multilingual_latin_000032,multilingual_latin,52.0,23.0,23.0,0.4423076923076923,2.260869565217391,0.33095428347587585,6.0919880867004395,-17.407340200340695,5.761033803224564,9.282391548156738,-27.047352796487846,8.951437264680862
test_multilingual_latin_000033,multilingual_latin,56.0,20.0,20.0,0.35714285714285715,2.8,0.41405969858169556,5.722804069519043,-12.82120522504779,5.308744370937347,10.381967544555664,-24.07360069119903,9.967907845973969
test_multilingual_latin_000034,multilingual_latin,54.0,17.0,17.0,0.3148148148148148,3.176470588235294,0.5353832244873047,4.3513898849487305,-7.127617164538021,3.816006660461426,8.744244575500488,-15.332683161438572,8.208861351013184
test_multilingual_latin_000035,multilingual_latin,52.0,23.0,23.0,0.4423076923076923,2.260869565217391,0.33668404817581177,6.09629487991333,-17.106871747989466,5.759610831737518,9.280939102172852,-26.565722678154543,8.94425505399704
test_multilingual_latin_000036,multilingual_latin,56.0,20.0,20.0,0.35714285714285715,2.8,0.39006179571151733,5.7412848472595215,-13.718910978673934,5.351223051548004,10.33536148071289,-25.49672845262892,9.945299685001373
test_multilingual_latin_000037,multilingual_latin,54.0,17.0,17.0,0.3148148148148148,3.176470588235294,0.5072274208068848,4.344358444213867,-7.564912435733403,3.8371310234069824,8.604836463928223,-15.964454426063684,8.097609043121338
test_multilingual_latin_000038,multilingual_latin,52.0,23.0,23.0,0.4423076923076923,2.260869565217391,0.350981205701828,6.109025955200195,-16.405564332097164,5.758044749498367,9.27929401397705,-25.43815071357458,8.928312808275223
test_multilingual_latin_000039,multilingual_latin,56.0,20.0,20.0,0.35714285714285715,2.8,0.38093671202659607,5.708991050720215,-13.986717925789277,5.328054338693619,10.288291931152344,-26.00787717838558,9.907355219125748
test_multilingual_latin_000040,multilingual_latin,54.0,17.0,17.0,0.3148148148148148,3.176470588235294,0.5338318347930908,4.4027581214904785,-7.247462654970651,3.8689262866973877,8.459203720092773,-14.84619569076748,7.925371885299683
test_multilingual_latin_000041,multilingual_latin,52.0,23.0,23.0,0.4423076923076923,2.260869565217391,0.33401572704315186,6.125630855560303,-17.339348598303953,5.791615128517151,9.315351486206055,-26.888960704543695,8.981335759162903
test_multilingual_latin_000042,multilingual_latin,56.0,20.0,20.0,0.35714285714285715,2.8,0.38692647218704224,5.828711032867432,-14.064130918521911,5.441784560680389,10.428943634033203,-25.953295738813647,10.042017161846161
test_multilingual_latin_000043,multilingual_latin,54.0,17.0,17.0,0.3148148148148148,3.176470588235294,0.4907577633857727,4.324901103973389,-7.812700331290917,3.834143340587616,8.34441089630127,-16.00311542446641,7.853653132915497
test_multilingual_latin_000044,multilingual_latin,52.0,23.0,23.0,0.4423076923076923,2.260869565217391,0.33995407819747925,6.06013298034668,-16.826328227856557,5.7201789021492,9.283424377441406,-26.307877660019326,8.943470299243927
test_multilingual_latin_000045,multilingual_latin,56.0,20.0,20.0,0.35714285714285715,2.8,0.3823682367801666,5.703089237213135,-13.915175186196201,5.320721000432968,10.383413314819336,-26.155533111891373,10.00104507803917
test_multilingual_latin_000046,multilingual_latin,54.0,17.0,17.0,0.3148148148148148,3.176470588235294,0.5239119529724121,4.433387279510498,-7.462084620054372,3.909475326538086,8.679588317871094,-15.566883554817728,8.155676364898682
test_multilingual_latin_000047,multilingual_latin,52.0,23.0,23.0,0.4423076923076923,2.260869565217391,0.3409407138824463,6.081780433654785,-16.83823458453758,5.740839719772339,9.248522758483887,-26.126483819332606,8.90758204460144
test_multilingual_latin_000048,multilingual_latin,56.0,20.0,20.0,0.35714285714285715,2.8,0.3713351786136627,5.734818458557129,-14.443779067653692,5.363483279943466,10.376859664916992,-26.944725580963826,10.00552448630333
test_multilingual_latin_000049,multilingual_latin,54.0,17.0,17.0,0.3148148148148148,3.176470588235294,0.5196684002876282,4.386089324951172,-7.44016938979461,3.8664209246635437,8.53940486907959,-15.432411253701718,8.019736468791962
test_multilingual_latin_000050,multilingual_latin,52.0,23.0,23.0,0.4423076923076923,2.260869565217391,0.34558433294296265,6.1361775398254395,-16.755948273379023,5.790593206882477,9.309948921203613,-25.93973086661942,8.96436458826065
test_multilingual_latin_000051,multilingual_latin,56.0,20.0,20.0,0.35714285714285715,2.8,0.38647833466529846,5.684316635131836,-13.707982635183471,5.2978383004665375,10.491506576538086,-26.14642875291842,10.105028241872787
test_multilingual_latin_000052,multilingual_latin,54.0,17.0,17.0,0.3148148148148148,3.176470588235294,0.5322175621986389,4.372077465057373,-7.214831256217712,3.839859902858734,8.439335823059082,-14.856928486529872,7.907118260860443
test_multilingual_latin_000053,multilingual_latin,52.0,23.0,23.0,0.4423076923076923,2.260869565217391,0.35076001286506653,6.098544120788574,-16.386657250279598,5.747784107923508,9.223065376281738,-25.294517727223795,8.872305363416672
test_multilingual_latin_000054,multilingual_latin,56.0,20.0,20.0,0.35714285714285715,2.8,0.3711484968662262,5.720983505249023,-14.414270981975845,5.349835008382797,10.371485710144043,-26.944302072391952,10.000337213277817
test_multilingual_latin_000055,multilingual_latin,54.0,17.0,17.0,0.3148148148148148,3.176470588235294,0.5365372896194458,4.361698150634766,-7.129347642786251,3.82516086101532,8.495408058166504,-14.833770033378503,7.958870768547058
test_multilingual_latin_000056,multilingual_latin,52.0,23.0,23.0,0.4423076923076923,2.260869565217391,0.3490760922431946,6.1079792976379395,-16.49755836438844,5.758903205394745,9.370222091674805,-25.84292135694802,9.02114599943161
test_multilingual_latin_000057,multilingual_latin,56.0,20.0,20.0,0.35714285714285715,2.8,0.36966055631637573,5.751000881195068,-14.557518331149854,5.381340324878693,10.369878768920898,-27.05243511034969,10.000218212604523
test_multilingual_latin_000058,multilingual_latin,54.0,17.0,17.0,0.3148148148148148,3.176470588235294,0.4960584044456482,4.390876770019531,-7.851531857274738,3.894818365573883,8.914645195007324,-16.9709588933778,8.418586790561676
test_multilingual_latin_000059,multilingual_latin,52.0,23.0,23.0,0.4423076923076923,2.260869565217391,0.32103627920150757,6.111906051635742,-18.038054100419693,5.790869772434235,9.239285469055176,-27.77956812867207,8.918249189853668
test_multilingual_latin_000060,multilingual_latin,56.0,20.0,20.0,0.35714285714285715,2.8,0.3687599301338196,5.7030816078186035,-14.465567546205488,5.334321677684784,10.27808666229248,-26.872026818539254,9.909326732158661
test_multilingual_latin_000061,multilingual_latin,54.0,17.0,17.0,0.3148148148148148,3.176470588235294,0.5212328433990479,4.335346698760986,-7.317485656677838,3.8141138553619385,8.956581115722656,-16.183455012764103,8.435348272323608
test_multilingual_latin_000062,multilingual_latin,52.0,23.0,23.0,0.4423076923076923,2.260869565217391,0.3303179442882538,6.0793137550354,-17.404430822354154,5.748995810747147,9.269835472106934,-27.06337237318709,8.93951752781868
test_multilingual_latin_000063,multilingual_latin,56.0,20.0,20.0,0.35714285714285715,2.8,0.3755928575992584,5.771405220031738,-14.366120796124354,5.39581236243248,10.34669017791748,-26.547622295195396,9.971097320318222
test_multilingual_latin_000064,multilingual_latin,54.0,17.0,17.0,0.3148148148148148,3.176470588235294,0.5510295629501343,4.391730785369873,-6.970045675693275,3.8407012224197388,8.526318550109863,-14.473432141210647,7.975288987159729
test_multilingual_latin_000065,multilingual_latin,52.0,23.0,23.0,0.4423076923076923,2.260869565217391,0.3067850172519684,6.107251167297363,-18.907266730308937,5.800466150045395,9.199250221252441,-28.985982704288723,8.892465204000473
test_multilingual_latin_000066,multilingual_latin,56.0,20.0,20.0,0.35714285714285715,2.8,0.35216063261032104,5.850634574890137,-15.613539484875027,5.498473942279816,10.289972305297852,-28.219541744417786,9.93781167268753
test_multilingual_latin_000067,multilingual_latin,54.0,17.0,17.0,0.3148148148148148,3.176470588235294,0.5383179783821106,4.3543901443481445,-7.0888811431397105,3.816072165966034,9.11712646484375,-15.936321711277126,8.57880848646164
test_multilingual_latin_000068,multilingual_latin,52.0,23.0,23.0,0.4423076923076923,2.260869565217391,0.3289962112903595,6.10127592086792,-17.545125176177688,5.77227970957756,9.28431510925293,-27.220127742015084,8.95531889796257
test_multilingual_latin_000069,multilingual_latin,56.0,20.0,20.0,0.35714285714285715,2.8,0.3889508545398712,5.805560111999512,-13.92620480000613,5.4166092574596405,10.384117126464844,-25.697761440193396,9.995166271924973
test_multilingual_latin_000070,multilingual_latin,54.0,17.0,17.0,0.3148148148148148,3.176470588235294,0.48865577578544617,4.293666839599609,-7.7866900431047545,3.805011063814163,8.18995189666748,-15.760165954251278,7.701296120882034
test_multilingual_latin_000071,multilingual_latin,52.0,23.0,23.0,0.4423076923076923,2.260869565217391,0.3330535590648651,6.057538986206055,-17.187882463151507,5.72448542714119,9.304455757141113,-26.936815277596203,8.971402198076248
test_multilingual_latin_000072,multilingual_latin,56.0,20.0,20.0,0.35714285714285715,2.8,0.3628288805484772,5.704409599304199,-14.722038418444033,5.341580718755722,10.287964820861816,-27.354867466200098,9.92513594031334
test_multilingual_latin_000073,multilingual_latin,54.0,17.0,17.0,0.3148148148148148,3.176470588235294,0.5419649481773376,4.381811141967773,-7.085045272215631,3.839846193790436,8.52647876739502,-14.732528083356877,7.984513819217682
test_multilingual_latin_000074,multilingual_latin,52.0,23.0,23.0,0.4423076923076923,2.260869565217391,0.3350990116596222,6.159729480743408,-17.381819302410154,5.824630469083786,9.292437553405762,-26.730423636237347,8.95733854174614
test_multilingual_latin_000075,multilingual_latin,56.0,20.0,20.0,0.35714285714285715,2.8,0.3659800887107849,5.7174506187438965,-14.622299669045933,5.351470530033112,10.2715425491333,-27.06585075520425,9.905562460422516
test_multilingual_latin_000076,multilingual_latin,54.0,17.0,17.0,0.3148148148148148,3.176470588235294,0.5114650130271912,4.364734172821045,-7.53378835628978,3.8532691597938538,8.26854133605957,-15.166386997071074,7.757076323032379
test_multilingual_latin_000077,multilingual_latin,52.0,23.0,23.0,0.4423076923076923,2.260869565217391,0.33100369572639465,6.063724517822266,-17.319204879315,5.732720822095871,9.256484031677246,-26.964896317437468,8.925480335950851
test_multilingual_latin_000078,multilingual_latin,56.0,20.0,20.0,0.35714285714285715,2.8,0.37223586440086365,5.783332824707031,-14.536742634984027,5.411096960306168,10.291011810302734,-26.64648115480959,9.91877594590187
test_multilingual_latin_000079,multilingual_latin,54.0,17.0,17.0,0.3148148148148148,3.176470588235294,0.5630649328231812,4.348116874694824,-6.722229926295658,3.785051941871643,8.991183280944824,-14.968288481158742,8.428118348121643
test_code_000000,code,38.0,17.0,17.0,0.4473684210526316,2.235294117647059,0.5097088813781738,0.6626344919204712,-0.3000253990646783,0.15292561054229736,0.5780993103981018,-0.13417547058432816,0.06839042901992798
test_code_000001,code,38.0,19.0,19.0,0.5,2.0,0.5562317967414856,0.7280235290527344,-0.30884917640026743,0.17179173231124878,1.097561001777649,-0.9732079471317092,0.5413292050361633
test_code_000002,code,56.0,25.0,25.0,0.44642857142857145,2.24,0.4795856475830078,0.8429369926452637,-0.7576359861756834,0.36335134506225586,2.1600797176361084,-3.5040541319832488,1.6804940700531006
test_code_000003,code,49.0,21.0,21.0,0.42857142857142855,2.3333333333333335,0.4392980933189392,1.6701958179473877,-2.801964641660286,1.2308977246284485,2.93578839302063,-5.682907205083608,2.4964902997016907
test_code_000004,code,64.0,36.0,36.0,0.5625,1.7777777777777777,0.2749389111995697,0.7665022611618042,-1.787900256888061,0.4915633499622345,0.7110064029693604,-1.5860522974620448,0.43606749176979065
test_code_000005,code,53.0,32.0,32.0,0.6037735849056604,1.65625,0.348396360874176,0.5824627876281738,-0.6718394709023132,0.2340664267539978,0.759477972984314,-1.1799251033468767,0.41108161211013794
test_code_000006,code,71.0,21.0,21.0,0.29577464788732394,3.380952380952381,0.20844638347625732,0.4802156090736389,-1.3037847961911841,0.2717692255973816,2.139033079147339,-9.261790314970762,1.9305866956710815
test_code_000007,code,67.0,23.0,23.0,0.34328358208955223,2.9130434782608696,0.2107866108417511,0.6240920424461365,-1.9607764931268623,0.4133054316043854,0.67361980676651,-2.195742860879493,0.4628331959247589
test_code_000008,code,38.0,17.0,17.0,0.4473684210526316,2.235294117647059,0.5277792811393738,0.6557502150535583,-0.24247055253461253,0.12797093391418457,0.5294744968414307,-0.003211978496763345,0.0016952157020568848
test_code_000009,code,38.0,19.0,19.0,0.5,2.0,0.5500195026397705,0.7337667346000671,-0.334074030245142,0.18374723196029663,0.5668958425521851,-0.030683166381224727,0.01687633991241455
test_code_000010,code,56.0,25.0,25.0,0.44642857142857145,2.24,0.5717734098434448,0.9165545701980591,-0.6030031379896059,0.34478116035461426,2.0757765769958496,-2.630418171359543,1.5040031671524048
test_code_000011,code,49.0,21.0,21.0,0.42857142857142855,2.3333333333333335,0.44810086488723755,1.6691440343856812,-2.72492928529766,1.2210431694984436,2.8532514572143555,-5.367431265575358,2.405150592327118
test_code_000012,code,64.0,36.0,36.0,0.5625,1.7777777777777777,0.2701677083969116,0.7714608311653137,-1.8554886731020315,0.5012931227684021,0.7724098563194275,-1.85900139917779,0.5022421479225159
test_code_000013,code,53.0,32.0,32.0,0.6037735849056604,1.65625,0.3456699252128601,0.5761340856552124,-0.6667174192271276,0.2304641604423523,0.7846457362174988,-1.2699276939824073,0.43897581100463867
test_code_000014,code,71.0,21.0,21.0,0.29577464788732394,3.380952380952381,0.21180503070354462,0.5607177019119263,-1.6473294805577179,0.34891267120838165,2.041184663772583,-8.637092457117088,1.8293796330690384
test_code_000015,code,67.0,23.0,23.0,0.34328358208955223,2.9130434782608696,0.22296030819416046,0.5422895550727844,-1.4322246388381494,0.31932924687862396,0.6130914092063904,-1.7497782639970705,0.3901311010122299
test_code_000016,code,38.0,17.0,17.0,0.4473684210526316,2.235294117647059,0.5559506416320801,0.6323651671409607,-0.13744839880848742,0.07641452550888062,0.5502704381942749,0.010217100246759406,-0.005680203437805176
test_code_000017,code,38.0,19.0,19.0,0.5,2.0,0.5673149228096008,0.7505062818527222,-0.32290946646683405,0.18319135904312134,1.115634560585022,-0.9665172124503505,0.5483196377754211
test_code_000018,code,56.0,25.0,25.0,0.44642857142857145,2.24,0.4969958961009979,0.8298487663269043,-0.6697296151480999,0.33285287022590637,2.0679757595062256,-3.1609513795381083,1.5709798634052277
test_code_000019,code,49.0,21.0,21.0,0.42857142857142855,2.3333333333333335,0.43526729941368103,1.6262143850326538,-2.736128092377297,1.1909470856189728,2.9684133529663086,-5.819748133996871,2.5331460535526276
test_code_000020,code,64.0,36.0,36.0,0.5625,1.7777777777777777,0.2687236964702606,0.7561644315719604,-1.8139105017694053,0.48744073510169983,0.745846688747406,-1.7755151426697797,0.4771229922771454
test_code_000021,code,53.0,32.0,32.0,0.6037735849056604,1.65625,0.34996289014816284,0.5546445846557617,-0.5848668537996796,0.20468169450759888,0.7848424911499023,-1.2426449010568683,0.4348796010017395
test_code_000022,code,71.0,21.0,21.0,0.29577464788732394,3.380952380952381,0.210055872797966,0.4867878556251526,-1.3174208325674872,0.2767319828271866,2.1141676902770996,-9.064787344986678,1.9041118174791336
test_code_000023,code,67.0,23.0,23.0,0.34328358208955223,2.9130434782608696,0.2349299192428589,0.5927948951721191,-1.5232839524339903,0.35786497592926025,0.658717691898346,-1.8038901729557755,0.42378777265548706
test_code_000024,code,38.0,17.0,17.0,0.4473684210526316,2.235294117647059,0.4972672164440155,0.6214796900749207,-0.24979019232185706,0.12421247363090515,0.5484166741371155,-0.10286110968439159,0.051149457693099976
test_code_000025,code,38.0,19.0,19.0,0.5,2.0,0.534724771976471,0.7535119652748108,-0.40915851436927064,0.21878719329833984,0.6174063682556152,-0.1546245856041666,0.08268159627914429
test_code_000026,code,56.0,25.0,25.0,0.44642857142857145,2.24,0.6093671321868896,0.8491671085357666,-0.3935229907925713,0.23979997634887695,2.1594717502593994,-2.5437942681770713,1.5501046180725098
test_code_000027,code,49.0,21.0,21.0,0.42857142857142855,2.3333333333333335,0.43914085626602173,1.7334688901901245,-2.9474097330174804,1.2943280339241028,2.9173479080200195,-5.643307873528295,2.478207051753998
test_code_000028,code,64.0,36.0,36.0,0.5625,1.7777777777777777,0.2671104669570923,0.7624464631080627,-1.854423758805901,0.49533599615097046,0.702260434627533,-1.6291011454086586,0.4351499676704407
test_code_000029,code,53.0,32.0,32.0,0.6037735849056604,1.65625,0.33280012011528015,0.5410931706428528,-0.6258803345846782,0.20829305052757263,0.7370293140411377,-1.2146305529752657,0.40422919392585754
test_code_000030,code,71.0,21.0,21.0,0.29577464788732394,3.380952380952381,0.20464833080768585,0.5052897334098816,-1.469063546307238,0.30064140260219574,2.1317625045776367,-9.416710931206753,1.9271141737699509
test_code_000031,code,67.0,23.0,23.0,0.34328358208955223,2.9130434782608696,0.2278546392917633,0.5930348038673401,-1.6026891781122388,0.3651801645755768,0.5896605253219604,-1.5878802694331449,0.36180588603019714
test_code_000032,code,38.0,17.0,17.0,0.4473684210526316,2.235294117647059,0.5292398929595947,0.7153820991516113,-0.3517161284858543,0.1861422061920166,0.5982822775840759,-0.13045574519786304,0.0690423846244812
test_code_000033,code,38.0,19.0,19.0,0.5,2.0,0.5559776425361633,0.7167343497276306,-0.289142395111708,0.16075670719146729,0.6659385561943054,-0.19777938040195514,0.10996091365814209
test_code_000034,code,56.0,25.0,25.0,0.44642857142857145,2.24,0.5138567686080933,0.8569441437721252,-0.6676712191480284,0.343087375164032,2.3905718326568604,-3.652214349793054,1.876715064048767
test_code_000035,code,49.0,21.0,21.0,0.42857142857142855,2.3333333333333335,0.4550366699695587,1.7221992015838623,-2.784748164799718,1.2671625316143036,2.914304494857788,-5.404548659897565,2.4592678248882294
test_code_000036,code,64.0,36.0,36.0,0.5625,1.7777777777777777,0.27870428562164307,0.7805263996124268,-1.8005539917388849,0.5018221139907837,0.7621413469314575,-1.7345878274943636,0.48343706130981445
test_code_000037,code,53.0,32.0,32.0,0.6037735849056604,1.65625,0.3698245882987976,0.5857098698616028,-0.5837504816969659,0.21588528156280518,0.7466427087783813,-1.0189104034779206,0.37681812047958374
test_code_000038,code,71.0,21.0,21.0,0.29577464788732394,3.380952380952381,0.19069235026836395,0.48053187131881714,-1.5199326068536996,0.2898395210504532,2.1466636657714844,-10.257209126377933,1.9559713155031204
test_code_000039,code,67.0,23.0,23.0,0.34328358208955223,2.9130434782608696,0.2309703677892685,0.5737355947494507,-1.4840225187367433,0.3427652269601822,0.6285463571548462,-1.7213289876574815,0.3975759893655777
test_code_000040,code,38.0,17.0,17.0,0.4473684210526316,2.235294117647059,0.5159111022949219,0.6651752591133118,-0.2893214667302559,0.1492641568183899,0.6158471703529358,-0.19370792296089262,0.09993606805801392
test_code_000041,code,38.0,19.0,19.0,0.5,2.0,0.5255775451660156,0.7646899223327637,-0.4549516610174412,0.23911237716674805,1.2044343948364258,-1.2916397511921438,0.6788568496704102
test_code_000042,code,56.0,25.0,25.0,0.44642857142857145,2.24,0.5492686629295349,0.8844533562660217,-0.6102381511240289,0.3351846933364868,2.122171401977539,-2.863630942750124,1.5729027390480042
test_code_000043,code,49.0,21.0,21.0,0.42857142857142855,2.3333333333333335,0.45813125371932983,1.7327375411987305,-2.78218584113512,1.2746062874794006,2.914822816848755,-5.362418615156293,2.456691563129425
test_code_000044,code,64.0,36.0,36.0,0.5625,1.7777777777777777,0.2688564360141754,0.743048369884491,-1.763736590800132,0.47419193387031555,0.7448126673698425,-1.7702988197410026,0.4759562313556671
test_code_000045,code,53.0,32.0,32.0,0.6037735849056604,1.65625,0.3486974537372589,0.6230576038360596,-0.7868143204324317,0.27436015009880066,0.719266414642334,-1.0627234496076825,0.3705689609050751
test_code_000046,code,71.0,21.0,21.0,0.29577464788732394,3.380952380952381,0.19691535830497742,0.4841196835041046,-1.4585166320765726,0.2872043251991272,2.099592924118042,-9.662413242883,1.9026775658130646
test_code_000047,code,67.0,23.0,23.0,0.34328358208955223,2.9130434782608696,0.20287185907363892,0.5237938165664673,-1.5818948914759998,0.32092195749282837,0.6529160141944885,-2.2183665944397517,0.4500441551208496
test_code_000048,code,38.0,17.0,17.0,0.4473684210526316,2.235294117647059,0.5245657563209534,0.661996066570282,-0.2619887184653404,0.1374303102493286,0.6367881894111633,-0.21393396678670565,0.11222243309020996
test_code_000049,code,38.0,19.0,19.0,0.5,2.0,0.5274332165718079,0.7296950817108154,-0.38348336582527404,0.20226186513900757,0.9067060351371765,-0.7190916435459885,0.37927281856536865
test_code_000050,code,56.0,25.0,25.0,0.44642857142857145,2.24,0.5243649482727051,0.8493952751159668,-0.6198551751293339,0.3250303268432617,2.310803174972534,-3.4068604939832112,1.786438226699829
test_code_000051,code,49.0,21.0,21.0,0.42857142857142855,2.3333333333333335,0.45423802733421326,1.6188809871673584,-2.563948612290533,1.1646429598331451,2.8990895748138428,-5.38231367775994,2.4448515474796295
test_code_000052,code,64.0,36.0,36.0,0.5625,1.7777777777777777,0.26906734704971313,0.7771925330162048,-1.888468413347124,0.5081251859664917,0.7600685954093933,-1.8248265861444806,0.4910012483596802
test_code_000053,code,53.0,32.0,32.0,0.6037735849056604,1.65625,0.3558296859264374,0.5760108828544617,-0.6187825401772228,0.2201811969280243,0.808175265789032,-1.2712418265071637,0.4523455798625946
test_code_000054,code,71.0,21.0,21.0,0.29577464788732394,3.380952380952381,0.18545258045196533,0.5136381983757019,-1.769647082418144,0.3281856179237366,2.074134349822998,-10.184176271735547,1.8886817693710327
test_code_000055,code,67.0,23.0,23.0,0.34328358208955223,2.9130434782608696,0.23081658780574799,0.4969528019428253,-1.153020312218868,0.26613621413707733,0.5578008890151978,-1.4166412575366343,0.32698430120944977
test_code_000056,code,38.0,17.0,17.0,0.4473684210526316,2.235294117647059,0.5736584663391113,0.6037266850471497,-0.052414843451929226,0.03006821870803833,0.615879237651825,-0.07359914267831152,0.04222077131271362
test_code_000057,code,38.0,19.0,19.0,0.5,2.0,0.5211350321769714,0.7606772780418396,-0.45965485157313773,0.23954224586486816,0.9287980794906616,-0.7822599175701789,0.4076630473136902
test_code_000058,code,56.0,25.0,25.0,0.44642857142857145,2.24,0.5188133716583252,0.834929347038269,-0.6093057593514153,0.31611597537994385,2.1184701919555664,-3.083299135456221,1.5996568202972412
test_code_000059,code,49.0,21.0,21.0,0.42857142857142855,2.3333333333333335,0.44569915533065796,1.685193419456482,-2.781011023469992,1.239494264125824,2.875455379486084,-5.451561204671398,2.429756224155426
test_code_000060,code,64.0,36.0,36.0,0.5625,1.7777777777777777,0.26559317111968994,0.7340999245643616,-1.7640015045173671,0.46850675344467163,0.691569447517395,-1.6038675791319132,0.4259762763977051
test_code_000061,code,53.0,32.0,32.0,0.6037735849056604,1.65625,0.3476707339286804,0.60794997215271,-0.7486371811710273,0.26027923822402954,0.7900587320327759,-1.2724338143309033,0.44238799810409546
test_code_000062,code,71.0,21.0,21.0,0.29577464788732394,3.380952380952381,0.1918238401412964,0.43721675872802734,-1.2792618394354731,0.24539291858673096,2.125525951385498,-10.080614118765672,1.9337021112442017
test_code_000063,code,67.0,23.0,23.0,0.34328358208955223,2.9130434782608696,0.23363934457302094,0.5498655438423157,-1.3534800820777957,0.31622619926929474,0.6130826473236084,-1.624055671976076,0.37944330275058746
test_code_000064,code,38.0,17.0,17.0,0.4473684210526316,2.235294117647059,0.5238271951675415,0.5997322797775269,-0.14490481844056946,0.07590508460998535,0.4992500841617584,0.04691835634444735,-0.02457711100578308
test_code_000065,code,38.0,19.0,19.0,0.5,2.0,0.5731102824211121,0.6987400054931641,-0.21920689075988578,0.125629723072052,0.6883544921875,-0.2010855734075076,0.11524420976638794
test_code_000066,code,56.0,25.0,25.0,0.44642857142857145,2.24,0.5166130661964417,0.8618724942207336,-0.6683133869730802,0.345259428024292,2.262906074523926,-3.3802726307031845,1.7462930083274841
test_code_000067,code,49.0,21.0,21.0,0.42857142857142855,2.3333333333333335,0.4502463936805725,1.699126124382019,-2.7737695364806516,1.2488797307014465,2.900027275085449,-5.440978352716968,2.4497808814048767
test_code_000068,code,64.0,36.0,36.0,0.5625,1.7777777777777777,0.2621639668941498,0.7748082280158997,-1.955433720335537,0.5126442611217499,0.6548684239387512,-1.4979345243244588,0.39270445704460144
test_code_000069,code,53.0,32.0,32.0,0.6037735849056604,1.65625,0.33247703313827515,0.6017727851867676,-0.8099679833719341,0.26929575204849243,0.8022763729095459,-1.4130279476353607,0.46979933977127075
test_code_000070,code,71.0,21.0,21.0,0.29577464788732394,3.380952380952381,0.19909512996673584,0.5470881462097168,-1.7478730710345476,0.34799301624298096,2.0524024963378906,-9.308652435048508,1.8533073663711548
test_code_000071,code,67.0,23.0,23.0,0.34328358208955223,2.9130434782608696,0.20986171066761017,0.5580617785453796,-1.6591881709630527,0.34820006787776947,0.6649143099784851,-2.168345039518003,0.45505259931087494
test_code_000072,code,38.0,17.0,17.0,0.4473684210526316,2.235294117647059,0.5306486487388611,0.657492458820343,-0.2390353963643152,0.12684381008148193,0.5794810652732849,-0.09202400995551178,0.04883241653442383
test_code_000073,code,38.0,19.0,19.0,0.5,2.0,0.5580016374588013,0.7323129773139954,-0.3123849970208447,0.1743113398551941,1.2490242719650269,-1.2383881840440756,0.6910226345062256
test_code_000074,code,56.0,25.0,25.0,0.44642857142857145,2.24,0.5750353336334229,0.8807397484779358,-0.531627183520857,0.30570441484451294,2.314379930496216,-3.0247612540129603,1.739344596862793
test_code_000075,code,49.0,21.0,21.0,0.42857142857142855,2.3333333333333335,0.42888692021369934,1.6859453916549683,-2.9309788016265936,1.257058471441269,2.9710488319396973,-5.927347727133594,2.542161911725998
test_code_000076,code,64.0,36.0,36.0,0.5625,1.7777777777777777,0.2586624324321747,0.7850287556648254,-2.0349546638191156,0.5263663232326508,0.7755200862884521,-1.9981937423085419,0.5168576538562775
test_code_000077,code,53.0,32.0,32.0,0.6037735849056604,1.65625,0.35434383153915405,0.6185489892959595,-0.7456180529774834,0.2642051577568054,0.7259525060653687,-1.0487234190364418,0.3716086745262146
test_code_000078,code,71.0,21.0,21.0,0.29577464788732394,3.380952380952381,0.21337608993053436,0.6183966994285583,-1.8981536761212583,0.405020609498024,2.184474468231201,-9.23767221970544,1.9710983783006668
test_code_000079,code,67.0,23.0,23.0,0.34328358208955223,2.9130434782608696,0.24785713851451874,0.4999251067638397,-1.0169889387089635,0.252067968249321,0.6420941352844238,-1.5905815710319429,0.3942369967699051
test_code_000080,code,38.0,17.0,17.0,0.4473684210526316,2.235294117647059,0.5423635840415955,0.6019021272659302,-0.10977607084285462,0.05953854322433472,0.5408251881599426,0.00283646602928055,-0.001538395881652832
test_code_000081,code,38.0,19.0,19.0,0.5,2.0,0.5669924020767212,0.7381047010421753,-0.30178940377105873,0.1711122989654541,0.6943269968032837,-0.22457901421637133,0.1273345947265625
test_code_000082,code,56.0,25.0,25.0,0.44642857142857145,2.24,0.5073679089546204,0.8161273002624512,-0.6085512817395131,0.3087593913078308,2.0313854217529297,-3.0037719885327228,1.5240175127983093
test_code_000083,code,49.0,21.0,21.0,0.42857142857142855,2.3333333333333335,0.4515557885169983,1.562047004699707,-2.4592558537003577,1.1104912161827087,2.9718379974365234,-5.581330752500479,2.520282208919525
test_code_000084,code,64.0,36.0,36.0,0.5625,1.7777777777777777,0.27542707324028015,0.7453672885894775,-1.7062237557860758,0.4699402153491974,0.6721009016036987,-1.4402136423871585,0.3966738283634186
test_code_000085,code,53.0,32.0,32.0,0.6037735849056604,1.65625,0.3410365581512451,0.5836688280105591,-0.7114553089986025,0.24263226985931396,0.7488492727279663,-1.19580351381526,0.4078127145767212
test_code_000086,code,71.0,21.0,21.0,0.29577464788732394,3.380952380952381,0.2058868408203125,0.5060229301452637,-1.4577720855258283,0.30013608932495117,2.1399121284484863,-9.393632346401837,1.9340252876281738
test_code_000087,code,67.0,23.0,23.0,0.34328358208955223,2.9130434782608696,0.20645052194595337,0.5983659625053406,-1.8983504467089052,0.3919154405593872,0.6509953141212463,-2.153275215703597,0.44454479217529297
test_code_000088,code,38.0,17.0,17.0,0.4473684210526316,2.235294117647059,0.513208270072937,0.5653961896896362,-0.10168955307224938,0.05218791961669922,0.5998690724372864,-0.16886088439695868,0.08666080236434937
test_code_000089,code,38.0,19.0,19.0,0.5,2.0,0.5424151420593262,0.7415357232093811,-0.3670999677370295,0.19912058115005493,0.8739638328552246,-0.6112452715408074,0.33154869079589844
test_code_000090,code,56.0,25.0,25.0,0.44642857142857145,2.24,0.5260383486747742,0.8696762323379517,-0.6532563348829789,0.3436378836631775,2.0728113651275635,-2.9404187362946224,1.5467730164527893
test_code_000091,code,49.0,21.0,21.0,0.42857142857142855,2.3333333333333335,0.4424769878387451,1.6640666723251343,-2.760798229198716,1.2215896844863892,2.9100682735443115,-5.576767500968542,2.4675912857055664
test_code_000092,code,64.0,36.0,36.0,0.5625,1.7777777777777777,0.2674328088760376,0.7966417670249939,-1.9788482960378249,0.5292089581489563,0.6609046459197998,-1.471292317114865,0.3934718370437622
test_code_000093,code,53.0,32.0,32.0,0.6037735849056604,1.65625,0.32991915941238403,0.5762664079666138,-0.7466897314875455,0.24634724855422974,0.8013859987258911,-1.429037465278562,0.4714668393135071
test_code_000094,code,71.0,21.0,21.0,0.29577464788732394,3.380952380952381,0.17330506443977356,0.4739769995212555,-1.7349287284444623,0.30067193508148193,2.147888660430908,-11.393686632148802,1.9745835959911346
test_code_000095,code,67.0,23.0,23.0,0.34328358208955223,2.9130434782608696,0.22600677609443665,0.6041755676269531,-1.673263067893589,0.3781687915325165,0.584891140460968,-1.587936302478701,0.35888436436653137
test_code_000096,code,38.0,17.0,17.0,0.4473684210526316,2.235294117647059,0.5391466617584229,0.5742254853248596,-0.06506360152917844,0.03507882356643677,0.5435842871665955,-0.008230831651074914,0.004437625408172607
test_code_000097,code,38.0,19.0,19.0,0.5,2.0,0.518582284450531,0.7325151562690735,-0.4125340919526728,0.21393287181854248,0.6187428832054138,-0.19314311683633575,0.10016059875488281
test_code_000098,code,56.0,25.0,25.0,0.44642857142857145,2.24,0.5014573931694031,0.8589486479759216,-0.7129045451838624,0.35749125480651855,2.297739267349243,-3.5821226262647152,1.79628187417984
test_code_000099,code,49.0,21.0,21.0,0.42857142857142855,2.3333333333333335,0.4470195770263672,1.7180532217025757,-2.843351186387162,1.2710336446762085,2.971389055252075,-5.647111688078953,2.524369478225708
test_code_000100,code,64.0,36.0,36.0,0.5625,1.7777777777777777,0.2729904353618622,0.692997932434082,-1.5385429035837075,0.42000749707221985,0.6749796867370605,-1.47253969115197,0.40198925137519836
test_code_000101,code,53.0,32.0,32.0,0.6037735849056604,1.65625,0.35390210151672363,0.5585184097290039,-0.5781720632213062,0.20461630821228027,0.7723473310470581,-1.1823756562535157,0.4184452295303345
test_code_000102,code,71.0,21.0,21.0,0.29577464788732394,3.380952380952381,0.2020978033542633,0.4384157955646515,-1.1693248926419022,0.23631799221038818,2.160975217819214,-9.69271996999975,1.9588774144649506
test_code_000103,code,67.0,23.0,23.0,0.34328358208955223,2.9130434782608696,0.252036988735199,0.5475587248802185,-1.1725331969249464,0.29552173614501953,0.6512807607650757,-1.5840681720306522,0.3992437720298767
test_code_000104,code,38.0,17.0,17.0,0.4473684210526316,2.235294117647059,0.560062050819397,0.599541962146759,-0.07049203078409098,0.03947991132736206,0.5629116296768188,-0.005087969901286488,0.002849578857421875
test_code_000105,code,38.0,19.0,19.0,0.5,2.0,0.5383743047714233,0.7626906633377075,-0.41665502342561056,0.22431635856628418,0.6724852323532104,-0.24910350734277031,0.1341109275817871
test_code_000106,code,56.0,25.0,25.0,0.44642857142857145,2.24,0.5962873697280884,0.8513265252113342,-0.42771181888280757,0.25503915548324585,2.3141367435455322,-2.8809085367694376,1.7178493738174438
test_code_000107,code,49.0,21.0,21.0,0.42857142857142855,2.3333333333333335,0.45146670937538147,1.6063913106918335,-2.5581611607959465,1.154924601316452,2.900780200958252,-5.4252361042779285,2.4493134915828705
test_code_000108,code,64.0,36.0,36.0,0.5625,1.7777777777777777,0.2662707269191742,0.6970527172088623,-1.6178345823964753,0.4307819902896881,0.7336466908454895,-1.755266038193474,0.4673759639263153
test_code_000109,code,53.0,32.0,32.0,0.6037735849056604,1.65625,0.35739079117774963,0.5861693024635315,-0.640135439785291,0.22877851128578186,0.7721028327941895,-1.160388157315954,0.4147120416164398
test_code_000110,code,71.0,21.0,21.0,0.29577464788732394,3.380952380952381,0.20256055891513824,0.6279461979866028,-2.1000417916978487,0.42538563907146454,2.1602978706359863,-9.664948212060535,1.957737311720848
test_code_000111,code,67.0,23.0,23.0,0.34328358208955223,2.9130434782608696,0.2236979901790619,0.541724681854248,-1.4216788064149242,0.31802669167518616,0.6440576314926147,-1.8791391061541083,0.42035964131355286
test_code_000112,code,38.0,17.0,17.0,0.4473684210526316,2.235294117647059,0.5402079820632935,0.5928063988685608,-0.09736697448336601,0.052598416805267334,0.5772579908370972,-0.06858471182208993,0.03705000877380371
test_code_000113,code,38.0,19.0,19.0,0.5,2.0,0.543208658695221,0.7187762260437012,-0.3232046554084592,0.17556756734848022,0.6713252067565918,-0.23585144678861503,0.12811654806137085
test_code_000114,code,56.0,25.0,25.0,0.44642857142857145,2.24,0.5112183094024658,0.8492831587791443,-0.6612925303317546,0.33806484937667847,2.092663526535034,-3.0934831324430268,1.5814452171325684
test_code_000115,code,49.0,21.0,21.0,0.42857142857142855,2.3333333333333335,0.45448780059814453,1.6992769241333008,-2.738883468152298,1.2447891235351562,2.9953112602233887,-5.590520705465152,2.540823459625244
test_code_000116,code,64.0,36.0,36.0,0.5625,1.7777777777777777,0.2685561180114746,0.7277957201004028,-1.7100321731240777,0.4592396020889282,0.7984595894813538,-1.9731573251562935,0.5299034714698792
test_code_000117,code,53.0,32.0,32.0,0.6037735849056604,1.65625,0.35300368070602417,0.5871641039848328,-0.6633370587254971,0.2341604232788086,0.7588508725166321,-1.149696770863392,0.4058471918106079
test_code_000118,code,71.0,21.0,21.0,0.29577464788732394,3.380952380952381,0.1956120729446411,0.5292566418647766,-1.705644053036328,0.3336445689201355,2.1459529399871826,-9.970452424960982,1.9503408670425415
test_code_000119,code,67.0,23.0,23.0,0.34328358208955223,2.9130434782608696,0.24038323760032654,0.5104696154594421,-1.1235657717039946,0.2700863778591156,0.6405129432678223,-1.664549116077602,0.4001297056674957
test_tokenizer_stress_000000,tokenizer_stress,36.0,19.0,19.0,0.5277777777777778,1.894736842105263,0.44672784209251404,0.6661064624786377,-0.4910789069213464,0.21937862038612366,1.7959811687469482,-3.020302742570081,1.3492533266544342
test_tokenizer_stress_000001,tokenizer_stress,54.0,25.0,25.0,0.46296296296296297,2.16,0.36738646030426025,0.9767393469810486,-1.658615524840348,0.6093528866767883,0.5368053913116455,-0.46114636578353146,0.16941893100738525
test_tokenizer_stress_000002,tokenizer_stress,43.0,30.0,30.0,0.6976744186046512,1.4333333333333333,0.5523113012313843,0.479277104139328,0.13223375464022863,-0.07303419709205627,2.07920241355896,-2.7645480165322613,1.5268911123275757
test_tokenizer_stress_000003,tokenizer_stress,23.0,19.0,19.0,0.8260869565217391,1.2105263157894737,0.5583587288856506,2.350515365600586,-3.2096867909482634,1.7921566367149353,1.4596872329711914,-1.6142462855096311,0.9013285040855408
test_tokenizer_stress_000004,tokenizer_stress,43.0,40.0,40.0,0.9302325581395349,1.075,0.2979200780391693,1.9977569580078125,-5.705680836137387,1.6998368799686432,2.5414137840270996,-7.530522013668931,2.2434937059879303
test_tokenizer_stress_000005,tokenizer_stress,59.0,24.0,24.0,0.4067796610169492,2.4583333333333335,0.5440558791160583,1.2463237047195435,-1.2908009132158957,0.7022678256034851,0.8632540702819824,-0.5867011154893383,0.3191981911659241
test_tokenizer_stress_000006,tokenizer_stress,44.0,14.0,14.0,0.3181818181818182,3.142857142857143,0.6672512292861938,2.7002599239349365,-3.046841437555082,2.0330086946487427,0.7354380488395691,-0.10219062410168886,0.06818681955337524
test_tokenizer_stress_000007,tokenizer_stress,37.0,17.0,17.0,0.4594594594594595,2.176470588235294,0.5485314130783081,1.1992610692977905,-1.1863124712724238,0.6507296562194824,1.959045648574829,-2.571437481731163,1.410514235496521
test_tokenizer_stress_000008,tokenizer_stress,46.0,40.0,40.0,0.8695652173913043,1.15,0.3004823327064514,2.462958812713623,-7.196684279337474,2.1624764800071716,2.946444272994995,-8.805715518966798,2.6459619402885437
test_tokenizer_stress_000009,tokenizer_stress,41.0,14.0,14.0,0.34146341463414637,2.9285714285714284,0.6077194213867188,0.9140849709510803,-0.504123348345992,0.3063655495643616,1.0823367834091187,-0.7809810667880234,0.4746173620223999
test_tokenizer_stress_000010,tokenizer_stress,36.0,19.0,19.0,0.5277777777777778,1.894736842105263,0.4654858112335205,0.6850546002388,-0.4716981349515901,0.21956878900527954,1.8465778827667236,-2.966990697038346,1.3810920715332031
test_tokenizer_stress_000011,tokenizer_stress,54.0,25.0,25.0,0.46296296296296297,2.16,0.35727763175964355,0.9953727722167969,-1.785992415238657,0.6380951404571533,0.5243746042251587,-0.4676950293320592,0.16709697246551514
test_tokenizer_stress_000012,tokenizer_stress,43.0,30.0,30.0,0.6976744186046512,1.4333333333333333,0.5135037302970886,0.49640265107154846,0.03330273611770317,-0.01710107922554016,2.078692674636841,-3.0480575933386285,1.5651889443397522
test_tokenizer_stress_000013,tokenizer_stress,23.0,19.0,19.0,0.8260869565217391,1.2105263157894737,0.5538550615310669,2.3217623233795166,-3.192003440324765,1.7679072618484497,1.2227953672409058,-1.2077894600450747,0.6689403057098389
test_tokenizer_stress_000014,tokenizer_stress,43.0,40.0,40.0,0.9302325581395349,1.075,0.29650744795799255,2.093756675720215,-6.061396569090049,1.7972492277622223,2.533033847808838,-7.542901250047868,2.2365263998508453
test_tokenizer_stress_000015,tokenizer_stress,59.0,24.0,24.0,0.4067796610169492,2.4583333333333335,0.5432054400444031,1.3050850629806519,-1.4025625790381824,0.7618796229362488,0.8514472842216492,-0.5674498476157558,0.3082418441772461
test_tokenizer_stress_000016,tokenizer_stress,44.0,14.0,14.0,0.3181818181818182,3.142857142857143,0.6406710743904114,2.968698740005493,-3.633733063148144,2.328027665615082,0.6837289929389954,-0.06720752702867525,0.043057918548583984
test_tokenizer_stress_000017,tokenizer_stress,37.0,17.0,17.0,0.4594594594594595,2.176470588235294,0.5264859795570374,1.1357698440551758,-1.1572651279541455,0.6092838644981384,2.3812506198883057,-3.522913643192906,1.8547646403312683
test_tokenizer_stress_000018,tokenizer_stress,46.0,40.0,40.0,0.8695652173913043,1.15,0.3138596713542938,2.451878309249878,-6.812020890323711,2.138018637895584,2.9681196212768555,-8.45683658072259,2.6542599499225616
test_tokenizer_stress_000019,tokenizer_stress,41.0,14.0,14.0,0.34146341463414637,2.9285714285714284,0.6044731140136719,0.9177637100219727,-0.5182870647927855,0.3132905960083008,1.0456150770187378,-0.729795838355663,0.4411419630050659
test_tokenizer_stress_000020,tokenizer_stress,36.0,19.0,19.0,0.5277777777777778,1.894736842105263,0.42908433079719543,0.7074427008628845,-0.6487264858833863,0.2783583700656891,2.227820634841919,-4.192034467217325,1.7987363040447235
test_tokenizer_stress_000021,tokenizer_stress,54.0,25.0,25.0,0.46296296296296297,2.16,0.3501124680042267,0.9828016757965088,-1.807102761575015,0.6326892077922821,0.6523317694664001,-0.8632063381945169,0.30221930146217346
test_tokenizer_stress_000022,tokenizer_stress,43.0,30.0,30.0,0.6976744186046512,1.4333333333333333,0.5445734858512878,0.5215215682983398,0.04233022383914412,-0.023051917552947998,2.087869167327881,-2.8339530321864337,1.543295681476593
test_tokenizer_stress_000023,tokenizer_stress,23.0,19.0,19.0,0.8260869565217391,1.2105263157894737,0.5627055168151855,2.3303849697113037,-3.1413934999267,1.7676794528961182,1.4102236032485962,-1.5061485290391576,0.8475180864334106
test_tokenizer_stress_000024,tokenizer_stress,43.0,40.0,40.0,0.9302325581395349,1.075,0.28400105237960815,2.0195038318634033,-6.110902635543923,1.7355027794837952,2.5429909229278564,-7.954160210395221,2.2589898705482483
test_tokenizer_stress_000025,tokenizer_stress,59.0,24.0,24.0,0.4067796610169492,2.4583333333333335,0.5019042491912842,1.2408441305160522,-1.4722726147774565,0.7389398813247681,0.8037304878234863,-0.601362190335175,0.30182623863220215
test_tokenizer_stress_000026,tokenizer_stress,44.0,14.0,14.0,0.3181818181818182,3.142857142857143,0.6637105941772461,2.7112720012664795,-3.0850214311065005,2.0475614070892334,0.7151197195053101,-0.0774571413792063,0.051409125328063965
test_tokenizer_stress_000027,tokenizer_stress,37.0,17.0,17.0,0.4594594594594595,2.176470588235294,0.5210373997688293,1.2014127969741821,-1.3058091367476068,0.6803753972053528,1.8227310180664062,-2.4982729049298653,1.301693618297577
test_tokenizer_stress_000028,tokenizer_stress,46.0,40.0,40.0,0.8695652173913043,1.15,0.27087777853012085,2.49690318107605,-8.217822128581881,2.226025402545929,2.9943015575408936,-10.054068642282282,2.7234237790107727
test_tokenizer_stress_000029,tokenizer_stress,41.0,14.0,14.0,0.34146341463414637,2.9285714285714284,0.6234558820724487,0.9883635640144348,-0.5852983225196069,0.3649076819419861,1.018848180770874,-0.6341945117015974,0.3953922986984253
test_tokenizer_stress_000030,tokenizer_stress,36.0,19.0,19.0,0.5277777777777778,1.894736842105263,0.4534454345703125,0.6126341819763184,-0.35106483662550053,0.15918874740600586,2.0538930892944336,-3.529526449507016,1.600447654724121
test_tokenizer_stress_000031,tokenizer_stress,54.0,25.0,25.0,0.46296296296296297,2.16,0.3503708243370056,0.9805184006690979,-1.7985161222384838,0.6301475763320923,0.6151689887046814,-0.755765451843041,0.2647981643676758
test_tokenizer_stress_000032,tokenizer_stress,43.0,30.0,30.0,0.6976744186046512,1.4333333333333333,0.5135327577590942,0.5348628163337708,-0.04153592590228247,0.021330058574676514,2.164923906326294,-3.2157464613813236,1.6513911485671997
test_tokenizer_stress_000033,tokenizer_stress,23.0,19.0,19.0,0.8260869565217391,1.2105263157894737,0.5323241949081421,2.2986905574798584,-3.31821543989095,1.7663663625717163,0.9964932799339294,-0.8719669131437552,0.46416908502578735
test_tokenizer_stress_000034,tokenizer_stress,43.0,40.0,40.0,0.9302325581395349,1.075,0.29693230986595154,2.0408847332000732,-5.8732322667123,1.7439524233341217,2.4850869178771973,-7.369203469299371,2.1881546080112457
test_tokenizer_stress_000035,tokenizer_stress,59.0,24.0,24.0,0.4067796610169492,2.4583333333333335,0.5266703963279724,1.3048185110092163,-1.4774859572639987,0.7781481146812439,0.7627696990966797,-0.4482866407810809,0.23609930276870728
test_tokenizer_stress_000036,tokenizer_stress,44.0,14.0,14.0,0.3181818181818182,3.142857142857143,0.6057366728782654,3.01192045211792,-3.972326403495177,2.4061837792396545,0.6715235114097595,-0.10860633254859128,0.06578683853149414
test_tokenizer_stress_000037,tokenizer_stress,37.0,17.0,17.0,0.4594594594594595,2.176470588235294,0.5510282516479492,1.189143419265747,-1.1580443756003427,0.6381151676177979,1.8957293033599854,-2.440348653068995,1.3447010517120361
test_tokenizer_stress_000038,tokenizer_stress,46.0,40.0,40.0,0.8695652173913043,1.15,0.30900806188583374,2.47892427444458,-7.022199354010526,2.1699162125587463,2.9519217014312744,-8.552895427439989,2.6429136395454407
test_tokenizer_stress_000039,tokenizer_stress,41.0,14.0,14.0,0.34146341463414637,2.9285714285714284,0.591103732585907,0.907110333442688,-0.5346043062092402,0.316006600856781,1.060189127922058,-0.7935754242052218,0.4690853953361511
test_tokenizer_stress_000040,tokenizer_stress,36.0,19.0,19.0,0.5277777777777778,1.894736842105263,0.43968382477760315,0.6316995024681091,-0.4367130807862436,0.19201567769050598,1.7440041303634644,-2.9664959957205626,1.3043203055858612
test_tokenizer_stress_000041,tokenizer_stress,54.0,25.0,25.0,0.46296296296296297,2.16,0.34463948011398315,1.003773808479309,-1.9125328535991564,0.6591343283653259,0.6435949802398682,-0.8674441478005103,0.298955500125885
test_tokenizer_stress_000042,tokenizer_stress,43.0,30.0,30.0,0.6976744186046512,1.4333333333333333,0.5167813897132874,0.47755953669548035,0.07589641151661337,-0.03922185301780701,2.0311338901519775,-2.9303541702205256,1.5143525004386902
test_tokenizer_stress_000043,tokenizer_stress,23.0,19.0,19.0,0.8260869565217391,1.2105263157894737,0.5536022186279297,2.3652548789978027,-3.2724808525152715,1.811652660369873,1.0210973024368286,-0.8444602786592109,0.4674950838088989
test_tokenizer_stress_000044,tokenizer_stress,43.0,40.0,40.0,0.9302325581395349,1.075,0.29601553082466125,2.0117220878601074,-5.796001825497831,1.7157065570354462,2.550752878189087,-7.616956249163741,2.2547373473644257
test_tokenizer_stress_000045,tokenizer_stress,59.0,24.0,24.0,0.4067796610169492,2.4583333333333335,0.5229095816612244,1.2338371276855469,-1.3595611382101402,0.7109275460243225,0.8937752842903137,-0.7092348574889202,0.37086570262908936
test_tokenizer_stress_000046,tokenizer_stress,44.0,14.0,14.0,0.3181818181818182,3.142857142857143,0.6719561219215393,2.7322158813476562,-3.0660629350835533,2.060259759426117,0.772002637386322,-0.14888846488768892,0.10004651546478271
test_tokenizer_stress_000047,tokenizer_stress,37.0,17.0,17.0,0.4594594594594595,2.176470588235294,0.5028771758079529,1.1938118934631348,-1.373963168133619,0.6909347176551819,1.853650689125061,-2.6860903184696614,1.3507735133171082
test_tokenizer_stress_000048,tokenizer_stress,46.0,40.0,40.0,0.8695652173913043,1.15,0.3160971701145172,2.4769070148468018,-6.835903794866167,2.1608098447322845,2.9604649543762207,-8.365680032199242,2.6443677842617035
test_tokenizer_stress_000049,tokenizer_stress,41.0,14.0,14.0,0.34146341463414637,2.9285714285714284,0.6174317598342896,0.9127360582351685,-0.47827843919161955,0.2953042984008789,1.0726639032363892,-0.7372995252532488,0.4552321434020996
test_tokenizer_stress_000050,tokenizer_stress,36.0,19.0,19.0,0.5277777777777778,1.894736842105263,0.4202951192855835,0.6438820362091064,-0.5319760013001706,0.22358691692352295,2.155106544494629,-4.127603071284466,1.7348114252090454
test_tokenizer_stress_000051,tokenizer_stress,54.0,25.0,25.0,0.46296296296296297,2.16,0.33785995841026306,1.0345383882522583,-2.0620331368064018,0.6966784298419952,0.5840009450912476,-0.7285296187188175,0.2461409866809845
test_tokenizer_stress_000052,tokenizer_stress,43.0,30.0,30.0,0.6976744186046512,1.4333333333333333,0.5225206017494202,0.5075474381446838,0.028655642580609396,-0.014973163604736328,2.0840566158294678,-2.988467840027669,1.5615360140800476
test_tokenizer_stress_000053,tokenizer_stress,23.0,19.0,19.0,0.8260869565217391,1.2105263157894737,0.5385237336158752,2.2831170558929443,-3.2395848379107353,1.744593322277069,1.4095473289489746,-1.6174284269417059,0.8710235953330994
test_tokenizer_stress_000054,tokenizer_stress,43.0,40.0,40.0,0.9302325581395349,1.075,0.2969961166381836,2.0514378547668457,-5.907288479014074,1.754441738128662,2.5623996257781982,-7.6277209775771215,2.2654035091400146
test_tokenizer_stress_000055,tokenizer_stress,59.0,24.0,24.0,0.4067796610169492,2.4583333333333335,0.5562646389007568,1.3045378923416138,-1.3451749421274222,0.7482732534408569,0.8801340460777283,-0.5822218140936924,0.32386940717697144
test_tokenizer_stress_000056,tokenizer_stress,44.0,14.0,14.0,0.3181818181818182,3.142857142857143,0.7061668038368225,2.682953357696533,-2.799319570276057,1.9767865538597107,0.8083887100219727,-0.1447560344521251,0.10222190618515015
test_tokenizer_stress_000057,tokenizer_stress,37.0,17.0,17.0,0.4594594594594595,2.176470588235294,0.5337576270103455,1.187731146812439,-1.2252256205969267,0.6539735198020935,1.8077677488327026,-2.3868701023688863,1.2740101218223572
test_tokenizer_stress_000058,tokenizer_stress,46.0,40.0,40.0,0.8695652173913043,1.15,0.30844053626060486,2.4660072326660156,-6.995081523858,2.1575666964054108,2.930284023284912,-8.500320738675809,2.6218434870243073
test_tokenizer_stress_000059,tokenizer_stress,41.0,14.0,14.0,0.34146341463414637,2.9285714285714284,0.6195350289344788,0.9514661431312561,-0.535774570757777,0.33193111419677734,1.0453358888626099,-0.6872910167169309,0.4258008599281311
test_tokenizer_stress_000060,tokenizer_stress,36.0,19.0,19.0,0.5277777777777778,1.894736842105263,0.45018506050109863,0.6440765261650085,-0.4306928031954022,0.1938914656639099,1.675001621246338,-2.7206957054103538,1.2248165607452393
test_tokenizer_stress_000061,tokenizer_stress,54.0,25.0,25.0,0.46296296296296297,2.16,0.3654639422893524,0.9719857573509216,-1.6595941346830918,0.6065218150615692,0.8079989552497864,-1.2108855669544036,0.44253501296043396
test_tokenizer_stress_000062,tokenizer_stress,43.0,30.0,30.0,0.6976744186046512,1.4333333333333333,0.5386171936988831,0.4991249740123749,0.07332149836380182,-0.03949221968650818,2.1364660263061523,-2.9665759862477685,1.5978488326072693
test_tokenizer_stress_000063,tokenizer_stress,23.0,19.0,19.0,0.8260869565217391,1.2105263157894737,0.5290969014167786,2.312720775604248,-3.371072235372021,1.7836238741874695,1.4008373022079468,-1.6476006539763943,0.8717404007911682
test_tokenizer_stress_000064,tokenizer_stress,43.0,40.0,40.0,0.9302325581395349,1.075,0.3417348265647888,2.035250425338745,-4.955642407879918,1.6935155987739563,2.581942081451416,-6.555396408981192,2.240207254886627
test_tokenizer_stress_000065,tokenizer_stress,59.0,24.0,24.0,0.4067796610169492,2.4583333333333335,0.5334966778755188,1.2546210289001465,-1.3516941734225536,0.7211243510246277,0.857414960861206,-0.607160824835103,0.32391828298568726
test_tokenizer_stress_000066,tokenizer_stress,44.0,14.0,14.0,0.3181818181818182,3.142857142857143,0.6917164921760559,2.629183530807495,-2.800955392196019,1.9374670386314392,0.7455132603645325,-0.07777285751744689,0.05379676818847656
test_tokenizer_stress_000067,tokenizer_stress,37.0,17.0,17.0,0.4594594594594595,2.176470588235294,0.545125424861908,1.177699089050293,-1.1604185666970672,0.632573664188385,1.8792705535888672,-2.447409472902364,1.3341451287269592
test_tokenizer_stress_000068,tokenizer_stress,46.0,40.0,40.0,0.8695652173913043,1.15,0.27200520038604736,2.4800734519958496,-8.117742780196735,2.2080682516098022,2.9975063800811768,-10.020033351667255,2.7255011796951294
test_tokenizer_stress_000069,tokenizer_stress,41.0,14.0,14.0,0.34146341463414637,2.9285714285714284,0.6220806241035461,1.012968897819519,-0.6283562910824707,0.3908882737159729,0.9193118810653687,-0.47780182414482014,0.2972312569618225
test_tokenizer_stress_000070,tokenizer_stress,36.0,19.0,19.0,0.5277777777777778,1.894736842105263,0.4749400019645691,0.6551490426063538,-0.37943538109310154,0.18020904064178467,1.9449008703231812,-3.0950454000045933,1.469960868358612
test_tokenizer_stress_000071,tokenizer_stress,54.0,25.0,25.0,0.46296296296296297,2.16,0.346863716840744,0.987959623336792,-1.8482645355218723,0.641095906496048,0.5716078281402588,-0.6479320274443747,0.22474411129951477
test_tokenizer_stress_000072,tokenizer_stress,43.0,30.0,30.0,0.6976744186046512,1.4333333333333333,0.529711902141571,0.5084338784217834,0.04016904969241341,-0.021278023719787598,2.065492630004883,-2.8992754772062086,1.5357807278633118
test_tokenizer_stress_000073,tokenizer_stress,23.0,19.0,19.0,0.8260869565217391,1.2105263157894737,0.5188259482383728,2.3482847213745117,-3.5261512639217503,1.829458773136139,1.2465224266052246,-1.4025830451188501,0.7276964783668518
test_tokenizer_stress_000074,tokenizer_stress,43.0,40.0,40.0,0.9302325581395349,1.075,0.31133610010147095,2.025803804397583,-5.506806643165798,1.714467704296112,2.5178370475769043,-7.08719916115185,2.2065009474754333
test_tokenizer_stress_000075,tokenizer_stress,59.0,24.0,24.0,0.4067796610169492,2.4583333333333335,0.5252822041511536,1.233249545097351,-1.3477847438031139,0.7079673409461975,0.7990365028381348,-0.5211566211906287,0.2737542986869812
test_tokenizer_stress_000076,tokenizer_stress,44.0,14.0,14.0,0.3181818181818182,3.142857142857143,0.6449030637741089,2.6840555667877197,-3.1619519545775763,2.039152503013611,0.8536792397499084,-0.32373264712683686,0.20877617597579956
test_tokenizer_stress_000077,tokenizer_stress,37.0,17.0,17.0,0.4594594594594595,2.176470588235294,0.52061927318573,1.192284107208252,-1.290126717577178,0.671664834022522,1.8216146230697632,-2.4989381240596242,1.3009953498840332
test_tokenizer_stress_000078,tokenizer_stress,46.0,40.0,40.0,0.8695652173913043,1.15,0.28649619221687317,2.4632568359375,-7.597869370888018,2.176760643720627,2.940627336502075,-9.264106177983916,2.654131144285202
test_tokenizer_stress_000079,tokenizer_stress,41.0,14.0,14.0,0.34146341463414637,2.9285714285714284,0.620703399181366,0.9781811833381653,-0.5759236772801148,0.3574777841567993,1.0195060968399048,-0.6425012303533575,0.3988026976585388
test_tokenizer_stress_000080,tokenizer_stress,36.0,19.0,19.0,0.5277777777777778,1.894736842105263,0.4708920121192932,0.6353996396064758,-0.3493531919278069,0.16450762748718262,1.7557871341705322,-2.728640726497885,1.284895122051239
test_tokenizer_stress_000081,tokenizer_stress,54.0,25.0,25.0,0.46296296296296297,2.16,0.3405681550502777,1.019874930381775,-1.9946279922478714,0.6793067753314972,0.5740013718605042,-0.6854229127082212,0.23343321681022644
test_tokenizer_stress_000082,tokenizer_stress,43.0,30.0,30.0,0.6976744186046512,1.4333333333333333,0.5302029848098755,0.5007051825523376,0.05563492304388932,-0.029497802257537842,2.1115143299102783,-2.982464056982709,1.5813113451004028
test_tokenizer_stress_000083,tokenizer_stress,23.0,19.0,19.0,0.8260869565217391,1.2105263157894737,0.5365231037139893,2.363614559173584,-3.405429221615746,1.8270914554595947,1.4287642240524292,-1.6630059622075055,0.8922411203384399
test_tokenizer_stress_000084,tokenizer_stress,43.0,40.0,40.0,0.9302325581395349,1.075,0.28920406103134155,2.0192551612854004,-5.98211205639526,1.7300511002540588,2.4999279975891113,-7.644166297921348,2.2107239365577698
test_tokenizer_stress_000085,tokenizer_stress,59.0,24.0,24.0,0.4067796610169492,2.4583333333333335,0.5347703099250793,1.2851859331130981,-1.4032484774503489,0.7504156231880188,0.8857173919677734,-0.6562576035529373,0.3509470820426941
test_tokenizer_stress_000086,tokenizer_stress,44.0,14.0,14.0,0.3181818181818182,3.142857142857143,0.6145779490470886,2.662330150604248,-3.3319649765049766,2.0477522015571594,0.7714042067527771,-0.25517716336690843,0.15682625770568848
test_tokenizer_stress_000087,tokenizer_stress,37.0,17.0,17.0,0.4594594594594595,2.176470588235294,0.5436908602714539,1.139298677444458,-1.0954898467037486,0.5956078171730042,1.9214199781417847,-2.53403030755834,1.3777291178703308
test_tokenizer_stress_000088,tokenizer_stress,46.0,40.0,40.0,0.8695652173913043,1.15,0.2979167103767395,2.4730281829833984,-7.301072403276931,2.175111472606659,2.950941801071167,-8.90525773911596,2.6530250906944275
test_tokenizer_stress_000089,tokenizer_stress,41.0,14.0,14.0,0.34146341463414637,2.9285714285714284,0.6256154179573059,0.9570573568344116,-0.5297854390470351,0.3314419388771057,1.0258939266204834,-0.6398156074383925,0.4002785086631775
test_tokenizer_stress_000090,tokenizer_stress,36.0,19.0,19.0,0.5277777777777778,1.894736842105263,0.4365878999233246,0.6766383051872253,-0.5498329323970257,0.24005040526390076,1.9605146646499634,-3.490538251276037,1.5239267647266388
test_tokenizer_stress_000091,tokenizer_stress,54.0,25.0,25.0,0.46296296296296297,2.16,0.36148497462272644,0.9816027879714966,-1.715473275192068,0.6201178133487701,0.5419780611991882,-0.4993100661094926,0.1804930865764618
test_tokenizer_stress_000092,tokenizer_stress,43.0,30.0,30.0,0.6976744186046512,1.4333333333333333,0.5137726664543152,0.47819042205810547,0.06925678752389156,-0.03558224439620972,2.1266016960144043,-3.139188078436832,1.6128290295600891
test_tokenizer_stress_000093,tokenizer_stress,23.0,19.0,19.0,0.8260869565217391,1.2105263157894737,0.5374083518981934,2.3420333862304688,-3.3580144929979494,1.8046250343322754,1.0364723205566406,-0.9286494467302026,0.49906396865844727
test_tokenizer_stress_000094,tokenizer_stress,43.0,40.0,40.0,0.9302325581395349,1.075,0.28870469331741333,2.0252392292022705,-6.014916196653729,1.7365345358848572,2.4705777168273926,-7.5574560234500305,2.1818730235099792
test_tokenizer_stress_000095,tokenizer_stress,59.0,24.0,24.0,0.4067796610169492,2.4583333333333335,0.5577605366706848,1.2213112115859985,-1.1896694572120472,0.6635506749153137,0.8687499165534973,-0.5575679156849852,0.3109893798828125
test_tokenizer_stress_000096,tokenizer_stress,44.0,14.0,14.0,0.3181818181818182,3.142857142857143,0.6558017134666443,2.6382250785827637,-3.022900557299246,1.9824233651161194,0.870717465877533,-0.3277145332158694,0.21491575241088867
test_tokenizer_stress_000097,tokenizer_stress,37.0,17.0,17.0,0.4594594594594595,2.176470588235294,0.5562776327133179,1.1715052127838135,-1.1059721690941293,0.6152275800704956,1.9020832777023315,-2.4193056952958334,1.3458056449890137
test_tokenizer_stress_000098,tokenizer_stress,46.0,40.0,40.0,0.8695652173913043,1.15,0.31357041001319885,2.483071804046631,-6.918705734836757,2.169501394033432,2.9348392486572266,-8.359426638928376,2.6212688386440277
test_tokenizer_stress_000099,tokenizer_stress,41.0,14.0,14.0,0.34146341463414637,2.9285714285714284,0.6300808191299438,0.9247172474861145,-0.4676168824866366,0.29463642835617065,1.137943983078003,-0.8060286054245378,0.5078631639480591
test_tokenizer_stress_000100,tokenizer_stress,36.0,19.0,19.0,0.5277777777777778,1.894736842105263,0.44956162571907043,0.6816161274909973,-0.5161795146566557,0.23205450177192688,2.1324479579925537,-3.7433940888120047,1.6828863322734833
test_tokenizer_stress_000101,tokenizer_stress,54.0,25.0,25.0,0.46296296296296297,2.16,0.3550511300563812,0.957212507724762,-1.6959849629904262,0.6021613776683807,0.5848017334938049,-0.6470915988943335,0.2297506034374237
test_tokenizer_stress_000102,tokenizer_stress,43.0,30.0,30.0,0.6976744186046512,1.4333333333333333,0.5135072469711304,0.49205830693244934,0.04176949822070749,-0.02144894003868103,2.0806069374084473,-3.051757691212136,1.567099690437317
test_tokenizer_stress_000103,tokenizer_stress,23.0,19.0,19.0,0.8260869565217391,1.2105263157894737,0.527289867401123,2.3357632160186768,-3.429751755957414,1.8084733486175537,1.4122871160507202,-1.678388498173732,0.8849972486495972
test_tokenizer_stress_000104,tokenizer_stress,43.0,40.0,40.0,0.9302325581395349,1.075,0.30362531542778015,2.0629074573516846,-5.794253813932602,1.7592821419239044,2.560819149017334,-7.43414240808404,2.257193833589554
test_tokenizer_stress_000105,tokenizer_stress,59.0,24.0,24.0,0.4067796610169492,2.4583333333333335,0.5348288416862488,1.2473164796829224,-1.3321787877973983,0.7124876379966736,0.8317098617553711,-0.5550953817918521,0.2968810200691223
test_tokenizer_stress_000106,tokenizer_stress,44.0,14.0,14.0,0.3181818181818182,3.142857142857143,0.6855844855308533,2.6384119987487793,-2.8484126383137696,1.952827513217926,0.8574762344360352,-0.25072292698117987,0.17189174890518188
test_tokenizer_stress_000107,tokenizer_stress,37.0,17.0,17.0,0.4594594594594595,2.176470588235294,0.5494564175605774,1.16668701171875,-1.1233476840592604,0.6172305941581726,1.8448512554168701,-2.3575934258943767,1.2953948378562927
test_tokenizer_stress_000108,tokenizer_stress,46.0,40.0,40.0,0.8695652173913043,1.15,0.3150835931301117,2.467336654663086,-6.830736694830745,2.1522530615329742,2.9290947914123535,-8.296246631930476,2.614011198282242
test_tokenizer_stress_000109,tokenizer_stress,41.0,14.0,14.0,0.34146341463414637,2.9285714285714284,0.5627203583717346,0.9397616982460022,-0.6700332310088434,0.3770413398742676,1.0051519870758057,-0.7862371107103246,0.44243162870407104
test_tokenizer_stress_000110,tokenizer_stress,36.0,19.0,19.0,0.5277777777777778,1.894736842105263,0.46538016200065613,0.6361436247825623,-0.366933266015893,0.17076346278190613,1.7630022764205933,-2.78830560555374,1.2976221144199371
test_tokenizer_stress_000111,tokenizer_stress,54.0,25.0,25.0,0.46296296296296297,2.16,0.3447914123535156,0.9886789917945862,-1.8674698857664436,0.6438875794410706,0.5702385902404785,-0.6538654090833657,0.2254471778869629
test_tokenizer_stress_000112,tokenizer_stress,43.0,30.0,30.0,0.6976744186046512,1.4333333333333333,0.5281583666801453,0.5034803152084351,0.046724719380721896,-0.024678051471710205,2.0968775749206543,-2.9701682434778722,1.568719208240509
test_tokenizer_stress_000113,tokenizer_stress,23.0,19.0,19.0,0.8260869565217391,1.2105263157894737,0.5308400392532349,2.322289228439331,-3.3747439091185307,1.7914491891860962,1.2731125354766846,-1.3982978700469728,0.7422724962234497
test_tokenizer_stress_000114,tokenizer_stress,43.0,40.0,40.0,0.9302325581395349,1.075,0.2970117926597595,2.0059447288513184,-5.753754491994933,1.7089329361915588,2.533808946609497,-7.531004523150669,2.2367971539497375
test_tokenizer_stress_000115,tokenizer_stress,59.0,24.0,24.0,0.4067796610169492,2.4583333333333335,0.5422523617744446,1.2637608051300049,-1.3305768572303225,0.7215084433555603,0.8725225329399109,-0.6090709685149247,0.3302701711654663
test_tokenizer_stress_000116,tokenizer_stress,44.0,14.0,14.0,0.3181818181818182,3.142857142857143,0.6423751711845398,2.782536029815674,-3.3316369539698703,2.140160858631134,1.035194993019104,-0.6115115269947381,0.3928198218345642
test_tokenizer_stress_000117,tokenizer_stress,37.0,17.0,17.0,0.4594594594594595,2.176470588235294,0.5389108061790466,1.1786715984344482,-1.1871366929741038,0.6397607922554016,1.8944071531295776,-2.5152517474295806,1.355496346950531
test_tokenizer_stress_000118,tokenizer_stress,46.0,40.0,40.0,0.8695652173913043,1.15,0.2766364514827728,2.663658380508423,-8.628732461796702,2.38702192902565,2.9384875297546387,-9.622199330581093,2.661851078271866
test_tokenizer_stress_000119,tokenizer_stress,41.0,14.0,14.0,0.34146341463414637,2.9285714285714284,0.5973181128501892,0.9173964262008667,-0.5358590447280727,0.3200783133506775,0.97624671459198,-0.6343832433503122,0.37892860174179077
