run,layer,batch_start,buckets,num_samples,native_seq_len,byte_prefix_len,key_rms_ratio,value_rms_ratio,key_mean_cosine,value_mean_cosine
qwen05_kv_p32_all,0,0,clean_english,4,30,32,0.02789287455379963,34.3516731262207,-0.10466146469116211,-0.2599759101867676
qwen05_kv_p32_all,1,0,clean_english,4,30,32,0.07263994961977005,5.294773578643799,-0.23127377033233643,-0.03792772442102432
qwen05_kv_p32_all,2,0,clean_english,4,30,32,0.12530259788036346,6.0117058753967285,0.06143462657928467,0.022861238569021225
qwen05_kv_p32_all,3,0,clean_english,4,30,32,0.5006866455078125,2.9762701988220215,-0.09928280860185623,-0.07754267752170563
qwen05_kv_p32_all,4,0,clean_english,4,30,32,0.6078561544418335,2.5938658714294434,0.04794636741280556,0.01866023801267147
qwen05_kv_p32_all,5,0,clean_english,4,30,32,1.0503112077713013,2.027341604232788,-0.05848637595772743,-0.18075360357761383
qwen05_kv_p32_all,6,0,clean_english,4,30,32,1.0690113306045532,2.954817771911621,0.07149115949869156,-0.1549820452928543
qwen05_kv_p32_all,7,0,clean_english,4,30,32,0.8695812225341797,2.0702152252197266,0.06652581691741943,-0.0953359380364418
qwen05_kv_p32_all,8,0,clean_english,4,30,32,0.06073835492134094,3.5107648372650146,0.27559417486190796,-0.3667655289173126
qwen05_kv_p32_all,9,0,clean_english,4,30,32,0.7482973337173462,1.5548959970474243,-0.03474739193916321,-0.22997966408729553
qwen05_kv_p32_all,10,0,clean_english,4,30,32,0.8001870512962341,1.8432663679122925,-0.004222228191792965,0.015681948512792587
qwen05_kv_p32_all,11,0,clean_english,4,30,32,0.7760308384895325,1.3655296564102173,-0.012617641128599644,-0.14352786540985107
qwen05_kv_p32_all,12,0,clean_english,4,30,32,0.9121663570404053,2.2283120155334473,-0.024471355602145195,0.048610761761665344
qwen05_kv_p32_all,13,0,clean_english,4,30,32,0.9091192483901978,2.1900248527526855,0.007950738072395325,-0.18659551441669464
qwen05_kv_p32_all,14,0,clean_english,4,30,32,0.8887460827827454,1.8953602313995361,-0.012625396251678467,0.10969357937574387
qwen05_kv_p32_all,15,0,clean_english,4,30,32,1.035197377204895,2.07181978225708,0.04934270307421684,-0.13311347365379333
qwen05_kv_p32_all,16,0,clean_english,4,30,32,0.8775876760482788,1.4609827995300293,-0.01704602688550949,0.038713544607162476
qwen05_kv_p32_all,17,0,clean_english,4,30,32,1.1324217319488525,1.6695289611816406,0.20378842949867249,0.05167478695511818
qwen05_kv_p32_all,18,0,clean_english,4,30,32,1.15720534324646,1.9920357465744019,-0.00784461759030819,0.002412460744380951
qwen05_kv_p32_all,19,0,clean_english,4,30,32,1.0754462480545044,2.3188087940216064,-0.08009284734725952,-0.027962449938058853
qwen05_kv_p32_all,20,0,clean_english,4,30,32,1.1888492107391357,1.2259631156921387,0.1471894085407257,0.37377339601516724
qwen05_kv_p32_all,21,0,clean_english,4,30,32,1.3578267097473145,1.0263080596923828,-0.0891353189945221,0.2213369905948639
qwen05_kv_p32_all,22,0,clean_english,4,30,32,1.5683295726776123,1.6455482244491577,0.1477958858013153,-0.032251983880996704
qwen05_kv_p32_all,23,0,clean_english,4,30,32,1.2526196241378784,1.785035490989685,0.18728967010974884,-0.18339473009109497
qwen05_kv_p32_all,0,4,clean_english,4,30,32,0.028332345187664032,34.05344009399414,-0.0976807102560997,-0.2262755185365677
qwen05_kv_p32_all,1,4,clean_english,4,30,32,0.07020090520381927,5.08741569519043,-0.23066116869449615,-0.04307352378964424
qwen05_kv_p32_all,2,4,clean_english,4,30,32,0.12193866074085236,5.881879806518555,0.05703197792172432,0.10082927346229553
qwen05_kv_p32_all,3,4,clean_english,4,30,32,0.49024370312690735,2.891247272491455,-0.08945422619581223,-0.06220382824540138
qwen05_kv_p32_all,4,4,clean_english,4,30,32,0.5943942070007324,2.504441261291504,0.05252775922417641,-0.018043817952275276
qwen05_kv_p32_all,5,4,clean_english,4,30,32,1.018583059310913,2.0211987495422363,-0.0728125348687172,-0.15491226315498352
qwen05_kv_p32_all,6,4,clean_english,4,30,32,1.0701597929000854,2.9646553993225098,0.08619694411754608,-0.20875456929206848
qwen05_kv_p32_all,7,4,clean_english,4,30,32,0.8395936489105225,2.009660005569458,0.06865046173334122,-0.1779591143131256
qwen05_kv_p32_all,8,4,clean_english,4,30,32,0.05988189950585365,3.459073543548584,0.2829520106315613,-0.3200359046459198
qwen05_kv_p32_all,9,4,clean_english,4,30,32,0.7278522849082947,1.542022466659546,-0.027974173426628113,-0.24685436487197876
qwen05_kv_p32_all,10,4,clean_english,4,30,32,0.7711524367332458,1.8354483842849731,0.01511587854474783,-0.029282918199896812
qwen05_kv_p32_all,11,4,clean_english,4,30,32,0.7481571435928345,1.3501893281936646,-0.00012128756497986615,-0.161068856716156
qwen05_kv_p32_all,12,4,clean_english,4,30,32,0.8821293711662292,2.2190957069396973,0.007869322784245014,0.07295507937669754
qwen05_kv_p32_all,13,4,clean_english,4,30,32,0.8824684023857117,2.1584861278533936,0.010086593218147755,-0.0836639329791069
qwen05_kv_p32_all,14,4,clean_english,4,30,32,0.8559635877609253,1.8642511367797852,-0.032357119023799896,0.18617093563079834
qwen05_kv_p32_all,15,4,clean_english,4,30,32,0.993990421295166,2.0673446655273438,0.015612650662660599,-0.1229197233915329
qwen05_kv_p32_all,16,4,clean_english,4,30,32,0.823526918888092,1.4304617643356323,-0.02530401200056076,0.0672001987695694
qwen05_kv_p32_all,17,4,clean_english,4,30,32,1.1052616834640503,1.6625463962554932,0.21405962109565735,0.021351631730794907
qwen05_kv_p32_all,18,4,clean_english,4,30,32,1.1255922317504883,2.0243771076202393,-0.03708447515964508,-0.02854497916996479
qwen05_kv_p32_all,19,4,clean_english,4,30,32,1.0449254512786865,2.2938854694366455,-0.0799490213394165,-0.034830644726753235
qwen05_kv_p32_all,20,4,clean_english,4,30,32,1.1404837369918823,1.2237298488616943,0.15054747462272644,0.3024179935455322
qwen05_kv_p32_all,21,4,clean_english,4,30,32,1.3040457963943481,1.066532015800476,-0.0920693501830101,0.2060663402080536
qwen05_kv_p32_all,22,4,clean_english,4,30,32,1.512750267982483,1.6447467803955078,0.12241094559431076,-0.031526725739240646
qwen05_kv_p32_all,23,4,clean_english,4,30,32,1.2451825141906738,1.8173162937164307,0.16688908636569977,-0.07174982875585556
qwen05_kv_p32_all,0,8,clean_english,4,30,32,0.028393277898430824,33.85113525390625,-0.11881309002637863,-0.24651594460010529
qwen05_kv_p32_all,1,8,clean_english,4,30,32,0.07112596929073334,5.0696940422058105,-0.22044366598129272,-0.045905180275440216
qwen05_kv_p32_all,2,8,clean_english,4,30,32,0.12253186851739883,5.773324489593506,0.06096012145280838,0.08622147887945175
qwen05_kv_p32_all,3,8,clean_english,4,30,32,0.4799649715423584,2.850064277648926,-0.08502769470214844,-0.05826488882303238
qwen05_kv_p32_all,4,8,clean_english,4,30,32,0.5883402824401855,2.477895975112915,0.06165351718664169,0.007563419174402952
qwen05_kv_p32_all,5,8,clean_english,4,30,32,0.9959366917610168,1.9639257192611694,-0.06918591260910034,-0.13552439212799072
qwen05_kv_p32_all,6,8,clean_english,4,30,32,1.0778509378433228,2.954084873199463,0.07803977280855179,-0.15854710340499878
qwen05_kv_p32_all,7,8,clean_english,4,30,32,0.8263118267059326,1.9776548147201538,0.09045463055372238,-0.1744072586297989
qwen05_kv_p32_all,8,8,clean_english,4,30,32,0.05898258090019226,3.347687244415283,0.28474098443984985,-0.32700780034065247
qwen05_kv_p32_all,9,8,clean_english,4,30,32,0.7247459888458252,1.5268869400024414,-0.04570635408163071,-0.25504976511001587
qwen05_kv_p32_all,10,8,clean_english,4,30,32,0.7649228572845459,1.7800064086914062,0.030845148488879204,-0.03185798600316048
qwen05_kv_p32_all,11,8,clean_english,4,30,32,0.7485454082489014,1.343420386314392,0.00341222807765007,-0.1673409789800644
qwen05_kv_p32_all,12,8,clean_english,4,30,32,0.875629723072052,2.168074607849121,0.012459686025977135,-0.004367478657513857
qwen05_kv_p32_all,13,8,clean_english,4,30,32,0.8730427026748657,2.1323280334472656,0.011305461637675762,-0.1287480890750885
qwen05_kv_p32_all,14,8,clean_english,4,30,32,0.8473824858665466,1.8470991849899292,-0.04674377664923668,0.16459915041923523
qwen05_kv_p32_all,15,8,clean_english,4,30,32,0.9957091212272644,2.035548448562622,0.022849859669804573,-0.15930186212062836
qwen05_kv_p32_all,16,8,clean_english,4,30,32,0.8125350475311279,1.3872206211090088,-0.031584884971380234,0.05061478912830353
qwen05_kv_p32_all,17,8,clean_english,4,30,32,1.0904868841171265,1.6046279668807983,0.20488019287586212,0.01861146278679371
qwen05_kv_p32_all,18,8,clean_english,4,30,32,1.1170567274093628,2.006394147872925,-0.047394271939992905,0.03803025931119919
qwen05_kv_p32_all,19,8,clean_english,4,30,32,1.0276774168014526,2.281057119369507,-0.07005658745765686,-0.023960616439580917
qwen05_kv_p32_all,20,8,clean_english,4,30,32,1.1280449628829956,1.1592986583709717,0.13430383801460266,0.3176339268684387
qwen05_kv_p32_all,21,8,clean_english,4,30,32,1.3103246688842773,1.02852201461792,-0.08477643877267838,0.22932906448841095
qwen05_kv_p32_all,22,8,clean_english,4,30,32,1.5155045986175537,1.5444279909133911,0.120010606944561,-0.008457533083856106
qwen05_kv_p32_all,23,8,clean_english,4,30,32,1.2326958179473877,1.7325125932693481,0.16722223162651062,-0.011382543481886387
qwen05_kv_p32_all,0,12,clean_english,4,29,32,0.028684867545962334,34.612884521484375,-0.09335684031248093,-0.23811404407024384
qwen05_kv_p32_all,1,12,clean_english,4,29,32,0.0725543424487114,5.308133602142334,-0.23962001502513885,-0.054022062569856644
qwen05_kv_p32_all,2,12,clean_english,4,29,32,0.1261952966451645,5.993747711181641,0.0485394150018692,-0.014449919573962688
qwen05_kv_p32_all,3,12,clean_english,4,29,32,0.4965283274650574,2.9136321544647217,-0.09123161435127258,-0.07005893439054489
qwen05_kv_p32_all,4,12,clean_english,4,29,32,0.6062830686569214,2.6414356231689453,0.05300949141383171,0.051264528185129166
qwen05_kv_p32_all,5,12,clean_english,4,29,32,1.0525411367416382,2.058687448501587,-0.05178281292319298,-0.15446732938289642
qwen05_kv_p32_all,6,12,clean_english,4,29,32,1.093859314918518,3.0345089435577393,0.09270765632390976,-0.17750711739063263
qwen05_kv_p32_all,7,12,clean_english,4,29,32,0.8637122511863708,2.0994951725006104,0.06342469900846481,-0.12282164394855499
qwen05_kv_p32_all,8,12,clean_english,4,29,32,0.05978425592184067,3.5384864807128906,0.28248801827430725,-0.36843326687812805
qwen05_kv_p32_all,9,12,clean_english,4,29,32,0.7545791864395142,1.5362069606781006,-0.029597900807857513,-0.20295116305351257
qwen05_kv_p32_all,10,12,clean_english,4,29,32,0.8081496357917786,1.8600904941558838,0.005705469753593206,-0.08830585330724716
qwen05_kv_p32_all,11,12,clean_english,4,29,32,0.7822213172912598,1.3711575269699097,-0.03215954080224037,-0.1489076167345047
qwen05_kv_p32_all,12,12,clean_english,4,29,32,0.9052025675773621,2.2494752407073975,-0.002939756028354168,0.13421516120433807
qwen05_kv_p32_all,13,12,clean_english,4,29,32,0.8955780267715454,2.1739017963409424,0.011892427690327168,-0.16096575558185577
qwen05_kv_p32_all,14,12,clean_english,4,29,32,0.8869501948356628,1.9206197261810303,-0.008301615715026855,0.06096576526761055
qwen05_kv_p32_all,15,12,clean_english,4,29,32,1.0590134859085083,2.111407518386841,0.02267964743077755,-0.14950986206531525
qwen05_kv_p32_all,16,12,clean_english,4,29,32,0.8595665097236633,1.4471417665481567,-0.025763681158423424,0.06219318136572838
qwen05_kv_p32_all,17,12,clean_english,4,29,32,1.1480932235717773,1.711833119392395,0.20582835376262665,0.023356260731816292
qwen05_kv_p32_all,18,12,clean_english,4,29,32,1.1836223602294922,2.0865063667297363,-0.02388192154467106,-0.03367121145129204
qwen05_kv_p32_all,19,12,clean_english,4,29,32,1.0945591926574707,2.3728466033935547,-0.0779021754860878,-0.06478257477283478
qwen05_kv_p32_all,20,12,clean_english,4,29,32,1.2073172330856323,1.2113434076309204,0.1372155100107193,0.401358425617218
qwen05_kv_p32_all,21,12,clean_english,4,29,32,1.3887118101119995,1.0445706844329834,-0.09556181728839874,0.19889265298843384
qwen05_kv_p32_all,22,12,clean_english,4,29,32,1.572291374206543,1.6367830038070679,0.1364526003599167,-0.02729644626379013
qwen05_kv_p32_all,23,12,clean_english,4,29,32,1.2540805339813232,1.802303671836853,0.18610748648643494,-0.07817398011684418
qwen05_kv_p32_all,0,16,clean_english,4,28,32,0.02926046960055828,35.11064147949219,-0.08681921660900116,-0.22679691016674042
qwen05_kv_p32_all,1,16,clean_english,4,28,32,0.07341108471155167,5.38988733291626,-0.23251652717590332,-0.04162478446960449
qwen05_kv_p32_all,2,16,clean_english,4,28,32,0.12262026220560074,5.958089828491211,0.07143150269985199,0.021977944299578667
qwen05_kv_p32_all,3,16,clean_english,4,28,32,0.4920071065425873,2.9605674743652344,-0.09369668364524841,-0.11167092621326447
qwen05_kv_p32_all,4,16,clean_english,4,28,32,0.6051442623138428,2.585529088973999,0.05069655925035477,0.02269963175058365
qwen05_kv_p32_all,5,16,clean_english,4,28,32,1.0398247241973877,2.0565764904022217,-0.05903318151831627,-0.12967312335968018
qwen05_kv_p32_all,6,16,clean_english,4,28,32,1.0874119997024536,2.990762710571289,0.08685600012540817,-0.07563575357198715
qwen05_kv_p32_all,7,16,clean_english,4,28,32,0.8427985906600952,2.075946569442749,0.033354200422763824,-0.12061357498168945
qwen05_kv_p32_all,8,16,clean_english,4,28,32,0.06082490086555481,3.551903486251831,0.2880289554595947,-0.23640580475330353
qwen05_kv_p32_all,9,16,clean_english,4,28,32,0.7422044277191162,1.5742027759552002,-0.03254694864153862,-0.2117762565612793
qwen05_kv_p32_all,10,16,clean_english,4,28,32,0.7892753481864929,1.85366690158844,0.01231401227414608,-0.04733029752969742
qwen05_kv_p32_all,11,16,clean_english,4,28,32,0.7575585842132568,1.3491240739822388,-0.010276339016854763,-0.17898079752922058
qwen05_kv_p32_all,12,16,clean_english,4,28,32,0.8804543018341064,2.220446825027466,-0.00602223165333271,-0.009438403882086277
qwen05_kv_p32_all,13,16,clean_english,4,28,32,0.8945560455322266,2.183802366256714,-0.003425012808293104,-0.0436319038271904
qwen05_kv_p32_all,14,16,clean_english,4,28,32,0.8700623512268066,1.9321101903915405,-0.032640546560287476,0.2071741670370102
qwen05_kv_p32_all,15,16,clean_english,4,28,32,1.0196449756622314,2.1300437450408936,0.024934513494372368,-0.1908055990934372
qwen05_kv_p32_all,16,16,clean_english,4,28,32,0.848698616027832,1.4732577800750732,0.0009783187415450811,0.06766169518232346
qwen05_kv_p32_all,17,16,clean_english,4,28,32,1.1227394342422485,1.7033305168151855,0.2189805507659912,0.04576871171593666
qwen05_kv_p32_all,18,16,clean_english,4,28,32,1.1552475690841675,2.0581493377685547,-0.0378267727792263,-0.005364392418414354
qwen05_kv_p32_all,19,16,clean_english,4,28,32,1.0662553310394287,2.327958822250366,-0.060017768293619156,-0.09143658727407455
qwen05_kv_p32_all,20,16,clean_english,4,28,32,1.171286702156067,1.2628577947616577,0.12674672901630402,0.2808939814567566
qwen05_kv_p32_all,21,16,clean_english,4,28,32,1.3343185186386108,1.0955852270126343,-0.0640660971403122,0.24243469536304474
qwen05_kv_p32_all,22,16,clean_english,4,28,32,1.5483815670013428,1.6757968664169312,0.14345087110996246,0.03753837198019028
qwen05_kv_p32_all,23,16,clean_english,4,28,32,1.2633363008499146,1.8524060249328613,0.16796453297138214,-0.024099893867969513
qwen05_kv_p32_all,0,20,clean_english,4,28,32,0.028103895485401154,33.90962600708008,-0.11762424558401108,-0.22945894300937653
qwen05_kv_p32_all,1,20,clean_english,4,28,32,0.07160516828298569,5.075441837310791,-0.23061713576316833,-0.04179062321782112
qwen05_kv_p32_all,2,20,clean_english,4,28,32,0.1252860724925995,5.791792869567871,0.039644647389650345,0.018506687134504318
qwen05_kv_p32_all,3,20,clean_english,4,28,32,0.4844399392604828,2.7943410873413086,-0.08262015879154205,-0.061322953552007675
qwen05_kv_p32_all,4,20,clean_english,4,28,32,0.5922067165374756,2.5137691497802734,0.05769741162657738,0.006740899756550789
qwen05_kv_p32_all,5,20,clean_english,4,28,32,1.0106266736984253,2.00981068611145,-0.07498463988304138,-0.1214318498969078
qwen05_kv_p32_all,6,20,clean_english,4,28,32,1.0798941850662231,2.989137887954712,0.07928042858839035,-0.15860816836357117
qwen05_kv_p32_all,7,20,clean_english,4,28,32,0.8189954161643982,2.0076258182525635,0.07865741848945618,-0.15225885808467865
qwen05_kv_p32_all,8,20,clean_english,4,28,32,0.058771003037691116,3.4708151817321777,0.2844742238521576,-0.28367292881011963
qwen05_kv_p32_all,9,20,clean_english,4,28,32,0.7212998270988464,1.5358015298843384,-0.05790645629167557,-0.22321920096874237
qwen05_kv_p32_all,10,20,clean_english,4,28,32,0.7762269377708435,1.8841700553894043,0.016085771843791008,-0.13031403720378876
qwen05_kv_p32_all,11,20,clean_english,4,28,32,0.740315318107605,1.3421154022216797,-0.017464812844991684,-0.1189635768532753
qwen05_kv_p32_all,12,20,clean_english,4,28,32,0.8885226249694824,2.1902718544006348,0.007140795700252056,0.10302720218896866
qwen05_kv_p32_all,13,20,clean_english,4,28,32,0.8547481894493103,2.177727222442627,0.010790341533720493,-0.14186538755893707
qwen05_kv_p32_all,14,20,clean_english,4,28,32,0.8623232841491699,1.8888018131256104,-0.03167524188756943,0.11088310927152634
qwen05_kv_p32_all,15,20,clean_english,4,28,32,1.0179839134216309,2.1148951053619385,-0.008256087079644203,-0.11607207357883453
qwen05_kv_p32_all,16,20,clean_english,4,28,32,0.8158583641052246,1.3750461339950562,-0.033525824546813965,0.003332890337333083
qwen05_kv_p32_all,17,20,clean_english,4,28,32,1.1205679178237915,1.633809208869934,0.21719689667224884,-0.05766759440302849
qwen05_kv_p32_all,18,20,clean_english,4,28,32,1.1528393030166626,2.0818593502044678,-0.05768592283129692,0.013170423917472363
qwen05_kv_p32_all,19,20,clean_english,4,28,32,1.0689374208450317,2.4167258739471436,-0.08479221165180206,-0.057256728410720825
qwen05_kv_p32_all,20,20,clean_english,4,28,32,1.156829595565796,1.1702864170074463,0.1266181617975235,0.35672929883003235
qwen05_kv_p32_all,21,20,clean_english,4,28,32,1.3229731321334839,1.0263543128967285,-0.09314897656440735,0.20660406351089478
qwen05_kv_p32_all,22,20,clean_english,4,28,32,1.5313024520874023,1.581905722618103,0.13239224255084991,0.022602755576372147
qwen05_kv_p32_all,23,20,clean_english,4,28,32,1.2426921129226685,1.7545076608657837,0.16359025239944458,-0.028363414108753204
qwen05_kv_p32_all,0,24,typo_noise_heavy,4,68,32,0.02811993472278118,32.184654235839844,-0.10263877362012863,-0.21810296177864075
qwen05_kv_p32_all,1,24,typo_noise_heavy,4,68,32,0.07155443727970123,5.412017345428467,-0.23961392045021057,-0.03499162197113037
qwen05_kv_p32_all,2,24,typo_noise_heavy,4,68,32,0.1221291720867157,6.056789398193359,0.0594276487827301,0.09216191619634628
qwen05_kv_p32_all,3,24,typo_noise_heavy,4,68,32,0.49495729804039,2.936030864715576,-0.10310225933790207,0.005459920968860388
qwen05_kv_p32_all,4,24,typo_noise_heavy,4,68,32,0.5914818048477173,2.496386766433716,0.03313389793038368,0.15013746917247772
qwen05_kv_p32_all,5,24,typo_noise_heavy,4,68,32,1.0452539920806885,1.8827080726623535,-0.04306906461715698,-0.25029274821281433
qwen05_kv_p32_all,6,24,typo_noise_heavy,4,68,32,1.0771535634994507,3.0904860496520996,0.012544075958430767,-0.24161498248577118
qwen05_kv_p32_all,7,24,typo_noise_heavy,4,68,32,0.8634081482887268,2.0455737113952637,-0.031854789704084396,-0.22927694022655487
qwen05_kv_p32_all,8,24,typo_noise_heavy,4,68,32,0.06047103926539421,3.177070140838623,0.28046005964279175,-0.2590597867965698
qwen05_kv_p32_all,9,24,typo_noise_heavy,4,68,32,0.7122787833213806,1.4766054153442383,-0.02188759483397007,-0.1623392403125763
qwen05_kv_p32_all,10,24,typo_noise_heavy,4,68,32,0.7803342938423157,1.8384618759155273,0.025065848603844643,0.15730038285255432
qwen05_kv_p32_all,11,24,typo_noise_heavy,4,68,32,0.7613436579704285,1.3043339252471924,-0.006585346069186926,-0.1202685683965683
qwen05_kv_p32_all,12,24,typo_noise_heavy,4,68,32,0.8856560587882996,2.2069554328918457,0.03692014142870903,0.03115515224635601
qwen05_kv_p32_all,13,24,typo_noise_heavy,4,68,32,0.8865492939949036,2.050816535949707,-0.07597023993730545,-0.25912728905677795
qwen05_kv_p32_all,14,24,typo_noise_heavy,4,68,32,0.871603786945343,2.059521436691284,-0.011558963917195797,0.03765024244785309
qwen05_kv_p32_all,15,24,typo_noise_heavy,4,68,32,1.0469056367874146,2.0194754600524902,0.09010708332061768,-0.05091913044452667
qwen05_kv_p32_all,16,24,typo_noise_heavy,4,68,32,0.8228570818901062,1.327504277229309,-0.10414005815982819,0.028113193809986115
qwen05_kv_p32_all,17,24,typo_noise_heavy,4,68,32,1.0999078750610352,1.5084348917007446,0.09641236066818237,0.027313794940710068
qwen05_kv_p32_all,18,24,typo_noise_heavy,4,68,32,1.1750059127807617,2.2092769145965576,0.02271568961441517,0.025245780125260353
qwen05_kv_p32_all,19,24,typo_noise_heavy,4,68,32,1.1026885509490967,2.2556071281433105,-0.15942887961864471,0.0905875638127327
qwen05_kv_p32_all,20,24,typo_noise_heavy,4,68,32,1.235508918762207,1.0116829872131348,0.06673522293567657,0.254254013299942
qwen05_kv_p32_all,21,24,typo_noise_heavy,4,68,32,1.333152174949646,0.9905040264129639,-0.16040590405464172,0.20352059602737427
qwen05_kv_p32_all,22,24,typo_noise_heavy,4,68,32,1.536004662513733,1.2861666679382324,0.14227841794490814,-0.17523334920406342
qwen05_kv_p32_all,23,24,typo_noise_heavy,4,68,32,1.2313568592071533,1.5393054485321045,0.17915868759155273,-0.30827727913856506
qwen05_kv_p32_all,0,28,typo_noise_heavy,4,61,32,0.028705891221761703,32.17246627807617,-0.10589638352394104,-0.22374695539474487
qwen05_kv_p32_all,1,28,typo_noise_heavy,4,61,32,0.0701143890619278,5.134105682373047,-0.22766746580600739,-0.04358718916773796
qwen05_kv_p32_all,2,28,typo_noise_heavy,4,61,32,0.12137123197317123,5.7185750007629395,0.07016992568969727,0.09203173220157623
qwen05_kv_p32_all,3,28,typo_noise_heavy,4,61,32,0.4765359163284302,2.804847240447998,-0.0966675877571106,0.01032476220279932
qwen05_kv_p32_all,4,28,typo_noise_heavy,4,61,32,0.5778596997261047,2.376406669616699,0.05998138338327408,0.14531441032886505
qwen05_kv_p32_all,5,28,typo_noise_heavy,4,61,32,0.9810160994529724,1.8820487260818481,-0.051838215440511703,-0.38955992460250854
qwen05_kv_p32_all,6,28,typo_noise_heavy,4,61,32,1.077056884765625,3.1115846633911133,0.021094758063554764,-0.24580737948417664
qwen05_kv_p32_all,7,28,typo_noise_heavy,4,61,32,0.8237264752388,1.9861866235733032,-0.00868685357272625,-0.23739442229270935
qwen05_kv_p32_all,8,28,typo_noise_heavy,4,61,32,0.05864771455526352,3.204871892929077,0.2818288505077362,-0.29537245631217957
qwen05_kv_p32_all,9,28,typo_noise_heavy,4,61,32,0.6882151365280151,1.4796950817108154,-0.0433916375041008,-0.2380155771970749
qwen05_kv_p32_all,10,28,typo_noise_heavy,4,61,32,0.7606344819068909,1.7748357057571411,0.03756522387266159,0.08887407928705215
qwen05_kv_p32_all,11,28,typo_noise_heavy,4,61,32,0.7327198386192322,1.2874177694320679,-0.02857177145779133,-0.06991198658943176
qwen05_kv_p32_all,12,28,typo_noise_heavy,4,61,32,0.856217622756958,2.1491611003875732,0.07804929465055466,0.07679775357246399
qwen05_kv_p32_all,13,28,typo_noise_heavy,4,61,32,0.8646882176399231,2.052584171295166,-0.07096497714519501,-0.21709489822387695
qwen05_kv_p32_all,14,28,typo_noise_heavy,4,61,32,0.8626302480697632,2.15417218208313,-0.012565375305712223,-0.006203656084835529
qwen05_kv_p32_all,15,28,typo_noise_heavy,4,61,32,1.0202590227127075,2.064826011657715,0.03631522133946419,-0.09210895746946335
qwen05_kv_p32_all,16,28,typo_noise_heavy,4,61,32,0.8020554184913635,1.251933217048645,-0.08525130152702332,0.04083635285496712
qwen05_kv_p32_all,17,28,typo_noise_heavy,4,61,32,1.0724817514419556,1.4871189594268799,0.09675904363393784,-0.009133168496191502
qwen05_kv_p32_all,18,28,typo_noise_heavy,4,61,32,1.1684234142303467,2.351365566253662,-0.003087802790105343,-0.009690332226455212
qwen05_kv_p32_all,19,28,typo_noise_heavy,4,61,32,1.0849913358688354,2.22932505607605,-0.16468538343906403,0.03139592707157135
qwen05_kv_p32_all,20,28,typo_noise_heavy,4,61,32,1.2219679355621338,0.9377649426460266,0.07589303702116013,0.2081514149904251
qwen05_kv_p32_all,21,28,typo_noise_heavy,4,61,32,1.338650107383728,0.9824071526527405,-0.13052275776863098,0.22956672310829163
qwen05_kv_p32_all,22,28,typo_noise_heavy,4,61,32,1.4954019784927368,1.1812599897384644,0.13721002638339996,-0.1786358654499054
qwen05_kv_p32_all,23,28,typo_noise_heavy,4,61,32,1.2106369733810425,1.4517889022827148,0.1431509256362915,-0.18086093664169312
qwen05_kv_p32_all,0,32,typo_noise_heavy,4,66,32,0.028182057663798332,32.48776626586914,-0.11388398706912994,-0.24863702058792114
qwen05_kv_p32_all,1,32,typo_noise_heavy,4,66,32,0.07125161588191986,5.190349102020264,-0.22797493636608124,-0.04991926625370979
qwen05_kv_p32_all,2,32,typo_noise_heavy,4,66,32,0.12088987976312637,6.054005146026611,0.0529329851269722,0.018742896616458893
qwen05_kv_p32_all,3,32,typo_noise_heavy,4,66,32,0.4888579845428467,2.8843157291412354,-0.09571785479784012,-0.014703478664159775
qwen05_kv_p32_all,4,32,typo_noise_heavy,4,66,32,0.5834215879440308,2.473773241043091,0.0468672476708889,0.13508448004722595
qwen05_kv_p32_all,5,32,typo_noise_heavy,4,66,32,1.0010337829589844,1.8731029033660889,-0.033062055706977844,-0.3368297219276428
qwen05_kv_p32_all,6,32,typo_noise_heavy,4,66,32,1.0935500860214233,3.075944662094116,0.026654217392206192,-0.2277878224849701
qwen05_kv_p32_all,7,32,typo_noise_heavy,4,66,32,0.845869779586792,1.9941556453704834,-0.008580326102674007,-0.24728450179100037
qwen05_kv_p32_all,8,32,typo_noise_heavy,4,66,32,0.058879319578409195,3.088674306869507,0.28021812438964844,-0.28918734192848206
qwen05_kv_p32_all,9,32,typo_noise_heavy,4,66,32,0.7130123972892761,1.503830909729004,-0.02218233048915863,-0.16817711293697357
qwen05_kv_p32_all,10,32,typo_noise_heavy,4,66,32,0.7680878043174744,1.8028128147125244,0.020957766100764275,0.21158336102962494
qwen05_kv_p32_all,11,32,typo_noise_heavy,4,66,32,0.7629181742668152,1.3191075325012207,-0.004092132672667503,-0.12596042454242706
qwen05_kv_p32_all,12,32,typo_noise_heavy,4,66,32,0.8702297806739807,2.160440683364868,0.0457787960767746,0.06707144528627396
qwen05_kv_p32_all,13,32,typo_noise_heavy,4,66,32,0.8716564178466797,2.1069695949554443,-0.06397901475429535,-0.19145315885543823
qwen05_kv_p32_all,14,32,typo_noise_heavy,4,66,32,0.8442193865776062,2.0965654850006104,-0.02426052652299404,-0.007027234882116318
qwen05_kv_p32_all,15,32,typo_noise_heavy,4,66,32,1.022309422492981,2.06746768951416,0.074470154941082,-0.09891995042562485
qwen05_kv_p32_all,16,32,typo_noise_heavy,4,66,32,0.8178907036781311,1.3342044353485107,-0.07686600089073181,-0.037653010338544846
qwen05_kv_p32_all,17,32,typo_noise_heavy,4,66,32,1.08804190158844,1.5209933519363403,0.09844306856393814,0.02572576142847538
qwen05_kv_p32_all,18,32,typo_noise_heavy,4,66,32,1.1664859056472778,2.253495216369629,-0.0048160189762711525,-0.007685191463679075
qwen05_kv_p32_all,19,32,typo_noise_heavy,4,66,32,1.0960955619812012,2.2300875186920166,-0.15603195130825043,-0.009009292349219322
qwen05_kv_p32_all,20,32,typo_noise_heavy,4,66,32,1.2105056047439575,1.055925726890564,0.08908462524414062,0.20241853594779968
qwen05_kv_p32_all,21,32,typo_noise_heavy,4,66,32,1.3598997592926025,1.0055445432662964,-0.15439647436141968,0.16653625667095184
qwen05_kv_p32_all,22,32,typo_noise_heavy,4,66,32,1.557917594909668,1.3822966814041138,0.12947998940944672,-0.17860263586044312
qwen05_kv_p32_all,23,32,typo_noise_heavy,4,66,32,1.237851619720459,1.6253480911254883,0.17351998388767242,-0.18000532686710358
qwen05_kv_p32_all,0,36,typo_noise_heavy,4,59,32,0.028973236680030823,32.296844482421875,-0.0956820398569107,-0.2344464808702469
qwen05_kv_p32_all,1,36,typo_noise_heavy,4,59,32,0.07253015041351318,5.407450199127197,-0.24123622477054596,-0.04643251746892929
qwen05_kv_p32_all,2,36,typo_noise_heavy,4,59,32,0.12439386546611786,5.720138072967529,0.05416494607925415,0.09535080194473267
qwen05_kv_p32_all,3,36,typo_noise_heavy,4,59,32,0.47885817289352417,2.833146095275879,-0.10425488650798798,0.036327578127384186
qwen05_kv_p32_all,4,36,typo_noise_heavy,4,59,32,0.585655689239502,2.4424993991851807,0.04395492002367973,0.16910023987293243
qwen05_kv_p32_all,5,36,typo_noise_heavy,4,59,32,0.9945114254951477,1.8897359371185303,-0.044923361390829086,-0.3300137519836426
qwen05_kv_p32_all,6,36,typo_noise_heavy,4,59,32,1.0664907693862915,3.1492481231689453,0.018386390060186386,-0.19170987606048584
qwen05_kv_p32_all,7,36,typo_noise_heavy,4,59,32,0.8359085917472839,2.0350043773651123,0.0005771638825535774,-0.25435829162597656
qwen05_kv_p32_all,8,36,typo_noise_heavy,4,59,32,0.05862347036600113,3.310030221939087,0.28443071246147156,-0.27460339665412903
qwen05_kv_p32_all,9,36,typo_noise_heavy,4,59,32,0.7002366185188293,1.4719699621200562,-0.022218257188796997,-0.1743261218070984
qwen05_kv_p32_all,10,36,typo_noise_heavy,4,59,32,0.7699005603790283,1.8336706161499023,0.02566731721162796,0.08578528463840485
qwen05_kv_p32_all,11,36,typo_noise_heavy,4,59,32,0.7383933067321777,1.2970023155212402,-0.05868187174201012,-0.1036376953125
qwen05_kv_p32_all,12,36,typo_noise_heavy,4,59,32,0.8540980815887451,2.2378392219543457,0.07194356620311737,0.020340219140052795
qwen05_kv_p32_all,13,36,typo_noise_heavy,4,59,32,0.8580338358879089,2.047724962234497,-0.07498272508382797,-0.2308151125907898
qwen05_kv_p32_all,14,36,typo_noise_heavy,4,59,32,0.8645419478416443,2.1974234580993652,-0.02253304421901703,-0.15521451830863953
qwen05_kv_p32_all,15,36,typo_noise_heavy,4,59,32,1.0361882448196411,2.051633358001709,0.06198606640100479,-0.05846979096531868
qwen05_kv_p32_all,16,36,typo_noise_heavy,4,59,32,0.8183296918869019,1.2668613195419312,-0.10498050600290298,-0.014158324338495731
qwen05_kv_p32_all,17,36,typo_noise_heavy,4,59,32,1.0866516828536987,1.496942400932312,0.0737183690071106,0.009621231816709042
qwen05_kv_p32_all,18,36,typo_noise_heavy,4,59,32,1.186042308807373,2.3619258403778076,0.027501655742526054,-0.05257837101817131
qwen05_kv_p32_all,19,36,typo_noise_heavy,4,59,32,1.1075842380523682,2.233690023422241,-0.16178767383098602,0.12530407309532166
qwen05_kv_p32_all,20,36,typo_noise_heavy,4,59,32,1.2622652053833008,0.962458610534668,0.05179458111524582,0.2050580531358719
qwen05_kv_p32_all,21,36,typo_noise_heavy,4,59,32,1.35537850856781,0.9981014132499695,-0.1341875195503235,0.21262215077877045
qwen05_kv_p32_all,22,36,typo_noise_heavy,4,59,32,1.5147430896759033,1.2359051704406738,0.13152949512004852,-0.22969618439674377
qwen05_kv_p32_all,23,36,typo_noise_heavy,4,59,32,1.2251615524291992,1.5094512701034546,0.15443287789821625,-0.2169269174337387
qwen05_kv_p32_all,0,40,typo_noise_heavy,4,62,32,0.02972661703824997,32.88801574707031,-0.087664395570755,-0.2750226557254791
qwen05_kv_p32_all,1,40,typo_noise_heavy,4,62,32,0.072309710085392,5.41145133972168,-0.23261110484600067,-0.043419647961854935
qwen05_kv_p32_all,2,40,typo_noise_heavy,4,62,32,0.11958474665880203,5.946486473083496,0.08259474486112595,0.03530142456293106
qwen05_kv_p32_all,3,40,typo_noise_heavy,4,62,32,0.48471012711524963,2.9070188999176025,-0.10467030107975006,-0.0051797544583678246
qwen05_kv_p32_all,4,40,typo_noise_heavy,4,62,32,0.5880918502807617,2.46008038520813,0.045704156160354614,0.09161093086004257
qwen05_kv_p32_all,5,40,typo_noise_heavy,4,62,32,1.0039727687835693,1.9094970226287842,-0.01497624535113573,-0.35849252343177795
qwen05_kv_p32_all,6,40,typo_noise_heavy,4,62,32,1.0717698335647583,3.037424087524414,0.0030469077173620462,-0.2005600482225418
qwen05_kv_p32_all,7,40,typo_noise_heavy,4,62,32,0.8368723392486572,1.9884408712387085,-0.016327425837516785,-0.1583925187587738
qwen05_kv_p32_all,8,40,typo_noise_heavy,4,62,32,0.05923759564757347,3.2009224891662598,0.2822432219982147,-0.23791852593421936
qwen05_kv_p32_all,9,40,typo_noise_heavy,4,62,32,0.7113925218582153,1.462235450744629,-0.011877661570906639,-0.18090738356113434
qwen05_kv_p32_all,10,40,typo_noise_heavy,4,62,32,0.7774215936660767,1.7011111974716187,0.02661163918673992,0.1732642948627472
qwen05_kv_p32_all,11,40,typo_noise_heavy,4,62,32,0.7486366033554077,1.2961375713348389,-0.03285172954201698,-0.09017035365104675
qwen05_kv_p32_all,12,40,typo_noise_heavy,4,62,32,0.864679753780365,2.1268014907836914,0.05880960077047348,-0.04660748690366745
qwen05_kv_p32_all,13,40,typo_noise_heavy,4,62,32,0.8864088654518127,2.0479209423065186,-0.0734243392944336,-0.20792938768863678
qwen05_kv_p32_all,14,40,typo_noise_heavy,4,62,32,0.8615315556526184,2.027500629425049,0.0013477652100846171,0.04956802725791931
qwen05_kv_p32_all,15,40,typo_noise_heavy,4,62,32,1.028275966644287,2.0280284881591797,0.05869431048631668,-0.10062514990568161
qwen05_kv_p32_all,16,40,typo_noise_heavy,4,62,32,0.8343680500984192,1.3130487203598022,-0.07457204908132553,0.07594271004199982
qwen05_kv_p32_all,17,40,typo_noise_heavy,4,62,32,1.083554983139038,1.5173763036727905,0.08785849064588547,0.05277453362941742
qwen05_kv_p32_all,18,40,typo_noise_heavy,4,62,32,1.165936827659607,2.240976333618164,0.02562781609594822,-0.05622659996151924
qwen05_kv_p32_all,19,40,typo_noise_heavy,4,62,32,1.0900671482086182,2.148879051208496,-0.14920787513256073,0.005132909398525953
qwen05_kv_p32_all,20,40,typo_noise_heavy,4,62,32,1.2383615970611572,1.0491809844970703,0.09080767631530762,0.18132677674293518
qwen05_kv_p32_all,21,40,typo_noise_heavy,4,62,32,1.3780033588409424,1.0139178037643433,-0.1266949623823166,0.23413236439228058
qwen05_kv_p32_all,22,40,typo_noise_heavy,4,62,32,1.5414584875106812,1.305214285850525,0.14221404492855072,-0.278477281332016
qwen05_kv_p32_all,23,40,typo_noise_heavy,4,62,32,1.2257908582687378,1.5469621419906616,0.18543854355812073,-0.1898047775030136
qwen05_kv_p32_all,0,44,typo_noise_heavy,4,64,32,0.028596505522727966,31.95816993713379,-0.12047697603702545,-0.22777844965457916
qwen05_kv_p32_all,1,44,typo_noise_heavy,4,64,32,0.07216251641511917,5.343227386474609,-0.2360192835330963,-0.02184016816318035
qwen05_kv_p32_all,2,44,typo_noise_heavy,4,64,32,0.12361563742160797,5.726452350616455,0.04434095695614815,-0.008606544695794582
qwen05_kv_p32_all,3,44,typo_noise_heavy,4,64,32,0.4798122048377991,2.8190741539001465,-0.09665858745574951,0.021188873797655106
qwen05_kv_p32_all,4,44,typo_noise_heavy,4,64,32,0.5829080939292908,2.4256861209869385,0.053858932107686996,0.13878236711025238
qwen05_kv_p32_all,5,44,typo_noise_heavy,4,64,32,0.9976758360862732,1.889112949371338,-0.024723658338189125,-0.3438337445259094
qwen05_kv_p32_all,6,44,typo_noise_heavy,4,64,32,1.0810900926589966,3.1860480308532715,0.020792365074157715,-0.1980752795934677
qwen05_kv_p32_all,7,44,typo_noise_heavy,4,64,32,0.8183150887489319,2.030118703842163,-0.013237515464425087,-0.2170867621898651
qwen05_kv_p32_all,8,44,typo_noise_heavy,4,64,32,0.057784393429756165,3.273250102996826,0.28516384959220886,-0.2800758183002472
qwen05_kv_p32_all,9,44,typo_noise_heavy,4,64,32,0.6977541446685791,1.4897760152816772,-0.042709365487098694,-0.1815924197435379
qwen05_kv_p32_all,10,44,typo_noise_heavy,4,64,32,0.7661108374595642,1.812559962272644,0.03327687084674835,0.18961098790168762
qwen05_kv_p32_all,11,44,typo_noise_heavy,4,64,32,0.7448410987854004,1.2918413877487183,-0.022086378186941147,-0.128048375248909
qwen05_kv_p32_all,12,44,typo_noise_heavy,4,64,32,0.8788748979568481,2.145017385482788,0.07516706734895706,0.04904257506132126
qwen05_kv_p32_all,13,44,typo_noise_heavy,4,64,32,0.858840823173523,2.101609945297241,-0.05283414572477341,-0.21209222078323364
qwen05_kv_p32_all,14,44,typo_noise_heavy,4,64,32,0.8652828335762024,2.097909927368164,-0.033219803124666214,0.033093344420194626
qwen05_kv_p32_all,15,44,typo_noise_heavy,4,64,32,1.0377572774887085,2.0108108520507812,0.07180384546518326,-0.06892220675945282
qwen05_kv_p32_all,16,44,typo_noise_heavy,4,64,32,0.8128849267959595,1.2762455940246582,-0.10767064243555069,-0.0001766755449352786
qwen05_kv_p32_all,17,44,typo_noise_heavy,4,64,32,1.0886789560317993,1.497531771659851,0.07233528792858124,-0.004064121749252081
qwen05_kv_p32_all,18,44,typo_noise_heavy,4,64,32,1.1874535083770752,2.3001821041107178,-0.01516129169613123,0.0007473410805687308
qwen05_kv_p32_all,19,44,typo_noise_heavy,4,64,32,1.1061228513717651,2.259533166885376,-0.1571698784828186,0.06839342415332794
qwen05_kv_p32_all,20,44,typo_noise_heavy,4,64,32,1.2509338855743408,0.961650550365448,0.06133318319916725,0.24920912086963654
qwen05_kv_p32_all,21,44,typo_noise_heavy,4,64,32,1.3805912733078003,0.9785796999931335,-0.14064174890518188,0.18696177005767822
qwen05_kv_p32_all,22,44,typo_noise_heavy,4,64,32,1.5635920763015747,1.2176684141159058,0.1366332620382309,-0.2755102813243866
qwen05_kv_p32_all,23,44,typo_noise_heavy,4,64,32,1.2401363849639893,1.4775352478027344,0.16695277392864227,-0.16450493037700653
qwen05_kv_p32_all,0,48,unicode_stress,4,24,32,0.02821831777691841,29.437808990478516,-0.0488896481692791,-0.268114298582077
qwen05_kv_p32_all,1,48,unicode_stress,4,24,32,0.06603558361530304,4.370760440826416,-0.1982964128255844,0.0680755227804184
qwen05_kv_p32_all,2,48,unicode_stress,4,24,32,0.10672900080680847,4.518423557281494,-0.02046160399913788,-0.007460379973053932
qwen05_kv_p32_all,3,48,unicode_stress,4,24,32,0.3816830515861511,2.32993483543396,-0.039259131997823715,-0.03769289702177048
qwen05_kv_p32_all,4,48,unicode_stress,4,24,32,0.508277416229248,2.1352217197418213,0.09305693209171295,0.2385323941707611
qwen05_kv_p32_all,5,48,unicode_stress,4,24,32,0.8128106594085693,1.6871246099472046,0.03661815822124481,-0.14420193433761597
qwen05_kv_p32_all,6,48,unicode_stress,4,24,32,0.8164147138595581,2.305175542831421,0.11010870337486267,-0.28346139192581177
qwen05_kv_p32_all,7,48,unicode_stress,4,24,32,0.6665130257606506,1.602529764175415,0.02856959030032158,-0.11185950040817261
qwen05_kv_p32_all,8,48,unicode_stress,4,24,32,0.04594981297850609,2.362853527069092,0.2934413552284241,-0.14100171625614166
qwen05_kv_p32_all,9,48,unicode_stress,4,24,32,0.5825791954994202,1.217526912689209,-0.011088814586400986,-0.19020172953605652
qwen05_kv_p32_all,10,48,unicode_stress,4,24,32,0.6491388082504272,1.3979703187942505,0.08284570276737213,0.10070430487394333
qwen05_kv_p32_all,11,48,unicode_stress,4,24,32,0.6245850324630737,1.1597658395767212,-0.12750717997550964,-0.06072298809885979
qwen05_kv_p32_all,12,48,unicode_stress,4,24,32,0.721371054649353,1.6298259496688843,0.06390993297100067,-0.0889207273721695
qwen05_kv_p32_all,13,48,unicode_stress,4,24,32,0.70977383852005,1.595046043395996,-0.01631542295217514,-0.19903871417045593
qwen05_kv_p32_all,14,48,unicode_stress,4,24,32,0.7065015435218811,1.5988328456878662,0.05207761377096176,-0.03900592774152756
qwen05_kv_p32_all,15,48,unicode_stress,4,24,32,0.7786979079246521,1.4783668518066406,-0.06852958351373672,-0.1840236634016037
qwen05_kv_p32_all,16,48,unicode_stress,4,24,32,0.6943456530570984,1.2209981679916382,0.008443412370979786,-0.08830589801073074
qwen05_kv_p32_all,17,48,unicode_stress,4,24,32,0.9263855218887329,1.307991623878479,0.14423707127571106,0.20425859093666077
qwen05_kv_p32_all,18,48,unicode_stress,4,24,32,0.9629290103912354,1.6514276266098022,0.0701308399438858,0.02104497142136097
qwen05_kv_p32_all,19,48,unicode_stress,4,24,32,0.8716694712638855,1.6748621463775635,-0.15014053881168365,-0.08639929443597794
qwen05_kv_p32_all,20,48,unicode_stress,4,24,32,1.0115082263946533,1.0622532367706299,0.11885775625705719,0.30771878361701965
qwen05_kv_p32_all,21,48,unicode_stress,4,24,32,1.1297900676727295,0.8627741932868958,-0.09147920459508896,0.2946372330188751
qwen05_kv_p32_all,22,48,unicode_stress,4,24,32,1.1821904182434082,1.3664463758468628,0.16234920918941498,0.16011333465576172
qwen05_kv_p32_all,23,48,unicode_stress,4,24,32,0.9951346516609192,1.5522253513336182,0.08171086758375168,0.001677348162047565
qwen05_kv_p32_all,0,52,unicode_stress,4,39,32,0.029636401683092117,29.284053802490234,-0.08782235532999039,-0.22613511979579926
qwen05_kv_p32_all,1,52,unicode_stress,4,39,32,0.06639107316732407,4.617527008056641,-0.2030247151851654,0.06499865651130676
qwen05_kv_p32_all,2,52,unicode_stress,4,39,32,0.10580093413591385,4.587005138397217,0.01698198914527893,-0.07108040153980255
qwen05_kv_p32_all,3,52,unicode_stress,4,39,32,0.4068366289138794,2.4098851680755615,-0.10613016784191132,-0.026089634746313095
qwen05_kv_p32_all,4,52,unicode_stress,4,39,32,0.5098255276679993,2.1336119174957275,0.10890868306159973,0.1775943487882614
qwen05_kv_p32_all,5,52,unicode_stress,4,39,32,0.8331298828125,1.7050422430038452,0.09195990860462189,-0.16179277002811432
qwen05_kv_p32_all,6,52,unicode_stress,4,39,32,0.8708057999610901,2.3267710208892822,0.0765400305390358,-0.34934666752815247
qwen05_kv_p32_all,7,52,unicode_stress,4,39,32,0.7036024928092957,1.6749268770217896,-0.012388532981276512,-0.1277489960193634
qwen05_kv_p32_all,8,52,unicode_stress,4,39,32,0.04753568395972252,2.479459762573242,0.319105327129364,-0.11462763696908951
qwen05_kv_p32_all,9,52,unicode_stress,4,39,32,0.6141690015792847,1.2312606573104858,0.020610680803656578,-0.1671357899904251
qwen05_kv_p32_all,10,52,unicode_stress,4,39,32,0.646764874458313,1.3809411525726318,0.07367014139890671,0.04923544451594353
qwen05_kv_p32_all,11,52,unicode_stress,4,39,32,0.6439847946166992,1.132438063621521,-0.15418852865695953,-0.033295534551143646
qwen05_kv_p32_all,12,52,unicode_stress,4,39,32,0.7273433804512024,1.660529613494873,0.12792910635471344,-0.14573709666728973
qwen05_kv_p32_all,13,52,unicode_stress,4,39,32,0.7116750478744507,1.6207767724990845,-0.05385600030422211,-0.1435401737689972
qwen05_kv_p32_all,14,52,unicode_stress,4,39,32,0.6936333179473877,1.552502155303955,0.063597671687603,-0.06895105540752411
qwen05_kv_p32_all,15,52,unicode_stress,4,39,32,0.7982919216156006,1.5291787385940552,-0.003720364300534129,-0.2288561314344406
qwen05_kv_p32_all,16,52,unicode_stress,4,39,32,0.6784792542457581,1.2301020622253418,-0.018746769055724144,-0.07737091183662415
qwen05_kv_p32_all,17,52,unicode_stress,4,39,32,0.9075987339019775,1.3280096054077148,0.12636299431324005,0.33174848556518555
qwen05_kv_p32_all,18,52,unicode_stress,4,39,32,0.9587635397911072,1.7342870235443115,0.024831712245941162,-0.016098706051707268
qwen05_kv_p32_all,19,52,unicode_stress,4,39,32,0.8685834407806396,1.6312085390090942,-0.1360866129398346,-0.10405004769563675
qwen05_kv_p32_all,20,52,unicode_stress,4,39,32,1.0005178451538086,0.9611084461212158,0.11089961975812912,0.2946282923221588
qwen05_kv_p32_all,21,52,unicode_stress,4,39,32,1.098751187324524,0.7806965112686157,-0.07819972932338715,0.3323463797569275
qwen05_kv_p32_all,22,52,unicode_stress,4,39,32,1.178176760673523,1.1780881881713867,0.14749759435653687,0.3075602352619171
qwen05_kv_p32_all,23,52,unicode_stress,4,39,32,1.0475373268127441,1.4288123846054077,0.07856010645627975,-0.024443091824650764
qwen05_kv_p32_all,0,56,unicode_stress,4,24,32,0.02823358215391636,29.412494659423828,-0.050825413316488266,-0.2725657522678375
qwen05_kv_p32_all,1,56,unicode_stress,4,24,32,0.0661163330078125,4.39756441116333,-0.1981324404478073,0.06949922442436218
qwen05_kv_p32_all,2,56,unicode_stress,4,24,32,0.10694041848182678,4.544450759887695,-0.021774716675281525,0.0033813549671322107
qwen05_kv_p32_all,3,56,unicode_stress,4,24,32,0.3832743763923645,2.3288443088531494,-0.0447305403649807,-0.04043199121952057
qwen05_kv_p32_all,4,56,unicode_stress,4,24,32,0.5080140233039856,2.143871545791626,0.09257832169532776,0.21047483384609222
qwen05_kv_p32_all,5,56,unicode_stress,4,24,32,0.8097268342971802,1.6910154819488525,0.03720680624246597,-0.1513972282409668
qwen05_kv_p32_all,6,56,unicode_stress,4,24,32,0.816754937171936,2.3121795654296875,0.11110414564609528,-0.29433590173721313
qwen05_kv_p32_all,7,56,unicode_stress,4,24,32,0.6667032837867737,1.60459303855896,0.020955871790647507,-0.11024121940135956
qwen05_kv_p32_all,8,56,unicode_stress,4,24,32,0.04593733325600624,2.365396738052368,0.2946512997150421,-0.15689951181411743
qwen05_kv_p32_all,9,56,unicode_stress,4,24,32,0.5847501158714294,1.2200582027435303,-0.0028886825311928988,-0.19796410202980042
qwen05_kv_p32_all,10,56,unicode_stress,4,24,32,0.6491432785987854,1.4055981636047363,0.08350040018558502,0.09702611714601517
qwen05_kv_p32_all,11,56,unicode_stress,4,24,32,0.6257272958755493,1.1600712537765503,-0.13511961698532104,-0.05151742696762085
qwen05_kv_p32_all,12,56,unicode_stress,4,24,32,0.7205655574798584,1.6307744979858398,0.06636471301317215,-0.09811903536319733
qwen05_kv_p32_all,13,56,unicode_stress,4,24,32,0.7093778848648071,1.6000573635101318,-0.017935777083039284,-0.1997324824333191
qwen05_kv_p32_all,14,56,unicode_stress,4,24,32,0.7058954834938049,1.594932198524475,0.052812449634075165,-0.05595512315630913
qwen05_kv_p32_all,15,56,unicode_stress,4,24,32,0.7780446410179138,1.4765839576721191,-0.07061878591775894,-0.18645332753658295
qwen05_kv_p32_all,16,56,unicode_stress,4,24,32,0.6889083981513977,1.227001667022705,0.007060765288770199,-0.13518193364143372
qwen05_kv_p32_all,17,56,unicode_stress,4,24,32,0.9215303659439087,1.3035614490509033,0.143300399184227,0.20973560214042664
qwen05_kv_p32_all,18,56,unicode_stress,4,24,32,0.9613343477249146,1.641369342803955,0.06571715325117111,0.01745409145951271
qwen05_kv_p32_all,19,56,unicode_stress,4,24,32,0.8691853880882263,1.6663579940795898,-0.15182963013648987,-0.079008087515831
qwen05_kv_p32_all,20,56,unicode_stress,4,24,32,1.0112961530685425,1.0661166906356812,0.11862634867429733,0.31086066365242004
qwen05_kv_p32_all,21,56,unicode_stress,4,24,32,1.1268196105957031,0.861631453037262,-0.09259535372257233,0.2989750802516937
qwen05_kv_p32_all,22,56,unicode_stress,4,24,32,1.1785717010498047,1.3754726648330688,0.16425767540931702,0.1770763099193573
qwen05_kv_p32_all,23,56,unicode_stress,4,24,32,0.9970189929008484,1.5583739280700684,0.07969528436660767,0.003294309601187706
qwen05_kv_p32_all,0,60,unicode_stress,4,39,32,0.02969832718372345,29.30893898010254,-0.08669835329055786,-0.2261025309562683
qwen05_kv_p32_all,1,60,unicode_stress,4,39,32,0.06655789911746979,4.632137775421143,-0.20389358699321747,0.06403525918722153
qwen05_kv_p32_all,2,60,unicode_stress,4,39,32,0.10590680688619614,4.5869879722595215,0.015822969377040863,-0.08332060277462006
qwen05_kv_p32_all,3,60,unicode_stress,4,39,32,0.40772950649261475,2.4160821437835693,-0.10584556311368942,-0.03117813915014267
qwen05_kv_p32_all,4,60,unicode_stress,4,39,32,0.5114417672157288,2.130582809448242,0.10838034749031067,0.19194857776165009
qwen05_kv_p32_all,5,60,unicode_stress,4,39,32,0.8368818759918213,1.7028164863586426,0.09113753587007523,-0.16997979581356049
qwen05_kv_p32_all,6,60,unicode_stress,4,39,32,0.8735818266868591,2.3267505168914795,0.07504574209451675,-0.3459741473197937
qwen05_kv_p32_all,7,60,unicode_stress,4,39,32,0.704964816570282,1.6761656999588013,-0.01088363490998745,-0.12603965401649475
qwen05_kv_p32_all,8,60,unicode_stress,4,39,32,0.04766525328159332,2.4798996448516846,0.3202897906303406,-0.11614275723695755
qwen05_kv_p32_all,9,60,unicode_stress,4,39,32,0.61784827709198,1.227833867073059,0.01003400981426239,-0.1646127700805664
qwen05_kv_p32_all,10,60,unicode_stress,4,39,32,0.6473905444145203,1.3809995651245117,0.0731482058763504,0.055657148361206055
qwen05_kv_p32_all,11,60,unicode_stress,4,39,32,0.6469326019287109,1.13069748878479,-0.15311653912067413,-0.03855384513735771
qwen05_kv_p32_all,12,60,unicode_stress,4,39,32,0.7275570034980774,1.6680917739868164,0.12756885588169098,-0.1485438495874405
qwen05_kv_p32_all,13,60,unicode_stress,4,39,32,0.7132903933525085,1.6222060918807983,-0.048517923802137375,-0.1445772796869278
qwen05_kv_p32_all,14,60,unicode_stress,4,39,32,0.6941977143287659,1.5519415140151978,0.06177970767021179,-0.07137169688940048
qwen05_kv_p32_all,15,60,unicode_stress,4,39,32,0.7993482351303101,1.5355396270751953,-0.007194141391664743,-0.2264159619808197
qwen05_kv_p32_all,16,60,unicode_stress,4,39,32,0.6817488074302673,1.22696852684021,-0.019382290542125702,-0.05177697539329529
qwen05_kv_p32_all,17,60,unicode_stress,4,39,32,0.90895676612854,1.3302009105682373,0.12666279077529907,0.33032187819480896
qwen05_kv_p32_all,18,60,unicode_stress,4,39,32,0.9594146609306335,1.7422398328781128,0.028262296691536903,-0.018145717680454254
qwen05_kv_p32_all,19,60,unicode_stress,4,39,32,0.8688870668411255,1.6358271837234497,-0.13650161027908325,-0.10250893235206604
qwen05_kv_p32_all,20,60,unicode_stress,4,39,32,1.0035784244537354,0.9614241719245911,0.11057084053754807,0.2928881049156189
qwen05_kv_p32_all,21,60,unicode_stress,4,39,32,1.0995205640792847,0.7818980813026428,-0.07844255119562149,0.32924219965934753
qwen05_kv_p32_all,22,60,unicode_stress,4,39,32,1.1824743747711182,1.1769332885742188,0.14779455959796906,0.2977526783943176
qwen05_kv_p32_all,23,60,unicode_stress,4,39,32,1.0494563579559326,1.4247655868530273,0.07824857532978058,-0.03232710435986519
qwen05_kv_p32_all,0,64,unicode_stress,4,24,32,0.028180109336972237,29.38763999938965,-0.0511639341711998,-0.269205242395401
qwen05_kv_p32_all,1,64,unicode_stress,4,24,32,0.06601246446371078,4.376035213470459,-0.1967935711145401,0.06788399070501328
qwen05_kv_p32_all,2,64,unicode_stress,4,24,32,0.1070399135351181,4.549722671508789,-0.02046869695186615,0.031926386058330536
qwen05_kv_p32_all,3,64,unicode_stress,4,24,32,0.3835728168487549,2.3264288902282715,-0.04192891716957092,-0.03923329710960388
qwen05_kv_p32_all,4,64,unicode_stress,4,24,32,0.5083042979240417,2.129103660583496,0.09410911798477173,0.21959814429283142
qwen05_kv_p32_all,5,64,unicode_stress,4,24,32,0.8108563423156738,1.688506007194519,0.03608936816453934,-0.14787301421165466
qwen05_kv_p32_all,6,64,unicode_stress,4,24,32,0.815807580947876,2.308488130569458,0.11094595491886139,-0.29344451427459717
qwen05_kv_p32_all,7,64,unicode_stress,4,24,32,0.6663013696670532,1.6085855960845947,0.02551874704658985,-0.10452162474393845
qwen05_kv_p32_all,8,64,unicode_stress,4,24,32,0.04592237249016762,2.3648738861083984,0.29370173811912537,-0.13679978251457214
qwen05_kv_p32_all,9,64,unicode_stress,4,24,32,0.5839918851852417,1.2209125757217407,0.0011069391621276736,-0.20884013175964355
qwen05_kv_p32_all,10,64,unicode_stress,4,24,32,0.6475527286529541,1.3977327346801758,0.08306095004081726,0.10731630027294159
qwen05_kv_p32_all,11,64,unicode_stress,4,24,32,0.6265727877616882,1.1601316928863525,-0.1337210088968277,-0.04825809597969055
qwen05_kv_p32_all,12,64,unicode_stress,4,24,32,0.7189642190933228,1.6373119354248047,0.06511172652244568,-0.10098951309919357
qwen05_kv_p32_all,13,64,unicode_stress,4,24,32,0.7079174518585205,1.5997391939163208,-0.019902925938367844,-0.21080231666564941
qwen05_kv_p32_all,14,64,unicode_stress,4,24,32,0.7027025818824768,1.5925424098968506,0.054650671780109406,-0.059867892414331436
qwen05_kv_p32_all,15,64,unicode_stress,4,24,32,0.7764431238174438,1.4720417261123657,-0.07088255882263184,-0.18547385931015015
qwen05_kv_p32_all,16,64,unicode_stress,4,24,32,0.6873197555541992,1.2199345827102661,0.007993683218955994,-0.10991237312555313
qwen05_kv_p32_all,17,64,unicode_stress,4,24,32,0.9203601479530334,1.3070670366287231,0.14548783004283905,0.21823936700820923
qwen05_kv_p32_all,18,64,unicode_stress,4,24,32,0.9604797959327698,1.6404945850372314,0.06740996986627579,0.013286634348332882
qwen05_kv_p32_all,19,64,unicode_stress,4,24,32,0.8699292540550232,1.6638273000717163,-0.15242737531661987,-0.08274997770786285
qwen05_kv_p32_all,20,64,unicode_stress,4,24,32,1.008445382118225,1.0673511028289795,0.11874744296073914,0.30452761054039
qwen05_kv_p32_all,21,64,unicode_stress,4,24,32,1.1280969381332397,0.865462601184845,-0.09120013564825058,0.304391086101532
qwen05_kv_p32_all,22,64,unicode_stress,4,24,32,1.1782234907150269,1.3692682981491089,0.16241009533405304,0.1790638417005539
qwen05_kv_p32_all,23,64,unicode_stress,4,24,32,0.9953896999359131,1.5563132762908936,0.08233141899108887,-0.005670598708093166
qwen05_kv_p32_all,0,68,unicode_stress,4,39,32,0.02953975461423397,29.25408172607422,-0.09010402113199234,-0.22960206866264343
qwen05_kv_p32_all,1,68,unicode_stress,4,39,32,0.06634458154439926,4.605860233306885,-0.20161044597625732,0.06482647359371185
qwen05_kv_p32_all,2,68,unicode_stress,4,39,32,0.1055922582745552,4.585806369781494,0.018066080287098885,-0.05586041137576103
qwen05_kv_p32_all,3,68,unicode_stress,4,39,32,0.406996488571167,2.412144422531128,-0.10534238815307617,-0.026953397318720818
qwen05_kv_p32_all,4,68,unicode_stress,4,39,32,0.5097827911376953,2.12764310836792,0.10994277149438858,0.18479888141155243
qwen05_kv_p32_all,5,68,unicode_stress,4,39,32,0.8323294520378113,1.7034856081008911,0.09156240522861481,-0.1718023270368576
qwen05_kv_p32_all,6,68,unicode_stress,4,39,32,0.8718581199645996,2.333965539932251,0.07712952792644501,-0.349365770816803
qwen05_kv_p32_all,7,68,unicode_stress,4,39,32,0.7016116976737976,1.67626953125,-0.01007875520735979,-0.1273915320634842
qwen05_kv_p32_all,8,68,unicode_stress,4,39,32,0.04748333618044853,2.475905418395996,0.3196719288825989,-0.12093401700258255
qwen05_kv_p32_all,9,68,unicode_stress,4,39,32,0.6146177053451538,1.2295085191726685,0.012995985336601734,-0.17113032937049866
qwen05_kv_p32_all,10,68,unicode_stress,4,39,32,0.6463384628295898,1.3820077180862427,0.0741708055138588,0.04739397391676903
qwen05_kv_p32_all,11,68,unicode_stress,4,39,32,0.6440043449401855,1.1324951648712158,-0.16269905865192413,-0.03219292685389519
qwen05_kv_p32_all,12,68,unicode_stress,4,39,32,0.7261024713516235,1.662374496459961,0.12784907221794128,-0.1500559002161026
qwen05_kv_p32_all,13,68,unicode_stress,4,39,32,0.7108666896820068,1.6227303743362427,-0.053620826452970505,-0.14806878566741943
qwen05_kv_p32_all,14,68,unicode_stress,4,39,32,0.6915393471717834,1.5497058629989624,0.06267835199832916,-0.06918434053659439
qwen05_kv_p32_all,15,68,unicode_stress,4,39,32,0.7968317866325378,1.5298725366592407,-0.003561647841706872,-0.22706039249897003
qwen05_kv_p32_all,16,68,unicode_stress,4,39,32,0.6779009699821472,1.2294800281524658,-0.0194697268307209,-0.07572488486766815
qwen05_kv_p32_all,17,68,unicode_stress,4,39,32,0.906538188457489,1.3275372982025146,0.1267881691455841,0.3313612639904022
qwen05_kv_p32_all,18,68,unicode_stress,4,39,32,0.9578061103820801,1.735965371131897,0.02406555414199829,-0.012673773802816868
qwen05_kv_p32_all,19,68,unicode_stress,4,39,32,0.8682231307029724,1.630691409111023,-0.13678476214408875,-0.10774744302034378
qwen05_kv_p32_all,20,68,unicode_stress,4,39,32,0.99971604347229,0.9618548154830933,0.11054515838623047,0.29520708322525024
qwen05_kv_p32_all,21,68,unicode_stress,4,39,32,1.0976754426956177,0.7826955914497375,-0.07731807231903076,0.33391958475112915
qwen05_kv_p32_all,22,68,unicode_stress,4,39,32,1.177226185798645,1.1774274110794067,0.14827261865139008,0.30918624997138977
qwen05_kv_p32_all,23,68,unicode_stress,4,39,32,1.046812891960144,1.4256906509399414,0.07669688761234283,-0.028193021193146706
qwen05_kv_p32_all,0,72,code,4,25,32,0.028002621605992317,28.856351852416992,-0.08657161146402359,-0.16054852306842804
qwen05_kv_p32_all,1,72,code,4,25,32,0.06397201120853424,4.137899875640869,-0.159992977976799,0.09519956260919571
qwen05_kv_p32_all,2,72,code,4,25,32,0.10328664630651474,4.151427268981934,-0.08167468756437302,-0.05483655631542206
qwen05_kv_p32_all,3,72,code,4,25,32,0.3692578971385956,2.2673401832580566,-0.05794145539402962,-0.08322878181934357
qwen05_kv_p32_all,4,72,code,4,25,32,0.46769440174102783,2.0483815670013428,0.1013297587633133,0.2438717782497406
qwen05_kv_p32_all,5,72,code,4,25,32,0.7796621322631836,1.6543008089065552,0.06149374321103096,-0.049846578389406204
qwen05_kv_p32_all,6,72,code,4,25,32,0.7770980596542358,2.280437469482422,0.1464255452156067,-0.17571726441383362
qwen05_kv_p32_all,7,72,code,4,25,32,0.6314164996147156,1.5191879272460938,-0.010328395292162895,-0.006642559077590704
qwen05_kv_p32_all,8,72,code,4,25,32,0.04365285113453865,2.2831013202667236,0.29844480752944946,-0.15715186297893524
qwen05_kv_p32_all,9,72,code,4,25,32,0.5597802400588989,1.1430550813674927,-0.02976314350962639,-0.10438182204961777
qwen05_kv_p32_all,10,72,code,4,25,32,0.6229243278503418,1.3084733486175537,0.062456220388412476,0.07457785308361053
qwen05_kv_p32_all,11,72,code,4,25,32,0.6158093214035034,1.1207849979400635,-0.15352892875671387,-0.06244784966111183
qwen05_kv_p32_all,12,72,code,4,25,32,0.6667017340660095,1.4945787191390991,0.03246249631047249,0.05787147954106331
qwen05_kv_p32_all,13,72,code,4,25,32,0.6467811465263367,1.5487548112869263,0.02877604402601719,-0.16189032793045044
qwen05_kv_p32_all,14,72,code,4,25,32,0.642396867275238,1.4181853532791138,0.09410618990659714,0.12277844548225403
qwen05_kv_p32_all,15,72,code,4,25,32,0.7397889494895935,1.4572820663452148,-0.12014216184616089,-0.18586117029190063
qwen05_kv_p32_all,16,72,code,4,25,32,0.6728828549385071,1.1804296970367432,0.03826214373111725,-0.013973195105791092
qwen05_kv_p32_all,17,72,code,4,25,32,0.8587862849235535,1.2912898063659668,0.14936494827270508,0.19084817171096802
qwen05_kv_p32_all,18,72,code,4,25,32,0.9043664336204529,1.6048567295074463,0.08589766174554825,-0.07156267017126083
qwen05_kv_p32_all,19,72,code,4,25,32,0.8334540724754333,1.6208529472351074,-0.11403562873601913,-0.08095411211252213
qwen05_kv_p32_all,20,72,code,4,25,32,0.9592269062995911,0.9991441369056702,0.09597722440958023,0.30432161688804626
qwen05_kv_p32_all,21,72,code,4,25,32,1.0451894998550415,0.8071165680885315,-0.13649006187915802,0.22163186967372894
qwen05_kv_p32_all,22,72,code,4,25,32,1.1104146242141724,1.1976757049560547,0.1505722552537918,-0.1297788769006729
qwen05_kv_p32_all,23,72,code,4,25,32,0.9439703822135925,1.4246906042099,0.060652006417512894,0.06286720186471939
qwen05_kv_p32_all,0,76,code,4,36,32,0.030047893524169922,29.508407592773438,-0.1299484223127365,-0.19028018414974213
qwen05_kv_p32_all,1,76,code,4,36,32,0.06727584451436996,4.4669389724731445,-0.1545337289571762,0.09186318516731262
qwen05_kv_p32_all,2,76,code,4,36,32,0.10603024810552597,4.302674293518066,-0.051204439252614975,0.02100122906267643
qwen05_kv_p32_all,3,76,code,4,36,32,0.375206857919693,2.3090832233428955,-0.08195926249027252,-0.04082564264535904
qwen05_kv_p32_all,4,76,code,4,36,32,0.475926011800766,2.149981737136841,0.14900515973567963,0.2165662944316864
qwen05_kv_p32_all,5,76,code,4,36,32,0.7775821685791016,1.6323230266571045,0.0974072590470314,-0.05702628567814827
qwen05_kv_p32_all,6,76,code,4,36,32,0.8124189376831055,2.2056021690368652,0.0958150327205658,-0.17135821282863617
qwen05_kv_p32_all,7,76,code,4,36,32,0.6598263382911682,1.5045677423477173,0.03002309985458851,-0.01184769906103611
qwen05_kv_p32_all,8,76,code,4,36,32,0.04616351053118706,2.24454402923584,0.32033011317253113,-0.20305001735687256
qwen05_kv_p32_all,9,76,code,4,36,32,0.58990478515625,1.1341643333435059,-0.01549984049052,-0.22992712259292603
qwen05_kv_p32_all,10,76,code,4,36,32,0.6231200695037842,1.2416315078735352,0.04337751865386963,0.11143036931753159
qwen05_kv_p32_all,11,76,code,4,36,32,0.6171759366989136,1.0925531387329102,-0.0874800980091095,0.00842821691185236
qwen05_kv_p32_all,12,76,code,4,36,32,0.6794778108596802,1.5177143812179565,0.07580097764730453,0.001683360431343317
qwen05_kv_p32_all,13,76,code,4,36,32,0.6574454307556152,1.49421226978302,0.015128472819924355,-0.2230319380760193
qwen05_kv_p32_all,14,76,code,4,36,32,0.6702076196670532,1.3751842975616455,0.09254439920186996,0.07258215546607971
qwen05_kv_p32_all,15,76,code,4,36,32,0.7801154255867004,1.4711788892745972,-0.05765044689178467,-0.19179725646972656
qwen05_kv_p32_all,16,76,code,4,36,32,0.6454707384109497,1.2254796028137207,-0.034858379513025284,0.008319394662976265
qwen05_kv_p32_all,17,76,code,4,36,32,0.8795013427734375,1.375130295753479,0.12164119631052017,0.1437964290380478
qwen05_kv_p32_all,18,76,code,4,36,32,0.9139084219932556,1.5689376592636108,-0.024248909205198288,-0.03359211981296539
qwen05_kv_p32_all,19,76,code,4,36,32,0.8212391138076782,1.5571566820144653,-0.1497178077697754,-0.14533142745494843
qwen05_kv_p32_all,20,76,code,4,36,32,0.988742470741272,1.0511542558670044,0.10435633361339569,0.32411670684814453
qwen05_kv_p32_all,21,76,code,4,36,32,1.0542317628860474,0.8609552383422852,-0.09818308800458908,0.21191130578517914
qwen05_kv_p32_all,22,76,code,4,36,32,1.176011085510254,1.3205440044403076,0.17648673057556152,-0.0723477154970169
qwen05_kv_p32_all,23,76,code,4,36,32,1.0173606872558594,1.5906314849853516,0.07538396120071411,-0.054317932575941086
qwen05_kv_p32_all,0,80,code,4,25,32,0.02799554541707039,28.833751678466797,-0.08771387487649918,-0.16765259206295013
qwen05_kv_p32_all,1,80,code,4,25,32,0.06413501501083374,4.165992259979248,-0.1596629023551941,0.09660359472036362
qwen05_kv_p32_all,2,80,code,4,25,32,0.10364890098571777,4.174943447113037,-0.07895375043153763,-0.05029649659991264
qwen05_kv_p32_all,3,80,code,4,25,32,0.3690342903137207,2.270995616912842,-0.060324929654598236,-0.07822875678539276
qwen05_kv_p32_all,4,80,code,4,25,32,0.4669177234172821,2.0524585247039795,0.10347911715507507,0.24585391581058502
qwen05_kv_p32_all,5,80,code,4,25,32,0.7757951617240906,1.6546531915664673,0.06684451550245285,-0.05166943371295929
qwen05_kv_p32_all,6,80,code,4,25,32,0.7753844857215881,2.269132137298584,0.14962299168109894,-0.18643377721309662
qwen05_kv_p32_all,7,80,code,4,25,32,0.6314454674720764,1.5162906646728516,-0.015162747353315353,-0.01412377692759037
qwen05_kv_p32_all,8,80,code,4,25,32,0.04354708269238472,2.280353307723999,0.2987770140171051,-0.1717504858970642
qwen05_kv_p32_all,9,80,code,4,25,32,0.5600292086601257,1.143510103225708,-0.02904014103114605,-0.1126924529671669
qwen05_kv_p32_all,10,80,code,4,25,32,0.6205560564994812,1.3047304153442383,0.06244448199868202,0.08132677525281906
qwen05_kv_p32_all,11,80,code,4,25,32,0.6140638589859009,1.1169215440750122,-0.16054849326610565,-0.05652536079287529
qwen05_kv_p32_all,12,80,code,4,25,32,0.6644938588142395,1.47691011428833,0.03447515890002251,0.061013247817754745
qwen05_kv_p32_all,13,80,code,4,25,32,0.6439667344093323,1.538719654083252,0.026959767565131187,-0.1675398349761963
qwen05_kv_p32_all,14,80,code,4,25,32,0.6383541226387024,1.4066381454467773,0.09406917542219162,0.11344809085130692
qwen05_kv_p32_all,15,80,code,4,25,32,0.736103355884552,1.4488283395767212,-0.12189263850450516,-0.18333694338798523
qwen05_kv_p32_all,16,80,code,4,25,32,0.6678104996681213,1.1859761476516724,0.040348608046770096,-0.0792975053191185
qwen05_kv_p32_all,17,80,code,4,25,32,0.8561674952507019,1.289530873298645,0.14815673232078552,0.1924280971288681
qwen05_kv_p32_all,18,80,code,4,25,32,0.9009971618652344,1.598907470703125,0.0807662382721901,-0.07713740319013596
qwen05_kv_p32_all,19,80,code,4,25,32,0.8322581648826599,1.616532564163208,-0.1157015860080719,-0.08018479496240616
qwen05_kv_p32_all,20,80,code,4,25,32,0.9555689692497253,1.0002130270004272,0.0944749191403389,0.3151504695415497
qwen05_kv_p32_all,21,80,code,4,25,32,1.0418146848678589,0.8061950206756592,-0.1375434249639511,0.21937309205532074
qwen05_kv_p32_all,22,80,code,4,25,32,1.1038001775741577,1.1999107599258423,0.15181544423103333,-0.0843476802110672
qwen05_kv_p32_all,23,80,code,4,25,32,0.9436801671981812,1.4269198179244995,0.06063723936676979,0.06578879803419113
qwen05_kv_p32_all,0,84,code,4,36,32,0.029987944290041924,29.471952438354492,-0.1311991661787033,-0.19151932001113892
qwen05_kv_p32_all,1,84,code,4,36,32,0.06705646961927414,4.442000389099121,-0.1529090255498886,0.0907583236694336
qwen05_kv_p32_all,2,84,code,4,36,32,0.10575395077466965,4.301584720611572,-0.050959229469299316,0.03650715947151184
qwen05_kv_p32_all,3,84,code,4,36,32,0.3745196759700775,2.3004088401794434,-0.0803823471069336,-0.039370957762002945
qwen05_kv_p32_all,4,84,code,4,36,32,0.4755066931247711,2.1396946907043457,0.14988379180431366,0.20817267894744873
qwen05_kv_p32_all,5,84,code,4,36,32,0.7751868963241577,1.6318228244781494,0.09819652140140533,-0.05845009908080101
qwen05_kv_p32_all,6,84,code,4,36,32,0.8109571933746338,2.201366662979126,0.0953839048743248,-0.17168785631656647
qwen05_kv_p32_all,7,84,code,4,36,32,0.6581782698631287,1.5011790990829468,0.03411822393536568,-0.00893284659832716
qwen05_kv_p32_all,8,84,code,4,36,32,0.046151284128427505,2.240010976791382,0.3200736939907074,-0.19152218103408813
qwen05_kv_p32_all,9,84,code,4,36,32,0.5895645022392273,1.1372586488723755,-0.0097745880484581,-0.2383042722940445
qwen05_kv_p32_all,10,84,code,4,36,32,0.6231705546379089,1.2412025928497314,0.042083971202373505,0.10803022980690002
qwen05_kv_p32_all,11,84,code,4,36,32,0.6162960529327393,1.0939936637878418,-0.08732631802558899,0.004982818849384785
qwen05_kv_p32_all,12,84,code,4,36,32,0.6792309284210205,1.5194092988967896,0.07494242489337921,0.0025675666984170675
qwen05_kv_p32_all,13,84,code,4,36,32,0.656589925289154,1.4942160844802856,0.013852732256054878,-0.22211267054080963
qwen05_kv_p32_all,14,84,code,4,36,32,0.6691210269927979,1.3731452226638794,0.09098345786333084,0.06530649214982986
qwen05_kv_p32_all,15,84,code,4,36,32,0.780246376991272,1.4741958379745483,-0.05416754633188248,-0.1950310319662094
qwen05_kv_p32_all,16,84,code,4,36,32,0.6449907422065735,1.2200241088867188,-0.035990338772535324,0.004296471364796162
qwen05_kv_p32_all,17,84,code,4,36,32,0.8775491118431091,1.3696024417877197,0.12073579430580139,0.14468316733837128
qwen05_kv_p32_all,18,84,code,4,36,32,0.9117571711540222,1.566711187362671,-0.026165088638663292,-0.03338674455881119
qwen05_kv_p32_all,19,84,code,4,36,32,0.8200640678405762,1.554364562034607,-0.14785614609718323,-0.15235041081905365
qwen05_kv_p32_all,20,84,code,4,36,32,0.9868367910385132,1.0414113998413086,0.10515623539686203,0.32198479771614075
qwen05_kv_p32_all,21,84,code,4,36,32,1.054688572883606,0.8548654913902283,-0.09861399978399277,0.2188444584608078
qwen05_kv_p32_all,22,84,code,4,36,32,1.1753064393997192,1.3056275844573975,0.17428982257843018,-0.051982179284095764
qwen05_kv_p32_all,23,84,code,4,36,32,1.015936017036438,1.5706781148910522,0.07451185584068298,-0.05229740962386131
qwen05_kv_p32_all,0,88,code,4,25,32,0.02812707982957363,28.871105194091797,-0.08726494014263153,-0.16713352501392365
qwen05_kv_p32_all,1,88,code,4,25,32,0.06414993107318878,4.182015419006348,-0.16099438071250916,0.09663934260606766
qwen05_kv_p32_all,2,88,code,4,25,32,0.10371057689189911,4.1758317947387695,-0.08330301940441132,-0.04544367641210556
qwen05_kv_p32_all,3,88,code,4,25,32,0.3699186146259308,2.27236008644104,-0.06045287847518921,-0.08803687244653702
qwen05_kv_p32_all,4,88,code,4,25,32,0.4682309627532959,2.038684129714966,0.10165666043758392,0.2448941022157669
qwen05_kv_p32_all,5,88,code,4,25,32,0.7807105779647827,1.656266450881958,0.06441035121679306,-0.05680282786488533
qwen05_kv_p32_all,6,88,code,4,25,32,0.776361882686615,2.2591958045959473,0.14957432448863983,-0.16784553229808807
qwen05_kv_p32_all,7,88,code,4,25,32,0.6335374116897583,1.5159803628921509,-0.016852667555212975,-0.013958821073174477
qwen05_kv_p32_all,8,88,code,4,25,32,0.04360709711909294,2.284996509552002,0.2997071146965027,-0.1777135729789734
qwen05_kv_p32_all,9,88,code,4,25,32,0.5633296966552734,1.149524450302124,-0.01941492222249508,-0.12146764993667603
qwen05_kv_p32_all,10,88,code,4,25,32,0.6209747791290283,1.3055895566940308,0.05978427082300186,0.06861324608325958
qwen05_kv_p32_all,11,88,code,4,25,32,0.6161673665046692,1.1211298704147339,-0.14650772511959076,-0.062369201332330704
qwen05_kv_p32_all,12,88,code,4,25,32,0.6644170880317688,1.4949791431427002,0.035397209227085114,0.050452183932065964
qwen05_kv_p32_all,13,88,code,4,25,32,0.6453684568405151,1.5507025718688965,0.025832056999206543,-0.18600213527679443
qwen05_kv_p32_all,14,88,code,4,25,32,0.6414284706115723,1.4075580835342407,0.09415598958730698,0.1230519711971283
qwen05_kv_p32_all,15,88,code,4,25,32,0.7407044768333435,1.456539273262024,-0.12174298614263535,-0.18784645199775696
qwen05_kv_p32_all,16,88,code,4,25,32,0.6766302585601807,1.1783475875854492,0.04254774749279022,-0.06439230591058731
qwen05_kv_p32_all,17,88,code,4,25,32,0.8606531023979187,1.2875970602035522,0.14636395871639252,0.18633268773555756
qwen05_kv_p32_all,18,88,code,4,25,32,0.9042044878005981,1.6016132831573486,0.08032847940921783,-0.07541748881340027
qwen05_kv_p32_all,19,88,code,4,25,32,0.8352956771850586,1.6219291687011719,-0.11358107626438141,-0.07929942011833191
qwen05_kv_p32_all,20,88,code,4,25,32,0.9646125435829163,0.9833003878593445,0.0971042588353157,0.3189502954483032
qwen05_kv_p32_all,21,88,code,4,25,32,1.0459638833999634,0.7955960631370544,-0.13587278127670288,0.21959394216537476
qwen05_kv_p32_all,22,88,code,4,25,32,1.1089859008789062,1.1616101264953613,0.15648236870765686,-0.0858302041888237
qwen05_kv_p32_all,23,88,code,4,25,32,0.9464066624641418,1.392241358757019,0.05986762046813965,0.04533432424068451
qwen05_kv_p32_all,0,92,code,4,36,32,0.03006693534553051,29.525814056396484,-0.12981776893138885,-0.1876583695411682
qwen05_kv_p32_all,1,92,code,4,36,32,0.067143015563488,4.4543352127075195,-0.15449808537960052,0.09140994399785995
qwen05_kv_p32_all,2,92,code,4,36,32,0.10588749498128891,4.305980205535889,-0.05167095735669136,0.01840176433324814
qwen05_kv_p32_all,3,92,code,4,36,32,0.3754991292953491,2.3104023933410645,-0.07957029342651367,-0.04746083915233612
qwen05_kv_p32_all,4,92,code,4,36,32,0.47722044587135315,2.144084930419922,0.1486557424068451,0.22515979409217834
qwen05_kv_p32_all,5,92,code,4,36,32,0.7798923850059509,1.634260892868042,0.09652025997638702,-0.053793277591466904
qwen05_kv_p32_all,6,92,code,4,36,32,0.8140532970428467,2.2029480934143066,0.09582936018705368,-0.16873154044151306
qwen05_kv_p32_all,7,92,code,4,36,32,0.6609964966773987,1.5104269981384277,0.03586306795477867,-0.013862568885087967
qwen05_kv_p32_all,8,92,code,4,36,32,0.0462532714009285,2.246049165725708,0.32073575258255005,-0.19215653836727142
qwen05_kv_p32_all,9,92,code,4,36,32,0.5912637114524841,1.1370248794555664,-0.019761914387345314,-0.23345069587230682
qwen05_kv_p32_all,10,92,code,4,36,32,0.6239451766014099,1.2463299036026,0.0418083630502224,0.1110197976231575
qwen05_kv_p32_all,11,92,code,4,36,32,0.6187964677810669,1.092638373374939,-0.08207973092794418,0.00021198121248744428
qwen05_kv_p32_all,12,92,code,4,36,32,0.6805213093757629,1.5134912729263306,0.07374273985624313,0.009577819146215916
qwen05_kv_p32_all,13,92,code,4,36,32,0.6607933044433594,1.4977411031723022,0.018333395943045616,-0.22321070730686188
qwen05_kv_p32_all,14,92,code,4,36,32,0.6705085635185242,1.3733127117156982,0.09191813319921494,0.07059920579195023
qwen05_kv_p32_all,15,92,code,4,36,32,0.7818728685379028,1.4733960628509521,-0.056443698704242706,-0.19153264164924622
qwen05_kv_p32_all,16,92,code,4,36,32,0.6460387706756592,1.2201833724975586,-0.03721541538834572,0.029335828498005867
qwen05_kv_p32_all,17,92,code,4,36,32,0.8802318572998047,1.374037742614746,0.12125826627016068,0.14081569015979767
qwen05_kv_p32_all,18,92,code,4,36,32,0.9150868654251099,1.571486234664917,-0.023333758115768433,-0.035222385078668594
qwen05_kv_p32_all,19,92,code,4,36,32,0.8218258023262024,1.5603365898132324,-0.14873383939266205,-0.1453806310892105
qwen05_kv_p32_all,20,92,code,4,36,32,0.9910793304443359,1.0494354963302612,0.1057787835597992,0.32885193824768066
qwen05_kv_p32_all,21,92,code,4,36,32,1.0577443838119507,0.8596104979515076,-0.09893882274627686,0.2079518884420395
qwen05_kv_p32_all,22,92,code,4,36,32,1.1814872026443481,1.3172380924224854,0.17530907690525055,-0.06762780994176865
qwen05_kv_p32_all,23,92,code,4,36,32,1.0163028240203857,1.5805810689926147,0.07468023151159286,-0.04551507905125618
qwen05_kv_p32_all,0,96,tokenizer_stress,4,30,32,0.027829427272081375,27.34316635131836,-0.1158958300948143,-0.1774466186761856
qwen05_kv_p32_all,1,96,tokenizer_stress,4,30,32,0.06340853124856949,3.833932399749756,-0.1336125135421753,0.07524038851261139
qwen05_kv_p32_all,2,96,tokenizer_stress,4,30,32,0.10268190503120422,3.815485715866089,-0.08749224245548248,0.0063622319139540195
qwen05_kv_p32_all,3,96,tokenizer_stress,4,30,32,0.34087827801704407,2.1125872135162354,-0.018946757540106773,-0.007201550994068384
qwen05_kv_p32_all,4,96,tokenizer_stress,4,30,32,0.4383862614631653,1.922800898551941,0.15596798062324524,0.2015198916196823
qwen05_kv_p32_all,5,96,tokenizer_stress,4,30,32,0.670879602432251,1.5848320722579956,0.11707740277051926,-0.1067013069987297
qwen05_kv_p32_all,6,96,tokenizer_stress,4,30,32,0.7034288644790649,2.0716934204101562,0.1437993049621582,-0.25594428181648254
qwen05_kv_p32_all,7,96,tokenizer_stress,4,30,32,0.5846515893936157,1.4629977941513062,0.08115043491125107,-0.07238086313009262
qwen05_kv_p32_all,8,96,tokenizer_stress,4,30,32,0.0410500206053257,1.9494901895523071,0.30212897062301636,-0.16948096454143524
qwen05_kv_p32_all,9,96,tokenizer_stress,4,30,32,0.5150962471961975,1.071840763092041,-0.014863644726574421,-0.14180710911750793
qwen05_kv_p32_all,10,96,tokenizer_stress,4,30,32,0.5893136262893677,1.216402292251587,0.06733579933643341,0.07563088089227676
qwen05_kv_p32_all,11,96,tokenizer_stress,4,30,32,0.5648648738861084,1.0811512470245361,-0.05270275101065636,0.0782194584608078
qwen05_kv_p32_all,12,96,tokenizer_stress,4,30,32,0.640211820602417,1.4987025260925293,0.10762173682451248,0.055140793323516846
qwen05_kv_p32_all,13,96,tokenizer_stress,4,30,32,0.6284892559051514,1.482796311378479,0.028424441814422607,-0.16677170991897583
qwen05_kv_p32_all,14,96,tokenizer_stress,4,30,32,0.6483415365219116,1.420819878578186,0.030270621180534363,0.04852752387523651
qwen05_kv_p32_all,15,96,tokenizer_stress,4,30,32,0.699501633644104,1.4047973155975342,-0.13075901567935944,-0.12683600187301636
qwen05_kv_p32_all,16,96,tokenizer_stress,4,30,32,0.63347989320755,1.0727035999298096,-0.013271402567625046,0.07179418951272964
qwen05_kv_p32_all,17,96,tokenizer_stress,4,30,32,0.8275753855705261,1.2480947971343994,0.062375735491514206,0.2486501783132553
qwen05_kv_p32_all,18,96,tokenizer_stress,4,30,32,0.8861976861953735,1.4459441900253296,-0.0042624687775969505,-0.03612475469708443
qwen05_kv_p32_all,19,96,tokenizer_stress,4,30,32,0.785064160823822,1.4405149221420288,-0.11335195600986481,-0.0697578638792038
qwen05_kv_p32_all,20,96,tokenizer_stress,4,30,32,0.9811320304870605,0.8989015221595764,0.0468524768948555,0.29484453797340393
qwen05_kv_p32_all,21,96,tokenizer_stress,4,30,32,1.0097427368164062,0.7546496987342834,-0.07708790153265,0.2570227384567261
qwen05_kv_p32_all,22,96,tokenizer_stress,4,30,32,1.0649456977844238,0.9565257430076599,0.17242468893527985,0.11561209708452225
qwen05_kv_p32_all,23,96,tokenizer_stress,4,30,32,0.8862383961677551,1.1931707859039307,0.02526797726750374,-0.022622866556048393
qwen05_kv_p32_all,0,100,tokenizer_stress,4,40,32,0.028108391910791397,28.28968620300293,-0.11980156600475311,-0.20901063084602356
qwen05_kv_p32_all,1,100,tokenizer_stress,4,40,32,0.06313818693161011,4.021178722381592,-0.1252080351114273,0.08369673788547516
qwen05_kv_p32_all,2,100,tokenizer_stress,4,40,32,0.1013331338763237,4.224388122558594,-0.07943088561296463,0.02107890136539936
qwen05_kv_p32_all,3,100,tokenizer_stress,4,40,32,0.36021819710731506,2.145153760910034,-0.05200151726603508,0.010856863111257553
qwen05_kv_p32_all,4,100,tokenizer_stress,4,40,32,0.4668283462524414,1.9724705219268799,0.1274612694978714,0.176313117146492
qwen05_kv_p32_all,5,100,tokenizer_stress,4,40,32,0.7620518803596497,1.5547288656234741,0.11315515637397766,-0.1281851977109909
qwen05_kv_p32_all,6,100,tokenizer_stress,4,40,32,0.7758340239524841,2.0809166431427,0.06999249756336212,-0.15251803398132324
qwen05_kv_p32_all,7,100,tokenizer_stress,4,40,32,0.6525107026100159,1.4781359434127808,0.06400442123413086,0.032168008387088776
qwen05_kv_p32_all,8,100,tokenizer_stress,4,40,32,0.042481888085603714,1.9131718873977661,0.30007344484329224,-0.13277071714401245
qwen05_kv_p32_all,9,100,tokenizer_stress,4,40,32,0.5455883145332336,1.035024642944336,-0.0045476448722183704,-0.12753553688526154
qwen05_kv_p32_all,10,100,tokenizer_stress,4,40,32,0.6209346055984497,1.17477548122406,0.012668763287365437,0.1881485879421234
qwen05_kv_p32_all,11,100,tokenizer_stress,4,40,32,0.6014416217803955,1.0350550413131714,-0.017591791227459908,0.01377792190760374
qwen05_kv_p32_all,12,100,tokenizer_stress,4,40,32,0.6694880127906799,1.3982064723968506,0.09337491542100906,-0.04450538009405136
qwen05_kv_p32_all,13,100,tokenizer_stress,4,40,32,0.6571770310401917,1.417755126953125,0.004853688646107912,-0.12543654441833496
qwen05_kv_p32_all,14,100,tokenizer_stress,4,40,32,0.6649423837661743,1.3701425790786743,0.05818503722548485,-0.004630754701793194
qwen05_kv_p32_all,15,100,tokenizer_stress,4,40,32,0.7332645058631897,1.3830987215042114,-0.06036148965358734,-0.1607092022895813
qwen05_kv_p32_all,16,100,tokenizer_stress,4,40,32,0.6547470688819885,1.1643598079681396,-0.08242984116077423,-0.08726278692483902
qwen05_kv_p32_all,17,100,tokenizer_stress,4,40,32,0.8827493190765381,1.2542800903320312,0.058840952813625336,0.25254422426223755
qwen05_kv_p32_all,18,100,tokenizer_stress,4,40,32,0.8919193148612976,1.5511412620544434,0.017460288479924202,0.04858832433819771
qwen05_kv_p32_all,19,100,tokenizer_stress,4,40,32,0.7959114909172058,1.4422880411148071,-0.13561874628067017,-6.930303061380982e-05
qwen05_kv_p32_all,20,100,tokenizer_stress,4,40,32,1.0049121379852295,1.02872633934021,0.04604128375649452,0.31741493940353394
qwen05_kv_p32_all,21,100,tokenizer_stress,4,40,32,1.0851044654846191,0.7670217156410217,-0.11768783628940582,0.17545288801193237
qwen05_kv_p32_all,22,100,tokenizer_stress,4,40,32,1.0956374406814575,1.367730975151062,0.15255704522132874,0.07633017003536224
qwen05_kv_p32_all,23,100,tokenizer_stress,4,40,32,0.940129280090332,1.5587058067321777,0.09628862142562866,-0.15165019035339355
qwen05_kv_p32_all,0,104,tokenizer_stress,4,40,32,0.02801874279975891,28.019309997558594,-0.1008833795785904,-0.1862097680568695
qwen05_kv_p32_all,1,104,tokenizer_stress,4,40,32,0.0629890114068985,3.9117345809936523,-0.12638917565345764,0.07426964491605759
qwen05_kv_p32_all,2,104,tokenizer_stress,4,40,32,0.10336721688508987,4.0640034675598145,-0.0591203011572361,0.03351162001490593
qwen05_kv_p32_all,3,104,tokenizer_stress,4,40,32,0.3496364653110504,2.136129856109619,-0.04065347835421562,-0.016997504979372025
qwen05_kv_p32_all,4,104,tokenizer_stress,4,40,32,0.4492766857147217,1.9107894897460938,0.14717747271060944,0.17704203724861145
qwen05_kv_p32_all,5,104,tokenizer_stress,4,40,32,0.7145828604698181,1.5582488775253296,0.11352337896823883,-0.13243348896503448
qwen05_kv_p32_all,6,104,tokenizer_stress,4,40,32,0.7382221817970276,1.9873594045639038,0.1252840757369995,-0.19059625267982483
qwen05_kv_p32_all,7,104,tokenizer_stress,4,40,32,0.6381620168685913,1.4641916751861572,0.08213585615158081,0.04482787474989891
qwen05_kv_p32_all,8,104,tokenizer_stress,4,40,32,0.041623711585998535,1.8719099760055542,0.2820111811161041,-0.19107399880886078
qwen05_kv_p32_all,9,104,tokenizer_stress,4,40,32,0.544913649559021,1.032873511314392,0.004703673068434,-0.145389124751091
qwen05_kv_p32_all,10,104,tokenizer_stress,4,40,32,0.5934094786643982,1.1206363439559937,0.02536807768046856,0.13553301990032196
qwen05_kv_p32_all,11,104,tokenizer_stress,4,40,32,0.5873865485191345,1.038139820098877,-0.016578473150730133,0.08075439184904099
qwen05_kv_p32_all,12,104,tokenizer_stress,4,40,32,0.6679239869117737,1.4320755004882812,0.10783789306879044,-0.1122278943657875
qwen05_kv_p32_all,13,104,tokenizer_stress,4,40,32,0.652925968170166,1.4092615842819214,-0.005235597491264343,-0.1716383993625641
qwen05_kv_p32_all,14,104,tokenizer_stress,4,40,32,0.6560627818107605,1.330768346786499,0.07215704023838043,0.0705791786313057
qwen05_kv_p32_all,15,104,tokenizer_stress,4,40,32,0.6980884075164795,1.3379642963409424,-0.09824599325656891,-0.1334611475467682
qwen05_kv_p32_all,16,104,tokenizer_stress,4,40,32,0.6420965790748596,1.1344672441482544,-0.033443138003349304,0.004376372322440147
qwen05_kv_p32_all,17,104,tokenizer_stress,4,40,32,0.8571599721908569,1.228601098060608,0.03757914900779724,0.2944953143596649
qwen05_kv_p32_all,18,104,tokenizer_stress,4,40,32,0.8720538020133972,1.5061891078948975,-0.006591595709323883,-0.008470340631902218
qwen05_kv_p32_all,19,104,tokenizer_stress,4,40,32,0.7732744812965393,1.3780229091644287,-0.14165818691253662,-0.058357566595077515
qwen05_kv_p32_all,20,104,tokenizer_stress,4,40,32,0.9973719120025635,0.9705082774162292,0.06339773535728455,0.24664120376110077
qwen05_kv_p32_all,21,104,tokenizer_stress,4,40,32,1.0672087669372559,0.7646904587745667,-0.09144145250320435,0.2213335931301117
qwen05_kv_p32_all,22,104,tokenizer_stress,4,40,32,1.0975584983825684,1.125974178314209,0.16515204310417175,0.0598972924053669
qwen05_kv_p32_all,23,104,tokenizer_stress,4,40,32,0.9392895102500916,1.3804656267166138,0.05863048881292343,-0.1503124088048935
qwen05_kv_p32_all,0,108,tokenizer_stress,4,40,32,0.0282769612967968,27.513629913330078,-0.12761947512626648,-0.19335950911045074
qwen05_kv_p32_all,1,108,tokenizer_stress,4,40,32,0.06342972815036774,3.999741554260254,-0.12329129874706268,0.0847354307770729
qwen05_kv_p32_all,2,108,tokenizer_stress,4,40,32,0.09975957125425339,3.9609475135803223,-0.11593145877122879,0.023093674331903458
qwen05_kv_p32_all,3,108,tokenizer_stress,4,40,32,0.34531670808792114,2.0957164764404297,-0.051852960139513016,0.012317291460931301
qwen05_kv_p32_all,4,108,tokenizer_stress,4,40,32,0.44886189699172974,1.9620070457458496,0.13869412243366241,0.1805940419435501
qwen05_kv_p32_all,5,108,tokenizer_stress,4,40,32,0.6905388236045837,1.6075687408447266,0.11340264976024628,-0.12667857110500336
qwen05_kv_p32_all,6,108,tokenizer_stress,4,40,32,0.7345764636993408,2.144498109817505,0.07309481501579285,-0.18781739473342896
qwen05_kv_p32_all,7,108,tokenizer_stress,4,40,32,0.5954608917236328,1.4632062911987305,0.02171110175549984,-0.05888731777667999
qwen05_kv_p32_all,8,108,tokenizer_stress,4,40,32,0.04157420992851257,1.9448741674423218,0.315883606672287,-0.18872445821762085
qwen05_kv_p32_all,9,108,tokenizer_stress,4,40,32,0.5140209197998047,1.0450377464294434,-0.025888020172715187,-0.15669046342372894
qwen05_kv_p32_all,10,108,tokenizer_stress,4,40,32,0.5914974808692932,1.1952426433563232,0.03336462378501892,0.1263335794210434
qwen05_kv_p32_all,11,108,tokenizer_stress,4,40,32,0.5675526857376099,1.0520410537719727,-0.035090286284685135,0.037649910897016525
qwen05_kv_p32_all,12,108,tokenizer_stress,4,40,32,0.6306854486465454,1.4125065803527832,0.1213337704539299,-0.020971661433577538
qwen05_kv_p32_all,13,108,tokenizer_stress,4,40,32,0.6141224503517151,1.4343526363372803,0.02517719194293022,-0.15389205515384674
qwen05_kv_p32_all,14,108,tokenizer_stress,4,40,32,0.6323543190956116,1.4303803443908691,0.009749606251716614,-0.06813918054103851
qwen05_kv_p32_all,15,108,tokenizer_stress,4,40,32,0.7076433300971985,1.3893392086029053,-0.10961011797189713,-0.18043296039104462
qwen05_kv_p32_all,16,108,tokenizer_stress,4,40,32,0.6155279278755188,1.0565441846847534,-0.07527735829353333,-0.09638714045286179
qwen05_kv_p32_all,17,108,tokenizer_stress,4,40,32,0.8307587504386902,1.2362850904464722,0.05366264283657074,0.2429625242948532
qwen05_kv_p32_all,18,108,tokenizer_stress,4,40,32,0.8763987421989441,1.5043913125991821,0.006104770116508007,-0.004043539986014366
qwen05_kv_p32_all,19,108,tokenizer_stress,4,40,32,0.7719941735267639,1.4291788339614868,-0.1188487783074379,-0.007829224690794945
qwen05_kv_p32_all,20,108,tokenizer_stress,4,40,32,0.9840584993362427,0.9708423018455505,0.015308992937207222,0.33584487438201904
qwen05_kv_p32_all,21,108,tokenizer_stress,4,40,32,1.0019969940185547,0.7642846703529358,-0.11381132155656815,0.19269245862960815
qwen05_kv_p32_all,22,108,tokenizer_stress,4,40,32,1.045805811882019,1.1198254823684692,0.1668524444103241,0.1424616426229477
qwen05_kv_p32_all,23,108,tokenizer_stress,4,40,32,0.8832097053527832,1.3606306314468384,0.04903482645750046,-0.09280859678983688
qwen05_kv_p32_all,0,112,tokenizer_stress,4,40,32,0.02773180976510048,28.159475326538086,-0.09236900508403778,-0.1916968822479248
qwen05_kv_p32_all,1,112,tokenizer_stress,4,40,32,0.0628022626042366,3.949180841445923,-0.13700488209724426,0.0804659053683281
qwen05_kv_p32_all,2,112,tokenizer_stress,4,40,32,0.10233684629201889,4.2418742179870605,-0.05313744768500328,0.057083114981651306
qwen05_kv_p32_all,3,112,tokenizer_stress,4,40,32,0.36108896136283875,2.1758925914764404,-0.035972122102975845,-0.0039215488359332085
qwen05_kv_p32_all,4,112,tokenizer_stress,4,40,32,0.45494329929351807,1.9369672536849976,0.12465012818574905,0.14224272966384888
qwen05_kv_p32_all,5,112,tokenizer_stress,4,40,32,0.7430776357650757,1.5676729679107666,0.116556815803051,-0.15397651493549347
qwen05_kv_p32_all,6,112,tokenizer_stress,4,40,32,0.7395035028457642,2.011500120162964,0.09246256202459335,-0.1357763409614563
qwen05_kv_p32_all,7,112,tokenizer_stress,4,40,32,0.6668012738227844,1.4864637851715088,0.05777823179960251,0.08102774620056152
qwen05_kv_p32_all,8,112,tokenizer_stress,4,40,32,0.04199007898569107,1.8651098012924194,0.279436320066452,-0.10994280129671097
qwen05_kv_p32_all,9,112,tokenizer_stress,4,40,32,0.5513219833374023,1.012156367301941,0.00431659584864974,-0.13529472053050995
qwen05_kv_p32_all,10,112,tokenizer_stress,4,40,32,0.6108923554420471,1.1429961919784546,0.010029749944806099,0.18496111035346985
qwen05_kv_p32_all,11,112,tokenizer_stress,4,40,32,0.6021174192428589,1.0135178565979004,-0.006443099584430456,0.03708488866686821
qwen05_kv_p32_all,12,112,tokenizer_stress,4,40,32,0.6803116202354431,1.4124194383621216,0.08448097109794617,-0.12699349224567413
qwen05_kv_p32_all,13,112,tokenizer_stress,4,40,32,0.6724945902824402,1.4431350231170654,-0.0017074155621230602,-0.11032886803150177
qwen05_kv_p32_all,14,112,tokenizer_stress,4,40,32,0.6617621183395386,1.341149926185608,0.07519783079624176,0.0766579806804657
qwen05_kv_p32_all,15,112,tokenizer_stress,4,40,32,0.7162570357322693,1.3634850978851318,-0.05623582750558853,-0.18569426238536835
qwen05_kv_p32_all,16,112,tokenizer_stress,4,40,32,0.6678853034973145,1.1757235527038574,-0.06246202811598778,-0.035660725086927414
qwen05_kv_p32_all,17,112,tokenizer_stress,4,40,32,0.8762274980545044,1.2241251468658447,0.025647083297371864,0.31361979246139526
qwen05_kv_p32_all,18,112,tokenizer_stress,4,40,32,0.8709073662757874,1.5417908430099487,0.02005191333591938,0.023296210914850235
qwen05_kv_p32_all,19,112,tokenizer_stress,4,40,32,0.7833980321884155,1.381939172744751,-0.13166047632694244,-0.011869923211634159
qwen05_kv_p32_all,20,112,tokenizer_stress,4,40,32,0.9961005449295044,1.022752285003662,0.05516538396477699,0.25125759840011597
qwen05_kv_p32_all,21,112,tokenizer_stress,4,40,32,1.0883225202560425,0.7509813904762268,-0.10113994777202606,0.173106387257576
qwen05_kv_p32_all,22,112,tokenizer_stress,4,40,32,1.1086300611495972,1.3368061780929565,0.15768198668956757,0.06407510489225388
qwen05_kv_p32_all,23,112,tokenizer_stress,4,40,32,0.9326426386833191,1.5408183336257935,0.10728554427623749,-0.15223558247089386
qwen05_kv_p32_all,0,116,tokenizer_stress,4,30,32,0.02775779366493225,27.336992263793945,-0.11576169729232788,-0.17855067551136017
qwen05_kv_p32_all,1,116,tokenizer_stress,4,30,32,0.06353292614221573,3.840191125869751,-0.13407741487026215,0.07501223683357239
qwen05_kv_p32_all,2,116,tokenizer_stress,4,30,32,0.10256872326135635,3.813250780105591,-0.08498279005289078,-0.00149959372356534
qwen05_kv_p32_all,3,116,tokenizer_stress,4,30,32,0.34117239713668823,2.115025520324707,-0.018741140142083168,-0.0022456597071141005
qwen05_kv_p32_all,4,116,tokenizer_stress,4,30,32,0.4388943314552307,1.9328606128692627,0.15645034611225128,0.191111221909523
qwen05_kv_p32_all,5,116,tokenizer_stress,4,30,32,0.6705845594406128,1.5858218669891357,0.12287115305662155,-0.1105092391371727
qwen05_kv_p32_all,6,116,tokenizer_stress,4,30,32,0.704163134098053,2.0763986110687256,0.14396367967128754,-0.2491724044084549
qwen05_kv_p32_all,7,116,tokenizer_stress,4,30,32,0.5840716361999512,1.4698163270950317,0.07924731820821762,-0.07620716094970703
qwen05_kv_p32_all,8,116,tokenizer_stress,4,30,32,0.041074953973293304,1.9488242864608765,0.30182233452796936,-0.1610555201768875
qwen05_kv_p32_all,9,116,tokenizer_stress,4,30,32,0.5165630578994751,1.0756109952926636,-0.029695730656385422,-0.13720674812793732
qwen05_kv_p32_all,10,116,tokenizer_stress,4,30,32,0.5902522206306458,1.2175064086914062,0.06706947833299637,0.07806128263473511
qwen05_kv_p32_all,11,116,tokenizer_stress,4,30,32,0.5653374791145325,1.082545518875122,-0.05402076989412308,0.07775191217660904
qwen05_kv_p32_all,12,116,tokenizer_stress,4,30,32,0.6432393193244934,1.4995208978652954,0.10852127522230148,0.0673949122428894
qwen05_kv_p32_all,13,116,tokenizer_stress,4,30,32,0.6302095055580139,1.4827240705490112,0.0304137971252203,-0.17153386771678925
qwen05_kv_p32_all,14,116,tokenizer_stress,4,30,32,0.6510599851608276,1.4192317724227905,0.029154101386666298,0.05861672759056091
qwen05_kv_p32_all,15,116,tokenizer_stress,4,30,32,0.7030012011528015,1.4009151458740234,-0.129282146692276,-0.1287161409854889
qwen05_kv_p32_all,16,116,tokenizer_stress,4,30,32,0.633602499961853,1.0700751543045044,-0.016732219606637955,0.06499499827623367
qwen05_kv_p32_all,17,116,tokenizer_stress,4,30,32,0.8296331763267517,1.242553949356079,0.059140678495168686,0.24975360929965973
qwen05_kv_p32_all,18,116,tokenizer_stress,4,30,32,0.8885127902030945,1.4397450685501099,-0.006201109383255243,-0.026993662118911743
qwen05_kv_p32_all,19,116,tokenizer_stress,4,30,32,0.7881988286972046,1.4404784440994263,-0.11410477757453918,-0.06889071315526962
qwen05_kv_p32_all,20,116,tokenizer_stress,4,30,32,0.9840251803398132,0.8936410546302795,0.0464152917265892,0.29452475905418396
qwen05_kv_p32_all,21,116,tokenizer_stress,4,30,32,1.0087552070617676,0.7501344680786133,-0.07688286155462265,0.25824427604675293
qwen05_kv_p32_all,22,116,tokenizer_stress,4,30,32,1.065671682357788,0.9536595344543457,0.1726234257221222,0.10964231938123703
qwen05_kv_p32_all,23,116,tokenizer_stress,4,30,32,0.8859912753105164,1.1925740242004395,0.021401721984148026,-0.007619237992912531
qwen05_kv_p32_all,0,120,multilingual_zh,4,19,32,0.03019651211798191,31.779380798339844,-0.11516580730676651,-0.1805448681116104
qwen05_kv_p32_all,1,120,multilingual_zh,4,19,32,0.0656319260597229,4.427050590515137,-0.1523948460817337,0.11592274159193039
qwen05_kv_p32_all,2,120,multilingual_zh,4,19,32,0.10284827649593353,3.8540120124816895,-0.056424301117658615,-0.05709308385848999
qwen05_kv_p32_all,3,120,multilingual_zh,4,19,32,0.35880035161972046,2.1389195919036865,-0.053959209471940994,-0.11215399950742722
qwen05_kv_p32_all,4,120,multilingual_zh,4,19,32,0.4920978844165802,2.154125452041626,0.13132119178771973,0.0009825869929045439
qwen05_kv_p32_all,5,120,multilingual_zh,4,19,32,0.776940107345581,1.804752230644226,0.10351967066526413,-0.09138230234384537
qwen05_kv_p32_all,6,120,multilingual_zh,4,19,32,0.8028163909912109,2.413707733154297,0.1432076096534729,-0.22110843658447266
qwen05_kv_p32_all,7,120,multilingual_zh,4,19,32,0.6119981408119202,1.6327829360961914,-0.01022021658718586,-0.029796212911605835
qwen05_kv_p32_all,8,120,multilingual_zh,4,19,32,0.04405677318572998,2.5059096813201904,0.34203484654426575,-0.28147974610328674
qwen05_kv_p32_all,9,120,multilingual_zh,4,19,32,0.5683046579360962,1.2158855199813843,0.0261837150901556,-0.24298520386219025
qwen05_kv_p32_all,10,120,multilingual_zh,4,19,32,0.6340895295143127,1.5931901931762695,0.08582980185747147,-0.08185940980911255
qwen05_kv_p32_all,11,120,multilingual_zh,4,19,32,0.6133071184158325,1.194654107093811,-0.10413028299808502,-0.016044028103351593
qwen05_kv_p32_all,12,120,multilingual_zh,4,19,32,0.6587727665901184,1.774608850479126,0.1359773874282837,-0.03875749930739403
qwen05_kv_p32_all,13,120,multilingual_zh,4,19,32,0.6321731805801392,1.7497429847717285,-0.02158166840672493,-0.20683090388774872
qwen05_kv_p32_all,14,120,multilingual_zh,4,19,32,0.65970778465271,1.6221082210540771,-0.030224917456507683,-0.008838568814098835
qwen05_kv_p32_all,15,120,multilingual_zh,4,19,32,0.7834646701812744,1.6151891946792603,-0.041318248957395554,-0.10880270600318909
qwen05_kv_p32_all,16,120,multilingual_zh,4,19,32,0.6449500322341919,1.1918752193450928,-0.0341293103992939,0.05486679449677467
qwen05_kv_p32_all,17,120,multilingual_zh,4,19,32,0.8752069473266602,1.3116800785064697,0.19206584990024567,0.13886219263076782
qwen05_kv_p32_all,18,120,multilingual_zh,4,19,32,0.9116572141647339,1.7071645259857178,0.02375335991382599,-0.058973055332899094
qwen05_kv_p32_all,19,120,multilingual_zh,4,19,32,0.8156411647796631,1.7724792957305908,-0.04860036447644234,-0.0015376470983028412
qwen05_kv_p32_all,20,120,multilingual_zh,4,19,32,0.9966583251953125,0.9735960364341736,0.07188093662261963,0.3263140618801117
qwen05_kv_p32_all,21,120,multilingual_zh,4,19,32,1.039197325706482,0.825649082660675,-0.0166802816092968,0.3167567551136017
qwen05_kv_p32_all,22,120,multilingual_zh,4,19,32,1.1213788986206055,1.223720908164978,0.14571774005889893,-0.022409237921237946
qwen05_kv_p32_all,23,120,multilingual_zh,4,19,32,1.0266555547714233,1.4155449867248535,0.07104639708995819,0.0499320924282074
qwen05_kv_p32_all,0,124,multilingual_zh,4,19,32,0.029577942565083504,31.556007385253906,-0.11558914184570312,-0.1827375590801239
qwen05_kv_p32_all,1,124,multilingual_zh,4,19,32,0.06521610915660858,4.382350444793701,-0.15462511777877808,0.10744189471006393
qwen05_kv_p32_all,2,124,multilingual_zh,4,19,32,0.10297824442386627,3.8361196517944336,-0.05568258464336395,-0.08157466351985931
qwen05_kv_p32_all,3,124,multilingual_zh,4,19,32,0.3558979332447052,2.116595983505249,-0.058217983692884445,-0.1152317002415657
qwen05_kv_p32_all,4,124,multilingual_zh,4,19,32,0.4889574944972992,2.1031556129455566,0.13572904467582703,0.0297252144664526
qwen05_kv_p32_all,5,124,multilingual_zh,4,19,32,0.7728928327560425,1.777244210243225,0.11518790572881699,-0.08015786111354828
qwen05_kv_p32_all,6,124,multilingual_zh,4,19,32,0.800441563129425,2.363222599029541,0.13668714463710785,-0.19778801500797272
qwen05_kv_p32_all,7,124,multilingual_zh,4,19,32,0.6071624755859375,1.5959328413009644,-0.006563624832779169,-0.04292258992791176
qwen05_kv_p32_all,8,124,multilingual_zh,4,19,32,0.04327768832445145,2.4334397315979004,0.3392927944660187,-0.27387160062789917
qwen05_kv_p32_all,9,124,multilingual_zh,4,19,32,0.5686185359954834,1.2149683237075806,0.028550734743475914,-0.23530332744121552
qwen05_kv_p32_all,10,124,multilingual_zh,4,19,32,0.6348859071731567,1.6015162467956543,0.09075479209423065,-0.14011812210083008
qwen05_kv_p32_all,11,124,multilingual_zh,4,19,32,0.6031565070152283,1.1815062761306763,-0.08518961071968079,-0.001051208353601396
qwen05_kv_p32_all,12,124,multilingual_zh,4,19,32,0.6562060713768005,1.7545647621154785,0.1470896452665329,-0.019854115322232246
qwen05_kv_p32_all,13,124,multilingual_zh,4,19,32,0.6286616921424866,1.7114776372909546,-0.035884883254766464,-0.24416972696781158
qwen05_kv_p32_all,14,124,multilingual_zh,4,19,32,0.6611435413360596,1.619864583015442,-0.010595620609819889,-0.0010123486863449216
qwen05_kv_p32_all,15,124,multilingual_zh,4,19,32,0.7817583680152893,1.5975817441940308,-0.042504917830228806,-0.09136217832565308
qwen05_kv_p32_all,16,124,multilingual_zh,4,19,32,0.6459029912948608,1.180651068687439,-0.03150463476777077,0.04410155862569809
qwen05_kv_p32_all,17,124,multilingual_zh,4,19,32,0.8607096672058105,1.3031107187271118,0.1824714094400406,0.1404322236776352
qwen05_kv_p32_all,18,124,multilingual_zh,4,19,32,0.914408266544342,1.6822572946548462,0.01869482919573784,-0.07127542048692703
qwen05_kv_p32_all,19,124,multilingual_zh,4,19,32,0.8166228532791138,1.7434781789779663,-0.06074802577495575,0.03236024081707001
qwen05_kv_p32_all,20,124,multilingual_zh,4,19,32,0.9975535869598389,0.9708625078201294,0.06704400479793549,0.33837372064590454
qwen05_kv_p32_all,21,124,multilingual_zh,4,19,32,1.0402499437332153,0.8155713081359863,-0.022045636549592018,0.3307449221611023
qwen05_kv_p32_all,22,124,multilingual_zh,4,19,32,1.1033446788787842,1.1873152256011963,0.14694344997406006,0.010655569843947887
qwen05_kv_p32_all,23,124,multilingual_zh,4,19,32,0.9980236291885376,1.3766483068466187,0.06652864813804626,0.03368375077843666
qwen05_kv_p32_all,0,128,multilingual_zh,4,19,32,0.029728934168815613,31.60486602783203,-0.11462743580341339,-0.19294576346874237
qwen05_kv_p32_all,1,128,multilingual_zh,4,19,32,0.06530872732400894,4.382381916046143,-0.15483210980892181,0.10211516916751862
qwen05_kv_p32_all,2,128,multilingual_zh,4,19,32,0.10242665559053421,3.923595428466797,-0.04461687430739403,-0.1428164541721344
qwen05_kv_p32_all,3,128,multilingual_zh,4,19,32,0.36142417788505554,2.1688456535339355,-0.056323833763599396,-0.1354101449251175
qwen05_kv_p32_all,4,128,multilingual_zh,4,19,32,0.4980319142341614,2.152575969696045,0.13565389811992645,0.04850025847554207
qwen05_kv_p32_all,5,128,multilingual_zh,4,19,32,0.7773763537406921,1.8058472871780396,0.11557360738515854,-0.07846806198358536
qwen05_kv_p32_all,6,128,multilingual_zh,4,19,32,0.8052482604980469,2.4460394382476807,0.12880297005176544,-0.19257621467113495
qwen05_kv_p32_all,7,128,multilingual_zh,4,19,32,0.6120272874832153,1.6251704692840576,-0.011554664000868797,-0.04629705101251602
qwen05_kv_p32_all,8,128,multilingual_zh,4,19,32,0.04377278313040733,2.463683843612671,0.3382664918899536,-0.28257593512535095
qwen05_kv_p32_all,9,128,multilingual_zh,4,19,32,0.5710185170173645,1.2342215776443481,0.008684709668159485,-0.25700926780700684
qwen05_kv_p32_all,10,128,multilingual_zh,4,19,32,0.6347253322601318,1.596092700958252,0.0901087075471878,-0.09523648023605347
qwen05_kv_p32_all,11,128,multilingual_zh,4,19,32,0.6135581135749817,1.2013248205184937,-0.086107037961483,-0.004532595630735159
qwen05_kv_p32_all,12,128,multilingual_zh,4,19,32,0.6680794358253479,1.7731043100357056,0.13546937704086304,-0.018222875893115997
qwen05_kv_p32_all,13,128,multilingual_zh,4,19,32,0.6399388313293457,1.7319751977920532,-0.030369311571121216,-0.24279554188251495
qwen05_kv_p32_all,14,128,multilingual_zh,4,19,32,0.6613548398017883,1.6272847652435303,-0.013548566959798336,-0.03216422349214554
qwen05_kv_p32_all,15,128,multilingual_zh,4,19,32,0.784623920917511,1.6155126094818115,-0.03623640164732933,-0.12222545593976974
qwen05_kv_p32_all,16,128,multilingual_zh,4,19,32,0.6487082839012146,1.1873842477798462,-0.03780268877744675,0.008897258900105953
qwen05_kv_p32_all,17,128,multilingual_zh,4,19,32,0.8689699769020081,1.3038363456726074,0.18787337839603424,0.15041883289813995
qwen05_kv_p32_all,18,128,multilingual_zh,4,19,32,0.9208097457885742,1.7219369411468506,0.030448781326413155,-0.05733756721019745
qwen05_kv_p32_all,19,128,multilingual_zh,4,19,32,0.8254857063293457,1.7869046926498413,-0.05590818077325821,0.018513882532715797
qwen05_kv_p32_all,20,128,multilingual_zh,4,19,32,0.991120457649231,0.9889481067657471,0.07159745693206787,0.3376689553260803
qwen05_kv_p32_all,21,128,multilingual_zh,4,19,32,1.0492409467697144,0.8375217914581299,-0.022560181096196175,0.31377339363098145
qwen05_kv_p32_all,22,128,multilingual_zh,4,19,32,1.124979019165039,1.23787260055542,0.1420460045337677,-0.04238041862845421
qwen05_kv_p32_all,23,128,multilingual_zh,4,19,32,1.0124871730804443,1.408230185508728,0.06666751950979233,0.01647035777568817
qwen05_kv_p32_all,0,132,multilingual_zh,4,19,32,0.030313342809677124,31.879745483398438,-0.11383378505706787,-0.1773834377527237
qwen05_kv_p32_all,1,132,multilingual_zh,4,19,32,0.06572822481393814,4.450962543487549,-0.15279436111450195,0.12009573727846146
qwen05_kv_p32_all,2,132,multilingual_zh,4,19,32,0.10323730111122131,3.855415105819702,-0.05720394477248192,-0.06239372119307518
qwen05_kv_p32_all,3,132,multilingual_zh,4,19,32,0.3587118983268738,2.1402971744537354,-0.053317174315452576,-0.11589190363883972
qwen05_kv_p32_all,4,132,multilingual_zh,4,19,32,0.4919160306453705,2.1485652923583984,0.1305689513683319,0.018555793911218643
qwen05_kv_p32_all,5,132,multilingual_zh,4,19,32,0.7775714993476868,1.802677869796753,0.09957287460565567,-0.06538775563240051
qwen05_kv_p32_all,6,132,multilingual_zh,4,19,32,0.8019174337387085,2.4140706062316895,0.14397074282169342,-0.22025609016418457
qwen05_kv_p32_all,7,132,multilingual_zh,4,19,32,0.6124337911605835,1.6322293281555176,-0.008983970619738102,-0.03715960308909416
qwen05_kv_p32_all,8,132,multilingual_zh,4,19,32,0.044069804251194,2.50508189201355,0.34172213077545166,-0.3000558316707611
qwen05_kv_p32_all,9,132,multilingual_zh,4,19,32,0.5681178569793701,1.2129157781600952,0.03622693195939064,-0.24478019773960114
qwen05_kv_p32_all,10,132,multilingual_zh,4,19,32,0.6335631012916565,1.5952343940734863,0.08598083257675171,-0.08139146864414215
qwen05_kv_p32_all,11,132,multilingual_zh,4,19,32,0.6134366989135742,1.192617416381836,-0.1087452694773674,-0.019428417086601257
qwen05_kv_p32_all,12,132,multilingual_zh,4,19,32,0.6581181287765503,1.7737795114517212,0.13543875515460968,-0.03276461362838745
qwen05_kv_p32_all,13,132,multilingual_zh,4,19,32,0.6301740407943726,1.7361812591552734,-0.026044189929962158,-0.20900294184684753
qwen05_kv_p32_all,14,132,multilingual_zh,4,19,32,0.6563026905059814,1.617857575416565,-0.031791724264621735,-0.003003637306392193
qwen05_kv_p32_all,15,132,multilingual_zh,4,19,32,0.7795407772064209,1.6103562116622925,-0.04179489612579346,-0.11483044177293777
qwen05_kv_p32_all,16,132,multilingual_zh,4,19,32,0.6436185240745544,1.193551778793335,-0.0345056913793087,0.03398063778877258
qwen05_kv_p32_all,17,132,multilingual_zh,4,19,32,0.8724705576896667,1.3125429153442383,0.1932511329650879,0.13525715470314026
qwen05_kv_p32_all,18,132,multilingual_zh,4,19,32,0.909895122051239,1.7028905153274536,0.02460961416363716,-0.050339411944150925
qwen05_kv_p32_all,19,132,multilingual_zh,4,19,32,0.8147921562194824,1.7744985818862915,-0.04787694662809372,0.002649509347975254
qwen05_kv_p32_all,20,132,multilingual_zh,4,19,32,0.9960028529167175,0.9758105278015137,0.07105313986539841,0.3295440673828125
qwen05_kv_p32_all,21,132,multilingual_zh,4,19,32,1.0398259162902832,0.8276082873344421,-0.018035685643553734,0.3204195201396942
qwen05_kv_p32_all,22,132,multilingual_zh,4,19,32,1.121356725692749,1.2281752824783325,0.14753830432891846,-0.018304472789168358
qwen05_kv_p32_all,23,132,multilingual_zh,4,19,32,1.0280615091323853,1.422021508216858,0.07204665243625641,0.05239735171198845
qwen05_kv_p32_all,0,136,multilingual_zh,4,19,32,0.0296662338078022,31.634517669677734,-0.1143544465303421,-0.1807379275560379
qwen05_kv_p32_all,1,136,multilingual_zh,4,19,32,0.06525732576847076,4.389954090118408,-0.15475687384605408,0.11060348153114319
qwen05_kv_p32_all,2,136,multilingual_zh,4,19,32,0.10321875661611557,3.8265984058380127,-0.05560937896370888,-0.07129096239805222
qwen05_kv_p32_all,3,136,multilingual_zh,4,19,32,0.356943815946579,2.119572162628174,-0.05640599876642227,-0.12321289628744125
qwen05_kv_p32_all,4,136,multilingual_zh,4,19,32,0.4898597002029419,2.0989086627960205,0.133384570479393,0.023025013506412506
qwen05_kv_p32_all,5,136,multilingual_zh,4,19,32,0.7711536288261414,1.7800318002700806,0.1138349324464798,-0.07370584458112717
qwen05_kv_p32_all,6,136,multilingual_zh,4,19,32,0.7963905930519104,2.3707375526428223,0.13577838242053986,-0.20430947840213776
qwen05_kv_p32_all,7,136,multilingual_zh,4,19,32,0.6056450605392456,1.595420241355896,-0.00968423206359148,-0.046137019991874695
qwen05_kv_p32_all,8,136,multilingual_zh,4,19,32,0.043256960809230804,2.4313201904296875,0.3391066789627075,-0.2735332250595093
qwen05_kv_p32_all,9,136,multilingual_zh,4,19,32,0.5626468658447266,1.222441554069519,0.029191823676228523,-0.2413136065006256
qwen05_kv_p32_all,10,136,multilingual_zh,4,19,32,0.6339094042778015,1.6048192977905273,0.08981247991323471,-0.14305037260055542
qwen05_kv_p32_all,11,136,multilingual_zh,4,19,32,0.6002657413482666,1.1840696334838867,-0.08724523335695267,0.00971805676817894
qwen05_kv_p32_all,12,136,multilingual_zh,4,19,32,0.6550708413124084,1.744821548461914,0.1465291678905487,-0.015005718916654587
qwen05_kv_p32_all,13,136,multilingual_zh,4,19,32,0.6284478902816772,1.7222487926483154,-0.04065873473882675,-0.2400219887495041
qwen05_kv_p32_all,14,136,multilingual_zh,4,19,32,0.6577298045158386,1.6238739490509033,-0.01129317469894886,-0.0018179547041654587
qwen05_kv_p32_all,15,136,multilingual_zh,4,19,32,0.7802407741546631,1.5975557565689087,-0.042829908430576324,-0.09432542324066162
qwen05_kv_p32_all,16,136,multilingual_zh,4,19,32,0.6456140875816345,1.183668613433838,-0.03196609020233154,0.03568892925977707
qwen05_kv_p32_all,17,136,multilingual_zh,4,19,32,0.8611854314804077,1.306197166442871,0.18255318701267242,0.1364482045173645
qwen05_kv_p32_all,18,136,multilingual_zh,4,19,32,0.9161512851715088,1.6871452331542969,0.019121110439300537,-0.07499583810567856
qwen05_kv_p32_all,19,136,multilingual_zh,4,19,32,0.8187062740325928,1.7518724203109741,-0.06013868749141693,0.031206658110022545
qwen05_kv_p32_all,20,136,multilingual_zh,4,19,32,0.9979020357131958,0.9682222008705139,0.06698072701692581,0.3354317843914032
qwen05_kv_p32_all,21,136,multilingual_zh,4,19,32,1.0416008234024048,0.8168476223945618,-0.020242733880877495,0.3288659453392029
qwen05_kv_p32_all,22,136,multilingual_zh,4,19,32,1.1031140089035034,1.1843386888504028,0.14809586107730865,0.022337492555379868
qwen05_kv_p32_all,23,136,multilingual_zh,4,19,32,0.998158872127533,1.372215986251831,0.06842795759439468,0.034504372626543045
qwen05_kv_p32_all,0,140,multilingual_zh,4,19,32,0.029612261801958084,31.531936645507812,-0.11579738557338715,-0.19528020918369293
qwen05_kv_p32_all,1,140,multilingual_zh,4,19,32,0.06510856747627258,4.362154483795166,-0.1544547975063324,0.09934170544147491
qwen05_kv_p32_all,2,140,multilingual_zh,4,19,32,0.1021343246102333,3.9260942935943604,-0.04585358873009682,-0.14257216453552246
qwen05_kv_p32_all,3,140,multilingual_zh,4,19,32,0.3594566285610199,2.1611154079437256,-0.05417269095778465,-0.13097071647644043
qwen05_kv_p32_all,4,140,multilingual_zh,4,19,32,0.49682748317718506,2.1532862186431885,0.13541904091835022,0.06314942985773087
qwen05_kv_p32_all,5,140,multilingual_zh,4,19,32,0.7765709161758423,1.806536078453064,0.11445432901382446,-0.08724330365657806
qwen05_kv_p32_all,6,140,multilingual_zh,4,19,32,0.8065323829650879,2.4440317153930664,0.1321667581796646,-0.20170389115810394
qwen05_kv_p32_all,7,140,multilingual_zh,4,19,32,0.6110503673553467,1.6188328266143799,-0.007346819620579481,-0.05201159417629242
qwen05_kv_p32_all,8,140,multilingual_zh,4,19,32,0.04370313510298729,2.453216075897217,0.33840522170066833,-0.28538572788238525
qwen05_kv_p32_all,9,140,multilingual_zh,4,19,32,0.5693762898445129,1.232642650604248,0.012924344278872013,-0.25789251923561096
qwen05_kv_p32_all,10,140,multilingual_zh,4,19,32,0.6368265748023987,1.5881356000900269,0.08958751708269119,-0.09271422773599625
qwen05_kv_p32_all,11,140,multilingual_zh,4,19,32,0.6149078607559204,1.1965751647949219,-0.08703037351369858,-0.004404032602906227
qwen05_kv_p32_all,12,140,multilingual_zh,4,19,32,0.6687914729118347,1.749123454093933,0.13679511845111847,-0.017599165439605713
qwen05_kv_p32_all,13,140,multilingual_zh,4,19,32,0.6373080015182495,1.7266336679458618,-0.031992606818675995,-0.2501172721385956
qwen05_kv_p32_all,14,140,multilingual_zh,4,19,32,0.6624173521995544,1.626861333847046,-0.013570712879300117,-0.03159519284963608
qwen05_kv_p32_all,15,140,multilingual_zh,4,19,32,0.7842281460762024,1.6105514764785767,-0.03650715947151184,-0.1200283020734787
qwen05_kv_p32_all,16,140,multilingual_zh,4,19,32,0.6483871340751648,1.1880722045898438,-0.03880147263407707,0.007178255822509527
qwen05_kv_p32_all,17,140,multilingual_zh,4,19,32,0.8681842684745789,1.3024970293045044,0.1875505894422531,0.1483519971370697
qwen05_kv_p32_all,18,140,multilingual_zh,4,19,32,0.920599102973938,1.7218025922775269,0.029335981234908104,-0.054997678846120834
qwen05_kv_p32_all,19,140,multilingual_zh,4,19,32,0.8248195648193359,1.786406397819519,-0.05602965131402016,0.013668407686054707
qwen05_kv_p32_all,20,140,multilingual_zh,4,19,32,0.9919556975364685,0.9872538447380066,0.07090292870998383,0.34380006790161133
qwen05_kv_p32_all,21,140,multilingual_zh,4,19,32,1.0497727394104004,0.8361871838569641,-0.02269241027534008,0.31030675768852234
qwen05_kv_p32_all,22,140,multilingual_zh,4,19,32,1.1246519088745117,1.2339774370193481,0.1412803828716278,-0.02955589070916176
qwen05_kv_p32_all,23,140,multilingual_zh,4,19,32,1.011527419090271,1.4046095609664917,0.06589647382497787,0.005755790509283543
qwen05_kv_p32_all,0,144,multilingual_ar,4,25,32,0.03366650640964508,28.85006332397461,-0.042042326182127,-0.15093252062797546
qwen05_kv_p32_all,1,144,multilingual_ar,4,25,32,0.066566102206707,5.2430291175842285,-0.18608686327934265,0.12811674177646637
qwen05_kv_p32_all,2,144,multilingual_ar,4,25,32,0.1072152853012085,4.165444850921631,-0.06735335290431976,-0.1934669017791748
qwen05_kv_p32_all,3,144,multilingual_ar,4,25,32,0.39301741123199463,2.1508235931396484,-0.09541144222021103,-0.07561921328306198
qwen05_kv_p32_all,4,144,multilingual_ar,4,25,32,0.50594562292099,2.154428720474243,0.06838682293891907,-0.04321274161338806
qwen05_kv_p32_all,5,144,multilingual_ar,4,25,32,0.8308554887771606,1.7912768125534058,0.005095590837299824,0.05195978283882141
qwen05_kv_p32_all,6,144,multilingual_ar,4,25,32,0.838733971118927,2.439671277999878,0.1231270357966423,-0.14466863870620728
qwen05_kv_p32_all,7,144,multilingual_ar,4,25,32,0.6664407849311829,1.6707990169525146,-0.07450596988201141,-0.04662754014134407
qwen05_kv_p32_all,8,144,multilingual_ar,4,25,32,0.04771092161536217,2.7078988552093506,0.33917364478111267,-0.2721550762653351
qwen05_kv_p32_all,9,144,multilingual_ar,4,25,32,0.6040980219841003,1.2326449155807495,0.029132287949323654,-0.23293042182922363
qwen05_kv_p32_all,10,144,multilingual_ar,4,25,32,0.6469385027885437,1.7423657178878784,0.06802065670490265,-0.03112717717885971
qwen05_kv_p32_all,11,144,multilingual_ar,4,25,32,0.6210169792175293,1.2008342742919922,-0.14763391017913818,-0.08823300153017044
qwen05_kv_p32_all,12,144,multilingual_ar,4,25,32,0.7096842527389526,1.92946457862854,0.12316970527172089,-0.06453229486942291
qwen05_kv_p32_all,13,144,multilingual_ar,4,25,32,0.6891571283340454,1.8133761882781982,0.003617358859628439,-0.17180928587913513
qwen05_kv_p32_all,14,144,multilingual_ar,4,25,32,0.6812382936477661,1.6482361555099487,0.026244379580020905,0.02061273343861103
qwen05_kv_p32_all,15,144,multilingual_ar,4,25,32,0.830388069152832,1.659637689590454,0.0003403920854907483,-0.09952268749475479
qwen05_kv_p32_all,16,144,multilingual_ar,4,25,32,0.6565770506858826,1.171819806098938,0.03640313073992729,-0.042457465082407
qwen05_kv_p32_all,17,144,multilingual_ar,4,25,32,0.8938484787940979,1.2150921821594238,0.2656550407409668,0.12856516242027283
qwen05_kv_p32_all,18,144,multilingual_ar,4,25,32,0.8835937976837158,1.918738603591919,0.026972882449626923,-0.02218940109014511
qwen05_kv_p32_all,19,144,multilingual_ar,4,25,32,0.8163732290267944,1.7778093814849854,-0.10404486954212189,-0.13024172186851501
qwen05_kv_p32_all,20,144,multilingual_ar,4,25,32,1.026348352432251,0.836331844329834,0.15502145886421204,0.11669212579727173
qwen05_kv_p32_all,21,144,multilingual_ar,4,25,32,1.0814193487167358,0.8088352084159851,-0.03845144063234329,0.4059370458126068
qwen05_kv_p32_all,22,144,multilingual_ar,4,25,32,1.1816341876983643,0.924294114112854,0.21179576218128204,-0.10757607221603394
qwen05_kv_p32_all,23,144,multilingual_ar,4,25,32,1.1261553764343262,1.1613855361938477,0.05517975240945816,-0.14972244203090668
qwen05_kv_p32_all,0,148,multilingual_ar,4,25,32,0.033745795488357544,28.88371467590332,-0.03883497789502144,-0.1687399446964264
qwen05_kv_p32_all,1,148,multilingual_ar,4,25,32,0.06677567213773727,5.259983062744141,-0.19127050042152405,0.13563713431358337
qwen05_kv_p32_all,2,148,multilingual_ar,4,25,32,0.10710341483354568,4.2001824378967285,-0.06689193844795227,-0.19798311591148376
qwen05_kv_p32_all,3,148,multilingual_ar,4,25,32,0.39595136046409607,2.155245304107666,-0.09408316016197205,-0.06928907334804535
qwen05_kv_p32_all,4,148,multilingual_ar,4,25,32,0.5093092322349548,2.1761345863342285,0.06560073792934418,0.007388333324342966
qwen05_kv_p32_all,5,148,multilingual_ar,4,25,32,0.8449971079826355,1.7892284393310547,0.01251366175711155,0.05127470940351486
qwen05_kv_p32_all,6,148,multilingual_ar,4,25,32,0.8481625914573669,2.4200210571289062,0.11870861798524857,-0.11544613540172577
qwen05_kv_p32_all,7,148,multilingual_ar,4,25,32,0.6791280508041382,1.6591103076934814,-0.07673300802707672,-0.01117806788533926
qwen05_kv_p32_all,8,148,multilingual_ar,4,25,32,0.04814763739705086,2.718991279602051,0.3369719684123993,-0.25940170884132385
qwen05_kv_p32_all,9,148,multilingual_ar,4,25,32,0.6073721051216125,1.2350233793258667,0.012731745839118958,-0.21407489478588104
qwen05_kv_p32_all,10,148,multilingual_ar,4,25,32,0.6556663513183594,1.7279212474822998,0.06468883901834488,-0.012337996624410152
qwen05_kv_p32_all,11,148,multilingual_ar,4,25,32,0.6248212456703186,1.1852396726608276,-0.12652012705802917,-0.08904296159744263
qwen05_kv_p32_all,12,148,multilingual_ar,4,25,32,0.7109905481338501,1.8783900737762451,0.1202542707324028,-0.052946265786886215
qwen05_kv_p32_all,13,148,multilingual_ar,4,25,32,0.6905028820037842,1.798769474029541,-0.004998440388590097,-0.18760931491851807
qwen05_kv_p32_all,14,148,multilingual_ar,4,25,32,0.68381267786026,1.6276756525039673,0.05099793151021004,-0.036615997552871704
qwen05_kv_p32_all,15,148,multilingual_ar,4,25,32,0.8291734457015991,1.6507235765457153,0.020953241735696793,-0.0971536636352539
qwen05_kv_p32_all,16,148,multilingual_ar,4,25,32,0.6681923866271973,1.1871556043624878,0.02951704151928425,-0.054588306695222855
qwen05_kv_p32_all,17,148,multilingual_ar,4,25,32,0.9007155895233154,1.237660527229309,0.2618893086910248,0.13112063705921173
qwen05_kv_p32_all,18,148,multilingual_ar,4,25,32,0.8882374167442322,1.9058678150177002,0.02025904506444931,-0.06101766601204872
qwen05_kv_p32_all,19,148,multilingual_ar,4,25,32,0.823483407497406,1.7565160989761353,-0.10789041221141815,-0.10369875282049179
qwen05_kv_p32_all,20,148,multilingual_ar,4,25,32,1.0236824750900269,0.8635724782943726,0.14592023193836212,0.13099344074726105
qwen05_kv_p32_all,21,148,multilingual_ar,4,25,32,1.09030282497406,0.823444128036499,-0.051196496933698654,0.39033955335617065
qwen05_kv_p32_all,22,148,multilingual_ar,4,25,32,1.1867778301239014,0.9811586737632751,0.2075553983449936,-0.13568294048309326
qwen05_kv_p32_all,23,148,multilingual_ar,4,25,32,1.1251829862594604,1.202562928199768,0.06688207387924194,-0.15999141335487366
qwen05_kv_p32_all,0,152,multilingual_ar,4,25,32,0.03392215818166733,29.007301330566406,-0.03921874240040779,-0.17886875569820404
qwen05_kv_p32_all,1,152,multilingual_ar,4,25,32,0.06710568070411682,5.28891134262085,-0.18849815428256989,0.12071163207292557
qwen05_kv_p32_all,2,152,multilingual_ar,4,25,32,0.10670644789934158,4.195888996124268,-0.06519422680139542,-0.12766355276107788
qwen05_kv_p32_all,3,152,multilingual_ar,4,25,32,0.39491140842437744,2.142470121383667,-0.09635769575834274,-0.06712354719638824
qwen05_kv_p32_all,4,152,multilingual_ar,4,25,32,0.510063886642456,2.1735920906066895,0.06652631610631943,0.016831398010253906
qwen05_kv_p32_all,5,152,multilingual_ar,4,25,32,0.846495509147644,1.790217638015747,0.011870985850691795,0.05527425929903984
qwen05_kv_p32_all,6,152,multilingual_ar,4,25,32,0.8554907441139221,2.4054372310638428,0.11718253046274185,-0.13224303722381592
qwen05_kv_p32_all,7,152,multilingual_ar,4,25,32,0.6794570088386536,1.680667519569397,-0.06734530627727509,-0.0349138118326664
qwen05_kv_p32_all,8,152,multilingual_ar,4,25,32,0.04812310263514519,2.7257654666900635,0.3387349545955658,-0.2320953756570816
qwen05_kv_p32_all,9,152,multilingual_ar,4,25,32,0.6021293997764587,1.229065179824829,0.015897076576948166,-0.22101902961730957
qwen05_kv_p32_all,10,152,multilingual_ar,4,25,32,0.6559919118881226,1.7429910898208618,0.07236344367265701,-0.06020260602235794
qwen05_kv_p32_all,11,152,multilingual_ar,4,25,32,0.613419234752655,1.177739143371582,-0.11308237910270691,-0.09269916266202927
qwen05_kv_p32_all,12,152,multilingual_ar,4,25,32,0.7099978923797607,1.907291293144226,0.12172575294971466,-0.04831628501415253
qwen05_kv_p32_all,13,152,multilingual_ar,4,25,32,0.6935453414916992,1.800266981124878,-0.004839080385863781,-0.1762285828590393
qwen05_kv_p32_all,14,152,multilingual_ar,4,25,32,0.6856170296669006,1.633494257926941,0.045847244560718536,-0.000924546446185559
qwen05_kv_p32_all,15,152,multilingual_ar,4,25,32,0.828645646572113,1.651721477508545,0.021358449012041092,-0.06670151650905609
qwen05_kv_p32_all,16,152,multilingual_ar,4,25,32,0.6658564209938049,1.175214171409607,0.02716580219566822,-0.05832856148481369
qwen05_kv_p32_all,17,152,multilingual_ar,4,25,32,0.9016457200050354,1.2387551069259644,0.26844102144241333,0.10603083670139313
qwen05_kv_p32_all,18,152,multilingual_ar,4,25,32,0.8824363946914673,1.9141581058502197,0.021924229338765144,-0.05126453936100006
qwen05_kv_p32_all,19,152,multilingual_ar,4,25,32,0.818202555179596,1.7535414695739746,-0.10513301193714142,-0.09593397378921509
qwen05_kv_p32_all,20,152,multilingual_ar,4,25,32,1.0265116691589355,0.8625757694244385,0.1431119441986084,0.11309311538934708
qwen05_kv_p32_all,21,152,multilingual_ar,4,25,32,1.0849709510803223,0.8179090023040771,-0.036474112421274185,0.4202069640159607
qwen05_kv_p32_all,22,152,multilingual_ar,4,25,32,1.185423493385315,0.9759871363639832,0.2080882340669632,-0.11160432547330856
qwen05_kv_p32_all,23,152,multilingual_ar,4,25,32,1.1202813386917114,1.2060167789459229,0.06303809583187103,-0.1707807034254074
qwen05_kv_p32_all,0,156,multilingual_ar,4,25,32,0.033593397587537766,28.81345558166504,-0.041143376380205154,-0.14946214854717255
qwen05_kv_p32_all,1,156,multilingual_ar,4,25,32,0.0667719691991806,5.263152599334717,-0.18752586841583252,0.12859685719013214
qwen05_kv_p32_all,2,156,multilingual_ar,4,25,32,0.10766804963350296,4.159682273864746,-0.06669320911169052,-0.19434604048728943
qwen05_kv_p32_all,3,156,multilingual_ar,4,25,32,0.39371123909950256,2.1635327339172363,-0.0974138155579567,-0.06617021560668945
qwen05_kv_p32_all,4,156,multilingual_ar,4,25,32,0.5063742399215698,2.161755084991455,0.06928053498268127,-0.03811066597700119
qwen05_kv_p32_all,5,156,multilingual_ar,4,25,32,0.8333759903907776,1.7951065301895142,0.006315869744867086,0.045709431171417236
qwen05_kv_p32_all,6,156,multilingual_ar,4,25,32,0.8396027088165283,2.4428813457489014,0.1230831891298294,-0.14545626938343048
qwen05_kv_p32_all,7,156,multilingual_ar,4,25,32,0.666674017906189,1.6753559112548828,-0.07657495141029358,-0.043554581701755524
qwen05_kv_p32_all,8,156,multilingual_ar,4,25,32,0.04773310571908951,2.706159830093384,0.3393455147743225,-0.2699177861213684
qwen05_kv_p32_all,9,156,multilingual_ar,4,25,32,0.6046808958053589,1.2301770448684692,0.021590063348412514,-0.23039746284484863
qwen05_kv_p32_all,10,156,multilingual_ar,4,25,32,0.6479793190956116,1.7356221675872803,0.06795841455459595,-0.02864188887178898
qwen05_kv_p32_all,11,156,multilingual_ar,4,25,32,0.6212970018386841,1.1991549730300903,-0.14990483224391937,-0.08985626697540283
qwen05_kv_p32_all,12,156,multilingual_ar,4,25,32,0.7095990777015686,1.9202245473861694,0.12210144102573395,-0.07052334398031235
qwen05_kv_p32_all,13,156,multilingual_ar,4,25,32,0.6883472800254822,1.8081704378128052,0.006711233407258987,-0.17281301319599152
qwen05_kv_p32_all,14,156,multilingual_ar,4,25,32,0.6816632747650146,1.645418405532837,0.025587735697627068,0.02788941189646721
qwen05_kv_p32_all,15,156,multilingual_ar,4,25,32,0.8305079340934753,1.660868763923645,-0.0015199800254777074,-0.09663628786802292
qwen05_kv_p32_all,16,156,multilingual_ar,4,25,32,0.6576282978057861,1.1719746589660645,0.03799143061041832,-0.04178851097822189
qwen05_kv_p32_all,17,156,multilingual_ar,4,25,32,0.8943657875061035,1.21665358543396,0.26571035385131836,0.12896129488945007
qwen05_kv_p32_all,18,156,multilingual_ar,4,25,32,0.8828473687171936,1.924910545349121,0.027529845014214516,-0.02821047231554985
qwen05_kv_p32_all,19,156,multilingual_ar,4,25,32,0.8161287307739258,1.779935359954834,-0.10413073748350143,-0.12648732960224152
qwen05_kv_p32_all,20,156,multilingual_ar,4,25,32,1.0279028415679932,0.8373211026191711,0.15332160890102386,0.11594147980213165
qwen05_kv_p32_all,21,156,multilingual_ar,4,25,32,1.077654480934143,0.8099392652511597,-0.03969930112361908,0.40455853939056396
qwen05_kv_p32_all,22,156,multilingual_ar,4,25,32,1.181039571762085,0.9256976246833801,0.2130659967660904,-0.11866814643144608
qwen05_kv_p32_all,23,156,multilingual_ar,4,25,32,1.125526785850525,1.16275954246521,0.05326651409268379,-0.1542455404996872
qwen05_kv_p32_all,0,160,multilingual_ar,4,25,32,0.03383984789252281,28.879934310913086,-0.03686097636818886,-0.17091841995716095
qwen05_kv_p32_all,1,160,multilingual_ar,4,25,32,0.0672159343957901,5.311495780944824,-0.1933814436197281,0.13589683175086975
qwen05_kv_p32_all,2,160,multilingual_ar,4,25,32,0.1076381653547287,4.218005657196045,-0.06696976721286774,-0.20288054645061493
qwen05_kv_p32_all,3,160,multilingual_ar,4,25,32,0.3982793986797333,2.1635522842407227,-0.09389110654592514,-0.06580284237861633
qwen05_kv_p32_all,4,160,multilingual_ar,4,25,32,0.5107150077819824,2.185056209564209,0.0659734457731247,0.023729143664240837
qwen05_kv_p32_all,5,160,multilingual_ar,4,25,32,0.8466011881828308,1.7980695962905884,0.015130159445106983,0.04442513361573219
qwen05_kv_p32_all,6,160,multilingual_ar,4,25,32,0.8495609760284424,2.426544666290283,0.11902986466884613,-0.10957418382167816
qwen05_kv_p32_all,7,160,multilingual_ar,4,25,32,0.6817885041236877,1.6695805788040161,-0.0830984115600586,-0.012112271040678024
qwen05_kv_p32_all,8,160,multilingual_ar,4,25,32,0.04825239256024361,2.732133388519287,0.3362240195274353,-0.2550497353076935
qwen05_kv_p32_all,9,160,multilingual_ar,4,25,32,0.6123694777488708,1.2345898151397705,0.012984171509742737,-0.21736696362495422
qwen05_kv_p32_all,10,160,multilingual_ar,4,25,32,0.6559154987335205,1.7358189821243286,0.0627795159816742,-0.01483794953674078
qwen05_kv_p32_all,11,160,multilingual_ar,4,25,32,0.6280701160430908,1.1853623390197754,-0.11335712671279907,-0.09130222350358963
qwen05_kv_p32_all,12,160,multilingual_ar,4,25,32,0.7119427919387817,1.8918641805648804,0.12187066674232483,-0.05773261934518814
qwen05_kv_p32_all,13,160,multilingual_ar,4,25,32,0.6919336318969727,1.7987899780273438,-0.004011306446045637,-0.18758462369441986
qwen05_kv_p32_all,14,160,multilingual_ar,4,25,32,0.6850442290306091,1.6314866542816162,0.04863050580024719,-0.022469578310847282
qwen05_kv_p32_all,15,160,multilingual_ar,4,25,32,0.8313469290733337,1.6562162637710571,0.019943540915846825,-0.0913127213716507
qwen05_kv_p32_all,16,160,multilingual_ar,4,25,32,0.6688886880874634,1.1855518817901611,0.03316305950284004,-0.06199778616428375
qwen05_kv_p32_all,17,160,multilingual_ar,4,25,32,0.9012865424156189,1.2375417947769165,0.25987643003463745,0.12842680513858795
qwen05_kv_p32_all,18,160,multilingual_ar,4,25,32,0.8894635438919067,1.9124395847320557,0.020481467247009277,-0.06424830853939056
qwen05_kv_p32_all,19,160,multilingual_ar,4,25,32,0.8249086141586304,1.756205677986145,-0.10831515491008759,-0.10061478614807129
qwen05_kv_p32_all,20,160,multilingual_ar,4,25,32,1.0287513732910156,0.8663734197616577,0.14500446617603302,0.13781075179576874
qwen05_kv_p32_all,21,160,multilingual_ar,4,25,32,1.0897263288497925,0.8241646885871887,-0.04950423538684845,0.3874571919441223
qwen05_kv_p32_all,22,160,multilingual_ar,4,25,32,1.1885677576065063,0.984352171421051,0.2093380242586136,-0.1424567997455597
qwen05_kv_p32_all,23,160,multilingual_ar,4,25,32,1.1261910200119019,1.20637047290802,0.06721029430627823,-0.1635122150182724
qwen05_kv_p32_all,0,164,multilingual_ar,4,25,32,0.034088391810655594,28.97930145263672,-0.03709062188863754,-0.17641325294971466
qwen05_kv_p32_all,1,164,multilingual_ar,4,25,32,0.06719382852315903,5.321718215942383,-0.19017811119556427,0.12058131396770477
qwen05_kv_p32_all,2,164,multilingual_ar,4,25,32,0.10690651834011078,4.205585956573486,-0.06641976535320282,-0.15749473869800568
qwen05_kv_p32_all,3,164,multilingual_ar,4,25,32,0.39618581533432007,2.135801076889038,-0.09402494877576828,-0.07136164605617523
qwen05_kv_p32_all,4,164,multilingual_ar,4,25,32,0.5110796093940735,2.1751630306243896,0.066375732421875,0.006653197575360537
qwen05_kv_p32_all,5,164,multilingual_ar,4,25,32,0.8450716733932495,1.7846992015838623,0.011917279101908207,0.04235530272126198
qwen05_kv_p32_all,6,164,multilingual_ar,4,25,32,0.8553256392478943,2.404693126678467,0.11749956756830215,-0.1266583651304245
qwen05_kv_p32_all,7,164,multilingual_ar,4,25,32,0.6803616881370544,1.6823583841323853,-0.07018955796957016,-0.02920841984450817
qwen05_kv_p32_all,8,164,multilingual_ar,4,25,32,0.04818272590637207,2.734966278076172,0.3373986780643463,-0.2511517405509949
qwen05_kv_p32_all,9,164,multilingual_ar,4,25,32,0.6051538586616516,1.2294145822525024,0.027359189465641975,-0.2281300276517868
qwen05_kv_p32_all,10,164,multilingual_ar,4,25,32,0.6557711958885193,1.7493705749511719,0.07087695598602295,-0.06744319945573807
qwen05_kv_p32_all,11,164,multilingual_ar,4,25,32,0.6134270429611206,1.1763765811920166,-0.09996144473552704,-0.09589088708162308
qwen05_kv_p32_all,12,164,multilingual_ar,4,25,32,0.7099626064300537,1.9192596673965454,0.12447316944599152,-0.04638095572590828
qwen05_kv_p32_all,13,164,multilingual_ar,4,25,32,0.6948795318603516,1.8025169372558594,-0.002692445879802108,-0.17307014763355255
qwen05_kv_p32_all,14,164,multilingual_ar,4,25,32,0.6871866583824158,1.634558081626892,0.04503986984491348,-0.00635581836104393
qwen05_kv_p32_all,15,164,multilingual_ar,4,25,32,0.8292893171310425,1.6519707441329956,0.021663442254066467,-0.06185855343937874
qwen05_kv_p32_all,16,164,multilingual_ar,4,25,32,0.6659955382347107,1.174994707107544,0.03136752173304558,-0.03886168822646141
qwen05_kv_p32_all,17,164,multilingual_ar,4,25,32,0.9015852212905884,1.237453818321228,0.2658373713493347,0.10400418192148209
qwen05_kv_p32_all,18,164,multilingual_ar,4,25,32,0.8829982280731201,1.9120649099349976,0.020538607612252235,-0.04876743257045746
qwen05_kv_p32_all,19,164,multilingual_ar,4,25,32,0.8188790678977966,1.7502532005310059,-0.1047590970993042,-0.09586646407842636
qwen05_kv_p32_all,20,164,multilingual_ar,4,25,32,1.0299270153045654,0.8621279001235962,0.1448780596256256,0.11265166103839874
qwen05_kv_p32_all,21,164,multilingual_ar,4,25,32,1.0873428583145142,0.8158177137374878,-0.03383848816156387,0.4214232563972473
qwen05_kv_p32_all,22,164,multilingual_ar,4,25,32,1.186124324798584,0.9753901958465576,0.2078770399093628,-0.1146741658449173
qwen05_kv_p32_all,23,164,multilingual_ar,4,25,32,1.122739553451538,1.2091403007507324,0.06537622213363647,-0.17177845537662506
tinyllama_kv_p32_all,0,0,clean_english,4,35,32,5.791431427001953,181.73687744140625,0.06250829994678497,-0.03556119650602341
tinyllama_kv_p32_all,1,0,clean_english,4,35,32,1.9188576936721802,76.06415557861328,-0.059618644416332245,0.013593053445219994
tinyllama_kv_p32_all,2,0,clean_english,4,35,32,2.1393284797668457,53.7153434753418,0.07153722643852234,0.03068491443991661
tinyllama_kv_p32_all,3,0,clean_english,4,35,32,2.2431836128234863,17.361989974975586,-0.0750332847237587,0.19625341892242432
tinyllama_kv_p32_all,4,0,clean_english,4,35,32,2.138439178466797,14.950067520141602,0.2212359458208084,-0.01756763830780983
tinyllama_kv_p32_all,5,0,clean_english,4,35,32,1.8546550273895264,12.174393653869629,0.13464973866939545,0.09292932599782944
tinyllama_kv_p32_all,6,0,clean_english,4,35,32,1.7738001346588135,12.557011604309082,0.06369315832853317,0.02895203046500683
tinyllama_kv_p32_all,7,0,clean_english,4,35,32,2.041008710861206,13.248228073120117,-0.1593209207057953,-0.18884259462356567
tinyllama_kv_p32_all,8,0,clean_english,4,35,32,1.6737055778503418,11.458794593811035,0.278124064207077,0.05181766301393509
tinyllama_kv_p32_all,9,0,clean_english,4,35,32,1.6480460166931152,12.188241004943848,0.22375504672527313,0.04080094397068024
tinyllama_kv_p32_all,10,0,clean_english,4,35,32,1.7222102880477905,10.627732276916504,0.23534299433231354,0.2345219850540161
tinyllama_kv_p32_all,11,0,clean_english,4,35,32,1.6292579174041748,9.411779403686523,0.005523800849914551,-0.22561702132225037
tinyllama_kv_p32_all,12,0,clean_english,4,35,32,1.6213274002075195,9.701560020446777,-0.12383028119802475,0.004631113726645708
tinyllama_kv_p32_all,13,0,clean_english,4,35,32,1.560246229171753,9.811826705932617,0.1472974270582199,-0.006752936635166407
tinyllama_kv_p32_all,14,0,clean_english,4,35,32,1.5866549015045166,9.175679206848145,0.18279951810836792,0.23683978617191315
tinyllama_kv_p32_all,15,0,clean_english,4,35,32,1.5224676132202148,6.992513656616211,0.09592484682798386,0.1347493976354599
tinyllama_kv_p32_all,16,0,clean_english,4,35,32,1.696232795715332,8.307326316833496,0.10201798379421234,0.07144594192504883
tinyllama_kv_p32_all,17,0,clean_english,4,35,32,1.4871920347213745,5.7368669509887695,0.051863837987184525,0.2646246552467346
tinyllama_kv_p32_all,18,0,clean_english,4,35,32,1.4702998399734497,5.960961818695068,-0.16370810568332672,-0.07165197283029556
tinyllama_kv_p32_all,19,0,clean_english,4,35,32,1.4243543148040771,4.357877731323242,0.16380935907363892,0.09994305670261383
tinyllama_kv_p32_all,20,0,clean_english,4,35,32,1.4122663736343384,4.899552345275879,0.16885507106781006,0.2122815102338791
tinyllama_kv_p32_all,21,0,clean_english,4,35,32,1.3175770044326782,4.085448265075684,0.05058145895600319,-0.029513472691178322
tinyllama_kv_p32_all,0,4,clean_english,4,32,32,5.773166656494141,192.96017456054688,0.05934644490480423,-0.014287305064499378
tinyllama_kv_p32_all,1,4,clean_english,4,32,32,1.9000800848007202,75.05523681640625,-0.029735855758190155,-0.05952011048793793
tinyllama_kv_p32_all,2,4,clean_english,4,32,32,2.10683536529541,55.4268913269043,0.0743509903550148,0.09968948364257812
tinyllama_kv_p32_all,3,4,clean_english,4,32,32,2.1983678340911865,17.33769416809082,-0.06069863960146904,0.21859052777290344
tinyllama_kv_p32_all,4,4,clean_english,4,32,32,2.0851736068725586,14.740166664123535,0.21764570474624634,-0.012177935801446438
tinyllama_kv_p32_all,5,4,clean_english,4,32,32,1.8382471799850464,12.462956428527832,0.1343020349740982,0.018521422520279884
tinyllama_kv_p32_all,6,4,clean_english,4,32,32,1.732183814048767,12.742945671081543,0.0698990672826767,-0.05721788853406906
tinyllama_kv_p32_all,7,4,clean_english,4,32,32,2.005805492401123,13.094611167907715,-0.1653818041086197,-0.14629603922367096
tinyllama_kv_p32_all,8,4,clean_english,4,32,32,1.6278632879257202,11.375463485717773,0.29524874687194824,0.07293897867202759
tinyllama_kv_p32_all,9,4,clean_english,4,32,32,1.6091893911361694,12.051778793334961,0.20739103853702545,-0.0016293281223624945
tinyllama_kv_p32_all,10,4,clean_english,4,32,32,1.6782437562942505,10.626679420471191,0.21513675153255463,0.23286189138889313
tinyllama_kv_p32_all,11,4,clean_english,4,32,32,1.5758541822433472,9.283207893371582,-0.010459505021572113,-0.2503938376903534
tinyllama_kv_p32_all,12,4,clean_english,4,32,32,1.565874695777893,9.60136604309082,-0.12422046810388565,0.0423826202750206
tinyllama_kv_p32_all,13,4,clean_english,4,32,32,1.4946224689483643,9.633068084716797,0.13229501247406006,-0.04180927947163582
tinyllama_kv_p32_all,14,4,clean_english,4,32,32,1.536179542541504,9.104277610778809,0.16675318777561188,0.16668985784053802
tinyllama_kv_p32_all,15,4,clean_english,4,32,32,1.485314130783081,6.979964733123779,0.09048351645469666,0.15563538670539856
tinyllama_kv_p32_all,16,4,clean_english,4,32,32,1.6437524557113647,8.086321830749512,0.09086772799491882,0.01458735577762127
tinyllama_kv_p32_all,17,4,clean_english,4,32,32,1.4357402324676514,5.668086051940918,0.06305341422557831,0.22737851738929749
tinyllama_kv_p32_all,18,4,clean_english,4,32,32,1.435102105140686,5.806183815002441,-0.1662876307964325,-0.06492390483617783
tinyllama_kv_p32_all,19,4,clean_english,4,32,32,1.3725875616073608,4.428008556365967,0.17076149582862854,0.009587104432284832
tinyllama_kv_p32_all,20,4,clean_english,4,32,32,1.366228461265564,4.930910110473633,0.16209644079208374,0.16515633463859558
tinyllama_kv_p32_all,21,4,clean_english,4,32,32,1.281032919883728,4.276211738586426,0.046110719442367554,-0.013471703976392746
tinyllama_kv_p32_all,0,8,clean_english,4,32,32,5.7218780517578125,188.1942596435547,0.06301252543926239,-0.0006439796416088939
tinyllama_kv_p32_all,1,8,clean_english,4,32,32,1.8955470323562622,74.05628204345703,-0.02689526602625847,-0.05534030497074127
tinyllama_kv_p32_all,2,8,clean_english,4,32,32,2.090311050415039,54.38325500488281,0.07221818715333939,0.09751386940479279
tinyllama_kv_p32_all,3,8,clean_english,4,32,32,2.2077629566192627,17.103538513183594,-0.06362257152795792,0.225041925907135
tinyllama_kv_p32_all,4,8,clean_english,4,32,32,2.076235771179199,14.635544776916504,0.22352255880832672,0.009103179909288883
tinyllama_kv_p32_all,5,8,clean_english,4,32,32,1.826725959777832,12.268532752990723,0.13938529789447784,0.010922728106379509
tinyllama_kv_p32_all,6,8,clean_english,4,32,32,1.7365984916687012,12.502532005310059,0.05770334228873253,-0.034979816526174545
tinyllama_kv_p32_all,7,8,clean_english,4,32,32,2.001235008239746,12.801132202148438,-0.1650550216436386,-0.13674922287464142
tinyllama_kv_p32_all,8,8,clean_english,4,32,32,1.6116801500320435,11.089373588562012,0.28512564301490784,0.05671064183115959
tinyllama_kv_p32_all,9,8,clean_english,4,32,32,1.5976498126983643,11.983901023864746,0.2137412130832672,-0.04549175128340721
tinyllama_kv_p32_all,10,8,clean_english,4,32,32,1.6668928861618042,10.55709457397461,0.21311749517917633,0.26617950201034546
tinyllama_kv_p32_all,11,8,clean_english,4,32,32,1.5862066745758057,9.210517883300781,-0.005240283906459808,-0.2632834017276764
tinyllama_kv_p32_all,12,8,clean_english,4,32,32,1.5567353963851929,9.569050788879395,-0.12319404631853104,0.06372226774692535
tinyllama_kv_p32_all,13,8,clean_english,4,32,32,1.4911599159240723,9.653665542602539,0.13627460598945618,-0.07603047043085098
tinyllama_kv_p32_all,14,8,clean_english,4,32,32,1.524112582206726,8.994758605957031,0.16335821151733398,0.17438694834709167
tinyllama_kv_p32_all,15,8,clean_english,4,32,32,1.4703330993652344,6.86171817779541,0.10516896098852158,0.19342482089996338
tinyllama_kv_p32_all,16,8,clean_english,4,32,32,1.6462337970733643,8.020853042602539,0.09177480638027191,-0.04796149954199791
tinyllama_kv_p32_all,17,8,clean_english,4,32,32,1.431499719619751,5.584798336029053,0.05876632407307625,0.20514807105064392
tinyllama_kv_p32_all,18,8,clean_english,4,32,32,1.4271299839019775,5.704158306121826,-0.15795819461345673,-0.06710450351238251
tinyllama_kv_p32_all,19,8,clean_english,4,32,32,1.3568379878997803,4.358569622039795,0.16339416801929474,0.05148356407880783
tinyllama_kv_p32_all,20,8,clean_english,4,32,32,1.3649028539657593,4.955098628997803,0.1709822565317154,0.128427654504776
tinyllama_kv_p32_all,21,8,clean_english,4,32,32,1.2728540897369385,4.209201335906982,0.04980027675628662,-0.03115418367087841
tinyllama_kv_p32_all,0,12,clean_english,4,33,32,5.8198442459106445,189.01022338867188,0.06254361569881439,-0.007431453093886375
tinyllama_kv_p32_all,1,12,clean_english,4,33,32,1.9127883911132812,76.65338897705078,-0.03807822987437248,-3.831674621324055e-05
tinyllama_kv_p32_all,2,12,clean_english,4,33,32,2.1396219730377197,55.46462631225586,0.07414277642965317,0.06198321655392647
tinyllama_kv_p32_all,3,12,clean_english,4,33,32,2.24204421043396,17.437925338745117,-0.06675016134977341,0.22913295030593872
tinyllama_kv_p32_all,4,12,clean_english,4,33,32,2.1313321590423584,15.3302001953125,0.22035923600196838,0.002105018589645624
tinyllama_kv_p32_all,5,12,clean_english,4,33,32,1.870031476020813,12.713777542114258,0.13968020677566528,0.057841189205646515
tinyllama_kv_p32_all,6,12,clean_english,4,33,32,1.7786842584609985,12.804388999938965,0.07215043902397156,0.015684964135289192
tinyllama_kv_p32_all,7,12,clean_english,4,33,32,2.0251810550689697,13.479507446289062,-0.173186257481575,-0.1329042762517929
tinyllama_kv_p32_all,8,12,clean_english,4,33,32,1.6544946432113647,11.48434066772461,0.27658066153526306,0.038946036249399185
tinyllama_kv_p32_all,9,12,clean_english,4,33,32,1.6369482278823853,12.478435516357422,0.23251688480377197,-0.05912633612751961
tinyllama_kv_p32_all,10,12,clean_english,4,33,32,1.6967109441757202,10.916360855102539,0.21800757944583893,0.24454562366008759
tinyllama_kv_p32_all,11,12,clean_english,4,33,32,1.6207680702209473,9.457345962524414,-0.002865426242351532,-0.227965846657753
tinyllama_kv_p32_all,12,12,clean_english,4,33,32,1.59779953956604,9.726031303405762,-0.1179821789264679,0.08157242089509964
tinyllama_kv_p32_all,13,12,clean_english,4,33,32,1.5471311807632446,9.846274375915527,0.14952288568019867,-0.00893375650048256
tinyllama_kv_p32_all,14,12,clean_english,4,33,32,1.5732837915420532,9.294286727905273,0.1741546392440796,0.23792578279972076
tinyllama_kv_p32_all,15,12,clean_english,4,33,32,1.5021543502807617,7.0590500831604,0.10157713294029236,0.10772974044084549
tinyllama_kv_p32_all,16,12,clean_english,4,33,32,1.684267520904541,8.492659568786621,0.10071028769016266,0.07665297389030457
tinyllama_kv_p32_all,17,12,clean_english,4,33,32,1.4828832149505615,5.834159851074219,0.05562222748994827,0.3376002907752991
tinyllama_kv_p32_all,18,12,clean_english,4,33,32,1.4533106088638306,5.879052639007568,-0.1560738980770111,-0.030574679374694824
tinyllama_kv_p32_all,19,12,clean_english,4,33,32,1.4092860221862793,4.3772687911987305,0.1602022349834442,0.16079400479793549
tinyllama_kv_p32_all,20,12,clean_english,4,33,32,1.4035184383392334,5.126553058624268,0.16781015694141388,0.2577730119228363
tinyllama_kv_p32_all,21,12,clean_english,4,33,32,1.3035308122634888,4.181067943572998,0.05123477056622505,0.034770820289850235
tinyllama_kv_p32_all,0,16,clean_english,4,29,32,5.846353054046631,195.14817810058594,0.06578414142131805,0.05359114333987236
tinyllama_kv_p32_all,1,16,clean_english,4,29,32,1.9263019561767578,76.14501953125,-0.017085539177060127,0.01317615993320942
tinyllama_kv_p32_all,2,16,clean_english,4,29,32,2.1042587757110596,57.884132385253906,0.08777362108230591,0.024154966697096825
tinyllama_kv_p32_all,3,16,clean_english,4,29,32,2.2246906757354736,17.955385208129883,-0.06996726989746094,0.23683898150920868
tinyllama_kv_p32_all,4,16,clean_english,4,29,32,2.102823257446289,14.965685844421387,0.21313701570034027,0.0065223113633692265
tinyllama_kv_p32_all,5,16,clean_english,4,29,32,1.858152151107788,13.085126876831055,0.13842006027698517,0.03491552546620369
tinyllama_kv_p32_all,6,16,clean_english,4,29,32,1.7604000568389893,13.051520347595215,0.07410994172096252,-0.053138960152864456
tinyllama_kv_p32_all,7,16,clean_english,4,29,32,2.0283234119415283,13.355008125305176,-0.17883892357349396,-0.12272419780492783
tinyllama_kv_p32_all,8,16,clean_english,4,29,32,1.656252384185791,11.500200271606445,0.3185325860977173,0.030217954888939857
tinyllama_kv_p32_all,9,16,clean_english,4,29,32,1.6254128217697144,12.123834609985352,0.18920058012008667,-0.03472666069865227
tinyllama_kv_p32_all,10,16,clean_english,4,29,32,1.696041464805603,11.021886825561523,0.21412122249603271,0.3696315884590149
tinyllama_kv_p32_all,11,16,clean_english,4,29,32,1.6131542921066284,9.127706527709961,-0.035005148500204086,-0.269682914018631
tinyllama_kv_p32_all,12,16,clean_english,4,29,32,1.586120367050171,9.369552612304688,-0.10253569483757019,0.0422917939722538
tinyllama_kv_p32_all,13,16,clean_english,4,29,32,1.5438361167907715,9.769585609436035,0.1408318728208542,-0.024697257205843925
tinyllama_kv_p32_all,14,16,clean_english,4,29,32,1.562352180480957,9.206707954406738,0.1543770283460617,0.04733843728899956
tinyllama_kv_p32_all,15,16,clean_english,4,29,32,1.5128591060638428,6.967906475067139,0.09444362670183182,0.16563311219215393
tinyllama_kv_p32_all,16,16,clean_english,4,29,32,1.684883952140808,8.358277320861816,0.08764833211898804,-0.051640529185533524
tinyllama_kv_p32_all,17,16,clean_english,4,29,32,1.4768967628479004,5.82755708694458,0.06550564616918564,0.18667185306549072
tinyllama_kv_p32_all,18,16,clean_english,4,29,32,1.4609861373901367,5.956746578216553,-0.1409105509519577,-0.20946091413497925
tinyllama_kv_p32_all,19,16,clean_english,4,29,32,1.4027575254440308,4.392824649810791,0.1622675210237503,0.15323643386363983
tinyllama_kv_p32_all,20,16,clean_english,4,29,32,1.3833171129226685,5.1036152839660645,0.162968710064888,0.2128976583480835
tinyllama_kv_p32_all,21,16,clean_english,4,29,32,1.2857623100280762,4.3282270431518555,0.048031773418188095,-0.04826703295111656
tinyllama_kv_p32_all,0,20,clean_english,4,32,32,5.587738990783691,189.03294372558594,0.0668850690126419,0.027524730190634727
tinyllama_kv_p32_all,1,20,clean_english,4,32,32,1.8639705181121826,74.30596160888672,-0.021373718976974487,-0.08575551956892014
tinyllama_kv_p32_all,2,20,clean_english,4,32,32,2.0880978107452393,54.539066314697266,0.06918851286172867,0.14969655871391296
tinyllama_kv_p32_all,3,20,clean_english,4,32,32,2.177459478378296,16.919157028198242,-0.05878158658742905,0.23470281064510345
tinyllama_kv_p32_all,4,20,clean_english,4,32,32,2.0488152503967285,14.763399124145508,0.2281123250722885,0.006603419315069914
tinyllama_kv_p32_all,5,20,clean_english,4,32,32,1.805709958076477,12.358051300048828,0.13967488706111908,-0.019451459869742393
tinyllama_kv_p32_all,6,20,clean_english,4,32,32,1.7233351469039917,12.559524536132812,0.061294108629226685,0.008556840941309929
tinyllama_kv_p32_all,7,20,clean_english,4,32,32,1.9598727226257324,12.912481307983398,-0.1757027953863144,-0.06538528203964233
tinyllama_kv_p32_all,8,20,clean_english,4,32,32,1.5940749645233154,11.039841651916504,0.28184744715690613,0.053159669041633606
tinyllama_kv_p32_all,9,20,clean_english,4,32,32,1.571619987487793,11.993197441101074,0.22422833740711212,-0.049166351556777954
tinyllama_kv_p32_all,10,20,clean_english,4,32,32,1.644472599029541,10.633832931518555,0.20913748443126678,0.20054537057876587
tinyllama_kv_p32_all,11,20,clean_english,4,32,32,1.5685902833938599,9.180669784545898,-0.001754104858264327,-0.25058090686798096
tinyllama_kv_p32_all,12,20,clean_english,4,32,32,1.5359925031661987,9.520195007324219,-0.1281759887933731,0.06107659637928009
tinyllama_kv_p32_all,13,20,clean_english,4,32,32,1.4654051065444946,9.548587799072266,0.1413051187992096,-0.08474390208721161
tinyllama_kv_p32_all,14,20,clean_english,4,32,32,1.5131045579910278,8.92674732208252,0.15229910612106323,0.18607334792613983
tinyllama_kv_p32_all,15,20,clean_english,4,32,32,1.4385889768600464,6.7722954750061035,0.1016058623790741,0.15476952493190765
tinyllama_kv_p32_all,16,20,clean_english,4,32,32,1.6153887510299683,8.080167770385742,0.08452016860246658,-0.018702514469623566
tinyllama_kv_p32_all,17,20,clean_english,4,32,32,1.4151028394699097,5.632237434387207,0.06328077614307404,0.24454554915428162
tinyllama_kv_p32_all,18,20,clean_english,4,32,32,1.4027215242385864,5.694928169250488,-0.16649383306503296,-0.04379323124885559
tinyllama_kv_p32_all,19,20,clean_english,4,32,32,1.3413348197937012,4.352089881896973,0.1713193655014038,0.06050415709614754
tinyllama_kv_p32_all,20,20,clean_english,4,32,32,1.347674012184143,5.111992835998535,0.17219270765781403,0.15714490413665771
tinyllama_kv_p32_all,21,20,clean_english,4,32,32,1.2607918977737427,4.197054386138916,0.044564079493284225,0.0027448972687125206
tinyllama_kv_p32_all,0,24,typo_noise_heavy,4,75,32,5.620164394378662,169.2007598876953,0.007247660309076309,-0.07863614708185196
tinyllama_kv_p32_all,1,24,typo_noise_heavy,4,75,32,1.955054759979248,72.77177429199219,-0.03970290347933769,0.019570698961615562
tinyllama_kv_p32_all,2,24,typo_noise_heavy,4,75,32,2.2534520626068115,51.642539978027344,0.06850786507129669,0.05418214201927185
tinyllama_kv_p32_all,3,24,typo_noise_heavy,4,75,32,2.2589781284332275,16.675357818603516,-0.06399447470903397,0.2088838368654251
tinyllama_kv_p32_all,4,24,typo_noise_heavy,4,75,32,2.1945114135742188,15.461604118347168,0.19160988926887512,0.02233961969614029
tinyllama_kv_p32_all,5,24,typo_noise_heavy,4,75,32,1.8488271236419678,11.917336463928223,0.13504867255687714,-0.002773901680484414
tinyllama_kv_p32_all,6,24,typo_noise_heavy,4,75,32,1.7823214530944824,12.2705717086792,0.04290148988366127,0.07947252690792084
tinyllama_kv_p32_all,7,24,typo_noise_heavy,4,75,32,1.9976633787155151,13.610102653503418,-0.16927312314510345,-0.10857225954532623
tinyllama_kv_p32_all,8,24,typo_noise_heavy,4,75,32,1.6773881912231445,11.274392127990723,0.2665015161037445,0.0293692909181118
tinyllama_kv_p32_all,9,24,typo_noise_heavy,4,75,32,1.6176854372024536,13.181217193603516,0.24766914546489716,0.07600738853216171
tinyllama_kv_p32_all,10,24,typo_noise_heavy,4,75,32,1.7384756803512573,11.377918243408203,0.18091320991516113,0.07214696705341339
tinyllama_kv_p32_all,11,24,typo_noise_heavy,4,75,32,1.6751289367675781,10.057978630065918,0.063677117228508,-0.19696010649204254
tinyllama_kv_p32_all,12,24,typo_noise_heavy,4,75,32,1.6229579448699951,10.855745315551758,-0.19033007323741913,0.0379510223865509
tinyllama_kv_p32_all,13,24,typo_noise_heavy,4,75,32,1.5558940172195435,10.958000183105469,0.07993372529745102,-0.08596261590719223
tinyllama_kv_p32_all,14,24,typo_noise_heavy,4,75,32,1.609001636505127,9.458406448364258,0.15620805323123932,0.08398620784282684
tinyllama_kv_p32_all,15,24,typo_noise_heavy,4,75,32,1.4993247985839844,7.036104679107666,0.0789295956492424,0.06850451231002808
tinyllama_kv_p32_all,16,24,typo_noise_heavy,4,75,32,1.6903064250946045,8.589801788330078,0.09936700761318207,0.03905950486660004
tinyllama_kv_p32_all,17,24,typo_noise_heavy,4,75,32,1.5049421787261963,5.963683128356934,-0.00573390768840909,0.2810799181461334
tinyllama_kv_p32_all,18,24,typo_noise_heavy,4,75,32,1.5092990398406982,5.297494411468506,-0.1876802146434784,-0.04548323526978493
tinyllama_kv_p32_all,19,24,typo_noise_heavy,4,75,32,1.4472969770431519,4.141894340515137,0.14738889038562775,0.22500741481781006
tinyllama_kv_p32_all,20,24,typo_noise_heavy,4,75,32,1.4694021940231323,4.991469860076904,0.13341355323791504,0.005807001143693924
tinyllama_kv_p32_all,21,24,typo_noise_heavy,4,75,32,1.3052047491073608,3.8069231510162354,0.07512117922306061,-0.07711555808782578
tinyllama_kv_p32_all,0,28,typo_noise_heavy,4,70,32,5.373124599456787,162.94775390625,0.02394174411892891,-0.07060739398002625
tinyllama_kv_p32_all,1,28,typo_noise_heavy,4,70,32,1.839121699333191,68.06996154785156,-0.05366245284676552,-0.054924316704273224
tinyllama_kv_p32_all,2,28,typo_noise_heavy,4,70,32,2.119497776031494,49.864933013916016,0.07383787631988525,0.07111998647451401
tinyllama_kv_p32_all,3,28,typo_noise_heavy,4,70,32,2.1407582759857178,16.291231155395508,-0.08043361455202103,0.24753867089748383
tinyllama_kv_p32_all,4,28,typo_noise_heavy,4,70,32,2.0479931831359863,14.713621139526367,0.18422874808311462,0.05143182724714279
tinyllama_kv_p32_all,5,28,typo_noise_heavy,4,70,32,1.7714152336120605,11.614081382751465,0.15707141160964966,-0.04732884094119072
tinyllama_kv_p32_all,6,28,typo_noise_heavy,4,70,32,1.6965726613998413,12.034457206726074,0.045878224074840546,0.06073474884033203
tinyllama_kv_p32_all,7,28,typo_noise_heavy,4,70,32,1.9189283847808838,12.938190460205078,-0.16904501616954803,-0.12634709477424622
tinyllama_kv_p32_all,8,28,typo_noise_heavy,4,70,32,1.5821832418441772,10.788086891174316,0.2682245075702667,0.06422212719917297
tinyllama_kv_p32_all,9,28,typo_noise_heavy,4,70,32,1.5230681896209717,12.512227058410645,0.23305362462997437,0.06992713361978531
tinyllama_kv_p32_all,10,28,typo_noise_heavy,4,70,32,1.6388022899627686,10.807822227478027,0.15879833698272705,0.06144419312477112
tinyllama_kv_p32_all,11,28,typo_noise_heavy,4,70,32,1.582173466682434,9.622586250305176,0.04175882413983345,-0.20492438971996307
tinyllama_kv_p32_all,12,28,typo_noise_heavy,4,70,32,1.5318523645401,10.700897216796875,-0.1707933396100998,0.06857156753540039
tinyllama_kv_p32_all,13,28,typo_noise_heavy,4,70,32,1.4716511964797974,10.693024635314941,0.10035152733325958,-0.1253904402256012
tinyllama_kv_p32_all,14,28,typo_noise_heavy,4,70,32,1.5246323347091675,9.149250030517578,0.1590149998664856,0.11138930171728134
tinyllama_kv_p32_all,15,28,typo_noise_heavy,4,70,32,1.4260677099227905,6.8167948722839355,0.08347711712121964,0.01784050278365612
tinyllama_kv_p32_all,16,28,typo_noise_heavy,4,70,32,1.6088229417800903,8.401692390441895,0.10808082669973373,0.01596240885555744
tinyllama_kv_p32_all,17,28,typo_noise_heavy,4,70,32,1.4359723329544067,5.794625282287598,0.007563094142824411,0.3369913101196289
tinyllama_kv_p32_all,18,28,typo_noise_heavy,4,70,32,1.4260164499282837,4.8951029777526855,-0.18115626275539398,-0.015753304585814476
tinyllama_kv_p32_all,19,28,typo_noise_heavy,4,70,32,1.3732326030731201,3.91277813911438,0.1384166032075882,0.22624251246452332
tinyllama_kv_p32_all,20,28,typo_noise_heavy,4,70,32,1.3997981548309326,4.7768778800964355,0.132529154419899,0.02829361893236637
tinyllama_kv_p32_all,21,28,typo_noise_heavy,4,70,32,1.2576192617416382,3.6712167263031006,0.08633886277675629,-0.04431807994842529
tinyllama_kv_p32_all,0,32,typo_noise_heavy,4,71,32,5.452911853790283,167.03012084960938,0.010615812614560127,-0.06587186455726624
tinyllama_kv_p32_all,1,32,typo_noise_heavy,4,71,32,1.902687668800354,71.3546142578125,-0.046598587185144424,-0.05909036099910736
tinyllama_kv_p32_all,2,32,typo_noise_heavy,4,71,32,2.2175424098968506,50.832427978515625,0.08113665878772736,0.07172666490077972
tinyllama_kv_p32_all,3,32,typo_noise_heavy,4,71,32,2.201113700866699,16.491985321044922,-0.07478846609592438,0.22572307288646698
tinyllama_kv_p32_all,4,32,typo_noise_heavy,4,71,32,2.125783681869507,15.032318115234375,0.180556982755661,0.008228580467402935
tinyllama_kv_p32_all,5,32,typo_noise_heavy,4,71,32,1.8197970390319824,11.775003433227539,0.1439073234796524,-0.06738016754388809
tinyllama_kv_p32_all,6,32,typo_noise_heavy,4,71,32,1.7435734272003174,12.052299499511719,0.03360684588551521,0.06591425091028214
tinyllama_kv_p32_all,7,32,typo_noise_heavy,4,71,32,1.9666515588760376,13.367596626281738,-0.1729183793067932,-0.11462105065584183
tinyllama_kv_p32_all,8,32,typo_noise_heavy,4,71,32,1.6301875114440918,11.03737735748291,0.26657968759536743,0.06320637464523315
tinyllama_kv_p32_all,9,32,typo_noise_heavy,4,71,32,1.5700721740722656,12.85728931427002,0.24483206868171692,0.0691608414053917
tinyllama_kv_p32_all,10,32,typo_noise_heavy,4,71,32,1.6950980424880981,11.181754112243652,0.16679297387599945,0.07204386591911316
tinyllama_kv_p32_all,11,32,typo_noise_heavy,4,71,32,1.6403557062149048,9.975744247436523,0.045749206095933914,-0.2373589724302292
tinyllama_kv_p32_all,12,32,typo_noise_heavy,4,71,32,1.5624518394470215,10.587401390075684,-0.18953464925289154,0.08089029043912888
tinyllama_kv_p32_all,13,32,typo_noise_heavy,4,71,32,1.4937864542007446,10.746264457702637,0.09231269359588623,-0.10427474230527878
tinyllama_kv_p32_all,14,32,typo_noise_heavy,4,71,32,1.5509659051895142,9.466307640075684,0.16064433753490448,0.07828063517808914
tinyllama_kv_p32_all,15,32,typo_noise_heavy,4,71,32,1.4626283645629883,6.92307186126709,0.08463408797979355,0.04805569350719452
tinyllama_kv_p32_all,16,32,typo_noise_heavy,4,71,32,1.6385818719863892,8.585817337036133,0.10680126398801804,-0.004050047602504492
tinyllama_kv_p32_all,17,32,typo_noise_heavy,4,71,32,1.4469302892684937,5.872657299041748,0.001242496888153255,0.31131711602211
tinyllama_kv_p32_all,18,32,typo_noise_heavy,4,71,32,1.4572354555130005,5.177148342132568,-0.1855018436908722,-0.05787983909249306
tinyllama_kv_p32_all,19,32,typo_noise_heavy,4,71,32,1.3994208574295044,4.152773857116699,0.13067932426929474,0.2251150757074356
tinyllama_kv_p32_all,20,32,typo_noise_heavy,4,71,32,1.4390673637390137,5.040721416473389,0.1423613280057907,-0.009543553926050663
tinyllama_kv_p32_all,21,32,typo_noise_heavy,4,71,32,1.2980588674545288,3.835238218307495,0.07411600649356842,-0.04252127185463905
tinyllama_kv_p32_all,0,36,typo_noise_heavy,4,64,32,5.690298557281494,174.12940979003906,0.0342860110104084,-0.011960863135755062
tinyllama_kv_p32_all,1,36,typo_noise_heavy,4,64,32,1.9540718793869019,72.42256927490234,-0.0778772234916687,-0.032548073679208755
tinyllama_kv_p32_all,2,36,typo_noise_heavy,4,64,32,2.2286434173583984,52.186737060546875,0.06079738959670067,0.07107213139533997
tinyllama_kv_p32_all,3,36,typo_noise_heavy,4,64,32,2.2583985328674316,16.938608169555664,-0.07226147502660751,0.21726714074611664
tinyllama_kv_p32_all,4,36,typo_noise_heavy,4,64,32,2.153751850128174,15.378921508789062,0.19936540722846985,0.06742153316736221
tinyllama_kv_p32_all,5,36,typo_noise_heavy,4,64,32,1.8734660148620605,12.264580726623535,0.15242210030555725,-0.056102391332387924
tinyllama_kv_p32_all,6,36,typo_noise_heavy,4,64,32,1.7718262672424316,12.424338340759277,0.05318174511194229,0.04457299783825874
tinyllama_kv_p32_all,7,36,typo_noise_heavy,4,64,32,1.9978193044662476,13.414924621582031,-0.1719481348991394,-0.11018884181976318
tinyllama_kv_p32_all,8,36,typo_noise_heavy,4,64,32,1.6523836851119995,11.275857925415039,0.25527676939964294,0.039696432650089264
tinyllama_kv_p32_all,9,36,typo_noise_heavy,4,64,32,1.5892442464828491,13.369670867919922,0.23479361832141876,0.09691395610570908
tinyllama_kv_p32_all,10,36,typo_noise_heavy,4,64,32,1.6822900772094727,11.535344123840332,0.16474506258964539,0.08740643411874771
tinyllama_kv_p32_all,11,36,typo_noise_heavy,4,64,32,1.6518969535827637,9.944272994995117,0.05607731640338898,-0.19734641909599304
tinyllama_kv_p32_all,12,36,typo_noise_heavy,4,64,32,1.5881589651107788,11.09870433807373,-0.17543502151966095,0.06389445811510086
tinyllama_kv_p32_all,13,36,typo_noise_heavy,4,64,32,1.51741623878479,11.142680168151855,0.11024454981088638,-0.10885576903820038
tinyllama_kv_p32_all,14,36,typo_noise_heavy,4,64,32,1.602055311203003,9.514742851257324,0.14622919261455536,0.027884311974048615
tinyllama_kv_p32_all,15,36,typo_noise_heavy,4,64,32,1.4799405336380005,6.999487400054932,0.07711608707904816,0.0257137231528759
tinyllama_kv_p32_all,16,36,typo_noise_heavy,4,64,32,1.668106198310852,8.718255043029785,0.12605547904968262,0.009788494557142258
tinyllama_kv_p32_all,17,36,typo_noise_heavy,4,64,32,1.4989460706710815,6.033175468444824,-0.0040495069697499275,0.3176133930683136
tinyllama_kv_p32_all,18,36,typo_noise_heavy,4,64,32,1.4793287515640259,5.018228054046631,-0.18624435365200043,-0.06370799988508224
tinyllama_kv_p32_all,19,36,typo_noise_heavy,4,64,32,1.4294151067733765,4.070201873779297,0.13640184700489044,0.2764049172401428
tinyllama_kv_p32_all,20,36,typo_noise_heavy,4,64,32,1.4732739925384521,5.166840553283691,0.12957990169525146,0.06278126686811447
tinyllama_kv_p32_all,21,36,typo_noise_heavy,4,64,32,1.2965469360351562,3.769536256790161,0.0917077362537384,-0.015354498289525509
tinyllama_kv_p32_all,0,40,typo_noise_heavy,4,68,32,5.42009162902832,167.13279724121094,0.01280329842120409,-0.058981165289878845
tinyllama_kv_p32_all,1,40,typo_noise_heavy,4,68,32,1.8794687986373901,70.10454559326172,-0.06647505611181259,-0.07745348662137985
tinyllama_kv_p32_all,2,40,typo_noise_heavy,4,68,32,2.189815044403076,50.52036666870117,0.06667125970125198,0.12205643206834793
tinyllama_kv_p32_all,3,40,typo_noise_heavy,4,68,32,2.1875154972076416,16.486202239990234,-0.058590129017829895,0.2609507739543915
tinyllama_kv_p32_all,4,40,typo_noise_heavy,4,68,32,2.1066644191741943,14.749200820922852,0.18204352259635925,0.04581880569458008
tinyllama_kv_p32_all,5,40,typo_noise_heavy,4,68,32,1.7893710136413574,11.923015594482422,0.15528929233551025,-0.03955325111746788
tinyllama_kv_p32_all,6,40,typo_noise_heavy,4,68,32,1.7142086029052734,12.195256233215332,0.057777803391218185,0.0919281393289566
tinyllama_kv_p32_all,7,40,typo_noise_heavy,4,68,32,1.9467839002609253,13.026482582092285,-0.1662762314081192,-0.14614130556583405
tinyllama_kv_p32_all,8,40,typo_noise_heavy,4,68,32,1.612121820449829,10.928889274597168,0.263996422290802,0.0384456142783165
tinyllama_kv_p32_all,9,40,typo_noise_heavy,4,68,32,1.5545451641082764,12.67261028289795,0.23721565306186676,0.0886065736413002
tinyllama_kv_p32_all,10,40,typo_noise_heavy,4,68,32,1.681221842765808,11.053765296936035,0.17367872595787048,0.1386454701423645
tinyllama_kv_p32_all,11,40,typo_noise_heavy,4,68,32,1.6223088502883911,9.566956520080566,0.034748759120702744,-0.18474137783050537
tinyllama_kv_p32_all,12,40,typo_noise_heavy,4,68,32,1.5624467134475708,10.500555038452148,-0.17236855626106262,0.03930729255080223
tinyllama_kv_p32_all,13,40,typo_noise_heavy,4,68,32,1.5007050037384033,10.754984855651855,0.09584935754537582,-0.0630917102098465
tinyllama_kv_p32_all,14,40,typo_noise_heavy,4,68,32,1.5474292039871216,9.30413818359375,0.15063048899173737,0.047650791704654694
tinyllama_kv_p32_all,15,40,typo_noise_heavy,4,68,32,1.4489977359771729,6.862995147705078,0.08909004181623459,0.06388791650533676
tinyllama_kv_p32_all,16,40,typo_noise_heavy,4,68,32,1.6305809020996094,8.528596878051758,0.10410678386688232,0.04888883978128433
tinyllama_kv_p32_all,17,40,typo_noise_heavy,4,68,32,1.4561882019042969,5.830239772796631,0.009165911935269833,0.3392643332481384
tinyllama_kv_p32_all,18,40,typo_noise_heavy,4,68,32,1.441709280014038,5.043652534484863,-0.17659157514572144,-0.041556160897016525
tinyllama_kv_p32_all,19,40,typo_noise_heavy,4,68,32,1.3986172676086426,4.014533042907715,0.1343173086643219,0.23901201784610748
tinyllama_kv_p32_all,20,40,typo_noise_heavy,4,68,32,1.4258661270141602,4.918824672698975,0.12827110290527344,0.021616121754050255
tinyllama_kv_p32_all,21,40,typo_noise_heavy,4,68,32,1.2682030200958252,3.723928689956665,0.09257619827985764,-0.06801997125148773
tinyllama_kv_p32_all,0,44,typo_noise_heavy,4,69,32,5.502910614013672,177.1488800048828,0.034017033874988556,-0.04723740741610527
tinyllama_kv_p32_all,1,44,typo_noise_heavy,4,69,32,1.8965102434158325,69.39326477050781,-0.05747322365641594,-0.05096403881907463
tinyllama_kv_p32_all,2,44,typo_noise_heavy,4,69,32,2.1800053119659424,51.77507781982422,0.05784652382135391,0.10174182057380676
tinyllama_kv_p32_all,3,44,typo_noise_heavy,4,69,32,2.190495014190674,16.40894317626953,-0.06886324286460876,0.24992665648460388
tinyllama_kv_p32_all,4,44,typo_noise_heavy,4,69,32,2.073533535003662,15.048833847045898,0.19240860641002655,0.035425085574388504
tinyllama_kv_p32_all,5,44,typo_noise_heavy,4,69,32,1.7953166961669922,12.16614055633545,0.14483106136322021,-0.07202719151973724
tinyllama_kv_p32_all,6,44,typo_noise_heavy,4,69,32,1.7090518474578857,12.379060745239258,0.03868930786848068,0.042428091168403625
tinyllama_kv_p32_all,7,44,typo_noise_heavy,4,69,32,1.9422121047973633,13.284001350402832,-0.16668739914894104,-0.0984315276145935
tinyllama_kv_p32_all,8,44,typo_noise_heavy,4,69,32,1.580228567123413,10.967344284057617,0.26781144738197327,0.00932705495506525
tinyllama_kv_p32_all,9,44,typo_noise_heavy,4,69,32,1.5479907989501953,12.97209358215332,0.25605151057243347,0.07973265647888184
tinyllama_kv_p32_all,10,44,typo_noise_heavy,4,69,32,1.6524463891983032,11.474414825439453,0.1709980070590973,0.09997479617595673
tinyllama_kv_p32_all,11,44,typo_noise_heavy,4,69,32,1.608316421508789,9.923285484313965,0.059467241168022156,-0.20777589082717896
tinyllama_kv_p32_all,12,44,typo_noise_heavy,4,69,32,1.5513774156570435,10.954197883605957,-0.18673725426197052,0.10096408426761627
tinyllama_kv_p32_all,13,44,typo_noise_heavy,4,69,32,1.4838725328445435,11.011802673339844,0.09423170238733292,-0.0872577354311943
tinyllama_kv_p32_all,14,44,typo_noise_heavy,4,69,32,1.572221040725708,9.357162475585938,0.1492304652929306,0.08642186969518661
tinyllama_kv_p32_all,15,44,typo_noise_heavy,4,69,32,1.4421666860580444,6.894314289093018,0.0830364003777504,0.06716696172952652
tinyllama_kv_p32_all,16,44,typo_noise_heavy,4,69,32,1.6297447681427002,8.640515327453613,0.11017974466085434,0.03720208629965782
tinyllama_kv_p32_all,17,44,typo_noise_heavy,4,69,32,1.458169937133789,6.031974792480469,0.02494978718459606,0.3181861937046051
tinyllama_kv_p32_all,18,44,typo_noise_heavy,4,69,32,1.4635179042816162,4.968791484832764,-0.19523638486862183,-0.027574041858315468
tinyllama_kv_p32_all,19,44,typo_noise_heavy,4,69,32,1.3985843658447266,4.042320728302002,0.14930742979049683,0.23252561688423157
tinyllama_kv_p32_all,20,44,typo_noise_heavy,4,69,32,1.437241554260254,5.12180757522583,0.13738557696342468,0.010733956471085548
tinyllama_kv_p32_all,21,44,typo_noise_heavy,4,69,32,1.269390344619751,3.8080556392669678,0.08544807881116867,0.01971638947725296
tinyllama_kv_p32_all,0,48,unicode_stress,4,32,32,3.657320976257324,119.09832000732422,0.07092857360839844,-0.03228214755654335
tinyllama_kv_p32_all,1,48,unicode_stress,4,32,32,1.3970087766647339,54.60089874267578,-0.03449391946196556,-0.04938887804746628
tinyllama_kv_p32_all,2,48,unicode_stress,4,32,32,1.6329984664916992,37.44023513793945,0.06177469715476036,0.06785627454519272
tinyllama_kv_p32_all,3,48,unicode_stress,4,32,32,1.620352864265442,12.806999206542969,-0.11136402934789658,0.2569487988948822
tinyllama_kv_p32_all,4,48,unicode_stress,4,32,32,1.5631139278411865,11.33536148071289,0.22202178835868835,0.06807491928339005
tinyllama_kv_p32_all,5,48,unicode_stress,4,32,32,1.3628207445144653,9.131338119506836,0.05899101123213768,-0.00044780372991226614
tinyllama_kv_p32_all,6,48,unicode_stress,4,32,32,1.3261064291000366,9.518218040466309,0.06913845241069794,0.08947263658046722
tinyllama_kv_p32_all,7,48,unicode_stress,4,32,32,1.490745186805725,10.081686019897461,-0.1696552336215973,-0.18812502920627594
tinyllama_kv_p32_all,8,48,unicode_stress,4,32,32,1.2566442489624023,8.70230484008789,0.24782250821590424,0.08382388204336166
tinyllama_kv_p32_all,9,48,unicode_stress,4,32,32,1.2263054847717285,9.761133193969727,0.24533885717391968,0.04374709352850914
tinyllama_kv_p32_all,10,48,unicode_stress,4,32,32,1.2853238582611084,8.490832328796387,0.15820996463298798,0.02660241536796093
tinyllama_kv_p32_all,11,48,unicode_stress,4,32,32,1.2593413591384888,7.780961990356445,0.04017418995499611,-0.1317024976015091
tinyllama_kv_p32_all,12,48,unicode_stress,4,32,32,1.2276655435562134,7.911321640014648,-0.14616766571998596,-0.08454204350709915
tinyllama_kv_p32_all,13,48,unicode_stress,4,32,32,1.1677378416061401,8.038705825805664,0.12330418080091476,-0.05303668603301048
tinyllama_kv_p32_all,14,48,unicode_stress,4,32,32,1.1841151714324951,7.4752326011657715,0.19788230955600739,0.08652316778898239
tinyllama_kv_p32_all,15,48,unicode_stress,4,32,32,1.165424108505249,5.966693878173828,0.09987049549818039,0.13710446655750275
tinyllama_kv_p32_all,16,48,unicode_stress,4,32,32,1.2597784996032715,6.495080471038818,0.10314088314771652,0.05463837459683418
tinyllama_kv_p32_all,17,48,unicode_stress,4,32,32,1.1395657062530518,5.019615650177002,0.03777135908603668,0.3014468550682068
tinyllama_kv_p32_all,18,48,unicode_stress,4,32,32,1.123741626739502,4.558775424957275,-0.13724792003631592,0.16703172028064728
tinyllama_kv_p32_all,19,48,unicode_stress,4,32,32,1.0953092575073242,3.8769540786743164,0.1318374127149582,0.19347244501113892
tinyllama_kv_p32_all,20,48,unicode_stress,4,32,32,1.12594735622406,3.989166736602783,0.19423751533031464,0.09772554785013199
tinyllama_kv_p32_all,21,48,unicode_stress,4,32,32,1.074007511138916,2.919426202774048,0.021905429661273956,0.10198977589607239
tinyllama_kv_p32_all,0,52,unicode_stress,4,68,32,3.995614528656006,119.01294708251953,-0.003255194751545787,-0.08996788412332535
tinyllama_kv_p32_all,1,52,unicode_stress,4,68,32,1.5357087850570679,60.45871353149414,-0.0564848855137825,-0.0006895253900438547
tinyllama_kv_p32_all,2,52,unicode_stress,4,68,32,1.8660064935684204,37.517066955566406,0.0490066222846508,0.06594455242156982
tinyllama_kv_p32_all,3,52,unicode_stress,4,68,32,1.7826550006866455,13.197898864746094,-0.10563735663890839,0.264907568693161
tinyllama_kv_p32_all,4,52,unicode_stress,4,68,32,1.7854607105255127,12.2130765914917,0.20785987377166748,-0.011270237155258656
tinyllama_kv_p32_all,5,52,unicode_stress,4,68,32,1.4921430349349976,9.042085647583008,0.059576861560344696,0.02692336030304432
tinyllama_kv_p32_all,6,52,unicode_stress,4,68,32,1.4932754039764404,9.670351028442383,0.023278335109353065,0.13424614071846008
tinyllama_kv_p32_all,7,52,unicode_stress,4,68,32,1.6369678974151611,10.944167137145996,-0.1436178833246231,-0.17180831730365753
tinyllama_kv_p32_all,8,52,unicode_stress,4,68,32,1.4491780996322632,9.445707321166992,0.2184603065252304,0.06656071543693542
tinyllama_kv_p32_all,9,52,unicode_stress,4,68,32,1.3624229431152344,10.493948936462402,0.20544934272766113,0.0894104391336441
tinyllama_kv_p32_all,10,52,unicode_stress,4,68,32,1.4815672636032104,8.96597671508789,0.16295689344406128,-0.014559544622898102
tinyllama_kv_p32_all,11,52,unicode_stress,4,68,32,1.442241907119751,8.778834342956543,0.06873789429664612,-0.1261911541223526
tinyllama_kv_p32_all,12,52,unicode_stress,4,68,32,1.3831181526184082,8.438035011291504,-0.2154008001089096,-0.05558232218027115
tinyllama_kv_p32_all,13,52,unicode_stress,4,68,32,1.2888853549957275,8.68399429321289,0.07892391830682755,-0.11751413345336914
tinyllama_kv_p32_all,14,52,unicode_stress,4,68,32,1.3002432584762573,7.940067291259766,0.16706915199756622,0.06036221981048584
tinyllama_kv_p32_all,15,52,unicode_stress,4,68,32,1.288090467453003,6.436117172241211,0.0800359770655632,0.1368599832057953
tinyllama_kv_p32_all,16,52,unicode_stress,4,68,32,1.3912466764450073,7.0288615226745605,0.08049733191728592,0.2632748484611511
tinyllama_kv_p32_all,17,52,unicode_stress,4,68,32,1.2360564470291138,5.254298210144043,-0.026308806613087654,0.26663148403167725
tinyllama_kv_p32_all,18,52,unicode_stress,4,68,32,1.2389508485794067,4.996861457824707,-0.1523592472076416,-0.01526731625199318
tinyllama_kv_p32_all,19,52,unicode_stress,4,68,32,1.1859298944473267,4.0530104637146,0.10309413820505142,0.183242067694664
tinyllama_kv_p32_all,20,52,unicode_stress,4,68,32,1.2111510038375854,4.198299407958984,0.20262876152992249,0.004621750209480524
tinyllama_kv_p32_all,21,52,unicode_stress,4,68,32,1.1640502214431763,2.9481353759765625,0.062454309314489365,0.027688104659318924
tinyllama_kv_p32_all,0,56,unicode_stress,4,32,32,3.652780294418335,119.14723205566406,0.0735868290066719,-0.029901953414082527
tinyllama_kv_p32_all,1,56,unicode_stress,4,32,32,1.3961220979690552,54.74383544921875,-0.03495306149125099,-0.06558211147785187
tinyllama_kv_p32_all,2,56,unicode_stress,4,32,32,1.6346852779388428,37.39980697631836,0.05948391184210777,0.06187793239951134
tinyllama_kv_p32_all,3,56,unicode_stress,4,32,32,1.6194264888763428,12.79396915435791,-0.11014976352453232,0.2538454234600067
tinyllama_kv_p32_all,4,56,unicode_stress,4,32,32,1.5601022243499756,11.371275901794434,0.22158083319664001,0.06737121194601059
tinyllama_kv_p32_all,5,56,unicode_stress,4,32,32,1.3611788749694824,9.12508773803711,0.057652562856674194,0.006600920110940933
tinyllama_kv_p32_all,6,56,unicode_stress,4,32,32,1.323721170425415,9.516610145568848,0.06948693841695786,0.08860132843255997
tinyllama_kv_p32_all,7,56,unicode_stress,4,32,32,1.4895055294036865,10.061570167541504,-0.16874240338802338,-0.1917896419763565
tinyllama_kv_p32_all,8,56,unicode_stress,4,32,32,1.2528128623962402,8.701831817626953,0.24373562633991241,0.08166401088237762
tinyllama_kv_p32_all,9,56,unicode_stress,4,32,32,1.22555410861969,9.766786575317383,0.24357382953166962,0.05077917128801346
tinyllama_kv_p32_all,10,56,unicode_stress,4,32,32,1.2837260961532593,8.488813400268555,0.15685421228408813,0.026103509590029716
tinyllama_kv_p32_all,11,56,unicode_stress,4,32,32,1.2595726251602173,7.804226875305176,0.042255278676748276,-0.1365927755832672
tinyllama_kv_p32_all,12,56,unicode_stress,4,32,32,1.2272745370864868,7.899405479431152,-0.149739071726799,-0.08928126841783524
tinyllama_kv_p32_all,13,56,unicode_stress,4,32,32,1.164426326751709,8.058785438537598,0.12156402319669724,-0.04819418117403984
tinyllama_kv_p32_all,14,56,unicode_stress,4,32,32,1.1847096681594849,7.469261646270752,0.19900819659233093,0.07784190028905869
tinyllama_kv_p32_all,15,56,unicode_stress,4,32,32,1.1653053760528564,6.008045196533203,0.09800661355257034,0.15006262063980103
tinyllama_kv_p32_all,16,56,unicode_stress,4,32,32,1.2609798908233643,6.527223587036133,0.10098060220479965,0.05431056395173073
tinyllama_kv_p32_all,17,56,unicode_stress,4,32,32,1.1398826837539673,5.015082359313965,0.039778538048267365,0.30671289563179016
tinyllama_kv_p32_all,18,56,unicode_stress,4,32,32,1.1243267059326172,4.561993598937988,-0.1378149539232254,0.16956080496311188
tinyllama_kv_p32_all,19,56,unicode_stress,4,32,32,1.0956149101257324,3.8847434520721436,0.13209158182144165,0.19227924942970276
tinyllama_kv_p32_all,20,56,unicode_stress,4,32,32,1.126188039779663,3.960369110107422,0.1941152811050415,0.10473378002643585
tinyllama_kv_p32_all,21,56,unicode_stress,4,32,32,1.0743087530136108,2.9275119304656982,0.025472398847341537,0.08839057385921478
tinyllama_kv_p32_all,0,60,unicode_stress,4,68,32,4.0089030265808105,119.38545227050781,-0.0046225362457334995,-0.09167707711458206
tinyllama_kv_p32_all,1,60,unicode_stress,4,68,32,1.5414588451385498,60.568477630615234,-0.05665270984172821,-0.0009233456221409142
tinyllama_kv_p32_all,2,60,unicode_stress,4,68,32,1.8706740140914917,37.77014923095703,0.049517612904310226,0.06630704551935196
tinyllama_kv_p32_all,3,60,unicode_stress,4,68,32,1.7894048690795898,13.261693954467773,-0.10641388595104218,0.26752662658691406
tinyllama_kv_p32_all,4,60,unicode_stress,4,68,32,1.790380597114563,12.249222755432129,0.2080623358488083,-0.011253269389271736
tinyllama_kv_p32_all,5,60,unicode_stress,4,68,32,1.496577262878418,9.068732261657715,0.05995061993598938,0.024384161457419395
tinyllama_kv_p32_all,6,60,unicode_stress,4,68,32,1.4980239868164062,9.648590087890625,0.022920476272702217,0.13843382894992828
tinyllama_kv_p32_all,7,60,unicode_stress,4,68,32,1.6407780647277832,10.952139854431152,-0.14488475024700165,-0.16932141780853271
tinyllama_kv_p32_all,8,60,unicode_stress,4,68,32,1.4546566009521484,9.461431503295898,0.22023847699165344,0.06154710054397583
tinyllama_kv_p32_all,9,60,unicode_stress,4,68,32,1.3673501014709473,10.502644538879395,0.20624208450317383,0.09679058939218521
tinyllama_kv_p32_all,10,60,unicode_stress,4,68,32,1.4870957136154175,8.999675750732422,0.1618003100156784,-0.015011053532361984
tinyllama_kv_p32_all,11,60,unicode_stress,4,68,32,1.447234869003296,8.822155952453613,0.06810926645994186,-0.13253998756408691
tinyllama_kv_p32_all,12,60,unicode_stress,4,68,32,1.3879247903823853,8.476204872131348,-0.21655447781085968,-0.05768369138240814
tinyllama_kv_p32_all,13,60,unicode_stress,4,68,32,1.290254831314087,8.713789939880371,0.07943878322839737,-0.11095262318849564
tinyllama_kv_p32_all,14,60,unicode_stress,4,68,32,1.3063397407531738,7.945745468139648,0.16755931079387665,0.06136983260512352
tinyllama_kv_p32_all,15,60,unicode_stress,4,68,32,1.2924063205718994,6.448956489562988,0.08307391405105591,0.13501638174057007
tinyllama_kv_p32_all,16,60,unicode_stress,4,68,32,1.3950814008712769,7.050443649291992,0.08274609595537186,0.2615112364292145
tinyllama_kv_p32_all,17,60,unicode_stress,4,68,32,1.238727331161499,5.278740882873535,-0.027692776173353195,0.2696066200733185
tinyllama_kv_p32_all,18,60,unicode_stress,4,68,32,1.241037130355835,4.99462890625,-0.1526746153831482,-0.009557768702507019
tinyllama_kv_p32_all,19,60,unicode_stress,4,68,32,1.1882292032241821,4.059414863586426,0.10182787477970123,0.17908871173858643
tinyllama_kv_p32_all,20,60,unicode_stress,4,68,32,1.213374137878418,4.205225944519043,0.20399253070354462,0.004279198125004768
tinyllama_kv_p32_all,21,60,unicode_stress,4,68,32,1.1644411087036133,2.9358811378479004,0.062057726085186005,0.02702605351805687
tinyllama_kv_p32_all,0,64,unicode_stress,4,32,32,3.6553802490234375,119.04708099365234,0.07251228392124176,-0.03886917233467102
tinyllama_kv_p32_all,1,64,unicode_stress,4,32,32,1.3986079692840576,54.7454833984375,-0.03416399285197258,-0.05651658773422241
tinyllama_kv_p32_all,2,64,unicode_stress,4,32,32,1.633518934249878,37.35408401489258,0.06050633639097214,0.053613197058439255
tinyllama_kv_p32_all,3,64,unicode_stress,4,32,32,1.615849256515503,12.743285179138184,-0.10982798784971237,0.25800150632858276
tinyllama_kv_p32_all,4,64,unicode_stress,4,32,32,1.5566160678863525,11.333654403686523,0.22449886798858643,0.06064727157354355
tinyllama_kv_p32_all,5,64,unicode_stress,4,32,32,1.3644518852233887,9.113222122192383,0.05395287647843361,0.004130006767809391
tinyllama_kv_p32_all,6,64,unicode_stress,4,32,32,1.3261401653289795,9.501564025878906,0.06904405355453491,0.09353569895029068
tinyllama_kv_p32_all,7,64,unicode_stress,4,32,32,1.485769271850586,10.026313781738281,-0.16867618262767792,-0.1857573688030243
tinyllama_kv_p32_all,8,64,unicode_stress,4,32,32,1.2547600269317627,8.699074745178223,0.2438201904296875,0.07521101087331772
tinyllama_kv_p32_all,9,64,unicode_stress,4,32,32,1.2249788045883179,9.755522727966309,0.24645279347896576,0.05021791532635689
tinyllama_kv_p32_all,10,64,unicode_stress,4,32,32,1.2849726676940918,8.478487014770508,0.15926147997379303,0.028845787048339844
tinyllama_kv_p32_all,11,64,unicode_stress,4,32,32,1.2617170810699463,7.772223949432373,0.04160098358988762,-0.1311246156692505
tinyllama_kv_p32_all,12,64,unicode_stress,4,32,32,1.2273900508880615,7.910184860229492,-0.14823676645755768,-0.09356706589460373
tinyllama_kv_p32_all,13,64,unicode_stress,4,32,32,1.1647047996520996,8.050923347473145,0.1233564019203186,-0.05188640579581261
tinyllama_kv_p32_all,14,64,unicode_stress,4,32,32,1.1858742237091064,7.496922492980957,0.19462166726589203,0.07787495851516724
tinyllama_kv_p32_all,15,64,unicode_stress,4,32,32,1.1660698652267456,5.986542224884033,0.09647268801927567,0.13306047022342682
tinyllama_kv_p32_all,16,64,unicode_stress,4,32,32,1.2612301111221313,6.519687175750732,0.0995577722787857,0.05109412223100662
tinyllama_kv_p32_all,17,64,unicode_stress,4,32,32,1.1382731199264526,5.009425163269043,0.03859121724963188,0.30909642577171326
tinyllama_kv_p32_all,18,64,unicode_stress,4,32,32,1.122538447380066,4.5626654624938965,-0.1381058394908905,0.16835063695907593
tinyllama_kv_p32_all,19,64,unicode_stress,4,32,32,1.0958114862442017,3.8836989402770996,0.13325035572052002,0.19207856059074402
tinyllama_kv_p32_all,20,64,unicode_stress,4,32,32,1.1248151063919067,3.9722466468811035,0.19206616282463074,0.09709883481264114
tinyllama_kv_p32_all,21,64,unicode_stress,4,32,32,1.0764497518539429,2.929598569869995,0.02485593780875206,0.08199174702167511
tinyllama_kv_p32_all,0,68,unicode_stress,4,68,32,3.984805107116699,118.74593353271484,-0.003729411168023944,-0.09129910916090012
tinyllama_kv_p32_all,1,68,unicode_stress,4,68,32,1.5322239398956299,60.31294250488281,-0.056379884481430054,0.00042138074059039354
tinyllama_kv_p32_all,2,68,unicode_stress,4,68,32,1.8618791103363037,37.43500900268555,0.04939763620495796,0.06724949926137924
tinyllama_kv_p32_all,3,68,unicode_stress,4,68,32,1.7793183326721191,13.162315368652344,-0.10611822456121445,0.2628251314163208
tinyllama_kv_p32_all,4,68,unicode_stress,4,68,32,1.7820982933044434,12.155340194702148,0.21047186851501465,-0.01356727909296751
tinyllama_kv_p32_all,5,68,unicode_stress,4,68,32,1.4888880252838135,9.021087646484375,0.0597727932035923,0.021180609241127968
tinyllama_kv_p32_all,6,68,unicode_stress,4,68,32,1.490329623222351,9.612234115600586,0.02341904677450657,0.13929378986358643
tinyllama_kv_p32_all,7,68,unicode_stress,4,68,32,1.6332305669784546,10.883575439453125,-0.14223712682724,-0.1710212528705597
tinyllama_kv_p32_all,8,68,unicode_stress,4,68,32,1.4452710151672363,9.429584503173828,0.21730674803256989,0.05947412922978401
tinyllama_kv_p32_all,9,68,unicode_stress,4,68,32,1.3603432178497314,10.458396911621094,0.20587298274040222,0.09572203457355499
tinyllama_kv_p32_all,10,68,unicode_stress,4,68,32,1.480555772781372,8.941250801086426,0.16204942762851715,-0.012887323275208473
tinyllama_kv_p32_all,11,68,unicode_stress,4,68,32,1.4431781768798828,8.779587745666504,0.06926821172237396,-0.13165509700775146
tinyllama_kv_p32_all,12,68,unicode_stress,4,68,32,1.382594347000122,8.421218872070312,-0.21698451042175293,-0.054726917296648026
tinyllama_kv_p32_all,13,68,unicode_stress,4,68,32,1.2866719961166382,8.651577949523926,0.07885032147169113,-0.11435619741678238
tinyllama_kv_p32_all,14,68,unicode_stress,4,68,32,1.3003243207931519,7.916130065917969,0.16570058465003967,0.062467560172080994
tinyllama_kv_p32_all,15,68,unicode_stress,4,68,32,1.2881762981414795,6.4198126792907715,0.08013055473566055,0.13563373684883118
tinyllama_kv_p32_all,16,68,unicode_stress,4,68,32,1.3911066055297852,7.022472858428955,0.080533467233181,0.26670852303504944
tinyllama_kv_p32_all,17,68,unicode_stress,4,68,32,1.2363641262054443,5.252241134643555,-0.026806265115737915,0.26552656292915344
tinyllama_kv_p32_all,18,68,unicode_stress,4,68,32,1.2377427816390991,4.982340335845947,-0.15283240377902985,-0.008086149580776691
tinyllama_kv_p32_all,19,68,unicode_stress,4,68,32,1.184882402420044,4.0430707931518555,0.10329654067754745,0.1833455115556717
tinyllama_kv_p32_all,20,68,unicode_stress,4,68,32,1.2086244821548462,4.181887149810791,0.20277275145053864,0.0067837173119187355
tinyllama_kv_p32_all,21,68,unicode_stress,4,68,32,1.164089560508728,2.933936357498169,0.062495455145835876,0.03152689337730408
tinyllama_kv_p32_all,0,72,code,4,30,32,3.404201030731201,115.08589935302734,0.07517033070325851,0.024140408262610435
tinyllama_kv_p32_all,1,72,code,4,30,32,1.3649699687957764,52.15074920654297,-0.02244880422949791,-0.06767226755619049
tinyllama_kv_p32_all,2,72,code,4,30,32,1.6050151586532593,35.53348922729492,0.06001955270767212,0.04504937306046486
tinyllama_kv_p32_all,3,72,code,4,30,32,1.5824295282363892,12.46243667602539,-0.1097525805234909,0.2878708839416504
tinyllama_kv_p32_all,4,72,code,4,30,32,1.530776023864746,11.557799339294434,0.1964053064584732,0.10738446563482285
tinyllama_kv_p32_all,5,72,code,4,30,32,1.345494270324707,9.151872634887695,0.023648712784051895,-0.09767620265483856
tinyllama_kv_p32_all,6,72,code,4,30,32,1.3042365312576294,9.22274398803711,0.05719732120633125,0.0665711760520935
tinyllama_kv_p32_all,7,72,code,4,30,32,1.455750823020935,10.028730392456055,-0.1508146971464157,-0.0819626897573471
tinyllama_kv_p32_all,8,72,code,4,30,32,1.2045027017593384,8.5747652053833,0.23873363435268402,0.04097496345639229
tinyllama_kv_p32_all,9,72,code,4,30,32,1.2087903022766113,9.551706314086914,0.16532394289970398,0.0063714501447975636
tinyllama_kv_p32_all,10,72,code,4,30,32,1.2597320079803467,8.033397674560547,0.14538635313510895,0.15562060475349426
tinyllama_kv_p32_all,11,72,code,4,30,32,1.2370154857635498,7.575414657592773,0.042738232761621475,-0.25685784220695496
tinyllama_kv_p32_all,12,72,code,4,30,32,1.1867302656173706,7.400754451751709,-0.18939794600009918,-0.05960073322057724
tinyllama_kv_p32_all,13,72,code,4,30,32,1.127128005027771,7.724548816680908,0.10742203146219254,0.021138617768883705
tinyllama_kv_p32_all,14,72,code,4,30,32,1.132157325744629,7.172551155090332,0.17535781860351562,0.08661120384931564
tinyllama_kv_p32_all,15,72,code,4,30,32,1.1369942426681519,5.830902099609375,0.06811122596263885,0.19181469082832336
tinyllama_kv_p32_all,16,72,code,4,30,32,1.1968331336975098,6.351419925689697,0.04872271418571472,0.023291263729333878
tinyllama_kv_p32_all,17,72,code,4,30,32,1.1023434400558472,5.0993547439575195,0.021673982962965965,0.23307238519191742
tinyllama_kv_p32_all,18,72,code,4,30,32,1.0952823162078857,4.542974472045898,-0.12601059675216675,0.00019272214558441192
tinyllama_kv_p32_all,19,72,code,4,30,32,1.0523391962051392,3.727414846420288,0.1392383873462677,0.2027277648448944
tinyllama_kv_p32_all,20,72,code,4,30,32,1.061774730682373,3.950268030166626,0.22606974840164185,0.04739784449338913
tinyllama_kv_p32_all,21,72,code,4,30,32,1.0662740468978882,3.03041672706604,0.027275782078504562,0.004341689869761467
tinyllama_kv_p32_all,0,76,code,4,41,32,4.024080276489258,133.9509735107422,0.05947216972708702,0.10545794665813446
tinyllama_kv_p32_all,1,76,code,4,41,32,1.5422497987747192,56.213592529296875,-0.06853378564119339,-0.15718354284763336
tinyllama_kv_p32_all,2,76,code,4,41,32,1.81243097782135,41.03456115722656,0.055304862558841705,0.12509681284427643
tinyllama_kv_p32_all,3,76,code,4,41,32,1.7419413328170776,13.684066772460938,-0.09461709856987,0.25691330432891846
tinyllama_kv_p32_all,4,76,code,4,41,32,1.6555368900299072,12.302339553833008,0.2432033121585846,0.0380159355700016
tinyllama_kv_p32_all,5,76,code,4,41,32,1.464550495147705,10.290411949157715,0.07541133463382721,-0.0900937020778656
tinyllama_kv_p32_all,6,76,code,4,41,32,1.4220736026763916,10.17441177368164,0.04457252472639084,0.014445745386183262
tinyllama_kv_p32_all,7,76,code,4,41,32,1.6063940525054932,10.837531089782715,-0.1503797173500061,-0.05065895989537239
tinyllama_kv_p32_all,8,76,code,4,41,32,1.3289399147033691,9.420299530029297,0.24511560797691345,0.02706226147711277
tinyllama_kv_p32_all,9,76,code,4,41,32,1.3035917282104492,10.256596565246582,0.2585912048816681,-0.081142857670784
tinyllama_kv_p32_all,10,76,code,4,41,32,1.3759877681732178,8.891660690307617,0.19735489785671234,0.11873985826969147
tinyllama_kv_p32_all,11,76,code,4,41,32,1.3207873106002808,8.136034965515137,0.06752258539199829,-0.2717890441417694
tinyllama_kv_p32_all,12,76,code,4,41,32,1.284596562385559,8.026472091674805,-0.18555578589439392,0.01249976921826601
tinyllama_kv_p32_all,13,76,code,4,41,32,1.2064456939697266,8.10053825378418,0.10166097432374954,-0.12277279794216156
tinyllama_kv_p32_all,14,76,code,4,41,32,1.2325479984283447,7.563976764678955,0.18358619511127472,0.06804561614990234
tinyllama_kv_p32_all,15,76,code,4,41,32,1.223801612854004,6.298614501953125,0.08278611302375793,0.2115068882703781
tinyllama_kv_p32_all,16,76,code,4,41,32,1.3012182712554932,6.5521650314331055,0.1066587045788765,0.1642390787601471
tinyllama_kv_p32_all,17,76,code,4,41,32,1.1789551973342896,5.367827415466309,0.013348610140383244,0.2442873865365982
tinyllama_kv_p32_all,18,76,code,4,41,32,1.1819761991500854,4.933607578277588,-0.1616339087486267,-0.1766408234834671
tinyllama_kv_p32_all,19,76,code,4,41,32,1.1523195505142212,4.100208759307861,0.1824215054512024,0.22175636887550354
tinyllama_kv_p32_all,20,76,code,4,41,32,1.152652621269226,4.184098720550537,0.20518754422664642,0.07478979974985123
tinyllama_kv_p32_all,21,76,code,4,41,32,1.1252901554107666,3.1633081436157227,0.036477960646152496,0.11068325489759445
tinyllama_kv_p32_all,0,80,code,4,30,32,3.3927018642425537,114.708251953125,0.07323818653821945,0.0015427791513502598
tinyllama_kv_p32_all,1,80,code,4,30,32,1.3590905666351318,52.079917907714844,-0.021822502836585045,-0.06869928538799286
tinyllama_kv_p32_all,2,80,code,4,30,32,1.599204421043396,35.477108001708984,0.06036169081926346,0.05467872694134712
tinyllama_kv_p32_all,3,80,code,4,30,32,1.5761594772338867,12.456904411315918,-0.11046670377254486,0.273490846157074
tinyllama_kv_p32_all,4,80,code,4,30,32,1.5222808122634888,11.552241325378418,0.20043636858463287,0.11591260135173798
tinyllama_kv_p32_all,5,80,code,4,30,32,1.3380080461502075,9.129015922546387,0.022765791043639183,-0.10402759909629822
tinyllama_kv_p32_all,6,80,code,4,30,32,1.295632004737854,9.218283653259277,0.05794356018304825,0.06530366837978363
tinyllama_kv_p32_all,7,80,code,4,30,32,1.4481713771820068,10.011863708496094,-0.14837883412837982,-0.092047780752182
tinyllama_kv_p32_all,8,80,code,4,30,32,1.1972655057907104,8.542135238647461,0.23204359412193298,0.05123473331332207
tinyllama_kv_p32_all,9,80,code,4,30,32,1.2023868560791016,9.539576530456543,0.16296787559986115,0.010393396951258183
tinyllama_kv_p32_all,10,80,code,4,30,32,1.252193570137024,8.014788627624512,0.1451207399368286,0.1500522941350937
tinyllama_kv_p32_all,11,80,code,4,30,32,1.2347543239593506,7.547322750091553,0.04700198397040367,-0.27226194739341736
tinyllama_kv_p32_all,12,80,code,4,30,32,1.1818612813949585,7.398324012756348,-0.1919478327035904,-0.06718188524246216
tinyllama_kv_p32_all,13,80,code,4,30,32,1.1227381229400635,7.718868732452393,0.10622286051511765,0.011720328591763973
tinyllama_kv_p32_all,14,80,code,4,30,32,1.1295433044433594,7.151648998260498,0.18172916769981384,0.08954007178544998
tinyllama_kv_p32_all,15,80,code,4,30,32,1.1337785720825195,5.815145969390869,0.07008332759141922,0.18484598398208618
tinyllama_kv_p32_all,16,80,code,4,30,32,1.1957342624664307,6.313971996307373,0.05042891204357147,0.030058985576033592
tinyllama_kv_p32_all,17,80,code,4,30,32,1.0970737934112549,5.068938732147217,0.02145010605454445,0.2208360880613327
tinyllama_kv_p32_all,18,80,code,4,30,32,1.0895819664001465,4.530611038208008,-0.12568874657154083,0.011613619513809681
tinyllama_kv_p32_all,19,80,code,4,30,32,1.0465751886367798,3.7237343788146973,0.13722296059131622,0.19776996970176697
tinyllama_kv_p32_all,20,80,code,4,30,32,1.056794285774231,3.9501729011535645,0.2263270616531372,0.05073411762714386
tinyllama_kv_p32_all,21,80,code,4,30,32,1.0631464719772339,3.03633451461792,0.026222828775644302,0.0019079576013609767
tinyllama_kv_p32_all,0,84,code,4,41,32,4.025060176849365,133.89822387695312,0.058997463434934616,0.104779914021492
tinyllama_kv_p32_all,1,84,code,4,41,32,1.542869210243225,56.26963806152344,-0.06852966547012329,-0.15496079623699188
tinyllama_kv_p32_all,2,84,code,4,41,32,1.8121682405471802,41.027320861816406,0.055303823202848434,0.11085499823093414
tinyllama_kv_p32_all,3,84,code,4,41,32,1.7405040264129639,13.65229320526123,-0.09426555037498474,0.25050538778305054
tinyllama_kv_p32_all,4,84,code,4,41,32,1.655922770500183,12.274871826171875,0.2447965294122696,0.03796464949846268
tinyllama_kv_p32_all,5,84,code,4,41,32,1.4616338014602661,10.311367988586426,0.07355953752994537,-0.09045738726854324
tinyllama_kv_p32_all,6,84,code,4,41,32,1.4211829900741577,10.179851531982422,0.0448293499648571,0.014815744943916798
tinyllama_kv_p32_all,7,84,code,4,41,32,1.604414463043213,10.856402397155762,-0.1502876728773117,-0.0420515313744545
tinyllama_kv_p32_all,8,84,code,4,41,32,1.3298448324203491,9.420219421386719,0.24506093561649323,0.029701435938477516
tinyllama_kv_p32_all,9,84,code,4,41,32,1.3037892580032349,10.251227378845215,0.26076558232307434,-0.07233317196369171
tinyllama_kv_p32_all,10,84,code,4,41,32,1.3743174076080322,8.895537376403809,0.19864781200885773,0.1216612458229065
tinyllama_kv_p32_all,11,84,code,4,41,32,1.3183361291885376,8.13874340057373,0.06717454642057419,-0.27212363481521606
tinyllama_kv_p32_all,12,84,code,4,41,32,1.2825865745544434,8.029783248901367,-0.18521729111671448,0.019361183047294617
tinyllama_kv_p32_all,13,84,code,4,41,32,1.2062495946884155,8.089933395385742,0.10167005658149719,-0.13204145431518555
tinyllama_kv_p32_all,14,84,code,4,41,32,1.2300094366073608,7.561501502990723,0.18150514364242554,0.06833750754594803
tinyllama_kv_p32_all,15,84,code,4,41,32,1.2218607664108276,6.292511940002441,0.08424405008554459,0.2115888148546219
tinyllama_kv_p32_all,16,84,code,4,41,32,1.3000810146331787,6.539340972900391,0.10496982932090759,0.16325628757476807
tinyllama_kv_p32_all,17,84,code,4,41,32,1.1778937578201294,5.333946228027344,0.014243785291910172,0.24721075594425201
tinyllama_kv_p32_all,18,84,code,4,41,32,1.182960867881775,4.910057067871094,-0.16142871975898743,-0.18033480644226074
tinyllama_kv_p32_all,19,84,code,4,41,32,1.1519604921340942,4.091742992401123,0.1826343685388565,0.22438818216323853
tinyllama_kv_p32_all,20,84,code,4,41,32,1.1530157327651978,4.1879777908325195,0.20615877211093903,0.06702472269535065
tinyllama_kv_p32_all,21,84,code,4,41,32,1.123899221420288,3.1560847759246826,0.03664024919271469,0.11863609403371811
tinyllama_kv_p32_all,0,88,code,4,30,32,3.4280996322631836,115.7287826538086,0.07373730093240738,0.0021414218936115503
tinyllama_kv_p32_all,1,88,code,4,30,32,1.3693464994430542,52.41397476196289,-0.02241235226392746,-0.06411007791757584
tinyllama_kv_p32_all,2,88,code,4,30,32,1.612673282623291,35.74248123168945,0.059933748096227646,0.05296894162893295
tinyllama_kv_p32_all,3,88,code,4,30,32,1.5882127285003662,12.585684776306152,-0.10939790308475494,0.27853888273239136
tinyllama_kv_p32_all,4,88,code,4,30,32,1.5414406061172485,11.636924743652344,0.19975551962852478,0.10043706744909286
tinyllama_kv_p32_all,5,88,code,4,30,32,1.3540407419204712,9.20009708404541,0.024374162778258324,-0.10142428427934647
tinyllama_kv_p32_all,6,88,code,4,30,32,1.3111498355865479,9.265686988830566,0.05674808844923973,0.06700941175222397
tinyllama_kv_p32_all,7,88,code,4,30,32,1.4632192850112915,10.094600677490234,-0.15062345564365387,-0.0789760872721672
tinyllama_kv_p32_all,8,88,code,4,30,32,1.2121913433074951,8.609657287597656,0.23060211539268494,0.04211769625544548
tinyllama_kv_p32_all,9,88,code,4,30,32,1.2131754159927368,9.60597038269043,0.16375641524791718,0.007775438018143177
tinyllama_kv_p32_all,10,88,code,4,30,32,1.2617148160934448,8.073535919189453,0.14527808129787445,0.14916165173053741
tinyllama_kv_p32_all,11,88,code,4,30,32,1.242271065711975,7.6358418464660645,0.04395991936326027,-0.2597697973251343
tinyllama_kv_p32_all,12,88,code,4,30,32,1.190191626548767,7.426730632781982,-0.1902509480714798,-0.05370048061013222
tinyllama_kv_p32_all,13,88,code,4,30,32,1.130566954612732,7.77250337600708,0.10642901062965393,0.025370286777615547
tinyllama_kv_p32_all,14,88,code,4,30,32,1.1370266675949097,7.182467937469482,0.18304352462291718,0.08462006598711014
tinyllama_kv_p32_all,15,88,code,4,30,32,1.1414626836776733,5.826282501220703,0.07140524685382843,0.189457505941391
tinyllama_kv_p32_all,16,88,code,4,30,32,1.2019015550613403,6.338091850280762,0.048002131283283234,0.025373108685016632
tinyllama_kv_p32_all,17,88,code,4,30,32,1.1076005697250366,5.090525150299072,0.021109381690621376,0.22607813775539398
tinyllama_kv_p32_all,18,88,code,4,30,32,1.1023536920547485,4.552206993103027,-0.1256641000509262,-0.017415493726730347
tinyllama_kv_p32_all,19,88,code,4,30,32,1.056041955947876,3.733670234680176,0.1364465355873108,0.20323334634304047
tinyllama_kv_p32_all,20,88,code,4,30,32,1.0648915767669678,3.9759082794189453,0.2248523086309433,0.03170986846089363
tinyllama_kv_p32_all,21,88,code,4,30,32,1.069939374923706,3.0355637073516846,0.028494058176875114,-0.0128012178465724
tinyllama_kv_p32_all,0,92,code,4,41,32,4.041984558105469,134.35482788085938,0.05808013677597046,0.10217482596635818
tinyllama_kv_p32_all,1,92,code,4,41,32,1.546946406364441,56.29867172241211,-0.06901437044143677,-0.15042300522327423
tinyllama_kv_p32_all,2,92,code,4,41,32,1.8168734312057495,41.21389389038086,0.05586298555135727,0.12003356963396072
tinyllama_kv_p32_all,3,92,code,4,41,32,1.7472631931304932,13.70930290222168,-0.09423627704381943,0.2706650495529175
tinyllama_kv_p32_all,4,92,code,4,41,32,1.661736249923706,12.30298900604248,0.2441742867231369,0.026687487959861755
tinyllama_kv_p32_all,5,92,code,4,41,32,1.467176079750061,10.325419425964355,0.07373597472906113,-0.09867942333221436
tinyllama_kv_p32_all,6,92,code,4,41,32,1.4254202842712402,10.192231178283691,0.04533974453806877,0.007715224288403988
tinyllama_kv_p32_all,7,92,code,4,41,32,1.607656717300415,10.857061386108398,-0.15224891901016235,-0.046957917511463165
tinyllama_kv_p32_all,8,92,code,4,41,32,1.3330310583114624,9.444730758666992,0.24689000844955444,0.022479502484202385
tinyllama_kv_p32_all,9,92,code,4,41,32,1.308491826057434,10.265974044799805,0.2607395648956299,-0.06735274940729141
tinyllama_kv_p32_all,10,92,code,4,41,32,1.3800101280212402,8.910303115844727,0.19995135068893433,0.1259363293647766
tinyllama_kv_p32_all,11,92,code,4,41,32,1.3229148387908936,8.153103828430176,0.06857530027627945,-0.27760088443756104
tinyllama_kv_p32_all,12,92,code,4,41,32,1.2872146368026733,8.021305084228516,-0.185972660779953,0.017064988613128662
tinyllama_kv_p32_all,13,92,code,4,41,32,1.2081109285354614,8.104757308959961,0.10309574753046036,-0.13282464444637299
tinyllama_kv_p32_all,14,92,code,4,41,32,1.2354118824005127,7.565443515777588,0.18353162705898285,0.0708308219909668
tinyllama_kv_p32_all,15,92,code,4,41,32,1.2254315614700317,6.285985946655273,0.08455401659011841,0.20910143852233887
tinyllama_kv_p32_all,16,92,code,4,41,32,1.3029874563217163,6.542337894439697,0.10778483003377914,0.15678498148918152
tinyllama_kv_p32_all,17,92,code,4,41,32,1.1795732975006104,5.3669514656066895,0.013606410473585129,0.2538772523403168
tinyllama_kv_p32_all,18,92,code,4,41,32,1.1829310655593872,4.931998252868652,-0.1625232845544815,-0.16047303378582
tinyllama_kv_p32_all,19,92,code,4,41,32,1.15371835231781,4.098572731018066,0.18305005133152008,0.2140071839094162
tinyllama_kv_p32_all,20,92,code,4,41,32,1.1546071767807007,4.194215297698975,0.20607703924179077,0.07780131697654724
tinyllama_kv_p32_all,21,92,code,4,41,32,1.1248602867126465,3.156973361968994,0.03512878715991974,0.12433012574911118
tinyllama_kv_p32_all,0,96,tokenizer_stress,4,38,32,3.1009087562561035,104.46961212158203,0.06455682218074799,0.01093948632478714
tinyllama_kv_p32_all,1,96,tokenizer_stress,4,38,32,1.2189280986785889,48.304569244384766,-0.04961513355374336,-0.0552489310503006
tinyllama_kv_p32_all,2,96,tokenizer_stress,4,38,32,1.4766113758087158,33.3110466003418,0.07034409046173096,0.023673102259635925
tinyllama_kv_p32_all,3,96,tokenizer_stress,4,38,32,1.4088504314422607,11.218199729919434,-0.1199156641960144,0.3493235111236572
tinyllama_kv_p32_all,4,96,tokenizer_stress,4,38,32,1.35605788230896,10.159579277038574,0.2559147775173187,0.18372665345668793
tinyllama_kv_p32_all,5,96,tokenizer_stress,4,38,32,1.1937960386276245,8.36409854888916,0.0647532120347023,-0.08790763467550278
tinyllama_kv_p32_all,6,96,tokenizer_stress,4,38,32,1.17746102809906,8.67238998413086,0.0491497628390789,0.09704771637916565
tinyllama_kv_p32_all,7,96,tokenizer_stress,4,38,32,1.3127400875091553,9.269824981689453,-0.15092195570468903,-0.054670125246047974
tinyllama_kv_p32_all,8,96,tokenizer_stress,4,38,32,1.0922400951385498,7.805593013763428,0.2276981621980667,0.04239317774772644
tinyllama_kv_p32_all,9,96,tokenizer_stress,4,38,32,1.121059775352478,9.18544864654541,0.21933788061141968,0.03099067695438862
tinyllama_kv_p32_all,10,96,tokenizer_stress,4,38,32,1.1448776721954346,7.775178909301758,0.16485215723514557,-0.008684682659804821
tinyllama_kv_p32_all,11,96,tokenizer_stress,4,38,32,1.1059012413024902,7.356479167938232,0.07583380490541458,-0.21603436768054962
tinyllama_kv_p32_all,12,96,tokenizer_stress,4,38,32,1.0759559869766235,7.058232307434082,-0.20803584158420563,-0.07023535668849945
tinyllama_kv_p32_all,13,96,tokenizer_stress,4,38,32,1.0278745889663696,7.270246505737305,0.09617150574922562,-0.04840508848428726
tinyllama_kv_p32_all,14,96,tokenizer_stress,4,38,32,1.0389270782470703,6.922155857086182,0.21140222251415253,0.13081486523151398
tinyllama_kv_p32_all,15,96,tokenizer_stress,4,38,32,1.0343111753463745,5.492343425750732,0.10084433853626251,0.0452779084444046
tinyllama_kv_p32_all,16,96,tokenizer_stress,4,38,32,1.109421968460083,5.978808879852295,0.13846850395202637,0.03400850668549538
tinyllama_kv_p32_all,17,96,tokenizer_stress,4,38,32,1.0318387746810913,4.767250061035156,-0.025344213470816612,0.12499788403511047
tinyllama_kv_p32_all,18,96,tokenizer_stress,4,38,32,1.0283288955688477,4.252123832702637,-0.15717408061027527,0.03335830196738243
tinyllama_kv_p32_all,19,96,tokenizer_stress,4,38,32,0.985446035861969,3.4819302558898926,0.15107469260692596,0.09154967218637466
tinyllama_kv_p32_all,20,96,tokenizer_stress,4,38,32,1.0239996910095215,3.705186128616333,0.23283544182777405,0.04838356003165245
tinyllama_kv_p32_all,21,96,tokenizer_stress,4,38,32,0.9889141917228699,2.8254055976867676,0.02985711395740509,0.15985341370105743
tinyllama_kv_p32_all,0,100,tokenizer_stress,4,44,32,3.198164463043213,103.66722869873047,0.05071288347244263,-0.020304609090089798
tinyllama_kv_p32_all,1,100,tokenizer_stress,4,44,32,1.279534101486206,51.5131721496582,-0.07643534988164902,-0.04842572659254074
tinyllama_kv_p32_all,2,100,tokenizer_stress,4,44,32,1.6066701412200928,33.23469161987305,0.05437382683157921,0.02500060386955738
tinyllama_kv_p32_all,3,100,tokenizer_stress,4,44,32,1.4632141590118408,11.1856050491333,-0.12388589233160019,0.24821212887763977
tinyllama_kv_p32_all,4,100,tokenizer_stress,4,44,32,1.4599756002426147,10.424436569213867,0.2517641484737396,0.15323565900325775
tinyllama_kv_p32_all,5,100,tokenizer_stress,4,44,32,1.2732712030410767,8.210976600646973,0.04696695879101753,-0.09087474644184113
tinyllama_kv_p32_all,6,100,tokenizer_stress,4,44,32,1.2586958408355713,8.6697998046875,0.03934811055660248,0.15527653694152832
tinyllama_kv_p32_all,7,100,tokenizer_stress,4,44,32,1.3780769109725952,9.745234489440918,-0.17529083788394928,-0.17270676791667938
tinyllama_kv_p32_all,8,100,tokenizer_stress,4,44,32,1.1709917783737183,8.188179016113281,0.22477485239505768,0.06224047392606735
tinyllama_kv_p32_all,9,100,tokenizer_stress,4,44,32,1.1761096715927124,9.593839645385742,0.21132713556289673,0.1429300457239151
tinyllama_kv_p32_all,10,100,tokenizer_stress,4,44,32,1.2298552989959717,7.740965843200684,0.15787950158119202,-0.009644224308431149
tinyllama_kv_p32_all,11,100,tokenizer_stress,4,44,32,1.1792420148849487,7.639904975891113,0.09263966977596283,-0.18955014646053314
tinyllama_kv_p32_all,12,100,tokenizer_stress,4,44,32,1.133251667022705,7.234856605529785,-0.21128232777118683,-0.1216171532869339
tinyllama_kv_p32_all,13,100,tokenizer_stress,4,44,32,1.0665538311004639,7.545573711395264,0.08889736235141754,-0.04920182749629021
tinyllama_kv_p32_all,14,100,tokenizer_stress,4,44,32,1.0935277938842773,7.128275394439697,0.17928209900856018,0.13680066168308258
tinyllama_kv_p32_all,15,100,tokenizer_stress,4,44,32,1.0697154998779297,5.587738037109375,0.08099514245986938,0.05349144712090492
tinyllama_kv_p32_all,16,100,tokenizer_stress,4,44,32,1.1615036725997925,6.131028175354004,0.1271313577890396,0.007176688872277737
tinyllama_kv_p32_all,17,100,tokenizer_stress,4,44,32,1.073498249053955,4.777910232543945,0.0022196124773472548,0.14598222076892853
tinyllama_kv_p32_all,18,100,tokenizer_stress,4,44,32,1.0652579069137573,4.354548931121826,-0.14688685536384583,0.07961170375347137
tinyllama_kv_p32_all,19,100,tokenizer_stress,4,44,32,1.0324206352233887,3.58389949798584,0.13801053166389465,0.13299846649169922
tinyllama_kv_p32_all,20,100,tokenizer_stress,4,44,32,1.0592221021652222,3.7813260555267334,0.2397661954164505,0.04587939381599426
tinyllama_kv_p32_all,21,100,tokenizer_stress,4,44,32,1.0376274585723877,2.8708088397979736,0.05710321664810181,0.11103573441505432
tinyllama_kv_p32_all,0,104,tokenizer_stress,4,42,32,3.086958169937134,102.68286895751953,0.05938252806663513,-0.011041905730962753
tinyllama_kv_p32_all,1,104,tokenizer_stress,4,42,32,1.2296804189682007,49.3715705871582,-0.06551054120063782,-0.06651769578456879
tinyllama_kv_p32_all,2,104,tokenizer_stress,4,42,32,1.5237417221069336,32.68524932861328,0.05659721419215202,0.022977059707045555
tinyllama_kv_p32_all,3,104,tokenizer_stress,4,42,32,1.4266453981399536,11.291216850280762,-0.1284368634223938,0.3036472201347351
tinyllama_kv_p32_all,4,104,tokenizer_stress,4,42,32,1.3762606382369995,10.23057746887207,0.2566669285297394,0.14066216349601746
tinyllama_kv_p32_all,5,104,tokenizer_stress,4,42,32,1.209627389907837,8.213973999023438,0.061362192034721375,-0.024552103132009506
tinyllama_kv_p32_all,6,104,tokenizer_stress,4,42,32,1.210359811782837,8.560159683227539,0.03720956668257713,0.11994138360023499
tinyllama_kv_p32_all,7,104,tokenizer_stress,4,42,32,1.3392325639724731,9.415257453918457,-0.15292306244373322,-0.17200806736946106
tinyllama_kv_p32_all,8,104,tokenizer_stress,4,42,32,1.1235309839248657,8.045557975769043,0.22982066869735718,0.030173685401678085
tinyllama_kv_p32_all,9,104,tokenizer_stress,4,42,32,1.1343202590942383,9.299759864807129,0.21515850722789764,0.057145170867443085
tinyllama_kv_p32_all,10,104,tokenizer_stress,4,42,32,1.1800498962402344,7.889134407043457,0.1705121546983719,-0.048334311693906784
tinyllama_kv_p32_all,11,104,tokenizer_stress,4,42,32,1.1416891813278198,7.438065528869629,0.09800850600004196,-0.24055840075016022
tinyllama_kv_p32_all,12,104,tokenizer_stress,4,42,32,1.0974966287612915,7.272404670715332,-0.2295585572719574,-0.09435930103063583
tinyllama_kv_p32_all,13,104,tokenizer_stress,4,42,32,1.0383195877075195,7.319446086883545,0.07939683645963669,-0.04788241907954216
tinyllama_kv_p32_all,14,104,tokenizer_stress,4,42,32,1.0549142360687256,6.945611476898193,0.19906681776046753,0.13985291123390198
tinyllama_kv_p32_all,15,104,tokenizer_stress,4,42,32,1.0424264669418335,5.470472812652588,0.08328075706958771,0.12016582489013672
tinyllama_kv_p32_all,16,104,tokenizer_stress,4,42,32,1.1055957078933716,5.952117443084717,0.13253392279148102,0.009197941981256008
tinyllama_kv_p32_all,17,104,tokenizer_stress,4,42,32,1.0291849374771118,4.744759559631348,0.01416267454624176,0.1320134401321411
tinyllama_kv_p32_all,18,104,tokenizer_stress,4,42,32,1.0164477825164795,4.264200210571289,-0.1405659317970276,0.08107056468725204
tinyllama_kv_p32_all,19,104,tokenizer_stress,4,42,32,0.9698750376701355,3.5792343616485596,0.14652913808822632,0.1448882520198822
tinyllama_kv_p32_all,20,104,tokenizer_stress,4,42,32,1.0064914226531982,3.662311553955078,0.22803884744644165,0.05177932232618332
tinyllama_kv_p32_all,21,104,tokenizer_stress,4,42,32,0.9705310463905334,2.8799586296081543,0.014302215538918972,0.1089560016989708
tinyllama_kv_p32_all,0,108,tokenizer_stress,4,44,32,3.2551872730255127,111.37974548339844,0.05221688002347946,-0.00634222524240613
tinyllama_kv_p32_all,1,108,tokenizer_stress,4,44,32,1.2534024715423584,50.68434143066406,-0.06484362483024597,-0.09617305546998978
tinyllama_kv_p32_all,2,108,tokenizer_stress,4,44,32,1.531269907951355,34.92118835449219,0.06408067792654037,0.049637846648693085
tinyllama_kv_p32_all,3,108,tokenizer_stress,4,44,32,1.4173997640609741,11.415019035339355,-0.10782106965780258,0.267767995595932
tinyllama_kv_p32_all,4,108,tokenizer_stress,4,44,32,1.380552053451538,10.429784774780273,0.2657047212123871,0.16739626228809357
tinyllama_kv_p32_all,5,108,tokenizer_stress,4,44,32,1.216392993927002,8.688477516174316,0.08324054628610611,-0.1406836062669754
tinyllama_kv_p32_all,6,108,tokenizer_stress,4,44,32,1.191449761390686,9.031950950622559,0.041560638695955276,0.08522436022758484
tinyllama_kv_p32_all,7,108,tokenizer_stress,4,44,32,1.3105583190917969,9.634313583374023,-0.16917458176612854,-0.0511278435587883
tinyllama_kv_p32_all,8,108,tokenizer_stress,4,44,32,1.0936448574066162,7.9276628494262695,0.24977870285511017,0.04930349811911583
tinyllama_kv_p32_all,9,108,tokenizer_stress,4,44,32,1.130608320236206,9.684710502624512,0.21645262837409973,0.06235770508646965
tinyllama_kv_p32_all,10,108,tokenizer_stress,4,44,32,1.1569188833236694,7.775426387786865,0.15409493446350098,-0.014162648469209671
tinyllama_kv_p32_all,11,108,tokenizer_stress,4,44,32,1.1160861253738403,7.5522074699401855,0.08238720148801804,-0.2002149075269699
tinyllama_kv_p32_all,12,108,tokenizer_stress,4,44,32,1.0756694078445435,7.10692834854126,-0.19769032299518585,-0.09617865830659866
tinyllama_kv_p32_all,13,108,tokenizer_stress,4,44,32,1.0223950147628784,7.353221416473389,0.1093139573931694,-0.1363232135772705
tinyllama_kv_p32_all,14,108,tokenizer_stress,4,44,32,1.0479472875595093,6.986175537109375,0.20680618286132812,0.19626717269420624
tinyllama_kv_p32_all,15,108,tokenizer_stress,4,44,32,1.0315011739730835,5.6313347816467285,0.11324848234653473,0.0049116783775389194
tinyllama_kv_p32_all,16,108,tokenizer_stress,4,44,32,1.1260716915130615,6.143424987792969,0.14919495582580566,0.06513548642396927
tinyllama_kv_p32_all,17,108,tokenizer_stress,4,44,32,1.0365171432495117,4.675260066986084,-0.019200794398784637,0.16643542051315308
tinyllama_kv_p32_all,18,108,tokenizer_stress,4,44,32,1.028167963027954,4.180602550506592,-0.13197264075279236,0.07640399783849716
tinyllama_kv_p32_all,19,108,tokenizer_stress,4,44,32,0.9696453809738159,3.484586000442505,0.1421172022819519,0.1629534363746643
tinyllama_kv_p32_all,20,108,tokenizer_stress,4,44,32,1.0172654390335083,3.7562339305877686,0.2401132881641388,0.060672007501125336
tinyllama_kv_p32_all,21,108,tokenizer_stress,4,44,32,0.9865067601203918,2.7953734397888184,0.03983305022120476,0.1641075313091278
tinyllama_kv_p32_all,0,112,tokenizer_stress,4,42,32,3.0901644229888916,98.35272216796875,0.05011829361319542,-0.05837136134505272
tinyllama_kv_p32_all,1,112,tokenizer_stress,4,42,32,1.2446943521499634,50.40555953979492,-0.07970888912677765,-0.04395763948559761
tinyllama_kv_p32_all,2,112,tokenizer_stress,4,42,32,1.5720409154891968,31.721349716186523,0.04428333044052124,0.009227118454873562
tinyllama_kv_p32_all,3,112,tokenizer_stress,4,42,32,1.447817325592041,10.960559844970703,-0.14083141088485718,0.27167341113090515
tinyllama_kv_p32_all,4,112,tokenizer_stress,4,42,32,1.4269022941589355,10.278840065002441,0.23764780163764954,0.1037924587726593
tinyllama_kv_p32_all,5,112,tokenizer_stress,4,42,32,1.2336183786392212,7.907186985015869,0.024751370772719383,-0.016634872183203697
tinyllama_kv_p32_all,6,112,tokenizer_stress,4,42,32,1.2364742755889893,8.465676307678223,0.05532349273562431,0.1647273302078247
tinyllama_kv_p32_all,7,112,tokenizer_stress,4,42,32,1.3469866514205933,9.665517807006836,-0.16577814519405365,-0.21591225266456604
tinyllama_kv_p32_all,8,112,tokenizer_stress,4,42,32,1.1756285429000854,8.175579071044922,0.2267809808254242,0.053279951214790344
tinyllama_kv_p32_all,9,112,tokenizer_stress,4,42,32,1.1608690023422241,9.36289119720459,0.22264891862869263,0.12685704231262207
tinyllama_kv_p32_all,10,112,tokenizer_stress,4,42,32,1.2208342552185059,7.671604633331299,0.17498399317264557,-0.07575526833534241
tinyllama_kv_p32_all,11,112,tokenizer_stress,4,42,32,1.180208683013916,7.569966793060303,0.08556246012449265,-0.17883466184139252
tinyllama_kv_p32_all,12,112,tokenizer_stress,4,42,32,1.1202312707901,7.217385768890381,-0.21502192318439484,-0.1402617245912552
tinyllama_kv_p32_all,13,112,tokenizer_stress,4,42,32,1.0611685514450073,7.498301029205322,0.08952046930789948,-0.016719909384846687
tinyllama_kv_p32_all,14,112,tokenizer_stress,4,42,32,1.0806609392166138,7.067521095275879,0.17945684492588043,0.1462891697883606
tinyllama_kv_p32_all,15,112,tokenizer_stress,4,42,32,1.0620977878570557,5.4447197914123535,0.07750605791807175,0.10223820060491562
tinyllama_kv_p32_all,16,112,tokenizer_stress,4,42,32,1.1328343152999878,6.002209663391113,0.13334646821022034,0.013408182188868523
tinyllama_kv_p32_all,17,112,tokenizer_stress,4,42,32,1.0490598678588867,4.792751789093018,0.0076031931675970554,0.13017600774765015
tinyllama_kv_p32_all,18,112,tokenizer_stress,4,42,32,1.0312989950180054,4.354429244995117,-0.14506249129772186,0.049909915775060654
tinyllama_kv_p32_all,19,112,tokenizer_stress,4,42,32,1.001145362854004,3.5961625576019287,0.13648948073387146,0.1218431144952774
tinyllama_kv_p32_all,20,112,tokenizer_stress,4,42,32,1.0274465084075928,3.632451057434082,0.22752194106578827,0.006280025001615286
tinyllama_kv_p32_all,21,112,tokenizer_stress,4,42,32,1.0005841255187988,2.8043570518493652,0.028322435915470123,0.10478437691926956
tinyllama_kv_p32_all,0,116,tokenizer_stress,4,38,32,3.07690167427063,103.93476104736328,0.064610056579113,0.01787324622273445
tinyllama_kv_p32_all,1,116,tokenizer_stress,4,38,32,1.2125059366226196,48.108638763427734,-0.04996475949883461,-0.0635400041937828
tinyllama_kv_p32_all,2,116,tokenizer_stress,4,38,32,1.4690701961517334,33.06446838378906,0.07053980976343155,0.023541461676359177
tinyllama_kv_p32_all,3,116,tokenizer_stress,4,38,32,1.3993173837661743,11.141289710998535,-0.11934708058834076,0.34669482707977295
tinyllama_kv_p32_all,4,116,tokenizer_stress,4,38,32,1.3443101644515991,10.093304634094238,0.25495803356170654,0.18281599879264832
tinyllama_kv_p32_all,5,116,tokenizer_stress,4,38,32,1.1878427267074585,8.324094772338867,0.06473372876644135,-0.08599976450204849
tinyllama_kv_p32_all,6,116,tokenizer_stress,4,38,32,1.1703763008117676,8.643922805786133,0.04978679493069649,0.09678851068019867
tinyllama_kv_p32_all,7,116,tokenizer_stress,4,38,32,1.3063137531280518,9.193601608276367,-0.15095841884613037,-0.062256332486867905
tinyllama_kv_p32_all,8,116,tokenizer_stress,4,38,32,1.0852662324905396,7.7658915519714355,0.23235219717025757,0.04298241809010506
tinyllama_kv_p32_all,9,116,tokenizer_stress,4,38,32,1.1165602207183838,9.14030647277832,0.21985431015491486,0.021307015791535378
tinyllama_kv_p32_all,10,116,tokenizer_stress,4,38,32,1.139418125152588,7.750758171081543,0.16609016060829163,-0.008585894480347633
tinyllama_kv_p32_all,11,116,tokenizer_stress,4,38,32,1.101353406906128,7.324739933013916,0.07965633273124695,-0.21164585649967194
tinyllama_kv_p32_all,12,116,tokenizer_stress,4,38,32,1.0722203254699707,7.026268482208252,-0.2096596360206604,-0.07334990799427032
tinyllama_kv_p32_all,13,116,tokenizer_stress,4,38,32,1.022886872291565,7.254717826843262,0.09648875892162323,-0.05087169259786606
tinyllama_kv_p32_all,14,116,tokenizer_stress,4,38,32,1.0355781316757202,6.888660907745361,0.21150225400924683,0.14010843634605408
tinyllama_kv_p32_all,15,116,tokenizer_stress,4,38,32,1.0312892198562622,5.478745460510254,0.09970443695783615,0.04914240166544914
tinyllama_kv_p32_all,16,116,tokenizer_stress,4,38,32,1.105051040649414,5.943187713623047,0.14046519994735718,0.03630370646715164
tinyllama_kv_p32_all,17,116,tokenizer_stress,4,38,32,1.0261666774749756,4.737054347991943,-0.027183106169104576,0.10851908475160599
tinyllama_kv_p32_all,18,116,tokenizer_stress,4,38,32,1.0219827890396118,4.223533630371094,-0.15517114102840424,0.043737802654504776
tinyllama_kv_p32_all,19,116,tokenizer_stress,4,38,32,0.9788079261779785,3.474130153656006,0.15050777792930603,0.08649766445159912
tinyllama_kv_p32_all,20,116,tokenizer_stress,4,38,32,1.017865538597107,3.6993706226348877,0.23622694611549377,0.058581072837114334
tinyllama_kv_p32_all,21,116,tokenizer_stress,4,38,32,0.9842824339866638,2.801661252975464,0.030789531767368317,0.15514802932739258
tinyllama_kv_p32_all,0,120,multilingual_zh,4,33,32,4.8418288230896,165.7861328125,0.0867224708199501,0.1244974210858345
tinyllama_kv_p32_all,1,120,multilingual_zh,4,33,32,1.724880337715149,63.27248764038086,-0.037046629935503006,-0.11473716795444489
tinyllama_kv_p32_all,2,120,multilingual_zh,4,33,32,1.889535665512085,47.595149993896484,0.09338599443435669,0.16993065178394318
tinyllama_kv_p32_all,3,120,multilingual_zh,4,33,32,1.9127070903778076,14.768060684204102,-0.07575264573097229,0.2207520455121994
tinyllama_kv_p32_all,4,120,multilingual_zh,4,33,32,1.764805555343628,12.741518020629883,0.23338887095451355,0.1254332959651947
tinyllama_kv_p32_all,5,120,multilingual_zh,4,33,32,1.5364803075790405,11.103828430175781,0.1318126916885376,-0.17378215491771698
tinyllama_kv_p32_all,6,120,multilingual_zh,4,33,32,1.4669157266616821,10.596607208251953,0.04760339856147766,-0.02597467042505741
tinyllama_kv_p32_all,7,120,multilingual_zh,4,33,32,1.7008883953094482,11.001328468322754,-0.14669209718704224,-0.014788150787353516
tinyllama_kv_p32_all,8,120,multilingual_zh,4,33,32,1.3696770668029785,9.732711791992188,0.3386836647987366,0.0056708273477852345
tinyllama_kv_p32_all,9,120,multilingual_zh,4,33,32,1.3366947174072266,11.02048397064209,0.20857127010822296,-0.006554171442985535
tinyllama_kv_p32_all,10,120,multilingual_zh,4,33,32,1.413891315460205,9.76528549194336,0.21790145337581635,0.14845599234104156
tinyllama_kv_p32_all,11,120,multilingual_zh,4,33,32,1.408797264099121,8.803129196166992,0.07580649852752686,-0.32365578413009644
tinyllama_kv_p32_all,12,120,multilingual_zh,4,33,32,1.3752959966659546,9.50816535949707,-0.09850351512432098,-0.016323283314704895
tinyllama_kv_p32_all,13,120,multilingual_zh,4,33,32,1.2867251634597778,9.22735595703125,0.17833644151687622,-0.028361208736896515
tinyllama_kv_p32_all,14,120,multilingual_zh,4,33,32,1.3197574615478516,8.032441139221191,0.22381354868412018,0.20190563797950745
tinyllama_kv_p32_all,15,120,multilingual_zh,4,33,32,1.2860182523727417,6.501428604125977,0.09260184317827225,0.16286012530326843
tinyllama_kv_p32_all,16,120,multilingual_zh,4,33,32,1.4636882543563843,7.5892510414123535,0.1135265976190567,0.10714047402143478
tinyllama_kv_p32_all,17,120,multilingual_zh,4,33,32,1.259678840637207,4.704945087432861,0.08223813027143478,0.3618045747280121
tinyllama_kv_p32_all,18,120,multilingual_zh,4,33,32,1.2903995513916016,4.711980819702148,-0.15425395965576172,-0.07952749729156494
tinyllama_kv_p32_all,19,120,multilingual_zh,4,33,32,1.211643099784851,3.627772092819214,0.20468418300151825,0.23184433579444885
tinyllama_kv_p32_all,20,120,multilingual_zh,4,33,32,1.2231110334396362,3.8575804233551025,0.18687380850315094,0.06858666241168976
tinyllama_kv_p32_all,21,120,multilingual_zh,4,33,32,1.1782113313674927,3.4049365520477295,0.06477408856153488,0.10861065983772278
tinyllama_kv_p32_all,0,124,multilingual_zh,4,33,32,4.735826015472412,162.82708740234375,0.08999837189912796,0.1580268144607544
tinyllama_kv_p32_all,1,124,multilingual_zh,4,33,32,1.7091805934906006,62.04745864868164,-0.03595425933599472,-0.10377056896686554
tinyllama_kv_p32_all,2,124,multilingual_zh,4,33,32,1.8698323965072632,47.1190299987793,0.09904233366250992,0.08389203995466232
tinyllama_kv_p32_all,3,124,multilingual_zh,4,33,32,1.885008692741394,14.684712409973145,-0.08019904047250748,0.20612995326519012
tinyllama_kv_p32_all,4,124,multilingual_zh,4,33,32,1.738954782485962,12.580514907836914,0.22823761403560638,0.16373127698898315
tinyllama_kv_p32_all,5,124,multilingual_zh,4,33,32,1.5111064910888672,11.046685218811035,0.13534842431545258,-0.13052746653556824
tinyllama_kv_p32_all,6,124,multilingual_zh,4,33,32,1.455766201019287,10.482069969177246,0.0452423058450222,-0.023120393976569176
tinyllama_kv_p32_all,7,124,multilingual_zh,4,33,32,1.6794604063034058,10.941163063049316,-0.15673646330833435,0.025749633088707924
tinyllama_kv_p32_all,8,124,multilingual_zh,4,33,32,1.3573834896087646,9.616703987121582,0.32900601625442505,-0.0011734635336324573
tinyllama_kv_p32_all,9,124,multilingual_zh,4,33,32,1.3223726749420166,10.935869216918945,0.2054418921470642,-0.003163690911605954
tinyllama_kv_p32_all,10,124,multilingual_zh,4,33,32,1.394485354423523,9.73263931274414,0.2100953757762909,0.15381626784801483
tinyllama_kv_p32_all,11,124,multilingual_zh,4,33,32,1.391457200050354,8.78841781616211,0.07785139232873917,-0.3297267258167267
tinyllama_kv_p32_all,12,124,multilingual_zh,4,33,32,1.360662579536438,9.547432899475098,-0.1094697117805481,-0.029453586786985397
tinyllama_kv_p32_all,13,124,multilingual_zh,4,33,32,1.279605507850647,9.180116653442383,0.17934198677539825,-0.054919954389333725
tinyllama_kv_p32_all,14,124,multilingual_zh,4,33,32,1.3047760725021362,7.940755367279053,0.2394281029701233,0.20116327702999115
tinyllama_kv_p32_all,15,124,multilingual_zh,4,33,32,1.281714916229248,6.428122043609619,0.09233279526233673,0.13587936758995056
tinyllama_kv_p32_all,16,124,multilingual_zh,4,33,32,1.4534438848495483,7.4852728843688965,0.10325941443443298,0.16754546761512756
tinyllama_kv_p32_all,17,124,multilingual_zh,4,33,32,1.252664566040039,4.692091941833496,0.09219034761190414,0.35302969813346863
tinyllama_kv_p32_all,18,124,multilingual_zh,4,33,32,1.2837668657302856,4.62721061706543,-0.14456617832183838,-0.023279843851923943
tinyllama_kv_p32_all,19,124,multilingual_zh,4,33,32,1.2127362489700317,3.6122500896453857,0.1957549899816513,0.22586052119731903
tinyllama_kv_p32_all,20,124,multilingual_zh,4,33,32,1.224557876586914,3.8245434761047363,0.18534669280052185,0.06283940374851227
tinyllama_kv_p32_all,21,124,multilingual_zh,4,33,32,1.1745600700378418,3.365696430206299,0.0506279394030571,0.11369901150465012
tinyllama_kv_p32_all,0,128,multilingual_zh,4,33,32,4.750185489654541,163.98411560058594,0.08707176893949509,0.1273774355649948
tinyllama_kv_p32_all,1,128,multilingual_zh,4,33,32,1.7011772394180298,61.78434753417969,-0.03442893922328949,-0.08945129811763763
tinyllama_kv_p32_all,2,128,multilingual_zh,4,33,32,1.8542768955230713,47.29206848144531,0.09917086362838745,0.14799053966999054
tinyllama_kv_p32_all,3,128,multilingual_zh,4,33,32,1.8803517818450928,14.717249870300293,-0.0754752978682518,0.20626194775104523
tinyllama_kv_p32_all,4,128,multilingual_zh,4,33,32,1.7329113483428955,12.616576194763184,0.2344246655702591,0.14012554287910461
tinyllama_kv_p32_all,5,128,multilingual_zh,4,33,32,1.5084832906723022,11.024637222290039,0.13606098294258118,-0.16527938842773438
tinyllama_kv_p32_all,6,128,multilingual_zh,4,33,32,1.442445158958435,10.46583080291748,0.04466300085186958,-0.021478381007909775
tinyllama_kv_p32_all,7,128,multilingual_zh,4,33,32,1.658592939376831,10.874194145202637,-0.15074551105499268,0.018678488209843636
tinyllama_kv_p32_all,8,128,multilingual_zh,4,33,32,1.3395792245864868,9.575217247009277,0.34093257784843445,-0.005081424955278635
tinyllama_kv_p32_all,9,128,multilingual_zh,4,33,32,1.3143664598464966,10.8646879196167,0.20572078227996826,-0.0039966716431081295
tinyllama_kv_p32_all,10,128,multilingual_zh,4,33,32,1.3869563341140747,9.656798362731934,0.22318591177463531,0.13497665524482727
tinyllama_kv_p32_all,11,128,multilingual_zh,4,33,32,1.3797197341918945,8.736574172973633,0.07893600314855576,-0.32713747024536133
tinyllama_kv_p32_all,12,128,multilingual_zh,4,33,32,1.3484305143356323,9.472559928894043,-0.10505159944295883,-0.02752026915550232
tinyllama_kv_p32_all,13,128,multilingual_zh,4,33,32,1.2714213132858276,9.105755805969238,0.18076476454734802,-0.03502756357192993
tinyllama_kv_p32_all,14,128,multilingual_zh,4,33,32,1.296929955482483,7.882204532623291,0.22664929926395416,0.24379070103168488
tinyllama_kv_p32_all,15,128,multilingual_zh,4,33,32,1.2654002904891968,6.3708086013793945,0.08543446660041809,0.16793280839920044
tinyllama_kv_p32_all,16,128,multilingual_zh,4,33,32,1.444980263710022,7.435509204864502,0.10173742473125458,0.16557423770427704
tinyllama_kv_p32_all,17,128,multilingual_zh,4,33,32,1.240953803062439,4.659257888793945,0.09893220663070679,0.3736909329891205
tinyllama_kv_p32_all,18,128,multilingual_zh,4,33,32,1.2698129415512085,4.593998432159424,-0.14824549853801727,-0.06824354082345963
tinyllama_kv_p32_all,19,128,multilingual_zh,4,33,32,1.2000164985656738,3.592031955718994,0.2003290206193924,0.21733030676841736
tinyllama_kv_p32_all,20,128,multilingual_zh,4,33,32,1.2116050720214844,3.771261215209961,0.1872308999300003,0.0814414918422699
tinyllama_kv_p32_all,21,128,multilingual_zh,4,33,32,1.1631247997283936,3.362468719482422,0.05013074353337288,0.13151538372039795
tinyllama_kv_p32_all,0,132,multilingual_zh,4,33,32,4.86043643951416,166.29312133789062,0.08695808798074722,0.12610074877738953
tinyllama_kv_p32_all,1,132,multilingual_zh,4,33,32,1.7298569679260254,63.31992721557617,-0.03656976670026779,-0.10672983527183533
tinyllama_kv_p32_all,2,132,multilingual_zh,4,33,32,1.8964167833328247,47.83812713623047,0.09378013014793396,0.16567778587341309
tinyllama_kv_p32_all,3,132,multilingual_zh,4,33,32,1.9190930128097534,14.85733699798584,-0.07594484090805054,0.20293737947940826
tinyllama_kv_p32_all,4,132,multilingual_zh,4,33,32,1.7751015424728394,12.825703620910645,0.2324395775794983,0.13009750843048096
tinyllama_kv_p32_all,5,132,multilingual_zh,4,33,32,1.5395866632461548,11.146327018737793,0.1344919502735138,-0.17166580259799957
tinyllama_kv_p32_all,6,132,multilingual_zh,4,33,32,1.4736727476119995,10.613534927368164,0.047441378235816956,-0.0209291260689497
tinyllama_kv_p32_all,7,132,multilingual_zh,4,33,32,1.7067631483078003,11.050030708312988,-0.14736273884773254,-0.014509164728224277
tinyllama_kv_p32_all,8,132,multilingual_zh,4,33,32,1.375375509262085,9.755010604858398,0.3363734483718872,-0.00030044055893085897
tinyllama_kv_p32_all,9,132,multilingual_zh,4,33,32,1.3406462669372559,11.060147285461426,0.20665524899959564,-0.006326779723167419
tinyllama_kv_p32_all,10,132,multilingual_zh,4,33,32,1.4181181192398071,9.770333290100098,0.21735437214374542,0.14831097424030304
tinyllama_kv_p32_all,11,132,multilingual_zh,4,33,32,1.4124177694320679,8.845185279846191,0.07470812648534775,-0.3214553892612457
tinyllama_kv_p32_all,12,132,multilingual_zh,4,33,32,1.3795455694198608,9.541913032531738,-0.09770036488771439,-0.020411213859915733
tinyllama_kv_p32_all,13,132,multilingual_zh,4,33,32,1.2925045490264893,9.284137725830078,0.17865094542503357,-0.027455752715468407
tinyllama_kv_p32_all,14,132,multilingual_zh,4,33,32,1.3237789869308472,8.068921089172363,0.22372955083847046,0.1963651180267334
tinyllama_kv_p32_all,15,132,multilingual_zh,4,33,32,1.2905306816101074,6.514692306518555,0.09375801682472229,0.16603805124759674
tinyllama_kv_p32_all,16,132,multilingual_zh,4,33,32,1.4683811664581299,7.6221394538879395,0.11325834691524506,0.11114029586315155
tinyllama_kv_p32_all,17,132,multilingual_zh,4,33,32,1.264222502708435,4.720248699188232,0.08259695768356323,0.3645075261592865
tinyllama_kv_p32_all,18,132,multilingual_zh,4,33,32,1.2960237264633179,4.726540565490723,-0.15530425310134888,-0.08661093562841415
tinyllama_kv_p32_all,19,132,multilingual_zh,4,33,32,1.2157119512557983,3.635571002960205,0.20397761464118958,0.23113934695720673
tinyllama_kv_p32_all,20,132,multilingual_zh,4,33,32,1.2266604900360107,3.8697164058685303,0.18608608841896057,0.0629597008228302
tinyllama_kv_p32_all,21,132,multilingual_zh,4,33,32,1.1794184446334839,3.410288095474243,0.06442616879940033,0.11080007255077362
tinyllama_kv_p32_all,0,136,multilingual_zh,4,33,32,4.7441301345825195,162.86058044433594,0.08817729353904724,0.1305147409439087
tinyllama_kv_p32_all,1,136,multilingual_zh,4,33,32,1.7069623470306396,61.8897590637207,-0.035434480756521225,-0.10328375548124313
tinyllama_kv_p32_all,2,136,multilingual_zh,4,33,32,1.8695111274719238,46.89552688598633,0.0999932810664177,0.11627264320850372
tinyllama_kv_p32_all,3,136,multilingual_zh,4,33,32,1.883615493774414,14.655928611755371,-0.0801236480474472,0.19605769217014313
tinyllama_kv_p32_all,4,136,multilingual_zh,4,33,32,1.737847089767456,12.52765941619873,0.22948981821537018,0.1679360568523407
tinyllama_kv_p32_all,5,136,multilingual_zh,4,33,32,1.50682532787323,11.032513618469238,0.13169535994529724,-0.15190400183200836
tinyllama_kv_p32_all,6,136,multilingual_zh,4,33,32,1.452883243560791,10.437746047973633,0.04469488933682442,-0.015860429033637047
tinyllama_kv_p32_all,7,136,multilingual_zh,4,33,32,1.6772034168243408,10.874654769897461,-0.15296034514904022,0.037384435534477234
tinyllama_kv_p32_all,8,136,multilingual_zh,4,33,32,1.3544180393218994,9.62513256072998,0.3294109106063843,-0.00248371041379869
tinyllama_kv_p32_all,9,136,multilingual_zh,4,33,32,1.3179937601089478,10.901666641235352,0.20748822391033173,-0.002304218942299485
tinyllama_kv_p32_all,10,136,multilingual_zh,4,33,32,1.3913792371749878,9.713462829589844,0.2107405662536621,0.16365109384059906
tinyllama_kv_p32_all,11,136,multilingual_zh,4,33,32,1.3866328001022339,8.775972366333008,0.07517828792333603,-0.32797253131866455
tinyllama_kv_p32_all,12,136,multilingual_zh,4,33,32,1.358996033668518,9.510851860046387,-0.10892204195261002,-0.03548644483089447
tinyllama_kv_p32_all,13,136,multilingual_zh,4,33,32,1.2765958309173584,9.169965744018555,0.18237856030464172,-0.06147770583629608
tinyllama_kv_p32_all,14,136,multilingual_zh,4,33,32,1.3012949228286743,7.934494495391846,0.23755759000778198,0.19709882140159607
tinyllama_kv_p32_all,15,136,multilingual_zh,4,33,32,1.2805989980697632,6.428175926208496,0.09143845736980438,0.12513215839862823
tinyllama_kv_p32_all,16,136,multilingual_zh,4,33,32,1.45200514793396,7.501094818115234,0.10180862993001938,0.15923170745372772
tinyllama_kv_p32_all,17,136,multilingual_zh,4,33,32,1.2479565143585205,4.676187038421631,0.09335463494062424,0.3534311056137085
tinyllama_kv_p32_all,18,136,multilingual_zh,4,33,32,1.2816779613494873,4.609386444091797,-0.1442071944475174,-0.040779657661914825
tinyllama_kv_p32_all,19,136,multilingual_zh,4,33,32,1.2130454778671265,3.5976593494415283,0.19672200083732605,0.22713640332221985
tinyllama_kv_p32_all,20,136,multilingual_zh,4,33,32,1.2238095998764038,3.8114981651306152,0.18265321850776672,0.06677751988172531
tinyllama_kv_p32_all,21,136,multilingual_zh,4,33,32,1.1731947660446167,3.3619866371154785,0.05063752457499504,0.10718175768852234
tinyllama_kv_p32_all,0,140,multilingual_zh,4,33,32,4.7340593338012695,163.6406707763672,0.08889692276716232,0.15349753201007843
tinyllama_kv_p32_all,1,140,multilingual_zh,4,33,32,1.6992595195770264,61.822391510009766,-0.03458395600318909,-0.08448980748653412
tinyllama_kv_p32_all,2,140,multilingual_zh,4,33,32,1.8521934747695923,47.295753479003906,0.09913235157728195,0.1469574272632599
tinyllama_kv_p32_all,3,140,multilingual_zh,4,33,32,1.8798670768737793,14.717976570129395,-0.07681278139352798,0.21047565340995789
tinyllama_kv_p32_all,4,140,multilingual_zh,4,33,32,1.73184072971344,12.593207359313965,0.233468160033226,0.14244787395000458
tinyllama_kv_p32_all,5,140,multilingual_zh,4,33,32,1.5078034400939941,11.0256929397583,0.138675719499588,-0.15282820165157318
tinyllama_kv_p32_all,6,140,multilingual_zh,4,33,32,1.4429266452789307,10.448975563049316,0.04438577592372894,-0.032775599509477615
tinyllama_kv_p32_all,7,140,multilingual_zh,4,33,32,1.65863835811615,10.880861282348633,-0.15226931869983673,0.009980732575058937
tinyllama_kv_p32_all,8,140,multilingual_zh,4,33,32,1.3399465084075928,9.57817554473877,0.34021303057670593,-0.008231990039348602
tinyllama_kv_p32_all,9,140,multilingual_zh,4,33,32,1.3137835264205933,10.887810707092285,0.20343348383903503,0.0001672153448453173
tinyllama_kv_p32_all,10,140,multilingual_zh,4,33,32,1.3855750560760498,9.670825004577637,0.22187906503677368,0.131554514169693
tinyllama_kv_p32_all,11,140,multilingual_zh,4,33,32,1.3796818256378174,8.75152587890625,0.0780155137181282,-0.32914063334465027
tinyllama_kv_p32_all,12,140,multilingual_zh,4,33,32,1.3476835489273071,9.489219665527344,-0.10733189433813095,-0.03082248382270336
tinyllama_kv_p32_all,13,140,multilingual_zh,4,33,32,1.270728349685669,9.111974716186523,0.1791827231645584,-0.02858935482800007
tinyllama_kv_p32_all,14,140,multilingual_zh,4,33,32,1.2975050210952759,7.889082908630371,0.22703158855438232,0.2440454065799713
tinyllama_kv_p32_all,15,140,multilingual_zh,4,33,32,1.2656118869781494,6.371392250061035,0.08725294470787048,0.16656193137168884
tinyllama_kv_p32_all,16,140,multilingual_zh,4,33,32,1.4439587593078613,7.436030387878418,0.10319496691226959,0.16940529644489288
tinyllama_kv_p32_all,17,140,multilingual_zh,4,33,32,1.2434687614440918,4.659979820251465,0.09841450303792953,0.37196189165115356
tinyllama_kv_p32_all,18,140,multilingual_zh,4,33,32,1.2727106809616089,4.601468086242676,-0.14826861023902893,-0.074737049639225
tinyllama_kv_p32_all,19,140,multilingual_zh,4,33,32,1.2012046575546265,3.5974783897399902,0.200314462184906,0.2197672575712204
tinyllama_kv_p32_all,20,140,multilingual_zh,4,33,32,1.2125531435012817,3.7816147804260254,0.1882247030735016,0.08117829263210297
tinyllama_kv_p32_all,21,140,multilingual_zh,4,33,32,1.1637299060821533,3.3696038722991943,0.04795438051223755,0.13940265774726868
tinyllama_kv_p32_all,0,144,multilingual_ar,4,47,32,5.875880718231201,200.89593505859375,0.07042573392391205,0.10832131654024124
tinyllama_kv_p32_all,1,144,multilingual_ar,4,47,32,1.970099925994873,70.89892578125,-0.07160956412553787,-0.12501609325408936
tinyllama_kv_p32_all,2,144,multilingual_ar,4,47,32,2.1233720779418945,52.35470962524414,0.09510624408721924,0.08696462959051132
tinyllama_kv_p32_all,3,144,multilingual_ar,4,47,32,2.1681437492370605,17.411455154418945,-0.09153459966182709,0.3204754590988159
tinyllama_kv_p32_all,4,144,multilingual_ar,4,47,32,2.021235466003418,15.241025924682617,0.19087697565555573,0.16549280285835266
tinyllama_kv_p32_all,5,144,multilingual_ar,4,47,32,1.794905662536621,13.040444374084473,0.178258016705513,-0.1834077090024948
tinyllama_kv_p32_all,6,144,multilingual_ar,4,47,32,1.7264556884765625,12.177200317382812,0.039024680852890015,-0.0759362280368805
tinyllama_kv_p32_all,7,144,multilingual_ar,4,47,32,1.9587156772613525,12.996129035949707,-0.13861489295959473,0.016087982803583145
tinyllama_kv_p32_all,8,144,multilingual_ar,4,47,32,1.5487531423568726,11.11577033996582,0.30817273259162903,0.07051429897546768
tinyllama_kv_p32_all,9,144,multilingual_ar,4,47,32,1.5236586332321167,13.213188171386719,0.1960652619600296,-0.07840725779533386
tinyllama_kv_p32_all,10,144,multilingual_ar,4,47,32,1.6040469408035278,11.556035995483398,0.162108913064003,0.25060877203941345
tinyllama_kv_p32_all,11,144,multilingual_ar,4,47,32,1.576887845993042,10.24760627746582,0.08546798676252365,-0.2370138019323349
tinyllama_kv_p32_all,12,144,multilingual_ar,4,47,32,1.5620980262756348,10.662154197692871,-0.09504041075706482,-0.08367840200662613
tinyllama_kv_p32_all,13,144,multilingual_ar,4,47,32,1.484708547592163,10.98466682434082,0.1648004800081253,-0.19000586867332458
tinyllama_kv_p32_all,14,144,multilingual_ar,4,47,32,1.4802632331848145,9.157743453979492,0.2341962605714798,0.1367245465517044
tinyllama_kv_p32_all,15,144,multilingual_ar,4,47,32,1.4459350109100342,7.229256629943848,0.09173209965229034,-0.15590164065361023
tinyllama_kv_p32_all,16,144,multilingual_ar,4,47,32,1.6508591175079346,9.015599250793457,0.12645260989665985,0.07600344717502594
tinyllama_kv_p32_all,17,144,multilingual_ar,4,47,32,1.3852460384368896,5.80711555480957,0.0819104015827179,0.09739536046981812
tinyllama_kv_p32_all,18,144,multilingual_ar,4,47,32,1.42232346534729,5.319094657897949,-0.10785003006458282,-0.17370721697807312
tinyllama_kv_p32_all,19,144,multilingual_ar,4,47,32,1.2998898029327393,3.965672016143799,0.15385472774505615,0.18123020231723785
tinyllama_kv_p32_all,20,144,multilingual_ar,4,47,32,1.329942226409912,4.499923229217529,0.14998504519462585,-0.08636307716369629
tinyllama_kv_p32_all,21,144,multilingual_ar,4,47,32,1.268006443977356,3.3487231731414795,0.04152131825685501,0.0027480688877403736
tinyllama_kv_p32_all,0,148,multilingual_ar,4,47,32,5.873320579528809,198.3284912109375,0.06776902079582214,0.09287228435277939
tinyllama_kv_p32_all,1,148,multilingual_ar,4,47,32,1.9727976322174072,71.11454010009766,-0.071673184633255,-0.14590001106262207
tinyllama_kv_p32_all,2,148,multilingual_ar,4,47,32,2.12878155708313,51.87039566040039,0.09129608422517776,0.16067972779273987
tinyllama_kv_p32_all,3,148,multilingual_ar,4,47,32,2.176694869995117,17.305383682250977,-0.0968460887670517,0.344539076089859
tinyllama_kv_p32_all,4,148,multilingual_ar,4,47,32,2.0279574394226074,15.274185180664062,0.19144369661808014,0.15445265173912048
tinyllama_kv_p32_all,5,148,multilingual_ar,4,47,32,1.795064091682434,12.9635009765625,0.1741773933172226,-0.1638110876083374
tinyllama_kv_p32_all,6,148,multilingual_ar,4,47,32,1.7290931940078735,12.08877944946289,0.04410122334957123,-0.05942285433411598
tinyllama_kv_p32_all,7,148,multilingual_ar,4,47,32,1.9648895263671875,12.980879783630371,-0.1389642208814621,-0.006100259721279144
tinyllama_kv_p32_all,8,148,multilingual_ar,4,47,32,1.560307264328003,11.155153274536133,0.300298810005188,0.08595997840166092
tinyllama_kv_p32_all,9,148,multilingual_ar,4,47,32,1.5337780714035034,13.175713539123535,0.19983209669589996,-0.05240628495812416
tinyllama_kv_p32_all,10,148,multilingual_ar,4,47,32,1.6116175651550293,11.552212715148926,0.16004586219787598,0.20791997015476227
tinyllama_kv_p32_all,11,148,multilingual_ar,4,47,32,1.588910460472107,10.340591430664062,0.09270871430635452,-0.2615521252155304
tinyllama_kv_p32_all,12,148,multilingual_ar,4,47,32,1.563870906829834,10.754910469055176,-0.10491257160902023,-0.09843845665454865
tinyllama_kv_p32_all,13,148,multilingual_ar,4,47,32,1.492475152015686,10.992630958557129,0.16516633331775665,-0.21276673674583435
tinyllama_kv_p32_all,14,148,multilingual_ar,4,47,32,1.4863601922988892,9.193913459777832,0.23375193774700165,0.16819293797016144
tinyllama_kv_p32_all,15,148,multilingual_ar,4,47,32,1.457526683807373,7.229031085968018,0.09590845555067062,-0.15287749469280243
tinyllama_kv_p32_all,16,148,multilingual_ar,4,47,32,1.6601978540420532,9.005828857421875,0.12538054585456848,0.09839239716529846
tinyllama_kv_p32_all,17,148,multilingual_ar,4,47,32,1.3971712589263916,5.803243637084961,0.08592702448368073,0.08872781693935394
tinyllama_kv_p32_all,18,148,multilingual_ar,4,47,32,1.4302023649215698,5.358950614929199,-0.11002864688634872,-0.1409047394990921
tinyllama_kv_p32_all,19,148,multilingual_ar,4,47,32,1.3152326345443726,4.008971214294434,0.1534496247768402,0.16172929108142853
tinyllama_kv_p32_all,20,148,multilingual_ar,4,47,32,1.3506340980529785,4.558679103851318,0.15640614926815033,-0.08723843097686768
tinyllama_kv_p32_all,21,148,multilingual_ar,4,47,32,1.2781990766525269,3.372642755508423,0.031204309314489365,0.0011371204163879156
tinyllama_kv_p32_all,0,152,multilingual_ar,4,47,32,5.88285493850708,196.15994262695312,0.06578680127859116,0.04966520518064499
tinyllama_kv_p32_all,1,152,multilingual_ar,4,47,32,1.966916799545288,70.64463806152344,-0.07019256055355072,-0.13459524512290955
tinyllama_kv_p32_all,2,152,multilingual_ar,4,47,32,2.1251397132873535,51.54222106933594,0.09439922124147415,0.0831010714173317
tinyllama_kv_p32_all,3,152,multilingual_ar,4,47,32,2.173008918762207,17.256576538085938,-0.09938737004995346,0.3346390128135681
tinyllama_kv_p32_all,4,152,multilingual_ar,4,47,32,2.0279619693756104,15.201136589050293,0.1937248557806015,0.17407283186912537
tinyllama_kv_p32_all,5,152,multilingual_ar,4,47,32,1.7965483665466309,12.856806755065918,0.17637896537780762,-0.18553082644939423
tinyllama_kv_p32_all,6,152,multilingual_ar,4,47,32,1.725246787071228,12.038503646850586,0.04276707023382187,-0.06769711524248123
tinyllama_kv_p32_all,7,152,multilingual_ar,4,47,32,1.9554715156555176,12.938307762145996,-0.13813364505767822,1.9492657884256914e-05
tinyllama_kv_p32_all,8,152,multilingual_ar,4,47,32,1.552172303199768,11.092647552490234,0.2936203181743622,0.09485296905040741
tinyllama_kv_p32_all,9,152,multilingual_ar,4,47,32,1.5298736095428467,13.143229484558105,0.20713907480239868,-0.05290127918124199
tinyllama_kv_p32_all,10,152,multilingual_ar,4,47,32,1.609060287475586,11.505465507507324,0.15261511504650116,0.20229047536849976
tinyllama_kv_p32_all,11,152,multilingual_ar,4,47,32,1.5869086980819702,10.232198715209961,0.08466249704360962,-0.28199997544288635
tinyllama_kv_p32_all,12,152,multilingual_ar,4,47,32,1.563868761062622,10.438179016113281,-0.102503202855587,-0.10578025877475739
tinyllama_kv_p32_all,13,152,multilingual_ar,4,47,32,1.488319754600525,10.912985801696777,0.16331787407398224,-0.23202432692050934
tinyllama_kv_p32_all,14,152,multilingual_ar,4,47,32,1.4828875064849854,9.143296241760254,0.2366100400686264,0.1747322827577591
tinyllama_kv_p32_all,15,152,multilingual_ar,4,47,32,1.4490413665771484,7.196349620819092,0.10148634016513824,-0.15543760359287262
tinyllama_kv_p32_all,16,152,multilingual_ar,4,47,32,1.646599531173706,8.91147518157959,0.12854398787021637,0.09041464328765869
tinyllama_kv_p32_all,17,152,multilingual_ar,4,47,32,1.3851706981658936,5.8116326332092285,0.07387011498212814,0.11694759875535965
tinyllama_kv_p32_all,18,152,multilingual_ar,4,47,32,1.4198116064071655,5.384740352630615,-0.11019223183393478,-0.17819340527057648
tinyllama_kv_p32_all,19,152,multilingual_ar,4,47,32,1.308966040611267,4.07939338684082,0.15474218130111694,0.1509314626455307
tinyllama_kv_p32_all,20,152,multilingual_ar,4,47,32,1.345031976699829,4.573406219482422,0.15135633945465088,-0.09794262796640396
tinyllama_kv_p32_all,21,152,multilingual_ar,4,47,32,1.2725142240524292,3.3418807983398438,0.026512516662478447,0.00687964353710413
tinyllama_kv_p32_all,0,156,multilingual_ar,4,47,32,5.864442348480225,200.5413818359375,0.07018017768859863,0.10517336428165436
tinyllama_kv_p32_all,1,156,multilingual_ar,4,47,32,1.9679666757583618,70.95250701904297,-0.0715961754322052,-0.13056603074073792
tinyllama_kv_p32_all,2,156,multilingual_ar,4,47,32,2.1204590797424316,52.239498138427734,0.09476497024297714,0.09350600093603134
tinyllama_kv_p32_all,3,156,multilingual_ar,4,47,32,2.1638987064361572,17.423370361328125,-0.0924052894115448,0.3162122964859009
tinyllama_kv_p32_all,4,156,multilingual_ar,4,47,32,2.0186290740966797,15.23435115814209,0.19038674235343933,0.1589338779449463
tinyllama_kv_p32_all,5,156,multilingual_ar,4,47,32,1.7929970026016235,13.041650772094727,0.1802086979150772,-0.18596291542053223
tinyllama_kv_p32_all,6,156,multilingual_ar,4,47,32,1.7225803136825562,12.166375160217285,0.03874923288822174,-0.07515167444944382
tinyllama_kv_p32_all,7,156,multilingual_ar,4,47,32,1.9579658508300781,12.980236053466797,-0.13952836394309998,0.017305545508861542
tinyllama_kv_p32_all,8,156,multilingual_ar,4,47,32,1.5464664697647095,11.118258476257324,0.3055875301361084,0.07247646152973175
tinyllama_kv_p32_all,9,156,multilingual_ar,4,47,32,1.5235050916671753,13.20394229888916,0.1947222650051117,-0.07797779887914658
tinyllama_kv_p32_all,10,156,multilingual_ar,4,47,32,1.6026743650436401,11.570084571838379,0.16098880767822266,0.25074490904808044
tinyllama_kv_p32_all,11,156,multilingual_ar,4,47,32,1.5767165422439575,10.266325950622559,0.08538366854190826,-0.23565301299095154
tinyllama_kv_p32_all,12,156,multilingual_ar,4,47,32,1.560898780822754,10.666121482849121,-0.0959571972489357,-0.08365631848573685
tinyllama_kv_p32_all,13,156,multilingual_ar,4,47,32,1.484303593635559,10.979000091552734,0.16416211426258087,-0.18861505389213562
tinyllama_kv_p32_all,14,156,multilingual_ar,4,47,32,1.481271743774414,9.157896041870117,0.23668071627616882,0.14007340371608734
tinyllama_kv_p32_all,15,156,multilingual_ar,4,47,32,1.4451104402542114,7.2249884605407715,0.09254436194896698,-0.15203343331813812
tinyllama_kv_p32_all,16,156,multilingual_ar,4,47,32,1.6484556198120117,9.016016960144043,0.12799260020256042,0.07455328106880188
tinyllama_kv_p32_all,17,156,multilingual_ar,4,47,32,1.3837717771530151,5.813551425933838,0.08108688145875931,0.10262753069400787
tinyllama_kv_p32_all,18,156,multilingual_ar,4,47,32,1.4228541851043701,5.3292036056518555,-0.10785556584596634,-0.1853058934211731
tinyllama_kv_p32_all,19,156,multilingual_ar,4,47,32,1.2997698783874512,3.966167449951172,0.15337342023849487,0.18184681236743927
tinyllama_kv_p32_all,20,156,multilingual_ar,4,47,32,1.3298044204711914,4.500222206115723,0.15068936347961426,-0.08904755115509033
tinyllama_kv_p32_all,21,156,multilingual_ar,4,47,32,1.2677823305130005,3.347078561782837,0.04112221673130989,-0.0009791315533220768
tinyllama_kv_p32_all,0,160,multilingual_ar,4,47,32,5.874477863311768,198.27517700195312,0.06730135530233383,0.07044719159603119
tinyllama_kv_p32_all,1,160,multilingual_ar,4,47,32,1.9698668718338013,71.07190704345703,-0.07187534868717194,-0.15344561636447906
tinyllama_kv_p32_all,2,160,multilingual_ar,4,47,32,2.125930070877075,51.80235290527344,0.09052376449108124,0.18433186411857605
tinyllama_kv_p32_all,3,160,multilingual_ar,4,47,32,2.173222303390503,17.3087100982666,-0.09654062241315842,0.3330821394920349
tinyllama_kv_p32_all,4,160,multilingual_ar,4,47,32,2.024332046508789,15.25217056274414,0.1923408955335617,0.14864115417003632
tinyllama_kv_p32_all,5,160,multilingual_ar,4,47,32,1.7904331684112549,12.953969955444336,0.1753106564283371,-0.1692141592502594
tinyllama_kv_p32_all,6,160,multilingual_ar,4,47,32,1.727011799812317,12.071837425231934,0.04316355660557747,-0.06075765937566757
tinyllama_kv_p32_all,7,160,multilingual_ar,4,47,32,1.9623212814331055,12.990485191345215,-0.1383165419101715,-0.002489919075742364
tinyllama_kv_p32_all,8,160,multilingual_ar,4,47,32,1.5573488473892212,11.156976699829102,0.300746351480484,0.08341804146766663
tinyllama_kv_p32_all,9,160,multilingual_ar,4,47,32,1.5302155017852783,13.179144859313965,0.19827260076999664,-0.05858016386628151
tinyllama_kv_p32_all,10,160,multilingual_ar,4,47,32,1.608960747718811,11.548368453979492,0.16050706803798676,0.20466449856758118
tinyllama_kv_p32_all,11,160,multilingual_ar,4,47,32,1.5879430770874023,10.339763641357422,0.09320622682571411,-0.2641879916191101
tinyllama_kv_p32_all,12,160,multilingual_ar,4,47,32,1.5623186826705933,10.732059478759766,-0.10471026599407196,-0.09422910958528519
tinyllama_kv_p32_all,13,160,multilingual_ar,4,47,32,1.4896571636199951,10.974475860595703,0.16496336460113525,-0.21217702329158783
tinyllama_kv_p32_all,14,160,multilingual_ar,4,47,32,1.4861226081848145,9.180672645568848,0.2370460331439972,0.16281135380268097
tinyllama_kv_p32_all,15,160,multilingual_ar,4,47,32,1.4552438259124756,7.2284836769104,0.09509321302175522,-0.1485045999288559
tinyllama_kv_p32_all,16,160,multilingual_ar,4,47,32,1.6599491834640503,8.994096755981445,0.12563025951385498,0.09880392998456955
tinyllama_kv_p32_all,17,160,multilingual_ar,4,47,32,1.3950155973434448,5.800488471984863,0.0861787348985672,0.0925510823726654
tinyllama_kv_p32_all,18,160,multilingual_ar,4,47,32,1.429127812385559,5.361099720001221,-0.11026858538389206,-0.14966130256652832
tinyllama_kv_p32_all,19,160,multilingual_ar,4,47,32,1.3151531219482422,3.9997708797454834,0.15358057618141174,0.16730618476867676
tinyllama_kv_p32_all,20,160,multilingual_ar,4,47,32,1.3496835231781006,4.540688514709473,0.1569959670305252,-0.09127070009708405
tinyllama_kv_p32_all,21,160,multilingual_ar,4,47,32,1.278085470199585,3.3656373023986816,0.032083217054605484,-0.0025939298793673515
tinyllama_kv_p32_all,0,164,multilingual_ar,4,47,32,5.882209300994873,196.2038116455078,0.06577005982398987,0.04482166841626167
tinyllama_kv_p32_all,1,164,multilingual_ar,4,47,32,1.9664781093597412,70.57017517089844,-0.07017949223518372,-0.13589435815811157
tinyllama_kv_p32_all,2,164,multilingual_ar,4,47,32,2.12678599357605,51.54624557495117,0.09337512403726578,0.08981812745332718
tinyllama_kv_p32_all,3,164,multilingual_ar,4,47,32,2.1723523139953613,17.242294311523438,-0.09959899634122849,0.33822742104530334
tinyllama_kv_p32_all,4,164,multilingual_ar,4,47,32,2.028622627258301,15.207884788513184,0.19363929331302643,0.16818226873874664
tinyllama_kv_p32_all,5,164,multilingual_ar,4,47,32,1.7962697744369507,12.853333473205566,0.17412616312503815,-0.18999554216861725
tinyllama_kv_p32_all,6,164,multilingual_ar,4,47,32,1.7259955406188965,12.03759479522705,0.042753804475069046,-0.06673818081617355
tinyllama_kv_p32_all,7,164,multilingual_ar,4,47,32,1.952697515487671,12.92318058013916,-0.13635365664958954,0.0013419250026345253
tinyllama_kv_p32_all,8,164,multilingual_ar,4,47,32,1.5518888235092163,11.087671279907227,0.3000844419002533,0.08870113641023636
tinyllama_kv_p32_all,9,164,multilingual_ar,4,47,32,1.5280964374542236,13.120087623596191,0.20637276768684387,-0.05031735077500343
tinyllama_kv_p32_all,10,164,multilingual_ar,4,47,32,1.6071114540100098,11.498936653137207,0.1538340449333191,0.1977677345275879
tinyllama_kv_p32_all,11,164,multilingual_ar,4,47,32,1.5849494934082031,10.215409278869629,0.085947684943676,-0.2807021141052246
tinyllama_kv_p32_all,12,164,multilingual_ar,4,47,32,1.5610066652297974,10.450429916381836,-0.10271421819925308,-0.10458860546350479
tinyllama_kv_p32_all,13,164,multilingual_ar,4,47,32,1.4852144718170166,10.901771545410156,0.16414666175842285,-0.23191161453723907
tinyllama_kv_p32_all,14,164,multilingual_ar,4,47,32,1.4813637733459473,9.127058982849121,0.23731113970279694,0.17621003091335297
tinyllama_kv_p32_all,15,164,multilingual_ar,4,47,32,1.446597933769226,7.190927505493164,0.10039813816547394,-0.15390169620513916
tinyllama_kv_p32_all,16,164,multilingual_ar,4,47,32,1.6461818218231201,8.913288116455078,0.12749159336090088,0.08954106271266937
tinyllama_kv_p32_all,17,164,multilingual_ar,4,47,32,1.38246488571167,5.787805557250977,0.07458189874887466,0.12070749700069427
tinyllama_kv_p32_all,18,164,multilingual_ar,4,47,32,1.4149471521377563,5.372397422790527,-0.10950066149234772,-0.17646083235740662
tinyllama_kv_p32_all,19,164,multilingual_ar,4,47,32,1.3075040578842163,4.068666934967041,0.15527525544166565,0.15125221014022827
tinyllama_kv_p32_all,20,164,multilingual_ar,4,47,32,1.3434419631958008,4.559423446655273,0.1501486897468567,-0.09950719028711319
tinyllama_kv_p32_all,21,164,multilingual_ar,4,47,32,1.272792100906372,3.3388280868530273,0.027678262442350388,0.0076246378012001514
