id,bucket,byte_len,char_len,qwen_tokenizer_loss,tinyllama_tokenizer_loss,qwen05_input_tokens,qwen05_tokens_per_byte,qwen05_bytes_per_token,qwen05_chars_per_token,tinyllama_input_tokens,tinyllama_tokens_per_byte,tinyllama_bytes_per_token,tinyllama_chars_per_token,tiny_minus_qwen_tokens
test_clean_english_200000,clean_english,137,137,0.26935014128685,0.49740442633628845,29,0.2116788321167883,4.724137931034483,4.724137931034483,35,0.25547445255474455,3.914285714285714,3.914285714285714,6
test_clean_english_200001,clean_english,134,134,0.2530123293399811,0.5169557929039001,30,0.22388059701492538,4.466666666666667,4.466666666666667,34,0.2537313432835821,3.9411764705882355,3.9411764705882355,4
test_clean_english_200002,clean_english,140,140,0.3089042603969574,0.583797812461853,24,0.17142857142857143,5.833333333333333,5.833333333333333,28,0.2,5.0,5.0,4
test_clean_english_200003,clean_english,123,123,0.3341258466243744,0.7339643836021423,23,0.18699186991869918,5.3478260869565215,5.3478260869565215,25,0.2032520325203252,4.92,4.92,2
test_clean_english_200004,clean_english,134,134,0.26513537764549255,0.5644593834877014,29,0.21641791044776118,4.620689655172414,4.620689655172414,31,0.23134328358208955,4.32258064516129,4.32258064516129,2
test_clean_english_200005,clean_english,112,112,0.27439454197883606,0.5782185792922974,30,0.26785714285714285,3.7333333333333334,3.7333333333333334,32,0.2857142857142857,3.5,3.5,2
test_clean_english_200006,clean_english,124,124,0.30294957756996155,0.5454103946685791,28,0.22580645161290322,4.428571428571429,4.428571428571429,32,0.25806451612903225,3.875,3.875,4
test_clean_english_200007,clean_english,131,131,0.42524459958076477,0.7414626479148865,25,0.19083969465648856,5.24,5.24,27,0.20610687022900764,4.851851851851852,4.851851851851852,2
test_clean_english_200008,clean_english,104,104,0.2069484293460846,0.5566365122795105,30,0.28846153846153844,3.466666666666667,3.466666666666667,32,0.3076923076923077,3.25,3.25,2
test_clean_english_200009,clean_english,129,129,0.3586792051792145,0.729551374912262,24,0.18604651162790697,5.375,5.375,26,0.20155038759689922,4.961538461538462,4.961538461538462,2
test_clean_english_200010,clean_english,124,124,0.2677556872367859,0.6117523908615112,28,0.22580645161290322,4.428571428571429,4.428571428571429,30,0.24193548387096775,4.133333333333334,4.133333333333334,2
test_clean_english_200011,clean_english,129,129,0.31386634707450867,0.5647659301757812,28,0.21705426356589147,4.607142857142857,4.607142857142857,32,0.24806201550387597,4.03125,4.03125,4
test_clean_english_200012,clean_english,144,144,0.43997058272361755,0.6576478481292725,23,0.1597222222222222,6.260869565217392,6.260869565217392,27,0.1875,5.333333333333333,5.333333333333333,4
test_clean_english_200013,clean_english,111,111,0.31961098313331604,0.6166458129882812,28,0.25225225225225223,3.9642857142857144,3.9642857142857144,32,0.2882882882882883,3.46875,3.46875,4
test_clean_english_200014,clean_english,129,129,0.28391626477241516,0.6505630612373352,26,0.20155038759689922,4.961538461538462,4.961538461538462,29,0.2248062015503876,4.448275862068965,4.448275862068965,3
test_clean_english_200015,clean_english,134,134,0.25600606203079224,0.5130441188812256,29,0.21641791044776118,4.620689655172414,4.620689655172414,33,0.2462686567164179,4.0606060606060606,4.0606060606060606,4
test_clean_english_200016,clean_english,141,141,0.3203202784061432,0.6556994318962097,25,0.1773049645390071,5.64,5.64,27,0.19148936170212766,5.222222222222222,5.222222222222222,2
test_clean_english_200017,clean_english,127,127,0.2642399072647095,0.6361319422721863,25,0.1968503937007874,5.08,5.08,28,0.2204724409448819,4.535714285714286,4.535714285714286,3
test_clean_english_200018,clean_english,129,129,0.32731252908706665,0.6523931622505188,28,0.21705426356589147,4.607142857142857,4.607142857142857,29,0.2248062015503876,4.448275862068965,4.448275862068965,1
test_clean_english_200019,clean_english,119,119,0.2961103022098541,0.6278276443481445,28,0.23529411764705882,4.25,4.25,29,0.24369747899159663,4.103448275862069,4.103448275862069,1
test_clean_english_200020,clean_english,135,135,0.2724262773990631,0.529291570186615,28,0.2074074074074074,4.821428571428571,4.821428571428571,32,0.23703703703703705,4.21875,4.21875,4
test_clean_english_200021,clean_english,126,126,0.28303349018096924,0.6320635676383972,28,0.2222222222222222,4.5,4.5,30,0.23809523809523808,4.2,4.2,2
test_clean_english_200022,clean_english,117,117,0.27212801575660706,0.8257694244384766,26,0.2222222222222222,4.5,4.5,27,0.23076923076923078,4.333333333333333,4.333333333333333,1
test_clean_english_200023,clean_english,107,107,0.24039281904697418,0.5472301244735718,28,0.2616822429906542,3.8214285714285716,3.8214285714285716,32,0.29906542056074764,3.34375,3.34375,4
test_clean_english_200024,clean_english,136,136,0.2972232699394226,0.6770702004432678,25,0.18382352941176472,5.44,5.44,27,0.19852941176470587,5.037037037037037,5.037037037037037,2
test_clean_english_200025,clean_english,127,127,0.26412996649742126,0.4891837537288666,29,0.2283464566929134,4.379310344827586,4.379310344827586,33,0.25984251968503935,3.8484848484848486,3.8484848484848486,4
test_clean_english_200026,clean_english,111,111,0.25394192337989807,0.555655300617218,28,0.25225225225225223,3.9642857142857144,3.9642857142857144,32,0.2882882882882883,3.46875,3.46875,4
test_clean_english_200027,clean_english,123,123,0.2721116244792938,0.6313767433166504,30,0.24390243902439024,4.1,4.1,32,0.2601626016260163,3.84375,3.84375,2
test_clean_english_200028,clean_english,125,125,0.27054545283317566,0.6043630838394165,30,0.24,4.166666666666667,4.166666666666667,32,0.256,3.90625,3.90625,2
test_clean_english_200029,clean_english,143,143,0.4345965087413788,0.6492727994918823,25,0.17482517482517482,5.72,5.72,28,0.1958041958041958,5.107142857142857,5.107142857142857,3
test_clean_english_200030,clean_english,139,139,0.29425621032714844,0.6246286630630493,27,0.19424460431654678,5.148148148148148,5.148148148148148,30,0.2158273381294964,4.633333333333334,4.633333333333334,3
test_clean_english_200031,clean_english,129,129,0.31062036752700806,0.5568303465843201,30,0.23255813953488372,4.3,4.3,34,0.26356589147286824,3.7941176470588234,3.7941176470588234,4
test_clean_english_200032,clean_english,136,136,0.3458678722381592,0.6672878265380859,23,0.16911764705882354,5.913043478260869,5.913043478260869,28,0.20588235294117646,4.857142857142857,4.857142857142857,5
test_clean_english_200033,clean_english,128,128,0.35992804169654846,0.6017266511917114,28,0.21875,4.571428571428571,4.571428571428571,30,0.234375,4.266666666666667,4.266666666666667,2
test_clean_english_200034,clean_english,141,141,0.3110080659389496,0.7373484969139099,25,0.1773049645390071,5.64,5.64,27,0.19148936170212766,5.222222222222222,5.222222222222222,2
test_clean_english_200035,clean_english,116,116,0.3866245448589325,0.5679280757904053,26,0.22413793103448276,4.461538461538462,4.461538461538462,28,0.2413793103448276,4.142857142857143,4.142857142857143,2
test_clean_english_200036,clean_english,131,131,0.2459166944026947,0.5287649631500244,29,0.22137404580152673,4.517241379310345,4.517241379310345,33,0.25190839694656486,3.9696969696969697,3.9696969696969697,4
test_clean_english_200037,clean_english,131,131,0.2896837890148163,0.5699326992034912,29,0.22137404580152673,4.517241379310345,4.517241379310345,31,0.2366412213740458,4.225806451612903,4.225806451612903,2
test_clean_english_200038,clean_english,122,122,0.24066093564033508,0.5387349128723145,28,0.22950819672131148,4.357142857142857,4.357142857142857,32,0.26229508196721313,3.8125,3.8125,4
test_clean_english_200039,clean_english,128,128,0.3023238778114319,0.6550586223602295,28,0.21875,4.571428571428571,4.571428571428571,30,0.234375,4.266666666666667,4.266666666666667,2
test_clean_english_200040,clean_english,125,125,0.23232126235961914,0.5261359810829163,26,0.208,4.8076923076923075,4.8076923076923075,31,0.248,4.032258064516129,4.032258064516129,5
test_clean_english_200041,clean_english,136,136,0.30046725273132324,0.7183555960655212,24,0.17647058823529413,5.666666666666667,5.666666666666667,27,0.19852941176470587,5.037037037037037,5.037037037037037,3
test_clean_english_200042,clean_english,128,128,0.28428640961647034,0.5159579515457153,28,0.21875,4.571428571428571,4.571428571428571,32,0.25,4.0,4.0,4
test_clean_english_200043,clean_english,95,95,0.2741323411464691,0.5307536721229553,28,0.29473684210526313,3.392857142857143,3.392857142857143,30,0.3157894736842105,3.1666666666666665,3.1666666666666665,2
test_clean_english_200044,clean_english,109,109,0.31926313042640686,0.5647663474082947,28,0.25688073394495414,3.892857142857143,3.892857142857143,33,0.30275229357798167,3.303030303030303,3.303030303030303,5
test_clean_english_200045,clean_english,102,102,0.28145498037338257,0.5923489928245544,30,0.29411764705882354,3.4,3.4,32,0.3137254901960784,3.1875,3.1875,2
test_clean_english_200046,clean_english,116,116,0.2541404962539673,0.6517196297645569,28,0.2413793103448276,4.142857142857143,4.142857142857143,32,0.27586206896551724,3.625,3.625,4
test_clean_english_200047,clean_english,142,142,0.28607144951820374,0.5891216397285461,27,0.19014084507042253,5.2592592592592595,5.2592592592592595,32,0.22535211267605634,4.4375,4.4375,5
test_clean_english_200048,clean_english,129,129,0.3336445391178131,0.6219871640205383,30,0.23255813953488372,4.3,4.3,32,0.24806201550387597,4.03125,4.03125,2
test_clean_english_200049,clean_english,128,128,0.25082674622535706,0.6090400815010071,29,0.2265625,4.413793103448276,4.413793103448276,31,0.2421875,4.129032258064516,4.129032258064516,2
test_clean_english_200050,clean_english,142,142,0.27048400044441223,0.5717186331748962,24,0.16901408450704225,5.916666666666667,5.916666666666667,28,0.19718309859154928,5.071428571428571,5.071428571428571,4
test_clean_english_200051,clean_english,133,133,0.30305132269859314,0.5298494100570679,28,0.21052631578947367,4.75,4.75,31,0.23308270676691728,4.290322580645161,4.290322580645161,3
test_clean_english_200052,clean_english,130,130,0.35520967841148376,0.6804970502853394,28,0.2153846153846154,4.642857142857143,4.642857142857143,29,0.2230769230769231,4.482758620689655,4.482758620689655,1
test_clean_english_200053,clean_english,126,126,0.3402996063232422,0.5481793284416199,30,0.23809523809523808,4.2,4.2,33,0.2619047619047619,3.8181818181818183,3.8181818181818183,3
test_clean_english_200054,clean_english,132,132,0.488470196723938,0.6874589323997498,24,0.18181818181818182,5.5,5.5,27,0.20454545454545456,4.888888888888889,4.888888888888889,3
test_clean_english_200055,clean_english,135,135,0.28758713603019714,0.6218248009681702,25,0.18518518518518517,5.4,5.4,27,0.2,5.0,5.0,2
test_clean_english_200056,clean_english,113,113,0.24289147555828094,0.6936925649642944,30,0.26548672566371684,3.7666666666666666,3.7666666666666666,32,0.2831858407079646,3.53125,3.53125,2
test_clean_english_200057,clean_english,130,130,0.37913480401039124,0.6566910147666931,28,0.2153846153846154,4.642857142857143,4.642857142857143,29,0.2230769230769231,4.482758620689655,4.482758620689655,1
test_clean_english_200058,clean_english,137,137,0.4099189341068268,0.7349833250045776,25,0.18248175182481752,5.48,5.48,27,0.19708029197080293,5.074074074074074,5.074074074074074,2
test_clean_english_200059,clean_english,134,134,0.39380934834480286,0.7027743458747864,25,0.1865671641791045,5.36,5.36,28,0.208955223880597,4.785714285714286,4.785714285714286,3
test_clean_english_200060,clean_english,123,123,0.32182371616363525,0.6562442183494568,26,0.21138211382113822,4.730769230769231,4.730769230769231,29,0.23577235772357724,4.241379310344827,4.241379310344827,3
test_clean_english_200061,clean_english,126,126,0.2616449296474457,0.5687910914421082,28,0.2222222222222222,4.5,4.5,32,0.25396825396825395,3.9375,3.9375,4
test_clean_english_200062,clean_english,110,110,0.3171013295650482,0.6141197085380554,28,0.2545454545454545,3.9285714285714284,3.9285714285714284,32,0.2909090909090909,3.4375,3.4375,4
test_clean_english_200063,clean_english,118,118,0.2944636344909668,0.6404826045036316,30,0.2542372881355932,3.933333333333333,3.933333333333333,32,0.2711864406779661,3.6875,3.6875,2
test_clean_english_200064,clean_english,143,143,0.2579372525215149,0.581293523311615,30,0.2097902097902098,4.766666666666667,4.766666666666667,34,0.23776223776223776,4.205882352941177,4.205882352941177,4
test_clean_english_200065,clean_english,115,115,0.24432270228862762,0.6338220238685608,26,0.22608695652173913,4.423076923076923,4.423076923076923,27,0.23478260869565218,4.2592592592592595,4.2592592592592595,1
test_clean_english_200066,clean_english,143,143,0.4199676513671875,0.6443661451339722,24,0.16783216783216784,5.958333333333333,5.958333333333333,28,0.1958041958041958,5.107142857142857,5.107142857142857,4
test_clean_english_200067,clean_english,112,112,0.33650052547454834,0.5819544196128845,30,0.26785714285714285,3.7333333333333334,3.7333333333333334,33,0.29464285714285715,3.393939393939394,3.393939393939394,3
test_clean_english_200068,clean_english,103,103,0.40749168395996094,0.5870000123977661,28,0.27184466019417475,3.6785714285714284,3.6785714285714284,31,0.30097087378640774,3.3225806451612905,3.3225806451612905,3
test_clean_english_200069,clean_english,113,113,0.24181076884269714,0.6013056039810181,29,0.25663716814159293,3.896551724137931,3.896551724137931,31,0.2743362831858407,3.6451612903225805,3.6451612903225805,2
test_clean_english_200070,clean_english,131,131,0.36579009890556335,0.7023367285728455,25,0.19083969465648856,5.24,5.24,27,0.20610687022900764,4.851851851851852,4.851851851851852,2
test_clean_english_200071,clean_english,140,140,0.41310083866119385,0.6379434466362,24,0.17142857142857143,5.833333333333333,5.833333333333333,30,0.21428571428571427,4.666666666666667,4.666666666666667,6
test_clean_english_200072,clean_english,137,137,0.36417654156684875,0.669731855392456,23,0.1678832116788321,5.956521739130435,5.956521739130435,27,0.19708029197080293,5.074074074074074,5.074074074074074,4
test_clean_english_200073,clean_english,125,125,0.2951360046863556,0.6486369371414185,26,0.208,4.8076923076923075,4.8076923076923075,30,0.24,4.166666666666667,4.166666666666667,4
test_clean_english_200074,clean_english,106,106,0.257224440574646,0.6540324687957764,28,0.2641509433962264,3.7857142857142856,3.7857142857142856,30,0.2830188679245283,3.533333333333333,3.533333333333333,2
test_clean_english_200075,clean_english,125,125,0.2796503007411957,0.5899530053138733,27,0.216,4.62962962962963,4.62962962962963,31,0.248,4.032258064516129,4.032258064516129,4
test_clean_english_200076,clean_english,127,127,0.31392690539360046,0.63795405626297,27,0.2125984251968504,4.703703703703703,4.703703703703703,30,0.23622047244094488,4.233333333333333,4.233333333333333,3
test_clean_english_200077,clean_english,127,127,0.277260422706604,0.5960884094238281,29,0.2283464566929134,4.379310344827586,4.379310344827586,31,0.2440944881889764,4.096774193548387,4.096774193548387,2
test_clean_english_200078,clean_english,130,130,0.2699037790298462,0.5542762875556946,28,0.2153846153846154,4.642857142857143,4.642857142857143,34,0.26153846153846155,3.823529411764706,3.823529411764706,6
test_clean_english_200079,clean_english,129,129,0.40633758902549744,0.5989924669265747,27,0.20930232558139536,4.777777777777778,4.777777777777778,29,0.2248062015503876,4.448275862068965,4.448275862068965,2
test_clean_english_200080,clean_english,111,111,0.39438119530677795,0.5213542580604553,30,0.2702702702702703,3.7,3.7,33,0.2972972972972973,3.3636363636363638,3.3636363636363638,3
test_clean_english_200081,clean_english,111,111,0.2962523400783539,0.565589427947998,30,0.2702702702702703,3.7,3.7,34,0.3063063063063063,3.264705882352941,3.264705882352941,4
test_clean_english_200082,clean_english,105,105,0.25648829340934753,0.5440269708633423,30,0.2857142857142857,3.5,3.5,33,0.3142857142857143,3.1818181818181817,3.1818181818181817,3
test_clean_english_200083,clean_english,138,138,0.2887013852596283,0.5036402940750122,30,0.21739130434782608,4.6,4.6,32,0.2318840579710145,4.3125,4.3125,2
test_clean_english_200084,clean_english,137,137,0.25235164165496826,0.5615993738174438,27,0.19708029197080293,5.074074074074074,5.074074074074074,30,0.21897810218978103,4.566666666666666,4.566666666666666,3
test_clean_english_200085,clean_english,132,132,0.27944400906562805,0.6336571574211121,25,0.1893939393939394,5.28,5.28,27,0.20454545454545456,4.888888888888889,4.888888888888889,2
test_clean_english_200086,clean_english,132,132,0.3868221640586853,0.7161157131195068,23,0.17424242424242425,5.739130434782608,5.739130434782608,28,0.21212121212121213,4.714285714285714,4.714285714285714,5
test_clean_english_200087,clean_english,112,112,0.27198687195777893,0.6064403653144836,29,0.25892857142857145,3.8620689655172415,3.8620689655172415,32,0.2857142857142857,3.5,3.5,3
test_clean_english_200088,clean_english,118,118,0.36193692684173584,0.5666803121566772,30,0.2542372881355932,3.933333333333333,3.933333333333333,32,0.2711864406779661,3.6875,3.6875,2
test_clean_english_200089,clean_english,128,128,0.2561757266521454,0.5667992234230042,26,0.203125,4.923076923076923,4.923076923076923,29,0.2265625,4.413793103448276,4.413793103448276,3
test_clean_english_200090,clean_english,128,128,0.2602643668651581,0.5806288719177246,26,0.203125,4.923076923076923,4.923076923076923,29,0.2265625,4.413793103448276,4.413793103448276,3
test_clean_english_200091,clean_english,130,130,0.24833360314369202,0.5233513712882996,29,0.2230769230769231,4.482758620689655,4.482758620689655,33,0.25384615384615383,3.9393939393939394,3.9393939393939394,4
test_clean_english_200092,clean_english,126,126,0.2767927944660187,0.6122867465019226,26,0.20634920634920634,4.846153846153846,4.846153846153846,29,0.23015873015873015,4.344827586206897,4.344827586206897,3
test_clean_english_200093,clean_english,116,116,0.2134254425764084,0.4933255612850189,30,0.25862068965517243,3.8666666666666667,3.8666666666666667,34,0.29310344827586204,3.411764705882353,3.411764705882353,4
test_clean_english_200094,clean_english,132,132,0.2892362177371979,0.6312026977539062,28,0.21212121212121213,4.714285714285714,4.714285714285714,31,0.23484848484848486,4.258064516129032,4.258064516129032,3
test_clean_english_200095,clean_english,127,127,0.29883888363838196,0.5952852368354797,30,0.23622047244094488,4.233333333333333,4.233333333333333,34,0.2677165354330709,3.735294117647059,3.735294117647059,4
test_clean_english_200096,clean_english,136,136,0.30474260449409485,0.6531172394752502,28,0.20588235294117646,4.857142857142857,4.857142857142857,29,0.21323529411764705,4.689655172413793,4.689655172413793,1
test_clean_english_200097,clean_english,146,146,0.33372172713279724,0.6309260725975037,24,0.1643835616438356,6.083333333333333,6.083333333333333,26,0.1780821917808219,5.615384615384615,5.615384615384615,2
test_clean_english_200098,clean_english,132,132,0.30907732248306274,0.562526524066925,28,0.21212121212121213,4.714285714285714,4.714285714285714,32,0.24242424242424243,4.125,4.125,4
test_clean_english_200099,clean_english,130,130,0.3078986704349518,0.6864091157913208,27,0.2076923076923077,4.814814814814815,4.814814814814815,28,0.2153846153846154,4.642857142857143,4.642857142857143,1
test_clean_english_200100,clean_english,136,136,0.2722254991531372,0.5268562436103821,30,0.22058823529411764,4.533333333333333,4.533333333333333,32,0.23529411764705882,4.25,4.25,2
test_clean_english_200101,clean_english,129,129,0.31774139404296875,0.6485045552253723,27,0.20930232558139536,4.777777777777778,4.777777777777778,31,0.24031007751937986,4.161290322580645,4.161290322580645,4
test_clean_english_200102,clean_english,133,133,0.2779425382614136,0.5666914582252502,27,0.20300751879699247,4.925925925925926,4.925925925925926,32,0.24060150375939848,4.15625,4.15625,5
test_clean_english_200103,clean_english,126,126,0.4541967213153839,0.6700823307037354,28,0.2222222222222222,4.5,4.5,30,0.23809523809523808,4.2,4.2,2
test_clean_english_200104,clean_english,138,138,0.30871880054473877,0.6581973433494568,24,0.17391304347826086,5.75,5.75,28,0.2028985507246377,4.928571428571429,4.928571428571429,4
test_clean_english_200105,clean_english,108,108,0.3297397494316101,0.5866574645042419,30,0.2777777777777778,3.6,3.6,32,0.2962962962962963,3.375,3.375,2
test_clean_english_200106,clean_english,123,123,0.30017852783203125,0.6088336110115051,27,0.21951219512195122,4.555555555555555,4.555555555555555,28,0.22764227642276422,4.392857142857143,4.392857142857143,1
test_clean_english_200107,clean_english,138,138,0.25689756870269775,0.53592848777771,29,0.21014492753623187,4.758620689655173,4.758620689655173,31,0.2246376811594203,4.451612903225806,4.451612903225806,2
test_clean_english_200108,clean_english,129,129,0.33929020166397095,0.5849010348320007,30,0.23255813953488372,4.3,4.3,32,0.24806201550387597,4.03125,4.03125,2
test_clean_english_200109,clean_english,119,119,0.35023513436317444,0.5548221468925476,28,0.23529411764705882,4.25,4.25,33,0.2773109243697479,3.606060606060606,3.606060606060606,5
test_clean_english_200110,clean_english,129,129,0.2502092123031616,0.5107325315475464,26,0.20155038759689922,4.961538461538462,4.961538461538462,31,0.24031007751937986,4.161290322580645,4.161290322580645,5
test_clean_english_200111,clean_english,122,122,0.3402545154094696,0.6516610383987427,27,0.22131147540983606,4.518518518518518,4.518518518518518,28,0.22950819672131148,4.357142857142857,4.357142857142857,1
test_clean_english_200112,clean_english,117,117,0.27711668610572815,0.5546398162841797,28,0.23931623931623933,4.178571428571429,4.178571428571429,35,0.29914529914529914,3.342857142857143,3.342857142857143,7
test_clean_english_200113,clean_english,124,124,0.25847527384757996,0.632718026638031,27,0.21774193548387097,4.592592592592593,4.592592592592593,28,0.22580645161290322,4.428571428571429,4.428571428571429,1
test_clean_english_200114,clean_english,107,107,0.31886550784111023,0.7213097214698792,26,0.24299065420560748,4.115384615384615,4.115384615384615,27,0.2523364485981308,3.962962962962963,3.962962962962963,1
test_clean_english_200115,clean_english,133,133,0.32388025522232056,0.6384454369544983,28,0.21052631578947367,4.75,4.75,29,0.21804511278195488,4.586206896551724,4.586206896551724,1
test_clean_english_200116,clean_english,132,132,0.28153714537620544,0.5290504693984985,29,0.2196969696969697,4.551724137931035,4.551724137931035,33,0.25,4.0,4.0,4
test_clean_english_200117,clean_english,116,116,0.3070024847984314,0.5241400599479675,30,0.25862068965517243,3.8666666666666667,3.8666666666666667,32,0.27586206896551724,3.625,3.625,2
test_clean_english_200118,clean_english,133,133,0.2865217626094818,0.5707209706306458,26,0.19548872180451127,5.115384615384615,5.115384615384615,32,0.24060150375939848,4.15625,4.15625,6
test_clean_english_200119,clean_english,123,123,0.3606336712837219,0.5965070128440857,26,0.21138211382113822,4.730769230769231,4.730769230769231,31,0.25203252032520324,3.967741935483871,3.967741935483871,5
test_clean_english_200120,clean_english,134,134,0.35772690176963806,0.7155513167381287,24,0.1791044776119403,5.583333333333333,5.583333333333333,26,0.19402985074626866,5.153846153846154,5.153846153846154,2
test_clean_english_200121,clean_english,139,139,0.3187693655490875,0.6495936512947083,25,0.17985611510791366,5.56,5.56,27,0.19424460431654678,5.148148148148148,5.148148148148148,2
test_clean_english_200122,clean_english,147,147,0.3363440930843353,0.6382580399513245,24,0.16326530612244897,6.125,6.125,28,0.19047619047619047,5.25,5.25,4
test_clean_english_200123,clean_english,130,130,0.2945452034473419,0.6397187113761902,28,0.2153846153846154,4.642857142857143,4.642857142857143,29,0.2230769230769231,4.482758620689655,4.482758620689655,1
test_clean_english_200124,clean_english,103,103,0.238626167178154,0.5735684037208557,28,0.27184466019417475,3.6785714285714284,3.6785714285714284,30,0.2912621359223301,3.433333333333333,3.433333333333333,2
test_clean_english_200125,clean_english,140,140,0.3200004994869232,0.6139044165611267,25,0.17857142857142858,5.6,5.6,29,0.20714285714285716,4.827586206896552,4.827586206896552,4
test_clean_english_200126,clean_english,129,129,0.3204876184463501,0.6226956248283386,30,0.23255813953488372,4.3,4.3,32,0.24806201550387597,4.03125,4.03125,2
test_clean_english_200127,clean_english,135,135,0.31417587399482727,0.5787907838821411,27,0.2,5.0,5.0,30,0.2222222222222222,4.5,4.5,3
test_clean_english_200128,clean_english,121,121,0.33945727348327637,0.6018483638763428,27,0.2231404958677686,4.481481481481482,4.481481481481482,28,0.23140495867768596,4.321428571428571,4.321428571428571,1
test_clean_english_200129,clean_english,132,132,0.2903694808483124,0.5164973735809326,29,0.2196969696969697,4.551724137931035,4.551724137931035,33,0.25,4.0,4.0,4
test_clean_english_200130,clean_english,137,137,0.30475369095802307,0.5798020958900452,25,0.18248175182481752,5.48,5.48,30,0.21897810218978103,4.566666666666666,4.566666666666666,5
test_clean_english_200131,clean_english,123,123,0.33162134885787964,0.5867795348167419,30,0.24390243902439024,4.1,4.1,32,0.2601626016260163,3.84375,3.84375,2
test_clean_english_200132,clean_english,117,117,0.3676120340824127,0.6137520670890808,28,0.23931623931623933,4.178571428571429,4.178571428571429,32,0.27350427350427353,3.65625,3.65625,4
test_clean_english_200133,clean_english,119,119,0.2488265484571457,0.5681173801422119,28,0.23529411764705882,4.25,4.25,30,0.25210084033613445,3.966666666666667,3.966666666666667,2
test_clean_english_200134,clean_english,103,103,0.29316213726997375,0.4808531701564789,28,0.27184466019417475,3.6785714285714284,3.6785714285714284,32,0.3106796116504854,3.21875,3.21875,4
test_clean_english_200135,clean_english,123,123,0.37281832098960876,0.6649028062820435,28,0.22764227642276422,4.392857142857143,4.392857142857143,29,0.23577235772357724,4.241379310344827,4.241379310344827,1
test_clean_english_200136,clean_english,130,130,0.30004823207855225,0.5895388722419739,30,0.23076923076923078,4.333333333333333,4.333333333333333,32,0.24615384615384617,4.0625,4.0625,2
test_clean_english_200137,clean_english,146,146,0.34905311465263367,0.5887326002120972,25,0.17123287671232876,5.84,5.84,27,0.18493150684931506,5.407407407407407,5.407407407407407,2
test_clean_english_200138,clean_english,111,111,0.27739956974983215,0.6127232313156128,29,0.26126126126126126,3.8275862068965516,3.8275862068965516,31,0.27927927927927926,3.5806451612903225,3.5806451612903225,2
test_clean_english_200139,clean_english,138,138,0.31621086597442627,0.6425341367721558,25,0.18115942028985507,5.52,5.52,27,0.1956521739130435,5.111111111111111,5.111111111111111,2
test_clean_english_200140,clean_english,124,124,0.33013391494750977,0.5728595852851868,30,0.24193548387096775,4.133333333333334,4.133333333333334,32,0.25806451612903225,3.875,3.875,2
test_clean_english_200141,clean_english,133,133,0.34020233154296875,0.6991106867790222,25,0.18796992481203006,5.32,5.32,27,0.20300751879699247,4.925925925925926,4.925925925925926,2
test_clean_english_200142,clean_english,133,133,0.30252695083618164,0.5599235892295837,28,0.21052631578947367,4.75,4.75,31,0.23308270676691728,4.290322580645161,4.290322580645161,3
test_clean_english_200143,clean_english,118,118,0.3135303854942322,0.5621209144592285,28,0.23728813559322035,4.214285714285714,4.214285714285714,32,0.2711864406779661,3.6875,3.6875,4
test_clean_english_200144,clean_english,124,124,0.24356761574745178,0.6435443162918091,26,0.20967741935483872,4.769230769230769,4.769230769230769,30,0.24193548387096775,4.133333333333334,4.133333333333334,4
test_clean_english_200145,clean_english,133,133,0.2907431125640869,0.5593076944351196,27,0.20300751879699247,4.925925925925926,4.925925925925926,30,0.22556390977443608,4.433333333333334,4.433333333333334,3
test_clean_english_200146,clean_english,132,132,0.27944400906562805,0.6367723941802979,25,0.1893939393939394,5.28,5.28,27,0.20454545454545456,4.888888888888889,4.888888888888889,2
test_clean_english_200147,clean_english,134,134,0.27137231826782227,0.5881151556968689,26,0.19402985074626866,5.153846153846154,5.153846153846154,29,0.21641791044776118,4.620689655172414,4.620689655172414,3
test_clean_english_200148,clean_english,128,128,0.3018302619457245,0.5649890303611755,26,0.203125,4.923076923076923,4.923076923076923,29,0.2265625,4.413793103448276,4.413793103448276,3
test_clean_english_200149,clean_english,149,149,0.34002867341041565,0.6224555373191833,24,0.1610738255033557,6.208333333333333,6.208333333333333,28,0.18791946308724833,5.321428571428571,5.321428571428571,4
test_clean_english_200150,clean_english,144,144,0.31940317153930664,0.6981683373451233,24,0.16666666666666666,6.0,6.0,28,0.19444444444444445,5.142857142857143,5.142857142857143,4
test_clean_english_200151,clean_english,130,130,0.27616390585899353,0.6576080322265625,28,0.2153846153846154,4.642857142857143,4.642857142857143,29,0.2230769230769231,4.482758620689655,4.482758620689655,1
test_clean_english_200152,clean_english,97,97,0.25484105944633484,0.48656028509140015,28,0.28865979381443296,3.4642857142857144,3.4642857142857144,30,0.30927835051546393,3.2333333333333334,3.2333333333333334,2
test_clean_english_200153,clean_english,142,142,0.3252551257610321,0.562400758266449,25,0.176056338028169,5.68,5.68,30,0.2112676056338028,4.733333333333333,4.733333333333333,5
test_clean_english_200154,clean_english,133,133,0.23569777607917786,0.44065335392951965,30,0.22556390977443608,4.433333333333334,4.433333333333334,34,0.2556390977443609,3.911764705882353,3.911764705882353,4
test_clean_english_200155,clean_english,136,136,0.31224706768989563,0.6035930514335632,25,0.18382352941176472,5.44,5.44,29,0.21323529411764705,4.689655172413793,4.689655172413793,4
test_clean_english_200156,clean_english,130,130,0.36402735114097595,0.699353814125061,28,0.2153846153846154,4.642857142857143,4.642857142857143,29,0.2230769230769231,4.482758620689655,4.482758620689655,1
test_clean_english_200157,clean_english,117,117,0.2480301856994629,0.47577187418937683,28,0.23931623931623933,4.178571428571429,4.178571428571429,32,0.27350427350427353,3.65625,3.65625,4
test_clean_english_200158,clean_english,120,120,0.2962515950202942,0.6478481292724609,26,0.21666666666666667,4.615384615384615,4.615384615384615,27,0.225,4.444444444444445,4.444444444444445,1
test_clean_english_200159,clean_english,139,139,0.3117534816265106,0.7695203423500061,24,0.17266187050359713,5.791666666666667,5.791666666666667,26,0.18705035971223022,5.346153846153846,5.346153846153846,2
test_clean_english_200160,clean_english,133,133,0.4335393011569977,0.7616307139396667,23,0.17293233082706766,5.782608695652174,5.782608695652174,25,0.18796992481203006,5.32,5.32,2
test_clean_english_200161,clean_english,131,131,0.25799545645713806,0.6356328129768372,26,0.1984732824427481,5.038461538461538,5.038461538461538,29,0.22137404580152673,4.517241379310345,4.517241379310345,3
test_clean_english_200162,clean_english,143,143,0.2825218737125397,0.4362632632255554,29,0.20279720279720279,4.931034482758621,4.931034482758621,35,0.24475524475524477,4.085714285714285,4.085714285714285,6
test_clean_english_200163,clean_english,123,123,0.3971887230873108,0.5262486934661865,28,0.22764227642276422,4.392857142857143,4.392857142857143,31,0.25203252032520324,3.967741935483871,3.967741935483871,3
test_clean_english_200164,clean_english,133,133,0.2754210829734802,0.5885798931121826,27,0.20300751879699247,4.925925925925926,4.925925925925926,32,0.24060150375939848,4.15625,4.15625,5
test_clean_english_200165,clean_english,140,140,0.32652518153190613,0.6597915887832642,25,0.17857142857142858,5.6,5.6,28,0.2,5.0,5.0,3
test_clean_english_200166,clean_english,133,133,0.22773711383342743,0.497919499874115,28,0.21052631578947367,4.75,4.75,32,0.24060150375939848,4.15625,4.15625,4
test_clean_english_200167,clean_english,119,119,0.3352988362312317,0.6740477681159973,28,0.23529411764705882,4.25,4.25,29,0.24369747899159663,4.103448275862069,4.103448275862069,1
test_clean_english_200168,clean_english,125,125,0.3170730471611023,0.6864874958992004,23,0.184,5.434782608695652,5.434782608695652,25,0.2,5.0,5.0,2
test_clean_english_200169,clean_english,133,133,0.3472100496292114,0.5822094678878784,27,0.20300751879699247,4.925925925925926,4.925925925925926,30,0.22556390977443608,4.433333333333334,4.433333333333334,3
test_clean_english_200170,clean_english,136,136,0.28919702768325806,0.7114706635475159,25,0.18382352941176472,5.44,5.44,27,0.19852941176470587,5.037037037037037,5.037037037037037,2
test_clean_english_200171,clean_english,142,142,0.26167723536491394,0.6500034332275391,23,0.1619718309859155,6.173913043478261,6.173913043478261,27,0.19014084507042253,5.2592592592592595,5.2592592592592595,4
test_clean_english_200172,clean_english,110,110,0.28970518708229065,0.6045028567314148,28,0.2545454545454545,3.9285714285714284,3.9285714285714284,30,0.2727272727272727,3.6666666666666665,3.6666666666666665,2
test_clean_english_200173,clean_english,132,132,0.3834964632987976,0.6225325465202332,26,0.19696969696969696,5.076923076923077,5.076923076923077,27,0.20454545454545456,4.888888888888889,4.888888888888889,1
test_clean_english_200174,clean_english,125,125,0.24683068692684174,0.6562756896018982,27,0.216,4.62962962962963,4.62962962962963,31,0.248,4.032258064516129,4.032258064516129,4
test_clean_english_200175,clean_english,137,137,0.27962180972099304,0.6154401302337646,27,0.19708029197080293,5.074074074074074,5.074074074074074,30,0.21897810218978103,4.566666666666666,4.566666666666666,3
test_clean_english_200176,clean_english,120,120,0.235261008143425,0.524600625038147,29,0.24166666666666667,4.137931034482759,4.137931034482759,33,0.275,3.6363636363636362,3.6363636363636362,4
test_clean_english_200177,clean_english,121,121,0.3403811752796173,0.602767288684845,26,0.21487603305785125,4.653846153846154,4.653846153846154,30,0.24793388429752067,4.033333333333333,4.033333333333333,4
test_clean_english_200178,clean_english,131,131,0.2536797523498535,0.5688377618789673,27,0.20610687022900764,4.851851851851852,4.851851851851852,30,0.22900763358778625,4.366666666666666,4.366666666666666,3
test_clean_english_200179,clean_english,123,123,0.2857218384742737,0.5210432410240173,28,0.22764227642276422,4.392857142857143,4.392857142857143,32,0.2601626016260163,3.84375,3.84375,4
test_clean_english_200180,clean_english,138,138,0.26098862290382385,0.5557305216789246,30,0.21739130434782608,4.6,4.6,32,0.2318840579710145,4.3125,4.3125,2
test_clean_english_200181,clean_english,130,130,0.24766480922698975,0.5592647790908813,28,0.2153846153846154,4.642857142857143,4.642857142857143,32,0.24615384615384617,4.0625,4.0625,4
test_clean_english_200182,clean_english,111,111,0.23344498872756958,0.6281520128250122,30,0.2702702702702703,3.7,3.7,32,0.2882882882882883,3.46875,3.46875,2
test_clean_english_200183,clean_english,134,134,0.2885044813156128,0.5938999056816101,30,0.22388059701492538,4.466666666666667,4.466666666666667,32,0.23880597014925373,4.1875,4.1875,2
test_clean_english_200184,clean_english,147,147,0.3363440930843353,0.6382580399513245,24,0.16326530612244897,6.125,6.125,28,0.19047619047619047,5.25,5.25,4
test_clean_english_200185,clean_english,113,113,0.2826455235481262,0.5138186812400818,30,0.26548672566371684,3.7666666666666666,3.7666666666666666,32,0.2831858407079646,3.53125,3.53125,2
test_clean_english_200186,clean_english,126,126,0.3319609463214874,0.568637490272522,26,0.20634920634920634,4.846153846153846,4.846153846153846,30,0.23809523809523808,4.2,4.2,4
test_clean_english_200187,clean_english,105,105,0.2590092718601227,0.5395093560218811,29,0.2761904761904762,3.6206896551724137,3.6206896551724137,31,0.29523809523809524,3.3870967741935485,3.3870967741935485,2
test_clean_english_200188,clean_english,97,97,0.2530870735645294,0.4914357364177704,28,0.28865979381443296,3.4642857142857144,3.4642857142857144,30,0.30927835051546393,3.2333333333333334,3.2333333333333334,2
test_clean_english_200189,clean_english,126,126,0.27505630254745483,0.5995804667472839,27,0.21428571428571427,4.666666666666667,4.666666666666667,28,0.2222222222222222,4.5,4.5,1
test_clean_english_200190,clean_english,124,124,0.2513684034347534,0.5646814703941345,30,0.24193548387096775,4.133333333333334,4.133333333333334,32,0.25806451612903225,3.875,3.875,2
test_clean_english_200191,clean_english,130,130,0.2967851161956787,0.6825132966041565,27,0.2076923076923077,4.814814814814815,4.814814814814815,30,0.23076923076923078,4.333333333333333,4.333333333333333,3
test_clean_english_200192,clean_english,132,132,0.3073645234107971,0.5480558276176453,29,0.2196969696969697,4.551724137931035,4.551724137931035,33,0.25,4.0,4.0,4
test_clean_english_200193,clean_english,111,111,0.2525303363800049,0.598059892654419,28,0.25225225225225223,3.9642857142857144,3.9642857142857144,32,0.2882882882882883,3.46875,3.46875,4
test_clean_english_200194,clean_english,129,129,0.2400856763124466,0.5423927307128906,28,0.21705426356589147,4.607142857142857,4.607142857142857,32,0.24806201550387597,4.03125,4.03125,4
test_clean_english_200195,clean_english,120,120,0.39754030108451843,0.5659169554710388,28,0.23333333333333334,4.285714285714286,4.285714285714286,30,0.25,4.0,4.0,2
test_clean_english_200196,clean_english,120,120,0.3172595202922821,0.6928272247314453,28,0.23333333333333334,4.285714285714286,4.285714285714286,29,0.24166666666666667,4.137931034482759,4.137931034482759,1
test_clean_english_200197,clean_english,113,113,0.2663719356060028,0.614965558052063,30,0.26548672566371684,3.7666666666666666,3.7666666666666666,32,0.2831858407079646,3.53125,3.53125,2
test_clean_english_200198,clean_english,140,140,0.3168795704841614,0.5307698249816895,29,0.20714285714285716,4.827586206896552,4.827586206896552,34,0.24285714285714285,4.117647058823529,4.117647058823529,5
test_clean_english_200199,clean_english,135,135,0.2781815230846405,0.5570712089538574,30,0.2222222222222222,4.5,4.5,32,0.23703703703703705,4.21875,4.21875,2
test_clean_english_200200,clean_english,152,152,0.3464045822620392,0.6130722761154175,24,0.15789473684210525,6.333333333333333,6.333333333333333,30,0.19736842105263158,5.066666666666666,5.066666666666666,6
test_clean_english_200201,clean_english,141,141,0.2913780212402344,0.5397845506668091,29,0.20567375886524822,4.862068965517241,4.862068965517241,33,0.23404255319148937,4.2727272727272725,4.2727272727272725,4
test_clean_english_200202,clean_english,127,127,0.35009729862213135,0.6182183027267456,29,0.2283464566929134,4.379310344827586,4.379310344827586,33,0.25984251968503935,3.8484848484848486,3.8484848484848486,4
test_clean_english_200203,clean_english,129,129,0.24583595991134644,0.6232903003692627,30,0.23255813953488372,4.3,4.3,32,0.24806201550387597,4.03125,4.03125,2
test_clean_english_200204,clean_english,136,136,0.28660669922828674,0.7198331356048584,24,0.17647058823529413,5.666666666666667,5.666666666666667,26,0.19117647058823528,5.230769230769231,5.230769230769231,2
test_clean_english_200205,clean_english,117,117,0.3475067913532257,0.5833678841590881,28,0.23931623931623933,4.178571428571429,4.178571428571429,30,0.2564102564102564,3.9,3.9,2
test_clean_english_200206,clean_english,128,128,0.44423410296440125,0.7556435465812683,23,0.1796875,5.565217391304348,5.565217391304348,25,0.1953125,5.12,5.12,2
test_clean_english_200207,clean_english,148,148,0.3043867349624634,0.5066295862197876,24,0.16216216216216217,6.166666666666667,6.166666666666667,30,0.20270270270270271,4.933333333333334,4.933333333333334,6
test_clean_english_200208,clean_english,120,120,0.27257150411605835,0.5747883319854736,30,0.25,4.0,4.0,32,0.26666666666666666,3.75,3.75,2
test_clean_english_200209,clean_english,123,123,0.3063229024410248,0.6179475784301758,28,0.22764227642276422,4.392857142857143,4.392857142857143,29,0.23577235772357724,4.241379310344827,4.241379310344827,1
test_clean_english_200210,clean_english,129,129,0.28231167793273926,0.5446860790252686,27,0.20930232558139536,4.777777777777778,4.777777777777778,30,0.23255813953488372,4.3,4.3,3
test_clean_english_200211,clean_english,129,129,0.3474182188510895,0.693486213684082,23,0.17829457364341086,5.608695652173913,5.608695652173913,27,0.20930232558139536,4.777777777777778,4.777777777777778,4
test_clean_english_200212,clean_english,125,125,0.25322195887565613,0.5766156911849976,30,0.24,4.166666666666667,4.166666666666667,32,0.256,3.90625,3.90625,2
test_clean_english_200213,clean_english,130,130,0.26269933581352234,0.6537983417510986,30,0.23076923076923078,4.333333333333333,4.333333333333333,33,0.25384615384615383,3.9393939393939394,3.9393939393939394,3
test_clean_english_200214,clean_english,114,114,0.4160037040710449,0.49940669536590576,30,0.2631578947368421,3.8,3.8,33,0.2894736842105263,3.4545454545454546,3.4545454545454546,3
test_clean_english_200215,clean_english,122,122,0.35827872157096863,0.6502692699432373,26,0.21311475409836064,4.6923076923076925,4.6923076923076925,27,0.22131147540983606,4.518518518518518,4.518518518518518,1
test_clean_english_200216,clean_english,113,113,0.32566744089126587,0.5983867645263672,28,0.24778761061946902,4.035714285714286,4.035714285714286,33,0.2920353982300885,3.4242424242424243,3.4242424242424243,5
test_clean_english_200217,clean_english,128,128,0.2799743711948395,0.526346743106842,28,0.21875,4.571428571428571,4.571428571428571,33,0.2578125,3.878787878787879,3.878787878787879,5
test_clean_english_200218,clean_english,134,134,0.24321867525577545,0.5955733060836792,25,0.1865671641791045,5.36,5.36,27,0.20149253731343283,4.962962962962963,4.962962962962963,2
test_clean_english_200219,clean_english,130,130,0.36718711256980896,0.5271288752555847,29,0.2230769230769231,4.482758620689655,4.482758620689655,32,0.24615384615384617,4.0625,4.0625,3
test_clean_english_200220,clean_english,127,127,0.3090241253376007,0.8045948147773743,23,0.18110236220472442,5.521739130434782,5.521739130434782,26,0.2047244094488189,4.884615384615385,4.884615384615385,3
test_clean_english_200221,clean_english,119,119,0.29373082518577576,0.7007237076759338,27,0.226890756302521,4.407407407407407,4.407407407407407,28,0.23529411764705882,4.25,4.25,1
test_clean_english_200222,clean_english,131,131,0.2508971095085144,0.4884471595287323,30,0.22900763358778625,4.366666666666666,4.366666666666666,32,0.24427480916030533,4.09375,4.09375,2
test_clean_english_200223,clean_english,132,132,0.2790623903274536,0.5510777831077576,30,0.22727272727272727,4.4,4.4,32,0.24242424242424243,4.125,4.125,2
test_clean_english_200224,clean_english,116,116,0.2538396716117859,0.6294354200363159,30,0.25862068965517243,3.8666666666666667,3.8666666666666667,33,0.28448275862068967,3.515151515151515,3.515151515151515,3
test_clean_english_200225,clean_english,135,135,0.330782949924469,0.48598718643188477,29,0.21481481481481482,4.655172413793103,4.655172413793103,33,0.24444444444444444,4.090909090909091,4.090909090909091,4
test_clean_english_200226,clean_english,135,135,0.2637295126914978,0.648927628993988,24,0.17777777777777778,5.625,5.625,28,0.2074074074074074,4.821428571428571,4.821428571428571,4
test_clean_english_200227,clean_english,119,119,0.32929936051368713,0.4115423858165741,30,0.25210084033613445,3.966666666666667,3.966666666666667,34,0.2857142857142857,3.5,3.5,4
test_clean_english_200228,clean_english,138,138,0.31160423159599304,0.5048370957374573,30,0.21739130434782608,4.6,4.6,32,0.2318840579710145,4.3125,4.3125,2
test_clean_english_200229,clean_english,145,145,0.255304217338562,0.6122469305992126,24,0.16551724137931034,6.041666666666667,6.041666666666667,28,0.19310344827586207,5.178571428571429,5.178571428571429,4
test_clean_english_200230,clean_english,121,121,0.339070588350296,0.5888192057609558,28,0.23140495867768596,4.321428571428571,4.321428571428571,32,0.2644628099173554,3.78125,3.78125,4
test_clean_english_200231,clean_english,138,138,0.31621086597442627,0.6454605460166931,25,0.18115942028985507,5.52,5.52,27,0.1956521739130435,5.111111111111111,5.111111111111111,2
test_clean_english_200232,clean_english,119,119,0.27753832936286926,0.6060277819633484,28,0.23529411764705882,4.25,4.25,29,0.24369747899159663,4.103448275862069,4.103448275862069,1
test_clean_english_200233,clean_english,115,115,0.2883874773979187,0.5653774738311768,29,0.25217391304347825,3.9655172413793105,3.9655172413793105,33,0.28695652173913044,3.484848484848485,3.484848484848485,4
test_clean_english_200234,clean_english,110,110,0.38086768984794617,0.5679091811180115,29,0.2636363636363636,3.793103448275862,3.793103448275862,32,0.2909090909090909,3.4375,3.4375,3
test_clean_english_200235,clean_english,96,96,0.24683327972888947,0.6190785765647888,28,0.2916666666666667,3.4285714285714284,3.4285714285714284,30,0.3125,3.2,3.2,2
test_clean_english_200236,clean_english,136,136,0.2687028646469116,0.6056131720542908,29,0.21323529411764705,4.689655172413793,4.689655172413793,31,0.22794117647058823,4.387096774193548,4.387096774193548,2
test_clean_english_200237,clean_english,127,127,0.3217746317386627,0.5347908735275269,30,0.23622047244094488,4.233333333333333,4.233333333333333,33,0.25984251968503935,3.8484848484848486,3.8484848484848486,3
test_clean_english_200238,clean_english,133,133,0.3673943281173706,0.6162245273590088,23,0.17293233082706766,5.782608695652174,5.782608695652174,27,0.20300751879699247,4.925925925925926,4.925925925925926,4
test_clean_english_200239,clean_english,145,145,0.4393036365509033,0.7020900249481201,24,0.16551724137931034,6.041666666666667,6.041666666666667,26,0.1793103448275862,5.576923076923077,5.576923076923077,2
test_clean_english_200240,clean_english,119,119,0.26066550612449646,0.5196073055267334,30,0.25210084033613445,3.966666666666667,3.966666666666667,32,0.2689075630252101,3.71875,3.71875,2
test_clean_english_200241,clean_english,111,111,0.2805676758289337,0.5805289149284363,29,0.26126126126126126,3.8275862068965516,3.8275862068965516,31,0.27927927927927926,3.5806451612903225,3.5806451612903225,2
test_clean_english_200242,clean_english,114,114,0.4104282557964325,0.5099630355834961,30,0.2631578947368421,3.8,3.8,33,0.2894736842105263,3.4545454545454546,3.4545454545454546,3
test_clean_english_200243,clean_english,123,123,0.330484002828598,0.6466930508613586,27,0.21951219512195122,4.555555555555555,4.555555555555555,28,0.22764227642276422,4.392857142857143,4.392857142857143,1
test_clean_english_200244,clean_english,114,114,0.2737278938293457,0.5867810249328613,30,0.2631578947368421,3.8,3.8,35,0.30701754385964913,3.257142857142857,3.257142857142857,5
test_clean_english_200245,clean_english,131,131,0.3222927451133728,0.6630172729492188,27,0.20610687022900764,4.851851851851852,4.851851851851852,28,0.21374045801526717,4.678571428571429,4.678571428571429,1
test_clean_english_200246,clean_english,137,137,0.36125805974006653,0.6257421374320984,24,0.17518248175182483,5.708333333333333,5.708333333333333,29,0.2116788321167883,4.724137931034483,4.724137931034483,5
test_clean_english_200247,clean_english,127,127,0.2862524092197418,0.5242778658866882,29,0.2283464566929134,4.379310344827586,4.379310344827586,33,0.25984251968503935,3.8484848484848486,3.8484848484848486,4
test_clean_english_200248,clean_english,136,136,0.3825035095214844,0.6484901905059814,23,0.16911764705882354,5.913043478260869,5.913043478260869,27,0.19852941176470587,5.037037037037037,5.037037037037037,4
test_clean_english_200249,clean_english,114,114,0.32290133833885193,0.5654253959655762,28,0.24561403508771928,4.071428571428571,4.071428571428571,32,0.2807017543859649,3.5625,3.5625,4
test_clean_english_200250,clean_english,130,130,0.30359968543052673,0.6640510559082031,27,0.2076923076923077,4.814814814814815,4.814814814814815,28,0.2153846153846154,4.642857142857143,4.642857142857143,1
test_clean_english_200251,clean_english,122,122,0.4006505310535431,0.5969147682189941,28,0.22950819672131148,4.357142857142857,4.357142857142857,30,0.2459016393442623,4.066666666666666,4.066666666666666,2
test_clean_english_200252,clean_english,99,99,0.2873231768608093,0.6008026003837585,28,0.2828282828282828,3.5357142857142856,3.5357142857142856,30,0.30303030303030304,3.3,3.3,2
test_clean_english_200253,clean_english,126,126,0.270979106426239,0.569245457649231,26,0.20634920634920634,4.846153846153846,4.846153846153846,29,0.23015873015873015,4.344827586206897,4.344827586206897,3
test_clean_english_200254,clean_english,115,115,0.24363119900226593,0.6342207789421082,26,0.22608695652173913,4.423076923076923,4.423076923076923,27,0.23478260869565218,4.2592592592592595,4.2592592592592595,1
test_clean_english_200255,clean_english,111,111,0.29908472299575806,0.6091333031654358,30,0.2702702702702703,3.7,3.7,32,0.2882882882882883,3.46875,3.46875,2
test_clean_english_200256,clean_english,138,138,0.4379165768623352,0.6363498568534851,23,0.16666666666666666,6.0,6.0,28,0.2028985507246377,4.928571428571429,4.928571428571429,5
test_clean_english_200257,clean_english,132,132,0.35501572489738464,0.6091262102127075,27,0.20454545454545456,4.888888888888889,4.888888888888889,28,0.21212121212121213,4.714285714285714,4.714285714285714,1
test_clean_english_200258,clean_english,119,119,0.36713674664497375,0.5759240388870239,28,0.23529411764705882,4.25,4.25,31,0.2605042016806723,3.838709677419355,3.838709677419355,3
test_clean_english_200259,clean_english,119,119,0.24424788355827332,0.6250975728034973,30,0.25210084033613445,3.966666666666667,3.966666666666667,32,0.2689075630252101,3.71875,3.71875,2
test_clean_english_200260,clean_english,121,121,0.32071390748023987,0.6189183592796326,29,0.2396694214876033,4.172413793103448,4.172413793103448,31,0.256198347107438,3.903225806451613,3.903225806451613,2
test_clean_english_200261,clean_english,124,124,0.3546852171421051,0.6517730355262756,27,0.21774193548387097,4.592592592592593,4.592592592592593,28,0.22580645161290322,4.428571428571429,4.428571428571429,1
test_clean_english_200262,clean_english,113,113,0.2267841398715973,0.4744276702404022,28,0.24778761061946902,4.035714285714286,4.035714285714286,34,0.3008849557522124,3.323529411764706,3.323529411764706,6
test_clean_english_200263,clean_english,135,135,0.263285368680954,0.5499657392501831,28,0.2074074074074074,4.821428571428571,4.821428571428571,32,0.23703703703703705,4.21875,4.21875,4
test_clean_english_200264,clean_english,128,128,0.297924280166626,0.6466005444526672,27,0.2109375,4.7407407407407405,4.7407407407407405,30,0.234375,4.266666666666667,4.266666666666667,3
test_clean_english_200265,clean_english,133,133,0.40655452013015747,0.6422431468963623,25,0.18796992481203006,5.32,5.32,28,0.21052631578947367,4.75,4.75,3
test_clean_english_200266,clean_english,138,138,0.27790507674217224,0.5418215990066528,29,0.21014492753623187,4.758620689655173,4.758620689655173,31,0.2246376811594203,4.451612903225806,4.451612903225806,2
test_clean_english_200267,clean_english,133,133,0.29388365149497986,0.49950742721557617,29,0.21804511278195488,4.586206896551724,4.586206896551724,34,0.2556390977443609,3.911764705882353,3.911764705882353,5
test_clean_english_200268,clean_english,122,122,0.24601027369499207,0.5340607762336731,30,0.2459016393442623,4.066666666666666,4.066666666666666,34,0.2786885245901639,3.588235294117647,3.588235294117647,4
test_clean_english_200269,clean_english,121,121,0.3471764326095581,0.6503763198852539,26,0.21487603305785125,4.653846153846154,4.653846153846154,27,0.2231404958677686,4.481481481481482,4.481481481481482,1
test_clean_english_200270,clean_english,127,127,0.29066017270088196,0.7289662957191467,27,0.2125984251968504,4.703703703703703,4.703703703703703,28,0.2204724409448819,4.535714285714286,4.535714285714286,1
test_clean_english_200271,clean_english,131,131,0.31865203380584717,0.5245420932769775,29,0.22137404580152673,4.517241379310345,4.517241379310345,33,0.25190839694656486,3.9696969696969697,3.9696969696969697,4
test_clean_english_200272,clean_english,132,132,0.3132901191711426,0.5960445404052734,26,0.19696969696969696,5.076923076923077,5.076923076923077,29,0.2196969696969697,4.551724137931035,4.551724137931035,3
test_clean_english_200273,clean_english,123,123,0.31018638610839844,0.619856059551239,27,0.21951219512195122,4.555555555555555,4.555555555555555,30,0.24390243902439024,4.1,4.1,3
test_clean_english_200274,clean_english,124,124,0.3120918273925781,0.6812101006507874,28,0.22580645161290322,4.428571428571429,4.428571428571429,29,0.23387096774193547,4.275862068965517,4.275862068965517,1
test_clean_english_200275,clean_english,138,138,0.30050793290138245,0.5988902449607849,25,0.18115942028985507,5.52,5.52,30,0.21739130434782608,4.6,4.6,5
test_clean_english_200276,clean_english,130,130,0.3001773953437805,0.7549903988838196,23,0.17692307692307693,5.6521739130434785,5.6521739130434785,25,0.19230769230769232,5.2,5.2,2
test_clean_english_200277,clean_english,108,108,0.3092500567436218,0.5772419571876526,28,0.25925925925925924,3.857142857142857,3.857142857142857,30,0.2777777777777778,3.6,3.6,2
test_clean_english_200278,clean_english,137,137,0.28732505440711975,0.6723116636276245,24,0.17518248175182483,5.708333333333333,5.708333333333333,29,0.2116788321167883,4.724137931034483,4.724137931034483,5
test_clean_english_200279,clean_english,131,131,0.356982558965683,0.5452819466590881,27,0.20610687022900764,4.851851851851852,4.851851851851852,31,0.2366412213740458,4.225806451612903,4.225806451612903,4
test_clean_english_200280,clean_english,118,118,0.3473528325557709,0.6963799595832825,26,0.22033898305084745,4.538461538461538,4.538461538461538,27,0.2288135593220339,4.37037037037037,4.37037037037037,1
test_clean_english_200281,clean_english,126,126,0.29690828919410706,0.4628680944442749,30,0.23809523809523808,4.2,4.2,34,0.2698412698412698,3.7058823529411766,3.7058823529411766,4
test_clean_english_200282,clean_english,124,124,0.3751586675643921,0.5464673042297363,29,0.23387096774193547,4.275862068965517,4.275862068965517,32,0.25806451612903225,3.875,3.875,3
test_clean_english_200283,clean_english,131,131,0.3647814095020294,0.6442545652389526,23,0.17557251908396945,5.695652173913044,5.695652173913044,27,0.20610687022900764,4.851851851851852,4.851851851851852,4
test_clean_english_200284,clean_english,119,119,0.4136495292186737,0.75091552734375,23,0.19327731092436976,5.173913043478261,5.173913043478261,25,0.21008403361344538,4.76,4.76,2
test_clean_english_200285,clean_english,125,125,0.34790366888046265,0.6430899500846863,26,0.208,4.8076923076923075,4.8076923076923075,29,0.232,4.310344827586207,4.310344827586207,3
test_clean_english_200286,clean_english,132,132,0.303214967250824,0.5559388399124146,28,0.21212121212121213,4.714285714285714,4.714285714285714,32,0.24242424242424243,4.125,4.125,4
test_clean_english_200287,clean_english,127,127,0.3107030689716339,0.511613130569458,29,0.2283464566929134,4.379310344827586,4.379310344827586,31,0.2440944881889764,4.096774193548387,4.096774193548387,2
test_clean_english_200288,clean_english,131,131,0.249205082654953,0.4753986597061157,30,0.22900763358778625,4.366666666666666,4.366666666666666,34,0.2595419847328244,3.8529411764705883,3.8529411764705883,4
test_clean_english_200289,clean_english,124,124,0.2899051010608673,0.5839961767196655,30,0.24193548387096775,4.133333333333334,4.133333333333334,32,0.25806451612903225,3.875,3.875,2
test_clean_english_200290,clean_english,105,105,0.2624548375606537,0.5829625129699707,28,0.26666666666666666,3.75,3.75,30,0.2857142857142857,3.5,3.5,2
test_clean_english_200291,clean_english,112,112,0.2625918984413147,0.5854652523994446,28,0.25,4.0,4.0,33,0.29464285714285715,3.393939393939394,3.393939393939394,5
test_clean_english_200292,clean_english,121,121,0.24592910706996918,0.5838475227355957,28,0.23140495867768596,4.321428571428571,4.321428571428571,29,0.2396694214876033,4.172413793103448,4.172413793103448,1
test_clean_english_200293,clean_english,132,132,0.29843446612358093,0.6625624895095825,25,0.1893939393939394,5.28,5.28,27,0.20454545454545456,4.888888888888889,4.888888888888889,2
test_clean_english_200294,clean_english,109,109,0.24057380855083466,0.5629611015319824,28,0.25688073394495414,3.892857142857143,3.892857142857143,32,0.29357798165137616,3.40625,3.40625,4
test_clean_english_200295,clean_english,146,146,0.2924610376358032,0.611605167388916,24,0.1643835616438356,6.083333333333333,6.083333333333333,28,0.1917808219178082,5.214285714285714,5.214285714285714,4
test_clean_english_200296,clean_english,122,122,0.3691551387310028,0.563204824924469,26,0.21311475409836064,4.6923076923076925,4.6923076923076925,30,0.2459016393442623,4.066666666666666,4.066666666666666,4
test_clean_english_200297,clean_english,123,123,0.30692195892333984,0.630959153175354,28,0.22764227642276422,4.392857142857143,4.392857142857143,29,0.23577235772357724,4.241379310344827,4.241379310344827,1
test_clean_english_200298,clean_english,120,120,0.3012869656085968,0.7153002619743347,28,0.23333333333333334,4.285714285714286,4.285714285714286,29,0.24166666666666667,4.137931034482759,4.137931034482759,1
test_clean_english_200299,clean_english,119,119,0.3992531895637512,0.5598927736282349,29,0.24369747899159663,4.103448275862069,4.103448275862069,32,0.2689075630252101,3.71875,3.71875,3
test_clean_english_200300,clean_english,129,129,0.4654267132282257,0.6738765835762024,25,0.1937984496124031,5.16,5.16,28,0.21705426356589147,4.607142857142857,4.607142857142857,3
test_clean_english_200301,clean_english,113,113,0.3263992667198181,0.6183543801307678,30,0.26548672566371684,3.7666666666666666,3.7666666666666666,32,0.2831858407079646,3.53125,3.53125,2
test_clean_english_200302,clean_english,126,126,0.3600943684577942,0.5461129546165466,29,0.23015873015873015,4.344827586206897,4.344827586206897,32,0.25396825396825395,3.9375,3.9375,3
test_clean_english_200303,clean_english,133,133,0.26804378628730774,0.5539871454238892,30,0.22556390977443608,4.433333333333334,4.433333333333334,32,0.24060150375939848,4.15625,4.15625,2
test_clean_english_200304,clean_english,134,134,0.2328835129737854,0.4952017068862915,29,0.21641791044776118,4.620689655172414,4.620689655172414,33,0.2462686567164179,4.0606060606060606,4.0606060606060606,4
test_clean_english_200305,clean_english,144,144,0.30873170495033264,0.6340652108192444,24,0.16666666666666666,6.0,6.0,28,0.19444444444444445,5.142857142857143,5.142857142857143,4
test_clean_english_200306,clean_english,135,135,0.3833318054676056,0.6244930028915405,23,0.17037037037037037,5.869565217391305,5.869565217391305,27,0.2,5.0,5.0,4
test_clean_english_200307,clean_english,121,121,0.25742366909980774,0.48242661356925964,28,0.23140495867768596,4.321428571428571,4.321428571428571,32,0.2644628099173554,3.78125,3.78125,4
test_clean_english_200308,clean_english,126,126,0.31653541326522827,0.735797643661499,23,0.18253968253968253,5.478260869565218,5.478260869565218,26,0.20634920634920634,4.846153846153846,4.846153846153846,3
test_clean_english_200309,clean_english,114,114,0.2705425024032593,0.516815721988678,29,0.2543859649122807,3.9310344827586206,3.9310344827586206,31,0.2719298245614035,3.6774193548387095,3.6774193548387095,2
test_clean_english_200310,clean_english,127,127,0.3503437340259552,0.7032245993614197,27,0.2125984251968504,4.703703703703703,4.703703703703703,28,0.2204724409448819,4.535714285714286,4.535714285714286,1
test_clean_english_200311,clean_english,120,120,0.2825777232646942,0.48111918568611145,28,0.23333333333333334,4.285714285714286,4.285714285714286,32,0.26666666666666666,3.75,3.75,4
test_clean_english_200312,clean_english,109,109,0.2846603989601135,0.5868579745292664,28,0.25688073394495414,3.892857142857143,3.892857142857143,32,0.29357798165137616,3.40625,3.40625,4
test_clean_english_200313,clean_english,136,136,0.44639483094215393,0.6726770997047424,24,0.17647058823529413,5.666666666666667,5.666666666666667,27,0.19852941176470587,5.037037037037037,5.037037037037037,3
test_clean_english_200314,clean_english,145,145,0.3281523287296295,0.508388876914978,24,0.16551724137931034,6.041666666666667,6.041666666666667,31,0.21379310344827587,4.67741935483871,4.67741935483871,7
test_clean_english_200315,clean_english,112,112,0.25767722725868225,0.6008508205413818,30,0.26785714285714285,3.7333333333333334,3.7333333333333334,32,0.2857142857142857,3.5,3.5,2
test_clean_english_200316,clean_english,148,148,0.3619815707206726,0.5543236136436462,23,0.1554054054054054,6.434782608695652,6.434782608695652,29,0.19594594594594594,5.103448275862069,5.103448275862069,6
test_clean_english_200317,clean_english,129,129,0.3774600625038147,0.5776706337928772,26,0.20155038759689922,4.961538461538462,4.961538461538462,30,0.23255813953488372,4.3,4.3,4
test_clean_english_200318,clean_english,106,106,0.25326666235923767,0.4898708760738373,30,0.2830188679245283,3.533333333333333,3.533333333333333,32,0.3018867924528302,3.3125,3.3125,2
test_clean_english_200319,clean_english,137,137,0.31212013959884644,0.6464091539382935,26,0.1897810218978102,5.269230769230769,5.269230769230769,31,0.22627737226277372,4.419354838709677,4.419354838709677,5
test_clean_english_200320,clean_english,109,109,0.23364238440990448,0.5823855996131897,30,0.27522935779816515,3.6333333333333333,3.6333333333333333,32,0.29357798165137616,3.40625,3.40625,2
test_clean_english_200321,clean_english,115,115,0.26507073640823364,0.49163851141929626,28,0.24347826086956523,4.107142857142857,4.107142857142857,32,0.2782608695652174,3.59375,3.59375,4
test_clean_english_200322,clean_english,116,116,0.26153355836868286,0.5961501002311707,28,0.2413793103448276,4.142857142857143,4.142857142857143,30,0.25862068965517243,3.8666666666666667,3.8666666666666667,2
test_clean_english_200323,clean_english,132,132,0.3623828887939453,0.5426029562950134,30,0.22727272727272727,4.4,4.4,32,0.24242424242424243,4.125,4.125,2
test_clean_english_200324,clean_english,128,128,0.2939167618751526,0.583648681640625,28,0.21875,4.571428571428571,4.571428571428571,33,0.2578125,3.878787878787879,3.878787878787879,5
test_clean_english_200325,clean_english,138,138,0.2655443549156189,0.5392704010009766,29,0.21014492753623187,4.758620689655173,4.758620689655173,31,0.2246376811594203,4.451612903225806,4.451612903225806,2
test_clean_english_200326,clean_english,122,122,0.3064693808555603,0.5496324300765991,29,0.23770491803278687,4.206896551724138,4.206896551724138,31,0.2540983606557377,3.935483870967742,3.935483870967742,2
test_clean_english_200327,clean_english,128,128,0.38362473249435425,0.7108858227729797,23,0.1796875,5.565217391304348,5.565217391304348,25,0.1953125,5.12,5.12,2
test_clean_english_200328,clean_english,108,108,0.23764577507972717,0.5103955268859863,28,0.25925925925925924,3.857142857142857,3.857142857142857,33,0.3055555555555556,3.272727272727273,3.272727272727273,5
test_clean_english_200329,clean_english,106,106,0.3088769316673279,0.48494023084640503,28,0.2641509433962264,3.7857142857142856,3.7857142857142856,30,0.2830188679245283,3.533333333333333,3.533333333333333,2
test_clean_english_200330,clean_english,132,132,0.2952033579349518,0.6492735743522644,28,0.21212121212121213,4.714285714285714,4.714285714285714,29,0.2196969696969697,4.551724137931035,4.551724137931035,1
test_clean_english_200331,clean_english,125,125,0.2544019818305969,0.5405034422874451,29,0.232,4.310344827586207,4.310344827586207,31,0.248,4.032258064516129,4.032258064516129,2
test_clean_english_200332,clean_english,138,138,0.33311915397644043,0.5741698741912842,23,0.16666666666666666,6.0,6.0,27,0.1956521739130435,5.111111111111111,5.111111111111111,4
test_clean_english_200333,clean_english,128,128,0.27908065915107727,0.5148287415504456,28,0.21875,4.571428571428571,4.571428571428571,33,0.2578125,3.878787878787879,3.878787878787879,5
test_clean_english_200334,clean_english,127,127,0.3262796401977539,0.5305497646331787,30,0.23622047244094488,4.233333333333333,4.233333333333333,33,0.25984251968503935,3.8484848484848486,3.8484848484848486,3
test_clean_english_200335,clean_english,113,113,0.21803919970989227,0.5739196538925171,30,0.26548672566371684,3.7666666666666666,3.7666666666666666,32,0.2831858407079646,3.53125,3.53125,2
test_clean_english_200336,clean_english,121,121,0.31346559524536133,0.6788894534111023,28,0.23140495867768596,4.321428571428571,4.321428571428571,29,0.2396694214876033,4.172413793103448,4.172413793103448,1
test_clean_english_200337,clean_english,116,116,0.30302906036376953,0.5685465931892395,30,0.25862068965517243,3.8666666666666667,3.8666666666666667,32,0.27586206896551724,3.625,3.625,2
test_clean_english_200338,clean_english,123,123,0.2937280833721161,0.5873163938522339,24,0.1951219512195122,5.125,5.125,27,0.21951219512195122,4.555555555555555,4.555555555555555,3
test_clean_english_200339,clean_english,112,112,0.24815987050533295,0.650275707244873,28,0.25,4.0,4.0,33,0.29464285714285715,3.393939393939394,3.393939393939394,5
test_clean_english_200340,clean_english,116,116,0.24142585694789886,0.4331177771091461,28,0.2413793103448276,4.142857142857143,4.142857142857143,35,0.3017241379310345,3.3142857142857145,3.3142857142857145,7
test_clean_english_200341,clean_english,120,120,0.28795942664146423,0.6221515536308289,28,0.23333333333333334,4.285714285714286,4.285714285714286,32,0.26666666666666666,3.75,3.75,4
test_clean_english_200342,clean_english,136,136,0.44639483094215393,0.6673300266265869,24,0.17647058823529413,5.666666666666667,5.666666666666667,27,0.19852941176470587,5.037037037037037,5.037037037037037,3
test_clean_english_200343,clean_english,127,127,0.2841503918170929,0.7003209590911865,27,0.2125984251968504,4.703703703703703,4.703703703703703,28,0.2204724409448819,4.535714285714286,4.535714285714286,1
test_clean_english_200344,clean_english,131,131,0.28941527009010315,0.7161343693733215,23,0.17557251908396945,5.695652173913044,5.695652173913044,25,0.19083969465648856,5.24,5.24,2
test_clean_english_200345,clean_english,104,104,0.3648139536380768,0.4759099781513214,28,0.2692307692307692,3.7142857142857144,3.7142857142857144,31,0.2980769230769231,3.3548387096774195,3.3548387096774195,3
test_clean_english_200346,clean_english,146,146,0.3625895380973816,0.7081419825553894,25,0.17123287671232876,5.84,5.84,27,0.18493150684931506,5.407407407407407,5.407407407407407,2
test_clean_english_200347,clean_english,137,137,0.22117508947849274,0.5193516612052917,29,0.2116788321167883,4.724137931034483,4.724137931034483,33,0.24087591240875914,4.151515151515151,4.151515151515151,4
test_clean_english_200348,clean_english,118,118,0.3216833174228668,0.6017572283744812,30,0.2542372881355932,3.933333333333333,3.933333333333333,32,0.2711864406779661,3.6875,3.6875,2
test_clean_english_200349,clean_english,119,119,0.42219874262809753,0.6623244881629944,28,0.23529411764705882,4.25,4.25,30,0.25210084033613445,3.966666666666667,3.966666666666667,2
test_clean_english_200350,clean_english,137,137,0.3758046627044678,0.6647412776947021,25,0.18248175182481752,5.48,5.48,27,0.19708029197080293,5.074074074074074,5.074074074074074,2
test_clean_english_200351,clean_english,128,128,0.2784171402454376,0.6505699157714844,27,0.2109375,4.7407407407407405,4.7407407407407405,28,0.21875,4.571428571428571,4.571428571428571,1
test_clean_english_200352,clean_english,131,131,0.35084763169288635,0.667433500289917,25,0.19083969465648856,5.24,5.24,27,0.20610687022900764,4.851851851851852,4.851851851851852,2
test_clean_english_200353,clean_english,117,117,0.3808267116546631,0.5955700278282166,28,0.23931623931623933,4.178571428571429,4.178571428571429,32,0.27350427350427353,3.65625,3.65625,4
test_clean_english_200354,clean_english,124,124,0.3667443096637726,0.6090078949928284,27,0.21774193548387097,4.592592592592593,4.592592592592593,29,0.23387096774193547,4.275862068965517,4.275862068965517,2
test_clean_english_200355,clean_english,114,114,0.35404086112976074,0.5118135213851929,29,0.2543859649122807,3.9310344827586206,3.9310344827586206,34,0.2982456140350877,3.3529411764705883,3.3529411764705883,5
test_clean_english_200356,clean_english,118,118,0.31069275736808777,0.5628061890602112,28,0.23728813559322035,4.214285714285714,4.214285714285714,32,0.2711864406779661,3.6875,3.6875,4
test_clean_english_200357,clean_english,110,110,0.315396249294281,0.6032031774520874,28,0.2545454545454545,3.9285714285714284,3.9285714285714284,32,0.2909090909090909,3.4375,3.4375,4
test_clean_english_200358,clean_english,126,126,0.2804912030696869,0.5179271101951599,29,0.23015873015873015,4.344827586206897,4.344827586206897,33,0.2619047619047619,3.8181818181818183,3.8181818181818183,4
test_clean_english_200359,clean_english,134,134,0.2540847361087799,0.5314972996711731,29,0.21641791044776118,4.620689655172414,4.620689655172414,33,0.2462686567164179,4.0606060606060606,4.0606060606060606,4
test_clean_english_200360,clean_english,110,110,0.3657395541667938,0.5959041714668274,30,0.2727272727272727,3.6666666666666665,3.6666666666666665,33,0.3,3.3333333333333335,3.3333333333333335,3
test_clean_english_200361,clean_english,123,123,0.35438427329063416,0.6791974306106567,27,0.21951219512195122,4.555555555555555,4.555555555555555,28,0.22764227642276422,4.392857142857143,4.392857142857143,1
test_clean_english_200362,clean_english,124,124,0.2648908495903015,0.6347270607948303,30,0.24193548387096775,4.133333333333334,4.133333333333334,32,0.25806451612903225,3.875,3.875,2
test_clean_english_200363,clean_english,113,113,0.277729868888855,0.6540546417236328,30,0.26548672566371684,3.7666666666666666,3.7666666666666666,32,0.2831858407079646,3.53125,3.53125,2
test_clean_english_200364,clean_english,108,108,0.3896968960762024,0.5681198239326477,30,0.2777777777777778,3.6,3.6,34,0.3148148148148148,3.176470588235294,3.176470588235294,4
test_clean_english_200365,clean_english,141,141,0.32627958059310913,0.5836021900177002,23,0.16312056737588654,6.130434782608695,6.130434782608695,27,0.19148936170212766,5.222222222222222,5.222222222222222,4
test_clean_english_200366,clean_english,135,135,0.4268447458744049,0.6471022367477417,28,0.2074074074074074,4.821428571428571,4.821428571428571,29,0.21481481481481482,4.655172413793103,4.655172413793103,1
test_clean_english_200367,clean_english,130,130,0.25646355748176575,0.5436066389083862,28,0.2153846153846154,4.642857142857143,4.642857142857143,32,0.24615384615384617,4.0625,4.0625,4
test_clean_english_200368,clean_english,133,133,0.4685218334197998,0.72038733959198,24,0.18045112781954886,5.541666666666667,5.541666666666667,27,0.20300751879699247,4.925925925925926,4.925925925925926,3
test_clean_english_200369,clean_english,121,121,0.263667494058609,0.6672475934028625,28,0.23140495867768596,4.321428571428571,4.321428571428571,29,0.2396694214876033,4.172413793103448,4.172413793103448,1
test_clean_english_200370,clean_english,129,129,0.2666180431842804,0.613705039024353,28,0.21705426356589147,4.607142857142857,4.607142857142857,29,0.2248062015503876,4.448275862068965,4.448275862068965,1
test_clean_english_200371,clean_english,120,120,0.4163611829280853,0.607688307762146,27,0.225,4.444444444444445,4.444444444444445,29,0.24166666666666667,4.137931034482759,4.137931034482759,2
test_clean_english_200372,clean_english,128,128,0.302452951669693,0.6572589874267578,25,0.1953125,5.12,5.12,27,0.2109375,4.7407407407407405,4.7407407407407405,2
test_clean_english_200373,clean_english,146,146,0.3596310019493103,0.6321872472763062,23,0.15753424657534246,6.3478260869565215,6.3478260869565215,27,0.18493150684931506,5.407407407407407,5.407407407407407,4
test_clean_english_200374,clean_english,134,134,0.35502710938453674,0.732165515422821,24,0.1791044776119403,5.583333333333333,5.583333333333333,26,0.19402985074626866,5.153846153846154,5.153846153846154,2
test_clean_english_200375,clean_english,118,118,0.27447640895843506,0.5736975073814392,30,0.2542372881355932,3.933333333333333,3.933333333333333,32,0.2711864406779661,3.6875,3.6875,2
test_clean_english_200376,clean_english,136,136,0.31142038106918335,0.5881856679916382,28,0.20588235294117646,4.857142857142857,4.857142857142857,32,0.23529411764705882,4.25,4.25,4
test_clean_english_200377,clean_english,135,135,0.37462306022644043,0.6489773988723755,25,0.18518518518518517,5.4,5.4,27,0.2,5.0,5.0,2
test_clean_english_200378,clean_english,109,109,0.2485584020614624,0.6028010845184326,29,0.26605504587155965,3.7586206896551726,3.7586206896551726,31,0.28440366972477066,3.5161290322580645,3.5161290322580645,2
test_clean_english_200379,clean_english,117,117,0.259536474943161,0.6295462846755981,26,0.2222222222222222,4.5,4.5,27,0.23076923076923078,4.333333333333333,4.333333333333333,1
test_clean_english_200380,clean_english,111,111,0.3287401795387268,0.6638247966766357,26,0.23423423423423423,4.269230769230769,4.269230769230769,27,0.24324324324324326,4.111111111111111,4.111111111111111,1
test_clean_english_200381,clean_english,121,121,0.3524456322193146,0.7149112820625305,23,0.19008264462809918,5.260869565217392,5.260869565217392,25,0.2066115702479339,4.84,4.84,2
test_clean_english_200382,clean_english,105,105,0.26026710867881775,0.5914419293403625,28,0.26666666666666666,3.75,3.75,30,0.2857142857142857,3.5,3.5,2
test_clean_english_200383,clean_english,111,111,0.3965880274772644,0.5699813961982727,29,0.26126126126126126,3.8275862068965516,3.8275862068965516,33,0.2972972972972973,3.3636363636363638,3.3636363636363638,4
test_clean_english_200384,clean_english,114,114,0.3404679000377655,0.6957747340202332,28,0.24561403508771928,4.071428571428571,4.071428571428571,31,0.2719298245614035,3.6774193548387095,3.6774193548387095,3
test_clean_english_200385,clean_english,135,135,0.2834491431713104,0.7227497696876526,24,0.17777777777777778,5.625,5.625,26,0.1925925925925926,5.1923076923076925,5.1923076923076925,2
test_clean_english_200386,clean_english,132,132,0.2894578278064728,0.6601764559745789,23,0.17424242424242425,5.739130434782608,5.739130434782608,25,0.1893939393939394,5.28,5.28,2
test_clean_english_200387,clean_english,133,133,0.24805650115013123,0.4425279200077057,28,0.21052631578947367,4.75,4.75,34,0.2556390977443609,3.911764705882353,3.911764705882353,6
test_clean_english_200388,clean_english,114,114,0.2790975570678711,0.5218177437782288,29,0.2543859649122807,3.9310344827586206,3.9310344827586206,33,0.2894736842105263,3.4545454545454546,3.4545454545454546,4
test_clean_english_200389,clean_english,140,140,0.3950362503528595,0.6352569460868835,25,0.17857142857142858,5.6,5.6,28,0.2,5.0,5.0,3
test_clean_english_200390,clean_english,132,132,0.2797483801841736,0.644191563129425,26,0.19696969696969696,5.076923076923077,5.076923076923077,29,0.2196969696969697,4.551724137931035,4.551724137931035,3
test_clean_english_200391,clean_english,144,144,0.3304044008255005,0.5822887420654297,25,0.1736111111111111,5.76,5.76,29,0.2013888888888889,4.9655172413793105,4.9655172413793105,4
test_clean_english_200392,clean_english,133,133,0.23879586160182953,0.4445964992046356,30,0.22556390977443608,4.433333333333334,4.433333333333334,34,0.2556390977443609,3.911764705882353,3.911764705882353,4
test_clean_english_200393,clean_english,115,115,0.29546257853507996,0.6048228144645691,28,0.24347826086956523,4.107142857142857,4.107142857142857,30,0.2608695652173913,3.8333333333333335,3.8333333333333335,2
test_clean_english_200394,clean_english,106,106,0.30846676230430603,0.48598453402519226,28,0.2641509433962264,3.7857142857142856,3.7857142857142856,30,0.2830188679245283,3.533333333333333,3.533333333333333,2
test_clean_english_200395,clean_english,108,108,0.26998889446258545,0.6561476588249207,29,0.26851851851851855,3.7241379310344827,3.7241379310344827,32,0.2962962962962963,3.375,3.375,3
test_clean_english_200396,clean_english,142,142,0.25403687357902527,0.6742650866508484,24,0.16901408450704225,5.916666666666667,5.916666666666667,29,0.20422535211267606,4.896551724137931,4.896551724137931,5
test_clean_english_200397,clean_english,125,125,0.27369311451911926,0.6344772577285767,26,0.208,4.8076923076923075,4.8076923076923075,30,0.24,4.166666666666667,4.166666666666667,4
test_clean_english_200398,clean_english,120,120,0.2972833216190338,0.6530252695083618,28,0.23333333333333334,4.285714285714286,4.285714285714286,32,0.26666666666666666,3.75,3.75,4
test_clean_english_200399,clean_english,135,135,0.3449428975582123,0.7234959602355957,24,0.17777777777777778,5.625,5.625,26,0.1925925925925926,5.1923076923076925,5.1923076923076925,2
test_clean_english_200400,clean_english,126,126,0.2869972288608551,0.47325021028518677,30,0.23809523809523808,4.2,4.2,34,0.2698412698412698,3.7058823529411766,3.7058823529411766,4
test_clean_english_200401,clean_english,135,135,0.38032498955726624,0.6567233800888062,24,0.17777777777777778,5.625,5.625,28,0.2074074074074074,4.821428571428571,4.821428571428571,4
test_clean_english_200402,clean_english,136,136,0.2704017758369446,0.5995686650276184,29,0.21323529411764705,4.689655172413793,4.689655172413793,31,0.22794117647058823,4.387096774193548,4.387096774193548,2
test_clean_english_200403,clean_english,134,134,0.4685669243335724,0.6562687754631042,24,0.1791044776119403,5.583333333333333,5.583333333333333,27,0.20149253731343283,4.962962962962963,4.962962962962963,3
test_clean_english_200404,clean_english,118,118,0.3514588475227356,0.7313982248306274,26,0.22033898305084745,4.538461538461538,4.538461538461538,27,0.2288135593220339,4.37037037037037,4.37037037037037,1
test_clean_english_200405,clean_english,123,123,0.30072954297065735,0.5460891723632812,29,0.23577235772357724,4.241379310344827,4.241379310344827,31,0.25203252032520324,3.967741935483871,3.967741935483871,2
test_clean_english_200406,clean_english,128,128,0.2644653022289276,0.5162537693977356,30,0.234375,4.266666666666667,4.266666666666667,32,0.25,4.0,4.0,2
test_clean_english_200407,clean_english,118,118,0.23943297564983368,0.4691915512084961,30,0.2542372881355932,3.933333333333333,3.933333333333333,35,0.2966101694915254,3.3714285714285714,3.3714285714285714,5
test_clean_english_200408,clean_english,122,122,0.28057044744491577,0.4514799118041992,29,0.23770491803278687,4.206896551724138,4.206896551724138,33,0.27049180327868855,3.696969696969697,3.696969696969697,4
test_clean_english_200409,clean_english,124,124,0.47130119800567627,0.7915042042732239,23,0.18548387096774194,5.391304347826087,5.391304347826087,25,0.20161290322580644,4.96,4.96,2
test_clean_english_200410,clean_english,112,112,0.26076340675354004,0.5923493504524231,29,0.25892857142857145,3.8620689655172415,3.8620689655172415,32,0.2857142857142857,3.5,3.5,3
test_clean_english_200411,clean_english,143,143,0.2702399492263794,0.5337919592857361,30,0.2097902097902098,4.766666666666667,4.766666666666667,34,0.23776223776223776,4.205882352941177,4.205882352941177,4
test_clean_english_200412,clean_english,122,122,0.3858898878097534,0.6103147268295288,27,0.22131147540983606,4.518518518518518,4.518518518518518,29,0.23770491803278687,4.206896551724138,4.206896551724138,2
test_clean_english_200413,clean_english,127,127,0.28897592425346375,0.7073990702629089,27,0.2125984251968504,4.703703703703703,4.703703703703703,28,0.2204724409448819,4.535714285714286,4.535714285714286,1
test_clean_english_200414,clean_english,134,134,0.40437158942222595,0.6578471064567566,23,0.17164179104477612,5.826086956521739,5.826086956521739,27,0.20149253731343283,4.962962962962963,4.962962962962963,4
test_clean_english_200415,clean_english,138,138,0.43503010272979736,0.7230099439620972,24,0.17391304347826086,5.75,5.75,27,0.1956521739130435,5.111111111111111,5.111111111111111,3
test_clean_english_200416,clean_english,126,126,0.2996520400047302,0.5922316312789917,29,0.23015873015873015,4.344827586206897,4.344827586206897,31,0.24603174603174602,4.064516129032258,4.064516129032258,2
test_clean_english_200417,clean_english,129,129,0.32272425293922424,0.6544174551963806,28,0.21705426356589147,4.607142857142857,4.607142857142857,29,0.2248062015503876,4.448275862068965,4.448275862068965,1
test_clean_english_200418,clean_english,125,125,0.2936473488807678,0.491311252117157,29,0.232,4.310344827586207,4.310344827586207,33,0.264,3.787878787878788,3.787878787878788,4
test_clean_english_200419,clean_english,123,123,0.32373902201652527,0.7595459818840027,23,0.18699186991869918,5.3478260869565215,5.3478260869565215,25,0.2032520325203252,4.92,4.92,2
test_clean_english_200420,clean_english,127,127,0.2914566397666931,0.7182181477546692,27,0.2125984251968504,4.703703703703703,4.703703703703703,28,0.2204724409448819,4.535714285714286,4.535714285714286,1
test_clean_english_200421,clean_english,128,128,0.29416632652282715,0.6339747309684753,27,0.2109375,4.7407407407407405,4.7407407407407405,30,0.234375,4.266666666666667,4.266666666666667,3
test_clean_english_200422,clean_english,128,128,0.32359039783477783,0.6443126201629639,27,0.2109375,4.7407407407407405,4.7407407407407405,28,0.21875,4.571428571428571,4.571428571428571,1
test_clean_english_200423,clean_english,135,135,0.3541034758090973,0.5417034029960632,29,0.21481481481481482,4.655172413793103,4.655172413793103,32,0.23703703703703705,4.21875,4.21875,3
test_clean_english_200424,clean_english,125,125,0.2979830503463745,0.7010945677757263,27,0.216,4.62962962962963,4.62962962962963,28,0.224,4.464285714285714,4.464285714285714,1
test_clean_english_200425,clean_english,111,111,0.31105417013168335,0.6693054437637329,26,0.23423423423423423,4.269230769230769,4.269230769230769,27,0.24324324324324326,4.111111111111111,4.111111111111111,1
test_clean_english_200426,clean_english,146,146,0.2968858778476715,0.5811062455177307,25,0.17123287671232876,5.84,5.84,29,0.19863013698630136,5.0344827586206895,5.0344827586206895,4
test_clean_english_200427,clean_english,140,140,0.36790531873703003,0.6072784662246704,23,0.16428571428571428,6.086956521739131,6.086956521739131,29,0.20714285714285716,4.827586206896552,4.827586206896552,6
test_clean_english_200428,clean_english,142,142,0.25499096512794495,0.6973339915275574,24,0.16901408450704225,5.916666666666667,5.916666666666667,26,0.18309859154929578,5.461538461538462,5.461538461538462,2
test_clean_english_200429,clean_english,124,124,0.271483838558197,0.5757216215133667,26,0.20967741935483872,4.769230769230769,4.769230769230769,29,0.23387096774193547,4.275862068965517,4.275862068965517,3
test_clean_english_200430,clean_english,121,121,0.32005223631858826,0.6170762777328491,29,0.2396694214876033,4.172413793103448,4.172413793103448,31,0.256198347107438,3.903225806451613,3.903225806451613,2
test_clean_english_200431,clean_english,121,121,0.3356860280036926,0.6009616255760193,30,0.24793388429752067,4.033333333333333,4.033333333333333,32,0.2644628099173554,3.78125,3.78125,2
test_clean_english_200432,clean_english,134,134,0.24426957964897156,0.5726568102836609,30,0.22388059701492538,4.466666666666667,4.466666666666667,32,0.23880597014925373,4.1875,4.1875,2
test_clean_english_200433,clean_english,111,111,0.2521708309650421,0.5604674220085144,30,0.2702702702702703,3.7,3.7,32,0.2882882882882883,3.46875,3.46875,2
test_clean_english_200434,clean_english,139,139,0.31265145540237427,0.5139463543891907,23,0.16546762589928057,6.043478260869565,6.043478260869565,29,0.20863309352517986,4.793103448275862,4.793103448275862,6
test_clean_english_200435,clean_english,125,125,0.2668437957763672,0.7359657883644104,28,0.224,4.464285714285714,4.464285714285714,29,0.232,4.310344827586207,4.310344827586207,1
test_clean_english_200436,clean_english,135,135,0.3161085844039917,0.6536187529563904,25,0.18518518518518517,5.4,5.4,27,0.2,5.0,5.0,2
test_clean_english_200437,clean_english,132,132,0.2890247702598572,0.6638747453689575,26,0.19696969696969696,5.076923076923077,5.076923076923077,29,0.2196969696969697,4.551724137931035,4.551724137931035,3
test_clean_english_200438,clean_english,113,113,0.282342791557312,0.5934768319129944,29,0.25663716814159293,3.896551724137931,3.896551724137931,31,0.2743362831858407,3.6451612903225805,3.6451612903225805,2
test_clean_english_200439,clean_english,112,112,0.3673440217971802,0.7366042733192444,26,0.23214285714285715,4.3076923076923075,4.3076923076923075,27,0.24107142857142858,4.148148148148148,4.148148148148148,1
test_clean_english_200440,clean_english,144,144,0.3196714222431183,0.7172396779060364,24,0.16666666666666666,6.0,6.0,26,0.18055555555555555,5.538461538461538,5.538461538461538,2
test_clean_english_200441,clean_english,117,117,0.3076879680156708,0.6999895572662354,28,0.23931623931623933,4.178571428571429,4.178571428571429,30,0.2564102564102564,3.9,3.9,2
test_clean_english_200442,clean_english,114,114,0.29951900243759155,0.5749064683914185,29,0.2543859649122807,3.9310344827586206,3.9310344827586206,33,0.2894736842105263,3.4545454545454546,3.4545454545454546,4
test_clean_english_200443,clean_english,123,123,0.275395005941391,0.6766701340675354,27,0.21951219512195122,4.555555555555555,4.555555555555555,28,0.22764227642276422,4.392857142857143,4.392857142857143,1
test_clean_english_200444,clean_english,141,141,0.46568500995635986,0.6859942078590393,23,0.16312056737588654,6.130434782608695,6.130434782608695,28,0.19858156028368795,5.035714285714286,5.035714285714286,5
test_clean_english_200445,clean_english,110,110,0.2756710350513458,0.5738173723220825,30,0.2727272727272727,3.6666666666666665,3.6666666666666665,32,0.2909090909090909,3.4375,3.4375,2
test_clean_english_200446,clean_english,122,122,0.27161455154418945,0.5948473215103149,28,0.22950819672131148,4.357142857142857,4.357142857142857,33,0.27049180327868855,3.696969696969697,3.696969696969697,5
test_clean_english_200447,clean_english,134,134,0.39380934834480286,0.7050254344940186,25,0.1865671641791045,5.36,5.36,28,0.208955223880597,4.785714285714286,4.785714285714286,3
test_clean_english_200448,clean_english,132,132,0.32331839203834534,0.6629116535186768,25,0.1893939393939394,5.28,5.28,27,0.20454545454545456,4.888888888888889,4.888888888888889,2
test_clean_english_200449,clean_english,112,112,0.3616925776004791,0.742253303527832,26,0.23214285714285715,4.3076923076923075,4.3076923076923075,27,0.24107142857142858,4.148148148148148,4.148148148148148,1
test_clean_english_200450,clean_english,115,115,0.29052260518074036,0.6479477882385254,26,0.22608695652173913,4.423076923076923,4.423076923076923,29,0.25217391304347825,3.9655172413793105,3.9655172413793105,3
test_clean_english_200451,clean_english,137,137,0.20766007900238037,0.5546489953994751,29,0.2116788321167883,4.724137931034483,4.724137931034483,33,0.24087591240875914,4.151515151515151,4.151515151515151,4
test_clean_english_200452,clean_english,131,131,0.2285175621509552,0.5422811508178711,28,0.21374045801526717,4.678571428571429,4.678571428571429,31,0.2366412213740458,4.225806451612903,4.225806451612903,3
test_clean_english_200453,clean_english,128,128,0.2974448502063751,0.7093926668167114,28,0.21875,4.571428571428571,4.571428571428571,29,0.2265625,4.413793103448276,4.413793103448276,1
test_clean_english_200454,clean_english,123,123,0.2762240469455719,0.6981892585754395,30,0.24390243902439024,4.1,4.1,32,0.2601626016260163,3.84375,3.84375,2
test_clean_english_200455,clean_english,119,119,0.2589957118034363,0.52382493019104,30,0.25210084033613445,3.966666666666667,3.966666666666667,32,0.2689075630252101,3.71875,3.71875,2
test_clean_english_200456,clean_english,129,129,0.3111386299133301,0.5673744082450867,30,0.23255813953488372,4.3,4.3,34,0.26356589147286824,3.7941176470588234,3.7941176470588234,4
test_clean_english_200457,clean_english,129,129,0.27815917134284973,0.6749913692474365,23,0.17829457364341086,5.608695652173913,5.608695652173913,25,0.1937984496124031,5.16,5.16,2
test_clean_english_200458,clean_english,116,116,0.2976377308368683,0.49120384454727173,29,0.25,4.0,4.0,33,0.28448275862068967,3.515151515151515,3.515151515151515,4
test_clean_english_200459,clean_english,138,138,0.2659268379211426,0.5447117686271667,29,0.21014492753623187,4.758620689655173,4.758620689655173,33,0.2391304347826087,4.181818181818182,4.181818181818182,4
test_clean_english_200460,clean_english,132,132,0.2740636169910431,0.5281956195831299,30,0.22727272727272727,4.4,4.4,34,0.25757575757575757,3.8823529411764706,3.8823529411764706,4
test_clean_english_200461,clean_english,105,105,0.23990556597709656,0.42853447794914246,28,0.26666666666666666,3.75,3.75,32,0.3047619047619048,3.28125,3.28125,4
test_clean_english_200462,clean_english,147,147,0.3496333658695221,0.6600596904754639,24,0.16326530612244897,6.125,6.125,28,0.19047619047619047,5.25,5.25,4
test_clean_english_200463,clean_english,128,128,0.32133933901786804,0.5265993475914001,30,0.234375,4.266666666666667,4.266666666666667,33,0.2578125,3.878787878787879,3.878787878787879,3
test_clean_english_200464,clean_english,130,130,0.2939324975013733,0.44761359691619873,30,0.23076923076923078,4.333333333333333,4.333333333333333,34,0.26153846153846155,3.823529411764706,3.823529411764706,4
test_clean_english_200465,clean_english,115,115,0.25359633564949036,0.532032310962677,28,0.24347826086956523,4.107142857142857,4.107142857142857,32,0.2782608695652174,3.59375,3.59375,4
test_clean_english_200466,clean_english,119,119,0.34812450408935547,0.4702332019805908,29,0.24369747899159663,4.103448275862069,4.103448275862069,34,0.2857142857142857,3.5,3.5,5
test_clean_english_200467,clean_english,133,133,0.3099491000175476,0.5631340742111206,30,0.22556390977443608,4.433333333333334,4.433333333333334,32,0.24060150375939848,4.15625,4.15625,2
test_clean_english_200468,clean_english,108,108,0.3280791938304901,0.6960417032241821,26,0.24074074074074073,4.153846153846154,4.153846153846154,27,0.25,4.0,4.0,1
test_clean_english_200469,clean_english,114,114,0.2941257655620575,0.42510852217674255,30,0.2631578947368421,3.8,3.8,34,0.2982456140350877,3.3529411764705883,3.3529411764705883,4
test_clean_english_200470,clean_english,132,132,0.488470196723938,0.6874589323997498,24,0.18181818181818182,5.5,5.5,27,0.20454545454545456,4.888888888888889,4.888888888888889,3
test_clean_english_200471,clean_english,111,111,0.28399771451950073,0.6920639276504517,25,0.22522522522522523,4.44,4.44,26,0.23423423423423423,4.269230769230769,4.269230769230769,1
test_clean_english_200472,clean_english,139,139,0.28371888399124146,0.6517073512077332,23,0.16546762589928057,6.043478260869565,6.043478260869565,27,0.19424460431654678,5.148148148148148,5.148148148148148,4
test_clean_english_200473,clean_english,138,138,0.35539349913597107,0.5881587862968445,24,0.17391304347826086,5.75,5.75,28,0.2028985507246377,4.928571428571429,4.928571428571429,4
test_clean_english_200474,clean_english,99,99,0.2838933765888214,0.6030548214912415,28,0.2828282828282828,3.5357142857142856,3.5357142857142856,30,0.30303030303030304,3.3,3.3,2
test_clean_english_200475,clean_english,133,133,0.31918013095855713,0.5046083331108093,29,0.21804511278195488,4.586206896551724,4.586206896551724,33,0.24812030075187969,4.03030303030303,4.03030303030303,4
test_clean_english_200476,clean_english,127,127,0.3579074740409851,0.6093165278434753,29,0.2283464566929134,4.379310344827586,4.379310344827586,33,0.25984251968503935,3.8484848484848486,3.8484848484848486,4
test_clean_english_200477,clean_english,128,128,0.2842181324958801,0.5081297159194946,29,0.2265625,4.413793103448276,4.413793103448276,33,0.2578125,3.878787878787879,3.878787878787879,4
test_clean_english_200478,clean_english,139,139,0.2651970684528351,0.7450820207595825,24,0.17266187050359713,5.791666666666667,5.791666666666667,26,0.18705035971223022,5.346153846153846,5.346153846153846,2
test_clean_english_200479,clean_english,122,122,0.25344863533973694,0.6295288801193237,27,0.22131147540983606,4.518518518518518,4.518518518518518,28,0.22950819672131148,4.357142857142857,4.357142857142857,1
test_clean_english_200480,clean_english,116,116,0.3720443546772003,0.5920572876930237,30,0.25862068965517243,3.8666666666666667,3.8666666666666667,32,0.27586206896551724,3.625,3.625,2
test_clean_english_200481,clean_english,139,139,0.3187693655490875,0.6504055857658386,25,0.17985611510791366,5.56,5.56,27,0.19424460431654678,5.148148148148148,5.148148148148148,2
test_clean_english_200482,clean_english,121,121,0.25831490755081177,0.4652886390686035,29,0.2396694214876033,4.172413793103448,4.172413793103448,33,0.2727272727272727,3.6666666666666665,3.6666666666666665,4
test_clean_english_200483,clean_english,125,125,0.27476897835731506,0.576162576675415,28,0.224,4.464285714285714,4.464285714285714,31,0.248,4.032258064516129,4.032258064516129,3
test_clean_english_200484,clean_english,127,127,0.3045181334018707,0.531904935836792,30,0.23622047244094488,4.233333333333333,4.233333333333333,32,0.25196850393700787,3.96875,3.96875,2
test_clean_english_200485,clean_english,123,123,0.2602982223033905,0.6041497588157654,26,0.21138211382113822,4.730769230769231,4.730769230769231,29,0.23577235772357724,4.241379310344827,4.241379310344827,3
test_clean_english_200486,clean_english,111,111,0.28041374683380127,0.5898207426071167,29,0.26126126126126126,3.8275862068965516,3.8275862068965516,31,0.27927927927927926,3.5806451612903225,3.5806451612903225,2
test_clean_english_200487,clean_english,131,131,0.31217169761657715,0.6993269324302673,25,0.19083969465648856,5.24,5.24,27,0.20610687022900764,4.851851851851852,4.851851851851852,2
test_clean_english_200488,clean_english,108,108,0.2614959478378296,0.6021783947944641,30,0.2777777777777778,3.6,3.6,32,0.2962962962962963,3.375,3.375,2
test_clean_english_200489,clean_english,113,113,0.2785584628582001,0.6416977047920227,30,0.26548672566371684,3.7666666666666666,3.7666666666666666,32,0.2831858407079646,3.53125,3.53125,2
test_clean_english_200490,clean_english,140,140,0.2861757278442383,0.5922679901123047,25,0.17857142857142858,5.6,5.6,29,0.20714285714285716,4.827586206896552,4.827586206896552,4
test_clean_english_200491,clean_english,137,137,0.3758046627044678,0.6647412776947021,25,0.18248175182481752,5.48,5.48,27,0.19708029197080293,5.074074074074074,5.074074074074074,2
test_clean_english_200492,clean_english,116,116,0.24669919908046722,0.4913546144962311,29,0.25,4.0,4.0,33,0.28448275862068967,3.515151515151515,3.515151515151515,4
test_clean_english_200493,clean_english,142,142,0.28110602498054504,0.5730479955673218,24,0.16901408450704225,5.916666666666667,5.916666666666667,28,0.19718309859154928,5.071428571428571,5.071428571428571,4
test_clean_english_200494,clean_english,131,131,0.2576123774051666,0.4348369836807251,28,0.21374045801526717,4.678571428571429,4.678571428571429,34,0.2595419847328244,3.8529411764705883,3.8529411764705883,6
test_clean_english_200495,clean_english,134,134,0.40437158942222595,0.6578471064567566,23,0.17164179104477612,5.826086956521739,5.826086956521739,27,0.20149253731343283,4.962962962962963,4.962962962962963,4
test_clean_english_200496,clean_english,119,119,0.3446972668170929,0.4619617760181427,29,0.24369747899159663,4.103448275862069,4.103448275862069,34,0.2857142857142857,3.5,3.5,5
test_clean_english_200497,clean_english,144,144,0.374308705329895,0.6082901358604431,23,0.1597222222222222,6.260869565217392,6.260869565217392,29,0.2013888888888889,4.9655172413793105,4.9655172413793105,6
test_clean_english_200498,clean_english,139,139,0.38608604669570923,0.6174719929695129,23,0.16546762589928057,6.043478260869565,6.043478260869565,29,0.20863309352517986,4.793103448275862,4.793103448275862,6
test_clean_english_200499,clean_english,130,130,0.2805686295032501,0.6757758855819702,28,0.2153846153846154,4.642857142857143,4.642857142857143,29,0.2230769230769231,4.482758620689655,4.482758620689655,1
test_typo_noise_light_000000,typo_noise_light,144,144,0.9135412573814392,0.8038377165794373,40,0.2777777777777778,3.6,3.6,45,0.3125,3.2,3.2,5
test_typo_noise_medium_000001,typo_noise_medium,137,137,0.49022695422172546,0.8342704772949219,46,0.3357664233576642,2.9782608695652173,2.9782608695652173,57,0.41605839416058393,2.4035087719298245,2.4035087719298245,11
test_typo_noise_heavy_000002,typo_noise_heavy,137,137,4.296276092529297,3.092641830444336,68,0.49635036496350365,2.014705882352941,2.014705882352941,75,0.5474452554744526,1.8266666666666667,1.8266666666666667,7
test_typo_noise_light_000003,typo_noise_light,127,127,1.2984578609466553,1.5361707210540771,31,0.2440944881889764,4.096774193548387,4.096774193548387,35,0.2755905511811024,3.6285714285714286,3.6285714285714286,4
test_typo_noise_medium_000004,typo_noise_medium,147,147,1.2799484729766846,1.5024657249450684,48,0.32653061224489793,3.0625,3.0625,55,0.3741496598639456,2.672727272727273,2.672727272727273,7
test_typo_noise_heavy_000005,typo_noise_heavy,134,134,2.5961217880249023,2.6887192726135254,47,0.35074626865671643,2.851063829787234,2.851063829787234,50,0.373134328358209,2.68,2.68,3
test_typo_noise_light_000006,typo_noise_light,140,140,2.557274580001831,2.0312137603759766,33,0.2357142857142857,4.242424242424242,4.242424242424242,38,0.2714285714285714,3.6842105263157894,3.6842105263157894,5
test_typo_noise_medium_000007,typo_noise_medium,154,154,0.9306414723396301,1.2712548971176147,40,0.2597402597402597,3.85,3.85,46,0.2987012987012987,3.347826086956522,3.347826086956522,6
test_typo_noise_heavy_000008,typo_noise_heavy,162,162,0.3392904996871948,0.9627807140350342,43,0.2654320987654321,3.7674418604651163,3.7674418604651163,47,0.29012345679012347,3.4468085106382977,3.4468085106382977,4
test_typo_noise_light_000009,typo_noise_light,123,123,3.032135009765625,1.6605058908462524,46,0.37398373983739835,2.6739130434782608,2.6739130434782608,54,0.43902439024390244,2.2777777777777777,2.2777777777777777,8
test_typo_noise_medium_000010,typo_noise_medium,111,111,2.0061752796173096,3.0575573444366455,26,0.23423423423423423,4.269230769230769,4.269230769230769,30,0.2702702702702703,3.7,3.7,4
test_typo_noise_heavy_000011,typo_noise_heavy,148,148,3.493574619293213,3.3647689819335938,56,0.3783783783783784,2.642857142857143,2.642857142857143,60,0.40540540540540543,2.466666666666667,2.466666666666667,4
test_typo_noise_light_000012,typo_noise_light,134,134,1.0187264680862427,1.0150331258773804,41,0.30597014925373134,3.268292682926829,3.268292682926829,43,0.3208955223880597,3.116279069767442,3.116279069767442,2
test_typo_noise_medium_000013,typo_noise_medium,134,134,2.3235960006713867,2.3418328762054443,46,0.34328358208955223,2.9130434782608696,2.9130434782608696,48,0.3582089552238806,2.7916666666666665,2.7916666666666665,2
test_typo_noise_heavy_000014,typo_noise_heavy,161,161,1.643446445465088,1.5332051515579224,58,0.36024844720496896,2.7758620689655173,2.7758620689655173,64,0.39751552795031053,2.515625,2.515625,6
test_typo_noise_light_000015,typo_noise_light,131,131,0.22340993583202362,0.8153742551803589,49,0.37404580152671757,2.673469387755102,2.673469387755102,51,0.3893129770992366,2.5686274509803924,2.5686274509803924,2
test_typo_noise_medium_000016,typo_noise_medium,112,112,2.785412549972534,1.658198356628418,56,0.5,2.0,2.0,61,0.5446428571428571,1.8360655737704918,1.8360655737704918,5
test_typo_noise_heavy_000017,typo_noise_heavy,90,90,2.3611114025115967,2.42539119720459,33,0.36666666666666664,2.727272727272727,2.727272727272727,35,0.3888888888888889,2.5714285714285716,2.5714285714285716,2
test_typo_noise_light_000018,typo_noise_light,130,130,1.7286590337753296,1.717594861984253,37,0.2846153846153846,3.5135135135135136,3.5135135135135136,41,0.3153846153846154,3.1707317073170733,3.1707317073170733,4
test_typo_noise_medium_000019,typo_noise_medium,124,124,1.8340657949447632,1.8913580179214478,39,0.31451612903225806,3.1794871794871793,3.1794871794871793,43,0.3467741935483871,2.883720930232558,2.883720930232558,4
test_typo_noise_heavy_000020,typo_noise_heavy,124,124,4.573070049285889,4.054962158203125,51,0.4112903225806452,2.4313725490196076,2.4313725490196076,54,0.43548387096774194,2.2962962962962963,2.2962962962962963,3
test_typo_noise_light_000021,typo_noise_light,138,138,0.4550771415233612,1.0474371910095215,32,0.2318840579710145,4.3125,4.3125,35,0.2536231884057971,3.942857142857143,3.942857142857143,3
test_typo_noise_medium_000022,typo_noise_medium,152,152,0.47542718052864075,1.0080311298370361,46,0.3026315789473684,3.3043478260869565,3.3043478260869565,48,0.3157894736842105,3.1666666666666665,3.1666666666666665,2
test_typo_noise_heavy_000023,typo_noise_heavy,131,131,4.845908164978027,2.755173921585083,61,0.46564885496183206,2.1475409836065573,2.1475409836065573,70,0.5343511450381679,1.8714285714285714,1.8714285714285714,9
test_typo_noise_light_000024,typo_noise_light,99,99,1.1320761442184448,1.4326097965240479,34,0.3434343434343434,2.911764705882353,2.911764705882353,37,0.37373737373737376,2.675675675675676,2.675675675675676,3
test_typo_noise_medium_000025,typo_noise_medium,114,114,1.8078627586364746,1.4823781251907349,40,0.3508771929824561,2.85,2.85,44,0.38596491228070173,2.590909090909091,2.590909090909091,4
test_typo_noise_heavy_000026,typo_noise_heavy,104,104,3.2227025032043457,2.3491673469543457,41,0.3942307692307692,2.5365853658536586,2.5365853658536586,47,0.4519230769230769,2.2127659574468086,2.2127659574468086,6
test_typo_noise_light_000027,typo_noise_light,129,129,1.5069149732589722,1.4612524509429932,34,0.26356589147286824,3.7941176470588234,3.7941176470588234,36,0.27906976744186046,3.5833333333333335,3.5833333333333335,2
test_typo_noise_medium_000028,typo_noise_medium,142,142,0.9787724614143372,1.1345014572143555,37,0.2605633802816901,3.8378378378378377,3.8378378378378377,40,0.28169014084507044,3.55,3.55,3
test_typo_noise_heavy_000029,typo_noise_heavy,148,148,0.38932812213897705,1.0059077739715576,43,0.2905405405405405,3.441860465116279,3.441860465116279,45,0.30405405405405406,3.2888888888888888,3.2888888888888888,2
test_typo_noise_light_000030,typo_noise_light,124,124,4.383321285247803,2.941502094268799,65,0.5241935483870968,1.9076923076923078,1.9076923076923078,69,0.5564516129032258,1.7971014492753623,1.7971014492753623,4
test_typo_noise_medium_000031,typo_noise_medium,112,112,1.6617175340652466,1.6788074970245361,34,0.30357142857142855,3.2941176470588234,3.2941176470588234,34,0.30357142857142855,3.2941176470588234,3.2941176470588234,0
test_typo_noise_heavy_000032,typo_noise_heavy,149,149,3.399799346923828,2.6707358360290527,66,0.4429530201342282,2.257575757575758,2.257575757575758,71,0.47651006711409394,2.0985915492957745,2.0985915492957745,5
test_typo_noise_light_000033,typo_noise_light,129,129,1.0539041757583618,1.156517744064331,36,0.27906976744186046,3.5833333333333335,3.5833333333333335,40,0.31007751937984496,3.225,3.225,4
test_typo_noise_medium_000034,typo_noise_medium,129,129,2.17792010307312,2.565732955932617,43,0.3333333333333333,3.0,3.0,48,0.37209302325581395,2.6875,2.6875,5
test_typo_noise_heavy_000035,typo_noise_heavy,155,155,2.465047597885132,1.73805832862854,56,0.36129032258064514,2.767857142857143,2.767857142857143,61,0.3935483870967742,2.540983606557377,2.540983606557377,5
test_typo_noise_light_000036,typo_noise_light,144,144,0.9808142185211182,0.9764691591262817,37,0.2569444444444444,3.891891891891892,3.891891891891892,52,0.3611111111111111,2.769230769230769,2.769230769230769,15
test_typo_noise_medium_000037,typo_noise_medium,144,144,4.26164436340332,3.352919101715088,64,0.4444444444444444,2.25,2.25,70,0.4861111111111111,2.057142857142857,2.057142857142857,6
test_typo_noise_heavy_000038,typo_noise_heavy,115,115,3.69919490814209,3.869472026824951,36,0.3130434782608696,3.1944444444444446,3.1944444444444446,41,0.3565217391304348,2.8048780487804876,2.8048780487804876,5
test_typo_noise_light_000039,typo_noise_light,117,117,0.9069862365722656,1.2608247995376587,38,0.3247863247863248,3.0789473684210527,3.0789473684210527,43,0.36752136752136755,2.7209302325581395,2.7209302325581395,5
test_typo_noise_medium_000040,typo_noise_medium,111,111,2.4917263984680176,2.3529348373413086,40,0.36036036036036034,2.775,2.775,45,0.40540540540540543,2.466666666666667,2.466666666666667,5
test_typo_noise_heavy_000041,typo_noise_heavy,111,111,4.280057430267334,3.8952817916870117,50,0.45045045045045046,2.22,2.22,51,0.4594594594594595,2.176470588235294,2.176470588235294,1
test_typo_noise_light_000042,typo_noise_light,135,135,1.2994974851608276,1.151843786239624,32,0.23703703703703705,4.21875,4.21875,35,0.25925925925925924,3.857142857142857,3.857142857142857,3
test_typo_noise_medium_000043,typo_noise_medium,150,150,0.32523152232170105,0.880407452583313,44,0.29333333333333333,3.409090909090909,3.409090909090909,46,0.30666666666666664,3.260869565217391,3.260869565217391,2
test_typo_noise_heavy_000044,typo_noise_heavy,129,129,4.2611083984375,2.0124459266662598,59,0.4573643410852713,2.1864406779661016,2.1864406779661016,64,0.49612403100775193,2.015625,2.015625,5
test_typo_noise_light_000045,typo_noise_light,127,127,0.9942895770072937,1.6288864612579346,31,0.2440944881889764,4.096774193548387,4.096774193548387,36,0.28346456692913385,3.5277777777777777,3.5277777777777777,5
test_typo_noise_medium_000046,typo_noise_medium,147,147,1.9703530073165894,1.7304720878601074,50,0.3401360544217687,2.94,2.94,53,0.36054421768707484,2.7735849056603774,2.7735849056603774,3
test_typo_noise_heavy_000047,typo_noise_heavy,134,134,3.349622964859009,3.3811113834381104,51,0.3805970149253731,2.627450980392157,2.627450980392157,52,0.3880597014925373,2.576923076923077,2.576923076923077,1
test_typo_noise_light_000048,typo_noise_light,141,141,1.604551076889038,1.6834863424301147,35,0.24822695035460993,4.0285714285714285,4.0285714285714285,39,0.2765957446808511,3.6153846153846154,3.6153846153846154,4
test_typo_noise_medium_000049,typo_noise_medium,155,155,0.7352038025856018,0.9065582752227783,45,0.2903225806451613,3.4444444444444446,3.4444444444444446,49,0.3161290322580645,3.163265306122449,3.163265306122449,4
test_typo_noise_heavy_000050,typo_noise_heavy,144,144,0.6599392890930176,0.9637715220451355,39,0.2708333333333333,3.6923076923076925,3.6923076923076925,56,0.3888888888888889,2.5714285714285716,2.5714285714285716,17
test_typo_noise_light_000051,typo_noise_light,127,127,2.772495746612549,2.1920361518859863,59,0.4645669291338583,2.152542372881356,2.152542372881356,67,0.5275590551181102,1.8955223880597014,1.8955223880597014,8
test_typo_noise_medium_000052,typo_noise_medium,114,114,2.2890994548797607,2.3091773986816406,31,0.2719298245614035,3.6774193548387095,3.6774193548387095,31,0.2719298245614035,3.6774193548387095,3.6774193548387095,0
test_typo_noise_heavy_000053,typo_noise_heavy,152,152,3.326411485671997,3.198408842086792,62,0.40789473684210525,2.4516129032258065,2.4516129032258065,68,0.4473684210526316,2.235294117647059,2.235294117647059,6
test_typo_noise_light_000054,typo_noise_light,129,129,0.8489328026771545,0.865157425403595,35,0.2713178294573643,3.6857142857142855,3.6857142857142855,38,0.29457364341085274,3.3947368421052633,3.3947368421052633,3
test_typo_noise_medium_000055,typo_noise_medium,129,129,2.679065465927124,2.9138777256011963,45,0.3488372093023256,2.8666666666666667,2.8666666666666667,50,0.3875968992248062,2.58,2.58,5
test_typo_noise_heavy_000056,typo_noise_heavy,155,155,0.7240363359451294,0.8859490156173706,53,0.3419354838709677,2.9245283018867925,2.9245283018867925,59,0.38064516129032255,2.6271186440677967,2.6271186440677967,6
test_typo_noise_light_000057,typo_noise_light,119,119,0.4700445532798767,0.7739391326904297,38,0.31932773109243695,3.1315789473684212,3.1315789473684212,50,0.42016806722689076,2.38,2.38,12
test_typo_noise_medium_000058,typo_noise_medium,119,119,3.4771645069122314,2.125086784362793,64,0.5378151260504201,1.859375,1.859375,70,0.5882352941176471,1.7,1.7,6
test_typo_noise_heavy_000059,typo_noise_heavy,95,95,3.1390762329101562,2.9216902256011963,34,0.35789473684210527,2.7941176470588234,2.7941176470588234,36,0.37894736842105264,2.638888888888889,2.638888888888889,2
test_typo_noise_light_000060,typo_noise_light,142,142,0.9587491154670715,0.8977199196815491,44,0.30985915492957744,3.227272727272727,3.227272727272727,49,0.34507042253521125,2.8979591836734695,2.8979591836734695,5
test_typo_noise_medium_000061,typo_noise_medium,135,135,1.9257560968399048,1.3760156631469727,46,0.34074074074074073,2.9347826086956523,2.9347826086956523,48,0.35555555555555557,2.8125,2.8125,2
test_typo_noise_heavy_000062,typo_noise_heavy,135,135,5.258944511413574,4.704514503479004,64,0.4740740740740741,2.109375,2.109375,68,0.5037037037037037,1.9852941176470589,1.9852941176470589,4
test_typo_noise_light_000063,typo_noise_light,132,132,0.5180546045303345,0.9205532670021057,33,0.25,4.0,4.0,35,0.26515151515151514,3.7714285714285714,3.7714285714285714,2
test_typo_noise_medium_000064,typo_noise_medium,126,126,0.7541480660438538,0.8776299953460693,40,0.31746031746031744,3.15,3.15,54,0.42857142857142855,2.3333333333333335,2.3333333333333335,14
test_typo_noise_heavy_000065,typo_noise_heavy,126,126,2.819850206375122,2.97124981880188,60,0.47619047619047616,2.1,2.1,69,0.5476190476190477,1.826086956521739,1.826086956521739,9
test_typo_noise_light_000066,typo_noise_light,111,111,1.3877437114715576,1.825266718864441,29,0.26126126126126126,3.8275862068965516,3.8275862068965516,29,0.26126126126126126,3.8275862068965516,3.8275862068965516,0
test_typo_noise_medium_000067,typo_noise_medium,129,129,2.01444149017334,2.056471109390259,45,0.3488372093023256,2.8666666666666667,2.8666666666666667,48,0.37209302325581395,2.6875,2.6875,3
test_typo_noise_heavy_000068,typo_noise_heavy,117,117,3.3366963863372803,3.394592761993408,46,0.39316239316239315,2.5434782608695654,2.5434782608695654,52,0.4444444444444444,2.25,2.25,6
test_typo_noise_light_000069,typo_noise_light,107,107,1.9002526998519897,1.8201489448547363,31,0.2897196261682243,3.4516129032258065,3.4516129032258065,38,0.35514018691588783,2.8157894736842106,2.8157894736842106,7
test_typo_noise_medium_000070,typo_noise_medium,118,118,0.9494515657424927,0.8073346614837646,40,0.3389830508474576,2.95,2.95,43,0.3644067796610169,2.744186046511628,2.744186046511628,3
test_typo_noise_heavy_000071,typo_noise_heavy,107,107,0.5994452834129333,0.6917836666107178,38,0.35514018691588783,2.8157894736842106,2.8157894736842106,48,0.4485981308411215,2.2291666666666665,2.2291666666666665,10
test_typo_noise_light_000072,typo_noise_light,136,136,5.53544807434082,3.287153959274292,66,0.4852941176470588,2.0606060606060606,2.0606060606060606,72,0.5294117647058824,1.8888888888888888,1.8888888888888888,6
test_typo_noise_medium_000073,typo_noise_medium,122,122,3.042240619659424,2.630934715270996,36,0.29508196721311475,3.388888888888889,3.388888888888889,40,0.32786885245901637,3.05,3.05,4
test_typo_noise_heavy_000074,typo_noise_heavy,163,163,2.6752591133117676,2.513322591781616,60,0.36809815950920244,2.716666666666667,2.716666666666667,64,0.39263803680981596,2.546875,2.546875,4
test_typo_noise_light_000075,typo_noise_light,127,127,0.6831200122833252,0.6506596803665161,41,0.3228346456692913,3.097560975609756,3.097560975609756,46,0.36220472440944884,2.760869565217391,2.760869565217391,5
test_typo_noise_medium_000076,typo_noise_medium,127,127,2.061462163925171,2.141505002975464,43,0.33858267716535434,2.953488372093023,2.953488372093023,48,0.3779527559055118,2.6458333333333335,2.6458333333333335,5
test_typo_noise_heavy_000077,typo_noise_heavy,152,152,0.9506170153617859,1.0072226524353027,60,0.39473684210526316,2.533333333333333,2.533333333333333,63,0.4144736842105263,2.4126984126984126,2.4126984126984126,3
test_typo_noise_light_000078,typo_noise_light,128,128,0.26922404766082764,0.6644116640090942,45,0.3515625,2.8444444444444446,2.8444444444444446,49,0.3828125,2.6122448979591835,2.6122448979591835,4
test_typo_noise_medium_000079,typo_noise_medium,111,111,2.3241732120513916,1.0488020181655884,53,0.4774774774774775,2.0943396226415096,2.0943396226415096,59,0.5315315315315315,1.88135593220339,1.88135593220339,6
test_typo_noise_heavy_000080,typo_noise_heavy,89,89,3.538302183151245,2.78672456741333,34,0.38202247191011235,2.6176470588235294,2.6176470588235294,35,0.39325842696629215,2.5428571428571427,2.5428571428571427,1
test_typo_noise_light_000081,typo_noise_light,129,129,1.0348836183547974,1.295793890953064,40,0.31007751937984496,3.225,3.225,42,0.32558139534883723,3.0714285714285716,3.0714285714285716,2
test_typo_noise_medium_000082,typo_noise_medium,123,123,2.4096262454986572,1.7190192937850952,39,0.3170731707317073,3.1538461538461537,3.1538461538461537,43,0.34959349593495936,2.86046511627907,2.86046511627907,4
test_typo_noise_heavy_000083,typo_noise_heavy,123,123,3.222841501235962,3.1543328762054443,51,0.4146341463414634,2.411764705882353,2.411764705882353,58,0.4715447154471545,2.1206896551724137,2.1206896551724137,7
test_typo_noise_light_000084,typo_noise_light,131,131,0.4677600860595703,0.7700040936470032,38,0.2900763358778626,3.4473684210526314,3.4473684210526314,38,0.2900763358778626,3.4473684210526314,3.4473684210526314,0
test_typo_noise_medium_000085,typo_noise_medium,125,125,0.6318235993385315,0.771462082862854,45,0.36,2.7777777777777777,2.7777777777777777,56,0.448,2.232142857142857,2.232142857142857,11
test_typo_noise_heavy_000086,typo_noise_heavy,125,125,3.7921860218048096,2.1463844776153564,64,0.512,1.953125,1.953125,69,0.552,1.8115942028985508,1.8115942028985508,5
test_typo_noise_light_000087,typo_noise_light,136,136,1.5954316854476929,1.7687753438949585,27,0.19852941176470587,5.037037037037037,5.037037037037037,31,0.22794117647058823,4.387096774193548,4.387096774193548,4
test_typo_noise_medium_000088,typo_noise_medium,157,157,2.3280768394470215,1.8962658643722534,46,0.2929936305732484,3.4130434782608696,3.4130434782608696,49,0.31210191082802546,3.204081632653061,3.204081632653061,3
test_typo_noise_heavy_000089,typo_noise_heavy,143,143,3.9398369789123535,4.355449676513672,54,0.3776223776223776,2.6481481481481484,2.6481481481481484,57,0.3986013986013986,2.508771929824561,2.508771929824561,3
test_typo_noise_light_000090,typo_noise_light,139,139,1.3281530141830444,1.650277018547058,36,0.2589928057553957,3.861111111111111,3.861111111111111,39,0.2805755395683453,3.5641025641025643,3.5641025641025643,3
test_typo_noise_medium_000091,typo_noise_medium,153,153,0.9221546053886414,0.9817370772361755,47,0.30718954248366015,3.25531914893617,3.25531914893617,48,0.3137254901960784,3.1875,3.1875,1
test_typo_noise_heavy_000092,typo_noise_heavy,139,139,0.40213534235954285,0.8569068908691406,40,0.28776978417266186,3.475,3.475,53,0.381294964028777,2.6226415094339623,2.6226415094339623,13
test_typo_noise_light_000093,typo_noise_light,129,129,2.621673107147217,2.369084119796753,62,0.4806201550387597,2.0806451612903225,2.0806451612903225,68,0.5271317829457365,1.8970588235294117,1.8970588235294117,6
test_typo_noise_medium_000094,typo_noise_medium,116,116,1.4615436792373657,1.311767339706421,38,0.3275862068965517,3.0526315789473686,3.0526315789473686,42,0.3620689655172414,2.761904761904762,2.761904761904762,4
test_typo_noise_heavy_000095,typo_noise_heavy,155,155,3.359581470489502,2.820702314376831,71,0.45806451612903226,2.183098591549296,2.183098591549296,75,0.4838709677419355,2.066666666666667,2.066666666666667,4
test_typo_noise_light_000096,typo_noise_light,136,136,0.878426730632782,1.7144415378570557,32,0.23529411764705882,4.25,4.25,37,0.27205882352941174,3.675675675675676,3.675675675675676,5
test_typo_noise_medium_000097,typo_noise_medium,136,136,3.4714603424072266,3.0438106060028076,40,0.29411764705882354,3.4,3.4,46,0.3382352941176471,2.9565217391304346,2.9565217391304346,6
test_typo_noise_heavy_000098,typo_noise_heavy,163,163,2.0680792331695557,1.3738067150115967,51,0.3128834355828221,3.196078431372549,3.196078431372549,55,0.3374233128834356,2.963636363636364,2.963636363636364,4
test_typo_noise_light_000099,typo_noise_light,128,128,0.6626885533332825,0.7176920771598816,40,0.3125,3.2,3.2,54,0.421875,2.3703703703703702,2.3703703703703702,14
test_typo_noise_medium_000100,typo_noise_medium,128,128,2.2300398349761963,1.9896514415740967,60,0.46875,2.1333333333333333,2.1333333333333333,67,0.5234375,1.9104477611940298,1.9104477611940298,7
test_typo_noise_heavy_000101,typo_noise_heavy,102,102,2.9860622882843018,2.8445098400115967,32,0.3137254901960784,3.1875,3.1875,32,0.3137254901960784,3.1875,3.1875,0
test_typo_noise_light_000102,typo_noise_light,148,148,1.3259292840957642,1.1867892742156982,33,0.22297297297297297,4.484848484848484,4.484848484848484,35,0.23648648648648649,4.228571428571429,4.228571428571429,2
test_typo_noise_medium_000103,typo_noise_medium,141,141,2.1048388481140137,2.3591580390930176,44,0.3120567375886525,3.2045454545454546,3.2045454545454546,46,0.3262411347517731,3.0652173913043477,3.0652173913043477,2
test_typo_noise_heavy_000104,typo_noise_heavy,141,141,3.9614105224609375,3.5215847492218018,52,0.36879432624113473,2.7115384615384617,2.7115384615384617,58,0.41134751773049644,2.4310344827586206,2.4310344827586206,6
test_typo_noise_light_000105,typo_noise_light,122,122,1.009721279144287,0.9097915291786194,37,0.30327868852459017,3.2972972972972974,3.2972972972972974,38,0.3114754098360656,3.210526315789474,3.210526315789474,1
test_typo_noise_medium_000106,typo_noise_medium,134,134,0.4672605097293854,0.8874041438102722,44,0.3283582089552239,3.0454545454545454,3.0454545454545454,45,0.3358208955223881,2.977777777777778,2.977777777777778,1
test_typo_noise_heavy_000107,typo_noise_heavy,116,116,2.341054916381836,2.2871687412261963,59,0.5086206896551724,1.9661016949152543,1.9661016949152543,67,0.5775862068965517,1.7313432835820894,1.7313432835820894,8
test_typo_noise_light_000108,typo_noise_light,124,124,1.7096999883651733,1.6912503242492676,34,0.27419354838709675,3.6470588235294117,3.6470588235294117,40,0.3225806451612903,3.1,3.1,6
test_typo_noise_medium_000109,typo_noise_medium,144,144,2.317898750305176,2.2712807655334473,48,0.3333333333333333,3.0,3.0,57,0.3958333333333333,2.526315789473684,2.526315789473684,9
test_typo_noise_heavy_000110,typo_noise_heavy,131,131,3.2999091148376465,3.713451623916626,51,0.3893129770992366,2.5686274509803924,2.5686274509803924,54,0.4122137404580153,2.425925925925926,2.425925925925926,3
test_typo_noise_light_000111,typo_noise_light,131,131,1.223778247833252,1.7022783756256104,39,0.29770992366412213,3.358974358974359,3.358974358974359,41,0.31297709923664124,3.1951219512195124,3.1951219512195124,2
test_typo_noise_medium_000112,typo_noise_medium,144,144,0.5019919276237488,1.013796091079712,42,0.2916666666666667,3.4285714285714284,3.4285714285714284,46,0.3194444444444444,3.130434782608696,3.130434782608696,4
test_typo_noise_heavy_000113,typo_noise_heavy,150,150,0.2655074894428253,0.8165984749794006,48,0.32,3.125,3.125,49,0.32666666666666666,3.061224489795918,3.061224489795918,1
test_typo_noise_light_000114,typo_noise_light,122,122,2.4287686347961426,1.5343893766403198,57,0.4672131147540984,2.1403508771929824,2.1403508771929824,63,0.5163934426229508,1.9365079365079365,1.9365079365079365,6
test_typo_noise_medium_000115,typo_noise_medium,110,110,1.3471189737319946,1.4742671251296997,32,0.2909090909090909,3.4375,3.4375,36,0.32727272727272727,3.0555555555555554,3.0555555555555554,4
test_typo_noise_heavy_000116,typo_noise_heavy,146,146,3.195110559463501,2.9953811168670654,63,0.4315068493150685,2.3174603174603177,2.3174603174603177,72,0.4931506849315068,2.0277777777777777,2.0277777777777777,9
test_typo_noise_light_000117,typo_noise_light,128,128,0.8839479088783264,0.8798679709434509,36,0.28125,3.5555555555555554,3.5555555555555554,38,0.296875,3.3684210526315788,3.3684210526315788,2
test_typo_noise_medium_000118,typo_noise_medium,128,128,2.1100635528564453,2.1507670879364014,43,0.3359375,2.9767441860465116,2.9767441860465116,46,0.359375,2.782608695652174,2.782608695652174,3
test_typo_noise_heavy_000119,typo_noise_heavy,154,154,1.2418640851974487,1.548089861869812,59,0.38311688311688313,2.610169491525424,2.610169491525424,60,0.38961038961038963,2.566666666666667,2.566666666666667,1
test_typo_noise_light_000120,typo_noise_light,125,125,0.596155047416687,0.751407265663147,37,0.296,3.3783783783783785,3.3783783783783785,52,0.416,2.4038461538461537,2.4038461538461537,15
test_typo_noise_medium_000121,typo_noise_medium,125,125,2.1947760581970215,1.070554256439209,59,0.472,2.1186440677966103,2.1186440677966103,64,0.512,1.953125,1.953125,5
test_typo_noise_heavy_000122,typo_noise_heavy,100,100,3.273919105529785,2.837775945663452,32,0.32,3.125,3.125,35,0.35,2.857142857142857,2.857142857142857,3
test_typo_noise_light_000123,typo_noise_light,143,143,0.8570365905761719,1.3889548778533936,35,0.24475524475524477,4.085714285714285,4.085714285714285,40,0.27972027972027974,3.575,3.575,5
test_typo_noise_medium_000124,typo_noise_medium,136,136,0.9184015393257141,1.2046102285385132,37,0.27205882352941174,3.675675675675676,3.675675675675676,40,0.29411764705882354,3.4,3.4,3
test_typo_noise_heavy_000125,typo_noise_heavy,136,136,4.245577335357666,3.8860433101654053,60,0.4411764705882353,2.2666666666666666,2.2666666666666666,67,0.49264705882352944,2.029850746268657,2.029850746268657,7
test_typo_noise_light_000126,typo_noise_light,134,134,0.7030421495437622,0.9127975702285767,34,0.2537313432835821,3.9411764705882355,3.9411764705882355,39,0.291044776119403,3.4358974358974357,3.4358974358974357,5
test_typo_noise_medium_000127,typo_noise_medium,148,148,0.3670036494731903,0.8530036211013794,45,0.30405405405405406,3.2888888888888888,3.2888888888888888,48,0.32432432432432434,3.0833333333333335,3.0833333333333335,3
test_typo_noise_heavy_000128,typo_noise_heavy,128,128,5.073566913604736,2.7212579250335693,67,0.5234375,1.9104477611940298,1.9104477611940298,72,0.5625,1.7777777777777777,1.7777777777777777,5
test_typo_noise_light_000129,typo_noise_light,90,90,1.4669467210769653,1.7084376811981201,30,0.3333333333333333,3.0,3.0,32,0.35555555555555557,2.8125,2.8125,2
test_typo_noise_medium_000130,typo_noise_medium,105,105,1.7564096450805664,1.9137407541275024,40,0.38095238095238093,2.625,2.625,41,0.3904761904761905,2.5609756097560976,2.5609756097560976,1
test_typo_noise_heavy_000131,typo_noise_heavy,95,95,3.0146520137786865,3.399111032485962,43,0.45263157894736844,2.2093023255813953,2.2093023255813953,44,0.4631578947368421,2.159090909090909,2.159090909090909,1
test_typo_noise_light_000132,typo_noise_light,109,109,1.8458137512207031,1.8175965547561646,35,0.3211009174311927,3.1142857142857143,3.1142857142857143,40,0.3669724770642202,2.725,2.725,5
test_typo_noise_medium_000133,typo_noise_medium,120,120,1.966633677482605,1.3368198871612549,39,0.325,3.076923076923077,3.076923076923077,43,0.35833333333333334,2.7906976744186047,2.7906976744186047,4
test_typo_noise_heavy_000134,typo_noise_heavy,126,126,0.25154438614845276,0.6938770413398743,45,0.35714285714285715,2.8,2.8,50,0.3968253968253968,2.52,2.52,5
test_typo_noise_light_000135,typo_noise_light,102,102,3.9046692848205566,1.5126606225967407,56,0.5490196078431373,1.8214285714285714,1.8214285714285714,61,0.5980392156862745,1.6721311475409837,1.6721311475409837,5
test_typo_noise_medium_000136,typo_noise_medium,92,92,1.184744954109192,1.4542431831359863,30,0.32608695652173914,3.066666666666667,3.066666666666667,32,0.34782608695652173,2.875,2.875,2
test_typo_noise_heavy_000137,typo_noise_heavy,122,122,3.5340681076049805,2.8700673580169678,55,0.45081967213114754,2.2181818181818183,2.2181818181818183,60,0.4918032786885246,2.033333333333333,2.033333333333333,5
test_typo_noise_light_000138,typo_noise_light,116,116,1.0162235498428345,1.377249002456665,34,0.29310344827586204,3.411764705882353,3.411764705882353,39,0.33620689655172414,2.9743589743589745,2.9743589743589745,5
test_typo_noise_medium_000139,typo_noise_medium,116,116,2.5915820598602295,2.517697811126709,41,0.35344827586206895,2.8292682926829267,2.8292682926829267,44,0.3793103448275862,2.6363636363636362,2.6363636363636362,3
test_typo_noise_heavy_000140,typo_noise_heavy,139,139,1.7557328939437866,1.4188371896743774,52,0.37410071942446044,2.673076923076923,2.673076923076923,59,0.4244604316546763,2.3559322033898304,2.3559322033898304,7
test_typo_noise_light_000141,typo_noise_light,142,142,0.6095132231712341,0.9760822057723999,41,0.2887323943661972,3.4634146341463414,3.4634146341463414,55,0.3873239436619718,2.581818181818182,2.581818181818182,14
test_typo_noise_medium_000142,typo_noise_medium,142,142,2.7165563106536865,2.239353895187378,64,0.4507042253521127,2.21875,2.21875,69,0.4859154929577465,2.0579710144927534,2.0579710144927534,5
test_typo_noise_heavy_000143,typo_noise_heavy,114,114,3.2458996772766113,2.8381776809692383,37,0.32456140350877194,3.081081081081081,3.081081081081081,40,0.3508771929824561,2.85,2.85,3
test_typo_noise_light_000144,typo_noise_light,135,135,1.1027013063430786,0.9138501882553101,38,0.2814814814814815,3.5526315789473686,3.5526315789473686,41,0.3037037037037037,3.292682926829268,3.292682926829268,3
test_typo_noise_medium_000145,typo_noise_medium,129,129,2.3173789978027344,1.7620424032211304,40,0.31007751937984496,3.225,3.225,43,0.3333333333333333,3.0,3.0,3
test_typo_noise_heavy_000146,typo_noise_heavy,129,129,3.3796844482421875,3.7425756454467773,59,0.4573643410852713,2.1864406779661016,2.1864406779661016,67,0.5193798449612403,1.9253731343283582,1.9253731343283582,8
test_typo_noise_light_000147,typo_noise_light,134,134,0.5600243806838989,0.952728271484375,36,0.26865671641791045,3.7222222222222223,3.7222222222222223,38,0.2835820895522388,3.526315789473684,3.526315789473684,2
test_typo_noise_medium_000148,typo_noise_medium,128,128,0.526010274887085,0.8092703223228455,44,0.34375,2.909090909090909,2.909090909090909,52,0.40625,2.4615384615384617,2.4615384615384617,8
test_typo_noise_heavy_000149,typo_noise_heavy,128,128,3.6939196586608887,2.7706589698791504,61,0.4765625,2.098360655737705,2.098360655737705,72,0.5625,1.7777777777777777,1.7777777777777777,11
test_typo_noise_light_000150,typo_noise_light,135,135,0.7854757308959961,1.1839423179626465,31,0.22962962962962963,4.354838709677419,4.354838709677419,34,0.2518518518518518,3.9705882352941178,3.9705882352941178,3
test_typo_noise_medium_000151,typo_noise_medium,156,156,1.9564414024353027,1.9459134340286255,43,0.27564102564102566,3.627906976744186,3.627906976744186,51,0.3269230769230769,3.0588235294117645,3.0588235294117645,8
test_typo_noise_heavy_000152,typo_noise_heavy,142,142,4.546455383300781,3.302638053894043,48,0.3380281690140845,2.9583333333333335,2.9583333333333335,55,0.3873239436619718,2.581818181818182,2.581818181818182,7
test_typo_noise_light_000153,typo_noise_light,133,133,1.214678406715393,1.7767202854156494,34,0.2556390977443609,3.911764705882353,3.911764705882353,37,0.2781954887218045,3.5945945945945947,3.5945945945945947,3
test_typo_noise_medium_000154,typo_noise_medium,146,146,0.6026864051818848,0.9209259152412415,41,0.2808219178082192,3.5609756097560976,3.5609756097560976,45,0.3082191780821918,3.2444444444444445,3.2444444444444445,4
test_typo_noise_heavy_000155,typo_noise_heavy,153,153,0.47816917300224304,0.7689506411552429,48,0.3137254901960784,3.1875,3.1875,50,0.32679738562091504,3.06,3.06,2
test_typo_noise_light_000156,typo_noise_light,130,130,4.3442559242248535,2.819444417953491,67,0.5153846153846153,1.9402985074626866,1.9402985074626866,74,0.5692307692307692,1.7567567567567568,1.7567567567567568,7
test_typo_noise_medium_000157,typo_noise_medium,117,117,1.7409027814865112,1.8505781888961792,36,0.3076923076923077,3.25,3.25,37,0.3162393162393162,3.1621621621621623,3.1621621621621623,1
test_typo_noise_heavy_000158,typo_noise_heavy,156,156,2.096198797225952,2.430086135864258,60,0.38461538461538464,2.6,2.6,63,0.40384615384615385,2.4761904761904763,2.4761904761904763,3
test_typo_noise_light_000159,typo_noise_light,126,126,1.054039716720581,1.1734318733215332,37,0.29365079365079366,3.4054054054054053,3.4054054054054053,39,0.30952380952380953,3.230769230769231,3.230769230769231,2
test_typo_noise_medium_000160,typo_noise_medium,126,126,2.0691988468170166,2.7377185821533203,41,0.3253968253968254,3.073170731707317,3.073170731707317,44,0.3492063492063492,2.8636363636363638,2.8636363636363638,3
test_typo_noise_heavy_000161,typo_noise_heavy,151,151,1.8219757080078125,1.4473857879638672,53,0.3509933774834437,2.849056603773585,2.849056603773585,57,0.37748344370860926,2.6491228070175437,2.6491228070175437,4
test_typo_noise_light_000162,typo_noise_light,152,152,0.5065664052963257,1.0031167268753052,44,0.2894736842105263,3.4545454545454546,3.4545454545454546,47,0.3092105263157895,3.234042553191489,3.234042553191489,3
test_typo_noise_medium_000163,typo_noise_medium,132,132,2.701185941696167,2.4931046962738037,62,0.4696969696969697,2.129032258064516,2.129032258064516,72,0.5454545454545454,1.8333333333333333,1.8333333333333333,10
test_typo_noise_heavy_000164,typo_noise_heavy,106,106,3.8290951251983643,3.957791805267334,38,0.3584905660377358,2.789473684210526,2.789473684210526,43,0.4056603773584906,2.4651162790697674,2.4651162790697674,5
test_typo_noise_light_000165,typo_noise_light,142,142,1.4503605365753174,1.1580708026885986,40,0.28169014084507044,3.55,3.55,40,0.28169014084507044,3.55,3.55,0
test_typo_noise_medium_000166,typo_noise_medium,135,135,1.4155325889587402,2.5544164180755615,41,0.3037037037037037,3.292682926829268,3.292682926829268,42,0.3111111111111111,3.2142857142857144,3.2142857142857144,1
test_typo_noise_heavy_000167,typo_noise_heavy,135,135,4.2733283042907715,4.214191436767578,55,0.4074074074074074,2.4545454545454546,2.4545454545454546,60,0.4444444444444444,2.25,2.25,5
test_typo_noise_light_000168,typo_noise_light,119,119,0.5139569640159607,0.7930870056152344,35,0.29411764705882354,3.4,3.4,38,0.31932773109243695,3.1315789473684212,3.1315789473684212,3
test_typo_noise_medium_000169,typo_noise_medium,113,113,0.41333910822868347,0.8088127374649048,41,0.36283185840707965,2.7560975609756095,2.7560975609756095,52,0.46017699115044247,2.173076923076923,2.173076923076923,11
test_typo_noise_heavy_000170,typo_noise_heavy,113,113,1.8954068422317505,1.6107937097549438,55,0.48672566371681414,2.0545454545454547,2.0545454545454547,58,0.5132743362831859,1.9482758620689655,1.9482758620689655,3
test_typo_noise_light_000171,typo_noise_light,124,124,0.8437392115592957,1.1631457805633545,34,0.27419354838709675,3.6470588235294117,3.6470588235294117,35,0.28225806451612906,3.5428571428571427,3.5428571428571427,1
test_typo_noise_medium_000172,typo_noise_medium,143,143,1.2084906101226807,1.5866299867630005,48,0.3356643356643357,2.9791666666666665,2.9791666666666665,53,0.3706293706293706,2.69811320754717,2.69811320754717,5
test_typo_noise_heavy_000173,typo_noise_heavy,130,130,3.5707125663757324,2.751851797103882,52,0.4,2.5,2.5,54,0.4153846153846154,2.4074074074074074,2.4074074074074074,2
test_typo_noise_light_000174,typo_noise_light,137,137,0.8771514296531677,1.5596922636032104,33,0.24087591240875914,4.151515151515151,4.151515151515151,35,0.25547445255474455,3.914285714285714,3.914285714285714,2
test_typo_noise_medium_000175,typo_noise_medium,151,151,1.1310075521469116,1.354491949081421,39,0.2582781456953642,3.871794871794872,3.871794871794872,41,0.271523178807947,3.682926829268293,3.682926829268293,2
test_typo_noise_heavy_000176,typo_noise_heavy,158,158,0.4873930811882019,1.0827481746673584,46,0.2911392405063291,3.4347826086956523,3.4347826086956523,48,0.3037974683544304,3.2916666666666665,3.2916666666666665,2
test_typo_noise_light_000177,typo_noise_light,134,134,4.325525283813477,2.803856372833252,66,0.4925373134328358,2.0303030303030303,2.0303030303030303,72,0.5373134328358209,1.8611111111111112,1.8611111111111112,6
test_typo_noise_medium_000178,typo_noise_medium,121,121,2.229804277420044,2.1194393634796143,31,0.256198347107438,3.903225806451613,3.903225806451613,35,0.2892561983471074,3.4571428571428573,3.4571428571428573,4
test_typo_noise_heavy_000179,typo_noise_heavy,161,161,4.532759189605713,2.9276111125946045,66,0.40993788819875776,2.4393939393939394,2.4393939393939394,72,0.4472049689440994,2.236111111111111,2.236111111111111,6
test_typo_noise_light_000180,typo_noise_light,123,123,0.5546724796295166,1.1556462049484253,30,0.24390243902439024,4.1,4.1,36,0.2926829268292683,3.4166666666666665,3.4166666666666665,6
test_typo_noise_medium_000181,typo_noise_medium,123,123,2.4985852241516113,2.4354145526885986,36,0.2926829268292683,3.4166666666666665,3.4166666666666665,39,0.3170731707317073,3.1538461538461537,3.1538461538461537,3
test_typo_noise_heavy_000182,typo_noise_heavy,148,148,1.7960054874420166,1.7376924753189087,53,0.3581081081081081,2.792452830188679,2.792452830188679,58,0.3918918918918919,2.5517241379310347,2.5517241379310347,5
test_typo_noise_light_000183,typo_noise_light,126,126,0.65951007604599,0.8338343501091003,42,0.3333333333333333,3.0,3.0,57,0.4523809523809524,2.210526315789474,2.210526315789474,15
test_typo_noise_medium_000184,typo_noise_medium,126,126,2.1533405780792236,1.7721638679504395,58,0.4603174603174603,2.1724137931034484,2.1724137931034484,64,0.5079365079365079,1.96875,1.96875,6
test_typo_noise_heavy_000185,typo_noise_heavy,101,101,3.293400287628174,3.5595874786376953,35,0.3465346534653465,2.8857142857142857,2.8857142857142857,41,0.40594059405940597,2.4634146341463414,2.4634146341463414,6
test_typo_noise_light_000186,typo_noise_light,116,116,0.9859890341758728,1.0577313899993896,37,0.31896551724137934,3.135135135135135,3.135135135135135,41,0.35344827586206895,2.8292682926829267,2.8292682926829267,4
test_typo_noise_medium_000187,typo_noise_medium,110,110,2.6180570125579834,2.124755382537842,40,0.36363636363636365,2.75,2.75,45,0.4090909090909091,2.4444444444444446,2.4444444444444446,5
test_typo_noise_heavy_000188,typo_noise_heavy,110,110,3.563145399093628,3.197924852371216,48,0.43636363636363634,2.2916666666666665,2.2916666666666665,52,0.4727272727272727,2.1153846153846154,2.1153846153846154,4
test_typo_noise_light_000189,typo_noise_light,124,124,0.6652446389198303,0.9431734681129456,35,0.28225806451612906,3.5428571428571427,3.5428571428571427,40,0.3225806451612903,3.1,3.1,5
test_typo_noise_medium_000190,typo_noise_medium,137,137,0.20268458127975464,0.7707381844520569,49,0.35766423357664234,2.795918367346939,2.795918367346939,51,0.3722627737226277,2.6862745098039214,2.6862745098039214,2
test_typo_noise_heavy_000191,typo_noise_heavy,118,118,2.2504429817199707,1.1734925508499146,61,0.5169491525423728,1.9344262295081966,1.9344262295081966,63,0.5338983050847458,1.873015873015873,1.873015873015873,2
test_typo_noise_light_000192,typo_noise_light,136,136,0.8088772892951965,0.8989459872245789,36,0.2647058823529412,3.7777777777777777,3.7777777777777777,39,0.2867647058823529,3.4871794871794872,3.4871794871794872,3
test_typo_noise_medium_000193,typo_noise_medium,157,157,2.0004348754882812,1.7959375381469727,52,0.33121019108280253,3.019230769230769,3.019230769230769,57,0.3630573248407643,2.754385964912281,2.754385964912281,5
test_typo_noise_heavy_000194,typo_noise_heavy,143,143,3.512742042541504,3.0973803997039795,59,0.4125874125874126,2.4237288135593222,2.4237288135593222,64,0.44755244755244755,2.234375,2.234375,5
test_typo_noise_light_000195,typo_noise_light,115,115,1.7093881368637085,2.331603765487671,31,0.26956521739130435,3.7096774193548385,3.7096774193548385,34,0.2956521739130435,3.3823529411764706,3.3823529411764706,3
test_typo_noise_medium_000196,typo_noise_medium,127,127,0.7052608132362366,0.7812293171882629,37,0.29133858267716534,3.4324324324324325,3.4324324324324325,39,0.30708661417322836,3.2564102564102564,3.2564102564102564,2
test_typo_noise_heavy_000197,typo_noise_heavy,132,132,0.35916292667388916,0.8745409250259399,43,0.32575757575757575,3.0697674418604652,3.0697674418604652,43,0.32575757575757575,3.0697674418604652,3.0697674418604652,0
test_typo_noise_light_000198,typo_noise_light,143,143,3.7714602947235107,3.913708209991455,63,0.4405594405594406,2.2698412698412698,2.2698412698412698,77,0.5384615384615384,1.8571428571428572,1.8571428571428572,14
test_typo_noise_medium_000199,typo_noise_medium,129,129,2.1205530166625977,1.443487286567688,35,0.2713178294573643,3.6857142857142855,3.6857142857142855,42,0.32558139534883723,3.0714285714285716,3.0714285714285716,7
test_typo_noise_heavy_000200,typo_noise_heavy,172,172,3.3119163513183594,3.651899576187134,62,0.36046511627906974,2.774193548387097,2.774193548387097,75,0.436046511627907,2.2933333333333334,2.2933333333333334,13
test_typo_noise_light_000201,typo_noise_light,112,112,0.6631761193275452,0.9513895511627197,36,0.32142857142857145,3.111111111111111,3.111111111111111,40,0.35714285714285715,2.8,2.8,4
test_typo_noise_medium_000202,typo_noise_medium,112,112,2.436361074447632,1.9498076438903809,41,0.36607142857142855,2.731707317073171,2.731707317073171,45,0.4017857142857143,2.488888888888889,2.488888888888889,4
test_typo_noise_heavy_000203,typo_noise_heavy,134,134,1.326040506362915,1.0879311561584473,49,0.3656716417910448,2.7346938775510203,2.7346938775510203,53,0.39552238805970147,2.5283018867924527,2.5283018867924527,4
test_typo_noise_light_000204,typo_noise_light,120,120,0.4017942249774933,0.8106595277786255,45,0.375,2.6666666666666665,2.6666666666666665,48,0.4,2.5,2.5,3
test_typo_noise_medium_000205,typo_noise_medium,103,103,3.3433315753936768,1.5268783569335938,49,0.47572815533980584,2.1020408163265305,2.1020408163265305,56,0.5436893203883495,1.8392857142857142,1.8392857142857142,7
test_typo_noise_heavy_000206,typo_noise_heavy,82,82,4.2762651443481445,3.752021312713623,31,0.3780487804878049,2.6451612903225805,2.6451612903225805,35,0.4268292682926829,2.342857142857143,2.342857142857143,4
test_typo_noise_light_000207,typo_noise_light,119,119,0.9517547488212585,1.003582239151001,36,0.3025210084033613,3.3055555555555554,3.3055555555555554,38,0.31932773109243695,3.1315789473684212,3.1315789473684212,2
test_typo_noise_medium_000208,typo_noise_medium,113,113,1.4513863325119019,1.6793118715286255,43,0.3805309734513274,2.627906976744186,2.627906976744186,44,0.3893805309734513,2.5681818181818183,2.5681818181818183,1
test_typo_noise_heavy_000209,typo_noise_heavy,113,113,3.502791404724121,2.8164875507354736,48,0.4247787610619469,2.3541666666666665,2.3541666666666665,51,0.45132743362831856,2.215686274509804,2.215686274509804,3
test_typo_noise_light_000210,typo_noise_light,138,138,1.1053271293640137,1.0816885232925415,35,0.2536231884057971,3.942857142857143,3.942857142857143,37,0.26811594202898553,3.72972972972973,3.72972972972973,2
test_typo_noise_medium_000211,typo_noise_medium,152,152,0.3588537871837616,1.009997844696045,46,0.3026315789473684,3.3043478260869565,3.3043478260869565,48,0.3157894736842105,3.1666666666666665,3.1666666666666665,2
test_typo_noise_heavy_000212,typo_noise_heavy,131,131,3.8513622283935547,2.691978693008423,64,0.48854961832061067,2.046875,2.046875,71,0.5419847328244275,1.8450704225352113,1.8450704225352113,7
test_typo_noise_light_000213,typo_noise_light,133,133,1.5403720140457153,1.5302741527557373,28,0.21052631578947367,4.75,4.75,34,0.2556390977443609,3.911764705882353,3.911764705882353,6
test_typo_noise_medium_000214,typo_noise_medium,154,154,1.938267707824707,1.618823528289795,42,0.2727272727272727,3.6666666666666665,3.6666666666666665,50,0.3246753246753247,3.08,3.08,8
test_typo_noise_heavy_000215,typo_noise_heavy,140,140,3.2745161056518555,2.988227605819702,48,0.34285714285714286,2.9166666666666665,2.9166666666666665,53,0.37857142857142856,2.641509433962264,2.641509433962264,5
test_typo_noise_light_000216,typo_noise_light,137,137,1.86311674118042,1.7817479372024536,36,0.26277372262773724,3.8055555555555554,3.8055555555555554,42,0.30656934306569344,3.261904761904762,3.261904761904762,6
test_typo_noise_medium_000217,typo_noise_medium,151,151,0.8560454249382019,1.3069610595703125,40,0.26490066225165565,3.775,3.775,45,0.2980132450331126,3.3555555555555556,3.3555555555555556,5
test_typo_noise_heavy_000218,typo_noise_heavy,137,137,0.6315426230430603,0.9972704648971558,37,0.27007299270072993,3.7027027027027026,3.7027027027027026,52,0.3795620437956204,2.6346153846153846,2.6346153846153846,15
test_typo_noise_light_000219,typo_noise_light,125,125,3.0625174045562744,1.091002345085144,56,0.448,2.232142857142857,2.232142857142857,63,0.504,1.9841269841269842,1.9841269841269842,7
test_typo_noise_medium_000220,typo_noise_medium,113,113,1.4859942197799683,1.4415420293807983,31,0.2743362831858407,3.6451612903225805,3.6451612903225805,31,0.2743362831858407,3.6451612903225805,3.6451612903225805,0
test_typo_noise_heavy_000221,typo_noise_heavy,150,150,3.2685093879699707,3.0389349460601807,64,0.4266666666666667,2.34375,2.34375,67,0.44666666666666666,2.2388059701492535,2.2388059701492535,3
test_typo_noise_light_000222,typo_noise_light,106,106,1.3016351461410522,1.4963337182998657,31,0.29245283018867924,3.4193548387096775,3.4193548387096775,33,0.3113207547169811,3.212121212121212,3.212121212121212,2
test_typo_noise_medium_000223,typo_noise_medium,106,106,2.7370152473449707,2.94989013671875,40,0.37735849056603776,2.65,2.65,43,0.4056603773584906,2.4651162790697674,2.4651162790697674,3
test_typo_noise_heavy_000224,typo_noise_heavy,127,127,2.074413537979126,2.05192494392395,50,0.3937007874015748,2.54,2.54,51,0.4015748031496063,2.4901960784313726,2.4901960784313726,1
test_typo_noise_light_000225,typo_noise_light,144,144,0.3820650577545166,0.735568642616272,46,0.3194444444444444,3.130434782608696,3.130434782608696,49,0.3402777777777778,2.938775510204082,2.938775510204082,3
test_typo_noise_medium_000226,typo_noise_medium,125,125,2.7771503925323486,2.224733829498291,60,0.48,2.0833333333333335,2.0833333333333335,64,0.512,1.953125,1.953125,4
test_typo_noise_heavy_000227,typo_noise_heavy,100,100,2.7273316383361816,2.664393186569214,34,0.34,2.9411764705882355,2.9411764705882355,41,0.41,2.4390243902439024,2.4390243902439024,7
test_typo_noise_light_000228,typo_noise_light,133,133,0.8894286155700684,1.435299277305603,36,0.2706766917293233,3.6944444444444446,3.6944444444444446,39,0.2932330827067669,3.41025641025641,3.41025641025641,3
test_typo_noise_medium_000229,typo_noise_medium,127,127,1.9205549955368042,1.9094722270965576,36,0.28346456692913385,3.5277777777777777,3.5277777777777777,41,0.3228346456692913,3.097560975609756,3.097560975609756,5
test_typo_noise_heavy_000230,typo_noise_heavy,127,127,3.941187620162964,3.6533143520355225,55,0.4330708661417323,2.309090909090909,2.309090909090909,57,0.44881889763779526,2.2280701754385963,2.2280701754385963,2
test_typo_noise_light_000231,typo_noise_light,133,133,0.6890208721160889,0.7620360851287842,38,0.2857142857142857,3.5,3.5,39,0.2932330827067669,3.41025641025641,3.41025641025641,1
test_typo_noise_medium_000232,typo_noise_medium,145,145,0.3237311840057373,0.8236733078956604,47,0.32413793103448274,3.0851063829787235,3.0851063829787235,48,0.3310344827586207,3.0208333333333335,3.0208333333333335,1
test_typo_noise_heavy_000233,typo_noise_heavy,127,127,4.321703910827637,3.3042259216308594,66,0.5196850393700787,1.9242424242424243,1.9242424242424243,73,0.5748031496062992,1.7397260273972603,1.7397260273972603,7
test_typo_noise_light_000234,typo_noise_light,124,124,0.5681752562522888,1.0923763513565063,31,0.25,4.0,4.0,37,0.29838709677419356,3.3513513513513513,3.3513513513513513,6
test_typo_noise_medium_000235,typo_noise_medium,143,143,2.4595112800598145,2.060450553894043,50,0.34965034965034963,2.86,2.86,54,0.3776223776223776,2.6481481481481484,2.6481481481481484,4
test_typo_noise_heavy_000236,typo_noise_heavy,130,130,4.651808738708496,3.3299710750579834,50,0.38461538461538464,2.6,2.6,52,0.4,2.5,2.5,2
test_typo_noise_light_000237,typo_noise_light,129,129,0.8493621945381165,0.9250356554985046,37,0.2868217054263566,3.4864864864864864,3.4864864864864864,40,0.31007751937984496,3.225,3.225,3
test_typo_noise_medium_000238,typo_noise_medium,142,142,0.9858736395835876,0.997934877872467,43,0.3028169014084507,3.302325581395349,3.302325581395349,44,0.30985915492957744,3.227272727272727,3.227272727272727,1
test_typo_noise_heavy_000239,typo_noise_heavy,147,147,0.3745289444923401,0.7582774758338928,45,0.30612244897959184,3.2666666666666666,3.2666666666666666,46,0.3129251700680272,3.1956521739130435,3.1956521739130435,1
test_typo_noise_light_000240,typo_noise_light,111,111,3.116102695465088,1.7960641384124756,54,0.4864864864864865,2.0555555555555554,2.0555555555555554,58,0.5225225225225225,1.9137931034482758,1.9137931034482758,4
test_typo_noise_medium_000241,typo_noise_medium,100,100,1.8133219480514526,1.80100417137146,31,0.31,3.225806451612903,3.225806451612903,34,0.34,2.9411764705882355,2.9411764705882355,3
test_typo_noise_heavy_000242,typo_noise_heavy,133,133,2.9581518173217773,2.4611659049987793,59,0.44360902255639095,2.2542372881355934,2.2542372881355934,67,0.5037593984962406,1.9850746268656716,1.9850746268656716,8
test_typo_noise_light_000243,typo_noise_light,111,111,1.5957244634628296,1.6481215953826904,35,0.3153153153153153,3.1714285714285713,3.1714285714285713,40,0.36036036036036034,2.775,2.775,5
test_typo_noise_medium_000244,typo_noise_medium,111,111,1.767675518989563,1.7843403816223145,40,0.36036036036036034,2.775,2.775,42,0.3783783783783784,2.642857142857143,2.642857142857143,2
test_typo_noise_heavy_000245,typo_noise_heavy,133,133,1.2740086317062378,1.4414844512939453,50,0.37593984962406013,2.66,2.66,53,0.39849624060150374,2.509433962264151,2.509433962264151,3
test_typo_noise_light_000246,typo_noise_light,105,105,0.6677687764167786,0.7595533132553101,42,0.4,2.5,2.5,56,0.5333333333333333,1.875,1.875,14
test_typo_noise_medium_000247,typo_noise_medium,105,105,2.8449597358703613,0.9495360851287842,52,0.49523809523809526,2.019230769230769,2.019230769230769,57,0.5428571428571428,1.8421052631578947,1.8421052631578947,5
test_typo_noise_heavy_000248,typo_noise_heavy,84,84,3.2373907566070557,2.923144817352295,33,0.39285714285714285,2.5454545454545454,2.5454545454545454,38,0.4523809523809524,2.210526315789474,2.210526315789474,5
test_typo_noise_light_000249,typo_noise_light,145,145,1.145344853401184,1.0075820684432983,42,0.2896551724137931,3.4523809523809526,3.4523809523809526,45,0.3103448275862069,3.2222222222222223,3.2222222222222223,3
test_typo_noise_medium_000250,typo_noise_medium,138,138,2.592242956161499,2.440258502960205,40,0.2898550724637681,3.45,3.45,44,0.3188405797101449,3.1363636363636362,3.1363636363636362,4
test_typo_noise_heavy_000251,typo_noise_heavy,138,138,3.5317118167877197,3.443497657775879,59,0.427536231884058,2.3389830508474576,2.3389830508474576,64,0.463768115942029,2.15625,2.15625,5
test_typo_noise_light_000252,typo_noise_light,144,144,0.6833220720291138,0.7161205410957336,37,0.2569444444444444,3.891891891891892,3.891891891891892,39,0.2708333333333333,3.6923076923076925,3.6923076923076925,2
test_typo_noise_medium_000253,typo_noise_medium,137,137,0.8664881587028503,0.949404776096344,39,0.2846715328467153,3.5128205128205128,3.5128205128205128,54,0.39416058394160586,2.537037037037037,2.537037037037037,15
test_typo_noise_heavy_000254,typo_noise_heavy,137,137,3.0081160068511963,3.499141216278076,64,0.46715328467153283,2.140625,2.140625,72,0.5255474452554745,1.9027777777777777,1.9027777777777777,8
test_typo_noise_light_000255,typo_noise_light,125,125,1.452939510345459,1.915634036064148,29,0.232,4.310344827586207,4.310344827586207,32,0.256,3.90625,3.90625,3
test_typo_noise_medium_000256,typo_noise_medium,145,145,1.830111026763916,2.336002826690674,37,0.25517241379310346,3.918918918918919,3.918918918918919,45,0.3103448275862069,3.2222222222222223,3.2222222222222223,8
test_typo_noise_heavy_000257,typo_noise_heavy,132,132,3.6352450847625732,3.3267288208007812,43,0.32575757575757575,3.0697674418604652,3.0697674418604652,46,0.3484848484848485,2.869565217391304,2.869565217391304,3
test_typo_noise_light_000258,typo_noise_light,132,132,2.396582841873169,2.6827642917633057,33,0.25,4.0,4.0,38,0.2878787878787879,3.473684210526316,3.473684210526316,5
test_typo_noise_medium_000259,typo_noise_medium,145,145,0.9690691232681274,0.9193205833435059,37,0.25517241379310346,3.918918918918919,3.918918918918919,43,0.296551724137931,3.372093023255814,3.372093023255814,6
test_typo_noise_heavy_000260,typo_noise_heavy,150,150,0.5189420580863953,0.9623624086380005,41,0.2733333333333333,3.658536585365854,3.658536585365854,46,0.30666666666666664,3.260869565217391,3.260869565217391,5
test_typo_noise_light_000261,typo_noise_light,112,112,2.031264305114746,1.4736119508743286,54,0.48214285714285715,2.074074074074074,2.074074074074074,61,0.5446428571428571,1.8360655737704918,1.8360655737704918,7
test_typo_noise_medium_000262,typo_noise_medium,101,101,1.4471015930175781,1.34663724899292,34,0.33663366336633666,2.9705882352941178,2.9705882352941178,37,0.36633663366336633,2.72972972972973,2.72972972972973,3
test_typo_noise_heavy_000263,typo_noise_heavy,134,134,3.173656702041626,2.922182559967041,53,0.39552238805970147,2.5283018867924527,2.5283018867924527,61,0.4552238805970149,2.19672131147541,2.19672131147541,8
test_typo_noise_light_000264,typo_noise_light,118,118,1.8436311483383179,1.3915815353393555,35,0.2966101694915254,3.3714285714285714,3.3714285714285714,39,0.3305084745762712,3.0256410256410255,3.0256410256410255,4
test_typo_noise_medium_000265,typo_noise_medium,118,118,2.356740713119507,2.155381441116333,43,0.3644067796610169,2.744186046511628,2.744186046511628,46,0.3898305084745763,2.5652173913043477,2.5652173913043477,3
test_typo_noise_heavy_000266,typo_noise_heavy,142,142,1.6210533380508423,1.3710675239562988,54,0.38028169014084506,2.6296296296296298,2.6296296296296298,58,0.4084507042253521,2.4482758620689653,2.4482758620689653,4
test_typo_noise_light_000267,typo_noise_light,146,146,0.2590600252151489,0.7809134721755981,44,0.3013698630136986,3.3181818181818183,3.3181818181818183,46,0.3150684931506849,3.1739130434782608,3.1739130434782608,2
test_typo_noise_medium_000268,typo_noise_medium,128,128,3.108487129211426,1.9582797288894653,61,0.4765625,2.098360655737705,2.098360655737705,66,0.515625,1.9393939393939394,1.9393939393939394,5
test_typo_noise_heavy_000269,typo_noise_heavy,102,102,3.2990517616271973,2.7653067111968994,33,0.3235294117647059,3.090909090909091,3.090909090909091,35,0.3431372549019608,2.914285714285714,2.914285714285714,2
test_typo_noise_light_000270,typo_noise_light,134,134,1.8389906883239746,1.505268931388855,35,0.26119402985074625,3.8285714285714287,3.8285714285714287,39,0.291044776119403,3.4358974358974357,3.4358974358974357,4
test_typo_noise_medium_000271,typo_noise_medium,128,128,2.8415517807006836,2.819237232208252,38,0.296875,3.3684210526315788,3.3684210526315788,41,0.3203125,3.1219512195121952,3.1219512195121952,3
test_typo_noise_heavy_000272,typo_noise_heavy,128,128,3.315887928009033,2.9581527709960938,55,0.4296875,2.327272727272727,2.327272727272727,58,0.453125,2.206896551724138,2.206896551724138,3
test_typo_noise_light_000273,typo_noise_light,136,136,1.1246507167816162,0.914741039276123,33,0.2426470588235294,4.121212121212121,4.121212121212121,36,0.2647058823529412,3.7777777777777777,3.7777777777777777,3
test_typo_noise_medium_000274,typo_noise_medium,130,130,0.5467841029167175,0.8475996255874634,43,0.33076923076923076,3.0232558139534884,3.0232558139534884,57,0.43846153846153846,2.280701754385965,2.280701754385965,14
test_typo_noise_heavy_000275,typo_noise_heavy,130,130,2.8734724521636963,1.9554301500320435,64,0.49230769230769234,2.03125,2.03125,70,0.5384615384615384,1.8571428571428572,1.8571428571428572,6
test_typo_noise_light_000276,typo_noise_light,120,120,0.9674860835075378,1.3769474029541016,29,0.24166666666666667,4.137931034482759,4.137931034482759,33,0.275,3.6363636363636362,3.6363636363636362,4
test_typo_noise_medium_000277,typo_noise_medium,139,139,2.7030279636383057,1.9441535472869873,47,0.3381294964028777,2.9574468085106385,2.9574468085106385,50,0.3597122302158273,2.78,2.78,3
test_typo_noise_heavy_000278,typo_noise_heavy,126,126,4.506243705749512,3.4612324237823486,51,0.40476190476190477,2.4705882352941178,2.4705882352941178,54,0.42857142857142855,2.3333333333333335,2.3333333333333335,3
test_typo_noise_light_000279,typo_noise_light,116,116,1.1419942378997803,1.5144052505493164,37,0.31896551724137934,3.135135135135135,3.135135135135135,44,0.3793103448275862,2.6363636363636362,2.6363636363636362,7
test_typo_noise_medium_000280,typo_noise_medium,128,128,0.5684947967529297,0.643405556678772,42,0.328125,3.0476190476190474,3.0476190476190474,44,0.34375,2.909090909090909,2.909090909090909,2
test_typo_noise_heavy_000281,typo_noise_heavy,119,119,0.5730130672454834,0.9121453166007996,41,0.3445378151260504,2.902439024390244,2.902439024390244,55,0.46218487394957986,2.1636363636363636,2.1636363636363636,14
test_typo_noise_light_000282,typo_noise_light,132,132,3.3701553344726562,1.921825885772705,61,0.4621212121212121,2.1639344262295084,2.1639344262295084,70,0.5303030303030303,1.8857142857142857,1.8857142857142857,9
test_typo_noise_medium_000283,typo_noise_medium,119,119,1.704612135887146,1.171491026878357,35,0.29411764705882354,3.4,3.4,40,0.33613445378151263,2.975,2.975,5
test_typo_noise_heavy_000284,typo_noise_heavy,158,158,2.1033143997192383,3.0644333362579346,63,0.3987341772151899,2.507936507936508,2.507936507936508,68,0.43037974683544306,2.323529411764706,2.323529411764706,5
test_typo_noise_light_000285,typo_noise_light,127,127,0.913482129573822,1.0342159271240234,37,0.29133858267716534,3.4324324324324325,3.4324324324324325,42,0.33070866141732286,3.0238095238095237,3.0238095238095237,5
test_typo_noise_medium_000286,typo_noise_medium,127,127,1.2199987173080444,1.8339263200759888,45,0.3543307086614173,2.8222222222222224,2.8222222222222224,49,0.3858267716535433,2.5918367346938775,2.5918367346938775,4
test_typo_noise_heavy_000287,typo_noise_heavy,152,152,0.9860468506813049,1.4601467847824097,55,0.3618421052631579,2.7636363636363637,2.7636363636363637,56,0.3684210526315789,2.7142857142857144,2.7142857142857144,1
test_typo_noise_light_000288,typo_noise_light,136,136,0.475036084651947,0.8930575251579285,40,0.29411764705882354,3.4,3.4,52,0.38235294117647056,2.6153846153846154,2.6153846153846154,12
test_typo_noise_medium_000289,typo_noise_medium,136,136,2.1906843185424805,2.2928292751312256,61,0.4485294117647059,2.2295081967213113,2.2295081967213113,70,0.5147058823529411,1.9428571428571428,1.9428571428571428,9
test_typo_noise_heavy_000290,typo_noise_heavy,109,109,3.7161178588867188,3.631946325302124,41,0.3761467889908257,2.658536585365854,2.658536585365854,42,0.3853211009174312,2.5952380952380953,2.5952380952380953,1
test_typo_noise_light_000291,typo_noise_light,153,153,1.1701070070266724,1.6581302881240845,35,0.22875816993464052,4.371428571428571,4.371428571428571,38,0.24836601307189543,4.026315789473684,4.026315789473684,3
test_typo_noise_medium_000292,typo_noise_medium,146,146,2.3889763355255127,2.1532845497131348,45,0.3082191780821918,3.2444444444444445,3.2444444444444445,48,0.3287671232876712,3.0416666666666665,3.0416666666666665,3
test_typo_noise_heavy_000293,typo_noise_heavy,146,146,5.014476299285889,5.169228553771973,56,0.3835616438356164,2.607142857142857,2.607142857142857,60,0.410958904109589,2.433333333333333,2.433333333333333,4
test_typo_noise_light_000294,typo_noise_light,139,139,0.9772061109542847,1.1231305599212646,35,0.2517985611510791,3.9714285714285715,3.9714285714285715,38,0.2733812949640288,3.6578947368421053,3.6578947368421053,3
test_typo_noise_medium_000295,typo_noise_medium,132,132,0.9926030039787292,0.9423914551734924,42,0.3181818181818182,3.142857142857143,3.142857142857143,54,0.4090909090909091,2.4444444444444446,2.4444444444444446,12
test_typo_noise_heavy_000296,typo_noise_heavy,132,132,4.681601524353027,2.6575369834899902,71,0.5378787878787878,1.8591549295774648,1.8591549295774648,75,0.5681818181818182,1.76,1.76,4
test_typo_noise_light_000297,typo_noise_light,124,124,1.2460545301437378,1.3512541055679321,31,0.25,4.0,4.0,32,0.25806451612903225,3.875,3.875,1
test_typo_noise_medium_000298,typo_noise_medium,143,143,1.7802717685699463,1.9744616746902466,43,0.3006993006993007,3.3255813953488373,3.3255813953488373,44,0.3076923076923077,3.25,3.25,1
test_typo_noise_heavy_000299,typo_noise_heavy,130,130,1.2387049198150635,1.7045658826828003,50,0.38461538461538464,2.6,2.6,54,0.4153846153846154,2.4074074074074074,2.4074074074074074,4
test_typo_noise_light_000300,typo_noise_light,136,136,1.670232892036438,1.8319398164749146,39,0.2867647058823529,3.4871794871794872,3.4871794871794872,43,0.3161764705882353,3.1627906976744184,3.1627906976744184,4
test_typo_noise_medium_000301,typo_noise_medium,150,150,0.9155718684196472,1.0585458278656006,45,0.3,3.3333333333333335,3.3333333333333335,47,0.31333333333333335,3.1914893617021276,3.1914893617021276,2
test_typo_noise_heavy_000302,typo_noise_heavy,155,155,0.29737451672554016,0.7625091075897217,49,0.3161290322580645,3.163265306122449,3.163265306122449,50,0.3225806451612903,3.1,3.1,1
test_typo_noise_light_000303,typo_noise_light,129,129,4.426565170288086,3.879617929458618,72,0.5581395348837209,1.7916666666666667,1.7916666666666667,80,0.6201550387596899,1.6125,1.6125,8
test_typo_noise_medium_000304,typo_noise_medium,116,116,2.0946671962738037,2.1153690814971924,30,0.25862068965517243,3.8666666666666667,3.8666666666666667,31,0.2672413793103448,3.7419354838709675,3.7419354838709675,1
test_typo_noise_heavy_000305,typo_noise_heavy,155,155,3.9025144577026367,3.484933614730835,68,0.43870967741935485,2.2794117647058822,2.2794117647058822,70,0.45161290322580644,2.2142857142857144,2.2142857142857144,2
test_typo_noise_light_000306,typo_noise_light,133,133,1.0556288957595825,1.3906499147415161,38,0.2857142857142857,3.5,3.5,42,0.3157894736842105,3.1666666666666665,3.1666666666666665,4
test_typo_noise_medium_000307,typo_noise_medium,133,133,3.0746846199035645,2.6195011138916016,40,0.3007518796992481,3.325,3.325,45,0.3383458646616541,2.9555555555555557,2.9555555555555557,5
test_typo_noise_heavy_000308,typo_noise_heavy,160,160,1.7613579034805298,1.11970055103302,52,0.325,3.076923076923077,3.076923076923077,58,0.3625,2.7586206896551726,2.7586206896551726,6
test_typo_noise_light_000309,typo_noise_light,126,126,0.6691693663597107,0.8117884397506714,39,0.30952380952380953,3.230769230769231,3.230769230769231,53,0.42063492063492064,2.3773584905660377,2.3773584905660377,14
test_typo_noise_medium_000310,typo_noise_medium,126,126,4.595865726470947,2.1191320419311523,66,0.5238095238095238,1.9090909090909092,1.9090909090909092,68,0.5396825396825397,1.8529411764705883,1.8529411764705883,2
test_typo_noise_heavy_000311,typo_noise_heavy,101,101,2.715268611907959,3.2551143169403076,35,0.3465346534653465,2.8857142857142857,2.8857142857142857,40,0.39603960396039606,2.525,2.525,5
test_typo_noise_light_000312,typo_noise_light,145,145,0.8351097702980042,1.220828890800476,35,0.2413793103448276,4.142857142857143,4.142857142857143,41,0.2827586206896552,3.5365853658536586,3.5365853658536586,6
test_typo_noise_medium_000313,typo_noise_medium,138,138,3.3781168460845947,3.187479019165039,39,0.2826086956521739,3.5384615384615383,3.5384615384615383,43,0.3115942028985507,3.2093023255813953,3.2093023255813953,4
test_typo_noise_heavy_000314,typo_noise_heavy,138,138,5.427167892456055,4.059071063995361,53,0.38405797101449274,2.6037735849056602,2.6037735849056602,60,0.43478260869565216,2.3,2.3,7
test_typo_noise_light_000315,typo_noise_light,113,113,0.434425413608551,0.7004014253616333,35,0.30973451327433627,3.2285714285714286,3.2285714285714286,37,0.3274336283185841,3.054054054054054,3.054054054054054,2
test_typo_noise_medium_000316,typo_noise_medium,127,127,0.3739437162876129,0.6705573201179504,49,0.3858267716535433,2.5918367346938775,2.5918367346938775,51,0.4015748031496063,2.4901960784313726,2.4901960784313726,2
test_typo_noise_heavy_000317,typo_noise_heavy,108,108,2.2335143089294434,1.025884985923767,57,0.5277777777777778,1.894736842105263,1.894736842105263,61,0.5648148148148148,1.7704918032786885,1.7704918032786885,4
test_typo_noise_light_000318,typo_noise_light,117,117,0.798565685749054,1.313132405281067,34,0.2905982905982906,3.4411764705882355,3.4411764705882355,35,0.29914529914529914,3.342857142857143,3.342857142857143,1
test_typo_noise_medium_000319,typo_noise_medium,135,135,1.5588383674621582,1.9759100675582886,44,0.32592592592592595,3.0681818181818183,3.0681818181818183,47,0.34814814814814815,2.872340425531915,2.872340425531915,3
test_typo_noise_heavy_000320,typo_noise_heavy,123,123,3.9420199394226074,3.7781596183776855,45,0.36585365853658536,2.7333333333333334,2.7333333333333334,49,0.3983739837398374,2.510204081632653,2.510204081632653,4
test_typo_noise_light_000321,typo_noise_light,138,138,1.2573004961013794,1.4848284721374512,38,0.2753623188405797,3.6315789473684212,3.6315789473684212,41,0.2971014492753623,3.3658536585365852,3.3658536585365852,3
test_typo_noise_medium_000322,typo_noise_medium,152,152,0.8047460317611694,0.8481379151344299,46,0.3026315789473684,3.3043478260869565,3.3043478260869565,49,0.3223684210526316,3.1020408163265305,3.1020408163265305,3
test_typo_noise_heavy_000323,typo_noise_heavy,141,141,0.37553852796554565,0.8767037987709045,43,0.3049645390070922,3.2790697674418605,3.2790697674418605,54,0.3829787234042553,2.611111111111111,2.611111111111111,11
test_typo_noise_light_000324,typo_noise_light,129,129,1.580217957496643,2.1111831665039062,61,0.4728682170542636,2.1147540983606556,2.1147540983606556,68,0.5271317829457365,1.8970588235294117,1.8970588235294117,7
test_typo_noise_medium_000325,typo_noise_medium,116,116,2.073411464691162,2.242194652557373,37,0.31896551724137934,3.135135135135135,3.135135135135135,38,0.3275862068965517,3.0526315789473686,3.0526315789473686,1
test_typo_noise_heavy_000326,typo_noise_heavy,155,155,2.9751245975494385,3.0492889881134033,62,0.4,2.5,2.5,67,0.432258064516129,2.3134328358208953,2.3134328358208953,5
test_typo_noise_light_000327,typo_noise_light,119,119,1.4691301584243774,1.4002265930175781,34,0.2857142857142857,3.5,3.5,39,0.3277310924369748,3.051282051282051,3.051282051282051,5
test_typo_noise_medium_000328,typo_noise_medium,119,119,2.9042422771453857,2.26745343208313,47,0.3949579831932773,2.5319148936170213,2.5319148936170213,50,0.42016806722689076,2.38,2.38,3
test_typo_noise_heavy_000329,typo_noise_heavy,143,143,1.2269495725631714,1.1927293539047241,50,0.34965034965034963,2.86,2.86,59,0.4125874125874126,2.4237288135593222,2.4237288135593222,9
test_typo_noise_light_000330,typo_noise_light,129,129,0.6011539697647095,0.7159444689750671,38,0.29457364341085274,3.3947368421052633,3.3947368421052633,51,0.3953488372093023,2.5294117647058822,2.5294117647058822,13
test_typo_noise_medium_000331,typo_noise_medium,129,129,4.764891624450684,1.9440510272979736,59,0.4573643410852713,2.1864406779661016,2.1864406779661016,70,0.5426356589147286,1.8428571428571427,1.8428571428571427,11
test_typo_noise_heavy_000332,typo_noise_heavy,103,103,3.817227363586426,3.089268922805786,35,0.33980582524271846,2.942857142857143,2.942857142857143,36,0.34951456310679613,2.861111111111111,2.861111111111111,1
test_typo_noise_light_000333,typo_noise_light,128,128,1.376603126525879,1.550218939781189,40,0.3125,3.2,3.2,42,0.328125,3.0476190476190474,3.0476190476190474,2
test_typo_noise_medium_000334,typo_noise_medium,122,122,0.962845504283905,1.265978217124939,40,0.32786885245901637,3.05,3.05,42,0.3442622950819672,2.9047619047619047,2.9047619047619047,2
test_typo_noise_heavy_000335,typo_noise_heavy,122,122,3.992866277694702,4.1402106285095215,55,0.45081967213114754,2.2181818181818183,2.2181818181818183,60,0.4918032786885246,2.033333333333333,2.033333333333333,5
test_typo_noise_light_000336,typo_noise_light,123,123,0.5491591691970825,0.6794511079788208,36,0.2926829268292683,3.4166666666666665,3.4166666666666665,43,0.34959349593495936,2.86046511627907,2.86046511627907,7
test_typo_noise_medium_000337,typo_noise_medium,117,117,0.46090584993362427,0.8385315537452698,41,0.3504273504273504,2.8536585365853657,2.8536585365853657,54,0.46153846153846156,2.1666666666666665,2.1666666666666665,13
test_typo_noise_heavy_000338,typo_noise_heavy,117,117,3.4360616207122803,2.5137526988983154,62,0.5299145299145299,1.8870967741935485,1.8870967741935485,67,0.5726495726495726,1.7462686567164178,1.7462686567164178,5
test_typo_noise_light_000339,typo_noise_light,118,118,1.7833260297775269,1.5647954940795898,28,0.23728813559322035,4.214285714285714,4.214285714285714,29,0.2457627118644068,4.068965517241379,4.068965517241379,1
test_typo_noise_medium_000340,typo_noise_medium,136,136,1.9635238647460938,2.163233518600464,46,0.3382352941176471,2.9565217391304346,2.9565217391304346,48,0.35294117647058826,2.8333333333333335,2.8333333333333335,2
test_typo_noise_heavy_000341,typo_noise_heavy,124,124,4.469293594360352,4.251630783081055,45,0.3629032258064516,2.7555555555555555,2.7555555555555555,48,0.3870967741935484,2.5833333333333335,2.5833333333333335,3
test_typo_noise_light_000342,typo_noise_light,107,107,1.3314560651779175,1.643585205078125,33,0.308411214953271,3.242424242424242,3.242424242424242,35,0.32710280373831774,3.057142857142857,3.057142857142857,2
test_typo_noise_medium_000343,typo_noise_medium,118,118,1.053182601928711,1.2451390027999878,38,0.3220338983050847,3.1052631578947367,3.1052631578947367,40,0.3389830508474576,2.95,2.95,2
test_typo_noise_heavy_000344,typo_noise_heavy,125,125,0.5226651430130005,0.9331385493278503,44,0.352,2.840909090909091,2.840909090909091,44,0.352,2.840909090909091,2.840909090909091,0
test_typo_noise_light_000345,typo_noise_light,133,133,2.1393063068389893,2.28544020652771,61,0.45864661654135336,2.180327868852459,2.180327868852459,66,0.49624060150375937,2.015151515151515,2.015151515151515,5
test_typo_noise_medium_000346,typo_noise_medium,120,120,0.8183500170707703,1.1751891374588013,36,0.3,3.3333333333333335,3.3333333333333335,35,0.2916666666666667,3.4285714285714284,3.4285714285714284,-1
test_typo_noise_heavy_000347,typo_noise_heavy,160,160,4.290441513061523,3.503753900527954,73,0.45625,2.191780821917808,2.191780821917808,76,0.475,2.1052631578947367,2.1052631578947367,3
test_typo_noise_light_000348,typo_noise_light,132,132,1.2682297229766846,1.499894618988037,36,0.2727272727272727,3.6666666666666665,3.6666666666666665,41,0.3106060606060606,3.2195121951219514,3.2195121951219514,5
test_typo_noise_medium_000349,typo_noise_medium,132,132,2.124069929122925,1.7368439435958862,47,0.3560606060606061,2.8085106382978724,2.8085106382978724,55,0.4166666666666667,2.4,2.4,8
test_typo_noise_heavy_000350,typo_noise_heavy,158,158,1.5628595352172852,1.2701261043548584,55,0.34810126582278483,2.8727272727272726,2.8727272727272726,62,0.3924050632911392,2.5483870967741935,2.5483870967741935,7
test_typo_noise_light_000351,typo_noise_light,116,116,0.5697019100189209,0.6833967566490173,39,0.33620689655172414,2.9743589743589745,2.9743589743589745,53,0.45689655172413796,2.188679245283019,2.188679245283019,14
test_typo_noise_medium_000352,typo_noise_medium,116,116,3.130579710006714,1.8588286638259888,55,0.47413793103448276,2.109090909090909,2.109090909090909,62,0.5344827586206896,1.8709677419354838,1.8709677419354838,7
test_typo_noise_heavy_000353,typo_noise_heavy,93,93,2.966250419616699,2.885154962539673,36,0.3870967741935484,2.5833333333333335,2.5833333333333335,40,0.43010752688172044,2.325,2.325,4
test_typo_noise_light_000354,typo_noise_light,140,140,0.9318488836288452,1.0509124994277954,35,0.25,4.0,4.0,43,0.30714285714285716,3.255813953488372,3.255813953488372,8
test_typo_noise_medium_000355,typo_noise_medium,133,133,2.212587833404541,1.449351191520691,44,0.3308270676691729,3.022727272727273,3.022727272727273,51,0.38345864661654133,2.607843137254902,2.607843137254902,7
test_typo_noise_heavy_000356,typo_noise_heavy,133,133,4.945953369140625,3.7307379245758057,58,0.43609022556390975,2.293103448275862,2.293103448275862,62,0.46616541353383456,2.1451612903225805,2.1451612903225805,4
test_typo_noise_light_000357,typo_noise_light,129,129,0.8146582245826721,0.8274338245391846,32,0.24806201550387597,4.03125,4.03125,38,0.29457364341085274,3.3947368421052633,3.3947368421052633,6
test_typo_noise_medium_000358,typo_noise_medium,141,141,0.3465867340564728,0.7544035315513611,44,0.3120567375886525,3.2045454545454546,3.2045454545454546,48,0.3404255319148936,2.9375,2.9375,4
test_typo_noise_heavy_000359,typo_noise_heavy,123,123,2.8294103145599365,1.0970059633255005,59,0.4796747967479675,2.0847457627118646,2.0847457627118646,63,0.5121951219512195,1.9523809523809523,1.9523809523809523,4
test_typo_noise_light_000360,typo_noise_light,127,127,1.0454994440078735,1.3089932203292847,30,0.23622047244094488,4.233333333333333,4.233333333333333,33,0.25984251968503935,3.8484848484848486,3.8484848484848486,3
test_typo_noise_medium_000361,typo_noise_medium,147,147,1.5618025064468384,2.492947578430176,42,0.2857142857142857,3.5,3.5,47,0.3197278911564626,3.127659574468085,3.127659574468085,5
test_typo_noise_heavy_000362,typo_noise_heavy,134,134,3.92983078956604,4.2080206871032715,51,0.3805970149253731,2.627450980392157,2.627450980392157,52,0.3880597014925373,2.576923076923077,2.576923076923077,1
test_typo_noise_light_000363,typo_noise_light,139,139,1.2866283655166626,1.4088895320892334,32,0.2302158273381295,4.34375,4.34375,39,0.2805755395683453,3.5641025641025643,3.5641025641025643,7
test_typo_noise_medium_000364,typo_noise_medium,153,153,1.3588835000991821,0.9206069111824036,40,0.26143790849673204,3.825,3.825,44,0.2875816993464052,3.477272727272727,3.477272727272727,4
test_typo_noise_heavy_000365,typo_noise_heavy,159,159,0.3914281725883484,0.9309059977531433,45,0.2830188679245283,3.533333333333333,3.533333333333333,47,0.29559748427672955,3.382978723404255,3.382978723404255,2
test_typo_noise_light_000366,typo_noise_light,147,147,5.22753381729126,4.390553951263428,66,0.4489795918367347,2.227272727272727,2.227272727272727,75,0.5102040816326531,1.96,1.96,9
test_typo_noise_medium_000367,typo_noise_medium,132,132,1.6788362264633179,2.1583383083343506,31,0.23484848484848486,4.258064516129032,4.258064516129032,38,0.2878787878787879,3.473684210526316,3.473684210526316,7
test_typo_noise_heavy_000368,typo_noise_heavy,176,176,5.50200891494751,4.34105920791626,71,0.4034090909090909,2.4788732394366195,2.4788732394366195,81,0.4602272727272727,2.1728395061728394,2.1728395061728394,10
test_typo_noise_light_000369,typo_noise_light,130,130,1.2270681858062744,1.2491713762283325,36,0.27692307692307694,3.611111111111111,3.611111111111111,36,0.27692307692307694,3.611111111111111,3.611111111111111,0
test_typo_noise_medium_000370,typo_noise_medium,130,130,2.1533257961273193,2.151970148086548,42,0.3230769230769231,3.0952380952380953,3.0952380952380953,43,0.33076923076923076,3.0232558139534884,3.0232558139534884,1
test_typo_noise_heavy_000371,typo_noise_heavy,156,156,0.560084879398346,1.0348459482192993,55,0.3525641025641026,2.8363636363636364,2.8363636363636364,58,0.3717948717948718,2.689655172413793,2.689655172413793,3
test_typo_noise_light_000372,typo_noise_light,103,103,0.41954511404037476,0.7920480966567993,37,0.3592233009708738,2.7837837837837838,2.7837837837837838,50,0.4854368932038835,2.06,2.06,13
test_typo_noise_medium_000373,typo_noise_medium,103,103,3.7884292602539062,1.9128249883651733,52,0.5048543689320388,1.9807692307692308,1.9807692307692308,56,0.5436893203883495,1.8392857142857142,1.8392857142857142,4
test_typo_noise_heavy_000374,typo_noise_heavy,82,82,3.4974353313446045,3.872232437133789,30,0.36585365853658536,2.7333333333333334,2.7333333333333334,32,0.3902439024390244,2.5625,2.5625,2
test_typo_noise_light_000375,typo_noise_light,147,147,0.8875004053115845,1.237729787826538,34,0.23129251700680273,4.323529411764706,4.323529411764706,40,0.272108843537415,3.675,3.675,6
test_typo_noise_medium_000376,typo_noise_medium,140,140,1.7469305992126465,1.62661612033844,39,0.2785714285714286,3.58974358974359,3.58974358974359,41,0.29285714285714287,3.4146341463414633,3.4146341463414633,2
test_typo_noise_heavy_000377,typo_noise_heavy,140,140,4.589934825897217,4.032968044281006,54,0.38571428571428573,2.5925925925925926,2.5925925925925926,60,0.42857142857142855,2.3333333333333335,2.3333333333333335,6
test_typo_noise_light_000378,typo_noise_light,135,135,0.6879291534423828,0.9118574857711792,38,0.2814814814814815,3.5526315789473686,3.5526315789473686,40,0.2962962962962963,3.375,3.375,2
test_typo_noise_medium_000379,typo_noise_medium,129,129,0.8928590416908264,0.8884214758872986,44,0.34108527131782945,2.9318181818181817,2.9318181818181817,58,0.4496124031007752,2.2241379310344827,2.2241379310344827,14
test_typo_noise_heavy_000380,typo_noise_heavy,129,129,3.943249464035034,2.293400526046753,66,0.5116279069767442,1.9545454545454546,1.9545454545454546,70,0.5426356589147286,1.8428571428571427,1.8428571428571427,4
test_typo_noise_light_000381,typo_noise_light,128,128,0.6842085719108582,0.9500982761383057,31,0.2421875,4.129032258064516,4.129032258064516,34,0.265625,3.764705882352941,3.764705882352941,3
test_typo_noise_medium_000382,typo_noise_medium,149,149,2.3431107997894287,2.1123805046081543,47,0.31543624161073824,3.1702127659574466,3.1702127659574466,55,0.3691275167785235,2.709090909090909,2.709090909090909,8
test_typo_noise_heavy_000383,typo_noise_heavy,135,135,3.539491653442383,2.3764758110046387,52,0.3851851851851852,2.5961538461538463,2.5961538461538463,58,0.42962962962962964,2.3275862068965516,2.3275862068965516,6
test_typo_noise_light_000384,typo_noise_light,121,121,1.1624789237976074,1.2582719326019287,32,0.2644628099173554,3.78125,3.78125,35,0.2892561983471074,3.4571428571428573,3.4571428571428573,3
test_typo_noise_medium_000385,typo_noise_medium,133,133,0.5846421122550964,1.2606414556503296,40,0.3007518796992481,3.325,3.325,40,0.3007518796992481,3.325,3.325,0
test_typo_noise_heavy_000386,typo_noise_heavy,121,121,0.7917273044586182,0.9031340479850769,39,0.32231404958677684,3.1025641025641026,3.1025641025641026,48,0.39669421487603307,2.5208333333333335,2.5208333333333335,9
test_typo_noise_light_000387,typo_noise_light,132,132,1.973868489265442,2.3658876419067383,64,0.48484848484848486,2.0625,2.0625,72,0.5454545454545454,1.8333333333333333,1.8333333333333333,8
test_typo_noise_medium_000388,typo_noise_medium,119,119,2.151421308517456,2.2846732139587402,35,0.29411764705882354,3.4,3.4,36,0.3025210084033613,3.3055555555555554,3.3055555555555554,1
test_typo_noise_heavy_000389,typo_noise_heavy,158,158,3.198559284210205,3.3833229541778564,61,0.3860759493670886,2.5901639344262297,2.5901639344262297,67,0.4240506329113924,2.3582089552238807,2.3582089552238807,6
test_typo_noise_light_000390,typo_noise_light,137,137,1.8469898700714111,1.8066749572753906,36,0.26277372262773724,3.8055555555555554,3.8055555555555554,40,0.291970802919708,3.425,3.425,4
test_typo_noise_medium_000391,typo_noise_medium,137,137,2.8361988067626953,2.0200307369232178,40,0.291970802919708,3.425,3.425,49,0.35766423357664234,2.795918367346939,2.795918367346939,9
test_typo_noise_heavy_000392,typo_noise_heavy,164,164,2.1269164085388184,1.6108695268630981,51,0.31097560975609756,3.215686274509804,3.215686274509804,55,0.3353658536585366,2.981818181818182,2.981818181818182,4
test_typo_noise_light_000393,typo_noise_light,123,123,0.6478694677352905,0.792245090007782,43,0.34959349593495936,2.86046511627907,2.86046511627907,57,0.4634146341463415,2.1578947368421053,2.1578947368421053,14
test_typo_noise_medium_000394,typo_noise_medium,123,123,3.496901750564575,2.501948595046997,67,0.5447154471544715,1.835820895522388,1.835820895522388,73,0.5934959349593496,1.6849315068493151,1.6849315068493151,6
test_typo_noise_heavy_000395,typo_noise_heavy,98,98,3.728022575378418,3.4563395977020264,33,0.336734693877551,2.9696969696969697,2.9696969696969697,37,0.37755102040816324,2.6486486486486487,2.6486486486486487,4
test_typo_noise_light_000396,typo_noise_light,123,123,1.1713329553604126,1.252639889717102,38,0.3089430894308943,3.236842105263158,3.236842105263158,40,0.3252032520325203,3.075,3.075,2
test_typo_noise_medium_000397,typo_noise_medium,117,117,2.163614511489868,2.0015411376953125,44,0.37606837606837606,2.659090909090909,2.659090909090909,47,0.4017094017094017,2.4893617021276597,2.4893617021276597,3
test_typo_noise_heavy_000398,typo_noise_heavy,117,117,4.007879734039307,3.7937510013580322,51,0.4358974358974359,2.2941176470588234,2.2941176470588234,52,0.4444444444444444,2.25,2.25,1
test_typo_noise_light_000399,typo_noise_light,125,125,0.8665115237236023,1.2689496278762817,33,0.264,3.787878787878788,3.787878787878788,35,0.28,3.5714285714285716,3.5714285714285716,2
test_typo_noise_medium_000400,typo_noise_medium,137,137,0.3036365211009979,0.898826539516449,46,0.3357664233576642,2.9782608695652173,2.9782608695652173,47,0.34306569343065696,2.9148936170212765,2.9148936170212765,1
test_typo_noise_heavy_000401,typo_noise_heavy,119,119,3.8516464233398438,2.0358872413635254,64,0.5378151260504201,1.859375,1.859375,66,0.5546218487394958,1.803030303030303,1.803030303030303,2
test_typo_noise_light_000402,typo_noise_light,98,98,1.3655458688735962,1.473629117012024,29,0.29591836734693877,3.3793103448275863,3.3793103448275863,32,0.32653061224489793,3.0625,3.0625,3
test_typo_noise_medium_000403,typo_noise_medium,113,113,2.416520833969116,1.8130624294281006,44,0.3893805309734513,2.5681818181818183,2.5681818181818183,47,0.415929203539823,2.404255319148936,2.404255319148936,3
test_typo_noise_heavy_000404,typo_noise_heavy,103,103,3.911855459213257,3.434419631958008,45,0.4368932038834951,2.2888888888888888,2.2888888888888888,50,0.4854368932038835,2.06,2.06,5
test_typo_noise_light_000405,typo_noise_light,123,123,2.075239658355713,1.8485164642333984,40,0.3252032520325203,3.075,3.075,43,0.34959349593495936,2.86046511627907,2.86046511627907,3
test_typo_noise_medium_000406,typo_noise_medium,135,135,0.7006940245628357,0.8877900838851929,45,0.3333333333333333,3.0,3.0,47,0.34814814814814815,2.872340425531915,2.872340425531915,2
test_typo_noise_heavy_000407,typo_noise_heavy,146,146,0.46278324723243713,0.99909907579422,48,0.3287671232876712,3.0416666666666665,3.0416666666666665,48,0.3287671232876712,3.0416666666666665,3.0416666666666665,0
test_typo_noise_light_000408,typo_noise_light,130,130,4.427642345428467,3.0210320949554443,69,0.5307692307692308,1.8840579710144927,1.8840579710144927,74,0.5692307692307692,1.7567567567567568,1.7567567567567568,5
test_typo_noise_medium_000409,typo_noise_medium,117,117,2.3288381099700928,2.3605849742889404,33,0.28205128205128205,3.5454545454545454,3.5454545454545454,36,0.3076923076923077,3.25,3.25,3
test_typo_noise_heavy_000410,typo_noise_heavy,156,156,3.9142723083496094,3.010812997817993,68,0.4358974358974359,2.2941176470588234,2.2941176470588234,71,0.4551282051282051,2.1971830985915495,2.1971830985915495,3
test_typo_noise_light_000411,typo_noise_light,146,146,0.6562682390213013,0.9749842286109924,31,0.21232876712328766,4.709677419354839,4.709677419354839,34,0.2328767123287671,4.294117647058823,4.294117647058823,3
test_typo_noise_medium_000412,typo_noise_medium,146,146,2.200798988342285,2.070385217666626,46,0.3150684931506849,3.1739130434782608,3.1739130434782608,51,0.3493150684931507,2.8627450980392157,2.8627450980392157,5
test_typo_noise_heavy_000413,typo_noise_heavy,175,175,1.6856436729431152,1.4387835264205933,53,0.3028571428571429,3.30188679245283,3.30188679245283,60,0.34285714285714286,2.9166666666666665,2.9166666666666665,7
test_typo_noise_light_000414,typo_noise_light,111,111,0.5935519933700562,0.7032983899116516,38,0.34234234234234234,2.9210526315789473,2.9210526315789473,51,0.4594594594594595,2.176470588235294,2.176470588235294,13
test_typo_noise_medium_000415,typo_noise_medium,111,111,2.1736621856689453,1.362122893333435,54,0.4864864864864865,2.0555555555555554,2.0555555555555554,60,0.5405405405405406,1.85,1.85,6
test_typo_noise_heavy_000416,typo_noise_heavy,89,89,2.7342188358306885,2.9897704124450684,33,0.3707865168539326,2.696969696969697,2.696969696969697,36,0.4044943820224719,2.4722222222222223,2.4722222222222223,3
test_typo_noise_light_000417,typo_noise_light,145,145,1.0556268692016602,1.69305419921875,34,0.23448275862068965,4.264705882352941,4.264705882352941,40,0.27586206896551724,3.625,3.625,6
test_typo_noise_medium_000418,typo_noise_medium,138,138,1.6765758991241455,1.6660711765289307,36,0.2608695652173913,3.8333333333333335,3.8333333333333335,40,0.2898550724637681,3.45,3.45,4
test_typo_noise_heavy_000419,typo_noise_heavy,138,138,4.819122791290283,4.137357711791992,52,0.37681159420289856,2.6538461538461537,2.6538461538461537,59,0.427536231884058,2.3389830508474576,2.3389830508474576,7
test_typo_noise_light_000420,typo_noise_light,130,130,0.3542012572288513,0.794461190700531,37,0.2846153846153846,3.5135135135135136,3.5135135135135136,38,0.2923076923076923,3.4210526315789473,3.4210526315789473,1
test_typo_noise_medium_000421,typo_noise_medium,144,144,0.2967659533023834,0.7710633873939514,50,0.3472222222222222,2.88,2.88,51,0.3541666666666667,2.823529411764706,2.823529411764706,1
test_typo_noise_heavy_000422,typo_noise_heavy,124,124,3.746375560760498,1.8232452869415283,59,0.47580645161290325,2.1016949152542375,2.1016949152542375,63,0.5080645161290323,1.9682539682539681,1.9682539682539681,4
test_typo_noise_light_000423,typo_noise_light,126,126,2.1797168254852295,2.265897512435913,31,0.24603174603174602,4.064516129032258,4.064516129032258,32,0.25396825396825395,3.9375,3.9375,1
test_typo_noise_medium_000424,typo_noise_medium,146,146,1.8907363414764404,2.083035945892334,43,0.2945205479452055,3.395348837209302,3.395348837209302,48,0.3287671232876712,3.0416666666666665,3.0416666666666665,5
test_typo_noise_heavy_000425,typo_noise_heavy,133,133,4.553213119506836,3.8805110454559326,48,0.3609022556390977,2.7708333333333335,2.7708333333333335,50,0.37593984962406013,2.66,2.66,2
test_typo_noise_light_000426,typo_noise_light,133,133,0.8883059620857239,1.196362853050232,36,0.2706766917293233,3.6944444444444446,3.6944444444444446,40,0.3007518796992481,3.325,3.325,4
test_typo_noise_medium_000427,typo_noise_medium,146,146,0.9083003997802734,0.9217599630355835,41,0.2808219178082192,3.5609756097560976,3.5609756097560976,43,0.2945205479452055,3.395348837209302,3.395348837209302,2
test_typo_noise_heavy_000428,typo_noise_heavy,153,153,0.5329192280769348,0.7864982485771179,48,0.3137254901960784,3.1875,3.1875,50,0.32679738562091504,3.06,3.06,2
test_typo_noise_light_000429,typo_noise_light,118,118,2.278024911880493,1.5472986698150635,60,0.5084745762711864,1.9666666666666666,1.9666666666666666,64,0.5423728813559322,1.84375,1.84375,4
test_typo_noise_medium_000430,typo_noise_medium,106,106,1.5449764728546143,1.7897746562957764,35,0.330188679245283,3.0285714285714285,3.0285714285714285,39,0.36792452830188677,2.717948717948718,2.717948717948718,4
test_typo_noise_heavy_000431,typo_noise_heavy,142,142,3.3731532096862793,3.680540084838867,64,0.4507042253521127,2.21875,2.21875,71,0.5,2.0,2.0,7
test_typo_noise_light_000432,typo_noise_light,124,124,1.1668744087219238,1.3294075727462769,31,0.25,4.0,4.0,34,0.27419354838709675,3.6470588235294117,3.6470588235294117,3
test_typo_noise_medium_000433,typo_noise_medium,124,124,2.0171303749084473,2.333441972732544,43,0.3467741935483871,2.883720930232558,2.883720930232558,44,0.3548387096774194,2.8181818181818183,2.8181818181818183,1
test_typo_noise_heavy_000434,typo_noise_heavy,149,149,1.6101502180099487,1.3469338417053223,52,0.348993288590604,2.8653846153846154,2.8653846153846154,55,0.3691275167785235,2.709090909090909,2.709090909090909,3
test_typo_noise_light_000435,typo_noise_light,152,152,0.2993469536304474,0.7878085970878601,46,0.3026315789473684,3.3043478260869565,3.3043478260869565,48,0.3157894736842105,3.1666666666666665,3.1666666666666665,2
test_typo_noise_medium_000436,typo_noise_medium,133,133,3.6057095527648926,2.079179286956787,61,0.45864661654135336,2.180327868852459,2.180327868852459,68,0.5112781954887218,1.9558823529411764,1.9558823529411764,7
test_typo_noise_heavy_000437,typo_noise_heavy,106,106,3.120454788208008,3.395256280899048,33,0.3113207547169811,3.212121212121212,3.212121212121212,36,0.33962264150943394,2.9444444444444446,2.9444444444444446,3
test_typo_noise_light_000438,typo_noise_light,139,139,1.5195469856262207,1.5329748392105103,39,0.2805755395683453,3.5641025641025643,3.5641025641025643,41,0.2949640287769784,3.3902439024390243,3.3902439024390243,2
test_typo_noise_medium_000439,typo_noise_medium,132,132,2.1247103214263916,3.100517749786377,39,0.29545454545454547,3.3846153846153846,3.3846153846153846,41,0.3106060606060606,3.2195121951219514,3.2195121951219514,2
test_typo_noise_heavy_000440,typo_noise_heavy,132,132,4.9750237464904785,4.702860355377197,49,0.3712121212121212,2.693877551020408,2.693877551020408,59,0.44696969696969696,2.23728813559322,2.23728813559322,10
test_typo_noise_light_000441,typo_noise_light,141,141,0.6623510122299194,1.0535684823989868,35,0.24822695035460993,4.0285714285714285,4.0285714285714285,40,0.28368794326241137,3.525,3.525,5
test_typo_noise_medium_000442,typo_noise_medium,134,134,0.5113529562950134,0.9506029486656189,38,0.2835820895522388,3.526315789473684,3.526315789473684,50,0.373134328358209,2.68,2.68,12
test_typo_noise_heavy_000443,typo_noise_heavy,134,134,3.3354275226593018,2.545576333999634,60,0.44776119402985076,2.2333333333333334,2.2333333333333334,74,0.5522388059701493,1.8108108108108107,1.8108108108108107,14
test_typo_noise_light_000444,typo_noise_light,122,122,1.3563182353973389,1.4158543348312378,29,0.23770491803278687,4.206896551724138,4.206896551724138,33,0.27049180327868855,3.696969696969697,3.696969696969697,4
test_typo_noise_medium_000445,typo_noise_medium,141,141,1.5358766317367554,1.4121452569961548,44,0.3120567375886525,3.2045454545454546,3.2045454545454546,49,0.3475177304964539,2.877551020408163,2.877551020408163,5
test_typo_noise_heavy_000446,typo_noise_heavy,128,128,2.9331891536712646,2.358609437942505,42,0.328125,3.0476190476190474,3.0476190476190474,46,0.359375,2.782608695652174,2.782608695652174,4
test_typo_noise_light_000447,typo_noise_light,149,149,1.9395784139633179,1.8976473808288574,38,0.2550335570469799,3.9210526315789473,3.9210526315789473,44,0.2953020134228188,3.3863636363636362,3.3863636363636362,6
test_typo_noise_medium_000448,typo_noise_medium,164,164,0.9693472385406494,1.1741310358047485,44,0.2682926829268293,3.727272727272727,3.727272727272727,49,0.29878048780487804,3.3469387755102042,3.3469387755102042,5
test_typo_noise_heavy_000449,typo_noise_heavy,169,169,0.39037075638771057,0.9799841642379761,44,0.2603550295857988,3.840909090909091,3.840909090909091,48,0.28402366863905326,3.5208333333333335,3.5208333333333335,4
test_typo_noise_light_000450,typo_noise_light,144,144,4.529177188873291,2.972960948944092,68,0.4722222222222222,2.1176470588235294,2.1176470588235294,73,0.5069444444444444,1.9726027397260273,1.9726027397260273,5
test_typo_noise_medium_000451,typo_noise_medium,130,130,1.4506078958511353,1.841094732284546,30,0.23076923076923078,4.333333333333333,4.333333333333333,35,0.2692307692307692,3.7142857142857144,3.7142857142857144,5
test_typo_noise_heavy_000452,typo_noise_heavy,173,173,2.7185306549072266,2.949061393737793,61,0.35260115606936415,2.8360655737704916,2.8360655737704916,69,0.3988439306358382,2.5072463768115942,2.5072463768115942,8
test_typo_noise_light_000453,typo_noise_light,130,130,0.5771916508674622,0.8705455660820007,32,0.24615384615384617,4.0625,4.0625,33,0.25384615384615383,3.9393939393939394,3.9393939393939394,1
test_typo_noise_medium_000454,typo_noise_medium,130,130,2.483402967453003,2.779641628265381,41,0.3153846153846154,3.1707317073170733,3.1707317073170733,43,0.33076923076923076,3.0232558139534884,3.0232558139534884,2
test_typo_noise_heavy_000455,typo_noise_heavy,156,156,0.974237322807312,1.1362197399139404,55,0.3525641025641026,2.8363636363636364,2.8363636363636364,58,0.3717948717948718,2.689655172413793,2.689655172413793,3
test_typo_noise_light_000456,typo_noise_light,97,97,1.0109424591064453,0.8725663423538208,38,0.3917525773195876,2.5526315789473686,2.5526315789473686,49,0.5051546391752577,1.9795918367346939,1.9795918367346939,11
test_typo_noise_medium_000457,typo_noise_medium,97,97,4.640133857727051,3.1418213844299316,53,0.5463917525773195,1.830188679245283,1.830188679245283,56,0.5773195876288659,1.7321428571428572,1.7321428571428572,3
test_typo_noise_heavy_000458,typo_noise_heavy,78,78,3.702310800552368,3.8473873138427734,28,0.358974358974359,2.7857142857142856,2.7857142857142856,30,0.38461538461538464,2.6,2.6,2
test_typo_noise_light_000459,typo_noise_light,149,149,0.7240856885910034,1.3080686330795288,32,0.21476510067114093,4.65625,4.65625,38,0.2550335570469799,3.9210526315789473,3.9210526315789473,6
test_typo_noise_medium_000460,typo_noise_medium,142,142,1.6010711193084717,1.3112287521362305,42,0.29577464788732394,3.380952380952381,3.380952380952381,46,0.323943661971831,3.0869565217391304,3.0869565217391304,4
test_typo_noise_heavy_000461,typo_noise_heavy,142,142,3.377218008041382,3.2811081409454346,58,0.4084507042253521,2.4482758620689653,2.4482758620689653,61,0.4295774647887324,2.3278688524590163,2.3278688524590163,3
test_typo_noise_light_000462,typo_noise_light,140,140,0.842385470867157,0.6310320496559143,40,0.2857142857142857,3.5,3.5,43,0.30714285714285716,3.255813953488372,3.255813953488372,3
test_typo_noise_medium_000463,typo_noise_medium,133,133,0.7235098481178284,0.7649462223052979,45,0.3383458646616541,2.9555555555555557,2.9555555555555557,57,0.42857142857142855,2.3333333333333335,2.3333333333333335,12
test_typo_noise_heavy_000464,typo_noise_heavy,133,133,4.399670600891113,2.905132532119751,69,0.518796992481203,1.9275362318840579,1.9275362318840579,76,0.5714285714285714,1.75,1.75,7
test_typo_noise_light_000465,typo_noise_light,129,129,1.2730231285095215,1.4287899732589722,33,0.2558139534883721,3.909090909090909,3.909090909090909,36,0.27906976744186046,3.5833333333333335,3.5833333333333335,3
test_typo_noise_medium_000466,typo_noise_medium,150,150,2.1863107681274414,2.6010169982910156,52,0.3466666666666667,2.8846153846153846,2.8846153846153846,56,0.37333333333333335,2.6785714285714284,2.6785714285714284,4
test_typo_noise_heavy_000467,typo_noise_heavy,136,136,3.926363468170166,3.4519848823547363,43,0.3161764705882353,3.1627906976744184,3.1627906976744184,47,0.34558823529411764,2.893617021276596,2.893617021276596,4
test_typo_noise_light_000468,typo_noise_light,130,130,1.333727240562439,1.4325822591781616,38,0.2923076923076923,3.4210526315789473,3.4210526315789473,41,0.3153846153846154,3.1707317073170733,3.1707317073170733,3
test_typo_noise_medium_000469,typo_noise_medium,143,143,0.6586909294128418,1.0671857595443726,45,0.3146853146853147,3.1777777777777776,3.1777777777777776,46,0.32167832167832167,3.108695652173913,3.108695652173913,1
test_typo_noise_heavy_000470,typo_noise_heavy,133,133,0.9607744216918945,1.140537142753601,40,0.3007518796992481,3.325,3.325,52,0.39097744360902253,2.5576923076923075,2.5576923076923075,12
test_typo_noise_light_000471,typo_noise_light,117,117,2.9179399013519287,1.1732566356658936,56,0.47863247863247865,2.0892857142857144,2.0892857142857144,60,0.5128205128205128,1.95,1.95,4
test_typo_noise_medium_000472,typo_noise_medium,105,105,2.6422386169433594,1.9725167751312256,28,0.26666666666666666,3.75,3.75,34,0.3238095238095238,3.088235294117647,3.088235294117647,6
test_typo_noise_heavy_000473,typo_noise_heavy,140,140,3.526350259780884,3.618682384490967,64,0.45714285714285713,2.1875,2.1875,68,0.4857142857142857,2.0588235294117645,2.0588235294117645,4
test_typo_noise_light_000474,typo_noise_light,120,120,0.7338551878929138,1.1377695798873901,33,0.275,3.6363636363636362,3.6363636363636362,34,0.2833333333333333,3.5294117647058822,3.5294117647058822,1
test_typo_noise_medium_000475,typo_noise_medium,120,120,3.7644193172454834,2.7527730464935303,41,0.3416666666666667,2.926829268292683,2.926829268292683,45,0.375,2.6666666666666665,2.6666666666666665,4
test_typo_noise_heavy_000476,typo_noise_heavy,144,144,1.2360217571258545,1.406660556793213,49,0.3402777777777778,2.938775510204082,2.938775510204082,52,0.3611111111111111,2.769230769230769,2.769230769230769,3
test_typo_noise_light_000477,typo_noise_light,159,159,0.3814040720462799,0.9814506769180298,44,0.27672955974842767,3.6136363636363638,3.6136363636363638,46,0.2893081761006289,3.4565217391304346,3.4565217391304346,2
test_typo_noise_medium_000478,typo_noise_medium,139,139,5.118048191070557,3.5675346851348877,69,0.49640287769784175,2.0144927536231885,2.0144927536231885,75,0.539568345323741,1.8533333333333333,1.8533333333333333,6
test_typo_noise_heavy_000479,typo_noise_heavy,111,111,4.523593902587891,4.057145595550537,37,0.3333333333333333,3.0,3.0,38,0.34234234234234234,2.9210526315789473,2.9210526315789473,1
test_typo_noise_light_000480,typo_noise_light,140,140,1.0789626836776733,1.4585832357406616,32,0.22857142857142856,4.375,4.375,37,0.2642857142857143,3.7837837837837838,3.7837837837837838,5
test_typo_noise_medium_000481,typo_noise_medium,133,133,2.4788315296173096,2.79907488822937,43,0.3233082706766917,3.0930232558139537,3.0930232558139537,44,0.3308270676691729,3.022727272727273,3.022727272727273,1
test_typo_noise_heavy_000482,typo_noise_heavy,133,133,6.029293060302734,5.219061374664307,51,0.38345864661654133,2.607843137254902,2.607843137254902,55,0.41353383458646614,2.418181818181818,2.418181818181818,4
test_typo_noise_light_000483,typo_noise_light,138,138,1.1346542835235596,1.2228002548217773,34,0.2463768115942029,4.0588235294117645,4.0588235294117645,36,0.2608695652173913,3.8333333333333335,3.8333333333333335,2
test_typo_noise_medium_000484,typo_noise_medium,148,148,0.33685314655303955,0.8105654120445251,43,0.2905405405405405,3.441860465116279,3.441860465116279,45,0.30405405405405406,3.2888888888888888,3.2888888888888888,2
test_typo_noise_heavy_000485,typo_noise_heavy,131,131,4.497210502624512,2.2174742221832275,64,0.48854961832061067,2.046875,2.046875,71,0.5419847328244275,1.8450704225352113,1.8450704225352113,7
test_typo_noise_light_000486,typo_noise_light,136,136,1.0698482990264893,1.2144770622253418,35,0.25735294117647056,3.8857142857142857,3.8857142857142857,38,0.27941176470588236,3.5789473684210527,3.5789473684210527,3
test_typo_noise_medium_000487,typo_noise_medium,157,157,2.0625829696655273,1.990203619003296,54,0.34394904458598724,2.9074074074074074,2.9074074074074074,58,0.36942675159235666,2.706896551724138,2.706896551724138,4
test_typo_noise_heavy_000488,typo_noise_heavy,143,143,3.7733638286590576,2.831937789916992,59,0.4125874125874126,2.4237288135593222,2.4237288135593222,63,0.4405594405594406,2.2698412698412698,2.2698412698412698,4
test_typo_noise_light_000489,typo_noise_light,123,123,1.5046781301498413,1.6846641302108765,36,0.2926829268292683,3.4166666666666665,3.4166666666666665,39,0.3170731707317073,3.1538461538461537,3.1538461538461537,3
test_typo_noise_medium_000490,typo_noise_medium,135,135,1.165826439857483,0.8836646676063538,43,0.31851851851851853,3.13953488372093,3.13953488372093,45,0.3333333333333333,3.0,3.0,2
test_typo_noise_heavy_000491,typo_noise_heavy,123,123,0.7232065200805664,0.645503580570221,40,0.3252032520325203,3.075,3.075,53,0.43089430894308944,2.3207547169811322,2.3207547169811322,13
test_typo_noise_light_000492,typo_noise_light,133,133,2.7087838649749756,2.8768389225006104,62,0.46616541353383456,2.1451612903225805,2.1451612903225805,66,0.49624060150375937,2.015151515151515,2.015151515151515,4
test_typo_noise_medium_000493,typo_noise_medium,120,120,2.219362258911133,1.9007495641708374,34,0.2833333333333333,3.5294117647058822,3.5294117647058822,38,0.31666666666666665,3.1578947368421053,3.1578947368421053,4
test_typo_noise_heavy_000494,typo_noise_heavy,160,160,4.002124786376953,3.2565104961395264,65,0.40625,2.4615384615384617,2.4615384615384617,69,0.43125,2.318840579710145,2.318840579710145,4
test_typo_noise_light_000495,typo_noise_light,140,140,1.6977438926696777,1.949521780014038,32,0.22857142857142856,4.375,4.375,36,0.2571428571428571,3.888888888888889,3.888888888888889,4
test_typo_noise_medium_000496,typo_noise_medium,140,140,2.335918664932251,1.8594077825546265,41,0.29285714285714287,3.4146341463414633,3.4146341463414633,45,0.32142857142857145,3.111111111111111,3.111111111111111,4
test_typo_noise_heavy_000497,typo_noise_heavy,168,168,1.8234730958938599,1.2046958208084106,56,0.3333333333333333,3.0,3.0,61,0.3630952380952381,2.7540983606557377,2.7540983606557377,5
test_typo_noise_light_000498,typo_noise_light,133,133,0.459892600774765,0.7672788500785828,42,0.3157894736842105,3.1666666666666665,3.1666666666666665,55,0.41353383458646614,2.418181818181818,2.418181818181818,13
test_typo_noise_medium_000499,typo_noise_medium,133,133,5.453684329986572,2.9275553226470947,76,0.5714285714285714,1.75,1.75,80,0.6015037593984962,1.6625,1.6625,4
test_typo_noise_heavy_000500,typo_noise_heavy,106,106,3.8973388671875,3.5638034343719482,36,0.33962264150943394,2.9444444444444446,2.9444444444444446,38,0.3584905660377358,2.789473684210526,2.789473684210526,2
test_typo_noise_light_000501,typo_noise_light,125,125,0.8189473152160645,1.2074556350708008,37,0.296,3.3783783783783785,3.3783783783783785,38,0.304,3.289473684210526,3.289473684210526,1
test_typo_noise_medium_000502,typo_noise_medium,119,119,1.5670945644378662,1.3624681234359741,36,0.3025210084033613,3.3055555555555554,3.3055555555555554,40,0.33613445378151263,2.975,2.975,4
test_typo_noise_heavy_000503,typo_noise_heavy,119,119,3.714123010635376,3.3435139656066895,50,0.42016806722689076,2.38,2.38,53,0.44537815126050423,2.2452830188679247,2.2452830188679247,3
test_typo_noise_light_000504,typo_noise_light,131,131,1.2742406129837036,1.262343406677246,29,0.22137404580152673,4.517241379310345,4.517241379310345,33,0.25190839694656486,3.9696969696969697,3.9696969696969697,4
test_typo_noise_medium_000505,typo_noise_medium,143,143,0.36022305488586426,0.9300753474235535,41,0.2867132867132867,3.4878048780487805,3.4878048780487805,43,0.3006993006993007,3.3255813953488373,3.3255813953488373,2
test_typo_noise_heavy_000506,typo_noise_heavy,125,125,5.540128231048584,4.278213024139404,56,0.448,2.232142857142857,2.232142857142857,60,0.48,2.0833333333333335,2.0833333333333335,4
test_typo_noise_light_000507,typo_noise_light,126,126,0.9308033585548401,1.0893440246582031,30,0.23809523809523808,4.2,4.2,31,0.24603174603174602,4.064516129032258,4.064516129032258,1
test_typo_noise_medium_000508,typo_noise_medium,146,146,1.4640312194824219,1.5421563386917114,51,0.3493150684931507,2.8627450980392157,2.8627450980392157,57,0.3904109589041096,2.56140350877193,2.56140350877193,6
test_typo_noise_heavy_000509,typo_noise_heavy,133,133,2.1184537410736084,2.256284713745117,51,0.38345864661654133,2.607843137254902,2.607843137254902,54,0.40601503759398494,2.462962962962963,2.462962962962963,3
test_typo_noise_light_000510,typo_noise_light,136,136,0.6760257482528687,1.6022905111312866,32,0.23529411764705882,4.25,4.25,35,0.25735294117647056,3.8857142857142857,3.8857142857142857,3
test_typo_noise_medium_000511,typo_noise_medium,150,150,1.0062083005905151,1.118895411491394,44,0.29333333333333333,3.409090909090909,3.409090909090909,46,0.30666666666666664,3.260869565217391,3.260869565217391,2
test_typo_noise_heavy_000512,typo_noise_heavy,136,136,0.8167511820793152,0.8714534044265747,39,0.2867647058823529,3.4871794871794872,3.4871794871794872,57,0.41911764705882354,2.3859649122807016,2.3859649122807016,18
test_typo_noise_light_000513,typo_noise_light,142,142,6.270993232727051,4.2626118659973145,69,0.4859154929577465,2.0579710144927534,2.0579710144927534,78,0.5492957746478874,1.8205128205128205,1.8205128205128205,9
test_typo_noise_medium_000514,typo_noise_medium,128,128,2.6833884716033936,2.269728422164917,29,0.2265625,4.413793103448276,4.413793103448276,33,0.2578125,3.878787878787879,3.878787878787879,4
test_typo_noise_heavy_000515,typo_noise_heavy,170,170,3.665908098220825,3.142589569091797,67,0.3941176470588235,2.537313432835821,2.537313432835821,70,0.4117647058823529,2.4285714285714284,2.4285714285714284,3
test_typo_noise_light_000516,typo_noise_light,110,110,2.0180602073669434,2.1428258419036865,39,0.35454545454545455,2.8205128205128207,2.8205128205128207,44,0.4,2.5,2.5,5
test_typo_noise_medium_000517,typo_noise_medium,110,110,2.9589810371398926,2.6892342567443848,46,0.41818181818181815,2.391304347826087,2.391304347826087,48,0.43636363636363634,2.2916666666666665,2.2916666666666665,2
test_typo_noise_heavy_000518,typo_noise_heavy,132,132,1.302889108657837,1.4637136459350586,47,0.3560606060606061,2.8085106382978724,2.8085106382978724,49,0.3712121212121212,2.693877551020408,2.693877551020408,2
test_typo_noise_light_000519,typo_noise_light,132,132,0.9385415315628052,1.0798397064208984,38,0.2878787878787879,3.473684210526316,3.473684210526316,49,0.3712121212121212,2.693877551020408,2.693877551020408,11
test_typo_noise_medium_000520,typo_noise_medium,132,132,4.068692684173584,2.974144220352173,66,0.5,2.0,2.0,70,0.5303030303030303,1.8857142857142857,1.8857142857142857,4
test_typo_noise_heavy_000521,typo_noise_heavy,106,106,3.2877917289733887,2.8896524906158447,37,0.3490566037735849,2.864864864864865,2.864864864864865,38,0.3584905660377358,2.789473684210526,2.789473684210526,1
test_typo_noise_light_000522,typo_noise_light,131,131,0.962250292301178,1.2650190591812134,35,0.26717557251908397,3.742857142857143,3.742857142857143,41,0.31297709923664124,3.1951219512195124,3.1951219512195124,6
test_typo_noise_medium_000523,typo_noise_medium,125,125,1.6008027791976929,1.5845693349838257,38,0.304,3.289473684210526,3.289473684210526,42,0.336,2.9761904761904763,2.9761904761904763,4
test_typo_noise_heavy_000524,typo_noise_heavy,125,125,4.098922252655029,3.9107284545898438,52,0.416,2.4038461538461537,2.4038461538461537,57,0.456,2.192982456140351,2.192982456140351,5
test_typo_noise_light_000525,typo_noise_light,144,144,0.4333074390888214,0.7732982635498047,37,0.2569444444444444,3.891891891891892,3.891891891891892,40,0.2777777777777778,3.6,3.6,3
test_typo_noise_medium_000526,typo_noise_medium,137,137,0.5495370030403137,0.9669527411460876,40,0.291970802919708,3.425,3.425,54,0.39416058394160586,2.537037037037037,2.537037037037037,14
test_typo_noise_heavy_000527,typo_noise_heavy,137,137,3.5997281074523926,2.4660918712615967,61,0.44525547445255476,2.2459016393442623,2.2459016393442623,71,0.5182481751824818,1.9295774647887325,1.9295774647887325,10
test_typo_noise_light_000528,typo_noise_light,114,114,1.0362658500671387,1.2568273544311523,29,0.2543859649122807,3.9310344827586206,3.9310344827586206,34,0.2982456140350877,3.3529411764705883,3.3529411764705883,5
test_typo_noise_medium_000529,typo_noise_medium,132,132,1.078615665435791,1.2239668369293213,46,0.3484848484848485,2.869565217391304,2.869565217391304,49,0.3712121212121212,2.693877551020408,2.693877551020408,3
test_typo_noise_heavy_000530,typo_noise_heavy,120,120,3.7518510818481445,2.8639893531799316,52,0.43333333333333335,2.3076923076923075,2.3076923076923075,57,0.475,2.1052631578947367,2.1052631578947367,5
test_typo_noise_light_000531,typo_noise_light,121,121,1.6083990335464478,1.79205322265625,37,0.30578512396694213,3.27027027027027,3.27027027027027,40,0.3305785123966942,3.025,3.025,3
test_typo_noise_medium_000532,typo_noise_medium,133,133,0.7100809812545776,0.7855719327926636,40,0.3007518796992481,3.325,3.325,43,0.3233082706766917,3.0930232558139537,3.0930232558139537,3
test_typo_noise_heavy_000533,typo_noise_heavy,121,121,0.5378779768943787,0.6762334704399109,39,0.32231404958677684,3.1025641025641026,3.1025641025641026,50,0.4132231404958678,2.42,2.42,11
test_typo_noise_light_000534,typo_noise_light,131,131,2.8310413360595703,2.2283129692077637,63,0.48091603053435117,2.0793650793650795,2.0793650793650795,69,0.5267175572519084,1.8985507246376812,1.8985507246376812,6
test_typo_noise_medium_000535,typo_noise_medium,118,118,0.8015670776367188,1.308027982711792,31,0.2627118644067797,3.806451612903226,3.806451612903226,34,0.288135593220339,3.4705882352941178,3.4705882352941178,3
test_typo_noise_heavy_000536,typo_noise_heavy,157,157,2.070352077484131,2.5050783157348633,61,0.3885350318471338,2.5737704918032787,2.5737704918032787,67,0.4267515923566879,2.343283582089552,2.343283582089552,6
test_typo_noise_light_000537,typo_noise_light,123,123,1.033595085144043,1.3208460807800293,33,0.2682926829268293,3.727272727272727,3.727272727272727,39,0.3170731707317073,3.1538461538461537,3.1538461538461537,6
test_typo_noise_medium_000538,typo_noise_medium,123,123,3.427672863006592,2.516397476196289,43,0.34959349593495936,2.86046511627907,2.86046511627907,49,0.3983739837398374,2.510204081632653,2.510204081632653,6
test_typo_noise_heavy_000539,typo_noise_heavy,148,148,1.5194941759109497,1.4150441884994507,50,0.33783783783783783,2.96,2.96,55,0.3716216216216216,2.690909090909091,2.690909090909091,5
test_typo_noise_light_000540,typo_noise_light,158,158,0.303087443113327,0.854568362236023,50,0.31645569620253167,3.16,3.16,51,0.3227848101265823,3.0980392156862746,3.0980392156862746,1
test_typo_noise_medium_000541,typo_noise_medium,138,138,2.7078237533569336,2.528177261352539,63,0.45652173913043476,2.1904761904761907,2.1904761904761907,75,0.5434782608695652,1.84,1.84,12
test_typo_noise_heavy_000542,typo_noise_heavy,110,110,3.137669324874878,2.6702723503112793,43,0.39090909090909093,2.558139534883721,2.558139534883721,50,0.45454545454545453,2.2,2.2,7
test_typo_noise_light_000543,typo_noise_light,136,136,0.8803096413612366,0.9982212781906128,37,0.27205882352941174,3.675675675675676,3.675675675675676,40,0.29411764705882354,3.4,3.4,3
test_typo_noise_medium_000544,typo_noise_medium,130,130,1.243558645248413,1.3515222072601318,40,0.3076923076923077,3.25,3.25,45,0.34615384615384615,2.888888888888889,2.888888888888889,5
test_typo_noise_heavy_000545,typo_noise_heavy,130,130,2.849344491958618,2.4560773372650146,54,0.4153846153846154,2.4074074074074074,2.4074074074074074,59,0.45384615384615384,2.2033898305084745,2.2033898305084745,5
test_typo_noise_light_000546,typo_noise_light,117,117,0.6198704838752747,1.0012967586517334,36,0.3076923076923077,3.25,3.25,39,0.3333333333333333,3.0,3.0,3
test_typo_noise_medium_000547,typo_noise_medium,129,129,0.2562796473503113,0.8052358031272888,48,0.37209302325581395,2.6875,2.6875,50,0.3875968992248062,2.58,2.58,2
test_typo_noise_heavy_000548,typo_noise_heavy,111,111,2.6283020973205566,1.631556510925293,53,0.4774774774774775,2.0943396226415096,2.0943396226415096,62,0.5585585585585585,1.7903225806451613,1.7903225806451613,9
test_typo_noise_light_000549,typo_noise_light,127,127,1.0568171739578247,1.5465466976165771,34,0.2677165354330709,3.735294117647059,3.735294117647059,36,0.28346456692913385,3.5277777777777777,3.5277777777777777,2
test_typo_noise_medium_000550,typo_noise_medium,147,147,1.1791938543319702,1.4946051836013794,53,0.36054421768707484,2.7735849056603774,2.7735849056603774,56,0.38095238095238093,2.625,2.625,3
test_typo_noise_heavy_000551,typo_noise_heavy,134,134,3.162827730178833,3.1729581356048584,49,0.3656716417910448,2.7346938775510203,2.7346938775510203,51,0.3805970149253731,2.627450980392157,2.627450980392157,2
test_typo_noise_light_000552,typo_noise_light,147,147,1.3596115112304688,1.7038342952728271,36,0.24489795918367346,4.083333333333333,4.083333333333333,40,0.272108843537415,3.675,3.675,4
test_typo_noise_medium_000553,typo_noise_medium,162,162,0.6096494793891907,1.0230103731155396,38,0.2345679012345679,4.2631578947368425,4.2631578947368425,44,0.2716049382716049,3.6818181818181817,3.6818181818181817,6
test_typo_noise_heavy_000554,typo_noise_heavy,147,147,0.6526487469673157,0.9171943664550781,38,0.2585034013605442,3.8684210526315788,3.8684210526315788,53,0.36054421768707484,2.7735849056603774,2.7735849056603774,15
test_typo_noise_light_000555,typo_noise_light,113,113,3.7552638053894043,1.3638488054275513,61,0.5398230088495575,1.8524590163934427,1.8524590163934427,63,0.5575221238938053,1.7936507936507937,1.7936507936507937,2
test_typo_noise_medium_000556,typo_noise_medium,102,102,1.68869948387146,1.3766714334487915,31,0.30392156862745096,3.2903225806451615,3.2903225806451615,34,0.3333333333333333,3.0,3.0,3
test_typo_noise_heavy_000557,typo_noise_heavy,136,136,2.4261159896850586,2.198521852493286,58,0.4264705882352941,2.3448275862068964,2.3448275862068964,62,0.45588235294117646,2.193548387096774,2.193548387096774,4
test_typo_noise_light_000558,typo_noise_light,126,126,1.3692200183868408,1.2555660009384155,32,0.25396825396825395,3.9375,3.9375,37,0.29365079365079366,3.4054054054054053,3.4054054054054053,5
test_typo_noise_medium_000559,typo_noise_medium,126,126,2.752350330352783,2.821493148803711,40,0.31746031746031744,3.15,3.15,49,0.3888888888888889,2.5714285714285716,2.5714285714285716,9
test_typo_noise_heavy_000560,typo_noise_heavy,151,151,1.8143024444580078,1.0620888471603394,55,0.36423841059602646,2.7454545454545456,2.7454545454545456,55,0.36423841059602646,2.7454545454545456,2.7454545454545456,0
test_typo_noise_light_000561,typo_noise_light,105,105,0.5962687134742737,0.7711628079414368,38,0.3619047619047619,2.763157894736842,2.763157894736842,50,0.47619047619047616,2.1,2.1,12
test_typo_noise_medium_000562,typo_noise_medium,105,105,3.3707728385925293,1.6809664964675903,57,0.5428571428571428,1.8421052631578947,1.8421052631578947,60,0.5714285714285714,1.75,1.75,3
test_typo_noise_heavy_000563,typo_noise_heavy,84,84,2.7109875679016113,2.8449361324310303,33,0.39285714285714285,2.5454545454545454,2.5454545454545454,38,0.4523809523809524,2.210526315789474,2.210526315789474,5
test_typo_noise_light_000564,typo_noise_light,102,102,0.9559868574142456,1.1283848285675049,32,0.3137254901960784,3.1875,3.1875,35,0.3431372549019608,2.914285714285714,2.914285714285714,3
test_typo_noise_medium_000565,typo_noise_medium,97,97,1.8295395374298096,1.7236312627792358,34,0.35051546391752575,2.8529411764705883,2.8529411764705883,36,0.3711340206185567,2.6944444444444446,2.6944444444444446,2
test_typo_noise_heavy_000566,typo_noise_heavy,97,97,4.835856914520264,4.479720592498779,44,0.4536082474226804,2.2045454545454546,2.2045454545454546,46,0.4742268041237113,2.108695652173913,2.108695652173913,2
test_typo_noise_light_000567,typo_noise_light,132,132,0.9241358637809753,1.152527928352356,35,0.26515151515151514,3.7714285714285714,3.7714285714285714,36,0.2727272727272727,3.6666666666666665,3.6666666666666665,1
test_typo_noise_medium_000568,typo_noise_medium,126,126,0.5154211521148682,0.7392134070396423,39,0.30952380952380953,3.230769230769231,3.230769230769231,48,0.38095238095238093,2.625,2.625,9
test_typo_noise_heavy_000569,typo_noise_heavy,126,126,1.8479247093200684,2.2016186714172363,63,0.5,2.0,2.0,70,0.5555555555555556,1.8,1.8,7
test_typo_noise_light_000570,typo_noise_light,118,118,1.5433269739151,1.393459677696228,31,0.2627118644067797,3.806451612903226,3.806451612903226,33,0.2796610169491525,3.5757575757575757,3.5757575757575757,2
test_typo_noise_medium_000571,typo_noise_medium,136,136,1.5664879083633423,1.5288888216018677,48,0.35294117647058826,2.8333333333333335,2.8333333333333335,51,0.375,2.6666666666666665,2.6666666666666665,3
test_typo_noise_heavy_000572,typo_noise_heavy,124,124,2.0879080295562744,2.4662210941314697,44,0.3548387096774194,2.8181818181818183,2.8181818181818183,47,0.3790322580645161,2.6382978723404253,2.6382978723404253,3
test_typo_noise_light_000573,typo_noise_light,130,130,1.5205892324447632,1.5621682405471802,35,0.2692307692307692,3.7142857142857144,3.7142857142857144,35,0.2692307692307692,3.7142857142857144,3.7142857142857144,0
test_typo_noise_medium_000574,typo_noise_medium,143,143,0.47413620352745056,0.8746451139450073,43,0.3006993006993007,3.3255813953488373,3.3255813953488373,44,0.3076923076923077,3.25,3.25,1
test_typo_noise_heavy_000575,typo_noise_heavy,149,149,0.2829419672489166,0.9070130586624146,46,0.3087248322147651,3.239130434782609,3.239130434782609,48,0.3221476510067114,3.1041666666666665,3.1041666666666665,2
test_typo_noise_light_000576,typo_noise_light,132,132,3.213080644607544,2.3153131008148193,61,0.4621212121212121,2.1639344262295084,2.1639344262295084,74,0.5606060606060606,1.7837837837837838,1.7837837837837838,13
test_typo_noise_medium_000577,typo_noise_medium,119,119,2.6987969875335693,2.124263048171997,38,0.31932773109243695,3.1315789473684212,3.1315789473684212,43,0.36134453781512604,2.7674418604651163,2.7674418604651163,5
test_typo_noise_heavy_000578,typo_noise_heavy,158,158,4.31573486328125,3.6546707153320312,65,0.41139240506329117,2.4307692307692306,2.4307692307692306,72,0.45569620253164556,2.1944444444444446,2.1944444444444446,7
test_typo_noise_light_000579,typo_noise_light,111,111,1.035091757774353,1.6368547677993774,37,0.3333333333333333,3.0,3.0,38,0.34234234234234234,2.9210526315789473,2.9210526315789473,1
test_typo_noise_medium_000580,typo_noise_medium,111,111,2.4246749877929688,2.086622476577759,40,0.36036036036036034,2.775,2.775,46,0.4144144144144144,2.4130434782608696,2.4130434782608696,6
test_typo_noise_heavy_000581,typo_noise_heavy,133,133,1.374735713005066,1.3887919187545776,47,0.3533834586466165,2.8297872340425534,2.8297872340425534,52,0.39097744360902253,2.5576923076923075,2.5576923076923075,5
test_typo_noise_light_000582,typo_noise_light,129,129,0.4873603284358978,0.8064852356910706,42,0.32558139534883723,3.0714285714285716,3.0714285714285716,53,0.4108527131782946,2.4339622641509435,2.4339622641509435,11
test_typo_noise_medium_000583,typo_noise_medium,129,129,4.56830358505249,2.3404886722564697,67,0.5193798449612403,1.9253731343283582,1.9253731343283582,72,0.5581395348837209,1.7916666666666667,1.7916666666666667,5
test_typo_noise_heavy_000584,typo_noise_heavy,103,103,3.0086848735809326,2.0396430492401123,37,0.3592233009708738,2.7837837837837838,2.7837837837837838,41,0.39805825242718446,2.5121951219512195,2.5121951219512195,4
test_typo_noise_light_000585,typo_noise_light,126,126,1.0225880146026611,0.9935978055000305,37,0.29365079365079366,3.4054054054054053,3.4054054054054053,38,0.30158730158730157,3.3157894736842106,3.3157894736842106,1
test_typo_noise_medium_000586,typo_noise_medium,120,120,2.4966201782226562,2.096395969390869,42,0.35,2.857142857142857,2.857142857142857,44,0.36666666666666664,2.727272727272727,2.727272727272727,2
test_typo_noise_heavy_000587,typo_noise_heavy,120,120,4.497784614562988,4.440288543701172,52,0.43333333333333335,2.3076923076923075,2.3076923076923075,57,0.475,2.1052631578947367,2.1052631578947367,5
test_typo_noise_light_000588,typo_noise_light,126,126,0.4546284079551697,0.8302782773971558,35,0.2777777777777778,3.6,3.6,37,0.29365079365079366,3.4054054054054053,3.4054054054054053,2
test_typo_noise_medium_000589,typo_noise_medium,123,123,0.6473917365074158,1.0137721300125122,41,0.3333333333333333,3.0,3.0,51,0.4146341463414634,2.411764705882353,2.411764705882353,10
test_typo_noise_heavy_000590,typo_noise_heavy,120,120,2.377359628677368,1.8558095693588257,55,0.4583333333333333,2.1818181818181817,2.1818181818181817,60,0.5,2.0,2.0,5
test_typo_noise_light_000591,typo_noise_light,107,107,1.0319620370864868,1.0603270530700684,31,0.2897196261682243,3.4516129032258065,3.4516129032258065,33,0.308411214953271,3.242424242424242,3.242424242424242,2
test_typo_noise_medium_000592,typo_noise_medium,124,124,1.4225730895996094,1.1616790294647217,47,0.3790322580645161,2.6382978723404253,2.6382978723404253,51,0.4112903225806452,2.4313725490196076,2.4313725490196076,4
test_typo_noise_heavy_000593,typo_noise_heavy,113,113,1.3457366228103638,1.705040454864502,44,0.3893805309734513,2.5681818181818183,2.5681818181818183,48,0.4247787610619469,2.3541666666666665,2.3541666666666665,4
test_typo_noise_light_000594,typo_noise_light,140,140,1.7298779487609863,1.8272818326950073,40,0.2857142857142857,3.5,3.5,44,0.3142857142857143,3.1818181818181817,3.1818181818181817,4
test_typo_noise_medium_000595,typo_noise_medium,154,154,0.8043239116668701,0.807779848575592,45,0.2922077922077922,3.422222222222222,3.422222222222222,49,0.3181818181818182,3.142857142857143,3.142857142857143,4
test_typo_noise_heavy_000596,typo_noise_heavy,140,140,0.8595119118690491,0.6881336569786072,44,0.3142857142857143,3.1818181818181817,3.1818181818181817,58,0.4142857142857143,2.413793103448276,2.413793103448276,14
test_typo_noise_light_000597,typo_noise_light,135,135,2.5577986240386963,1.5041508674621582,60,0.4444444444444444,2.25,2.25,65,0.48148148148148145,2.076923076923077,2.076923076923077,5
test_typo_noise_medium_000598,typo_noise_medium,121,121,1.8507499694824219,2.0688059329986572,34,0.2809917355371901,3.5588235294117645,3.5588235294117645,37,0.30578512396694213,3.27027027027027,3.27027027027027,3
test_typo_noise_heavy_000599,typo_noise_heavy,162,162,2.3906922340393066,2.655736207962036,66,0.4074074074074074,2.4545454545454546,2.4545454545454546,70,0.43209876543209874,2.3142857142857145,2.3142857142857145,4
test_unicode_stress_000000,unicode_stress,48,46,0.8225165605545044,1.3109561204910278,15,0.3125,3.2,3.066666666666667,18,0.375,2.6666666666666665,2.5555555555555554,3
test_unicode_stress_000001,unicode_stress,50,48,0.54009610414505,1.1212143898010254,17,0.34,2.9411764705882355,2.823529411764706,17,0.34,2.9411764705882355,2.823529411764706,0
test_unicode_stress_000002,unicode_stress,53,41,0.5644804835319519,0.41069477796554565,17,0.32075471698113206,3.1176470588235294,2.411764705882353,30,0.5660377358490566,1.7666666666666666,1.3666666666666667,13
test_unicode_stress_000003,unicode_stress,54,41,0.5262901186943054,0.5737583637237549,24,0.4444444444444444,2.25,1.7083333333333333,32,0.5925925925925926,1.6875,1.28125,8
test_unicode_stress_000004,unicode_stress,65,48,0.3620832860469818,0.4876876771450043,36,0.5538461538461539,1.8055555555555556,1.3333333333333333,39,0.6,1.6666666666666667,1.2307692307692308,3
test_unicode_stress_000005,unicode_stress,95,59,0.23104770481586456,0.4000125229358673,39,0.4105263157894737,2.4358974358974357,1.5128205128205128,68,0.7157894736842105,1.3970588235294117,0.8676470588235294,29
test_unicode_stress_000006,unicode_stress,57,51,0.7885918617248535,0.8863587975502014,21,0.3684210526315789,2.7142857142857144,2.4285714285714284,23,0.40350877192982454,2.4782608695652173,2.217391304347826,2
test_unicode_stress_000007,unicode_stress,64,60,0.533374547958374,0.8336408138275146,22,0.34375,2.909090909090909,2.727272727272727,24,0.375,2.6666666666666665,2.5,2
test_unicode_stress_000008,unicode_stress,48,46,0.8095910549163818,1.345874547958374,15,0.3125,3.2,3.066666666666667,18,0.375,2.6666666666666665,2.5555555555555554,3
test_unicode_stress_000009,unicode_stress,50,48,0.6039135456085205,1.1938780546188354,17,0.34,2.9411764705882355,2.823529411764706,17,0.34,2.9411764705882355,2.823529411764706,0
test_unicode_stress_000010,unicode_stress,53,41,0.5457011461257935,0.4574657380580902,17,0.32075471698113206,3.1176470588235294,2.411764705882353,30,0.5660377358490566,1.7666666666666666,1.3666666666666667,13
test_unicode_stress_000011,unicode_stress,54,41,0.5171654224395752,0.6026878952980042,24,0.4444444444444444,2.25,1.7083333333333333,32,0.5925925925925926,1.6875,1.28125,8
test_unicode_stress_000012,unicode_stress,65,48,0.3389396071434021,0.47709354758262634,36,0.5538461538461539,1.8055555555555556,1.3333333333333333,39,0.6,1.6666666666666667,1.2307692307692308,3
test_unicode_stress_000013,unicode_stress,95,59,0.23041114211082458,0.41341632604599,39,0.4105263157894737,2.4358974358974357,1.5128205128205128,68,0.7157894736842105,1.3970588235294117,0.8676470588235294,29
test_unicode_stress_000014,unicode_stress,57,51,0.7490152716636658,0.9278848171234131,21,0.3684210526315789,2.7142857142857144,2.4285714285714284,23,0.40350877192982454,2.4782608695652173,2.217391304347826,2
test_unicode_stress_000015,unicode_stress,64,60,0.5669889450073242,0.8688287138938904,22,0.34375,2.909090909090909,2.727272727272727,24,0.375,2.6666666666666665,2.5,2
test_unicode_stress_000016,unicode_stress,48,46,0.8489246964454651,1.294772744178772,15,0.3125,3.2,3.066666666666667,18,0.375,2.6666666666666665,2.5555555555555554,3
test_unicode_stress_000017,unicode_stress,50,48,0.622009813785553,1.1379804611206055,17,0.34,2.9411764705882355,2.823529411764706,17,0.34,2.9411764705882355,2.823529411764706,0
test_unicode_stress_000018,unicode_stress,53,41,0.5662131309509277,0.43717002868652344,17,0.32075471698113206,3.1176470588235294,2.411764705882353,30,0.5660377358490566,1.7666666666666666,1.3666666666666667,13
test_unicode_stress_000019,unicode_stress,54,41,0.5290923714637756,0.5913131833076477,24,0.4444444444444444,2.25,1.7083333333333333,32,0.5925925925925926,1.6875,1.28125,8
test_unicode_stress_000020,unicode_stress,65,48,0.34769541025161743,0.4805173873901367,36,0.5538461538461539,1.8055555555555556,1.3333333333333333,39,0.6,1.6666666666666667,1.2307692307692308,3
test_unicode_stress_000021,unicode_stress,95,59,0.23617976903915405,0.404253751039505,39,0.4105263157894737,2.4358974358974357,1.5128205128205128,68,0.7157894736842105,1.3970588235294117,0.8676470588235294,29
test_unicode_stress_000022,unicode_stress,57,51,0.7918782234191895,0.9081697463989258,21,0.3684210526315789,2.7142857142857144,2.4285714285714284,23,0.40350877192982454,2.4782608695652173,2.217391304347826,2
test_unicode_stress_000023,unicode_stress,64,60,0.5951446890830994,0.86382657289505,22,0.34375,2.909090909090909,2.727272727272727,24,0.375,2.6666666666666665,2.5,2
test_unicode_stress_000024,unicode_stress,48,46,0.8683785200119019,1.2904871702194214,15,0.3125,3.2,3.066666666666667,18,0.375,2.6666666666666665,2.5555555555555554,3
test_unicode_stress_000025,unicode_stress,50,48,0.5827114582061768,1.1846145391464233,17,0.34,2.9411764705882355,2.823529411764706,17,0.34,2.9411764705882355,2.823529411764706,0
test_unicode_stress_000026,unicode_stress,53,41,0.5853112936019897,0.4918707609176636,17,0.32075471698113206,3.1176470588235294,2.411764705882353,30,0.5660377358490566,1.7666666666666666,1.3666666666666667,13
test_unicode_stress_000027,unicode_stress,54,41,0.5298619270324707,0.5678277611732483,24,0.4444444444444444,2.25,1.7083333333333333,32,0.5925925925925926,1.6875,1.28125,8
test_unicode_stress_000028,unicode_stress,65,48,0.3724200427532196,0.5040522217750549,36,0.5538461538461539,1.8055555555555556,1.3333333333333333,39,0.6,1.6666666666666667,1.2307692307692308,3
test_unicode_stress_000029,unicode_stress,95,59,0.24089477956295013,0.4000125229358673,39,0.4105263157894737,2.4358974358974357,1.5128205128205128,68,0.7157894736842105,1.3970588235294117,0.8676470588235294,29
test_unicode_stress_000030,unicode_stress,57,51,0.795546293258667,0.9137846231460571,21,0.3684210526315789,2.7142857142857144,2.4285714285714284,23,0.40350877192982454,2.4782608695652173,2.217391304347826,2
test_unicode_stress_000031,unicode_stress,64,60,0.48705559968948364,0.8485751748085022,22,0.34375,2.909090909090909,2.727272727272727,24,0.375,2.6666666666666665,2.5,2
test_unicode_stress_000032,unicode_stress,48,46,0.9066988825798035,1.2928258180618286,15,0.3125,3.2,3.066666666666667,18,0.375,2.6666666666666665,2.5555555555555554,3
test_unicode_stress_000033,unicode_stress,50,48,0.6033285856246948,1.1568024158477783,17,0.34,2.9411764705882355,2.823529411764706,17,0.34,2.9411764705882355,2.823529411764706,0
test_unicode_stress_000034,unicode_stress,53,41,0.6250243186950684,0.4961107075214386,17,0.32075471698113206,3.1176470588235294,2.411764705882353,30,0.5660377358490566,1.7666666666666666,1.3666666666666667,13
test_unicode_stress_000035,unicode_stress,54,41,0.5210268497467041,0.5803084969520569,24,0.4444444444444444,2.25,1.7083333333333333,32,0.5925925925925926,1.6875,1.28125,8
test_unicode_stress_000036,unicode_stress,65,48,0.35830116271972656,0.49731650948524475,36,0.5538461538461539,1.8055555555555556,1.3333333333333333,39,0.6,1.6666666666666667,1.2307692307692308,3
test_unicode_stress_000037,unicode_stress,95,59,0.23304733633995056,0.4277196526527405,39,0.4105263157894737,2.4358974358974357,1.5128205128205128,68,0.7157894736842105,1.3970588235294117,0.8676470588235294,29
test_unicode_stress_000038,unicode_stress,57,51,0.7772263288497925,0.9182196259498596,21,0.3684210526315789,2.7142857142857144,2.4285714285714284,23,0.40350877192982454,2.4782608695652173,2.217391304347826,2
test_unicode_stress_000039,unicode_stress,64,60,0.5260143876075745,0.8609276413917542,22,0.34375,2.909090909090909,2.727272727272727,24,0.375,2.6666666666666665,2.5,2
test_unicode_stress_000040,unicode_stress,48,46,0.7885201573371887,1.2818876504898071,15,0.3125,3.2,3.066666666666667,18,0.375,2.6666666666666665,2.5555555555555554,3
test_unicode_stress_000041,unicode_stress,50,48,0.5826001763343811,1.0896565914154053,17,0.34,2.9411764705882355,2.823529411764706,17,0.34,2.9411764705882355,2.823529411764706,0
test_unicode_stress_000042,unicode_stress,53,41,0.5528417229652405,0.4433199167251587,17,0.32075471698113206,3.1176470588235294,2.411764705882353,30,0.5660377358490566,1.7666666666666666,1.3666666666666667,13
test_unicode_stress_000043,unicode_stress,54,41,0.5490443110466003,0.5686190724372864,24,0.4444444444444444,2.25,1.7083333333333333,32,0.5925925925925926,1.6875,1.28125,8
test_unicode_stress_000044,unicode_stress,65,48,0.34264010190963745,0.4709821045398712,36,0.5538461538461539,1.8055555555555556,1.3333333333333333,39,0.6,1.6666666666666667,1.2307692307692308,3
test_unicode_stress_000045,unicode_stress,95,59,0.23526467382907867,0.4258732795715332,39,0.4105263157894737,2.4358974358974357,1.5128205128205128,68,0.7157894736842105,1.3970588235294117,0.8676470588235294,29
test_unicode_stress_000046,unicode_stress,57,51,0.7877353429794312,0.9071523547172546,21,0.3684210526315789,2.7142857142857144,2.4285714285714284,23,0.40350877192982454,2.4782608695652173,2.217391304347826,2
test_unicode_stress_000047,unicode_stress,64,60,0.5726307034492493,0.846010148525238,22,0.34375,2.909090909090909,2.727272727272727,24,0.375,2.6666666666666665,2.5,2
test_unicode_stress_000048,unicode_stress,48,46,0.812863290309906,1.2739821672439575,15,0.3125,3.2,3.066666666666667,18,0.375,2.6666666666666665,2.5555555555555554,3
test_unicode_stress_000049,unicode_stress,50,48,0.5423948168754578,1.1419583559036255,17,0.34,2.9411764705882355,2.823529411764706,17,0.34,2.9411764705882355,2.823529411764706,0
test_unicode_stress_000050,unicode_stress,53,41,0.5716996788978577,0.44000837206840515,17,0.32075471698113206,3.1176470588235294,2.411764705882353,30,0.5660377358490566,1.7666666666666666,1.3666666666666667,13
test_unicode_stress_000051,unicode_stress,54,41,0.5370966792106628,0.5980037450790405,24,0.4444444444444444,2.25,1.7083333333333333,32,0.5925925925925926,1.6875,1.28125,8
test_unicode_stress_000052,unicode_stress,65,48,0.3709354102611542,0.5312502980232239,36,0.5538461538461539,1.8055555555555556,1.3333333333333333,39,0.6,1.6666666666666667,1.2307692307692308,3
test_unicode_stress_000053,unicode_stress,95,59,0.23578612506389618,0.4258732795715332,39,0.4105263157894737,2.4358974358974357,1.5128205128205128,68,0.7157894736842105,1.3970588235294117,0.8676470588235294,29
test_unicode_stress_000054,unicode_stress,57,51,0.7723671793937683,0.8972963094711304,21,0.3684210526315789,2.7142857142857144,2.4285714285714284,23,0.40350877192982454,2.4782608695652173,2.217391304347826,2
test_unicode_stress_000055,unicode_stress,64,60,0.5025215148925781,0.856722891330719,22,0.34375,2.909090909090909,2.727272727272727,24,0.375,2.6666666666666665,2.5,2
test_unicode_stress_000056,unicode_stress,48,46,0.9054099917411804,1.2774133682250977,15,0.3125,3.2,3.066666666666667,18,0.375,2.6666666666666665,2.5555555555555554,3
test_unicode_stress_000057,unicode_stress,50,48,0.6605031490325928,1.0507686138153076,17,0.34,2.9411764705882355,2.823529411764706,17,0.34,2.9411764705882355,2.823529411764706,0
test_unicode_stress_000058,unicode_stress,53,41,0.5385156869888306,0.4355592429637909,17,0.32075471698113206,3.1176470588235294,2.411764705882353,30,0.5660377358490566,1.7666666666666666,1.3666666666666667,13
test_unicode_stress_000059,unicode_stress,54,41,0.5094372630119324,0.5782129764556885,24,0.4444444444444444,2.25,1.7083333333333333,32,0.5925925925925926,1.6875,1.28125,8
test_unicode_stress_000060,unicode_stress,65,48,0.36279091238975525,0.48887690901756287,36,0.5538461538461539,1.8055555555555556,1.3333333333333333,39,0.6,1.6666666666666667,1.2307692307692308,3
test_unicode_stress_000061,unicode_stress,95,59,0.24771304428577423,0.4085571765899658,39,0.4105263157894737,2.4358974358974357,1.5128205128205128,68,0.7157894736842105,1.3970588235294117,0.8676470588235294,29
test_unicode_stress_000062,unicode_stress,57,51,0.7425069808959961,0.9025644659996033,21,0.3684210526315789,2.7142857142857144,2.4285714285714284,23,0.40350877192982454,2.4782608695652173,2.217391304347826,2
test_unicode_stress_000063,unicode_stress,64,60,0.5825816988945007,0.8565743565559387,22,0.34375,2.909090909090909,2.727272727272727,24,0.375,2.6666666666666665,2.5,2
test_unicode_stress_000064,unicode_stress,48,46,0.8168964982032776,1.337834119796753,15,0.3125,3.2,3.066666666666667,18,0.375,2.6666666666666665,2.5555555555555554,3
test_unicode_stress_000065,unicode_stress,50,48,0.5334490537643433,1.1220729351043701,17,0.34,2.9411764705882355,2.823529411764706,17,0.34,2.9411764705882355,2.823529411764706,0
test_unicode_stress_000066,unicode_stress,53,41,0.598596453666687,0.42209723591804504,17,0.32075471698113206,3.1176470588235294,2.411764705882353,30,0.5660377358490566,1.7666666666666666,1.3666666666666667,13
test_unicode_stress_000067,unicode_stress,54,41,0.5238367915153503,0.5862463116645813,24,0.4444444444444444,2.25,1.7083333333333333,32,0.5925925925925926,1.6875,1.28125,8
test_unicode_stress_000068,unicode_stress,65,48,0.3698540925979614,0.4865338206291199,36,0.5538461538461539,1.8055555555555556,1.3333333333333333,39,0.6,1.6666666666666667,1.2307692307692308,3
test_unicode_stress_000069,unicode_stress,95,59,0.2372264415025711,0.4021112024784088,39,0.4105263157894737,2.4358974358974357,1.5128205128205128,68,0.7157894736842105,1.3970588235294117,0.8676470588235294,29
test_unicode_stress_000070,unicode_stress,57,51,0.7211671471595764,0.8966681957244873,21,0.3684210526315789,2.7142857142857144,2.4285714285714284,23,0.40350877192982454,2.4782608695652173,2.217391304347826,2
test_unicode_stress_000071,unicode_stress,64,60,0.5181918144226074,0.8286938667297363,22,0.34375,2.909090909090909,2.727272727272727,24,0.375,2.6666666666666665,2.5,2
test_unicode_stress_000072,unicode_stress,48,46,0.8152384161949158,1.3104922771453857,15,0.3125,3.2,3.066666666666667,18,0.375,2.6666666666666665,2.5555555555555554,3
test_unicode_stress_000073,unicode_stress,50,48,0.6046691536903381,1.1833915710449219,17,0.34,2.9411764705882355,2.823529411764706,17,0.34,2.9411764705882355,2.823529411764706,0
test_unicode_stress_000074,unicode_stress,53,41,0.5931371450424194,0.45340806245803833,17,0.32075471698113206,3.1176470588235294,2.411764705882353,30,0.5660377358490566,1.7666666666666666,1.3666666666666667,13
test_unicode_stress_000075,unicode_stress,54,41,0.5551838874816895,0.6072352528572083,24,0.4444444444444444,2.25,1.7083333333333333,32,0.5925925925925926,1.6875,1.28125,8
test_unicode_stress_000076,unicode_stress,65,48,0.36615315079689026,0.5198904275894165,36,0.5538461538461539,1.8055555555555556,1.3333333333333333,39,0.6,1.6666666666666667,1.2307692307692308,3
test_unicode_stress_000077,unicode_stress,95,59,0.23444083333015442,0.43072646856307983,39,0.4105263157894737,2.4358974358974357,1.5128205128205128,68,0.7157894736842105,1.3970588235294117,0.8676470588235294,29
test_unicode_stress_000078,unicode_stress,57,51,0.7571448683738708,0.9109998345375061,21,0.3684210526315789,2.7142857142857144,2.4285714285714284,23,0.40350877192982454,2.4782608695652173,2.217391304347826,2
test_unicode_stress_000079,unicode_stress,64,60,0.5505921840667725,0.8757673501968384,22,0.34375,2.909090909090909,2.727272727272727,24,0.375,2.6666666666666665,2.5,2
test_unicode_stress_000080,unicode_stress,48,46,0.828450083732605,1.2708702087402344,15,0.3125,3.2,3.066666666666667,18,0.375,2.6666666666666665,2.5555555555555554,3
test_unicode_stress_000081,unicode_stress,50,48,0.538865327835083,1.1727079153060913,17,0.34,2.9411764705882355,2.823529411764706,17,0.34,2.9411764705882355,2.823529411764706,0
test_unicode_stress_000082,unicode_stress,53,41,0.5694476962089539,0.41881170868873596,17,0.32075471698113206,3.1176470588235294,2.411764705882353,30,0.5660377358490566,1.7666666666666666,1.3666666666666667,13
test_unicode_stress_000083,unicode_stress,54,41,0.5352003574371338,0.5759135484695435,24,0.4444444444444444,2.25,1.7083333333333333,32,0.5925925925925926,1.6875,1.28125,8
test_unicode_stress_000084,unicode_stress,65,48,0.3470008671283722,0.5051655769348145,36,0.5538461538461539,1.8055555555555556,1.3333333333333333,39,0.6,1.6666666666666667,1.2307692307692308,3
test_unicode_stress_000085,unicode_stress,95,59,0.23696236312389374,0.43012696504592896,39,0.4105263157894737,2.4358974358974357,1.5128205128205128,68,0.7157894736842105,1.3970588235294117,0.8676470588235294,29
test_unicode_stress_000086,unicode_stress,57,51,0.7728946208953857,0.9330114722251892,21,0.3684210526315789,2.7142857142857144,2.4285714285714284,23,0.40350877192982454,2.4782608695652173,2.217391304347826,2
test_unicode_stress_000087,unicode_stress,64,60,0.5581397414207458,0.8277698755264282,22,0.34375,2.909090909090909,2.727272727272727,24,0.375,2.6666666666666665,2.5,2
test_unicode_stress_000088,unicode_stress,48,46,0.8089218139648438,1.3293533325195312,15,0.3125,3.2,3.066666666666667,18,0.375,2.6666666666666665,2.5555555555555554,3
test_unicode_stress_000089,unicode_stress,50,48,0.596544086933136,1.148990511894226,17,0.34,2.9411764705882355,2.823529411764706,17,0.34,2.9411764705882355,2.823529411764706,0
test_unicode_stress_000090,unicode_stress,53,41,0.5787691473960876,0.4437006115913391,17,0.32075471698113206,3.1176470588235294,2.411764705882353,30,0.5660377358490566,1.7666666666666666,1.3666666666666667,13
test_unicode_stress_000091,unicode_stress,54,41,0.527180016040802,0.5896526575088501,24,0.4444444444444444,2.25,1.7083333333333333,32,0.5925925925925926,1.6875,1.28125,8
test_unicode_stress_000092,unicode_stress,65,48,0.34797489643096924,0.44966983795166016,36,0.5538461538461539,1.8055555555555556,1.3333333333333333,39,0.6,1.6666666666666667,1.2307692307692308,3
test_unicode_stress_000093,unicode_stress,95,59,0.23531952500343323,0.4185841381549835,39,0.4105263157894737,2.4358974358974357,1.5128205128205128,68,0.7157894736842105,1.3970588235294117,0.8676470588235294,29
test_unicode_stress_000094,unicode_stress,57,51,0.7529743313789368,0.8835381865501404,21,0.3684210526315789,2.7142857142857144,2.4285714285714284,23,0.40350877192982454,2.4782608695652173,2.217391304347826,2
test_unicode_stress_000095,unicode_stress,64,60,0.5190954804420471,0.851569652557373,22,0.34375,2.909090909090909,2.727272727272727,24,0.375,2.6666666666666665,2.5,2
test_unicode_stress_000096,unicode_stress,48,46,0.8527335524559021,1.3087003231048584,15,0.3125,3.2,3.066666666666667,18,0.375,2.6666666666666665,2.5555555555555554,3
test_unicode_stress_000097,unicode_stress,50,48,0.5723416209220886,1.1008669137954712,17,0.34,2.9411764705882355,2.823529411764706,17,0.34,2.9411764705882355,2.823529411764706,0
test_unicode_stress_000098,unicode_stress,53,41,0.5654478073120117,0.45521682500839233,17,0.32075471698113206,3.1176470588235294,2.411764705882353,30,0.5660377358490566,1.7666666666666666,1.3666666666666667,13
test_unicode_stress_000099,unicode_stress,54,41,0.5267553925514221,0.5607832074165344,24,0.4444444444444444,2.25,1.7083333333333333,32,0.5925925925925926,1.6875,1.28125,8
test_unicode_stress_000100,unicode_stress,65,48,0.3609578311443329,0.5134541392326355,36,0.5538461538461539,1.8055555555555556,1.3333333333333333,39,0.6,1.6666666666666667,1.2307692307692308,3
test_unicode_stress_000101,unicode_stress,95,59,0.23413097858428955,0.4000125229358673,39,0.4105263157894737,2.4358974358974357,1.5128205128205128,68,0.7157894736842105,1.3970588235294117,0.8676470588235294,29
test_unicode_stress_000102,unicode_stress,57,51,0.7453626990318298,0.9045557379722595,21,0.3684210526315789,2.7142857142857144,2.4285714285714284,23,0.40350877192982454,2.4782608695652173,2.217391304347826,2
test_unicode_stress_000103,unicode_stress,64,60,0.588434636592865,0.8608700037002563,22,0.34375,2.909090909090909,2.727272727272727,24,0.375,2.6666666666666665,2.5,2
test_unicode_stress_000104,unicode_stress,48,46,0.8331686854362488,1.3486088514328003,15,0.3125,3.2,3.066666666666667,18,0.375,2.6666666666666665,2.5555555555555554,3
test_unicode_stress_000105,unicode_stress,50,48,0.594946026802063,1.1677098274230957,17,0.34,2.9411764705882355,2.823529411764706,17,0.34,2.9411764705882355,2.823529411764706,0
test_unicode_stress_000106,unicode_stress,53,41,0.5743969678878784,0.4572335481643677,17,0.32075471698113206,3.1176470588235294,2.411764705882353,30,0.5660377358490566,1.7666666666666666,1.3666666666666667,13
test_unicode_stress_000107,unicode_stress,54,41,0.5488647818565369,0.6007753014564514,24,0.4444444444444444,2.25,1.7083333333333333,32,0.5925925925925926,1.6875,1.28125,8
test_unicode_stress_000108,unicode_stress,65,48,0.3647397458553314,0.49932414293289185,36,0.5538461538461539,1.8055555555555556,1.3333333333333333,39,0.6,1.6666666666666667,1.2307692307692308,3
test_unicode_stress_000109,unicode_stress,95,59,0.23394007980823517,0.37390652298927307,39,0.4105263157894737,2.4358974358974357,1.5128205128205128,68,0.7157894736842105,1.3970588235294117,0.8676470588235294,29
test_unicode_stress_000110,unicode_stress,57,51,0.752740740776062,0.9122781157493591,21,0.3684210526315789,2.7142857142857144,2.4285714285714284,23,0.40350877192982454,2.4782608695652173,2.217391304347826,2
test_unicode_stress_000111,unicode_stress,64,60,0.5270177721977234,0.8413619995117188,22,0.34375,2.909090909090909,2.727272727272727,24,0.375,2.6666666666666665,2.5,2
test_unicode_stress_000112,unicode_stress,48,46,0.8467346429824829,1.3090322017669678,15,0.3125,3.2,3.066666666666667,18,0.375,2.6666666666666665,2.5555555555555554,3
test_unicode_stress_000113,unicode_stress,50,48,0.5990958213806152,1.1461524963378906,17,0.34,2.9411764705882355,2.823529411764706,17,0.34,2.9411764705882355,2.823529411764706,0
test_unicode_stress_000114,unicode_stress,53,41,0.5743040442466736,0.42263689637184143,17,0.32075471698113206,3.1176470588235294,2.411764705882353,30,0.5660377358490566,1.7666666666666666,1.3666666666666667,13
test_unicode_stress_000115,unicode_stress,54,41,0.5306112170219421,0.5936829447746277,24,0.4444444444444444,2.25,1.7083333333333333,32,0.5925925925925926,1.6875,1.28125,8
test_unicode_stress_000116,unicode_stress,65,48,0.3669688403606415,0.49059200286865234,36,0.5538461538461539,1.8055555555555556,1.3333333333333333,39,0.6,1.6666666666666667,1.2307692307692308,3
test_unicode_stress_000117,unicode_stress,95,59,0.2352331578731537,0.38273048400878906,39,0.4105263157894737,2.4358974358974357,1.5128205128205128,68,0.7157894736842105,1.3970588235294117,0.8676470588235294,29
test_unicode_stress_000118,unicode_stress,57,51,0.7564979791641235,0.894925057888031,21,0.3684210526315789,2.7142857142857144,2.4285714285714284,23,0.40350877192982454,2.4782608695652173,2.217391304347826,2
test_unicode_stress_000119,unicode_stress,64,60,0.5799117088317871,0.8644180297851562,22,0.34375,2.909090909090909,2.727272727272727,24,0.375,2.6666666666666665,2.5,2
test_unicode_stress_000120,unicode_stress,42,40,0.9995324611663818,1.6105632781982422,9,0.21428571428571427,4.666666666666667,4.444444444444445,13,0.30952380952380953,3.230769230769231,3.076923076923077,4
test_unicode_stress_000121,unicode_stress,43,41,0.6581671237945557,1.8358356952667236,11,0.2558139534883721,3.909090909090909,3.727272727272727,11,0.2558139534883721,3.909090909090909,3.727272727272727,0
test_unicode_stress_000122,unicode_stress,46,34,0.6879032254219055,0.6388307809829712,11,0.2391304347826087,4.181818181818182,3.090909090909091,24,0.5217391304347826,1.9166666666666667,1.4166666666666667,13
test_unicode_stress_000123,unicode_stress,47,34,0.6983931064605713,0.562788724899292,18,0.3829787234042553,2.611111111111111,1.8888888888888888,26,0.5531914893617021,1.8076923076923077,1.3076923076923077,8
test_unicode_stress_000124,unicode_stress,58,41,0.3176127076148987,0.47699761390686035,30,0.5172413793103449,1.9333333333333333,1.3666666666666667,33,0.5689655172413793,1.7575757575757576,1.2424242424242424,3
test_unicode_stress_000125,unicode_stress,88,52,0.3382147252559662,0.3451537787914276,33,0.375,2.6666666666666665,1.5757575757575757,62,0.7045454545454546,1.4193548387096775,0.8387096774193549,29
test_unicode_stress_000126,unicode_stress,50,44,1.1134222745895386,1.2356717586517334,16,0.32,3.125,2.75,17,0.34,2.9411764705882355,2.588235294117647,1
test_unicode_stress_000127,unicode_stress,55,51,0.543074369430542,1.2730902433395386,16,0.2909090909090909,3.4375,3.1875,16,0.2909090909090909,3.4375,3.1875,0
test_multilingual_zh_000000,multilingual_zh,64,26,0.6343183517456055,0.5273807048797607,19,0.296875,3.3684210526315788,1.368421052631579,31,0.484375,2.064516129032258,0.8387096774193549,12
test_multilingual_zh_000001,multilingual_zh,52,22,0.5541215538978577,0.4786299169063568,18,0.34615384615384615,2.888888888888889,1.2222222222222223,31,0.5961538461538461,1.6774193548387097,0.7096774193548387,13
test_multilingual_zh_000002,multilingual_zh,58,24,0.6511260271072388,0.5240257978439331,18,0.3103448275862069,3.2222222222222223,1.3333333333333333,33,0.5689655172413793,1.7575757575757576,0.7272727272727273,15
test_multilingual_zh_000003,multilingual_zh,64,26,0.6274652481079102,0.5127066373825073,19,0.296875,3.3684210526315788,1.368421052631579,31,0.484375,2.064516129032258,0.8387096774193549,12
test_multilingual_zh_000004,multilingual_zh,52,22,0.5286980867385864,0.4529058337211609,18,0.34615384615384615,2.888888888888889,1.2222222222222223,31,0.5961538461538461,1.6774193548387097,0.7096774193548387,13
test_multilingual_zh_000005,multilingual_zh,58,24,0.6371241807937622,0.5154692530632019,18,0.3103448275862069,3.2222222222222223,1.3333333333333333,33,0.5689655172413793,1.7575757575757576,0.7272727272727273,15
test_multilingual_zh_000006,multilingual_zh,64,26,0.6792898774147034,0.5242246985435486,19,0.296875,3.3684210526315788,1.368421052631579,31,0.484375,2.064516129032258,0.8387096774193549,12
test_multilingual_zh_000007,multilingual_zh,52,22,0.5770476460456848,0.5065264105796814,18,0.34615384615384615,2.888888888888889,1.2222222222222223,31,0.5961538461538461,1.6774193548387097,0.7096774193548387,13
test_multilingual_zh_000008,multilingual_zh,58,24,0.62171870470047,0.5142640471458435,18,0.3103448275862069,3.2222222222222223,1.3333333333333333,33,0.5689655172413793,1.7575757575757576,0.7272727272727273,15
test_multilingual_zh_000009,multilingual_zh,64,26,0.6443807482719421,0.5372758507728577,19,0.296875,3.3684210526315788,1.368421052631579,31,0.484375,2.064516129032258,0.8387096774193549,12
test_multilingual_zh_000010,multilingual_zh,52,22,0.5544549822807312,0.4789532423019409,18,0.34615384615384615,2.888888888888889,1.2222222222222223,31,0.5961538461538461,1.6774193548387097,0.7096774193548387,13
test_multilingual_zh_000011,multilingual_zh,58,24,0.6654403209686279,0.5288046002388,18,0.3103448275862069,3.2222222222222223,1.3333333333333333,33,0.5689655172413793,1.7575757575757576,0.7272727272727273,15
test_multilingual_zh_000012,multilingual_zh,64,26,0.6360020637512207,0.5155818462371826,19,0.296875,3.3684210526315788,1.368421052631579,31,0.484375,2.064516129032258,0.8387096774193549,12
test_multilingual_zh_000013,multilingual_zh,52,22,0.5742936730384827,0.46213582158088684,18,0.34615384615384615,2.888888888888889,1.2222222222222223,31,0.5961538461538461,1.6774193548387097,0.7096774193548387,13
test_multilingual_zh_000014,multilingual_zh,58,24,0.6393694281578064,0.5106362104415894,18,0.3103448275862069,3.2222222222222223,1.3333333333333333,33,0.5689655172413793,1.7575757575757576,0.7272727272727273,15
test_multilingual_zh_000015,multilingual_zh,64,26,0.6486875414848328,0.5496056079864502,19,0.296875,3.3684210526315788,1.368421052631579,31,0.484375,2.064516129032258,0.8387096774193549,12
test_multilingual_zh_000016,multilingual_zh,52,22,0.5313470363616943,0.44981473684310913,18,0.34615384615384615,2.888888888888889,1.2222222222222223,31,0.5961538461538461,1.6774193548387097,0.7096774193548387,13
test_multilingual_zh_000017,multilingual_zh,58,24,0.6458985805511475,0.518739640712738,18,0.3103448275862069,3.2222222222222223,1.3333333333333333,33,0.5689655172413793,1.7575757575757576,0.7272727272727273,15
test_multilingual_zh_000018,multilingual_zh,64,26,0.6196481585502625,0.5523440837860107,19,0.296875,3.3684210526315788,1.368421052631579,31,0.484375,2.064516129032258,0.8387096774193549,12
test_multilingual_zh_000019,multilingual_zh,52,22,0.5468575358390808,0.38465791940689087,18,0.34615384615384615,2.888888888888889,1.2222222222222223,31,0.5961538461538461,1.6774193548387097,0.7096774193548387,13
test_multilingual_zh_000020,multilingual_zh,58,24,0.616179883480072,0.5144897103309631,18,0.3103448275862069,3.2222222222222223,1.3333333333333333,33,0.5689655172413793,1.7575757575757576,0.7272727272727273,15
test_multilingual_zh_000021,multilingual_zh,64,26,0.6372931003570557,0.5086338520050049,19,0.296875,3.3684210526315788,1.368421052631579,31,0.484375,2.064516129032258,0.8387096774193549,12
test_multilingual_zh_000022,multilingual_zh,52,22,0.5511022210121155,0.465800940990448,18,0.34615384615384615,2.888888888888889,1.2222222222222223,31,0.5961538461538461,1.6774193548387097,0.7096774193548387,13
test_multilingual_zh_000023,multilingual_zh,58,24,0.616107702255249,0.5012339353561401,18,0.3103448275862069,3.2222222222222223,1.3333333333333333,33,0.5689655172413793,1.7575757575757576,0.7272727272727273,15
test_multilingual_zh_000024,multilingual_zh,64,26,0.6273196339607239,0.5500341057777405,19,0.296875,3.3684210526315788,1.368421052631579,31,0.484375,2.064516129032258,0.8387096774193549,12
test_multilingual_zh_000025,multilingual_zh,52,22,0.5299654006958008,0.4693191647529602,18,0.34615384615384615,2.888888888888889,1.2222222222222223,31,0.5961538461538461,1.6774193548387097,0.7096774193548387,13
test_multilingual_zh_000026,multilingual_zh,58,24,0.6567366123199463,0.5343616008758545,18,0.3103448275862069,3.2222222222222223,1.3333333333333333,33,0.5689655172413793,1.7575757575757576,0.7272727272727273,15
test_multilingual_zh_000027,multilingual_zh,64,26,0.6462109684944153,0.5193809866905212,19,0.296875,3.3684210526315788,1.368421052631579,31,0.484375,2.064516129032258,0.8387096774193549,12
test_multilingual_zh_000028,multilingual_zh,52,22,0.5339604020118713,0.4810788035392761,18,0.34615384615384615,2.888888888888889,1.2222222222222223,31,0.5961538461538461,1.6774193548387097,0.7096774193548387,13
test_multilingual_zh_000029,multilingual_zh,58,24,0.6177014112472534,0.4588624835014343,18,0.3103448275862069,3.2222222222222223,1.3333333333333333,33,0.5689655172413793,1.7575757575757576,0.7272727272727273,15
test_multilingual_zh_000030,multilingual_zh,64,26,0.6530230641365051,0.5183687210083008,19,0.296875,3.3684210526315788,1.368421052631579,31,0.484375,2.064516129032258,0.8387096774193549,12
test_multilingual_zh_000031,multilingual_zh,52,22,0.5565468072891235,0.4740130603313446,18,0.34615384615384615,2.888888888888889,1.2222222222222223,31,0.5961538461538461,1.6774193548387097,0.7096774193548387,13
test_multilingual_zh_000032,multilingual_zh,58,24,0.6515495777130127,0.523025393486023,18,0.3103448275862069,3.2222222222222223,1.3333333333333333,33,0.5689655172413793,1.7575757575757576,0.7272727272727273,15
test_multilingual_zh_000033,multilingual_zh,64,26,0.6152120232582092,0.5318764448165894,19,0.296875,3.3684210526315788,1.368421052631579,31,0.484375,2.064516129032258,0.8387096774193549,12
test_multilingual_zh_000034,multilingual_zh,52,22,0.5643828511238098,0.4743570387363434,18,0.34615384615384615,2.888888888888889,1.2222222222222223,31,0.5961538461538461,1.6774193548387097,0.7096774193548387,13
test_multilingual_zh_000035,multilingual_zh,58,24,0.6577476859092712,0.5170732736587524,18,0.3103448275862069,3.2222222222222223,1.3333333333333333,33,0.5689655172413793,1.7575757575757576,0.7272727272727273,15
test_multilingual_zh_000036,multilingual_zh,64,26,0.6152612566947937,0.5151917934417725,19,0.296875,3.3684210526315788,1.368421052631579,31,0.484375,2.064516129032258,0.8387096774193549,12
test_multilingual_zh_000037,multilingual_zh,52,22,0.5148997902870178,0.4656467139720917,18,0.34615384615384615,2.888888888888889,1.2222222222222223,31,0.5961538461538461,1.6774193548387097,0.7096774193548387,13
test_multilingual_zh_000038,multilingual_zh,58,24,0.6266024112701416,0.5161865949630737,18,0.3103448275862069,3.2222222222222223,1.3333333333333333,33,0.5689655172413793,1.7575757575757576,0.7272727272727273,15
test_multilingual_zh_000039,multilingual_zh,64,26,0.6375021934509277,0.547417938709259,19,0.296875,3.3684210526315788,1.368421052631579,31,0.484375,2.064516129032258,0.8387096774193549,12
test_multilingual_zh_000040,multilingual_zh,52,22,0.5558456182479858,0.4855464994907379,18,0.34615384615384615,2.888888888888889,1.2222222222222223,31,0.5961538461538461,1.6774193548387097,0.7096774193548387,13
test_multilingual_zh_000041,multilingual_zh,58,24,0.6454398036003113,0.5191415548324585,18,0.3103448275862069,3.2222222222222223,1.3333333333333333,33,0.5689655172413793,1.7575757575757576,0.7272727272727273,15
test_multilingual_zh_000042,multilingual_zh,64,26,0.6308475136756897,0.5229200124740601,19,0.296875,3.3684210526315788,1.368421052631579,31,0.484375,2.064516129032258,0.8387096774193549,12
test_multilingual_zh_000043,multilingual_zh,52,22,0.5455210208892822,0.45621421933174133,18,0.34615384615384615,2.888888888888889,1.2222222222222223,31,0.5961538461538461,1.6774193548387097,0.7096774193548387,13
test_multilingual_zh_000044,multilingual_zh,58,24,0.6341397762298584,0.4561694860458374,18,0.3103448275862069,3.2222222222222223,1.3333333333333333,33,0.5689655172413793,1.7575757575757576,0.7272727272727273,15
test_multilingual_zh_000045,multilingual_zh,64,26,0.638014018535614,0.5303782820701599,19,0.296875,3.3684210526315788,1.368421052631579,31,0.484375,2.064516129032258,0.8387096774193549,12
test_multilingual_zh_000046,multilingual_zh,52,22,0.54510498046875,0.4759595990180969,18,0.34615384615384615,2.888888888888889,1.2222222222222223,31,0.5961538461538461,1.6774193548387097,0.7096774193548387,13
test_multilingual_zh_000047,multilingual_zh,58,24,0.6856147050857544,0.5433824062347412,18,0.3103448275862069,3.2222222222222223,1.3333333333333333,33,0.5689655172413793,1.7575757575757576,0.7272727272727273,15
test_multilingual_zh_000048,multilingual_zh,64,26,0.6212700605392456,0.5221648216247559,19,0.296875,3.3684210526315788,1.368421052631579,31,0.484375,2.064516129032258,0.8387096774193549,12
test_multilingual_zh_000049,multilingual_zh,52,22,0.5478692650794983,0.4952952563762665,18,0.34615384615384615,2.888888888888889,1.2222222222222223,31,0.5961538461538461,1.6774193548387097,0.7096774193548387,13
test_multilingual_zh_000050,multilingual_zh,58,24,0.6041257381439209,0.5112349987030029,18,0.3103448275862069,3.2222222222222223,1.3333333333333333,33,0.5689655172413793,1.7575757575757576,0.7272727272727273,15
test_multilingual_zh_000051,multilingual_zh,64,26,0.6527357697486877,0.5070760250091553,19,0.296875,3.3684210526315788,1.368421052631579,31,0.484375,2.064516129032258,0.8387096774193549,12
test_multilingual_zh_000052,multilingual_zh,52,22,0.5397777557373047,0.4837183654308319,18,0.34615384615384615,2.888888888888889,1.2222222222222223,31,0.5961538461538461,1.6774193548387097,0.7096774193548387,13
test_multilingual_zh_000053,multilingual_zh,58,24,0.6488242149353027,0.5536866188049316,18,0.3103448275862069,3.2222222222222223,1.3333333333333333,33,0.5689655172413793,1.7575757575757576,0.7272727272727273,15
test_multilingual_zh_000054,multilingual_zh,64,26,0.6472557187080383,0.5146034359931946,19,0.296875,3.3684210526315788,1.368421052631579,31,0.484375,2.064516129032258,0.8387096774193549,12
test_multilingual_zh_000055,multilingual_zh,52,22,0.5421680212020874,0.49529320001602173,18,0.34615384615384615,2.888888888888889,1.2222222222222223,31,0.5961538461538461,1.6774193548387097,0.7096774193548387,13
test_multilingual_zh_000056,multilingual_zh,58,24,0.6830294132232666,0.5224709510803223,18,0.3103448275862069,3.2222222222222223,1.3333333333333333,33,0.5689655172413793,1.7575757575757576,0.7272727272727273,15
test_multilingual_zh_000057,multilingual_zh,64,26,0.6199078559875488,0.4937942624092102,19,0.296875,3.3684210526315788,1.368421052631579,31,0.484375,2.064516129032258,0.8387096774193549,12
test_multilingual_zh_000058,multilingual_zh,52,22,0.5357410907745361,0.47800111770629883,18,0.34615384615384615,2.888888888888889,1.2222222222222223,31,0.5961538461538461,1.6774193548387097,0.7096774193548387,13
test_multilingual_zh_000059,multilingual_zh,58,24,0.6200417280197144,0.5084273219108582,18,0.3103448275862069,3.2222222222222223,1.3333333333333333,33,0.5689655172413793,1.7575757575757576,0.7272727272727273,15
test_multilingual_zh_000060,multilingual_zh,64,26,0.6357018351554871,0.536384642124176,19,0.296875,3.3684210526315788,1.368421052631579,31,0.484375,2.064516129032258,0.8387096774193549,12
test_multilingual_zh_000061,multilingual_zh,52,22,0.5799153447151184,0.4862549901008606,18,0.34615384615384615,2.888888888888889,1.2222222222222223,31,0.5961538461538461,1.6774193548387097,0.7096774193548387,13
test_multilingual_zh_000062,multilingual_zh,58,24,0.6125315427780151,0.5087701082229614,18,0.3103448275862069,3.2222222222222223,1.3333333333333333,33,0.5689655172413793,1.7575757575757576,0.7272727272727273,15
test_multilingual_zh_000063,multilingual_zh,64,26,0.6346637606620789,0.5392971634864807,19,0.296875,3.3684210526315788,1.368421052631579,31,0.484375,2.064516129032258,0.8387096774193549,12
test_multilingual_zh_000064,multilingual_zh,52,22,0.5504773259162903,0.4759751558303833,18,0.34615384615384615,2.888888888888889,1.2222222222222223,31,0.5961538461538461,1.6774193548387097,0.7096774193548387,13
test_multilingual_zh_000065,multilingual_zh,58,24,0.6721899509429932,0.5347895622253418,18,0.3103448275862069,3.2222222222222223,1.3333333333333333,33,0.5689655172413793,1.7575757575757576,0.7272727272727273,15
test_multilingual_zh_000066,multilingual_zh,64,26,0.6412978172302246,0.5430967807769775,19,0.296875,3.3684210526315788,1.368421052631579,31,0.484375,2.064516129032258,0.8387096774193549,12
test_multilingual_zh_000067,multilingual_zh,52,22,0.5776257514953613,0.48712506890296936,18,0.34615384615384615,2.888888888888889,1.2222222222222223,31,0.5961538461538461,1.6774193548387097,0.7096774193548387,13
test_multilingual_zh_000068,multilingual_zh,58,24,0.642387866973877,0.5236741304397583,18,0.3103448275862069,3.2222222222222223,1.3333333333333333,33,0.5689655172413793,1.7575757575757576,0.7272727272727273,15
test_multilingual_zh_000069,multilingual_zh,64,26,0.6010141968727112,0.5135838389396667,19,0.296875,3.3684210526315788,1.368421052631579,31,0.484375,2.064516129032258,0.8387096774193549,12
test_multilingual_zh_000070,multilingual_zh,52,22,0.5629855394363403,0.4742964804172516,18,0.34615384615384615,2.888888888888889,1.2222222222222223,31,0.5961538461538461,1.6774193548387097,0.7096774193548387,13
test_multilingual_zh_000071,multilingual_zh,58,24,0.6516932249069214,0.5199073553085327,18,0.3103448275862069,3.2222222222222223,1.3333333333333333,33,0.5689655172413793,1.7575757575757576,0.7272727272727273,15
test_multilingual_zh_000072,multilingual_zh,64,26,0.6290056109428406,0.523553729057312,19,0.296875,3.3684210526315788,1.368421052631579,31,0.484375,2.064516129032258,0.8387096774193549,12
test_multilingual_zh_000073,multilingual_zh,52,22,0.5607344508171082,0.5071010589599609,18,0.34615384615384615,2.888888888888889,1.2222222222222223,31,0.5961538461538461,1.6774193548387097,0.7096774193548387,13
test_multilingual_zh_000074,multilingual_zh,58,24,0.601210355758667,0.49263671040534973,18,0.3103448275862069,3.2222222222222223,1.3333333333333333,33,0.5689655172413793,1.7575757575757576,0.7272727272727273,15
test_multilingual_zh_000075,multilingual_zh,64,26,0.6008114814758301,0.539593517780304,19,0.296875,3.3684210526315788,1.368421052631579,31,0.484375,2.064516129032258,0.8387096774193549,12
test_multilingual_zh_000076,multilingual_zh,52,22,0.5343495607376099,0.47962257266044617,18,0.34615384615384615,2.888888888888889,1.2222222222222223,31,0.5961538461538461,1.6774193548387097,0.7096774193548387,13
test_multilingual_zh_000077,multilingual_zh,58,24,0.6441454291343689,0.5140590071678162,18,0.3103448275862069,3.2222222222222223,1.3333333333333333,33,0.5689655172413793,1.7575757575757576,0.7272727272727273,15
test_multilingual_zh_000078,multilingual_zh,64,26,0.6309200525283813,0.5203725099563599,19,0.296875,3.3684210526315788,1.368421052631579,31,0.484375,2.064516129032258,0.8387096774193549,12
test_multilingual_zh_000079,multilingual_zh,52,22,0.6288206577301025,0.46314653754234314,18,0.34615384615384615,2.888888888888889,1.2222222222222223,31,0.5961538461538461,1.6774193548387097,0.7096774193548387,13
test_multilingual_ja_000000,multilingual_ja,76,30,0.46364837884902954,0.3941597044467926,23,0.3026315789473684,3.3043478260869565,1.3043478260869565,41,0.5394736842105263,1.853658536585366,0.7317073170731707,18
test_multilingual_ja_000001,multilingual_ja,76,30,0.5460744500160217,0.6193941831588745,21,0.27631578947368424,3.619047619047619,1.4285714285714286,31,0.40789473684210525,2.4516129032258065,0.967741935483871,10
test_multilingual_ja_000002,multilingual_ja,64,26,0.6386424899101257,0.42093318700790405,20,0.3125,3.2,1.3,33,0.515625,1.9393939393939394,0.7878787878787878,13
test_multilingual_ja_000003,multilingual_ja,76,30,0.4839596450328827,0.398151159286499,23,0.3026315789473684,3.3043478260869565,1.3043478260869565,41,0.5394736842105263,1.853658536585366,0.7317073170731707,18
test_multilingual_ja_000004,multilingual_ja,76,30,0.5736647248268127,0.60186767578125,21,0.27631578947368424,3.619047619047619,1.4285714285714286,31,0.40789473684210525,2.4516129032258065,0.967741935483871,10
test_multilingual_ja_000005,multilingual_ja,64,26,0.628475546836853,0.47686100006103516,20,0.3125,3.2,1.3,33,0.515625,1.9393939393939394,0.7878787878787878,13
test_multilingual_ja_000006,multilingual_ja,76,30,0.5015846490859985,0.3887708783149719,23,0.3026315789473684,3.3043478260869565,1.3043478260869565,41,0.5394736842105263,1.853658536585366,0.7317073170731707,18
test_multilingual_ja_000007,multilingual_ja,76,30,0.5788988471031189,0.6334588527679443,21,0.27631578947368424,3.619047619047619,1.4285714285714286,31,0.40789473684210525,2.4516129032258065,0.967741935483871,10
test_multilingual_ja_000008,multilingual_ja,64,26,0.6169201731681824,0.4278733432292938,20,0.3125,3.2,1.3,33,0.515625,1.9393939393939394,0.7878787878787878,13
test_multilingual_ja_000009,multilingual_ja,76,30,0.48632293939590454,0.4198634624481201,23,0.3026315789473684,3.3043478260869565,1.3043478260869565,41,0.5394736842105263,1.853658536585366,0.7317073170731707,18
test_multilingual_ja_000010,multilingual_ja,76,30,0.5415211915969849,0.6125692129135132,21,0.27631578947368424,3.619047619047619,1.4285714285714286,31,0.40789473684210525,2.4516129032258065,0.967741935483871,10
test_multilingual_ja_000011,multilingual_ja,64,26,0.6384164094924927,0.41469770669937134,20,0.3125,3.2,1.3,33,0.515625,1.9393939393939394,0.7878787878787878,13
test_multilingual_ja_000012,multilingual_ja,76,30,0.47896111011505127,0.39515331387519836,23,0.3026315789473684,3.3043478260869565,1.3043478260869565,41,0.5394736842105263,1.853658536585366,0.7317073170731707,18
test_multilingual_ja_000013,multilingual_ja,76,30,0.5701513290405273,0.6067572236061096,21,0.27631578947368424,3.619047619047619,1.4285714285714286,31,0.40789473684210525,2.4516129032258065,0.967741935483871,10
test_multilingual_ja_000014,multilingual_ja,64,26,0.6205601692199707,0.43145301938056946,20,0.3125,3.2,1.3,33,0.515625,1.9393939393939394,0.7878787878787878,13
test_multilingual_ja_000015,multilingual_ja,76,30,0.4641021192073822,0.396770179271698,23,0.3026315789473684,3.3043478260869565,1.3043478260869565,41,0.5394736842105263,1.853658536585366,0.7317073170731707,18
test_multilingual_ja_000016,multilingual_ja,76,30,0.5630577802658081,0.6223493814468384,21,0.27631578947368424,3.619047619047619,1.4285714285714286,31,0.40789473684210525,2.4516129032258065,0.967741935483871,10
test_multilingual_ja_000017,multilingual_ja,64,26,0.6420466899871826,0.42517566680908203,20,0.3125,3.2,1.3,33,0.515625,1.9393939393939394,0.7878787878787878,13
test_multilingual_ja_000018,multilingual_ja,76,30,0.4859052002429962,0.3751881718635559,23,0.3026315789473684,3.3043478260869565,1.3043478260869565,41,0.5394736842105263,1.853658536585366,0.7317073170731707,18
test_multilingual_ja_000019,multilingual_ja,76,30,0.5748603940010071,0.62593674659729,21,0.27631578947368424,3.619047619047619,1.4285714285714286,31,0.40789473684210525,2.4516129032258065,0.967741935483871,10
test_multilingual_ja_000020,multilingual_ja,64,26,0.6387110948562622,0.4120962619781494,20,0.3125,3.2,1.3,33,0.515625,1.9393939393939394,0.7878787878787878,13
test_multilingual_ja_000021,multilingual_ja,76,30,0.4780788719654083,0.3856728672981262,23,0.3026315789473684,3.3043478260869565,1.3043478260869565,41,0.5394736842105263,1.853658536585366,0.7317073170731707,18
test_multilingual_ja_000022,multilingual_ja,76,30,0.5761593580245972,0.6127935647964478,21,0.27631578947368424,3.619047619047619,1.4285714285714286,31,0.40789473684210525,2.4516129032258065,0.967741935483871,10
test_multilingual_ja_000023,multilingual_ja,64,26,0.6007429361343384,0.4067038297653198,20,0.3125,3.2,1.3,33,0.515625,1.9393939393939394,0.7878787878787878,13
test_multilingual_ja_000024,multilingual_ja,76,30,0.4680712819099426,0.3779835104942322,23,0.3026315789473684,3.3043478260869565,1.3043478260869565,41,0.5394736842105263,1.853658536585366,0.7317073170731707,18
test_multilingual_ja_000025,multilingual_ja,76,30,0.5381759405136108,0.6093856692314148,21,0.27631578947368424,3.619047619047619,1.4285714285714286,31,0.40789473684210525,2.4516129032258065,0.967741935483871,10
test_multilingual_ja_000026,multilingual_ja,64,26,0.6332938075065613,0.4159432053565979,20,0.3125,3.2,1.3,33,0.515625,1.9393939393939394,0.7878787878787878,13
test_multilingual_ja_000027,multilingual_ja,76,30,0.48320814967155457,0.39514467120170593,23,0.3026315789473684,3.3043478260869565,1.3043478260869565,41,0.5394736842105263,1.853658536585366,0.7317073170731707,18
test_multilingual_ja_000028,multilingual_ja,76,30,0.5378404855728149,0.6152136921882629,21,0.27631578947368424,3.619047619047619,1.4285714285714286,31,0.40789473684210525,2.4516129032258065,0.967741935483871,10
test_multilingual_ja_000029,multilingual_ja,64,26,0.6253029108047485,0.43003952503204346,20,0.3125,3.2,1.3,33,0.515625,1.9393939393939394,0.7878787878787878,13
test_multilingual_ja_000030,multilingual_ja,76,30,0.49302607774734497,0.38616427779197693,23,0.3026315789473684,3.3043478260869565,1.3043478260869565,41,0.5394736842105263,1.853658536585366,0.7317073170731707,18
test_multilingual_ja_000031,multilingual_ja,76,30,0.5373579859733582,0.602868378162384,21,0.27631578947368424,3.619047619047619,1.4285714285714286,31,0.40789473684210525,2.4516129032258065,0.967741935483871,10
test_multilingual_ja_000032,multilingual_ja,64,26,0.6190165877342224,0.40792039036750793,20,0.3125,3.2,1.3,33,0.515625,1.9393939393939394,0.7878787878787878,13
test_multilingual_ja_000033,multilingual_ja,76,30,0.5019741058349609,0.3914746046066284,23,0.3026315789473684,3.3043478260869565,1.3043478260869565,41,0.5394736842105263,1.853658536585366,0.7317073170731707,18
test_multilingual_ja_000034,multilingual_ja,76,30,0.5721249580383301,0.6030656099319458,21,0.27631578947368424,3.619047619047619,1.4285714285714286,31,0.40789473684210525,2.4516129032258065,0.967741935483871,10
test_multilingual_ja_000035,multilingual_ja,64,26,0.6209197640419006,0.4429869055747986,20,0.3125,3.2,1.3,33,0.515625,1.9393939393939394,0.7878787878787878,13
test_multilingual_ja_000036,multilingual_ja,76,30,0.4820155203342438,0.3785715401172638,23,0.3026315789473684,3.3043478260869565,1.3043478260869565,41,0.5394736842105263,1.853658536585366,0.7317073170731707,18
test_multilingual_ja_000037,multilingual_ja,76,30,0.5778520703315735,0.6172436475753784,21,0.27631578947368424,3.619047619047619,1.4285714285714286,31,0.40789473684210525,2.4516129032258065,0.967741935483871,10
test_multilingual_ja_000038,multilingual_ja,64,26,0.6478989720344543,0.3972110152244568,20,0.3125,3.2,1.3,33,0.515625,1.9393939393939394,0.7878787878787878,13
test_multilingual_ja_000039,multilingual_ja,76,30,0.46970534324645996,0.3800395131111145,23,0.3026315789473684,3.3043478260869565,1.3043478260869565,41,0.5394736842105263,1.853658536585366,0.7317073170731707,18
test_multilingual_ja_000040,multilingual_ja,76,30,0.5754700303077698,0.6096349358558655,21,0.27631578947368424,3.619047619047619,1.4285714285714286,31,0.40789473684210525,2.4516129032258065,0.967741935483871,10
test_multilingual_ja_000041,multilingual_ja,64,26,0.6347642540931702,0.4216417670249939,20,0.3125,3.2,1.3,33,0.515625,1.9393939393939394,0.7878787878787878,13
test_multilingual_ja_000042,multilingual_ja,76,30,0.4841582775115967,0.3880464434623718,23,0.3026315789473684,3.3043478260869565,1.3043478260869565,41,0.5394736842105263,1.853658536585366,0.7317073170731707,18
test_multilingual_ja_000043,multilingual_ja,76,30,0.5642457008361816,0.6093953251838684,21,0.27631578947368424,3.619047619047619,1.4285714285714286,31,0.40789473684210525,2.4516129032258065,0.967741935483871,10
test_multilingual_ja_000044,multilingual_ja,64,26,0.6243054866790771,0.41692113876342773,20,0.3125,3.2,1.3,33,0.515625,1.9393939393939394,0.7878787878787878,13
test_multilingual_ja_000045,multilingual_ja,76,30,0.4794153571128845,0.3808564245700836,23,0.3026315789473684,3.3043478260869565,1.3043478260869565,41,0.5394736842105263,1.853658536585366,0.7317073170731707,18
test_multilingual_ja_000046,multilingual_ja,76,30,0.5761495232582092,0.6293484568595886,21,0.27631578947368424,3.619047619047619,1.4285714285714286,31,0.40789473684210525,2.4516129032258065,0.967741935483871,10
test_multilingual_ja_000047,multilingual_ja,64,26,0.6115530133247375,0.4250032305717468,20,0.3125,3.2,1.3,33,0.515625,1.9393939393939394,0.7878787878787878,13
test_multilingual_ja_000048,multilingual_ja,76,30,0.4539222717285156,0.35372287034988403,23,0.3026315789473684,3.3043478260869565,1.3043478260869565,41,0.5394736842105263,1.853658536585366,0.7317073170731707,18
test_multilingual_ja_000049,multilingual_ja,76,30,0.5996981263160706,0.6017012000083923,21,0.27631578947368424,3.619047619047619,1.4285714285714286,31,0.40789473684210525,2.4516129032258065,0.967741935483871,10
test_multilingual_ja_000050,multilingual_ja,64,26,0.6198228597640991,0.41828709840774536,20,0.3125,3.2,1.3,33,0.515625,1.9393939393939394,0.7878787878787878,13
test_multilingual_ja_000051,multilingual_ja,76,30,0.48205065727233887,0.39821720123291016,23,0.3026315789473684,3.3043478260869565,1.3043478260869565,41,0.5394736842105263,1.853658536585366,0.7317073170731707,18
test_multilingual_ja_000052,multilingual_ja,76,30,0.5814148783683777,0.6313782930374146,21,0.27631578947368424,3.619047619047619,1.4285714285714286,31,0.40789473684210525,2.4516129032258065,0.967741935483871,10
test_multilingual_ja_000053,multilingual_ja,64,26,0.6170331239700317,0.42686352133750916,20,0.3125,3.2,1.3,33,0.515625,1.9393939393939394,0.7878787878787878,13
test_multilingual_ja_000054,multilingual_ja,76,30,0.45757314562797546,0.3930336534976959,23,0.3026315789473684,3.3043478260869565,1.3043478260869565,41,0.5394736842105263,1.853658536585366,0.7317073170731707,18
test_multilingual_ja_000055,multilingual_ja,76,30,0.5917555689811707,0.629292905330658,21,0.27631578947368424,3.619047619047619,1.4285714285714286,31,0.40789473684210525,2.4516129032258065,0.967741935483871,10
test_multilingual_ja_000056,multilingual_ja,64,26,0.6088964343070984,0.4290907382965088,20,0.3125,3.2,1.3,33,0.515625,1.9393939393939394,0.7878787878787878,13
test_multilingual_ja_000057,multilingual_ja,76,30,0.4647755026817322,0.34199219942092896,23,0.3026315789473684,3.3043478260869565,1.3043478260869565,41,0.5394736842105263,1.853658536585366,0.7317073170731707,18
test_multilingual_ja_000058,multilingual_ja,76,30,0.5500490069389343,0.6029495000839233,21,0.27631578947368424,3.619047619047619,1.4285714285714286,31,0.40789473684210525,2.4516129032258065,0.967741935483871,10
test_multilingual_ja_000059,multilingual_ja,64,26,0.6230626106262207,0.40420883893966675,20,0.3125,3.2,1.3,33,0.515625,1.9393939393939394,0.7878787878787878,13
test_multilingual_ja_000060,multilingual_ja,76,30,0.49442294239997864,0.39373254776000977,23,0.3026315789473684,3.3043478260869565,1.3043478260869565,41,0.5394736842105263,1.853658536585366,0.7317073170731707,18
test_multilingual_ja_000061,multilingual_ja,76,30,0.5611183643341064,0.6171888709068298,21,0.27631578947368424,3.619047619047619,1.4285714285714286,31,0.40789473684210525,2.4516129032258065,0.967741935483871,10
test_multilingual_ja_000062,multilingual_ja,64,26,0.626552402973175,0.4094979166984558,20,0.3125,3.2,1.3,33,0.515625,1.9393939393939394,0.7878787878787878,13
test_multilingual_ja_000063,multilingual_ja,76,30,0.479949414730072,0.3678273558616638,23,0.3026315789473684,3.3043478260869565,1.3043478260869565,41,0.5394736842105263,1.853658536585366,0.7317073170731707,18
test_multilingual_ja_000064,multilingual_ja,76,30,0.5730044841766357,0.631100594997406,21,0.27631578947368424,3.619047619047619,1.4285714285714286,31,0.40789473684210525,2.4516129032258065,0.967741935483871,10
test_multilingual_ja_000065,multilingual_ja,64,26,0.6584354639053345,0.39360901713371277,20,0.3125,3.2,1.3,33,0.515625,1.9393939393939394,0.7878787878787878,13
test_multilingual_ja_000066,multilingual_ja,76,30,0.4920344054698944,0.3762323260307312,23,0.3026315789473684,3.3043478260869565,1.3043478260869565,41,0.5394736842105263,1.853658536585366,0.7317073170731707,18
test_multilingual_ja_000067,multilingual_ja,76,30,0.5467728972434998,0.6099449396133423,21,0.27631578947368424,3.619047619047619,1.4285714285714286,31,0.40789473684210525,2.4516129032258065,0.967741935483871,10
test_multilingual_ja_000068,multilingual_ja,64,26,0.6192614436149597,0.39346617460250854,20,0.3125,3.2,1.3,33,0.515625,1.9393939393939394,0.7878787878787878,13
test_multilingual_ja_000069,multilingual_ja,76,30,0.46971964836120605,0.3879500925540924,23,0.3026315789473684,3.3043478260869565,1.3043478260869565,41,0.5394736842105263,1.853658536585366,0.7317073170731707,18
test_multilingual_ja_000070,multilingual_ja,76,30,0.5805414915084839,0.6295081973075867,21,0.27631578947368424,3.619047619047619,1.4285714285714286,31,0.40789473684210525,2.4516129032258065,0.967741935483871,10
test_multilingual_ja_000071,multilingual_ja,64,26,0.6170443296432495,0.4098246991634369,20,0.3125,3.2,1.3,33,0.515625,1.9393939393939394,0.7878787878787878,13
test_multilingual_ja_000072,multilingual_ja,76,30,0.485302597284317,0.39011064171791077,23,0.3026315789473684,3.3043478260869565,1.3043478260869565,41,0.5394736842105263,1.853658536585366,0.7317073170731707,18
test_multilingual_ja_000073,multilingual_ja,76,30,0.5374196171760559,0.6180628538131714,21,0.27631578947368424,3.619047619047619,1.4285714285714286,31,0.40789473684210525,2.4516129032258065,0.967741935483871,10
test_multilingual_ja_000074,multilingual_ja,64,26,0.6329669952392578,0.4242376983165741,20,0.3125,3.2,1.3,33,0.515625,1.9393939393939394,0.7878787878787878,13
test_multilingual_ja_000075,multilingual_ja,76,30,0.4915172755718231,0.3630256950855255,23,0.3026315789473684,3.3043478260869565,1.3043478260869565,41,0.5394736842105263,1.853658536585366,0.7317073170731707,18
test_multilingual_ja_000076,multilingual_ja,76,30,0.585974931716919,0.6182640790939331,21,0.27631578947368424,3.619047619047619,1.4285714285714286,31,0.40789473684210525,2.4516129032258065,0.967741935483871,10
test_multilingual_ja_000077,multilingual_ja,64,26,0.6291253566741943,0.4105011820793152,20,0.3125,3.2,1.3,33,0.515625,1.9393939393939394,0.7878787878787878,13
test_multilingual_ja_000078,multilingual_ja,76,30,0.48086145520210266,0.3821108341217041,23,0.3026315789473684,3.3043478260869565,1.3043478260869565,41,0.5394736842105263,1.853658536585366,0.7317073170731707,18
test_multilingual_ja_000079,multilingual_ja,76,30,0.5549589395523071,0.6502441167831421,21,0.27631578947368424,3.619047619047619,1.4285714285714286,31,0.40789473684210525,2.4516129032258065,0.967741935483871,10
test_multilingual_ko_000000,multilingual_ko,68,32,0.3850340247154236,0.3684675395488739,21,0.3088235294117647,3.238095238095238,1.5238095238095237,45,0.6617647058823529,1.511111111111111,0.7111111111111111,24
test_multilingual_ko_000001,multilingual_ko,53,25,0.31182757019996643,0.5716559886932373,19,0.3584905660377358,2.789473684210526,1.3157894736842106,34,0.6415094339622641,1.5588235294117647,0.7352941176470589,15
test_multilingual_ko_000002,multilingual_ko,56,26,0.4598231017589569,0.44338923692703247,19,0.3392857142857143,2.9473684210526314,1.368421052631579,39,0.6964285714285714,1.435897435897436,0.6666666666666666,20
test_multilingual_ko_000003,multilingual_ko,68,32,0.37857934832572937,0.37287986278533936,21,0.3088235294117647,3.238095238095238,1.5238095238095237,45,0.6617647058823529,1.511111111111111,0.7111111111111111,24
test_multilingual_ko_000004,multilingual_ko,53,25,0.325893759727478,0.5732769966125488,19,0.3584905660377358,2.789473684210526,1.3157894736842106,34,0.6415094339622641,1.5588235294117647,0.7352941176470589,15
test_multilingual_ko_000005,multilingual_ko,56,26,0.45458582043647766,0.4591655731201172,19,0.3392857142857143,2.9473684210526314,1.368421052631579,39,0.6964285714285714,1.435897435897436,0.6666666666666666,20
test_multilingual_ko_000006,multilingual_ko,68,32,0.38227036595344543,0.3626407980918884,21,0.3088235294117647,3.238095238095238,1.5238095238095237,45,0.6617647058823529,1.511111111111111,0.7111111111111111,24
test_multilingual_ko_000007,multilingual_ko,53,25,0.3183736503124237,0.6055179238319397,19,0.3584905660377358,2.789473684210526,1.3157894736842106,34,0.6415094339622641,1.5588235294117647,0.7352941176470589,15
test_multilingual_ko_000008,multilingual_ko,56,26,0.43452006578445435,0.46201103925704956,19,0.3392857142857143,2.9473684210526314,1.368421052631579,39,0.6964285714285714,1.435897435897436,0.6666666666666666,20
test_multilingual_ko_000009,multilingual_ko,68,32,0.3823109567165375,0.35819756984710693,21,0.3088235294117647,3.238095238095238,1.5238095238095237,45,0.6617647058823529,1.511111111111111,0.7111111111111111,24
test_multilingual_ko_000010,multilingual_ko,53,25,0.30778446793556213,0.5807026624679565,19,0.3584905660377358,2.789473684210526,1.3157894736842106,34,0.6415094339622641,1.5588235294117647,0.7352941176470589,15
test_multilingual_ko_000011,multilingual_ko,56,26,0.4578280746936798,0.45965105295181274,19,0.3392857142857143,2.9473684210526314,1.368421052631579,39,0.6964285714285714,1.435897435897436,0.6666666666666666,20
test_multilingual_ko_000012,multilingual_ko,68,32,0.38742518424987793,0.36463096737861633,21,0.3088235294117647,3.238095238095238,1.5238095238095237,45,0.6617647058823529,1.511111111111111,0.7111111111111111,24
test_multilingual_ko_000013,multilingual_ko,53,25,0.321948766708374,0.5923975110054016,19,0.3584905660377358,2.789473684210526,1.3157894736842106,34,0.6415094339622641,1.5588235294117647,0.7352941176470589,15
test_multilingual_ko_000014,multilingual_ko,56,26,0.44862857460975647,0.4629444181919098,19,0.3392857142857143,2.9473684210526314,1.368421052631579,39,0.6964285714285714,1.435897435897436,0.6666666666666666,20
test_multilingual_ko_000015,multilingual_ko,68,32,0.34419214725494385,0.3530103266239166,21,0.3088235294117647,3.238095238095238,1.5238095238095237,45,0.6617647058823529,1.511111111111111,0.7111111111111111,24
test_multilingual_ko_000016,multilingual_ko,53,25,0.28240853548049927,0.5900214910507202,19,0.3584905660377358,2.789473684210526,1.3157894736842106,34,0.6415094339622641,1.5588235294117647,0.7352941176470589,15
test_multilingual_ko_000017,multilingual_ko,56,26,0.4561011791229248,0.45784372091293335,19,0.3392857142857143,2.9473684210526314,1.368421052631579,39,0.6964285714285714,1.435897435897436,0.6666666666666666,20
test_multilingual_ko_000018,multilingual_ko,68,32,0.3582855463027954,0.35185736417770386,21,0.3088235294117647,3.238095238095238,1.5238095238095237,45,0.6617647058823529,1.511111111111111,0.7111111111111111,24
test_multilingual_ko_000019,multilingual_ko,53,25,0.31488433480262756,0.5869326591491699,19,0.3584905660377358,2.789473684210526,1.3157894736842106,34,0.6415094339622641,1.5588235294117647,0.7352941176470589,15
test_multilingual_ko_000020,multilingual_ko,56,26,0.43648749589920044,0.46813854575157166,19,0.3392857142857143,2.9473684210526314,1.368421052631579,39,0.6964285714285714,1.435897435897436,0.6666666666666666,20
test_multilingual_ko_000021,multilingual_ko,68,32,0.3494662940502167,0.36357381939888,21,0.3088235294117647,3.238095238095238,1.5238095238095237,45,0.6617647058823529,1.511111111111111,0.7111111111111111,24
test_multilingual_ko_000022,multilingual_ko,53,25,0.311053991317749,0.5840975642204285,19,0.3584905660377358,2.789473684210526,1.3157894736842106,34,0.6415094339622641,1.5588235294117647,0.7352941176470589,15
test_multilingual_ko_000023,multilingual_ko,56,26,0.4571131765842438,0.435198038816452,19,0.3392857142857143,2.9473684210526314,1.368421052631579,39,0.6964285714285714,1.435897435897436,0.6666666666666666,20
test_multilingual_ko_000024,multilingual_ko,68,32,0.36079612374305725,0.35075658559799194,21,0.3088235294117647,3.238095238095238,1.5238095238095237,45,0.6617647058823529,1.511111111111111,0.7111111111111111,24
test_multilingual_ko_000025,multilingual_ko,53,25,0.2849327027797699,0.6136273145675659,19,0.3584905660377358,2.789473684210526,1.3157894736842106,34,0.6415094339622641,1.5588235294117647,0.7352941176470589,15
test_multilingual_ko_000026,multilingual_ko,56,26,0.4468686580657959,0.4542185068130493,19,0.3392857142857143,2.9473684210526314,1.368421052631579,39,0.6964285714285714,1.435897435897436,0.6666666666666666,20
test_multilingual_ko_000027,multilingual_ko,68,32,0.35198089480400085,0.35631248354911804,21,0.3088235294117647,3.238095238095238,1.5238095238095237,45,0.6617647058823529,1.511111111111111,0.7111111111111111,24
test_multilingual_ko_000028,multilingual_ko,53,25,0.30002930760383606,0.5543036460876465,19,0.3584905660377358,2.789473684210526,1.3157894736842106,34,0.6415094339622641,1.5588235294117647,0.7352941176470589,15
test_multilingual_ko_000029,multilingual_ko,56,26,0.4530782103538513,0.45844659209251404,19,0.3392857142857143,2.9473684210526314,1.368421052631579,39,0.6964285714285714,1.435897435897436,0.6666666666666666,20
test_multilingual_ko_000030,multilingual_ko,68,32,0.38411983847618103,0.3690139651298523,21,0.3088235294117647,3.238095238095238,1.5238095238095237,45,0.6617647058823529,1.511111111111111,0.7111111111111111,24
test_multilingual_ko_000031,multilingual_ko,53,25,0.2977077066898346,0.5785913467407227,19,0.3584905660377358,2.789473684210526,1.3157894736842106,34,0.6415094339622641,1.5588235294117647,0.7352941176470589,15
test_multilingual_ko_000032,multilingual_ko,56,26,0.448041707277298,0.4539012014865875,19,0.3392857142857143,2.9473684210526314,1.368421052631579,39,0.6964285714285714,1.435897435897436,0.6666666666666666,20
test_multilingual_ko_000033,multilingual_ko,68,32,0.36862674355506897,0.36104080080986023,21,0.3088235294117647,3.238095238095238,1.5238095238095237,45,0.6617647058823529,1.511111111111111,0.7111111111111111,24
test_multilingual_ko_000034,multilingual_ko,53,25,0.32153335213661194,0.6020211577415466,19,0.3584905660377358,2.789473684210526,1.3157894736842106,34,0.6415094339622641,1.5588235294117647,0.7352941176470589,15
test_multilingual_ko_000035,multilingual_ko,56,26,0.44388169050216675,0.45838063955307007,19,0.3392857142857143,2.9473684210526314,1.368421052631579,39,0.6964285714285714,1.435897435897436,0.6666666666666666,20
test_multilingual_ko_000036,multilingual_ko,68,32,0.3740123212337494,0.36808058619499207,21,0.3088235294117647,3.238095238095238,1.5238095238095237,45,0.6617647058823529,1.511111111111111,0.7111111111111111,24
test_multilingual_ko_000037,multilingual_ko,53,25,0.3150905668735504,0.5994836091995239,19,0.3584905660377358,2.789473684210526,1.3157894736842106,34,0.6415094339622641,1.5588235294117647,0.7352941176470589,15
test_multilingual_ko_000038,multilingual_ko,56,26,0.46853598952293396,0.464835524559021,19,0.3392857142857143,2.9473684210526314,1.368421052631579,39,0.6964285714285714,1.435897435897436,0.6666666666666666,20
test_multilingual_ko_000039,multilingual_ko,68,32,0.37584662437438965,0.3615450859069824,21,0.3088235294117647,3.238095238095238,1.5238095238095237,45,0.6617647058823529,1.511111111111111,0.7111111111111111,24
test_multilingual_ko_000040,multilingual_ko,53,25,0.30961182713508606,0.574225664138794,19,0.3584905660377358,2.789473684210526,1.3157894736842106,34,0.6415094339622641,1.5588235294117647,0.7352941176470589,15
test_multilingual_ko_000041,multilingual_ko,56,26,0.44681498408317566,0.43746477365493774,19,0.3392857142857143,2.9473684210526314,1.368421052631579,39,0.6964285714285714,1.435897435897436,0.6666666666666666,20
test_multilingual_ko_000042,multilingual_ko,68,32,0.39215320348739624,0.34987396001815796,21,0.3088235294117647,3.238095238095238,1.5238095238095237,45,0.6617647058823529,1.511111111111111,0.7111111111111111,24
test_multilingual_ko_000043,multilingual_ko,53,25,0.32170742750167847,0.5759568810462952,19,0.3584905660377358,2.789473684210526,1.3157894736842106,34,0.6415094339622641,1.5588235294117647,0.7352941176470589,15
test_multilingual_ko_000044,multilingual_ko,56,26,0.4563668370246887,0.4531247913837433,19,0.3392857142857143,2.9473684210526314,1.368421052631579,39,0.6964285714285714,1.435897435897436,0.6666666666666666,20
test_multilingual_ko_000045,multilingual_ko,68,32,0.38835129141807556,0.3783130645751953,21,0.3088235294117647,3.238095238095238,1.5238095238095237,45,0.6617647058823529,1.511111111111111,0.7111111111111111,24
test_multilingual_ko_000046,multilingual_ko,53,25,0.3131093978881836,0.6090856790542603,19,0.3584905660377358,2.789473684210526,1.3157894736842106,34,0.6415094339622641,1.5588235294117647,0.7352941176470589,15
test_multilingual_ko_000047,multilingual_ko,56,26,0.4477223753929138,0.4612310230731964,19,0.3392857142857143,2.9473684210526314,1.368421052631579,39,0.6964285714285714,1.435897435897436,0.6666666666666666,20
test_multilingual_ko_000048,multilingual_ko,68,32,0.3735255002975464,0.37306734919548035,21,0.3088235294117647,3.238095238095238,1.5238095238095237,45,0.6617647058823529,1.511111111111111,0.7111111111111111,24
test_multilingual_ko_000049,multilingual_ko,53,25,0.3131619393825531,0.5890390276908875,19,0.3584905660377358,2.789473684210526,1.3157894736842106,34,0.6415094339622641,1.5588235294117647,0.7352941176470589,15
test_multilingual_ko_000050,multilingual_ko,56,26,0.45021572709083557,0.45139142870903015,19,0.3392857142857143,2.9473684210526314,1.368421052631579,39,0.6964285714285714,1.435897435897436,0.6666666666666666,20
test_multilingual_ko_000051,multilingual_ko,68,32,0.3709316849708557,0.3613165616989136,21,0.3088235294117647,3.238095238095238,1.5238095238095237,45,0.6617647058823529,1.511111111111111,0.7111111111111111,24
test_multilingual_ko_000052,multilingual_ko,53,25,0.32390570640563965,0.6018946766853333,19,0.3584905660377358,2.789473684210526,1.3157894736842106,34,0.6415094339622641,1.5588235294117647,0.7352941176470589,15
test_multilingual_ko_000053,multilingual_ko,56,26,0.4455002248287201,0.4526272714138031,19,0.3392857142857143,2.9473684210526314,1.368421052631579,39,0.6964285714285714,1.435897435897436,0.6666666666666666,20
test_multilingual_ko_000054,multilingual_ko,68,32,0.37386009097099304,0.35447078943252563,21,0.3088235294117647,3.238095238095238,1.5238095238095237,45,0.6617647058823529,1.511111111111111,0.7111111111111111,24
test_multilingual_ko_000055,multilingual_ko,53,25,0.32641392946243286,0.5812511444091797,19,0.3584905660377358,2.789473684210526,1.3157894736842106,34,0.6415094339622641,1.5588235294117647,0.7352941176470589,15
test_multilingual_ko_000056,multilingual_ko,56,26,0.4896153509616852,0.4358482360839844,19,0.3392857142857143,2.9473684210526314,1.368421052631579,39,0.6964285714285714,1.435897435897436,0.6666666666666666,20
test_multilingual_ko_000057,multilingual_ko,68,32,0.37359893321990967,0.34796661138534546,21,0.3088235294117647,3.238095238095238,1.5238095238095237,45,0.6617647058823529,1.511111111111111,0.7111111111111111,24
test_multilingual_ko_000058,multilingual_ko,53,25,0.3105245530605316,0.5815780162811279,19,0.3584905660377358,2.789473684210526,1.3157894736842106,34,0.6415094339622641,1.5588235294117647,0.7352941176470589,15
test_multilingual_ko_000059,multilingual_ko,56,26,0.4401322901248932,0.46597790718078613,19,0.3392857142857143,2.9473684210526314,1.368421052631579,39,0.6964285714285714,1.435897435897436,0.6666666666666666,20
test_multilingual_ko_000060,multilingual_ko,68,32,0.3708362579345703,0.3667670488357544,21,0.3088235294117647,3.238095238095238,1.5238095238095237,45,0.6617647058823529,1.511111111111111,0.7111111111111111,24
test_multilingual_ko_000061,multilingual_ko,53,25,0.30749812722206116,0.6013954877853394,19,0.3584905660377358,2.789473684210526,1.3157894736842106,34,0.6415094339622641,1.5588235294117647,0.7352941176470589,15
test_multilingual_ko_000062,multilingual_ko,56,26,0.42414137721061707,0.46721720695495605,19,0.3392857142857143,2.9473684210526314,1.368421052631579,39,0.6964285714285714,1.435897435897436,0.6666666666666666,20
test_multilingual_ko_000063,multilingual_ko,68,32,0.3510022759437561,0.34151819348335266,21,0.3088235294117647,3.238095238095238,1.5238095238095237,45,0.6617647058823529,1.511111111111111,0.7111111111111111,24
test_multilingual_ko_000064,multilingual_ko,53,25,0.30875131487846375,0.5839895606040955,19,0.3584905660377358,2.789473684210526,1.3157894736842106,34,0.6415094339622641,1.5588235294117647,0.7352941176470589,15
test_multilingual_ko_000065,multilingual_ko,56,26,0.47561630606651306,0.46931809186935425,19,0.3392857142857143,2.9473684210526314,1.368421052631579,39,0.6964285714285714,1.435897435897436,0.6666666666666666,20
test_multilingual_ko_000066,multilingual_ko,68,32,0.37556418776512146,0.35951635241508484,21,0.3088235294117647,3.238095238095238,1.5238095238095237,45,0.6617647058823529,1.511111111111111,0.7111111111111111,24
test_multilingual_ko_000067,multilingual_ko,53,25,0.31993111968040466,0.5835742354393005,19,0.3584905660377358,2.789473684210526,1.3157894736842106,34,0.6415094339622641,1.5588235294117647,0.7352941176470589,15
test_multilingual_ko_000068,multilingual_ko,56,26,0.4380353093147278,0.4551343023777008,19,0.3392857142857143,2.9473684210526314,1.368421052631579,39,0.6964285714285714,1.435897435897436,0.6666666666666666,20
test_multilingual_ko_000069,multilingual_ko,68,32,0.3616447448730469,0.34547391533851624,21,0.3088235294117647,3.238095238095238,1.5238095238095237,45,0.6617647058823529,1.511111111111111,0.7111111111111111,24
test_multilingual_ko_000070,multilingual_ko,53,25,0.32256144285202026,0.585640549659729,19,0.3584905660377358,2.789473684210526,1.3157894736842106,34,0.6415094339622641,1.5588235294117647,0.7352941176470589,15
test_multilingual_ko_000071,multilingual_ko,56,26,0.43867453932762146,0.45754697918891907,19,0.3392857142857143,2.9473684210526314,1.368421052631579,39,0.6964285714285714,1.435897435897436,0.6666666666666666,20
test_multilingual_ko_000072,multilingual_ko,68,32,0.37486737966537476,0.3580498695373535,21,0.3088235294117647,3.238095238095238,1.5238095238095237,45,0.6617647058823529,1.511111111111111,0.7111111111111111,24
test_multilingual_ko_000073,multilingual_ko,53,25,0.30184388160705566,0.58372962474823,19,0.3584905660377358,2.789473684210526,1.3157894736842106,34,0.6415094339622641,1.5588235294117647,0.7352941176470589,15
test_multilingual_ko_000074,multilingual_ko,56,26,0.4502267837524414,0.4618876576423645,19,0.3392857142857143,2.9473684210526314,1.368421052631579,39,0.6964285714285714,1.435897435897436,0.6666666666666666,20
test_multilingual_ko_000075,multilingual_ko,68,32,0.3774268627166748,0.383887380361557,21,0.3088235294117647,3.238095238095238,1.5238095238095237,45,0.6617647058823529,1.511111111111111,0.7111111111111111,24
test_multilingual_ko_000076,multilingual_ko,53,25,0.30167534947395325,0.6176599264144897,19,0.3584905660377358,2.789473684210526,1.3157894736842106,34,0.6415094339622641,1.5588235294117647,0.7352941176470589,15
test_multilingual_ko_000077,multilingual_ko,56,26,0.42386728525161743,0.4597051441669464,19,0.3392857142857143,2.9473684210526314,1.368421052631579,39,0.6964285714285714,1.435897435897436,0.6666666666666666,20
test_multilingual_ko_000078,multilingual_ko,68,32,0.3820032477378845,0.36975404620170593,21,0.3088235294117647,3.238095238095238,1.5238095238095237,45,0.6617647058823529,1.511111111111111,0.7111111111111111,24
test_multilingual_ko_000079,multilingual_ko,53,25,0.29314911365509033,0.6173372864723206,19,0.3584905660377358,2.789473684210526,1.3157894736842106,34,0.6415094339622641,1.5588235294117647,0.7352941176470589,15
test_multilingual_ar_000000,multilingual_ar,82,48,0.451195627450943,0.4437033534049988,25,0.3048780487804878,3.28,1.92,47,0.573170731707317,1.7446808510638299,1.0212765957446808,22
test_multilingual_ar_000001,multilingual_ar,80,47,0.38418862223625183,0.4569869935512543,22,0.275,3.6363636363636362,2.1363636363636362,44,0.55,1.8181818181818181,1.0681818181818181,22
test_multilingual_ar_000002,multilingual_ar,83,48,0.3162305951118469,0.41407132148742676,23,0.27710843373493976,3.608695652173913,2.0869565217391304,43,0.5180722891566265,1.930232558139535,1.1162790697674418,20
test_multilingual_ar_000003,multilingual_ar,82,48,0.4568624794483185,0.4474588930606842,25,0.3048780487804878,3.28,1.92,47,0.573170731707317,1.7446808510638299,1.0212765957446808,22
test_multilingual_ar_000004,multilingual_ar,80,47,0.416034996509552,0.43183571100234985,22,0.275,3.6363636363636362,2.1363636363636362,44,0.55,1.8181818181818181,1.0681818181818181,22
test_multilingual_ar_000005,multilingual_ar,83,48,0.3155907690525055,0.4040585160255432,23,0.27710843373493976,3.608695652173913,2.0869565217391304,43,0.5180722891566265,1.930232558139535,1.1162790697674418,20
test_multilingual_ar_000006,multilingual_ar,82,48,0.43755853176116943,0.46069177985191345,25,0.3048780487804878,3.28,1.92,47,0.573170731707317,1.7446808510638299,1.0212765957446808,22
test_multilingual_ar_000007,multilingual_ar,80,47,0.3851972818374634,0.4510657787322998,22,0.275,3.6363636363636362,2.1363636363636362,44,0.55,1.8181818181818181,1.0681818181818181,22
test_multilingual_ar_000008,multilingual_ar,83,48,0.33125874400138855,0.4044601023197174,23,0.27710843373493976,3.608695652173913,2.0869565217391304,43,0.5180722891566265,1.930232558139535,1.1162790697674418,20
test_multilingual_ar_000009,multilingual_ar,82,48,0.4563835859298706,0.4494760036468506,25,0.3048780487804878,3.28,1.92,47,0.573170731707317,1.7446808510638299,1.0212765957446808,22
test_multilingual_ar_000010,multilingual_ar,80,47,0.382435142993927,0.46929559111595154,22,0.275,3.6363636363636362,2.1363636363636362,44,0.55,1.8181818181818181,1.0681818181818181,22
test_multilingual_ar_000011,multilingual_ar,83,48,0.27586135268211365,0.42817243933677673,23,0.27710843373493976,3.608695652173913,2.0869565217391304,43,0.5180722891566265,1.930232558139535,1.1162790697674418,20
test_multilingual_ar_000012,multilingual_ar,82,48,0.4473640024662018,0.4418288469314575,25,0.3048780487804878,3.28,1.92,47,0.573170731707317,1.7446808510638299,1.0212765957446808,22
test_multilingual_ar_000013,multilingual_ar,80,47,0.4087335467338562,0.47263118624687195,22,0.275,3.6363636363636362,2.1363636363636362,44,0.55,1.8181818181818181,1.0681818181818181,22
test_multilingual_ar_000014,multilingual_ar,83,48,0.29240936040878296,0.4095516800880432,23,0.27710843373493976,3.608695652173913,2.0869565217391304,43,0.5180722891566265,1.930232558139535,1.1162790697674418,20
test_multilingual_ar_000015,multilingual_ar,82,48,0.45227286219596863,0.46694308519363403,25,0.3048780487804878,3.28,1.92,47,0.573170731707317,1.7446808510638299,1.0212765957446808,22
test_multilingual_ar_000016,multilingual_ar,80,47,0.3776426315307617,0.46618232131004333,22,0.275,3.6363636363636362,2.1363636363636362,44,0.55,1.8181818181818181,1.0681818181818181,22
test_multilingual_ar_000017,multilingual_ar,83,48,0.30449599027633667,0.41188594698905945,23,0.27710843373493976,3.608695652173913,2.0869565217391304,43,0.5180722891566265,1.930232558139535,1.1162790697674418,20
test_multilingual_ar_000018,multilingual_ar,82,48,0.4216517508029938,0.45159274339675903,25,0.3048780487804878,3.28,1.92,47,0.573170731707317,1.7446808510638299,1.0212765957446808,22
test_multilingual_ar_000019,multilingual_ar,80,47,0.4017946422100067,0.4746198356151581,22,0.275,3.6363636363636362,2.1363636363636362,44,0.55,1.8181818181818181,1.0681818181818181,22
test_multilingual_ar_000020,multilingual_ar,83,48,0.28558433055877686,0.419583261013031,23,0.27710843373493976,3.608695652173913,2.0869565217391304,43,0.5180722891566265,1.930232558139535,1.1162790697674418,20
test_multilingual_ar_000021,multilingual_ar,82,48,0.44303223490715027,0.45679518580436707,25,0.3048780487804878,3.28,1.92,47,0.573170731707317,1.7446808510638299,1.0212765957446808,22
test_multilingual_ar_000022,multilingual_ar,80,47,0.3775322139263153,0.4800249934196472,22,0.275,3.6363636363636362,2.1363636363636362,44,0.55,1.8181818181818181,1.0681818181818181,22
test_multilingual_ar_000023,multilingual_ar,83,48,0.28990986943244934,0.41413483023643494,23,0.27710843373493976,3.608695652173913,2.0869565217391304,43,0.5180722891566265,1.930232558139535,1.1162790697674418,20
test_multilingual_ar_000024,multilingual_ar,82,48,0.46184685826301575,0.4455852508544922,25,0.3048780487804878,3.28,1.92,47,0.573170731707317,1.7446808510638299,1.0212765957446808,22
test_multilingual_ar_000025,multilingual_ar,80,47,0.3856057822704315,0.48404282331466675,22,0.275,3.6363636363636362,2.1363636363636362,44,0.55,1.8181818181818181,1.0681818181818181,22
test_multilingual_ar_000026,multilingual_ar,83,48,0.29438072443008423,0.40465137362480164,23,0.27710843373493976,3.608695652173913,2.0869565217391304,43,0.5180722891566265,1.930232558139535,1.1162790697674418,20
test_multilingual_ar_000027,multilingual_ar,82,48,0.4438494145870209,0.44577082991600037,25,0.3048780487804878,3.28,1.92,47,0.573170731707317,1.7446808510638299,1.0212765957446808,22
test_multilingual_ar_000028,multilingual_ar,80,47,0.4166637659072876,0.44690340757369995,22,0.275,3.6363636363636362,2.1363636363636362,44,0.55,1.8181818181818181,1.0681818181818181,22
test_multilingual_ar_000029,multilingual_ar,83,48,0.30525559186935425,0.4343893826007843,23,0.27710843373493976,3.608695652173913,2.0869565217391304,43,0.5180722891566265,1.930232558139535,1.1162790697674418,20
test_multilingual_ar_000030,multilingual_ar,82,48,0.4449969530105591,0.44982123374938965,25,0.3048780487804878,3.28,1.92,47,0.573170731707317,1.7446808510638299,1.0212765957446808,22
test_multilingual_ar_000031,multilingual_ar,80,47,0.3690350651741028,0.45953404903411865,22,0.275,3.6363636363636362,2.1363636363636362,44,0.55,1.8181818181818181,1.0681818181818181,22
test_multilingual_ar_000032,multilingual_ar,83,48,0.29329246282577515,0.40771448612213135,23,0.27710843373493976,3.608695652173913,2.0869565217391304,43,0.5180722891566265,1.930232558139535,1.1162790697674418,20
test_multilingual_ar_000033,multilingual_ar,82,48,0.4452301263809204,0.4390403628349304,25,0.3048780487804878,3.28,1.92,47,0.573170731707317,1.7446808510638299,1.0212765957446808,22
test_multilingual_ar_000034,multilingual_ar,80,47,0.3914288580417633,0.40140458941459656,22,0.275,3.6363636363636362,2.1363636363636362,44,0.55,1.8181818181818181,1.0681818181818181,22
test_multilingual_ar_000035,multilingual_ar,83,48,0.28960710763931274,0.41284242272377014,23,0.27710843373493976,3.608695652173913,2.0869565217391304,43,0.5180722891566265,1.930232558139535,1.1162790697674418,20
test_multilingual_ar_000036,multilingual_ar,82,48,0.44921115040779114,0.43830186128616333,25,0.3048780487804878,3.28,1.92,47,0.573170731707317,1.7446808510638299,1.0212765957446808,22
test_multilingual_ar_000037,multilingual_ar,80,47,0.3863787353038788,0.45186445116996765,22,0.275,3.6363636363636362,2.1363636363636362,44,0.55,1.8181818181818181,1.0681818181818181,22
test_multilingual_ar_000038,multilingual_ar,83,48,0.3087499737739563,0.41155704855918884,23,0.27710843373493976,3.608695652173913,2.0869565217391304,43,0.5180722891566265,1.930232558139535,1.1162790697674418,20
test_multilingual_ar_000039,multilingual_ar,82,48,0.4426444172859192,0.4406265616416931,25,0.3048780487804878,3.28,1.92,47,0.573170731707317,1.7446808510638299,1.0212765957446808,22
test_multilingual_ar_000040,multilingual_ar,80,47,0.3982332944869995,0.4630715250968933,22,0.275,3.6363636363636362,2.1363636363636362,44,0.55,1.8181818181818181,1.0681818181818181,22
test_multilingual_ar_000041,multilingual_ar,83,48,0.30866554379463196,0.41357186436653137,23,0.27710843373493976,3.608695652173913,2.0869565217391304,43,0.5180722891566265,1.930232558139535,1.1162790697674418,20
test_multilingual_ar_000042,multilingual_ar,82,48,0.448897123336792,0.4532875716686249,25,0.3048780487804878,3.28,1.92,47,0.573170731707317,1.7446808510638299,1.0212765957446808,22
test_multilingual_ar_000043,multilingual_ar,80,47,0.40353652834892273,0.4672868847846985,22,0.275,3.6363636363636362,2.1363636363636362,44,0.55,1.8181818181818181,1.0681818181818181,22
test_multilingual_ar_000044,multilingual_ar,83,48,0.3053927719593048,0.4150563180446625,23,0.27710843373493976,3.608695652173913,2.0869565217391304,43,0.5180722891566265,1.930232558139535,1.1162790697674418,20
test_multilingual_ar_000045,multilingual_ar,82,48,0.4520972967147827,0.45911934971809387,25,0.3048780487804878,3.28,1.92,47,0.573170731707317,1.7446808510638299,1.0212765957446808,22
test_multilingual_ar_000046,multilingual_ar,80,47,0.4127856194972992,0.4481055736541748,22,0.275,3.6363636363636362,2.1363636363636362,44,0.55,1.8181818181818181,1.0681818181818181,22
test_multilingual_ar_000047,multilingual_ar,83,48,0.30951082706451416,0.42169225215911865,23,0.27710843373493976,3.608695652173913,2.0869565217391304,43,0.5180722891566265,1.930232558139535,1.1162790697674418,20
test_multilingual_ar_000048,multilingual_ar,82,48,0.4513893127441406,0.468163400888443,25,0.3048780487804878,3.28,1.92,47,0.573170731707317,1.7446808510638299,1.0212765957446808,22
test_multilingual_ar_000049,multilingual_ar,80,47,0.3615289032459259,0.4572717547416687,22,0.275,3.6363636363636362,2.1363636363636362,44,0.55,1.8181818181818181,1.0681818181818181,22
test_multilingual_ar_000050,multilingual_ar,83,48,0.2906033396720886,0.410383403301239,23,0.27710843373493976,3.608695652173913,2.0869565217391304,43,0.5180722891566265,1.930232558139535,1.1162790697674418,20
test_multilingual_ar_000051,multilingual_ar,82,48,0.44308289885520935,0.48490670323371887,25,0.3048780487804878,3.28,1.92,47,0.573170731707317,1.7446808510638299,1.0212765957446808,22
test_multilingual_ar_000052,multilingual_ar,80,47,0.39702892303466797,0.4532388150691986,22,0.275,3.6363636363636362,2.1363636363636362,44,0.55,1.8181818181818181,1.0681818181818181,22
test_multilingual_ar_000053,multilingual_ar,83,48,0.309126615524292,0.42051586508750916,23,0.27710843373493976,3.608695652173913,2.0869565217391304,43,0.5180722891566265,1.930232558139535,1.1162790697674418,20
test_multilingual_ar_000054,multilingual_ar,82,48,0.49010083079338074,0.39623376727104187,25,0.3048780487804878,3.28,1.92,47,0.573170731707317,1.7446808510638299,1.0212765957446808,22
test_multilingual_ar_000055,multilingual_ar,80,47,0.39938977360725403,0.44811227917671204,22,0.275,3.6363636363636362,2.1363636363636362,44,0.55,1.8181818181818181,1.0681818181818181,22
test_multilingual_ar_000056,multilingual_ar,83,48,0.3161163032054901,0.3973793685436249,23,0.27710843373493976,3.608695652173913,2.0869565217391304,43,0.5180722891566265,1.930232558139535,1.1162790697674418,20
test_multilingual_ar_000057,multilingual_ar,82,48,0.4360557496547699,0.42727795243263245,25,0.3048780487804878,3.28,1.92,47,0.573170731707317,1.7446808510638299,1.0212765957446808,22
test_multilingual_ar_000058,multilingual_ar,80,47,0.38082370162010193,0.44846007227897644,22,0.275,3.6363636363636362,2.1363636363636362,44,0.55,1.8181818181818181,1.0681818181818181,22
test_multilingual_ar_000059,multilingual_ar,83,48,0.2886350452899933,0.4002353250980377,23,0.27710843373493976,3.608695652173913,2.0869565217391304,43,0.5180722891566265,1.930232558139535,1.1162790697674418,20
test_multilingual_ar_000060,multilingual_ar,82,48,0.4417017996311188,0.4507308900356293,25,0.3048780487804878,3.28,1.92,47,0.573170731707317,1.7446808510638299,1.0212765957446808,22
test_multilingual_ar_000061,multilingual_ar,80,47,0.3728090524673462,0.47848421335220337,22,0.275,3.6363636363636362,2.1363636363636362,44,0.55,1.8181818181818181,1.0681818181818181,22
test_multilingual_ar_000062,multilingual_ar,83,48,0.2942846715450287,0.4121967554092407,23,0.27710843373493976,3.608695652173913,2.0869565217391304,43,0.5180722891566265,1.930232558139535,1.1162790697674418,20
test_multilingual_ar_000063,multilingual_ar,82,48,0.46266379952430725,0.43993619084358215,25,0.3048780487804878,3.28,1.92,47,0.573170731707317,1.7446808510638299,1.0212765957446808,22
test_multilingual_ar_000064,multilingual_ar,80,47,0.40106236934661865,0.4552818238735199,22,0.275,3.6363636363636362,2.1363636363636362,44,0.55,1.8181818181818181,1.0681818181818181,22
test_multilingual_ar_000065,multilingual_ar,83,48,0.28841209411621094,0.41161537170410156,23,0.27710843373493976,3.608695652173913,2.0869565217391304,43,0.5180722891566265,1.930232558139535,1.1162790697674418,20
test_multilingual_ar_000066,multilingual_ar,82,48,0.4478210508823395,0.45869180560112,25,0.3048780487804878,3.28,1.92,47,0.573170731707317,1.7446808510638299,1.0212765957446808,22
test_multilingual_ar_000067,multilingual_ar,80,47,0.39686572551727295,0.4473516345024109,22,0.275,3.6363636363636362,2.1363636363636362,44,0.55,1.8181818181818181,1.0681818181818181,22
test_multilingual_ar_000068,multilingual_ar,83,48,0.30883917212486267,0.4215814471244812,23,0.27710843373493976,3.608695652173913,2.0869565217391304,43,0.5180722891566265,1.930232558139535,1.1162790697674418,20
test_multilingual_ar_000069,multilingual_ar,82,48,0.44205886125564575,0.4209223985671997,25,0.3048780487804878,3.28,1.92,47,0.573170731707317,1.7446808510638299,1.0212765957446808,22
test_multilingual_ar_000070,multilingual_ar,80,47,0.37689876556396484,0.46140119433403015,22,0.275,3.6363636363636362,2.1363636363636362,44,0.55,1.8181818181818181,1.0681818181818181,22
test_multilingual_ar_000071,multilingual_ar,83,48,0.28922513127326965,0.4057677984237671,23,0.27710843373493976,3.608695652173913,2.0869565217391304,43,0.5180722891566265,1.930232558139535,1.1162790697674418,20
test_multilingual_ar_000072,multilingual_ar,82,48,0.4286750853061676,0.43629613518714905,25,0.3048780487804878,3.28,1.92,47,0.573170731707317,1.7446808510638299,1.0212765957446808,22
test_multilingual_ar_000073,multilingual_ar,80,47,0.3983621597290039,0.44683536887168884,22,0.275,3.6363636363636362,2.1363636363636362,44,0.55,1.8181818181818181,1.0681818181818181,22
test_multilingual_ar_000074,multilingual_ar,83,48,0.3037453591823578,0.42847833037376404,23,0.27710843373493976,3.608695652173913,2.0869565217391304,43,0.5180722891566265,1.930232558139535,1.1162790697674418,20
test_multilingual_ar_000075,multilingual_ar,82,48,0.43962162733078003,0.45570099353790283,25,0.3048780487804878,3.28,1.92,47,0.573170731707317,1.7446808510638299,1.0212765957446808,22
test_multilingual_ar_000076,multilingual_ar,80,47,0.39548465609550476,0.4375390410423279,22,0.275,3.6363636363636362,2.1363636363636362,44,0.55,1.8181818181818181,1.0681818181818181,22
test_multilingual_ar_000077,multilingual_ar,83,48,0.2881288230419159,0.4226363003253937,23,0.27710843373493976,3.608695652173913,2.0869565217391304,43,0.5180722891566265,1.930232558139535,1.1162790697674418,20
test_multilingual_ar_000078,multilingual_ar,82,48,0.440436452627182,0.4473852515220642,25,0.3048780487804878,3.28,1.92,47,0.573170731707317,1.7446808510638299,1.0212765957446808,22
test_multilingual_ar_000079,multilingual_ar,80,47,0.387071430683136,0.47619035840034485,22,0.275,3.6363636363636362,2.1363636363636362,44,0.55,1.8181818181818181,1.0681818181818181,22
test_multilingual_hi_000000,multilingual_hi,117,49,0.20384623110294342,0.3882392644882202,44,0.37606837606837606,2.659090909090909,1.1136363636363635,54,0.46153846153846156,2.1666666666666665,0.9074074074074074,10
test_multilingual_hi_000001,multilingual_hi,125,51,0.16472691297531128,0.2670031487941742,49,0.392,2.5510204081632653,1.0408163265306123,60,0.48,2.0833333333333335,0.85,11
test_multilingual_hi_000002,multilingual_hi,94,40,0.2229180634021759,0.41082316637039185,36,0.3829787234042553,2.611111111111111,1.1111111111111112,45,0.4787234042553192,2.088888888888889,0.8888888888888888,9
test_multilingual_hi_000003,multilingual_hi,117,49,0.19543175399303436,0.3581094443798065,44,0.37606837606837606,2.659090909090909,1.1136363636363635,54,0.46153846153846156,2.1666666666666665,0.9074074074074074,10
test_multilingual_hi_000004,multilingual_hi,125,51,0.2006135731935501,0.2647777795791626,49,0.392,2.5510204081632653,1.0408163265306123,60,0.48,2.0833333333333335,0.85,11
test_multilingual_hi_000005,multilingual_hi,94,40,0.23769813776016235,0.38213908672332764,36,0.3829787234042553,2.611111111111111,1.1111111111111112,45,0.4787234042553192,2.088888888888889,0.8888888888888888,9
test_multilingual_hi_000006,multilingual_hi,117,49,0.19511951506137848,0.3508895933628082,44,0.37606837606837606,2.659090909090909,1.1136363636363635,54,0.46153846153846156,2.1666666666666665,0.9074074074074074,10
test_multilingual_hi_000007,multilingual_hi,125,51,0.1744668334722519,0.2754340171813965,49,0.392,2.5510204081632653,1.0408163265306123,60,0.48,2.0833333333333335,0.85,11
test_multilingual_hi_000008,multilingual_hi,94,40,0.23625659942626953,0.3721787631511688,36,0.3829787234042553,2.611111111111111,1.1111111111111112,45,0.4787234042553192,2.088888888888889,0.8888888888888888,9
test_multilingual_hi_000009,multilingual_hi,117,49,0.19069455564022064,0.3385351002216339,44,0.37606837606837606,2.659090909090909,1.1136363636363635,54,0.46153846153846156,2.1666666666666665,0.9074074074074074,10
test_multilingual_hi_000010,multilingual_hi,125,51,0.19621431827545166,0.26774370670318604,49,0.392,2.5510204081632653,1.0408163265306123,60,0.48,2.0833333333333335,0.85,11
test_multilingual_hi_000011,multilingual_hi,94,40,0.2303597629070282,0.36949923634529114,36,0.3829787234042553,2.611111111111111,1.1111111111111112,45,0.4787234042553192,2.088888888888889,0.8888888888888888,9
test_multilingual_hi_000012,multilingual_hi,117,49,0.19838155806064606,0.33933255076408386,44,0.37606837606837606,2.659090909090909,1.1136363636363635,54,0.46153846153846156,2.1666666666666665,0.9074074074074074,10
test_multilingual_hi_000013,multilingual_hi,125,51,0.19879698753356934,0.2636018991470337,49,0.392,2.5510204081632653,1.0408163265306123,60,0.48,2.0833333333333335,0.85,11
test_multilingual_hi_000014,multilingual_hi,94,40,0.22976748645305634,0.38962456583976746,36,0.3829787234042553,2.611111111111111,1.1111111111111112,45,0.4787234042553192,2.088888888888889,0.8888888888888888,9
test_multilingual_hi_000015,multilingual_hi,117,49,0.20941950380802155,0.34586331248283386,44,0.37606837606837606,2.659090909090909,1.1136363636363635,54,0.46153846153846156,2.1666666666666665,0.9074074074074074,10
test_multilingual_hi_000016,multilingual_hi,125,51,0.20183856785297394,0.27230164408683777,49,0.392,2.5510204081632653,1.0408163265306123,60,0.48,2.0833333333333335,0.85,11
test_multilingual_hi_000017,multilingual_hi,94,40,0.20643803477287292,0.3853651285171509,36,0.3829787234042553,2.611111111111111,1.1111111111111112,45,0.4787234042553192,2.088888888888889,0.8888888888888888,9
test_multilingual_hi_000018,multilingual_hi,117,49,0.20958419144153595,0.35258209705352783,44,0.37606837606837606,2.659090909090909,1.1136363636363635,54,0.46153846153846156,2.1666666666666665,0.9074074074074074,10
test_multilingual_hi_000019,multilingual_hi,125,51,0.1804736852645874,0.2758825719356537,49,0.392,2.5510204081632653,1.0408163265306123,60,0.48,2.0833333333333335,0.85,11
test_multilingual_hi_000020,multilingual_hi,94,40,0.22234933078289032,0.3989706039428711,36,0.3829787234042553,2.611111111111111,1.1111111111111112,45,0.4787234042553192,2.088888888888889,0.8888888888888888,9
test_multilingual_hi_000021,multilingual_hi,117,49,0.20327457785606384,0.36816561222076416,44,0.37606837606837606,2.659090909090909,1.1136363636363635,54,0.46153846153846156,2.1666666666666665,0.9074074074074074,10
test_multilingual_hi_000022,multilingual_hi,125,51,0.18528667092323303,0.27621880173683167,49,0.392,2.5510204081632653,1.0408163265306123,60,0.48,2.0833333333333335,0.85,11
test_multilingual_hi_000023,multilingual_hi,94,40,0.22808705270290375,0.3562186062335968,36,0.3829787234042553,2.611111111111111,1.1111111111111112,45,0.4787234042553192,2.088888888888889,0.8888888888888888,9
test_multilingual_hi_000024,multilingual_hi,117,49,0.18913699686527252,0.366734117269516,44,0.37606837606837606,2.659090909090909,1.1136363636363635,54,0.46153846153846156,2.1666666666666665,0.9074074074074074,10
test_multilingual_hi_000025,multilingual_hi,125,51,0.1963294893503189,0.259955495595932,49,0.392,2.5510204081632653,1.0408163265306123,60,0.48,2.0833333333333335,0.85,11
test_multilingual_hi_000026,multilingual_hi,94,40,0.2339848428964615,0.3820917010307312,36,0.3829787234042553,2.611111111111111,1.1111111111111112,45,0.4787234042553192,2.088888888888889,0.8888888888888888,9
test_multilingual_hi_000027,multilingual_hi,117,49,0.19449888169765472,0.3433714210987091,44,0.37606837606837606,2.659090909090909,1.1136363636363635,54,0.46153846153846156,2.1666666666666665,0.9074074074074074,10
test_multilingual_hi_000028,multilingual_hi,125,51,0.17586131393909454,0.269756942987442,49,0.392,2.5510204081632653,1.0408163265306123,60,0.48,2.0833333333333335,0.85,11
test_multilingual_hi_000029,multilingual_hi,94,40,0.22694870829582214,0.3932853937149048,36,0.3829787234042553,2.611111111111111,1.1111111111111112,45,0.4787234042553192,2.088888888888889,0.8888888888888888,9
test_multilingual_hi_000030,multilingual_hi,117,49,0.20886945724487305,0.3622514009475708,44,0.37606837606837606,2.659090909090909,1.1136363636363635,54,0.46153846153846156,2.1666666666666665,0.9074074074074074,10
test_multilingual_hi_000031,multilingual_hi,125,51,0.20442263782024384,0.2594859302043915,49,0.392,2.5510204081632653,1.0408163265306123,60,0.48,2.0833333333333335,0.85,11
test_multilingual_hi_000032,multilingual_hi,94,40,0.22130608558654785,0.4059039056301117,36,0.3829787234042553,2.611111111111111,1.1111111111111112,45,0.4787234042553192,2.088888888888889,0.8888888888888888,9
test_multilingual_hi_000033,multilingual_hi,117,49,0.1952596753835678,0.33652743697166443,44,0.37606837606837606,2.659090909090909,1.1136363636363635,54,0.46153846153846156,2.1666666666666665,0.9074074074074074,10
test_multilingual_hi_000034,multilingual_hi,125,51,0.1936573088169098,0.2703900635242462,49,0.392,2.5510204081632653,1.0408163265306123,60,0.48,2.0833333333333335,0.85,11
test_multilingual_hi_000035,multilingual_hi,94,40,0.21332798898220062,0.4043775796890259,36,0.3829787234042553,2.611111111111111,1.1111111111111112,45,0.4787234042553192,2.088888888888889,0.8888888888888888,9
test_multilingual_hi_000036,multilingual_hi,117,49,0.1942427158355713,0.3572358787059784,44,0.37606837606837606,2.659090909090909,1.1136363636363635,54,0.46153846153846156,2.1666666666666665,0.9074074074074074,10
test_multilingual_hi_000037,multilingual_hi,125,51,0.19457893073558807,0.2626121938228607,49,0.392,2.5510204081632653,1.0408163265306123,60,0.48,2.0833333333333335,0.85,11
test_multilingual_hi_000038,multilingual_hi,94,40,0.22490328550338745,0.38716399669647217,36,0.3829787234042553,2.611111111111111,1.1111111111111112,45,0.4787234042553192,2.088888888888889,0.8888888888888888,9
test_multilingual_hi_000039,multilingual_hi,117,49,0.20670880377292633,0.353791207075119,44,0.37606837606837606,2.659090909090909,1.1136363636363635,54,0.46153846153846156,2.1666666666666665,0.9074074074074074,10
test_multilingual_hi_000040,multilingual_hi,125,51,0.16554796695709229,0.2674380838871002,49,0.392,2.5510204081632653,1.0408163265306123,60,0.48,2.0833333333333335,0.85,11
test_multilingual_hi_000041,multilingual_hi,94,40,0.24148300290107727,0.3659081757068634,36,0.3829787234042553,2.611111111111111,1.1111111111111112,45,0.4787234042553192,2.088888888888889,0.8888888888888888,9
test_multilingual_hi_000042,multilingual_hi,117,49,0.18881087005138397,0.3623015880584717,44,0.37606837606837606,2.659090909090909,1.1136363636363635,54,0.46153846153846156,2.1666666666666665,0.9074074074074074,10
test_multilingual_hi_000043,multilingual_hi,125,51,0.17784936726093292,0.2735350728034973,49,0.392,2.5510204081632653,1.0408163265306123,60,0.48,2.0833333333333335,0.85,11
test_multilingual_hi_000044,multilingual_hi,94,40,0.20949973165988922,0.39999571442604065,36,0.3829787234042553,2.611111111111111,1.1111111111111112,45,0.4787234042553192,2.088888888888889,0.8888888888888888,9
test_multilingual_hi_000045,multilingual_hi,117,49,0.20354245603084564,0.35169386863708496,44,0.37606837606837606,2.659090909090909,1.1136363636363635,54,0.46153846153846156,2.1666666666666665,0.9074074074074074,10
test_multilingual_hi_000046,multilingual_hi,125,51,0.178367480635643,0.2777770459651947,49,0.392,2.5510204081632653,1.0408163265306123,60,0.48,2.0833333333333335,0.85,11
test_multilingual_hi_000047,multilingual_hi,94,40,0.2032301127910614,0.39449483156204224,36,0.3829787234042553,2.611111111111111,1.1111111111111112,45,0.4787234042553192,2.088888888888889,0.8888888888888888,9
test_multilingual_hi_000048,multilingual_hi,117,49,0.18784505128860474,0.35219091176986694,44,0.37606837606837606,2.659090909090909,1.1136363636363635,54,0.46153846153846156,2.1666666666666665,0.9074074074074074,10
test_multilingual_hi_000049,multilingual_hi,125,51,0.16567441821098328,0.270565927028656,49,0.392,2.5510204081632653,1.0408163265306123,60,0.48,2.0833333333333335,0.85,11
test_multilingual_hi_000050,multilingual_hi,94,40,0.2461780458688736,0.38937318325042725,36,0.3829787234042553,2.611111111111111,1.1111111111111112,45,0.4787234042553192,2.088888888888889,0.8888888888888888,9
test_multilingual_hi_000051,multilingual_hi,117,49,0.20217595994472504,0.3575493395328522,44,0.37606837606837606,2.659090909090909,1.1136363636363635,54,0.46153846153846156,2.1666666666666665,0.9074074074074074,10
test_multilingual_hi_000052,multilingual_hi,125,51,0.19214293360710144,0.24657262861728668,49,0.392,2.5510204081632653,1.0408163265306123,60,0.48,2.0833333333333335,0.85,11
test_multilingual_hi_000053,multilingual_hi,94,40,0.24152761697769165,0.37922361493110657,36,0.3829787234042553,2.611111111111111,1.1111111111111112,45,0.4787234042553192,2.088888888888889,0.8888888888888888,9
test_multilingual_hi_000054,multilingual_hi,117,49,0.20385880768299103,0.345839262008667,44,0.37606837606837606,2.659090909090909,1.1136363636363635,54,0.46153846153846156,2.1666666666666665,0.9074074074074074,10
test_multilingual_hi_000055,multilingual_hi,125,51,0.1929520070552826,0.27849191427230835,49,0.392,2.5510204081632653,1.0408163265306123,60,0.48,2.0833333333333335,0.85,11
test_multilingual_hi_000056,multilingual_hi,94,40,0.24118052423000336,0.3726590871810913,36,0.3829787234042553,2.611111111111111,1.1111111111111112,45,0.4787234042553192,2.088888888888889,0.8888888888888888,9
test_multilingual_hi_000057,multilingual_hi,117,49,0.20051299035549164,0.3705770671367645,44,0.37606837606837606,2.659090909090909,1.1136363636363635,54,0.46153846153846156,2.1666666666666665,0.9074074074074074,10
test_multilingual_hi_000058,multilingual_hi,125,51,0.17395451664924622,0.2664855718612671,49,0.392,2.5510204081632653,1.0408163265306123,60,0.48,2.0833333333333335,0.85,11
test_multilingual_hi_000059,multilingual_hi,94,40,0.22238990664482117,0.3670292794704437,36,0.3829787234042553,2.611111111111111,1.1111111111111112,45,0.4787234042553192,2.088888888888889,0.8888888888888888,9
test_multilingual_hi_000060,multilingual_hi,117,49,0.20722244679927826,0.3532271087169647,44,0.37606837606837606,2.659090909090909,1.1136363636363635,54,0.46153846153846156,2.1666666666666665,0.9074074074074074,10
test_multilingual_hi_000061,multilingual_hi,125,51,0.19674193859100342,0.2643410265445709,49,0.392,2.5510204081632653,1.0408163265306123,60,0.48,2.0833333333333335,0.85,11
test_multilingual_hi_000062,multilingual_hi,94,40,0.24419447779655457,0.38090384006500244,36,0.3829787234042553,2.611111111111111,1.1111111111111112,45,0.4787234042553192,2.088888888888889,0.8888888888888888,9
test_multilingual_hi_000063,multilingual_hi,117,49,0.19683165848255157,0.3527352213859558,44,0.37606837606837606,2.659090909090909,1.1136363636363635,54,0.46153846153846156,2.1666666666666665,0.9074074074074074,10
test_multilingual_hi_000064,multilingual_hi,125,51,0.2025420367717743,0.27304890751838684,49,0.392,2.5510204081632653,1.0408163265306123,60,0.48,2.0833333333333335,0.85,11
test_multilingual_hi_000065,multilingual_hi,94,40,0.23390865325927734,0.3690390884876251,36,0.3829787234042553,2.611111111111111,1.1111111111111112,45,0.4787234042553192,2.088888888888889,0.8888888888888888,9
test_multilingual_hi_000066,multilingual_hi,117,49,0.19925342500209808,0.3327394127845764,44,0.37606837606837606,2.659090909090909,1.1136363636363635,54,0.46153846153846156,2.1666666666666665,0.9074074074074074,10
test_multilingual_hi_000067,multilingual_hi,125,51,0.17498688399791718,0.27169376611709595,49,0.392,2.5510204081632653,1.0408163265306123,60,0.48,2.0833333333333335,0.85,11
test_multilingual_hi_000068,multilingual_hi,94,40,0.2015279084444046,0.38425418734550476,36,0.3829787234042553,2.611111111111111,1.1111111111111112,45,0.4787234042553192,2.088888888888889,0.8888888888888888,9
test_multilingual_hi_000069,multilingual_hi,117,49,0.19777053594589233,0.3553638160228729,44,0.37606837606837606,2.659090909090909,1.1136363636363635,54,0.46153846153846156,2.1666666666666665,0.9074074074074074,10
test_multilingual_hi_000070,multilingual_hi,125,51,0.1769777089357376,0.2723614275455475,49,0.392,2.5510204081632653,1.0408163265306123,60,0.48,2.0833333333333335,0.85,11
test_multilingual_hi_000071,multilingual_hi,94,40,0.2143699675798416,0.410651296377182,36,0.3829787234042553,2.611111111111111,1.1111111111111112,45,0.4787234042553192,2.088888888888889,0.8888888888888888,9
test_multilingual_hi_000072,multilingual_hi,117,49,0.19548793137073517,0.35432058572769165,44,0.37606837606837606,2.659090909090909,1.1136363636363635,54,0.46153846153846156,2.1666666666666665,0.9074074074074074,10
test_multilingual_hi_000073,multilingual_hi,125,51,0.18545256555080414,0.27711740136146545,49,0.392,2.5510204081632653,1.0408163265306123,60,0.48,2.0833333333333335,0.85,11
test_multilingual_hi_000074,multilingual_hi,94,40,0.23399369418621063,0.35214850306510925,36,0.3829787234042553,2.611111111111111,1.1111111111111112,45,0.4787234042553192,2.088888888888889,0.8888888888888888,9
test_multilingual_hi_000075,multilingual_hi,117,49,0.18287238478660583,0.34425124526023865,44,0.37606837606837606,2.659090909090909,1.1136363636363635,54,0.46153846153846156,2.1666666666666665,0.9074074074074074,10
test_multilingual_hi_000076,multilingual_hi,125,51,0.19799765944480896,0.26805949211120605,49,0.392,2.5510204081632653,1.0408163265306123,60,0.48,2.0833333333333335,0.85,11
test_multilingual_hi_000077,multilingual_hi,94,40,0.24263805150985718,0.36798426508903503,36,0.3829787234042553,2.611111111111111,1.1111111111111112,45,0.4787234042553192,2.088888888888889,0.8888888888888888,9
test_multilingual_hi_000078,multilingual_hi,117,49,0.19632263481616974,0.3552020788192749,44,0.37606837606837606,2.659090909090909,1.1136363636363635,54,0.46153846153846156,2.1666666666666665,0.9074074074074074,10
test_multilingual_hi_000079,multilingual_hi,125,51,0.18433882296085358,0.27803662419319153,49,0.392,2.5510204081632653,1.0408163265306123,60,0.48,2.0833333333333335,0.85,11
test_multilingual_ru_000000,multilingual_ru,95,54,0.3351101875305176,0.6973118782043457,23,0.24210526315789474,4.130434782608695,2.347826086956522,26,0.2736842105263158,3.6538461538461537,2.076923076923077,3
test_multilingual_ru_000001,multilingual_ru,99,56,0.30243706703186035,0.6077681183815002,22,0.2222222222222222,4.5,2.5454545454545454,26,0.26262626262626265,3.8076923076923075,2.1538461538461537,4
test_multilingual_ru_000002,multilingual_ru,97,55,0.3311310112476349,0.6114085912704468,25,0.25773195876288657,3.88,2.2,30,0.30927835051546393,3.2333333333333334,1.8333333333333333,5
test_multilingual_ru_000003,multilingual_ru,95,54,0.31798163056373596,0.6743252277374268,23,0.24210526315789474,4.130434782608695,2.347826086956522,26,0.2736842105263158,3.6538461538461537,2.076923076923077,3
test_multilingual_ru_000004,multilingual_ru,99,56,0.29822665452957153,0.6028290390968323,22,0.2222222222222222,4.5,2.5454545454545454,26,0.26262626262626265,3.8076923076923075,2.1538461538461537,4
test_multilingual_ru_000005,multilingual_ru,97,55,0.3285236060619354,0.6673343181610107,25,0.25773195876288657,3.88,2.2,30,0.30927835051546393,3.2333333333333334,1.8333333333333333,5
test_multilingual_ru_000006,multilingual_ru,95,54,0.34420478343963623,0.6718112230300903,23,0.24210526315789474,4.130434782608695,2.347826086956522,26,0.2736842105263158,3.6538461538461537,2.076923076923077,3
test_multilingual_ru_000007,multilingual_ru,99,56,0.2926274240016937,0.6232236623764038,22,0.2222222222222222,4.5,2.5454545454545454,26,0.26262626262626265,3.8076923076923075,2.1538461538461537,4
test_multilingual_ru_000008,multilingual_ru,97,55,0.3446910083293915,0.6531111598014832,25,0.25773195876288657,3.88,2.2,30,0.30927835051546393,3.2333333333333334,1.8333333333333333,5
test_multilingual_ru_000009,multilingual_ru,95,54,0.32482489943504333,0.6894323229789734,23,0.24210526315789474,4.130434782608695,2.347826086956522,26,0.2736842105263158,3.6538461538461537,2.076923076923077,3
test_multilingual_ru_000010,multilingual_ru,99,56,0.2989499270915985,0.5982508063316345,22,0.2222222222222222,4.5,2.5454545454545454,26,0.26262626262626265,3.8076923076923075,2.1538461538461537,4
test_multilingual_ru_000011,multilingual_ru,97,55,0.3609444499015808,0.6658871173858643,25,0.25773195876288657,3.88,2.2,30,0.30927835051546393,3.2333333333333334,1.8333333333333333,5
test_multilingual_ru_000012,multilingual_ru,95,54,0.3366820216178894,0.6935744285583496,23,0.24210526315789474,4.130434782608695,2.347826086956522,26,0.2736842105263158,3.6538461538461537,2.076923076923077,3
test_multilingual_ru_000013,multilingual_ru,99,56,0.3238028287887573,0.5888671875,22,0.2222222222222222,4.5,2.5454545454545454,26,0.26262626262626265,3.8076923076923075,2.1538461538461537,4
test_multilingual_ru_000014,multilingual_ru,97,55,0.34080368280410767,0.6488350629806519,25,0.25773195876288657,3.88,2.2,30,0.30927835051546393,3.2333333333333334,1.8333333333333333,5
test_multilingual_ru_000015,multilingual_ru,95,54,0.32975587248802185,0.6778992414474487,23,0.24210526315789474,4.130434782608695,2.347826086956522,26,0.2736842105263158,3.6538461538461537,2.076923076923077,3
test_multilingual_ru_000016,multilingual_ru,99,56,0.3121538758277893,0.6011478304862976,22,0.2222222222222222,4.5,2.5454545454545454,26,0.26262626262626265,3.8076923076923075,2.1538461538461537,4
test_multilingual_ru_000017,multilingual_ru,97,55,0.32287511229515076,0.6253712177276611,25,0.25773195876288657,3.88,2.2,30,0.30927835051546393,3.2333333333333334,1.8333333333333333,5
test_multilingual_ru_000018,multilingual_ru,95,54,0.32795363664627075,0.6674761176109314,23,0.24210526315789474,4.130434782608695,2.347826086956522,26,0.2736842105263158,3.6538461538461537,2.076923076923077,3
test_multilingual_ru_000019,multilingual_ru,99,56,0.30402982234954834,0.596305251121521,22,0.2222222222222222,4.5,2.5454545454545454,26,0.26262626262626265,3.8076923076923075,2.1538461538461537,4
test_multilingual_ru_000020,multilingual_ru,97,55,0.34869736433029175,0.6800639629364014,25,0.25773195876288657,3.88,2.2,30,0.30927835051546393,3.2333333333333334,1.8333333333333333,5
test_multilingual_ru_000021,multilingual_ru,95,54,0.32261893153190613,0.6734016537666321,23,0.24210526315789474,4.130434782608695,2.347826086956522,26,0.2736842105263158,3.6538461538461537,2.076923076923077,3
test_multilingual_ru_000022,multilingual_ru,99,56,0.28139418363571167,0.5779683589935303,22,0.2222222222222222,4.5,2.5454545454545454,26,0.26262626262626265,3.8076923076923075,2.1538461538461537,4
test_multilingual_ru_000023,multilingual_ru,97,55,0.3410423696041107,0.6564621329307556,25,0.25773195876288657,3.88,2.2,30,0.30927835051546393,3.2333333333333334,1.8333333333333333,5
test_multilingual_ru_000024,multilingual_ru,95,54,0.3140971064567566,0.7000816464424133,23,0.24210526315789474,4.130434782608695,2.347826086956522,26,0.2736842105263158,3.6538461538461537,2.076923076923077,3
test_multilingual_ru_000025,multilingual_ru,99,56,0.2960582375526428,0.6126202344894409,22,0.2222222222222222,4.5,2.5454545454545454,26,0.26262626262626265,3.8076923076923075,2.1538461538461537,4
test_multilingual_ru_000026,multilingual_ru,97,55,0.36622384190559387,0.6486488580703735,25,0.25773195876288657,3.88,2.2,30,0.30927835051546393,3.2333333333333334,1.8333333333333333,5
test_multilingual_ru_000027,multilingual_ru,95,54,0.33802491426467896,0.7227333784103394,23,0.24210526315789474,4.130434782608695,2.347826086956522,26,0.2736842105263158,3.6538461538461537,2.076923076923077,3
test_multilingual_ru_000028,multilingual_ru,99,56,0.29492810368537903,0.6218181848526001,22,0.2222222222222222,4.5,2.5454545454545454,26,0.26262626262626265,3.8076923076923075,2.1538461538461537,4
test_multilingual_ru_000029,multilingual_ru,97,55,0.321841835975647,0.6567683219909668,25,0.25773195876288657,3.88,2.2,30,0.30927835051546393,3.2333333333333334,1.8333333333333333,5
test_multilingual_ru_000030,multilingual_ru,95,54,0.33347100019454956,0.7230470776557922,23,0.24210526315789474,4.130434782608695,2.347826086956522,26,0.2736842105263158,3.6538461538461537,2.076923076923077,3
test_multilingual_ru_000031,multilingual_ru,99,56,0.30770960450172424,0.6012957096099854,22,0.2222222222222222,4.5,2.5454545454545454,26,0.26262626262626265,3.8076923076923075,2.1538461538461537,4
test_multilingual_ru_000032,multilingual_ru,97,55,0.3161388635635376,0.6201703548431396,25,0.25773195876288657,3.88,2.2,30,0.30927835051546393,3.2333333333333334,1.8333333333333333,5
test_multilingual_ru_000033,multilingual_ru,95,54,0.32117730379104614,0.694652795791626,23,0.24210526315789474,4.130434782608695,2.347826086956522,26,0.2736842105263158,3.6538461538461537,2.076923076923077,3
test_multilingual_ru_000034,multilingual_ru,99,56,0.2798261344432831,0.5841712951660156,22,0.2222222222222222,4.5,2.5454545454545454,26,0.26262626262626265,3.8076923076923075,2.1538461538461537,4
test_multilingual_ru_000035,multilingual_ru,97,55,0.33894672989845276,0.676859974861145,25,0.25773195876288657,3.88,2.2,30,0.30927835051546393,3.2333333333333334,1.8333333333333333,5
test_multilingual_ru_000036,multilingual_ru,95,54,0.3359161913394928,0.6778867840766907,23,0.24210526315789474,4.130434782608695,2.347826086956522,26,0.2736842105263158,3.6538461538461537,2.076923076923077,3
test_multilingual_ru_000037,multilingual_ru,99,56,0.27635639905929565,0.5576810836791992,22,0.2222222222222222,4.5,2.5454545454545454,26,0.26262626262626265,3.8076923076923075,2.1538461538461537,4
test_multilingual_ru_000038,multilingual_ru,97,55,0.33411461114883423,0.6260401010513306,25,0.25773195876288657,3.88,2.2,30,0.30927835051546393,3.2333333333333334,1.8333333333333333,5
test_multilingual_ru_000039,multilingual_ru,95,54,0.33614665269851685,0.7116999626159668,23,0.24210526315789474,4.130434782608695,2.347826086956522,26,0.2736842105263158,3.6538461538461537,2.076923076923077,3
test_multilingual_ru_000040,multilingual_ru,99,56,0.2839428186416626,0.561626136302948,22,0.2222222222222222,4.5,2.5454545454545454,26,0.26262626262626265,3.8076923076923075,2.1538461538461537,4
test_multilingual_ru_000041,multilingual_ru,97,55,0.3348417282104492,0.6285050511360168,25,0.25773195876288657,3.88,2.2,30,0.30927835051546393,3.2333333333333334,1.8333333333333333,5
test_multilingual_ru_000042,multilingual_ru,95,54,0.311634361743927,0.6963653564453125,23,0.24210526315789474,4.130434782608695,2.347826086956522,26,0.2736842105263158,3.6538461538461537,2.076923076923077,3
test_multilingual_ru_000043,multilingual_ru,99,56,0.29603222012519836,0.5922507047653198,22,0.2222222222222222,4.5,2.5454545454545454,26,0.26262626262626265,3.8076923076923075,2.1538461538461537,4
test_multilingual_ru_000044,multilingual_ru,97,55,0.32374462485313416,0.5939338207244873,25,0.25773195876288657,3.88,2.2,30,0.30927835051546393,3.2333333333333334,1.8333333333333333,5
test_multilingual_ru_000045,multilingual_ru,95,54,0.32283467054367065,0.7204631567001343,23,0.24210526315789474,4.130434782608695,2.347826086956522,26,0.2736842105263158,3.6538461538461537,2.076923076923077,3
test_multilingual_ru_000046,multilingual_ru,99,56,0.30195152759552,0.6125599145889282,22,0.2222222222222222,4.5,2.5454545454545454,26,0.26262626262626265,3.8076923076923075,2.1538461538461537,4
test_multilingual_ru_000047,multilingual_ru,97,55,0.331081748008728,0.6415420770645142,25,0.25773195876288657,3.88,2.2,30,0.30927835051546393,3.2333333333333334,1.8333333333333333,5
test_multilingual_ru_000048,multilingual_ru,95,54,0.32463130354881287,0.6756251454353333,23,0.24210526315789474,4.130434782608695,2.347826086956522,26,0.2736842105263158,3.6538461538461537,2.076923076923077,3
test_multilingual_ru_000049,multilingual_ru,99,56,0.2841252088546753,0.5637727975845337,22,0.2222222222222222,4.5,2.5454545454545454,26,0.26262626262626265,3.8076923076923075,2.1538461538461537,4
test_multilingual_ru_000050,multilingual_ru,97,55,0.3345407545566559,0.6413830518722534,25,0.25773195876288657,3.88,2.2,30,0.30927835051546393,3.2333333333333334,1.8333333333333333,5
test_multilingual_ru_000051,multilingual_ru,95,54,0.32488787174224854,0.6813907623291016,23,0.24210526315789474,4.130434782608695,2.347826086956522,26,0.2736842105263158,3.6538461538461537,2.076923076923077,3
test_multilingual_ru_000052,multilingual_ru,99,56,0.3020537197589874,0.5958640575408936,22,0.2222222222222222,4.5,2.5454545454545454,26,0.26262626262626265,3.8076923076923075,2.1538461538461537,4
test_multilingual_ru_000053,multilingual_ru,97,55,0.3309382498264313,0.6566765904426575,25,0.25773195876288657,3.88,2.2,30,0.30927835051546393,3.2333333333333334,1.8333333333333333,5
test_multilingual_ru_000054,multilingual_ru,95,54,0.3411390781402588,0.687863290309906,23,0.24210526315789474,4.130434782608695,2.347826086956522,26,0.2736842105263158,3.6538461538461537,2.076923076923077,3
test_multilingual_ru_000055,multilingual_ru,99,56,0.2924688160419464,0.6084553599357605,22,0.2222222222222222,4.5,2.5454545454545454,26,0.26262626262626265,3.8076923076923075,2.1538461538461537,4
test_multilingual_ru_000056,multilingual_ru,97,55,0.339908629655838,0.6759617924690247,25,0.25773195876288657,3.88,2.2,30,0.30927835051546393,3.2333333333333334,1.8333333333333333,5
test_multilingual_ru_000057,multilingual_ru,95,54,0.3165988326072693,0.6861015558242798,23,0.24210526315789474,4.130434782608695,2.347826086956522,26,0.2736842105263158,3.6538461538461537,2.076923076923077,3
test_multilingual_ru_000058,multilingual_ru,99,56,0.30043190717697144,0.5983201861381531,22,0.2222222222222222,4.5,2.5454545454545454,26,0.26262626262626265,3.8076923076923075,2.1538461538461537,4
test_multilingual_ru_000059,multilingual_ru,97,55,0.3345676064491272,0.6577035188674927,25,0.25773195876288657,3.88,2.2,30,0.30927835051546393,3.2333333333333334,1.8333333333333333,5
test_multilingual_ru_000060,multilingual_ru,95,54,0.3234468102455139,0.7041457891464233,23,0.24210526315789474,4.130434782608695,2.347826086956522,26,0.2736842105263158,3.6538461538461537,2.076923076923077,3
test_multilingual_ru_000061,multilingual_ru,99,56,0.2883170247077942,0.5984769463539124,22,0.2222222222222222,4.5,2.5454545454545454,26,0.26262626262626265,3.8076923076923075,2.1538461538461537,4
test_multilingual_ru_000062,multilingual_ru,97,55,0.3478134870529175,0.6478778123855591,25,0.25773195876288657,3.88,2.2,30,0.30927835051546393,3.2333333333333334,1.8333333333333333,5
test_multilingual_ru_000063,multilingual_ru,95,54,0.31589475274086,0.6931204199790955,23,0.24210526315789474,4.130434782608695,2.347826086956522,26,0.2736842105263158,3.6538461538461537,2.076923076923077,3
test_multilingual_ru_000064,multilingual_ru,99,56,0.31093165278434753,0.6051613092422485,22,0.2222222222222222,4.5,2.5454545454545454,26,0.26262626262626265,3.8076923076923075,2.1538461538461537,4
test_multilingual_ru_000065,multilingual_ru,97,55,0.343300461769104,0.6406936049461365,25,0.25773195876288657,3.88,2.2,30,0.30927835051546393,3.2333333333333334,1.8333333333333333,5
test_multilingual_ru_000066,multilingual_ru,95,54,0.33986613154411316,0.6875378489494324,23,0.24210526315789474,4.130434782608695,2.347826086956522,26,0.2736842105263158,3.6538461538461537,2.076923076923077,3
test_multilingual_ru_000067,multilingual_ru,99,56,0.30408990383148193,0.5985327363014221,22,0.2222222222222222,4.5,2.5454545454545454,26,0.26262626262626265,3.8076923076923075,2.1538461538461537,4
test_multilingual_ru_000068,multilingual_ru,97,55,0.3346778154373169,0.6594536900520325,25,0.25773195876288657,3.88,2.2,30,0.30927835051546393,3.2333333333333334,1.8333333333333333,5
test_multilingual_ru_000069,multilingual_ru,95,54,0.3291245698928833,0.6825242638587952,23,0.24210526315789474,4.130434782608695,2.347826086956522,26,0.2736842105263158,3.6538461538461537,2.076923076923077,3
test_multilingual_ru_000070,multilingual_ru,99,56,0.2879478931427002,0.575863778591156,22,0.2222222222222222,4.5,2.5454545454545454,26,0.26262626262626265,3.8076923076923075,2.1538461538461537,4
test_multilingual_ru_000071,multilingual_ru,97,55,0.32720816135406494,0.657717764377594,25,0.25773195876288657,3.88,2.2,30,0.30927835051546393,3.2333333333333334,1.8333333333333333,5
test_multilingual_ru_000072,multilingual_ru,95,54,0.31186729669570923,0.686500072479248,23,0.24210526315789474,4.130434782608695,2.347826086956522,26,0.2736842105263158,3.6538461538461537,2.076923076923077,3
test_multilingual_ru_000073,multilingual_ru,99,56,0.3009633719921112,0.5920062065124512,22,0.2222222222222222,4.5,2.5454545454545454,26,0.26262626262626265,3.8076923076923075,2.1538461538461537,4
test_multilingual_ru_000074,multilingual_ru,97,55,0.344475656747818,0.6765702366828918,25,0.25773195876288657,3.88,2.2,30,0.30927835051546393,3.2333333333333334,1.8333333333333333,5
test_multilingual_ru_000075,multilingual_ru,95,54,0.34995999932289124,0.689100980758667,23,0.24210526315789474,4.130434782608695,2.347826086956522,26,0.2736842105263158,3.6538461538461537,2.076923076923077,3
test_multilingual_ru_000076,multilingual_ru,99,56,0.31379052996635437,0.5969991087913513,22,0.2222222222222222,4.5,2.5454545454545454,26,0.26262626262626265,3.8076923076923075,2.1538461538461537,4
test_multilingual_ru_000077,multilingual_ru,97,55,0.34080368280410767,0.6488350629806519,25,0.25773195876288657,3.88,2.2,30,0.30927835051546393,3.2333333333333334,1.8333333333333333,5
test_multilingual_ru_000078,multilingual_ru,95,54,0.33173078298568726,0.7060714960098267,23,0.24210526315789474,4.130434782608695,2.347826086956522,26,0.2736842105263158,3.6538461538461537,2.076923076923077,3
test_multilingual_ru_000079,multilingual_ru,99,56,0.3016994297504425,0.6202452182769775,22,0.2222222222222222,4.5,2.5454545454545454,26,0.26262626262626265,3.8076923076923075,2.1538461538461537,4
test_multilingual_latin_000000,multilingual_latin,56,55,0.3635653853416443,0.8763538599014282,20,0.35714285714285715,2.8,2.75,23,0.4107142857142857,2.4347826086956523,2.391304347826087,3
test_multilingual_latin_000001,multilingual_latin,54,50,0.5410938262939453,0.8587353825569153,17,0.3148148148148148,3.176470588235294,2.9411764705882355,19,0.35185185185185186,2.8421052631578947,2.6315789473684212,2
test_multilingual_latin_000002,multilingual_latin,52,48,0.34184131026268005,0.5867881178855896,23,0.4423076923076923,2.260869565217391,2.0869565217391304,24,0.46153846153846156,2.1666666666666665,2.0,1
test_multilingual_latin_000003,multilingual_latin,56,55,0.3548595905303955,0.8416864275932312,20,0.35714285714285715,2.8,2.75,23,0.4107142857142857,2.4347826086956523,2.391304347826087,3
test_multilingual_latin_000004,multilingual_latin,54,50,0.4433162808418274,0.807047963142395,17,0.3148148148148148,3.176470588235294,2.9411764705882355,19,0.35185185185185186,2.8421052631578947,2.6315789473684212,2
test_multilingual_latin_000005,multilingual_latin,52,48,0.33919352293014526,0.5799041390419006,23,0.4423076923076923,2.260869565217391,2.0869565217391304,24,0.46153846153846156,2.1666666666666665,2.0,1
test_multilingual_latin_000006,multilingual_latin,56,55,0.36967024207115173,0.8857881426811218,20,0.35714285714285715,2.8,2.75,23,0.4107142857142857,2.4347826086956523,2.391304347826087,3
test_multilingual_latin_000007,multilingual_latin,54,50,0.5476427674293518,0.8374682664871216,17,0.3148148148148148,3.176470588235294,2.9411764705882355,19,0.35185185185185186,2.8421052631578947,2.6315789473684212,2
test_multilingual_latin_000008,multilingual_latin,52,48,0.34480148553848267,0.5547512173652649,23,0.4423076923076923,2.260869565217391,2.0869565217391304,24,0.46153846153846156,2.1666666666666665,2.0,1
test_multilingual_latin_000009,multilingual_latin,56,55,0.3684759736061096,0.8766116499900818,20,0.35714285714285715,2.8,2.75,23,0.4107142857142857,2.4347826086956523,2.391304347826087,3
test_multilingual_latin_000010,multilingual_latin,54,50,0.5012205839157104,0.8217254877090454,17,0.3148148148148148,3.176470588235294,2.9411764705882355,19,0.35185185185185186,2.8421052631578947,2.6315789473684212,2
test_multilingual_latin_000011,multilingual_latin,52,48,0.33747291564941406,0.541668713092804,23,0.4423076923076923,2.260869565217391,2.0869565217391304,24,0.46153846153846156,2.1666666666666665,2.0,1
test_multilingual_latin_000012,multilingual_latin,56,55,0.38714247941970825,0.9000823497772217,20,0.35714285714285715,2.8,2.75,23,0.4107142857142857,2.4347826086956523,2.391304347826087,3
test_multilingual_latin_000013,multilingual_latin,54,50,0.5308791995048523,0.8455882668495178,17,0.3148148148148148,3.176470588235294,2.9411764705882355,19,0.35185185185185186,2.8421052631578947,2.6315789473684212,2
test_multilingual_latin_000014,multilingual_latin,52,48,0.34070876240730286,0.5402440428733826,23,0.4423076923076923,2.260869565217391,2.0869565217391304,24,0.46153846153846156,2.1666666666666665,2.0,1
test_multilingual_latin_000015,multilingual_latin,56,55,0.37745141983032227,0.8792688250541687,20,0.35714285714285715,2.8,2.75,23,0.4107142857142857,2.4347826086956523,2.391304347826087,3
test_multilingual_latin_000016,multilingual_latin,54,50,0.5462547540664673,0.8579604029655457,17,0.3148148148148148,3.176470588235294,2.9411764705882355,19,0.35185185185185186,2.8421052631578947,2.6315789473684212,2
test_multilingual_latin_000017,multilingual_latin,52,48,0.34116116166114807,0.5564748644828796,23,0.4423076923076923,2.260869565217391,2.0869565217391304,24,0.46153846153846156,2.1666666666666665,2.0,1
test_multilingual_latin_000018,multilingual_latin,56,55,0.37229180335998535,0.8679075837135315,20,0.35714285714285715,2.8,2.75,23,0.4107142857142857,2.4347826086956523,2.391304347826087,3
test_multilingual_latin_000019,multilingual_latin,54,50,0.5349224805831909,0.8471925258636475,17,0.3148148148148148,3.176470588235294,2.9411764705882355,19,0.35185185185185186,2.8421052631578947,2.6315789473684212,2
test_multilingual_latin_000020,multilingual_latin,52,48,0.33920323848724365,0.5190385580062866,23,0.4423076923076923,2.260869565217391,2.0869565217391304,24,0.46153846153846156,2.1666666666666665,2.0,1
test_multilingual_latin_000021,multilingual_latin,56,55,0.3775556981563568,0.8893529772758484,20,0.35714285714285715,2.8,2.75,23,0.4107142857142857,2.4347826086956523,2.391304347826087,3
test_multilingual_latin_000022,multilingual_latin,54,50,0.5267301201820374,0.804269552230835,17,0.3148148148148148,3.176470588235294,2.9411764705882355,19,0.35185185185185186,2.8421052631578947,2.6315789473684212,2
test_multilingual_latin_000023,multilingual_latin,52,48,0.3291556239128113,0.5171480774879456,23,0.4423076923076923,2.260869565217391,2.0869565217391304,24,0.46153846153846156,2.1666666666666665,2.0,1
test_multilingual_latin_000024,multilingual_latin,56,55,0.3996220529079437,0.8486592769622803,20,0.35714285714285715,2.8,2.75,23,0.4107142857142857,2.4347826086956523,2.391304347826087,3
test_multilingual_latin_000025,multilingual_latin,54,50,0.5130747556686401,0.8022539019584656,17,0.3148148148148148,3.176470588235294,2.9411764705882355,19,0.35185185185185186,2.8421052631578947,2.6315789473684212,2
test_multilingual_latin_000026,multilingual_latin,52,48,0.34383121132850647,0.5371316075325012,23,0.4423076923076923,2.260869565217391,2.0869565217391304,24,0.46153846153846156,2.1666666666666665,2.0,1
test_multilingual_latin_000027,multilingual_latin,56,55,0.3585873246192932,0.8695776462554932,20,0.35714285714285715,2.8,2.75,23,0.4107142857142857,2.4347826086956523,2.391304347826087,3
test_multilingual_latin_000028,multilingual_latin,54,50,0.5282500982284546,0.8158804774284363,17,0.3148148148148148,3.176470588235294,2.9411764705882355,19,0.35185185185185186,2.8421052631578947,2.6315789473684212,2
test_multilingual_latin_000029,multilingual_latin,52,48,0.3427067995071411,0.5508071780204773,23,0.4423076923076923,2.260869565217391,2.0869565217391304,24,0.46153846153846156,2.1666666666666665,2.0,1
test_multilingual_latin_000030,multilingual_latin,56,55,0.38300269842147827,0.9015121459960938,20,0.35714285714285715,2.8,2.75,23,0.4107142857142857,2.4347826086956523,2.391304347826087,3
test_multilingual_latin_000031,multilingual_latin,54,50,0.537817120552063,0.8470836877822876,17,0.3148148148148148,3.176470588235294,2.9411764705882355,19,0.35185185185185186,2.8421052631578947,2.6315789473684212,2
test_multilingual_latin_000032,multilingual_latin,52,48,0.33095428347587585,0.5410621762275696,23,0.4423076923076923,2.260869565217391,2.0869565217391304,24,0.46153846153846156,2.1666666666666665,2.0,1
test_multilingual_latin_000033,multilingual_latin,56,55,0.41405969858169556,0.686417818069458,20,0.35714285714285715,2.8,2.75,23,0.4107142857142857,2.4347826086956523,2.391304347826087,3
test_multilingual_latin_000034,multilingual_latin,54,50,0.5353832244873047,0.8164302110671997,17,0.3148148148148148,3.176470588235294,2.9411764705882355,19,0.35185185185185186,2.8421052631578947,2.6315789473684212,2
test_multilingual_latin_000035,multilingual_latin,52,48,0.33668404817581177,0.5634673237800598,23,0.4423076923076923,2.260869565217391,2.0869565217391304,24,0.46153846153846156,2.1666666666666665,2.0,1
test_multilingual_latin_000036,multilingual_latin,56,55,0.39006179571151733,0.8889912962913513,20,0.35714285714285715,2.8,2.75,23,0.4107142857142857,2.4347826086956523,2.391304347826087,3
test_multilingual_latin_000037,multilingual_latin,54,50,0.5072274208068848,0.8237977027893066,17,0.3148148148148148,3.176470588235294,2.9411764705882355,19,0.35185185185185186,2.8421052631578947,2.6315789473684212,2
test_multilingual_latin_000038,multilingual_latin,52,48,0.350981205701828,0.5345706939697266,23,0.4423076923076923,2.260869565217391,2.0869565217391304,24,0.46153846153846156,2.1666666666666665,2.0,1
test_multilingual_latin_000039,multilingual_latin,56,55,0.38093671202659607,0.859985888004303,20,0.35714285714285715,2.8,2.75,23,0.4107142857142857,2.4347826086956523,2.391304347826087,3
test_multilingual_latin_000040,multilingual_latin,54,50,0.5338318347930908,0.8493782877922058,17,0.3148148148148148,3.176470588235294,2.9411764705882355,19,0.35185185185185186,2.8421052631578947,2.6315789473684212,2
test_multilingual_latin_000041,multilingual_latin,52,48,0.33401572704315186,0.5739553570747375,23,0.4423076923076923,2.260869565217391,2.0869565217391304,24,0.46153846153846156,2.1666666666666665,2.0,1
test_multilingual_latin_000042,multilingual_latin,56,55,0.38692647218704224,0.8956441283226013,20,0.35714285714285715,2.8,2.75,23,0.4107142857142857,2.4347826086956523,2.391304347826087,3
test_multilingual_latin_000043,multilingual_latin,54,50,0.4907577633857727,0.811327338218689,17,0.3148148148148148,3.176470588235294,2.9411764705882355,19,0.35185185185185186,2.8421052631578947,2.6315789473684212,2
test_multilingual_latin_000044,multilingual_latin,52,48,0.33995407819747925,0.5688361525535583,23,0.4423076923076923,2.260869565217391,2.0869565217391304,24,0.46153846153846156,2.1666666666666665,2.0,1
test_multilingual_latin_000045,multilingual_latin,56,55,0.3823682367801666,0.9226885437965393,20,0.35714285714285715,2.8,2.75,23,0.4107142857142857,2.4347826086956523,2.391304347826087,3
test_multilingual_latin_000046,multilingual_latin,54,50,0.5239119529724121,0.8323918581008911,17,0.3148148148148148,3.176470588235294,2.9411764705882355,19,0.35185185185185186,2.8421052631578947,2.6315789473684212,2
test_multilingual_latin_000047,multilingual_latin,52,48,0.3409407138824463,0.5634117722511292,23,0.4423076923076923,2.260869565217391,2.0869565217391304,24,0.46153846153846156,2.1666666666666665,2.0,1
test_multilingual_latin_000048,multilingual_latin,56,55,0.3713351786136627,0.853930652141571,20,0.35714285714285715,2.8,2.75,23,0.4107142857142857,2.4347826086956523,2.391304347826087,3
test_multilingual_latin_000049,multilingual_latin,54,50,0.5196684002876282,0.838026225566864,17,0.3148148148148148,3.176470588235294,2.9411764705882355,19,0.35185185185185186,2.8421052631578947,2.6315789473684212,2
test_multilingual_latin_000050,multilingual_latin,52,48,0.34558433294296265,0.5362904071807861,23,0.4423076923076923,2.260869565217391,2.0869565217391304,24,0.46153846153846156,2.1666666666666665,2.0,1
test_multilingual_latin_000051,multilingual_latin,56,55,0.38647833466529846,0.8777018189430237,20,0.35714285714285715,2.8,2.75,23,0.4107142857142857,2.4347826086956523,2.391304347826087,3
test_multilingual_latin_000052,multilingual_latin,54,50,0.5322175621986389,0.805083692073822,17,0.3148148148148148,3.176470588235294,2.9411764705882355,19,0.35185185185185186,2.8421052631578947,2.6315789473684212,2
test_multilingual_latin_000053,multilingual_latin,52,48,0.35076001286506653,0.5975392460823059,23,0.4423076923076923,2.260869565217391,2.0869565217391304,24,0.46153846153846156,2.1666666666666665,2.0,1
test_multilingual_latin_000054,multilingual_latin,56,55,0.3711484968662262,0.829436719417572,20,0.35714285714285715,2.8,2.75,23,0.4107142857142857,2.4347826086956523,2.391304347826087,3
test_multilingual_latin_000055,multilingual_latin,54,50,0.5365372896194458,0.8439178466796875,17,0.3148148148148148,3.176470588235294,2.9411764705882355,19,0.35185185185185186,2.8421052631578947,2.6315789473684212,2
test_multilingual_latin_000056,multilingual_latin,52,48,0.3490760922431946,0.572186291217804,23,0.4423076923076923,2.260869565217391,2.0869565217391304,24,0.46153846153846156,2.1666666666666665,2.0,1
test_multilingual_latin_000057,multilingual_latin,56,55,0.36966055631637573,0.8409824371337891,20,0.35714285714285715,2.8,2.75,23,0.4107142857142857,2.4347826086956523,2.391304347826087,3
test_multilingual_latin_000058,multilingual_latin,54,50,0.4960584044456482,0.7978394627571106,17,0.3148148148148148,3.176470588235294,2.9411764705882355,19,0.35185185185185186,2.8421052631578947,2.6315789473684212,2
test_multilingual_latin_000059,multilingual_latin,52,48,0.32103627920150757,0.5393103957176208,23,0.4423076923076923,2.260869565217391,2.0869565217391304,24,0.46153846153846156,2.1666666666666665,2.0,1
test_multilingual_latin_000060,multilingual_latin,56,55,0.3687599301338196,0.9074336886405945,20,0.35714285714285715,2.8,2.75,23,0.4107142857142857,2.4347826086956523,2.391304347826087,3
test_multilingual_latin_000061,multilingual_latin,54,50,0.5212328433990479,0.8308001756668091,17,0.3148148148148148,3.176470588235294,2.9411764705882355,19,0.35185185185185186,2.8421052631578947,2.6315789473684212,2
test_multilingual_latin_000062,multilingual_latin,52,48,0.3303179442882538,0.5628157258033752,23,0.4423076923076923,2.260869565217391,2.0869565217391304,24,0.46153846153846156,2.1666666666666665,2.0,1
test_multilingual_latin_000063,multilingual_latin,56,55,0.3755928575992584,0.9249473810195923,20,0.35714285714285715,2.8,2.75,23,0.4107142857142857,2.4347826086956523,2.391304347826087,3
test_multilingual_latin_000064,multilingual_latin,54,50,0.5510295629501343,0.8267375230789185,17,0.3148148148148148,3.176470588235294,2.9411764705882355,19,0.35185185185185186,2.8421052631578947,2.6315789473684212,2
test_multilingual_latin_000065,multilingual_latin,52,48,0.3067850172519684,0.4655047655105591,23,0.4423076923076923,2.260869565217391,2.0869565217391304,24,0.46153846153846156,2.1666666666666665,2.0,1
test_multilingual_latin_000066,multilingual_latin,56,55,0.35216063261032104,0.8695594668388367,20,0.35714285714285715,2.8,2.75,23,0.4107142857142857,2.4347826086956523,2.391304347826087,3
test_multilingual_latin_000067,multilingual_latin,54,50,0.5383179783821106,0.8554845452308655,17,0.3148148148148148,3.176470588235294,2.9411764705882355,19,0.35185185185185186,2.8421052631578947,2.6315789473684212,2
test_multilingual_latin_000068,multilingual_latin,52,48,0.3289962112903595,0.555411696434021,23,0.4423076923076923,2.260869565217391,2.0869565217391304,24,0.46153846153846156,2.1666666666666665,2.0,1
test_multilingual_latin_000069,multilingual_latin,56,55,0.3889508545398712,0.8747594356536865,20,0.35714285714285715,2.8,2.75,23,0.4107142857142857,2.4347826086956523,2.391304347826087,3
test_multilingual_latin_000070,multilingual_latin,54,50,0.48865577578544617,0.7599608302116394,17,0.3148148148148148,3.176470588235294,2.9411764705882355,19,0.35185185185185186,2.8421052631578947,2.6315789473684212,2
test_multilingual_latin_000071,multilingual_latin,52,48,0.3330535590648651,0.576480507850647,23,0.4423076923076923,2.260869565217391,2.0869565217391304,24,0.46153846153846156,2.1666666666666665,2.0,1
test_multilingual_latin_000072,multilingual_latin,56,55,0.3628288805484772,0.8735213875770569,20,0.35714285714285715,2.8,2.75,23,0.4107142857142857,2.4347826086956523,2.391304347826087,3
test_multilingual_latin_000073,multilingual_latin,54,50,0.5419649481773376,0.8432539105415344,17,0.3148148148148148,3.176470588235294,2.9411764705882355,19,0.35185185185185186,2.8421052631578947,2.6315789473684212,2
test_multilingual_latin_000074,multilingual_latin,52,48,0.3350990116596222,0.5184370279312134,23,0.4423076923076923,2.260869565217391,2.0869565217391304,24,0.46153846153846156,2.1666666666666665,2.0,1
test_multilingual_latin_000075,multilingual_latin,56,55,0.3659800887107849,0.916705846786499,20,0.35714285714285715,2.8,2.75,23,0.4107142857142857,2.4347826086956523,2.391304347826087,3
test_multilingual_latin_000076,multilingual_latin,54,50,0.5114650130271912,0.7974793910980225,17,0.3148148148148148,3.176470588235294,2.9411764705882355,19,0.35185185185185186,2.8421052631578947,2.6315789473684212,2
test_multilingual_latin_000077,multilingual_latin,52,48,0.33100369572639465,0.5518442988395691,23,0.4423076923076923,2.260869565217391,2.0869565217391304,24,0.46153846153846156,2.1666666666666665,2.0,1
test_multilingual_latin_000078,multilingual_latin,56,55,0.37223586440086365,0.8915453553199768,20,0.35714285714285715,2.8,2.75,23,0.4107142857142857,2.4347826086956523,2.391304347826087,3
test_multilingual_latin_000079,multilingual_latin,54,50,0.5630649328231812,0.8419315814971924,17,0.3148148148148148,3.176470588235294,2.9411764705882355,19,0.35185185185185186,2.8421052631578947,2.6315789473684212,2
test_code_000000,code,38,38,0.5097088813781738,0.9437333941459656,17,0.4473684210526316,2.235294117647059,2.235294117647059,20,0.5263157894736842,1.9,1.9,3
test_code_000001,code,38,38,0.5562317967414856,1.0180352926254272,19,0.5,2.0,2.0,20,0.5263157894736842,1.9,1.9,1
test_code_000002,code,56,56,0.4795856475830078,0.41186246275901794,25,0.44642857142857145,2.24,2.24,30,0.5357142857142857,1.8666666666666667,1.8666666666666667,5
test_code_000003,code,49,49,0.4392980933189392,0.6026891469955444,21,0.42857142857142855,2.3333333333333335,2.3333333333333335,24,0.4897959183673469,2.0416666666666665,2.0416666666666665,3
test_code_000004,code,64,64,0.2749389111995697,0.4255278706550598,36,0.5625,1.7777777777777777,1.7777777777777777,37,0.578125,1.7297297297297298,1.7297297297297298,1
test_code_000005,code,53,53,0.348396360874176,0.3297461271286011,32,0.6037735849056604,1.65625,1.65625,41,0.7735849056603774,1.2926829268292683,1.2926829268292683,9
test_code_000006,code,71,71,0.20844638347625732,0.7329177260398865,21,0.29577464788732394,3.380952380952381,3.380952380952381,22,0.30985915492957744,3.227272727272727,3.227272727272727,1
test_code_000007,code,67,67,0.2107866108417511,0.4043393135070801,23,0.34328358208955223,2.9130434782608696,2.9130434782608696,35,0.5223880597014925,1.9142857142857144,1.9142857142857144,12
test_code_000008,code,38,38,0.5277792811393738,0.9167882204055786,17,0.4473684210526316,2.235294117647059,2.235294117647059,20,0.5263157894736842,1.9,1.9,3
test_code_000009,code,38,38,0.5500195026397705,0.9733198285102844,19,0.5,2.0,2.0,20,0.5263157894736842,1.9,1.9,1
test_code_000010,code,56,56,0.5717734098434448,0.39194807410240173,25,0.44642857142857145,2.24,2.24,30,0.5357142857142857,1.8666666666666667,1.8666666666666667,5
test_code_000011,code,49,49,0.44810086488723755,0.6531387567520142,21,0.42857142857142855,2.3333333333333335,2.3333333333333335,24,0.4897959183673469,2.0416666666666665,2.0416666666666665,3
test_code_000012,code,64,64,0.2701677083969116,0.42781364917755127,36,0.5625,1.7777777777777777,1.7777777777777777,37,0.578125,1.7297297297297298,1.7297297297297298,1
test_code_000013,code,53,53,0.3456699252128601,0.3110397458076477,32,0.6037735849056604,1.65625,1.65625,41,0.7735849056603774,1.2926829268292683,1.2926829268292683,9
test_code_000014,code,71,71,0.21180503070354462,0.7047585248947144,21,0.29577464788732394,3.380952380952381,3.380952380952381,22,0.30985915492957744,3.227272727272727,3.227272727272727,1
test_code_000015,code,67,67,0.22296030819416046,0.4066331684589386,23,0.34328358208955223,2.9130434782608696,2.9130434782608696,35,0.5223880597014925,1.9142857142857144,1.9142857142857144,12
test_code_000016,code,38,38,0.5559506416320801,0.917199969291687,17,0.4473684210526316,2.235294117647059,2.235294117647059,20,0.5263157894736842,1.9,1.9,3
test_code_000017,code,38,38,0.5673149228096008,1.0035771131515503,19,0.5,2.0,2.0,20,0.5263157894736842,1.9,1.9,1
test_code_000018,code,56,56,0.4969958961009979,0.4183260202407837,25,0.44642857142857145,2.24,2.24,30,0.5357142857142857,1.8666666666666667,1.8666666666666667,5
test_code_000019,code,49,49,0.43526729941368103,0.6073493361473083,21,0.42857142857142855,2.3333333333333335,2.3333333333333335,24,0.4897959183673469,2.0416666666666665,2.0416666666666665,3
test_code_000020,code,64,64,0.2687236964702606,0.45073094964027405,36,0.5625,1.7777777777777777,1.7777777777777777,37,0.578125,1.7297297297297298,1.7297297297297298,1
test_code_000021,code,53,53,0.34996289014816284,0.33045482635498047,32,0.6037735849056604,1.65625,1.65625,41,0.7735849056603774,1.2926829268292683,1.2926829268292683,9
test_code_000022,code,71,71,0.210055872797966,0.7012583017349243,21,0.29577464788732394,3.380952380952381,3.380952380952381,22,0.30985915492957744,3.227272727272727,3.227272727272727,1
test_code_000023,code,67,67,0.2349299192428589,0.40385663509368896,23,0.34328358208955223,2.9130434782608696,2.9130434782608696,35,0.5223880597014925,1.9142857142857144,1.9142857142857144,12
test_code_000024,code,38,38,0.4972672164440155,0.9214489459991455,17,0.4473684210526316,2.235294117647059,2.235294117647059,20,0.5263157894736842,1.9,1.9,3
test_code_000025,code,38,38,0.534724771976471,1.0166375637054443,19,0.5,2.0,2.0,20,0.5263157894736842,1.9,1.9,1
test_code_000026,code,56,56,0.6093671321868896,0.4065503180027008,25,0.44642857142857145,2.24,2.24,30,0.5357142857142857,1.8666666666666667,1.8666666666666667,5
test_code_000027,code,49,49,0.43914085626602173,0.6290498971939087,21,0.42857142857142855,2.3333333333333335,2.3333333333333335,24,0.4897959183673469,2.0416666666666665,2.0416666666666665,3
test_code_000028,code,64,64,0.2671104669570923,0.41651275753974915,36,0.5625,1.7777777777777777,1.7777777777777777,37,0.578125,1.7297297297297298,1.7297297297297298,1
test_code_000029,code,53,53,0.33280012011528015,0.3374637961387634,32,0.6037735849056604,1.65625,1.65625,41,0.7735849056603774,1.2926829268292683,1.2926829268292683,9
test_code_000030,code,71,71,0.20464833080768585,0.6996468305587769,21,0.29577464788732394,3.380952380952381,3.380952380952381,22,0.30985915492957744,3.227272727272727,3.227272727272727,1
test_code_000031,code,67,67,0.2278546392917633,0.39609798789024353,23,0.34328358208955223,2.9130434782608696,2.9130434782608696,35,0.5223880597014925,1.9142857142857144,1.9142857142857144,12
test_code_000032,code,38,38,0.5292398929595947,0.9029844403266907,17,0.4473684210526316,2.235294117647059,2.235294117647059,20,0.5263157894736842,1.9,1.9,3
test_code_000033,code,38,38,0.5559776425361633,0.9837465882301331,19,0.5,2.0,2.0,20,0.5263157894736842,1.9,1.9,1
test_code_000034,code,56,56,0.5138567686080933,0.4102347791194916,25,0.44642857142857145,2.24,2.24,30,0.5357142857142857,1.8666666666666667,1.8666666666666667,5
test_code_000035,code,49,49,0.4550366699695587,0.6575707197189331,21,0.42857142857142855,2.3333333333333335,2.3333333333333335,24,0.4897959183673469,2.0416666666666665,2.0416666666666665,3
test_code_000036,code,64,64,0.27870428562164307,0.4411242604255676,36,0.5625,1.7777777777777777,1.7777777777777777,37,0.578125,1.7297297297297298,1.7297297297297298,1
test_code_000037,code,53,53,0.3698245882987976,0.31439197063446045,32,0.6037735849056604,1.65625,1.65625,41,0.7735849056603774,1.2926829268292683,1.2926829268292683,9
test_code_000038,code,71,71,0.19069235026836395,0.7208587527275085,21,0.29577464788732394,3.380952380952381,3.380952380952381,22,0.30985915492957744,3.227272727272727,3.227272727272727,1
test_code_000039,code,67,67,0.2309703677892685,0.41969016194343567,23,0.34328358208955223,2.9130434782608696,2.9130434782608696,35,0.5223880597014925,1.9142857142857144,1.9142857142857144,12
test_code_000040,code,38,38,0.5159111022949219,0.9157365560531616,17,0.4473684210526316,2.235294117647059,2.235294117647059,20,0.5263157894736842,1.9,1.9,3
test_code_000041,code,38,38,0.5255775451660156,1.00397527217865,19,0.5,2.0,2.0,20,0.5263157894736842,1.9,1.9,1
test_code_000042,code,56,56,0.5492686629295349,0.3938293755054474,25,0.44642857142857145,2.24,2.24,30,0.5357142857142857,1.8666666666666667,1.8666666666666667,5
test_code_000043,code,49,49,0.45813125371932983,0.6624271273612976,21,0.42857142857142855,2.3333333333333335,2.3333333333333335,24,0.4897959183673469,2.0416666666666665,2.0416666666666665,3
test_code_000044,code,64,64,0.2688564360141754,0.4147776961326599,36,0.5625,1.7777777777777777,1.7777777777777777,37,0.578125,1.7297297297297298,1.7297297297297298,1
test_code_000045,code,53,53,0.3486974537372589,0.34503746032714844,32,0.6037735849056604,1.65625,1.65625,41,0.7735849056603774,1.2926829268292683,1.2926829268292683,9
test_code_000046,code,71,71,0.19691535830497742,0.725933313369751,21,0.29577464788732394,3.380952380952381,3.380952380952381,22,0.30985915492957744,3.227272727272727,3.227272727272727,1
test_code_000047,code,67,67,0.20287185907363892,0.4279583990573883,23,0.34328358208955223,2.9130434782608696,2.9130434782608696,35,0.5223880597014925,1.9142857142857144,1.9142857142857144,12
test_code_000048,code,38,38,0.5245657563209534,0.902675211429596,17,0.4473684210526316,2.235294117647059,2.235294117647059,20,0.5263157894736842,1.9,1.9,3
test_code_000049,code,38,38,0.5274332165718079,1.007128357887268,19,0.5,2.0,2.0,20,0.5263157894736842,1.9,1.9,1
test_code_000050,code,56,56,0.5243649482727051,0.4063411056995392,25,0.44642857142857145,2.24,2.24,30,0.5357142857142857,1.8666666666666667,1.8666666666666667,5
test_code_000051,code,49,49,0.45423802733421326,0.6441700458526611,21,0.42857142857142855,2.3333333333333335,2.3333333333333335,24,0.4897959183673469,2.0416666666666665,2.0416666666666665,3
test_code_000052,code,64,64,0.26906734704971313,0.41172870993614197,36,0.5625,1.7777777777777777,1.7777777777777777,37,0.578125,1.7297297297297298,1.7297297297297298,1
test_code_000053,code,53,53,0.3558296859264374,0.33513373136520386,32,0.6037735849056604,1.65625,1.65625,41,0.7735849056603774,1.2926829268292683,1.2926829268292683,9
test_code_000054,code,71,71,0.18545258045196533,0.7506245374679565,21,0.29577464788732394,3.380952380952381,3.380952380952381,22,0.30985915492957744,3.227272727272727,3.227272727272727,1
test_code_000055,code,67,67,0.23081658780574799,0.4110289216041565,23,0.34328358208955223,2.9130434782608696,2.9130434782608696,35,0.5223880597014925,1.9142857142857144,1.9142857142857144,12
test_code_000056,code,38,38,0.5736584663391113,0.9128616452217102,17,0.4473684210526316,2.235294117647059,2.235294117647059,20,0.5263157894736842,1.9,1.9,3
test_code_000057,code,38,38,0.5211350321769714,1.0032401084899902,19,0.5,2.0,2.0,20,0.5263157894736842,1.9,1.9,1
test_code_000058,code,56,56,0.5188133716583252,0.3979368209838867,25,0.44642857142857145,2.24,2.24,30,0.5357142857142857,1.8666666666666667,1.8666666666666667,5
test_code_000059,code,49,49,0.44569915533065796,0.654661238193512,21,0.42857142857142855,2.3333333333333335,2.3333333333333335,24,0.4897959183673469,2.0416666666666665,2.0416666666666665,3
test_code_000060,code,64,64,0.26559317111968994,0.42722088098526,36,0.5625,1.7777777777777777,1.7777777777777777,37,0.578125,1.7297297297297298,1.7297297297297298,1
test_code_000061,code,53,53,0.3476707339286804,0.3290882706642151,32,0.6037735849056604,1.65625,1.65625,41,0.7735849056603774,1.2926829268292683,1.2926829268292683,9
test_code_000062,code,71,71,0.1918238401412964,0.7133246660232544,21,0.29577464788732394,3.380952380952381,3.380952380952381,22,0.30985915492957744,3.227272727272727,3.227272727272727,1
test_code_000063,code,67,67,0.23363934457302094,0.4018748104572296,23,0.34328358208955223,2.9130434782608696,2.9130434782608696,35,0.5223880597014925,1.9142857142857144,1.9142857142857144,12
test_code_000064,code,38,38,0.5238271951675415,0.9363307952880859,17,0.4473684210526316,2.235294117647059,2.235294117647059,20,0.5263157894736842,1.9,1.9,3
test_code_000065,code,38,38,0.5731102824211121,1.0249148607254028,19,0.5,2.0,2.0,20,0.5263157894736842,1.9,1.9,1
test_code_000066,code,56,56,0.5166130661964417,0.4252110719680786,25,0.44642857142857145,2.24,2.24,30,0.5357142857142857,1.8666666666666667,1.8666666666666667,5
test_code_000067,code,49,49,0.4502463936805725,0.6368539929389954,21,0.42857142857142855,2.3333333333333335,2.3333333333333335,24,0.4897959183673469,2.0416666666666665,2.0416666666666665,3
test_code_000068,code,64,64,0.2621639668941498,0.4160953760147095,36,0.5625,1.7777777777777777,1.7777777777777777,37,0.578125,1.7297297297297298,1.7297297297297298,1
test_code_000069,code,53,53,0.33247703313827515,0.32823577523231506,32,0.6037735849056604,1.65625,1.65625,41,0.7735849056603774,1.2926829268292683,1.2926829268292683,9
test_code_000070,code,71,71,0.19909512996673584,0.6878495812416077,21,0.29577464788732394,3.380952380952381,3.380952380952381,22,0.30985915492957744,3.227272727272727,3.227272727272727,1
test_code_000071,code,67,67,0.20986171066761017,0.41989073157310486,23,0.34328358208955223,2.9130434782608696,2.9130434782608696,35,0.5223880597014925,1.9142857142857144,1.9142857142857144,12
test_code_000072,code,38,38,0.5306486487388611,0.930428147315979,17,0.4473684210526316,2.235294117647059,2.235294117647059,20,0.5263157894736842,1.9,1.9,3
test_code_000073,code,38,38,0.5580016374588013,1.0264405012130737,19,0.5,2.0,2.0,20,0.5263157894736842,1.9,1.9,1
test_code_000074,code,56,56,0.5750353336334229,0.4016355872154236,25,0.44642857142857145,2.24,2.24,30,0.5357142857142857,1.8666666666666667,1.8666666666666667,5
test_code_000075,code,49,49,0.42888692021369934,0.6631984114646912,21,0.42857142857142855,2.3333333333333335,2.3333333333333335,24,0.4897959183673469,2.0416666666666665,2.0416666666666665,3
test_code_000076,code,64,64,0.2586624324321747,0.40834587812423706,36,0.5625,1.7777777777777777,1.7777777777777777,37,0.578125,1.7297297297297298,1.7297297297297298,1
test_code_000077,code,53,53,0.35434383153915405,0.33098304271698,32,0.6037735849056604,1.65625,1.65625,41,0.7735849056603774,1.2926829268292683,1.2926829268292683,9
test_code_000078,code,71,71,0.21337608993053436,0.7186404466629028,21,0.29577464788732394,3.380952380952381,3.380952380952381,22,0.30985915492957744,3.227272727272727,3.227272727272727,1
test_code_000079,code,67,67,0.24785713851451874,0.41945961117744446,23,0.34328358208955223,2.9130434782608696,2.9130434782608696,35,0.5223880597014925,1.9142857142857144,1.9142857142857144,12
test_code_000080,code,38,38,0.5423635840415955,0.9303873181343079,17,0.4473684210526316,2.235294117647059,2.235294117647059,20,0.5263157894736842,1.9,1.9,3
test_code_000081,code,38,38,0.5669924020767212,0.9879273772239685,19,0.5,2.0,2.0,20,0.5263157894736842,1.9,1.9,1
test_code_000082,code,56,56,0.5073679089546204,0.3969351649284363,25,0.44642857142857145,2.24,2.24,30,0.5357142857142857,1.8666666666666667,1.8666666666666667,5
test_code_000083,code,49,49,0.4515557885169983,0.6563603281974792,21,0.42857142857142855,2.3333333333333335,2.3333333333333335,24,0.4897959183673469,2.0416666666666665,2.0416666666666665,3
test_code_000084,code,64,64,0.27542707324028015,0.41341432929039,36,0.5625,1.7777777777777777,1.7777777777777777,37,0.578125,1.7297297297297298,1.7297297297297298,1
test_code_000085,code,53,53,0.3410365581512451,0.3868700861930847,32,0.6037735849056604,1.65625,1.65625,41,0.7735849056603774,1.2926829268292683,1.2926829268292683,9
test_code_000086,code,71,71,0.2058868408203125,0.7240386009216309,21,0.29577464788732394,3.380952380952381,3.380952380952381,22,0.30985915492957744,3.227272727272727,3.227272727272727,1
test_code_000087,code,67,67,0.20645052194595337,0.3891497552394867,23,0.34328358208955223,2.9130434782608696,2.9130434782608696,35,0.5223880597014925,1.9142857142857144,1.9142857142857144,12
test_code_000088,code,38,38,0.513208270072937,0.9439276456832886,17,0.4473684210526316,2.235294117647059,2.235294117647059,20,0.5263157894736842,1.9,1.9,3
test_code_000089,code,38,38,0.5424151420593262,0.991989016532898,19,0.5,2.0,2.0,20,0.5263157894736842,1.9,1.9,1
test_code_000090,code,56,56,0.5260383486747742,0.3983028531074524,25,0.44642857142857145,2.24,2.24,30,0.5357142857142857,1.8666666666666667,1.8666666666666667,5
test_code_000091,code,49,49,0.4424769878387451,0.6267953515052795,21,0.42857142857142855,2.3333333333333335,2.3333333333333335,24,0.4897959183673469,2.0416666666666665,2.0416666666666665,3
test_code_000092,code,64,64,0.2674328088760376,0.4269980788230896,36,0.5625,1.7777777777777777,1.7777777777777777,37,0.578125,1.7297297297297298,1.7297297297297298,1
test_code_000093,code,53,53,0.32991915941238403,0.3512057065963745,32,0.6037735849056604,1.65625,1.65625,41,0.7735849056603774,1.2926829268292683,1.2926829268292683,9
test_code_000094,code,71,71,0.17330506443977356,0.7489339709281921,21,0.29577464788732394,3.380952380952381,3.380952380952381,22,0.30985915492957744,3.227272727272727,3.227272727272727,1
test_code_000095,code,67,67,0.22600677609443665,0.4091005027294159,23,0.34328358208955223,2.9130434782608696,2.9130434782608696,35,0.5223880597014925,1.9142857142857144,1.9142857142857144,12
test_code_000096,code,38,38,0.5391466617584229,0.9217402935028076,17,0.4473684210526316,2.235294117647059,2.235294117647059,20,0.5263157894736842,1.9,1.9,3
test_code_000097,code,38,38,0.518582284450531,0.9731278419494629,19,0.5,2.0,2.0,20,0.5263157894736842,1.9,1.9,1
test_code_000098,code,56,56,0.5014573931694031,0.4125438332557678,25,0.44642857142857145,2.24,2.24,30,0.5357142857142857,1.8666666666666667,1.8666666666666667,5
test_code_000099,code,49,49,0.4470195770263672,0.684622585773468,21,0.42857142857142855,2.3333333333333335,2.3333333333333335,24,0.4897959183673469,2.0416666666666665,2.0416666666666665,3
test_code_000100,code,64,64,0.2729904353618622,0.4211784899234772,36,0.5625,1.7777777777777777,1.7777777777777777,37,0.578125,1.7297297297297298,1.7297297297297298,1
test_code_000101,code,53,53,0.35390210151672363,0.3530730903148651,32,0.6037735849056604,1.65625,1.65625,41,0.7735849056603774,1.2926829268292683,1.2926829268292683,9
test_code_000102,code,71,71,0.2020978033542633,0.749138355255127,21,0.29577464788732394,3.380952380952381,3.380952380952381,22,0.30985915492957744,3.227272727272727,3.227272727272727,1
test_code_000103,code,67,67,0.252036988735199,0.40353280305862427,23,0.34328358208955223,2.9130434782608696,2.9130434782608696,35,0.5223880597014925,1.9142857142857144,1.9142857142857144,12
test_code_000104,code,38,38,0.560062050819397,0.9433152079582214,17,0.4473684210526316,2.235294117647059,2.235294117647059,20,0.5263157894736842,1.9,1.9,3
test_code_000105,code,38,38,0.5383743047714233,1.0301381349563599,19,0.5,2.0,2.0,20,0.5263157894736842,1.9,1.9,1
test_code_000106,code,56,56,0.5962873697280884,0.38762348890304565,25,0.44642857142857145,2.24,2.24,30,0.5357142857142857,1.8666666666666667,1.8666666666666667,5
test_code_000107,code,49,49,0.45146670937538147,0.6781415343284607,21,0.42857142857142855,2.3333333333333335,2.3333333333333335,24,0.4897959183673469,2.0416666666666665,2.0416666666666665,3
test_code_000108,code,64,64,0.2662707269191742,0.44370758533477783,36,0.5625,1.7777777777777777,1.7777777777777777,37,0.578125,1.7297297297297298,1.7297297297297298,1
test_code_000109,code,53,53,0.35739079117774963,0.3476003110408783,32,0.6037735849056604,1.65625,1.65625,41,0.7735849056603774,1.2926829268292683,1.2926829268292683,9
test_code_000110,code,71,71,0.20256055891513824,0.6947687864303589,21,0.29577464788732394,3.380952380952381,3.380952380952381,22,0.30985915492957744,3.227272727272727,3.227272727272727,1
test_code_000111,code,67,67,0.2236979901790619,0.40698614716529846,23,0.34328358208955223,2.9130434782608696,2.9130434782608696,35,0.5223880597014925,1.9142857142857144,1.9142857142857144,12
test_code_000112,code,38,38,0.5402079820632935,0.9130949974060059,17,0.4473684210526316,2.235294117647059,2.235294117647059,20,0.5263157894736842,1.9,1.9,3
test_code_000113,code,38,38,0.543208658695221,0.9647206664085388,19,0.5,2.0,2.0,20,0.5263157894736842,1.9,1.9,1
test_code_000114,code,56,56,0.5112183094024658,0.40240782499313354,25,0.44642857142857145,2.24,2.24,30,0.5357142857142857,1.8666666666666667,1.8666666666666667,5
test_code_000115,code,49,49,0.45448780059814453,0.6470726132392883,21,0.42857142857142855,2.3333333333333335,2.3333333333333335,24,0.4897959183673469,2.0416666666666665,2.0416666666666665,3
test_code_000116,code,64,64,0.2685561180114746,0.46143150329589844,36,0.5625,1.7777777777777777,1.7777777777777777,37,0.578125,1.7297297297297298,1.7297297297297298,1
test_code_000117,code,53,53,0.35300368070602417,0.33127421140670776,32,0.6037735849056604,1.65625,1.65625,41,0.7735849056603774,1.2926829268292683,1.2926829268292683,9
test_code_000118,code,71,71,0.1956120729446411,0.7393932342529297,21,0.29577464788732394,3.380952380952381,3.380952380952381,22,0.30985915492957744,3.227272727272727,3.227272727272727,1
test_code_000119,code,67,67,0.24038323760032654,0.42012232542037964,23,0.34328358208955223,2.9130434782608696,2.9130434782608696,35,0.5223880597014925,1.9142857142857144,1.9142857142857144,12
test_tokenizer_stress_000000,tokenizer_stress,36,36,0.44672784209251404,0.49330857396125793,19,0.5277777777777778,1.894736842105263,1.894736842105263,25,0.6944444444444444,1.44,1.44,6
test_tokenizer_stress_000001,tokenizer_stress,54,54,0.36738646030426025,0.5056102275848389,25,0.46296296296296297,2.16,2.16,31,0.5740740740740741,1.7419354838709677,1.7419354838709677,6
test_tokenizer_stress_000002,tokenizer_stress,43,43,0.5523113012313843,0.41637834906578064,30,0.6976744186046512,1.4333333333333333,1.4333333333333333,38,0.8837209302325582,1.131578947368421,1.131578947368421,8
test_tokenizer_stress_000003,tokenizer_stress,23,23,0.5583587288856506,0.5796145796775818,19,0.8260869565217391,1.2105263157894737,1.2105263157894737,21,0.9130434782608695,1.0952380952380953,1.0952380952380953,2
test_tokenizer_stress_000004,tokenizer_stress,43,43,0.2979200780391693,0.25631311535835266,40,0.9302325581395349,1.075,1.075,44,1.0232558139534884,0.9772727272727273,0.9772727272727273,4
test_tokenizer_stress_000005,tokenizer_stress,59,59,0.5440558791160583,0.5396909117698669,24,0.4067796610169492,2.4583333333333335,2.4583333333333335,31,0.5254237288135594,1.903225806451613,1.903225806451613,7
test_tokenizer_stress_000006,tokenizer_stress,44,44,0.6672512292861938,1.1930315494537354,14,0.3181818181818182,3.142857142857143,3.142857142857143,17,0.38636363636363635,2.588235294117647,2.588235294117647,3
test_tokenizer_stress_000007,tokenizer_stress,37,37,0.5485314130783081,0.8642163276672363,17,0.4594594594594595,2.176470588235294,2.176470588235294,22,0.5945945945945946,1.6818181818181819,1.6818181818181819,5
test_tokenizer_stress_000008,tokenizer_stress,46,46,0.3004823327064514,0.45708736777305603,40,0.8695652173913043,1.15,1.15,42,0.9130434782608695,1.0952380952380953,1.0952380952380953,2
test_tokenizer_stress_000009,tokenizer_stress,41,41,0.6077194213867188,0.773972749710083,14,0.34146341463414637,2.9285714285714284,2.9285714285714284,20,0.4878048780487805,2.05,2.05,6
test_tokenizer_stress_000010,tokenizer_stress,36,36,0.4654858112335205,0.4821530878543854,19,0.5277777777777778,1.894736842105263,1.894736842105263,25,0.6944444444444444,1.44,1.44,6
test_tokenizer_stress_000011,tokenizer_stress,54,54,0.35727763175964355,0.48004284501075745,25,0.46296296296296297,2.16,2.16,31,0.5740740740740741,1.7419354838709677,1.7419354838709677,6
test_tokenizer_stress_000012,tokenizer_stress,43,43,0.5135037302970886,0.4466286599636078,30,0.6976744186046512,1.4333333333333333,1.4333333333333333,38,0.8837209302325582,1.131578947368421,1.131578947368421,8
test_tokenizer_stress_000013,tokenizer_stress,23,23,0.5538550615310669,0.5680463910102844,19,0.8260869565217391,1.2105263157894737,1.2105263157894737,21,0.9130434782608695,1.0952380952380953,1.0952380952380953,2
test_tokenizer_stress_000014,tokenizer_stress,43,43,0.29650744795799255,0.2511617839336395,40,0.9302325581395349,1.075,1.075,44,1.0232558139534884,0.9772727272727273,0.9772727272727273,4
test_tokenizer_stress_000015,tokenizer_stress,59,59,0.5432054400444031,0.5263098478317261,24,0.4067796610169492,2.4583333333333335,2.4583333333333335,31,0.5254237288135594,1.903225806451613,1.903225806451613,7
test_tokenizer_stress_000016,tokenizer_stress,44,44,0.6406710743904114,1.166671872138977,14,0.3181818181818182,3.142857142857143,3.142857142857143,17,0.38636363636363635,2.588235294117647,2.588235294117647,3
test_tokenizer_stress_000017,tokenizer_stress,37,37,0.5264859795570374,0.8525360822677612,17,0.4594594594594595,2.176470588235294,2.176470588235294,22,0.5945945945945946,1.6818181818181819,1.6818181818181819,5
test_tokenizer_stress_000018,tokenizer_stress,46,46,0.3138596713542938,0.4428136944770813,40,0.8695652173913043,1.15,1.15,42,0.9130434782608695,1.0952380952380953,1.0952380952380953,2
test_tokenizer_stress_000019,tokenizer_stress,41,41,0.6044731140136719,0.7833154797554016,14,0.34146341463414637,2.9285714285714284,2.9285714285714284,20,0.4878048780487805,2.05,2.05,6
test_tokenizer_stress_000020,tokenizer_stress,36,36,0.42908433079719543,0.4914703071117401,19,0.5277777777777778,1.894736842105263,1.894736842105263,25,0.6944444444444444,1.44,1.44,6
test_tokenizer_stress_000021,tokenizer_stress,54,54,0.3501124680042267,0.49661245942115784,25,0.46296296296296297,2.16,2.16,31,0.5740740740740741,1.7419354838709677,1.7419354838709677,6
test_tokenizer_stress_000022,tokenizer_stress,43,43,0.5445734858512878,0.45264753699302673,30,0.6976744186046512,1.4333333333333333,1.4333333333333333,38,0.8837209302325582,1.131578947368421,1.131578947368421,8
test_tokenizer_stress_000023,tokenizer_stress,23,23,0.5627055168151855,0.5531522035598755,19,0.8260869565217391,1.2105263157894737,1.2105263157894737,21,0.9130434782608695,1.0952380952380953,1.0952380952380953,2
test_tokenizer_stress_000024,tokenizer_stress,43,43,0.28400105237960815,0.2611295282840729,40,0.9302325581395349,1.075,1.075,44,1.0232558139534884,0.9772727272727273,0.9772727272727273,4
test_tokenizer_stress_000025,tokenizer_stress,59,59,0.5019042491912842,0.5399057865142822,24,0.4067796610169492,2.4583333333333335,2.4583333333333335,31,0.5254237288135594,1.903225806451613,1.903225806451613,7
test_tokenizer_stress_000026,tokenizer_stress,44,44,0.6637105941772461,1.1763869524002075,14,0.3181818181818182,3.142857142857143,3.142857142857143,17,0.38636363636363635,2.588235294117647,2.588235294117647,3
test_tokenizer_stress_000027,tokenizer_stress,37,37,0.5210373997688293,0.8582236766815186,17,0.4594594594594595,2.176470588235294,2.176470588235294,22,0.5945945945945946,1.6818181818181819,1.6818181818181819,5
test_tokenizer_stress_000028,tokenizer_stress,46,46,0.27087777853012085,0.4530918300151825,40,0.8695652173913043,1.15,1.15,42,0.9130434782608695,1.0952380952380953,1.0952380952380953,2
test_tokenizer_stress_000029,tokenizer_stress,41,41,0.6234558820724487,0.7812058925628662,14,0.34146341463414637,2.9285714285714284,2.9285714285714284,20,0.4878048780487805,2.05,2.05,6
test_tokenizer_stress_000030,tokenizer_stress,36,36,0.4534454345703125,0.5039791464805603,19,0.5277777777777778,1.894736842105263,1.894736842105263,25,0.6944444444444444,1.44,1.44,6
test_tokenizer_stress_000031,tokenizer_stress,54,54,0.3503708243370056,0.4863051176071167,25,0.46296296296296297,2.16,2.16,31,0.5740740740740741,1.7419354838709677,1.7419354838709677,6
test_tokenizer_stress_000032,tokenizer_stress,43,43,0.5135327577590942,0.4346317648887634,30,0.6976744186046512,1.4333333333333333,1.4333333333333333,38,0.8837209302325582,1.131578947368421,1.131578947368421,8
test_tokenizer_stress_000033,tokenizer_stress,23,23,0.5323241949081421,0.5721303224563599,19,0.8260869565217391,1.2105263157894737,1.2105263157894737,21,0.9130434782608695,1.0952380952380953,1.0952380952380953,2
test_tokenizer_stress_000034,tokenizer_stress,43,43,0.29693230986595154,0.2525162696838379,40,0.9302325581395349,1.075,1.075,44,1.0232558139534884,0.9772727272727273,0.9772727272727273,4
test_tokenizer_stress_000035,tokenizer_stress,59,59,0.5266703963279724,0.5254543423652649,24,0.4067796610169492,2.4583333333333335,2.4583333333333335,31,0.5254237288135594,1.903225806451613,1.903225806451613,7
test_tokenizer_stress_000036,tokenizer_stress,44,44,0.6057366728782654,1.2060236930847168,14,0.3181818181818182,3.142857142857143,3.142857142857143,17,0.38636363636363635,2.588235294117647,2.588235294117647,3
test_tokenizer_stress_000037,tokenizer_stress,37,37,0.5510282516479492,0.8721883893013,17,0.4594594594594595,2.176470588235294,2.176470588235294,22,0.5945945945945946,1.6818181818181819,1.6818181818181819,5
test_tokenizer_stress_000038,tokenizer_stress,46,46,0.30900806188583374,0.4650900661945343,40,0.8695652173913043,1.15,1.15,42,0.9130434782608695,1.0952380952380953,1.0952380952380953,2
test_tokenizer_stress_000039,tokenizer_stress,41,41,0.591103732585907,0.7647017240524292,14,0.34146341463414637,2.9285714285714284,2.9285714285714284,20,0.4878048780487805,2.05,2.05,6
test_tokenizer_stress_000040,tokenizer_stress,36,36,0.43968382477760315,0.5047248005867004,19,0.5277777777777778,1.894736842105263,1.894736842105263,25,0.6944444444444444,1.44,1.44,6
test_tokenizer_stress_000041,tokenizer_stress,54,54,0.34463948011398315,0.4800371825695038,25,0.46296296296296297,2.16,2.16,31,0.5740740740740741,1.7419354838709677,1.7419354838709677,6
test_tokenizer_stress_000042,tokenizer_stress,43,43,0.5167813897132874,0.4363323450088501,30,0.6976744186046512,1.4333333333333333,1.4333333333333333,38,0.8837209302325582,1.131578947368421,1.131578947368421,8
test_tokenizer_stress_000043,tokenizer_stress,23,23,0.5536022186279297,0.5770446062088013,19,0.8260869565217391,1.2105263157894737,1.2105263157894737,21,0.9130434782608695,1.0952380952380953,1.0952380952380953,2
test_tokenizer_stress_000044,tokenizer_stress,43,43,0.29601553082466125,0.2634046971797943,40,0.9302325581395349,1.075,1.075,44,1.0232558139534884,0.9772727272727273,0.9772727272727273,4
test_tokenizer_stress_000045,tokenizer_stress,59,59,0.5229095816612244,0.5352386236190796,24,0.4067796610169492,2.4583333333333335,2.4583333333333335,31,0.5254237288135594,1.903225806451613,1.903225806451613,7
test_tokenizer_stress_000046,tokenizer_stress,44,44,0.6719561219215393,1.1705994606018066,14,0.3181818181818182,3.142857142857143,3.142857142857143,17,0.38636363636363635,2.588235294117647,2.588235294117647,3
test_tokenizer_stress_000047,tokenizer_stress,37,37,0.5028771758079529,0.8665939569473267,17,0.4594594594594595,2.176470588235294,2.176470588235294,22,0.5945945945945946,1.6818181818181819,1.6818181818181819,5
test_tokenizer_stress_000048,tokenizer_stress,46,46,0.3160971701145172,0.4604123830795288,40,0.8695652173913043,1.15,1.15,42,0.9130434782608695,1.0952380952380953,1.0952380952380953,2
test_tokenizer_stress_000049,tokenizer_stress,41,41,0.6174317598342896,0.7768967151641846,14,0.34146341463414637,2.9285714285714284,2.9285714285714284,20,0.4878048780487805,2.05,2.05,6
test_tokenizer_stress_000050,tokenizer_stress,36,36,0.4202951192855835,0.49197039008140564,19,0.5277777777777778,1.894736842105263,1.894736842105263,25,0.6944444444444444,1.44,1.44,6
test_tokenizer_stress_000051,tokenizer_stress,54,54,0.33785995841026306,0.49072369933128357,25,0.46296296296296297,2.16,2.16,31,0.5740740740740741,1.7419354838709677,1.7419354838709677,6
test_tokenizer_stress_000052,tokenizer_stress,43,43,0.5225206017494202,0.4417649209499359,30,0.6976744186046512,1.4333333333333333,1.4333333333333333,38,0.8837209302325582,1.131578947368421,1.131578947368421,8
test_tokenizer_stress_000053,tokenizer_stress,23,23,0.5385237336158752,0.5863922238349915,19,0.8260869565217391,1.2105263157894737,1.2105263157894737,21,0.9130434782608695,1.0952380952380953,1.0952380952380953,2
test_tokenizer_stress_000054,tokenizer_stress,43,43,0.2969961166381836,0.2517816126346588,40,0.9302325581395349,1.075,1.075,44,1.0232558139534884,0.9772727272727273,0.9772727272727273,4
test_tokenizer_stress_000055,tokenizer_stress,59,59,0.5562646389007568,0.5489234924316406,24,0.4067796610169492,2.4583333333333335,2.4583333333333335,31,0.5254237288135594,1.903225806451613,1.903225806451613,7
test_tokenizer_stress_000056,tokenizer_stress,44,44,0.7061668038368225,1.1960601806640625,14,0.3181818181818182,3.142857142857143,3.142857142857143,17,0.38636363636363635,2.588235294117647,2.588235294117647,3
test_tokenizer_stress_000057,tokenizer_stress,37,37,0.5337576270103455,0.838877260684967,17,0.4594594594594595,2.176470588235294,2.176470588235294,22,0.5945945945945946,1.6818181818181819,1.6818181818181819,5
test_tokenizer_stress_000058,tokenizer_stress,46,46,0.30844053626060486,0.4436265826225281,40,0.8695652173913043,1.15,1.15,42,0.9130434782608695,1.0952380952380953,1.0952380952380953,2
test_tokenizer_stress_000059,tokenizer_stress,41,41,0.6195350289344788,0.7749406695365906,14,0.34146341463414637,2.9285714285714284,2.9285714285714284,20,0.4878048780487805,2.05,2.05,6
test_tokenizer_stress_000060,tokenizer_stress,36,36,0.45018506050109863,0.49237215518951416,19,0.5277777777777778,1.894736842105263,1.894736842105263,25,0.6944444444444444,1.44,1.44,6
test_tokenizer_stress_000061,tokenizer_stress,54,54,0.3654639422893524,0.4919103980064392,25,0.46296296296296297,2.16,2.16,31,0.5740740740740741,1.7419354838709677,1.7419354838709677,6
test_tokenizer_stress_000062,tokenizer_stress,43,43,0.5386171936988831,0.45087411999702454,30,0.6976744186046512,1.4333333333333333,1.4333333333333333,38,0.8837209302325582,1.131578947368421,1.131578947368421,8
test_tokenizer_stress_000063,tokenizer_stress,23,23,0.5290969014167786,0.5643635988235474,19,0.8260869565217391,1.2105263157894737,1.2105263157894737,21,0.9130434782608695,1.0952380952380953,1.0952380952380953,2
test_tokenizer_stress_000064,tokenizer_stress,43,43,0.3417348265647888,0.27041104435920715,40,0.9302325581395349,1.075,1.075,44,1.0232558139534884,0.9772727272727273,0.9772727272727273,4
test_tokenizer_stress_000065,tokenizer_stress,59,59,0.5334966778755188,0.5434711575508118,24,0.4067796610169492,2.4583333333333335,2.4583333333333335,31,0.5254237288135594,1.903225806451613,1.903225806451613,7
test_tokenizer_stress_000066,tokenizer_stress,44,44,0.6917164921760559,1.1475088596343994,14,0.3181818181818182,3.142857142857143,3.142857142857143,17,0.38636363636363635,2.588235294117647,2.588235294117647,3
test_tokenizer_stress_000067,tokenizer_stress,37,37,0.545125424861908,0.8524672985076904,17,0.4594594594594595,2.176470588235294,2.176470588235294,22,0.5945945945945946,1.6818181818181819,1.6818181818181819,5
test_tokenizer_stress_000068,tokenizer_stress,46,46,0.27200520038604736,0.4522760808467865,40,0.8695652173913043,1.15,1.15,42,0.9130434782608695,1.0952380952380953,1.0952380952380953,2
test_tokenizer_stress_000069,tokenizer_stress,41,41,0.6220806241035461,0.7860081791877747,14,0.34146341463414637,2.9285714285714284,2.9285714285714284,20,0.4878048780487805,2.05,2.05,6
test_tokenizer_stress_000070,tokenizer_stress,36,36,0.4749400019645691,0.47491681575775146,19,0.5277777777777778,1.894736842105263,1.894736842105263,25,0.6944444444444444,1.44,1.44,6
test_tokenizer_stress_000071,tokenizer_stress,54,54,0.346863716840744,0.49319934844970703,25,0.46296296296296297,2.16,2.16,31,0.5740740740740741,1.7419354838709677,1.7419354838709677,6
test_tokenizer_stress_000072,tokenizer_stress,43,43,0.529711902141571,0.45080530643463135,30,0.6976744186046512,1.4333333333333333,1.4333333333333333,38,0.8837209302325582,1.131578947368421,1.131578947368421,8
test_tokenizer_stress_000073,tokenizer_stress,23,23,0.5188259482383728,0.556516170501709,19,0.8260869565217391,1.2105263157894737,1.2105263157894737,21,0.9130434782608695,1.0952380952380953,1.0952380952380953,2
test_tokenizer_stress_000074,tokenizer_stress,43,43,0.31133610010147095,0.244819775223732,40,0.9302325581395349,1.075,1.075,44,1.0232558139534884,0.9772727272727273,0.9772727272727273,4
test_tokenizer_stress_000075,tokenizer_stress,59,59,0.5252822041511536,0.5401456356048584,24,0.4067796610169492,2.4583333333333335,2.4583333333333335,31,0.5254237288135594,1.903225806451613,1.903225806451613,7
test_tokenizer_stress_000076,tokenizer_stress,44,44,0.6449030637741089,1.20095694065094,14,0.3181818181818182,3.142857142857143,3.142857142857143,17,0.38636363636363635,2.588235294117647,2.588235294117647,3
test_tokenizer_stress_000077,tokenizer_stress,37,37,0.52061927318573,0.8505948185920715,17,0.4594594594594595,2.176470588235294,2.176470588235294,22,0.5945945945945946,1.6818181818181819,1.6818181818181819,5
test_tokenizer_stress_000078,tokenizer_stress,46,46,0.28649619221687317,0.49961644411087036,40,0.8695652173913043,1.15,1.15,42,0.9130434782608695,1.0952380952380953,1.0952380952380953,2
test_tokenizer_stress_000079,tokenizer_stress,41,41,0.620703399181366,0.7550503611564636,14,0.34146341463414637,2.9285714285714284,2.9285714285714284,20,0.4878048780487805,2.05,2.05,6
test_tokenizer_stress_000080,tokenizer_stress,36,36,0.4708920121192932,0.45362958312034607,19,0.5277777777777778,1.894736842105263,1.894736842105263,25,0.6944444444444444,1.44,1.44,6
test_tokenizer_stress_000081,tokenizer_stress,54,54,0.3405681550502777,0.4951828420162201,25,0.46296296296296297,2.16,2.16,31,0.5740740740740741,1.7419354838709677,1.7419354838709677,6
test_tokenizer_stress_000082,tokenizer_stress,43,43,0.5302029848098755,0.44744476675987244,30,0.6976744186046512,1.4333333333333333,1.4333333333333333,38,0.8837209302325582,1.131578947368421,1.131578947368421,8
test_tokenizer_stress_000083,tokenizer_stress,23,23,0.5365231037139893,0.5655940771102905,19,0.8260869565217391,1.2105263157894737,1.2105263157894737,21,0.9130434782608695,1.0952380952380953,1.0952380952380953,2
test_tokenizer_stress_000084,tokenizer_stress,43,43,0.28920406103134155,0.2745906114578247,40,0.9302325581395349,1.075,1.075,44,1.0232558139534884,0.9772727272727273,0.9772727272727273,4
test_tokenizer_stress_000085,tokenizer_stress,59,59,0.5347703099250793,0.5389264822006226,24,0.4067796610169492,2.4583333333333335,2.4583333333333335,31,0.5254237288135594,1.903225806451613,1.903225806451613,7
test_tokenizer_stress_000086,tokenizer_stress,44,44,0.6145779490470886,1.1405912637710571,14,0.3181818181818182,3.142857142857143,3.142857142857143,17,0.38636363636363635,2.588235294117647,2.588235294117647,3
test_tokenizer_stress_000087,tokenizer_stress,37,37,0.5436908602714539,0.8678288459777832,17,0.4594594594594595,2.176470588235294,2.176470588235294,22,0.5945945945945946,1.6818181818181819,1.6818181818181819,5
test_tokenizer_stress_000088,tokenizer_stress,46,46,0.2979167103767395,0.4920904040336609,40,0.8695652173913043,1.15,1.15,42,0.9130434782608695,1.0952380952380953,1.0952380952380953,2
test_tokenizer_stress_000089,tokenizer_stress,41,41,0.6256154179573059,0.7763193249702454,14,0.34146341463414637,2.9285714285714284,2.9285714285714284,20,0.4878048780487805,2.05,2.05,6
test_tokenizer_stress_000090,tokenizer_stress,36,36,0.4365878999233246,0.47677847743034363,19,0.5277777777777778,1.894736842105263,1.894736842105263,25,0.6944444444444444,1.44,1.44,6
test_tokenizer_stress_000091,tokenizer_stress,54,54,0.36148497462272644,0.49617311358451843,25,0.46296296296296297,2.16,2.16,31,0.5740740740740741,1.7419354838709677,1.7419354838709677,6
test_tokenizer_stress_000092,tokenizer_stress,43,43,0.5137726664543152,0.44341540336608887,30,0.6976744186046512,1.4333333333333333,1.4333333333333333,38,0.8837209302325582,1.131578947368421,1.131578947368421,8
test_tokenizer_stress_000093,tokenizer_stress,23,23,0.5374083518981934,0.5663415193557739,19,0.8260869565217391,1.2105263157894737,1.2105263157894737,21,0.9130434782608695,1.0952380952380953,1.0952380952380953,2
test_tokenizer_stress_000094,tokenizer_stress,43,43,0.28870469331741333,0.24153785407543182,40,0.9302325581395349,1.075,1.075,44,1.0232558139534884,0.9772727272727273,0.9772727272727273,4
test_tokenizer_stress_000095,tokenizer_stress,59,59,0.5577605366706848,0.545211672782898,24,0.4067796610169492,2.4583333333333335,2.4583333333333335,31,0.5254237288135594,1.903225806451613,1.903225806451613,7
test_tokenizer_stress_000096,tokenizer_stress,44,44,0.6558017134666443,1.1733065843582153,14,0.3181818181818182,3.142857142857143,3.142857142857143,17,0.38636363636363635,2.588235294117647,2.588235294117647,3
test_tokenizer_stress_000097,tokenizer_stress,37,37,0.5562776327133179,0.8535424470901489,17,0.4594594594594595,2.176470588235294,2.176470588235294,22,0.5945945945945946,1.6818181818181819,1.6818181818181819,5
test_tokenizer_stress_000098,tokenizer_stress,46,46,0.31357041001319885,0.4708707332611084,40,0.8695652173913043,1.15,1.15,42,0.9130434782608695,1.0952380952380953,1.0952380952380953,2
test_tokenizer_stress_000099,tokenizer_stress,41,41,0.6300808191299438,0.7680509090423584,14,0.34146341463414637,2.9285714285714284,2.9285714285714284,20,0.4878048780487805,2.05,2.05,6
test_tokenizer_stress_000100,tokenizer_stress,36,36,0.44956162571907043,0.46717771887779236,19,0.5277777777777778,1.894736842105263,1.894736842105263,25,0.6944444444444444,1.44,1.44,6
test_tokenizer_stress_000101,tokenizer_stress,54,54,0.3550511300563812,0.491780161857605,25,0.46296296296296297,2.16,2.16,31,0.5740740740740741,1.7419354838709677,1.7419354838709677,6
test_tokenizer_stress_000102,tokenizer_stress,43,43,0.5135072469711304,0.4415108561515808,30,0.6976744186046512,1.4333333333333333,1.4333333333333333,38,0.8837209302325582,1.131578947368421,1.131578947368421,8
test_tokenizer_stress_000103,tokenizer_stress,23,23,0.527289867401123,0.5662522912025452,19,0.8260869565217391,1.2105263157894737,1.2105263157894737,21,0.9130434782608695,1.0952380952380953,1.0952380952380953,2
test_tokenizer_stress_000104,tokenizer_stress,43,43,0.30362531542778015,0.25260695815086365,40,0.9302325581395349,1.075,1.075,44,1.0232558139534884,0.9772727272727273,0.9772727272727273,4
test_tokenizer_stress_000105,tokenizer_stress,59,59,0.5348288416862488,0.5336101651191711,24,0.4067796610169492,2.4583333333333335,2.4583333333333335,31,0.5254237288135594,1.903225806451613,1.903225806451613,7
test_tokenizer_stress_000106,tokenizer_stress,44,44,0.6855844855308533,1.2120591402053833,14,0.3181818181818182,3.142857142857143,3.142857142857143,17,0.38636363636363635,2.588235294117647,2.588235294117647,3
test_tokenizer_stress_000107,tokenizer_stress,37,37,0.5494564175605774,0.8333972096443176,17,0.4594594594594595,2.176470588235294,2.176470588235294,22,0.5945945945945946,1.6818181818181819,1.6818181818181819,5
test_tokenizer_stress_000108,tokenizer_stress,46,46,0.3150835931301117,0.49509602785110474,40,0.8695652173913043,1.15,1.15,42,0.9130434782608695,1.0952380952380953,1.0952380952380953,2
test_tokenizer_stress_000109,tokenizer_stress,41,41,0.5627203583717346,0.7856132984161377,14,0.34146341463414637,2.9285714285714284,2.9285714285714284,20,0.4878048780487805,2.05,2.05,6
test_tokenizer_stress_000110,tokenizer_stress,36,36,0.46538016200065613,0.49635204672813416,19,0.5277777777777778,1.894736842105263,1.894736842105263,25,0.6944444444444444,1.44,1.44,6
test_tokenizer_stress_000111,tokenizer_stress,54,54,0.3447914123535156,0.4911279082298279,25,0.46296296296296297,2.16,2.16,31,0.5740740740740741,1.7419354838709677,1.7419354838709677,6
test_tokenizer_stress_000112,tokenizer_stress,43,43,0.5281583666801453,0.4334259629249573,30,0.6976744186046512,1.4333333333333333,1.4333333333333333,38,0.8837209302325582,1.131578947368421,1.131578947368421,8
test_tokenizer_stress_000113,tokenizer_stress,23,23,0.5308400392532349,0.5881620645523071,19,0.8260869565217391,1.2105263157894737,1.2105263157894737,21,0.9130434782608695,1.0952380952380953,1.0952380952380953,2
test_tokenizer_stress_000114,tokenizer_stress,43,43,0.2970117926597595,0.2492518275976181,40,0.9302325581395349,1.075,1.075,44,1.0232558139534884,0.9772727272727273,0.9772727272727273,4
test_tokenizer_stress_000115,tokenizer_stress,59,59,0.5422523617744446,0.5245062112808228,24,0.4067796610169492,2.4583333333333335,2.4583333333333335,31,0.5254237288135594,1.903225806451613,1.903225806451613,7
test_tokenizer_stress_000116,tokenizer_stress,44,44,0.6423751711845398,1.1661126613616943,14,0.3181818181818182,3.142857142857143,3.142857142857143,17,0.38636363636363635,2.588235294117647,2.588235294117647,3
test_tokenizer_stress_000117,tokenizer_stress,37,37,0.5389108061790466,0.8685633540153503,17,0.4594594594594595,2.176470588235294,2.176470588235294,22,0.5945945945945946,1.6818181818181819,1.6818181818181819,5
test_tokenizer_stress_000118,tokenizer_stress,46,46,0.2766364514827728,0.4481191337108612,40,0.8695652173913043,1.15,1.15,42,0.9130434782608695,1.0952380952380953,1.0952380952380953,2
test_tokenizer_stress_000119,tokenizer_stress,41,41,0.5973181128501892,0.7753738760948181,14,0.34146341463414637,2.9285714285714284,2.9285714285714284,20,0.4878048780487805,2.05,2.05,6
