step,loss,adapter_grad_abs_sum,llm_grad_abs_sum,gpu_mem_allocated_mb,gpu_mem_reserved_mb,elapsed_sec
1,6.101619720458984,30974.194338321686,0.0,2175.48193359375,2268.0,0.42720518200076185
2,5.95548677444458,2314.2715603113174,0.0,2175.48193359375,2488.0,0.45568405599624384
3,5.883458137512207,1723.702118113637,0.0,2175.48193359375,2488.0,0.4800484269944718
4,5.277604579925537,1055.6492232084274,0.0,2175.48193359375,2490.0,0.5044138509983895
5,5.50048828125,957.5688350051641,0.0,2175.48193359375,2498.0,0.5287214790005237
6,5.562396049499512,2229.437827244401,0.0,2175.48193359375,2498.0,0.5524952029954875
7,5.303376197814941,1139.7790123037994,0.0,2175.48193359375,2498.0,0.5762959629937541
8,5.586487293243408,1051.1670052297413,0.0,2175.48193359375,2498.0,0.6001472799980547
9,4.956759929656982,1118.277422003448,0.0,2175.48193359375,2498.0,0.624264129990479
10,5.227872848510742,655.5176513157785,0.0,2175.48193359375,2498.0,0.6479622539918637
11,5.188968658447266,800.3866249397397,0.0,2175.48193359375,2498.0,0.6718506850011181
12,4.899654865264893,1051.4115697294474,0.0,2383.9833984375,3032.0,0.6995901009941008
13,5.010102272033691,1732.9353954792023,0.0,2383.9833984375,3032.0,0.7243589269928634
14,5.006492614746094,1247.9238469600677,0.0,2383.9833984375,3032.0,0.7484156919963425
15,5.135684967041016,759.7670980449766,0.0,2383.9833984375,3032.0,0.7722177739924518
16,5.257486820220947,892.191661067307,0.0,2383.9833984375,3032.0,0.7964024019893259
17,5.065892696380615,776.0005261301994,0.0,2383.9833984375,3032.0,0.8205747109896038
18,4.924876689910889,1220.9289451614022,0.0,2383.9833984375,3032.0,0.8445439499919303
19,4.6140289306640625,872.1495948303491,0.0,2383.9833984375,3032.0,0.8683295699884184
20,4.248440742492676,741.1103038247675,0.0,2383.9833984375,3032.0,0.8921808449958917
21,5.007190704345703,701.7700809836388,0.0,2383.9833984375,3032.0,0.9158409279916668
22,4.686084747314453,1218.0271999239922,0.0,2383.9833984375,3032.0,0.9396315990015864
23,4.382744789123535,759.1631009206176,0.0,2383.9833984375,3032.0,0.963509344990598
24,4.571354866027832,1133.3633725903928,0.0,2384.0751953125,3034.0,0.987561135989381
25,4.723327159881592,1009.8568684756756,0.0,2384.0751953125,3034.0,1.011423008996644
26,4.809206485748291,1150.895980924368,0.0,2384.0751953125,3034.0,1.0355146779911593
27,4.706054210662842,1159.3240401372313,0.0,2384.0751953125,3034.0,1.059330610994948
28,4.936108112335205,976.0524199679494,0.0,2384.0751953125,3034.0,1.0831371469976148
29,3.801008701324463,890.9659114833921,0.0,2407.1376953125,3554.0,1.1074352899886435
30,4.43336296081543,958.9411158040166,0.0,2407.1376953125,3554.0,1.1315608040022198
31,4.298276424407959,952.2908004820347,0.0,2407.1376953125,3554.0,1.156286323996028
32,4.481201171875,793.2588938139379,0.0,2407.1376953125,3554.0,1.180957104996196
33,4.381358623504639,1015.731407308951,0.0,2407.1376953125,3554.0,1.2048632499936502
34,4.5103302001953125,612.3911155462265,0.0,2407.1376953125,3554.0,1.2285938529967098
35,4.179975509643555,892.2068907432258,0.0,2407.1376953125,3554.0,1.2525366469926666
36,4.689527988433838,1503.1881688646972,0.0,2407.1376953125,3554.0,1.27644364599837
37,4.688215255737305,950.5447022207081,0.0,2407.1376953125,3554.0,1.30056447199604
38,4.028284549713135,915.4753017853945,0.0,2407.1376953125,3554.0,1.3243914089980535
39,4.45241117477417,1036.0095709860325,0.0,2407.1376953125,3554.0,1.3480879019916756
40,4.527425289154053,930.9170722616836,0.0,2407.1376953125,3554.0,1.3718548280012328
41,4.570653438568115,625.9166278988123,0.0,2407.1376953125,3554.0,1.395680582994828
42,3.4091382026672363,847.153967641294,0.0,2407.1376953125,3554.0,1.419824027994764
43,4.227463722229004,794.3360369503498,0.0,2407.1376953125,3554.0,1.4433632449945435
44,4.308925628662109,954.4355687145144,0.0,2407.1376953125,3554.0,1.4673579090012936
45,4.288183689117432,1157.7289533633739,0.0,2407.1376953125,3554.0,1.4911817609972786
46,4.446254253387451,792.0712562277913,0.0,2407.1376953125,3554.0,1.514964902002248
47,4.294522762298584,1378.5358812585473,0.0,2407.1376953125,3554.0,1.5387772309913998
48,4.270745754241943,923.2709950413555,0.0,2407.1376953125,3554.0,1.5623772789986106
49,4.452380180358887,1099.253397114575,0.0,2407.1376953125,3554.0,1.5861903999903006
50,4.561575889587402,621.709592372179,0.0,2407.1376953125,3554.0,1.6100897290016292
51,4.115598201751709,796.3368978872895,0.0,2407.1376953125,3554.0,1.633622295994428
52,4.350856304168701,748.0823898632079,0.0,2407.1376953125,3554.0,1.6574813030019868
53,4.29835319519043,775.1695987470448,0.0,2407.1376953125,3554.0,1.6820723109995015
54,4.4117584228515625,917.8349396642298,0.0,2407.1376953125,3554.0,1.7061735030001728
55,4.445643901824951,654.439838889055,0.0,2407.1376953125,3554.0,1.7300557369890157
56,4.3227763175964355,743.4816189184785,0.0,2407.1376953125,3554.0,1.753797311001108
57,3.68400239944458,864.4596499167383,0.0,2407.1376953125,3554.0,1.7777213489898713
58,4.154334545135498,812.6611599214375,0.0,2407.1376953125,3554.0,1.8018141989887226
59,4.326552867889404,924.4796843174845,0.0,2407.1376953125,3554.0,1.8258187969913706
60,3.8517348766326904,723.0965058738366,0.0,2407.1376953125,3554.0,1.8498826379945967
61,3.9475574493408203,753.1658458523452,0.0,2407.1376953125,3554.0,1.8738969510013703
62,3.8460309505462646,1080.5351874204352,0.0,2407.1376953125,3554.0,1.8980771439964883
63,4.248778343200684,487.6669706441462,0.0,2407.1376953125,3554.0,1.9218353769974783
64,3.8418402671813965,679.4571161419153,0.0,2407.1376953125,3554.0,1.9457657609891612
65,3.8070590496063232,1143.6014570314437,0.0,2407.1376953125,3554.0,1.9695399389893282
66,4.28428316116333,672.1182988062501,0.0,2407.1376953125,3554.0,1.9933639859955292
67,3.945150375366211,897.2157765943557,0.0,2407.1376953125,3554.0,2.017124887992395
68,4.295554161071777,596.5802407953888,0.0,2407.1376953125,3554.0,2.0408006380021106
69,4.266985893249512,942.3676397576928,0.0,2407.1376953125,3554.0,2.064502459994401
70,3.8090567588806152,623.1081264391541,0.0,2407.1376953125,3554.0,2.0882633149885805
71,3.546603202819824,773.6409488813952,0.0,2407.1376953125,3554.0,2.1124440479907207
72,3.877913475036621,627.6563838720322,0.0,2407.1376953125,3554.0,2.136260156999924
73,4.1131815910339355,540.59251842089,0.0,2407.1376953125,3554.0,2.1600718709960347
74,3.791820764541626,890.9733085110784,0.0,2407.1376953125,3554.0,2.1839092189911753
75,3.6387405395507812,1136.1286580944434,0.0,2407.1376953125,3554.0,2.207821766001871
76,3.5172274112701416,1814.5260340943933,0.0,2407.1376953125,3554.0,2.231580291991122
77,3.865764617919922,1099.4778574854136,0.0,2407.1376953125,3554.0,2.255282461992465
78,3.8476626873016357,1171.1433863602579,0.0,2407.1376953125,3554.0,2.2790821109956596
79,3.9847843647003174,944.7332563325763,0.0,2407.1376953125,3554.0,2.3029547829937655
80,3.3988466262817383,902.3141009882092,0.0,2407.1376953125,3554.0,2.326921425992623
81,3.829890727996826,1852.3765151575208,0.0,2407.1376953125,3554.0,2.3507361829979345
82,4.016875743865967,820.5296305865049,0.0,2407.1376953125,3554.0,2.3744653259927873
83,4.238072395324707,1065.8518049418926,0.0,2407.1376953125,3554.0,2.398176294998848
84,3.800909996032715,1183.3137687239796,0.0,2407.1376953125,3554.0,2.422209650001605
85,4.255822658538818,515.6453624889255,0.0,2407.1376953125,3554.0,2.4460190219979268
86,3.738245725631714,840.6305085700005,0.0,2407.1376953125,3554.0,2.469845401996281
87,3.6016604900360107,1053.2437357697636,0.0,2407.1376953125,3554.0,2.4938194999995176
88,3.8664393424987793,1289.5701937302947,0.0,2407.1376953125,3554.0,2.517639479992795
89,3.573305606842041,964.2849080227315,0.0,2407.1376953125,3554.0,2.5416833679919364
90,3.6118531227111816,951.0846967808902,0.0,2407.1376953125,3554.0,2.565519272990059
91,3.7867419719696045,1197.7661583833396,0.0,2407.1376953125,3554.0,2.58926671599329
92,4.3100481033325195,1084.7285716626793,0.0,2407.1376953125,3554.0,2.6130840049881954
93,3.6309854984283447,962.6317914426327,0.0,2407.1376953125,3554.0,2.636875735988724
94,3.6574902534484863,646.1167410975322,0.0,2407.1376953125,3554.0,2.6606760589929763
95,3.413078546524048,1489.8323491327465,0.0,2407.1376953125,3554.0,2.684585511990008
96,3.9295315742492676,1214.7938513755798,0.0,2407.1376953125,3554.0,2.708403233991703
97,3.565033197402954,901.6938248705119,0.0,2407.1376953125,3554.0,2.7321114189981017
98,4.045586585998535,664.7477274984121,0.0,2407.1376953125,3554.0,2.7561139019962866
99,4.467780590057373,707.029587842524,0.0,2407.1376953125,3554.0,2.7799550839990843
100,3.610487222671509,996.2512517161667,0.0,2407.1376953125,3554.0,2.8042286099953344
101,3.9155147075653076,898.0102407447994,0.0,2407.1376953125,3554.0,2.828323666995857
102,3.869201898574829,884.8050183057785,0.0,2407.1376953125,3554.0,2.852215585997328
103,3.2900805473327637,920.6197217740119,0.0,2407.1376953125,3554.0,2.876146788999904
104,3.605825424194336,939.7995084729046,0.0,2407.1376953125,3554.0,2.9000919879908906
105,4.169679641723633,976.0775577183813,0.0,2407.1376953125,3554.0,2.923880490998272
106,4.065409183502197,943.4948216136545,0.0,2407.1376953125,3554.0,2.947658095989027
107,3.316689968109131,849.2723501501605,0.0,2407.1376953125,3554.0,2.9717661249887897
108,3.1814141273498535,1242.6053765118122,0.0,2407.1376953125,3554.0,2.995595467989915
109,3.524529457092285,838.9413411440328,0.0,2407.1376953125,3554.0,3.0192143309977837
110,3.6332104206085205,1178.234780959785,0.0,2407.1376953125,3554.0,3.043017231990234
111,3.7023956775665283,808.3594243749976,0.0,2407.1376953125,3554.0,3.0667096879915334
112,3.6721980571746826,726.8136496655643,0.0,2407.1376953125,3554.0,3.090419606989599
113,3.217712879180908,959.3572719320655,0.0,2407.1376953125,3554.0,3.1142215809959453
114,3.2523293495178223,698.7209927719086,0.0,2407.1376953125,3554.0,3.137800543991034
115,3.6850597858428955,890.8617907166481,0.0,2407.1376953125,3554.0,3.1622471399896313
116,3.8423006534576416,707.7384285721928,0.0,2407.1376953125,3554.0,3.1863939939939883
117,3.93684720993042,890.4442634675652,0.0,2407.1376953125,3554.0,3.2102097339957254
118,3.427722692489624,963.9690045118332,0.0,2407.1376953125,3554.0,3.2339357000018936
119,3.3811023235321045,824.1530236378312,0.0,2407.1376953125,3554.0,3.2577804739994463
120,3.999103307723999,841.7827470190823,0.0,2407.1376953125,3554.0,3.2816639649972785
121,3.668391466140747,784.6396568268538,0.0,2407.1376953125,3554.0,3.3057954179967055
122,3.855410575866699,760.8294424600899,0.0,2407.1376953125,3554.0,3.329640693991678
123,4.028542518615723,704.8772993832827,0.0,2407.1376953125,3554.0,3.353431429990451
124,3.615215539932251,982.3333181962371,0.0,2407.1376953125,3554.0,3.377195433000452
125,3.371083974838257,988.473132699728,0.0,2407.1376953125,3554.0,3.401305303996196
126,3.788280487060547,1333.3179454281926,0.0,2407.1376953125,3554.0,3.4250226959993597
127,3.295468807220459,1550.361038558185,0.0,2407.1376953125,3554.0,3.4486399079905823
128,3.3141164779663086,1045.9415762592107,0.0,2407.1376953125,3554.0,3.4724320029927185
129,3.4328324794769287,798.3309241700917,0.0,2407.1376953125,3554.0,3.4963000159914372
130,3.7101480960845947,1010.7973145730793,0.0,2407.1376953125,3554.0,3.520168905000901
131,3.2673470973968506,910.4462102130055,0.0,2407.1376953125,3554.0,3.5439607739972416
132,3.0945615768432617,1121.5352595821023,0.0,2407.1376953125,3554.0,3.5675560489908094
133,3.7003135681152344,1354.1843261756003,0.0,2407.1376953125,3554.0,3.591427441991982
134,3.2122244834899902,1352.3853095024824,0.0,2407.1376953125,3554.0,3.6154137939884095
135,2.9378035068511963,1279.0242097377777,0.0,2407.1376953125,3554.0,3.6389971239987062
136,3.197646379470825,889.089506348595,0.0,2407.1376953125,3554.0,3.6627582590008387
137,2.8093643188476562,1380.6985542923212,0.0,2407.1376953125,3554.0,3.686554554995382
138,3.346308946609497,1717.8306374959648,0.0,2407.1376953125,3554.0,3.7103162619896466
139,2.918858528137207,1212.241916788742,0.0,2407.1376953125,3554.0,3.7341066299995873
140,3.222219944000244,1350.349173463881,0.0,2407.1376953125,3554.0,3.757878564996645
141,3.2170865535736084,990.9603461949155,0.0,2407.1376953125,3556.0,3.78184558400244
142,3.3520023822784424,1483.9975766539574,0.0,2407.1376953125,3556.0,3.805960302997846
143,3.4321818351745605,764.0571810640395,0.0,2407.1376953125,3556.0,3.830310773002566
144,3.6846210956573486,1305.0405454561114,0.0,2407.1376953125,3556.0,3.8541676469903905
145,3.5572614669799805,900.0857821032405,0.0,2407.1376953125,3556.0,3.8778383509925334
146,3.313305616378784,2144.530539780855,0.0,2407.1376953125,3556.0,3.9016649039986078
147,3.2150866985321045,836.3090448305011,0.0,2407.1376953125,3556.0,3.9254219319991535
148,3.6863973140716553,1534.2959439456463,0.0,2407.1376953125,3556.0,3.949219001995516
149,2.9119713306427,945.1046517193317,0.0,2407.1376953125,3556.0,3.9730401650012936
150,3.1945817470550537,920.1813714616001,0.0,2407.1376953125,3556.0,3.9968193149979925
151,3.5804052352905273,1578.409342572093,0.0,2407.1376953125,3556.0,4.020578297990141
152,3.3776676654815674,1035.0915415100753,0.0,2407.1376953125,3556.0,4.044644005989539
153,3.4701552391052246,1389.276251502335,0.0,2407.1376953125,3556.0,4.068336652999278
154,3.379234790802002,734.6701280213892,0.0,2407.1376953125,3556.0,4.091878638995695
155,3.3192038536071777,2066.3609927743673,0.0,2407.1376953125,3556.0,4.11570228599885
156,3.219942331314087,1147.7751681450754,0.0,2407.1376953125,3556.0,4.139512552996166
157,3.465790033340454,1227.015855398029,0.0,2407.1376953125,3556.0,4.163365913002053
158,3.1716692447662354,1052.0980029441416,0.0,2407.1376953125,3556.0,4.187037529991358
159,3.7176663875579834,1577.3888565152884,0.0,2407.1376953125,3556.0,4.210983766999561
160,3.0553979873657227,821.7050817608833,0.0,2407.1376953125,3556.0,4.234744054992916
161,2.8326447010040283,922.3347376827151,0.0,2407.1376953125,3556.0,4.258861773996614
162,3.2162511348724365,1246.118242405355,0.0,2407.1376953125,3556.0,4.282661562989233
163,3.155505657196045,1046.6968048773706,0.0,2407.1376953125,3556.0,4.306699387991102
164,3.5410995483398438,1266.49628662318,0.0,2407.1376953125,3556.0,4.330598240994732
165,3.1878767013549805,839.25907080248,0.0,2407.1376953125,3556.0,4.354365487000905
166,3.5756778717041016,874.9479136373848,0.0,2407.1376953125,3556.0,4.378141007997328
167,3.5640127658843994,848.2558863386512,0.0,2407.1376953125,3556.0,4.401943719989504
168,3.28650164604187,1152.8014332354069,0.0,2407.1376953125,3556.0,4.425667618997977
169,3.7816362380981445,761.8078433983028,0.0,2407.1376953125,3556.0,4.449422069999855
170,2.861576795578003,2011.1558328717947,0.0,2407.1376953125,3556.0,4.4734104910021415
171,3.4807779788970947,1287.570014424622,0.0,2407.1376953125,3556.0,4.4971897389914375
172,2.835834503173828,1102.0987799167633,0.0,2407.1376953125,3556.0,4.52105205800035
173,3.2448742389678955,1434.4846714138985,0.0,2407.1376953125,3556.0,4.544860978989163
174,3.1550798416137695,897.2020588628948,0.0,2407.1376953125,3556.0,4.568737912995857
175,3.5879569053649902,930.2250945754349,0.0,2407.1376953125,3556.0,4.592526856999029
176,3.396282911300659,1167.577685534954,0.0,2407.1376953125,3556.0,4.61624949099496
177,3.3553099632263184,728.2571024782956,0.0,2407.1376953125,3556.0,4.640001376988948
178,3.4467031955718994,908.5736618191004,0.0,2407.1376953125,3556.0,4.663787470999523
179,3.2845613956451416,1352.741932798177,0.0,2407.1376953125,3556.0,4.687906817998737
180,3.2745606899261475,892.7084666546434,0.0,2407.1376953125,3556.0,4.71183728199685
181,3.204785108566284,1061.584661308676,0.0,2407.1376953125,3556.0,4.735668476001592
182,3.205657720565796,1146.238575965166,0.0,2407.1376953125,3556.0,4.7595511179970345
183,3.5438084602355957,1417.3914305493236,0.0,2407.1376953125,3556.0,4.783349350997014
184,2.95442795753479,982.4002278484404,0.0,2407.1376953125,3556.0,4.807538666995242
185,3.1524291038513184,1573.3639591783285,0.0,2407.1376953125,3556.0,4.831535762990825
186,3.2885384559631348,967.9575096108019,0.0,2407.1376953125,3556.0,4.855417182989186
187,3.483279228210449,1014.216065838933,0.0,2407.1376953125,3556.0,4.879255473992089
188,3.128972053527832,1233.045039203018,0.0,2407.1376953125,3556.0,4.903404636992491
189,3.588568925857544,1348.3701629042625,0.0,2407.1376953125,3556.0,4.927175391989294
190,3.114753246307373,1637.0295284241438,0.0,2407.1376953125,3556.0,4.950975464002113
191,2.772458076477051,2292.767856091261,0.0,2407.1376953125,3556.0,4.974688022994087
192,3.3744144439697266,1014.1081114299595,0.0,2407.1376953125,3556.0,4.9982456769939745
193,3.165637969970703,1754.1853288635612,0.0,2407.1376953125,3556.0,5.022208287991816
194,3.6572625637054443,1278.8941267207265,0.0,2407.1376953125,3556.0,5.045963127995492
195,3.2514774799346924,1014.3416135907173,0.0,2407.1376953125,3556.0,5.069746583001688
196,3.2311315536499023,2684.4160504341125,0.0,2407.1376953125,3556.0,5.093521336995764
197,2.9603254795074463,721.8626191914082,0.0,2407.1376953125,3556.0,5.117537100988557
198,2.992950201034546,1398.7229302600026,0.0,2407.1376953125,3556.0,5.141335048989276
199,3.214848756790161,1286.82355196774,0.0,2407.1376953125,3556.0,5.165075803000946
200,3.4690446853637695,970.3677414543927,0.0,2407.1376953125,3556.0,5.188909464995959
201,2.9935173988342285,1399.5127268508077,0.0,2407.1376953125,3556.0,5.2129794049978955
202,2.9628849029541016,2157.7706216573715,0.0,2407.1376953125,3556.0,5.236630446990603
203,3.2648439407348633,1155.3403908982873,0.0,2407.1376953125,3556.0,5.260462455989909
204,3.593087911605835,1285.2864135354757,0.0,2407.1376953125,3556.0,5.284265206995769
205,2.953850507736206,1176.9800750277936,0.0,2407.1376953125,3556.0,5.308414386992808
206,2.8187954425811768,892.9527338035405,0.0,2407.1376953125,3556.0,5.332548306992976
207,3.249305248260498,1137.508473675698,0.0,2407.1376953125,3556.0,5.356348442990566
208,3.349196195602417,1849.6197751015425,0.0,2407.1376953125,3556.0,5.380099477988551
209,2.972703218460083,739.3980894312263,0.0,2407.1376953125,3556.0,5.403790521988412
210,3.212050199508667,1408.585925489664,0.0,2407.1376953125,3556.0,5.427488761997665
211,3.3016791343688965,1562.9881422892213,0.0,2407.1376953125,3556.0,5.451244546988164
212,2.521898031234741,1010.3373641278595,0.0,2407.1376953125,3556.0,5.474939829000505
213,2.898421049118042,1513.7405915856361,0.0,2407.1376953125,3556.0,5.498702179000247
214,2.4716594219207764,3209.319314748049,0.0,2407.1376953125,3556.0,5.522535158001119
215,3.1522703170776367,1391.3587673455477,0.0,2407.1376953125,3556.0,5.546567582001444
216,3.3961567878723145,1814.9177248999476,0.0,2407.1376953125,3556.0,5.570594085002085
217,2.8231523036956787,1532.5922093465924,0.0,2407.1376953125,3556.0,5.594447400988429
218,3.2376809120178223,947.0492463298142,0.0,2407.1376953125,3556.0,5.618310541001847
219,3.091052293777466,1214.7345479167998,0.0,2407.1376953125,3556.0,5.641906107994146
220,3.157655954360962,1561.8157629817724,0.0,2407.1376953125,3556.0,5.665736860988545
221,2.807159662246704,1471.8091707229614,0.0,2407.1376953125,3556.0,5.689550538998446
222,2.901355743408203,795.7344283349812,0.0,2407.1376953125,3556.0,5.713167018999229
223,2.8835387229919434,1019.5852365866303,0.0,2407.1376953125,3556.0,5.736983050999697
224,3.6026387214660645,1160.1635832116008,0.0,2407.1376953125,3556.0,5.761015767988283
225,3.155886650085449,953.2165210843086,0.0,2407.1376953125,3556.0,5.784872623989941
226,2.9664926528930664,872.0173747465014,0.0,2407.1376953125,3556.0,5.808800599988899
227,2.775679111480713,1245.2882212772965,0.0,2407.1376953125,3556.0,5.832704847998684
228,3.1554787158966064,1698.065020389855,0.0,2407.1376953125,3556.0,5.8565893069899175
229,3.0802338123321533,1349.4219868257642,0.0,2407.1376953125,3556.0,5.880393357001594
230,3.1327872276306152,1245.5362952500582,0.0,2407.1376953125,3556.0,5.904195263996371
231,2.696903944015503,1728.1083150804043,0.0,2407.1376953125,3556.0,5.927977273997385
232,2.9446089267730713,1160.4166577756405,0.0,2407.1376953125,3556.0,5.951784641991253
233,2.8358101844787598,697.8698375448585,0.0,2407.1376953125,3556.0,5.975812962002237
234,3.410856008529663,1612.2240135520697,0.0,2407.1376953125,3556.0,5.999656473999494
235,3.32854962348938,1413.265619546175,0.0,2407.1376953125,3556.0,6.023484265999286
236,2.9721927642822266,777.3779293745756,0.0,2407.1376953125,3556.0,6.047219535990735
237,3.1045684814453125,1027.9872670918703,0.0,2407.1376953125,3556.0,6.071037659989088
238,3.215269088745117,1511.786883354187,0.0,2407.1376953125,3556.0,6.094919069000753
239,2.536013126373291,1014.9633319452405,0.0,2407.1376953125,3556.0,6.118804275000002
240,2.924669027328491,953.4942904561758,0.0,2407.1376953125,3556.0,6.142516703999718
241,2.440417766571045,1537.3016207516193,0.0,2407.1376953125,3556.0,6.166243290994316
242,2.749955654144287,684.7471982724965,0.0,2407.1376953125,3556.0,6.190197693998925
243,2.861743450164795,991.8788391500711,0.0,2407.1376953125,3556.0,6.214022453001235
244,3.099696159362793,1318.675254240632,0.0,2407.1376953125,3556.0,6.237792845990043
245,2.963613986968994,972.4508820325136,0.0,2407.1376953125,3556.0,6.261652668996248
246,2.4636526107788086,1106.6870505213737,0.0,2407.1376953125,3556.0,6.285310510997078
247,2.971195936203003,899.4498042799532,0.0,2407.1376953125,3556.0,6.309384014995885
248,2.8459932804107666,999.9266954734921,0.0,2407.1376953125,3556.0,6.33329300499463
249,2.5407702922821045,1323.6435674205422,0.0,2407.1376953125,3556.0,6.357195545991999
250,2.883448600769043,2472.9472096562386,0.0,2407.1376953125,3556.0,6.380912401989917
251,3.02892804145813,899.6243545971811,0.0,2407.1376953125,3556.0,6.405002460000105
252,3.081723213195801,1116.0426564477384,0.0,2407.1376953125,3556.0,6.428679908989579
253,2.6924068927764893,1672.6334032043815,0.0,2407.1376953125,3556.0,6.452434951992473
254,2.7205116748809814,1063.9983061030507,0.0,2407.1376953125,3556.0,6.476248177001253
255,2.4794957637786865,2400.3052200526,0.0,2407.1376953125,3556.0,6.500103719998151
256,2.783949136734009,1077.0875527113676,0.0,2407.1376953125,3556.0,6.5239129989931826
257,2.974543571472168,1465.2398764193058,0.0,2407.1376953125,3556.0,6.5477070749911945
258,3.1419782638549805,1952.45774397254,0.0,2407.1376953125,3556.0,6.571487588997115
259,2.5795047283172607,1957.9900609999895,0.0,2407.1376953125,3556.0,6.595308058997034
260,2.8013365268707275,2299.852575838566,0.0,2407.1376953125,3556.0,6.619431352999527
261,2.6220905780792236,1005.8240738287568,0.0,2407.1376953125,3556.0,6.643209746995126
262,2.9760489463806152,1477.3370207101107,0.0,2407.1376953125,3556.0,6.666941265997593
263,2.9717533588409424,1462.4768529683352,0.0,2407.1376953125,3556.0,6.690670160998707
264,2.875889778137207,1270.1438895016909,0.0,2407.1376953125,3556.0,6.714376379997702
265,2.829813241958618,1713.7116563022137,0.0,2407.1376953125,3556.0,6.7380814789939905
266,2.994755744934082,1730.081928908825,0.0,2407.1376953125,3556.0,6.761780289001763
267,3.1845476627349854,624.8383696079254,0.0,2407.1376953125,3556.0,6.785653717990499
268,2.905409097671509,1424.7621819078922,0.0,2407.1376953125,3556.0,6.809723107988248
269,2.7912566661834717,1142.337796062231,0.0,2407.1376953125,3556.0,6.833850060997065
270,2.832782030105591,951.0840514153242,0.0,2407.1376953125,3556.0,6.857600652991096
271,2.767920970916748,4231.595764577389,0.0,2407.1376953125,3556.0,6.881382752995705
272,2.7825913429260254,1788.106325417757,0.0,2407.1376953125,3556.0,6.90507634099049
273,2.8715717792510986,2350.448578134179,0.0,2407.1376953125,3556.0,6.928870732997893
274,3.0612499713897705,1366.2993993982673,0.0,2407.1376953125,3556.0,6.952579462988069
275,2.6083946228027344,920.7089845687151,0.0,2407.1376953125,3556.0,6.976340590990731
276,3.0526819229125977,6459.857358038425,0.0,2407.1376953125,3556.0,7.000172344996827
277,2.615417242050171,1450.2892693132162,0.0,2407.1376953125,3556.0,7.023937278994708
278,2.689284086227417,1531.0872161239386,0.0,2407.1376953125,3556.0,7.047856295990641
279,2.841466188430786,1758.1424167901278,0.0,2407.1376953125,3556.0,7.071589270999539
280,2.7310824394226074,1729.1354050934315,0.0,2407.1376953125,3556.0,7.095412486989517
281,2.7144696712493896,1320.4827138110995,0.0,2407.1376953125,3556.0,7.119321263991878
282,2.388718843460083,1217.3833106085658,0.0,2407.1376953125,3556.0,7.1433522869920125
283,2.630756378173828,1723.5875184386969,0.0,2407.1376953125,3556.0,7.167876034000074
284,2.6655642986297607,3048.6681733727455,0.0,2407.1376953125,3556.0,7.191907840999193
285,2.789841890335083,902.7545864358544,0.0,2407.1376953125,3556.0,7.215796446995228
286,2.924319267272949,1270.7447848245502,0.0,2407.1376953125,3556.0,7.239567799988436
287,2.797290563583374,1347.0987796410918,0.0,2407.1376953125,3556.0,7.263660744996741
288,2.4283227920532227,1448.018417403102,0.0,2407.1376953125,3556.0,7.28735670199967
289,2.6329193115234375,1022.7799108549953,0.0,2407.1376953125,3556.0,7.311464115002309
290,2.604475259780884,991.0447076261044,0.0,2407.1376953125,3556.0,7.335256966995075
291,2.5476980209350586,2582.631024852395,0.0,2407.1376953125,3556.0,7.359040251001716
292,2.968578815460205,973.7978525906801,0.0,2407.1376953125,3556.0,7.382852060996811
293,2.7391269207000732,1303.9699962958694,0.0,2407.1376953125,3556.0,7.406752800990944
294,2.4269320964813232,1350.4959923774004,0.0,2407.1376953125,3556.0,7.430537038002512
295,2.65203595161438,1232.0457054674625,0.0,2407.1376953125,3556.0,7.454311048000818
296,2.594097375869751,789.2447638139129,0.0,2407.1376953125,3556.0,7.478361365996534
297,2.851623296737671,2394.3355628550053,0.0,2407.1376953125,3556.0,7.502172205000534
298,2.4205965995788574,1345.3927138522267,0.0,2407.1376953125,3556.0,7.52605652299826
299,2.513577938079834,1637.273336559534,0.0,2407.1376953125,3556.0,7.549967822997132
300,2.576390027999878,1163.0494512021542,0.0,2407.1376953125,3556.0,7.573723752997466
301,2.557554006576538,1156.0817652344704,0.0,2407.1376953125,3556.0,7.597662927990314
302,2.360785484313965,834.1731815263629,0.0,2407.1376953125,3556.0,7.621557797989226
303,2.759528160095215,1163.8915552385151,0.0,2407.1376953125,3556.0,7.645411751000211
304,3.1381537914276123,3020.993739038706,0.0,2407.1376953125,3556.0,7.669161069992697
305,2.573383092880249,1168.5260809585452,0.0,2407.1376953125,3556.0,7.693163040996296
306,2.6884405612945557,1146.329085405916,0.0,2407.1376953125,3556.0,7.717044709992479
307,2.92787766456604,1443.6064069010317,0.0,2407.1376953125,3556.0,7.740859794997959
308,2.6421496868133545,1181.3873737379909,0.0,2407.1376953125,3556.0,7.764704853994772
309,3.140136957168579,935.9980057477951,0.0,2407.1376953125,3556.0,7.788300007989164
310,2.7012245655059814,1306.2328946739435,0.0,2407.1376953125,3556.0,7.812621687000501
311,2.8519065380096436,2072.699349731207,0.0,2407.1376953125,3556.0,7.836545147001743
312,2.5045721530914307,824.4642851017416,0.0,2407.1376953125,3556.0,7.860423049991368
313,2.5797228813171387,859.2645579427481,0.0,2407.1376953125,3556.0,7.884249807000742
314,2.5923213958740234,1452.7713292986155,0.0,2407.1376953125,3556.0,7.908314482992864
315,2.4199304580688477,1682.4059953689575,0.0,2407.1376953125,3556.0,7.932070757000474
316,2.645465850830078,767.5651237256825,0.0,2407.1376953125,3558.0,7.956103860997246
317,2.629133462905884,3721.067205786705,0.0,2407.1376953125,3558.0,7.979905776999658
318,2.09834885597229,1198.4414628893137,0.0,2407.1376953125,3558.0,8.003657744993689
319,2.639111280441284,2237.8878913521767,0.0,2407.1376953125,3558.0,8.027519142997335
320,2.455580949783325,1508.7504847943783,0.0,2407.1376953125,3558.0,8.051063038990833
321,2.2909388542175293,1212.0816695690155,0.0,2407.1376953125,3558.0,8.074832368001807
322,2.3832333087921143,1554.3020323514938,0.0,2407.1376953125,3558.0,8.09865744599665
323,2.808293581008911,4002.1944712996483,0.0,2407.1376953125,3558.0,8.122692265998921
324,2.4176926612854004,883.6071049235761,0.0,2407.1376953125,3558.0,8.146526066993829
325,2.436028242111206,1991.690422847867,0.0,2407.1376953125,3558.0,8.170250675000716
326,2.761378288269043,1937.212730050087,0.0,2407.1376953125,3558.0,8.193975481990492
327,2.194216728210449,1588.8842395693064,0.0,2407.1376953125,3558.0,8.21772484399844
328,2.162402629852295,1258.1367850154638,0.0,2407.1376953125,3558.0,8.24142709899752
329,2.470649003982544,3493.1606085300446,0.0,2407.1376953125,3558.0,8.265261758991983
330,2.206254243850708,957.8569166585803,0.0,2407.1376953125,3558.0,8.28885082800116
331,2.5233054161071777,1512.4808340519667,0.0,2407.1376953125,3558.0,8.312850963993696
332,2.0924582481384277,1604.0739385336637,0.0,2407.1376953125,3558.0,8.337031716990168
333,2.2715845108032227,1730.7212572693825,0.0,2407.1376953125,3558.0,8.360833358994569
334,1.9731521606445312,844.0030356198549,0.0,2407.1376953125,3558.0,8.384553825992043
335,2.0699985027313232,1918.845610320568,0.0,2407.1376953125,3558.0,8.408306167999399
336,2.4355435371398926,1289.4777917563915,0.0,2407.1376953125,3558.0,8.431973694998305
337,2.0533194541931152,1067.1667063608766,0.0,2407.1376953125,3558.0,8.45571947999997
338,2.13197922706604,761.3575026392937,0.0,2407.1376953125,3558.0,8.479512157995487
339,2.032257080078125,1156.3862495943904,0.0,2407.1376953125,3558.0,8.503326739999466
340,2.4322853088378906,1347.810182094574,0.0,2407.1376953125,3558.0,8.5270661849936
341,2.548022985458374,1037.344193637371,0.0,2407.1376953125,3558.0,8.551155670997105
342,1.9678153991699219,1026.7188020050526,0.0,2407.1376953125,3558.0,8.57497047499055
343,2.198636293411255,971.68808349967,0.0,2407.1376953125,3558.0,8.59876503799751
344,1.8599122762680054,1015.45886676386,0.0,2407.1376953125,3558.0,8.622652152000228
345,2.1007654666900635,719.6744141280651,0.0,2407.1376953125,3558.0,8.646466600999702
346,2.0148792266845703,859.2505813166499,0.0,2407.1376953125,3558.0,8.670267980996869
347,2.36285400390625,1254.2493763789535,0.0,2407.1376953125,3558.0,8.694013358996017
348,2.1746652126312256,948.4982403963804,0.0,2407.1376953125,3558.0,8.718149648993858
349,1.9380056858062744,2070.1890653818846,0.0,2407.1376953125,3558.0,8.742017643991858
350,2.152831792831421,908.5712358355522,0.0,2407.1376953125,3558.0,8.765988284998457
351,2.1309542655944824,1365.1984540075064,0.0,2407.1376953125,3558.0,8.789795096992748
352,2.173109292984009,923.2142883166671,0.0,2407.1376953125,3558.0,8.81368901899259
353,2.250689744949341,1014.422453507781,0.0,2407.1376953125,3558.0,8.83739143999992
354,2.0999081134796143,1030.3615985140204,0.0,2407.1376953125,3558.0,8.860962448001374
355,2.3162143230438232,1194.424816980958,0.0,2407.1376953125,3558.0,8.88478186899738
356,1.667707085609436,1392.2179591208696,0.0,2407.1376953125,3558.0,8.908722252992447
357,1.5479209423065186,1227.8369495719671,0.0,2407.1376953125,3558.0,8.932516325992765
358,1.759599208831787,1187.8835167437792,0.0,2407.1376953125,3558.0,8.956495872000232
359,2.1309642791748047,1210.720829129219,0.0,2407.1376953125,3558.0,8.98048918999848
360,1.85590660572052,821.5601356476545,0.0,2407.1376953125,3558.0,9.00423722199048
361,2.233933925628662,3343.91220754385,0.0,2407.1376953125,3558.0,9.028037416996085
362,2.2440667152404785,1134.3714548647404,0.0,2407.1376953125,3558.0,9.051840447995346
363,1.9790375232696533,2495.2724681198597,0.0,2407.1376953125,3558.0,9.07565697899554
364,2.077709674835205,1442.5638344883919,0.0,2407.1376953125,3558.0,9.099470994988224
365,1.6325403451919556,1029.0241084694862,0.0,2407.1376953125,3558.0,9.123446311001317
366,2.0825822353363037,2299.293047785759,0.0,2407.1376953125,3558.0,9.14756406500237
367,1.8754202127456665,1077.2875906601548,0.0,2407.1376953125,3558.0,9.171620572000393
368,1.735055685043335,861.2795243151486,0.0,2407.1376953125,3558.0,9.195734023989644
369,2.0353498458862305,1151.3002655506134,0.0,2407.1376953125,3558.0,9.219439601991326
370,2.2290854454040527,1344.6346588134766,0.0,2407.1376953125,3558.0,9.243019436995382
371,1.5945833921432495,1869.7925719171762,0.0,2407.1376953125,3558.0,9.26677266099432
372,1.8620737791061401,970.7696996927261,0.0,2407.1376953125,3558.0,9.290573660997325
373,1.943745732307434,970.6946354806423,0.0,2407.1376953125,3558.0,9.31452403399453
374,2.063340187072754,1022.883139371872,0.0,2407.1376953125,3558.0,9.338314362001256
375,1.9215234518051147,1010.8636694028974,0.0,2407.1376953125,3558.0,9.362105528998654
376,2.361232280731201,1365.4732003360987,0.0,2407.1376953125,3558.0,9.385837098991033
377,1.924527645111084,1018.9958503991365,0.0,2407.1376953125,3558.0,9.40992595499847
378,1.913583517074585,1648.5820700228214,0.0,2407.1376953125,3558.0,9.43359090499871
379,2.080864667892456,1063.6502733677626,0.0,2407.1376953125,3558.0,9.457374769990565
380,1.9484949111938477,1343.3126971423626,0.0,2407.1376953125,3558.0,9.481243097994593
381,1.9951300621032715,1680.6878190040588,0.0,2407.1376953125,3558.0,9.50497118999192
382,1.6145042181015015,1105.0440275222063,0.0,2407.1376953125,3558.0,9.528615364994039
383,1.6951643228530884,1523.2818322777748,0.0,2407.1376953125,3558.0,9.552432844997384
384,1.7939006090164185,1952.7217683196068,0.0,2407.1376953125,3558.0,9.576263480994385
385,1.8191159963607788,1779.3387071490288,0.0,2407.1376953125,3558.0,9.600082959994324
386,2.0350394248962402,2740.131030023098,0.0,2407.1376953125,3558.0,9.624223123988486
387,1.681343913078308,1398.5531584993005,0.0,2407.1376953125,3558.0,9.647959779991652
388,1.5592169761657715,2325.477098196745,0.0,2407.1376953125,3558.0,9.671720810991246
389,1.6113648414611816,1071.6447542011738,0.0,2407.1376953125,3558.0,9.695507764990907
390,1.5918452739715576,975.5450315475464,0.0,2407.1376953125,3558.0,9.719259582998347
391,2.067920207977295,1921.7206951081753,0.0,2407.1376953125,3558.0,9.74301865499001
392,1.68995201587677,1442.159156024456,0.0,2407.1376953125,3558.0,9.766886294994038
393,1.6657193899154663,1027.9566693902016,0.0,2407.1376953125,3558.0,9.790806437988067
394,1.6908936500549316,1500.577891856432,0.0,2407.1376953125,3558.0,9.815001062990632
395,1.855350136756897,1580.0342472791672,0.0,2407.1376953125,3558.0,9.839256795996334
396,1.61759614944458,1049.5144052132964,0.0,2407.1376953125,3558.0,9.863079360991833
397,1.6256228685379028,1351.6102632135153,0.0,2407.1376953125,3558.0,9.886896961994353
398,1.7605489492416382,1827.442416101694,0.0,2407.1376953125,3558.0,9.91072482499294
399,1.7199805974960327,1773.497743949294,0.0,2407.1376953125,3558.0,9.934556103995419
400,1.4561476707458496,1196.828591182828,0.0,2407.1376953125,3558.0,9.958404687989969
401,2.1051995754241943,2063.92802965641,0.0,2407.1376953125,3558.0,9.982381529000122
402,1.540526032447815,1103.1536866798997,0.0,2407.1376953125,3558.0,10.006207385988091
403,2.2275185585021973,1938.5122636258602,0.0,2407.1376953125,3558.0,10.029894303996116
404,1.462419867515564,1647.1779419481754,0.0,2407.1376953125,3558.0,10.053984723999747
405,1.650065541267395,912.9374055415392,0.0,2407.1376953125,3558.0,10.07783681798901
406,1.5833817720413208,981.216707803309,0.0,2407.1376953125,3558.0,10.101630204997491
407,1.6647369861602783,1188.495421424508,0.0,2407.1376953125,3558.0,10.125396171992179
408,1.5645098686218262,1087.7381658777595,0.0,2407.1376953125,3558.0,10.149216334990342
409,1.6352115869522095,933.7565960586071,0.0,2407.1376953125,3558.0,10.173067334995721
410,1.6508665084838867,1738.582662820816,0.0,2407.1376953125,3558.0,10.196902135998243
411,1.5127954483032227,1224.923724487424,0.0,2407.1376953125,3558.0,10.220713916001841
412,1.6655930280685425,1578.9567059576511,0.0,2407.1376953125,3558.0,10.24456063398975
413,1.5345985889434814,1143.2174636423588,0.0,2407.1376953125,3558.0,10.268523411999922
414,1.6102057695388794,1069.4234595447779,0.0,2407.1376953125,3558.0,10.292432071000803
415,1.4991092681884766,1510.7149595469236,0.0,2407.1376953125,3558.0,10.316363092992106
416,1.5653797388076782,1066.4783502817154,0.0,2407.1376953125,3558.0,10.340247788000852
417,1.492953896522522,1450.403647735715,0.0,2407.1376953125,3558.0,10.364026112991269
418,1.655892014503479,1240.675588697195,0.0,2407.1376953125,3558.0,10.387656192993745
419,1.602586269378662,1335.16680008173,0.0,2407.1376953125,3558.0,10.411518549997709
420,1.464084506034851,1159.5943254828453,0.0,2407.1376953125,3558.0,10.435315429000184
421,1.4083139896392822,1246.069312185049,0.0,2407.1376953125,3558.0,10.459037320993957
422,1.4161683320999146,1450.2221564278007,0.0,2407.1376953125,3558.0,10.483003299988923
423,1.3193527460098267,1034.3481931462884,0.0,2407.1376953125,3558.0,10.506840961999842
424,1.4789185523986816,1033.7064414322376,0.0,2407.1376953125,3558.0,10.53075273099239
425,1.3544927835464478,844.4558807164431,0.0,2407.1376953125,3558.0,10.554590478990576
426,1.4937164783477783,1157.4663501381874,0.0,2407.1376953125,3558.0,10.578322035988094
427,1.4455265998840332,966.53401735425,0.0,2407.1376953125,3558.0,10.60214581299806
428,1.5258612632751465,1345.707677602768,0.0,2407.1376953125,3558.0,10.625983434001682
429,1.6749695539474487,1083.0478939563036,0.0,2407.1376953125,3558.0,10.649782355991192
430,1.5785293579101562,1378.5161078423262,0.0,2407.1376953125,3558.0,10.67361384499236
431,1.6931331157684326,2033.9156703054905,0.0,2407.1376953125,3558.0,10.698086303993477
432,1.6004713773727417,1309.6753646805882,0.0,2407.1376953125,3558.0,10.721924300989485
433,1.6128793954849243,2457.8525556623936,0.0,2407.1376953125,3558.0,10.74569832898851
434,1.5899592638015747,1088.4449014142156,0.0,2407.1376953125,3558.0,10.769525700001395
435,1.565997838973999,1931.193575143814,0.0,2407.1376953125,3558.0,10.793334688991308
436,1.5150216817855835,1293.7088903933764,0.0,2407.1376953125,3558.0,10.817495020994102
437,2.047027111053467,1614.0810414552689,0.0,2407.1376953125,3558.0,10.841494260996114
438,1.49992835521698,1550.9466513320804,0.0,2407.1376953125,3558.0,10.865513655997347
439,1.7776046991348267,1080.1837361603975,0.0,2407.1376953125,3558.0,10.889112895994913
440,1.4726619720458984,1013.0145323351026,0.0,2407.1376953125,3558.0,10.913318274993799
441,1.4873462915420532,1093.2870251461864,0.0,2407.1376953125,3558.0,10.937085065001156
442,1.552687406539917,1367.602956354618,0.0,2407.1376953125,3558.0,10.960928026994225
443,1.4753769636154175,1704.8695019483566,0.0,2407.1376953125,3558.0,10.984685744988383
444,1.4307328462600708,1441.1147585213184,0.0,2407.1376953125,3558.0,11.008598774991697
445,1.404918909072876,1923.7642205506563,0.0,2407.1376953125,3558.0,11.032451687002322
446,1.7133989334106445,888.5586117655039,0.0,2407.1376953125,3558.0,11.056070032995194
447,1.353452444076538,1211.3685062080622,0.0,2407.1376953125,3558.0,11.079999790992588
448,1.7518870830535889,1550.8089514672756,0.0,2407.1376953125,3558.0,11.10383039599401
449,1.3106224536895752,1789.8256603330374,0.0,2407.1376953125,3558.0,11.12789411599806
450,1.278944730758667,1499.2237125337124,0.0,2407.1376953125,3558.0,11.15213274800044
451,1.4711276292800903,1629.2210782766342,0.0,2407.1376953125,3558.0,11.17625958599092
452,1.3726718425750732,1044.8434844464064,0.0,2407.1376953125,3558.0,11.200251754999044
453,1.5121906995773315,1403.1615374833345,0.0,2407.1376953125,3558.0,11.223945562000154
454,1.3016363382339478,1343.5604725852609,0.0,2407.1376953125,3558.0,11.247713785996893
455,1.6114741563796997,1137.0455363094807,0.0,2407.1376953125,3558.0,11.271632484989823
456,1.4559524059295654,1212.4038159698248,0.0,2407.1376953125,3558.0,11.295356238988461
457,1.337753415107727,1096.6055449545383,0.0,2407.1376953125,3558.0,11.319178031000774
458,1.435050129890442,1236.6235315203667,0.0,2407.1376953125,3558.0,11.343239406996872
459,1.405280590057373,1064.8762862756848,0.0,2407.1376953125,3558.0,11.367070501000853
460,1.0151686668395996,883.7326007336378,0.0,2407.1376953125,3558.0,11.390834129997529
461,1.3621234893798828,1530.5063942074776,0.0,2407.1376953125,3558.0,11.41455655900063
462,1.5166809558868408,1636.7381998747587,0.0,2407.1376953125,3558.0,11.438348764000693
463,1.2177461385726929,1183.8085255771875,0.0,2407.1376953125,3558.0,11.462188170989975
464,1.336212396621704,1190.4644728004932,0.0,2407.1376953125,3558.0,11.48584681499051
465,1.393865704536438,1456.9433856606483,0.0,2407.1376953125,3558.0,11.509631421999075
466,1.333223819732666,1665.0398610383272,0.0,2407.1376953125,3558.0,11.533291290994384
467,1.2116057872772217,1050.414159655571,0.0,2407.1376953125,3558.0,11.55725374899339
468,1.2874610424041748,2412.5206954479218,0.0,2407.1376953125,3558.0,11.581111061997944
469,1.1789478063583374,1142.294872224331,0.0,2407.1376953125,3558.0,11.604889120993903
470,1.1582094430923462,1167.9463987350464,0.0,2407.1376953125,3558.0,11.62872236999101
471,1.4734238386154175,1440.4766193926334,0.0,2407.1376953125,3558.0,11.652528109989362
472,1.3607831001281738,1329.4028714597225,0.0,2407.1376953125,3558.0,11.67626990500139
473,1.1454397439956665,1519.4998435080051,0.0,2407.1376953125,3558.0,11.70006674999604
474,1.4544727802276611,1390.7519753575325,0.0,2407.1376953125,3558.0,11.723719464993337
475,1.720133662223816,1260.9135094732046,0.0,2407.1376953125,3558.0,11.747461664999719
476,1.1687898635864258,1032.681898407638,0.0,2407.1376953125,3558.0,11.771535833002417
477,1.275675892829895,1336.5292817354202,0.0,2407.1376953125,3558.0,11.795389091988909
478,1.8529969453811646,997.6064001768827,0.0,2407.1376953125,3558.0,11.819506970990915
479,1.2734010219573975,1558.1967217475176,0.0,2407.1376953125,3558.0,11.843380138991051
480,1.250311255455017,1221.7793358266354,0.0,2407.1376953125,3558.0,11.867214876998332
481,1.121748685836792,1297.4740461558104,0.0,2407.1376953125,3558.0,11.890961358993081
482,1.2932798862457275,1056.2490284442902,0.0,2407.1376953125,3558.0,11.91471286599699
483,1.628888726234436,1403.646434277296,0.0,2407.1376953125,3558.0,11.938515243993606
484,1.1853151321411133,1039.1973280906677,0.0,2407.1376953125,3558.0,11.96241629299766
485,1.2281147241592407,1240.9864691793919,0.0,2407.1376953125,3558.0,11.986478598002577
486,1.182776927947998,1323.6993234455585,0.0,2407.1376953125,3558.0,12.010301750997314
487,1.2678862810134888,1353.5881697237492,0.0,2407.1376953125,3558.0,12.03404466700158
488,1.490827202796936,1296.056554324925,0.0,2407.1376953125,3558.0,12.05779566799174
489,1.073026180267334,1393.9625778198242,0.0,2407.1376953125,3558.0,12.081599806988379
490,1.4917901754379272,1271.0024506002665,0.0,2407.1376953125,3558.0,12.105518791999202
491,1.0805975198745728,1204.9090780317783,0.0,2407.1376953125,3558.0,12.129420826997375
492,1.1682827472686768,1160.1778301000595,0.0,2407.1376953125,3558.0,12.153241949999938
493,1.3383915424346924,1557.73333761096,0.0,2407.1376953125,3558.0,12.177106306990026
494,1.1195744276046753,1108.2856451645494,0.0,2407.1376953125,3558.0,12.201131569992867
495,1.9596350193023682,1676.5294716209173,0.0,2407.1376953125,3558.0,12.224871408994659
496,1.6510323286056519,2350.5011540204287,0.0,2407.1376953125,3558.0,12.248758614994586
497,1.5433975458145142,1364.6605607569218,0.0,2407.1376953125,3558.0,12.272580121993087
498,1.0473064184188843,1074.0913230925798,0.0,2407.1376953125,3558.0,12.296483243990224
499,1.510540246963501,1948.7220584005117,0.0,2407.1376953125,3558.0,12.320488339988515
500,1.7552199363708496,1576.0850858092308,0.0,2407.1376953125,3558.0,12.344387033997918
501,1.1962809562683105,1330.9624286293983,0.0,2407.1376953125,3558.0,12.368522744989605
502,1.125625491142273,1016.0322745293379,0.0,2407.1376953125,3558.0,12.392279160994804
503,1.2469995021820068,1489.8911920040846,0.0,2407.1376953125,3558.0,12.416600063996157
504,1.570315957069397,3551.7121887803078,0.0,2407.1376953125,3558.0,12.440510845990502
505,1.5114774703979492,1776.6319317817688,0.0,2407.1376953125,3558.0,12.464405734994216
506,1.15018630027771,1659.5842669308186,0.0,2407.1376953125,3558.0,12.488190231000772
507,1.323194980621338,1639.8053019940853,0.0,2407.1376953125,3558.0,12.512035305000609
508,1.5007414817810059,1649.7120344042778,0.0,2407.1376953125,3558.0,12.535778610996203
509,1.1359905004501343,1887.6315594017506,0.0,2407.1376953125,3558.0,12.559625123001751
510,1.8634928464889526,2411.929704129696,0.0,2407.1376953125,3558.0,12.583301612990908
511,1.6141817569732666,931.0097201615572,0.0,2407.1376953125,3558.0,12.607174296994344
512,1.3768118619918823,2153.4107565283775,0.0,2407.1376953125,3558.0,12.631357411999488
513,1.12660813331604,1849.8740421831608,0.0,2407.1376953125,3558.0,12.655040394995012
514,1.151167631149292,927.4599602818489,0.0,2407.1376953125,3558.0,12.678841822998947
515,1.5818380117416382,1235.06771492213,0.0,2407.1376953125,3558.0,12.702385886994307
516,1.3119122982025146,1488.5830808281898,0.0,2407.1376953125,3558.0,12.726323092996608
517,1.0283538103103638,971.521864965558,0.0,2407.1376953125,3558.0,12.75009491200035
518,1.4327845573425293,913.3395106866956,0.0,2407.1376953125,3558.0,12.773713488000794
519,1.2009029388427734,1484.8023879379034,0.0,2407.1376953125,3558.0,12.797617019998142
520,1.0146021842956543,1445.941246598959,0.0,2407.1376953125,3558.0,12.821570767991943
521,0.9574262499809265,871.6058626025915,0.0,2407.1376953125,3558.0,12.845908810995752
522,1.114420771598816,1420.0677814036608,0.0,2407.1376953125,3558.0,12.86970010199002
523,1.373896598815918,1243.4804007858038,0.0,2407.1376953125,3558.0,12.89357516799646
524,1.1124216318130493,1326.272094644606,0.0,2407.1376953125,3558.0,12.917718655997305
525,1.0402448177337646,1165.1088505238295,0.0,2407.1376953125,3558.0,12.94162253299146
526,1.3052891492843628,1165.9803698956966,0.0,2407.1376953125,3558.0,12.965527551990817
527,1.1243630647659302,1006.4215708300471,0.0,2407.1376953125,3558.0,12.989319967993652
528,1.1415189504623413,1360.3636310249567,0.0,2407.1376953125,3558.0,13.013026410990278
529,1.410906434059143,1584.5233695805073,0.0,2407.1376953125,3558.0,13.036763775002328
530,1.425916314125061,1468.380297780037,0.0,2407.1376953125,3558.0,13.060778129991377
531,1.4911830425262451,931.9818444848061,0.0,2407.1376953125,3558.0,13.084671231990797
532,1.2291430234909058,912.9794795289636,0.0,2407.1376953125,3558.0,13.108533751990763
533,1.7272145748138428,1336.1935871466994,0.0,2407.1376953125,3558.0,13.132357715992839
534,1.5491329431533813,1170.0149682983756,0.0,2407.1376953125,3558.0,13.156750344001921
535,0.9164320230484009,1113.5902521014214,0.0,2407.1376953125,3558.0,13.180792350001866
536,1.2888872623443604,977.6407863274217,0.0,2407.1376953125,3558.0,13.204547061992344
537,1.165777564048767,916.8277455791831,0.0,2407.1376953125,3558.0,13.228372115991078
538,1.0610336065292358,923.5018708258867,0.0,2407.1376953125,3558.0,13.252099288001773
539,1.2327756881713867,1999.3882748633623,0.0,2407.1376953125,3558.0,13.276061334996484
540,1.2909553050994873,1479.903349429369,0.0,2407.1376953125,3558.0,13.299823118999484
541,1.0294798612594604,1010.872010320425,0.0,2407.1376953125,3558.0,13.324018530998728
542,1.0658637285232544,1018.1246342584491,0.0,2407.1376953125,3558.0,13.34790118598903
543,1.0527256727218628,1228.0054641142488,0.0,2407.1376953125,3558.0,13.371787531999871
544,1.137762427330017,1480.608463048935,0.0,2407.1376953125,3558.0,13.395487860994763
545,1.3781064748764038,1334.085441276431,0.0,2407.1376953125,3558.0,13.419215160000022
546,1.3891034126281738,1413.346916794777,0.0,2407.1376953125,3558.0,13.442887483994127
547,1.2155770063400269,1493.019418783486,0.0,2407.1376953125,3558.0,13.466642116996809
548,1.1181278228759766,1081.1055446565151,0.0,2407.1376953125,3558.0,13.49057901899505
549,1.376389741897583,980.3156754747033,0.0,2407.1376953125,3558.0,13.514373478989
550,1.0926647186279297,1380.4094177484512,0.0,2407.1376953125,3558.0,13.53813610499492
551,1.126228928565979,1222.2157985195518,0.0,2407.1376953125,3558.0,13.561984404994291
552,1.1949511766433716,1016.8502297699451,0.0,2407.1376953125,3558.0,13.585739542002557
553,1.0680756568908691,1143.0875647515059,0.0,2407.1376953125,3558.0,13.609581815995625
554,1.2487934827804565,1222.4313064217567,0.0,2407.1376953125,3558.0,13.633415845994023
555,1.3879774808883667,1599.7497323453426,0.0,2407.1376953125,3558.0,13.657120238000061
556,1.6715322732925415,1712.1343711614609,0.0,2407.1376953125,3558.0,13.680978196993237
557,1.32869553565979,1853.4359262883663,0.0,2407.1376953125,3558.0,13.705140260994085
558,1.712117075920105,994.2052060514688,0.0,2407.1376953125,3558.0,13.729053770992323
559,1.0495444536209106,1197.64463160187,0.0,2407.1376953125,3558.0,13.752941920989542
560,1.0574077367782593,874.8343636915088,0.0,2407.1376953125,3558.0,13.776716255000792
561,1.1279404163360596,1781.167448207736,0.0,2407.1376953125,3558.0,13.800457271994674
562,1.2793995141983032,1207.0537356734276,0.0,2407.1376953125,3558.0,13.824638930993387
563,1.0236707925796509,1411.9163412302732,0.0,2407.1376953125,3558.0,13.848496806996991
564,1.0726666450500488,1548.3609206080437,0.0,2407.1376953125,3558.0,13.872338339991984
565,1.1132723093032837,976.012185625732,0.0,2407.1376953125,3558.0,13.896295357990311
566,0.9329771995544434,969.7421942576766,0.0,2407.1376953125,3558.0,13.920379093993688
567,1.0805939435958862,1409.4576194137335,0.0,2407.1376953125,3558.0,13.944233984992024
568,1.0240892171859741,1047.83610098809,0.0,2407.1376953125,3558.0,13.968086937995395
569,1.5420364141464233,1989.9833022207022,0.0,2407.1376953125,3558.0,13.991694926997297
570,0.9436322450637817,917.136214017868,0.0,2407.1376953125,3558.0,14.015557787992293
571,1.0579839944839478,1642.141171053052,0.0,2407.1376953125,3558.0,14.039375950000249
572,0.8913289904594421,816.3726024627686,0.0,2407.1376953125,3558.0,14.06322418799391
573,1.0770044326782227,1006.3153455704451,0.0,2407.1376953125,3558.0,14.087011914991308
574,1.009879469871521,1374.8895381689072,0.0,2407.1376953125,3558.0,14.11073617899092
575,1.4153825044631958,805.7619722858071,0.0,2407.1376953125,3558.0,14.134876218988211
576,1.6516355276107788,865.5990987867117,0.0,2407.1376953125,3562.0,14.158706221991451
577,1.1845906972885132,1223.0139529705048,0.0,2407.1376953125,3562.0,14.182468997998512
578,1.0356982946395874,1160.7664263024926,0.0,2407.1376953125,3562.0,14.206334941991372
579,1.1479902267456055,1008.7688440233469,0.0,2407.1376953125,3562.0,14.23016567400191
580,1.2268491983413696,1649.7702100872993,0.0,2407.1376953125,3562.0,14.253938668000046
581,1.1632435321807861,1007.6757218614221,0.0,2407.1376953125,3562.0,14.277790982989245
582,1.0626981258392334,1972.6604817509651,0.0,2407.1376953125,3562.0,14.301677638999536
583,1.0968225002288818,953.4124040454626,0.0,2407.1376953125,3562.0,14.32559448799293
584,1.6661365032196045,1267.108964473009,0.0,2407.1376953125,3562.0,14.349916658989969
585,1.2373725175857544,2106.32223713398,0.0,2407.1376953125,3562.0,14.373786429001484
586,0.9583612084388733,1049.262749671936,0.0,2407.1376953125,3562.0,14.397592898996663
587,1.2111963033676147,1087.1152570694685,0.0,2407.1376953125,3562.0,14.421573351995903
588,1.2820717096328735,1525.3141713738441,0.0,2407.1376953125,3562.0,14.445389336993685
589,1.3451519012451172,1548.3603929281235,0.0,2407.1376953125,3562.0,14.46925056699547
590,1.0814405679702759,1213.6312420889735,0.0,2407.1376953125,3562.0,14.493074048994458
591,0.9274147748947144,1349.306201517582,0.0,2407.1376953125,3562.0,14.516949734999798
592,1.3618123531341553,1483.0629002153873,0.0,2407.1376953125,3562.0,14.540623586988659
593,0.8570767641067505,899.9603713899851,0.0,2407.1376953125,3562.0,14.564774209997267
594,0.9744819402694702,1207.625260464847,0.0,2407.1376953125,3562.0,14.588575051995576
595,1.0718069076538086,1162.402129098773,0.0,2407.1376953125,3562.0,14.612292926001828
596,1.6126402616500854,1228.5040506273508,0.0,2407.1376953125,3562.0,14.636215912993066
597,1.1387606859207153,1692.9676154106855,0.0,2407.1376953125,3562.0,14.66006792699045
598,1.2562228441238403,1310.7814301922917,0.0,2407.1376953125,3562.0,14.683750108000822
599,1.1352729797363281,898.066908955574,0.0,2407.1376953125,3562.0,14.707649641000899
600,0.9675254821777344,1650.8379155546427,0.0,2407.1376953125,3562.0,14.731483176001348
601,0.842459499835968,1065.9418842867017,0.0,2407.1376953125,3562.0,14.755519603000721
602,1.0858834981918335,1158.974226422608,0.0,2407.1376953125,3562.0,14.779733411996858
603,1.02957022190094,1283.9852035716176,0.0,2407.1376953125,3562.0,14.80374082698836
604,1.145426630973816,1293.3080375790596,0.0,2407.1376953125,3562.0,14.827945596000063
605,1.220720887184143,1736.9525175988674,0.0,2407.1376953125,3562.0,14.851787438994506
606,1.1828027963638306,684.1883429586887,0.0,2407.1376953125,3562.0,14.87536178198934
607,1.0668272972106934,1161.8708917349577,0.0,2407.1376953125,3562.0,14.899174302991014
608,1.437869668006897,798.5705135986209,0.0,2407.1376953125,3562.0,14.922901650992571
609,0.9586322903633118,1511.606690198183,0.0,2407.1376953125,3562.0,14.946611866995227
610,1.1224229335784912,843.5916004180908,0.0,2407.1376953125,3562.0,14.970427106993156
611,1.0607484579086304,1240.6628454327583,0.0,2407.1376953125,3562.0,14.994462481001392
612,1.1592133045196533,858.5870363414288,0.0,2407.1376953125,3562.0,15.018024384989985
613,0.8976442813873291,913.0298853814602,0.0,2407.1376953125,3562.0,15.041775363992201
614,1.016201138496399,1539.7944136932492,0.0,2407.1376953125,3562.0,15.065540292998776
615,1.2060163021087646,1697.3473724722862,0.0,2407.1376953125,3562.0,15.089395741990302
616,1.1262106895446777,1233.4566071629524,0.0,2407.1376953125,3562.0,15.113125224990654
617,0.9972165822982788,1869.5601796507835,0.0,2407.1376953125,3562.0,15.136924760998227
618,1.1111811399459839,1182.541308581829,0.0,2407.1376953125,3562.0,15.161365890991874
619,1.2640432119369507,1108.8680794239044,0.0,2407.1376953125,3562.0,15.185328132996801
620,1.1026642322540283,1224.2203273028135,0.0,2407.1376953125,3562.0,15.209389982992434
621,0.8793205618858337,1303.2572431862354,0.0,2407.1376953125,3562.0,15.233149214996956
622,0.8683295845985413,986.7276498898864,0.0,2407.1376953125,3562.0,15.256919792998815
623,0.8521662354469299,1061.992806866765,0.0,2407.1376953125,3562.0,15.28074445099628
624,1.1010518074035645,1232.2802778035402,0.0,2407.1376953125,3562.0,15.30454290099442
625,1.004685401916504,1098.0680857673287,0.0,2407.1376953125,3562.0,15.32860945200082
626,1.1399022340774536,1181.4362868070602,0.0,2407.1376953125,3562.0,15.3529671629949
627,1.1026233434677124,1008.6460601165891,0.0,2407.1376953125,3562.0,15.376798448996851
628,1.1119922399520874,919.8760155886412,0.0,2407.1376953125,3562.0,15.400311135992524
629,0.9193307161331177,1323.5239530950785,0.0,2407.1376953125,3562.0,15.424446390999947
630,0.8629518747329712,767.689104616642,0.0,2407.1376953125,3562.0,15.448187374000554
631,1.1217782497406006,1197.7457325160503,0.0,2407.1376953125,3562.0,15.47196015199006
632,0.8713261485099792,1309.5545823127031,0.0,2407.1376953125,3562.0,15.49566342199978
633,0.9086993932723999,1781.8352685272694,0.0,2407.1376953125,3562.0,15.51951935699617
634,1.0088258981704712,1301.4657395780087,0.0,2407.1376953125,3562.0,15.543156799001736
635,0.8905730843544006,1192.809117808938,0.0,2407.1376953125,3562.0,15.56702886999119
636,1.6941596269607544,1474.9314477145672,0.0,2407.1376953125,3562.0,15.590857567993226
637,1.1375675201416016,959.904634848237,0.0,2407.1376953125,3562.0,15.61467754599289
638,1.0872344970703125,1015.7907140851021,0.0,2407.1376953125,3562.0,15.638707409001654
639,0.9363079071044922,1089.8527244627476,0.0,2407.1376953125,3562.0,15.6624352959916
640,1.1630386114120483,1018.8865961283445,0.0,2407.1376953125,3562.0,15.686111777002225
641,0.7953502535820007,1392.407360598445,0.0,2407.1376953125,3562.0,15.70989153899427
642,1.0378707647323608,825.7720397561789,0.0,2407.1376953125,3562.0,15.733703548001358
643,1.2322214841842651,1514.4472338706255,0.0,2407.1376953125,3562.0,15.757513315998949
644,1.826382040977478,1008.59805727005,0.0,2407.1376953125,3562.0,15.781362417998025
645,0.9146831631660461,831.7253041379154,0.0,2407.1376953125,3562.0,15.805236943997443
646,0.8451821208000183,736.8746675550938,0.0,2407.1376953125,3562.0,15.829189600000973
647,0.814943790435791,949.5697787031531,0.0,2407.1376953125,3562.0,15.85363431800215
648,1.010581612586975,1443.0173395872116,0.0,2407.1376953125,3562.0,15.87747032698826
649,1.1311609745025635,746.24142152071,0.0,2407.1376953125,3562.0,15.901023782993434
650,1.0489153861999512,824.0261901915073,0.0,2407.1376953125,3562.0,15.924884481995832
651,0.9432404041290283,1690.9545219540596,0.0,2407.1376953125,3562.0,15.948674769999343
652,0.8868399858474731,947.5488132685423,0.0,2407.1376953125,3562.0,15.972554826992564
653,0.9318101406097412,1172.9125620871782,0.0,2407.1376953125,3562.0,15.996296051991521
654,1.0178287029266357,1803.6473569273949,0.0,2407.1376953125,3562.0,16.020010312990053
655,1.0129531621932983,1359.8253104910254,0.0,2407.1376953125,3562.0,16.043775953992736
656,1.2391676902770996,1406.710423976183,0.0,2407.1376953125,3562.0,16.067602169001475
657,0.6928044557571411,1052.7447150945663,0.0,2407.1376953125,3562.0,16.09144990099594
658,1.0217169523239136,1293.8568577766418,0.0,2407.1376953125,3562.0,16.115280503989197
659,0.9138939380645752,818.2513696476817,0.0,2407.1376953125,3562.0,16.139144230997772
660,0.9672765135765076,1437.8596000671387,0.0,2407.1376953125,3562.0,16.16304800499347
661,0.9271975159645081,1413.0044672638178,0.0,2407.1376953125,3562.0,16.186809781997
662,0.9313436150550842,766.2737304717302,0.0,2407.1376953125,3562.0,16.210689214000013
663,0.9557589292526245,1498.4615089297295,0.0,2407.1376953125,3562.0,16.234486791989184
664,1.1314719915390015,1490.304918318987,0.0,2407.1376953125,3562.0,16.258287037999253
665,0.7716936469078064,1020.17306612432,0.0,2407.1376953125,3562.0,16.282280137995258
666,0.8874870538711548,862.4404406473041,0.0,2407.1376953125,3562.0,16.306115411993233
667,0.8831705451011658,791.0493170246482,0.0,2407.1376953125,3562.0,16.33015676798823
668,1.4241364002227783,1746.8686906546354,0.0,2407.1376953125,3562.0,16.353954172998783
669,0.7898831367492676,1161.6617810353637,0.0,2407.1376953125,3562.0,16.377738914001384
670,0.9060896039009094,849.536921814084,0.0,2407.1376953125,3562.0,16.401565053995
671,0.7645561695098877,910.1875210553408,0.0,2407.1376953125,3562.0,16.425365559000056
672,0.9074728488922119,1198.8857529759407,0.0,2407.1376953125,3562.0,16.44912310599466
673,0.891019880771637,1275.6863490492105,0.0,2407.1376953125,3562.0,16.47279415099183
674,0.8293185234069824,1079.3231576383114,0.0,2407.1376953125,3562.0,16.496724740994978
675,0.7491333484649658,1148.9636034071445,0.0,2407.1376953125,3562.0,16.520513990995823
676,0.8365534543991089,1178.3978453278542,0.0,2407.1376953125,3562.0,16.544302159993094
677,0.7717644572257996,693.542733348906,0.0,2407.1376953125,3562.0,16.568274876990472
678,0.8856751322746277,1367.9392884522676,0.0,2407.1376953125,3562.0,16.592083033989184
679,0.836311399936676,920.9125022143126,0.0,2407.1376953125,3562.0,16.615902431993163
680,1.0039669275283813,1108.3303369879723,0.0,2407.1376953125,3562.0,16.639736191995325
681,1.0892114639282227,1359.883263707161,0.0,2407.1376953125,3562.0,16.663499747999595
682,0.8170455694198608,972.3531759753823,0.0,2407.1376953125,3562.0,16.68726846500067
683,0.9857924580574036,919.5249405354261,0.0,2407.1376953125,3562.0,16.71159596799407
684,0.8867815732955933,1238.367035150528,0.0,2407.1376953125,3562.0,16.7354058209894
685,0.8077002763748169,957.3857784643769,0.0,2407.1376953125,3562.0,16.75894033399527
686,0.7325153350830078,1153.905135795474,0.0,2407.1376953125,3562.0,16.78278806200251
687,0.7485718131065369,693.1233267113566,0.0,2407.1376953125,3562.0,16.806645705990377
688,0.9979444146156311,805.2162339165807,0.0,2407.1376953125,3562.0,16.83069790499576
689,0.8560594916343689,731.3964928686619,0.0,2407.1376953125,3562.0,16.85484574799193
690,0.9858389496803284,1320.6856886297464,0.0,2407.1376953125,3562.0,16.87855010900239
691,0.9116973876953125,872.9575194716454,0.0,2407.1376953125,3562.0,16.90227186899574
692,1.4549576044082642,1208.543335288763,0.0,2407.1376953125,3562.0,16.926497830994776
693,0.8583224415779114,821.2088028341532,0.0,2407.1376953125,3562.0,16.950313503999496
694,0.7634173035621643,766.2608686834574,0.0,2407.1376953125,3562.0,16.974110294991988
695,1.1209076642990112,715.2858717143536,0.0,2407.1376953125,3562.0,16.997899123991374
696,1.0420200824737549,973.0418931096792,0.0,2407.1376953125,3562.0,17.021576125000138
697,1.0290428400039673,1056.9810907691717,0.0,2407.1376953125,3562.0,17.04549072300142
698,0.9867045283317566,1153.480906277895,0.0,2407.1376953125,3562.0,17.069401877990458
699,1.0012708902359009,1285.487118974328,0.0,2407.1376953125,3562.0,17.093182698998135
700,1.0297722816467285,645.9445716030896,0.0,2407.1376953125,3562.0,17.117028312990442
701,0.7246222496032715,697.2208294942975,0.0,2407.1376953125,3562.0,17.14162982199923
702,0.8436160683631897,810.497705027461,0.0,2407.1376953125,3562.0,17.166321585988044
703,0.8327344655990601,725.4200289398432,0.0,2407.1376953125,3562.0,17.190284634998534
704,0.8112197518348694,1032.1927259415388,0.0,2407.1376953125,3562.0,17.21452784498979
705,1.0276111364364624,855.0303688272834,0.0,2407.1376953125,3562.0,17.23844783200184
706,0.677421510219574,739.7380542084575,0.0,2407.1376953125,3562.0,17.262311981990933
707,0.7760484218597412,922.2485262230039,0.0,2407.1376953125,3562.0,17.286074245988857
708,1.1975733041763306,826.0816695690155,0.0,2407.1376953125,3562.0,17.309858062988496
709,0.8382086753845215,1037.651893645525,0.0,2407.1376953125,3562.0,17.333796576000168
710,0.6716057658195496,1318.709194302559,0.0,2407.1376953125,3562.0,17.358067287001177
711,0.6812027096748352,1026.371288985014,0.0,2407.1376953125,3562.0,17.381853084996692
712,1.1769890785217285,1129.725993514061,0.0,2407.1376953125,3562.0,17.40568032900046
713,0.9039614796638489,1026.0235912203789,0.0,2407.1376953125,3562.0,17.429504372994415
714,1.0905921459197998,1181.9054520726204,0.0,2407.1376953125,3562.0,17.453319743988686
715,0.6966137886047363,1230.3636139184237,0.0,2407.1376953125,3562.0,17.477030042995466
716,0.836671769618988,1176.2555771321058,0.0,2407.1376953125,3562.0,17.50075215299148
717,0.8351094126701355,876.1429890543222,0.0,2407.1376953125,3562.0,17.5245255829941
718,1.0532474517822266,1902.6527970433235,0.0,2407.1376953125,3562.0,17.548319394991267
719,0.7721235752105713,1295.3221574276686,0.0,2407.1376953125,3562.0,17.572316854988458
720,0.787010133266449,745.5495826900005,0.0,2407.1376953125,3562.0,17.595987362001324
721,0.6995022892951965,824.4291816577315,0.0,2407.1376953125,3562.0,17.619857421988854
722,0.9646458029747009,1987.9079266488552,0.0,2407.1376953125,3562.0,17.64369444300246
723,0.8216519355773926,640.1061077490449,0.0,2407.1376953125,3562.0,17.667630623996956
724,1.270251989364624,1190.7660225331783,0.0,2407.1376953125,3562.0,17.6914488219918
725,1.1879843473434448,1399.6272465139627,0.0,2407.1376953125,3562.0,17.715366036994965
726,0.8724777102470398,1293.186002701521,0.0,2407.1376953125,3562.0,17.739251943989075
727,1.4326564073562622,1274.9632348120213,0.0,2407.1376953125,3562.0,17.763132705993485
728,0.9206930994987488,850.5521069318056,0.0,2407.1376953125,3562.0,17.787193752999883
729,0.9450579285621643,1288.188191741705,0.0,2407.1376953125,3562.0,17.811109935995773
730,0.8221952319145203,1403.430797547102,0.0,2407.1376953125,3562.0,17.835025840991875
731,0.9098047614097595,1181.3669520169497,0.0,2407.1376953125,3562.0,17.8589460249932
732,0.8788738250732422,884.0498994737864,0.0,2407.1376953125,3562.0,17.882685070988373
733,1.0437811613082886,719.6126285940409,0.0,2407.1376953125,3562.0,17.906255452995538
734,0.9971177577972412,1156.454737789929,0.0,2407.1376953125,3562.0,17.930219893998583
735,0.9638344645500183,965.3856893330812,0.0,2407.1376953125,3562.0,17.954049129999476
736,0.7548992037773132,747.312328286469,0.0,2407.1376953125,3562.0,17.977851168994675
737,0.6686943173408508,593.9569281227887,0.0,2407.1376953125,3562.0,18.001787585992133
738,1.0112327337265015,915.5809846743941,0.0,2407.1376953125,3562.0,18.025613784993766
739,0.8974220156669617,862.5750273019075,0.0,2407.1376953125,3562.0,18.049221895998926
740,0.7443099021911621,881.6024486795068,0.0,2407.1376953125,3562.0,18.07310255599441
741,0.8734392523765564,1132.6920656114817,0.0,2407.1376953125,3562.0,18.096819799000514
742,0.6918529868125916,905.5261790305376,0.0,2407.1376953125,3562.0,18.12074223200034
743,0.6239835023880005,831.676089823246,0.0,2407.1376953125,3562.0,18.14457440499973
744,0.7352812886238098,726.2532510533929,0.0,2407.1376953125,3562.0,18.168421661001048
745,0.863545835018158,906.1404236257076,0.0,2407.1376953125,3562.0,18.192301610994036
746,0.7400103211402893,1259.88328589499,0.0,2407.1376953125,3562.0,18.216435320995515
747,0.7263072729110718,933.2902372777462,0.0,2407.1376953125,3562.0,18.24031956298859
748,0.6785657405853271,921.9526661559939,0.0,2407.1376953125,3562.0,18.264093890989898
749,0.9212942123413086,1313.5931101292372,0.0,2407.1376953125,3562.0,18.28794015699532
750,0.9305888414382935,898.4787470698357,0.0,2407.1376953125,3562.0,18.31156064599054
751,0.7274353504180908,976.3678397461772,0.0,2407.1376953125,3562.0,18.335544474990456
752,0.8509117960929871,829.2383353412151,0.0,2407.1376953125,3562.0,18.359350755999913
753,0.5637635588645935,635.883391674608,0.0,2407.1376953125,3562.0,18.38318266099668
754,0.6713195443153381,1242.2102113962173,0.0,2407.1376953125,3562.0,18.406988413989893
755,0.8683358430862427,875.505085542798,0.0,2407.1376953125,3562.0,18.431071339990012
756,0.7029950618743896,1075.1658396720886,0.0,2407.1376953125,3562.0,18.454837808996672
757,0.5477600693702698,790.6004338264465,0.0,2407.1376953125,3562.0,18.478658159001498
758,1.340462327003479,1010.7445223852992,0.0,2407.1376953125,3562.0,18.502397450996796
759,0.8594512343406677,1059.2098910585046,0.0,2407.1376953125,3562.0,18.5261009800015
760,0.8226861357688904,1301.7424260377884,0.0,2407.1376953125,3562.0,18.54987916800019
761,0.9140183925628662,1805.9273765981197,0.0,2407.1376953125,3562.0,18.573652006001794
762,0.8187381029129028,907.8820910230279,0.0,2407.1376953125,3562.0,18.597303638001904
763,0.6245844960212708,688.1305813640356,0.0,2407.1376953125,3562.0,18.62123574699217
764,0.6732551455497742,778.9726431667805,0.0,2407.1376953125,3562.0,18.645331546998932
765,0.7256496548652649,1251.9715272784233,0.0,2407.1376953125,3562.0,18.669285926996963
766,1.0681287050247192,1086.757480353117,0.0,2407.1376953125,3562.0,18.69305946599343
767,0.8936107754707336,1042.6564909666777,0.0,2407.1376953125,3562.0,18.716773685999215
768,0.6741224527359009,918.5160388275981,0.0,2407.1376953125,3562.0,18.74055606899492
769,1.030670404434204,607.7035824134946,0.0,2407.1376953125,3562.0,18.76430962399172
770,1.0932756662368774,1157.3929376900196,0.0,2407.1376953125,3562.0,18.788233543993556
771,0.6715322136878967,719.4584141373634,0.0,2407.1376953125,3562.0,18.812121949988068
772,0.8963223695755005,1163.4716954529285,0.0,2407.1376953125,3562.0,18.836258069000905
773,0.7227141857147217,696.6180593147874,0.0,2407.1376953125,3562.0,18.8605099869892
774,1.0627460479736328,1205.860624819994,0.0,2407.1376953125,3562.0,18.8843476389884
775,1.2108306884765625,824.1308124959469,0.0,2407.1376953125,3562.0,18.90817071100173
776,0.8172512650489807,993.1556450426579,0.0,2407.1376953125,3562.0,18.932131187000778
777,0.8222614526748657,1036.026274472475,0.0,2407.1376953125,3562.0,18.955947957001626
778,0.7840738296508789,873.2846118062735,0.0,2407.1376953125,3562.0,18.97969447399373
779,0.886560320854187,907.979843467474,0.0,2407.1376953125,3562.0,19.0034683989943
780,0.6673892736434937,958.2849555015564,0.0,2407.1376953125,3562.0,19.027301187001285
781,0.7099202871322632,1099.1842563897371,0.0,2407.1376953125,3562.0,19.051100766999298
782,0.6919156908988953,991.8406424969435,0.0,2407.1376953125,3562.0,19.07532406199607
783,0.5821961760520935,681.7640840113163,0.0,2407.1376953125,3562.0,19.099130003000028
784,0.6352220177650452,656.6633534058928,0.0,2407.1376953125,3562.0,19.12302121600078
785,0.7324549555778503,1062.2621583715081,0.0,2407.1376953125,3562.0,19.14715646499826
786,0.9883010983467102,666.1064612679183,0.0,2407.1376953125,3562.0,19.171121585997753
787,1.0008482933044434,1054.9072149023414,0.0,2407.1376953125,3562.0,19.195041735991254
788,1.341963291168213,912.8072119727731,0.0,2407.1376953125,3562.0,19.21889501500118
789,0.8144506812095642,986.392190143466,0.0,2407.1376953125,3562.0,19.242629624000983
790,1.2871698141098022,1960.266339570284,0.0,2407.1376953125,3562.0,19.266421116000856
791,0.6309969425201416,634.7669309228659,0.0,2407.1376953125,3562.0,19.290430295994156
792,1.3341599702835083,1505.057469919324,0.0,2407.1376953125,3562.0,19.314274402000592
793,0.753778874874115,1256.5489676743746,0.0,2407.1376953125,3562.0,19.338179040991236
794,0.7578848004341125,807.5329106748104,0.0,2407.1376953125,3562.0,19.362106775995926
795,0.6109225153923035,506.77292227,0.0,2407.1376953125,3562.0,19.38591857899155
796,0.858178973197937,1191.674903512001,0.0,2407.1376953125,3562.0,19.40972186200088
797,1.0503125190734863,1125.4068753868341,0.0,2407.1376953125,3562.0,19.43365130199527
798,0.7373082041740417,918.3606308288872,0.0,2407.1376953125,3562.0,19.45756217399321
799,0.8009646534919739,696.6803907230496,0.0,2407.1376953125,3562.0,19.4813316679938
800,0.6606259942054749,682.008487932384,0.0,2407.1376953125,3562.0,19.505410059995484
801,0.9685817956924438,1150.3753085657954,0.0,2407.1376953125,3562.0,19.5295422939962
802,1.1620404720306396,939.8436517938972,0.0,2407.1376953125,3562.0,19.553146002988797
803,0.8006577491760254,738.0426760613918,0.0,2407.1376953125,3562.0,19.576981167992926
804,0.6976708769798279,822.9714562743902,0.0,2407.1376953125,3562.0,19.600855589000275
805,0.8081047534942627,1193.8123942315578,0.0,2407.1376953125,3562.0,19.6246570229996
806,0.7097649574279785,999.5186704993248,0.0,2407.1376953125,3562.0,19.64840181398904
807,1.044098138809204,918.7455425485969,0.0,2407.1376953125,3562.0,19.672351708999486
808,0.6340606808662415,1295.1804623007774,0.0,2407.1376953125,3562.0,19.696154206001665
809,0.7211413979530334,939.1117305979133,0.0,2407.1376953125,3562.0,19.720159051998053
810,0.706356406211853,748.3055822849274,0.0,2407.1376953125,3562.0,19.743955961996107
811,0.8905508518218994,814.0835394635797,0.0,2407.1376953125,3562.0,19.76779366999108
812,0.7318403720855713,645.6251560077071,0.0,2407.1376953125,3562.0,19.791614923000452
813,0.692384660243988,643.4589651226997,0.0,2407.1376953125,3562.0,19.815377811988583
814,0.5608611106872559,584.067347317934,0.0,2407.1376953125,3562.0,19.83942399699299
815,0.734182596206665,790.3349844440818,0.0,2407.1376953125,3562.0,19.863308487998438
816,0.9543309211730957,992.3091781884432,0.0,2407.1376953125,3562.0,19.887139418991865
817,0.6749455332756042,1264.2332329452038,0.0,2407.1376953125,3562.0,19.910920508002164
818,0.6169490218162537,652.8532266169786,0.0,2407.1376953125,3562.0,19.934979914993164
819,0.7942987680435181,877.0528816133738,0.0,2407.1376953125,3562.0,19.958589755988214
820,0.7326403260231018,846.0940280333161,0.0,2407.1376953125,3562.0,19.982326179000665
821,0.717301070690155,814.5860746353865,0.0,2407.1376953125,3562.0,20.006052972996258
822,0.7594777345657349,734.044952750206,0.0,2407.1376953125,3562.0,20.02995260899479
823,0.8788853883743286,820.0933181717992,0.0,2407.1376953125,3562.0,20.053763160991366
824,0.8068886399269104,900.7833804488182,0.0,2407.1376953125,3562.0,20.077637754991883
825,0.7447423934936523,1365.377736017108,0.0,2407.1376953125,3562.0,20.101424740991206
826,0.6785751581192017,771.5621707588434,0.0,2407.1376953125,3562.0,20.125377363001462
827,0.6916061043739319,711.9695958569646,0.0,2407.1376953125,3562.0,20.149486283989972
828,0.6084585189819336,558.2047043517232,0.0,2407.1376953125,3562.0,20.17331084299076
829,0.8225274682044983,1589.2525980174541,0.0,2407.1376953125,3562.0,20.1970222099917
830,1.029687762260437,1093.6999945417047,0.0,2407.1376953125,3562.0,20.220959641999798
831,0.7097808122634888,847.7771740853786,0.0,2407.1376953125,3562.0,20.244489411998075
832,0.48926377296447754,549.671906363219,0.0,2407.1376953125,3562.0,20.268381560992566
833,1.392663836479187,956.4013957679272,0.0,2407.1376953125,3562.0,20.291987342992797
834,1.0470399856567383,1090.9443845003843,0.0,2407.1376953125,3562.0,20.315848622994963
835,0.7875704765319824,781.0738049298525,0.0,2407.1376953125,3562.0,20.339824768991093
836,0.6945698857307434,632.8126017525792,0.0,2407.1376953125,3562.0,20.363923555996735
837,1.0915206670761108,1060.8670521304011,0.0,2407.1376953125,3562.0,20.387712133990135
838,0.7972751259803772,1107.539546199143,0.0,2407.1376953125,3562.0,20.411380758989253
839,0.6589348316192627,1072.2562147676945,0.0,2407.1376953125,3562.0,20.43520774799981
840,0.9969310164451599,977.4347626715899,0.0,2407.1376953125,3562.0,20.459119407998514
841,1.093044400215149,936.262805968523,0.0,2407.1376953125,3562.0,20.48307909000141
842,0.8616030812263489,736.0215551815927,0.0,2407.1376953125,3562.0,20.506926822999958
843,0.6672430038452148,899.0806431025267,0.0,2407.1376953125,3562.0,20.53067408700008
844,0.7074514627456665,1168.5681323558092,0.0,2407.1376953125,3562.0,20.55445623199921
845,1.0730769634246826,558.5138283595443,0.0,2407.1376953125,3562.0,20.578270142999827
846,0.7114080786705017,653.9840972721577,0.0,2407.1376953125,3562.0,20.60209582898824
847,0.5897585153579712,620.2403657734394,0.0,2407.1376953125,3562.0,20.62591911898926
848,0.6375181078910828,932.1975095421076,0.0,2407.1376953125,3562.0,20.649802898988128
849,0.6563368439674377,727.0798892825842,0.0,2407.1376953125,3562.0,20.673638403997757
850,1.057222604751587,729.2105469554663,0.0,2407.1376953125,3562.0,20.69749584599049
851,0.6084966659545898,871.2692028582096,0.0,2407.1376953125,3562.0,20.721407860997715
852,0.6268970370292664,748.6306162923574,0.0,2407.1376953125,3562.0,20.74510038799781
853,1.2472096681594849,848.1441335082054,0.0,2407.1376953125,3562.0,20.768927680997876
854,1.319248080253601,692.2421107627451,0.0,2407.1376953125,3562.0,20.792815433989745
855,0.8102144598960876,1044.568075850606,0.0,2407.1376953125,3562.0,20.816753092993167
856,0.7507829070091248,621.9828151203692,0.0,2407.1376953125,3562.0,20.840943163988413
857,0.5827686786651611,664.1310612261295,0.0,2407.1376953125,3562.0,20.864983200997813
858,0.6356680393218994,736.8351315110922,0.0,2407.1376953125,3562.0,20.888787646996207
859,0.9450954794883728,975.1932780146599,0.0,2407.1376953125,3562.0,20.912614982997184
860,0.9863249659538269,880.238617092371,0.0,2407.1376953125,3562.0,20.937043845988228
861,0.6877549290657043,894.3865826874971,0.0,2407.1376953125,3562.0,20.960930203000316
862,0.6840773224830627,587.7586917430162,0.0,2407.1376953125,3562.0,20.984765497996705
863,0.6782181262969971,1107.3074657469988,0.0,2407.1376953125,3562.0,21.008873086990207
864,1.0563440322875977,812.8353789299726,0.0,2407.1376953125,3562.0,21.032666262995917
865,0.6110365390777588,633.0256305485964,0.0,2407.1376953125,3562.0,21.0564508009993
866,1.099709391593933,820.7075799703598,0.0,2407.1376953125,3562.0,21.080369545990834
867,0.5952694416046143,796.6322268843651,0.0,2407.1376953125,3562.0,21.104220515000634
868,0.6812782287597656,685.9025178700686,0.0,2407.1376953125,3562.0,21.128075596992858
869,0.7498059272766113,767.5458353161812,0.0,2407.1376953125,3562.0,21.152478567993967
870,0.8278093934059143,860.86094661057,0.0,2407.1376953125,3562.0,21.176436665991787
871,0.541294276714325,584.2984961718321,0.0,2407.1376953125,3562.0,21.200322706994484
872,0.6450958847999573,793.1118813455105,0.0,2407.1376953125,3562.0,21.224426884989953
873,0.8742684721946716,905.6016493588686,0.0,2407.1376953125,3562.0,21.248192147992086
874,0.5892491340637207,792.1226093396544,0.0,2407.1376953125,3562.0,21.2720208009996
875,0.41322818398475647,547.4197802394629,0.0,2407.1376953125,3562.0,21.295900056997198
876,0.7949810028076172,976.3292137309909,0.0,2407.1376953125,3562.0,21.319392890989548
877,0.5420696139335632,731.1104971840978,0.0,2407.1376953125,3562.0,21.343370132992277
878,0.6250319480895996,894.475058183074,0.0,2407.1376953125,3562.0,21.36720215898822
879,0.7470794916152954,689.7367107048631,0.0,2407.1376953125,3562.0,21.390984063997166
880,0.6675003170967102,781.6443759202957,0.0,2407.1376953125,3562.0,21.414797574994736
881,1.0723050832748413,810.737075611949,0.0,2407.1376953125,3562.0,21.438675322002382
882,1.024972915649414,731.288027741015,0.0,2407.1376953125,3562.0,21.462321079990943
883,0.5888642072677612,710.8485756069422,0.0,2407.1376953125,3562.0,21.486227022993262
884,0.7554028034210205,837.5374383553863,0.0,2407.1376953125,3562.0,21.510118886988494
885,0.850912868976593,925.7656987383962,0.0,2407.1376953125,3562.0,21.53393073999905
886,0.7655492424964905,918.8251335471869,0.0,2407.1376953125,3562.0,21.557830085992464
887,0.6974852085113525,614.8620456457138,0.0,2407.1376953125,3562.0,21.581674214001396
888,0.6288132667541504,908.1455243527889,0.0,2407.1376953125,3562.0,21.60538931499468
889,1.0697966814041138,1209.8022583425045,0.0,2407.1376953125,3562.0,21.62935892600217
890,0.8228057026863098,1498.9346636682749,0.0,2407.1376953125,3562.0,21.653403133997926
891,0.8795275092124939,846.3293635994196,0.0,2407.1376953125,3562.0,21.677284281002358
892,0.8455787897109985,969.3818883597851,0.0,2407.1376953125,3562.0,21.701105945991003
893,0.5940656065940857,730.4572096318007,0.0,2407.1376953125,3562.0,21.724941405991558
894,0.9172002673149109,947.0813915878534,0.0,2407.1376953125,3562.0,21.74877481099975
895,1.2953895330429077,850.0485022515059,0.0,2407.1376953125,3562.0,21.772366634992068
896,0.7126567363739014,1024.6856277436018,0.0,2407.1376953125,3562.0,21.79620098999294
897,1.0153578519821167,816.1498635709286,0.0,2407.1376953125,3562.0,21.820286453992594
898,0.909052848815918,585.3211089447141,0.0,2407.1376953125,3562.0,21.844074820997776
899,0.5380371809005737,549.4284135848284,0.0,2407.1376953125,3562.0,21.868309051991673
900,0.8453501462936401,1002.8533742576838,0.0,2407.1376953125,3562.0,21.892190416998346
901,0.699464738368988,770.5460617169738,0.0,2407.1376953125,3562.0,21.91623873799108
902,0.8010730743408203,1333.3076788634062,0.0,2407.1376953125,3562.0,21.94007474699174
903,0.6962934136390686,720.1296716481447,0.0,2407.1376953125,3562.0,21.964459611990605
904,0.6560468077659607,662.6258946433663,0.0,2407.1376953125,3562.0,21.988318940988393
905,0.625563383102417,789.1311632022262,0.0,2407.1376953125,3562.0,22.012060909997672
906,0.969469428062439,1105.3434025347233,0.0,2407.1376953125,3562.0,22.035929347999627
907,0.6089211702346802,594.3920143172145,0.0,2407.1376953125,3562.0,22.059670066999388
908,0.66591876745224,1019.481501236558,0.0,2407.1376953125,3562.0,22.083745479001664
909,0.6432081460952759,1056.4908285290003,0.0,2407.1376953125,3562.0,22.107517311000265
910,1.069711446762085,983.9792881011963,0.0,2407.1376953125,3562.0,22.13147089300037
911,0.7669113874435425,917.4149196445942,0.0,2407.1376953125,3562.0,22.155577653000364
912,1.0098069906234741,778.7430224567652,0.0,2407.1376953125,3562.0,22.17959373399208
913,0.8248931765556335,1098.4136023074389,0.0,2407.1376953125,3562.0,22.203491754989955
914,0.9621682167053223,751.1857387796044,0.0,2407.1376953125,3562.0,22.22741053700156
915,0.9820137619972229,1002.6695028096437,0.0,2407.1376953125,3562.0,22.251310088002356
916,0.8590070009231567,808.2608813792467,0.0,2407.1376953125,3562.0,22.275295827988884
917,0.7658335566520691,920.7930009588599,0.0,2407.1376953125,3562.0,22.299517050996656
918,0.527090311050415,587.8162278272212,0.0,2407.1376953125,3562.0,22.323344160991837
919,0.6038199663162231,604.0817154124379,0.0,2407.1376953125,3562.0,22.34744363099162
920,0.6341396570205688,619.3199203684926,0.0,2407.1376953125,3562.0,22.371478831992135
921,0.691548764705658,598.0232531651855,0.0,2407.1376953125,3562.0,22.395312799999374
922,0.7013165950775146,714.0970670506358,0.0,2407.1376953125,3562.0,22.41915592800069
923,0.573104202747345,546.57375286147,0.0,2407.1376953125,3562.0,22.443047305001528
924,0.6797225475311279,898.6147478222847,0.0,2407.1376953125,3562.0,22.46698214499338
925,0.6860846877098083,605.7051725909114,0.0,2407.1376953125,3562.0,22.49085877399193
926,0.7564196586608887,670.0685760304332,0.0,2407.1376953125,3562.0,22.515088372994796
927,0.7673618793487549,815.4317130893469,0.0,2407.1376953125,3562.0,22.53928786799952
928,0.8846668601036072,918.0026289448142,0.0,2407.1376953125,3562.0,22.563079988991376
929,0.84024578332901,742.7500253915787,0.0,2407.1376953125,3562.0,22.586925646988675
930,0.8854191303253174,852.4265359565616,0.0,2407.1376953125,3562.0,22.610633775999304
931,0.6944026350975037,1039.9005972445011,0.0,2407.1376953125,3562.0,22.63457512599416
932,0.8674348592758179,1194.4122551679611,0.0,2407.1376953125,3562.0,22.658376678999048
933,0.5392276644706726,491.13863407820463,0.0,2407.1376953125,3562.0,22.68218390599941
934,0.6393685340881348,861.9439966902137,0.0,2407.1376953125,3562.0,22.706014092997066
935,0.6125540733337402,808.3512042462826,0.0,2407.1376953125,3562.0,22.730238356991322
936,1.1199285984039307,1669.69652710855,0.0,2407.1376953125,3562.0,22.75408657400112
937,0.6230358481407166,640.0052115023136,0.0,2407.1376953125,3562.0,22.777935972000705
938,0.7325058579444885,778.5555141717196,0.0,2407.1376953125,3562.0,22.801705075995415
939,0.764421284198761,1072.7928575277328,0.0,2407.1376953125,3562.0,22.825727169998572
940,0.9732325077056885,1020.1848585903645,0.0,2407.1376953125,3562.0,22.849660491992836
941,0.7294734120368958,1271.7824421674013,0.0,2407.1376953125,3562.0,22.873621588994865
942,0.6758764386177063,650.934094786644,0.0,2407.1376953125,3562.0,22.897479073988507
943,0.5442224144935608,1067.0908077061176,0.0,2407.1376953125,3562.0,22.921281171002192
944,0.8103638887405396,1062.8927481472492,0.0,2407.1376953125,3562.0,22.945381872996222
945,0.6775984168052673,1429.4651100635529,0.0,2407.1376953125,3562.0,22.969298131996766
946,0.7289282083511353,688.3463761135936,0.0,2407.1376953125,3562.0,22.99300429900177
947,0.562475860118866,759.4191661775112,0.0,2407.1376953125,3562.0,23.0167779159965
948,0.974443793296814,902.6756901592016,0.0,2407.1376953125,3562.0,23.04058336399612
949,1.1347068548202515,1114.8743541166186,0.0,2407.1376953125,3562.0,23.064398053989862
950,0.7152570486068726,1303.8642302453518,0.0,2407.1376953125,3562.0,23.08822121299454
951,0.8809040784835815,779.934602200985,0.0,2407.1376953125,3562.0,23.11213828199834
952,0.6292439699172974,931.5396889299154,0.0,2407.1376953125,3562.0,23.136115793997305
953,0.6519781351089478,1255.788810417056,0.0,2407.1376953125,3562.0,23.16067334599211
954,0.7564565539360046,753.6017996966839,0.0,2407.1376953125,3562.0,23.184686456996133
955,0.7384615540504456,933.8650804758072,0.0,2407.1376953125,3562.0,23.208506550989114
956,0.6479854583740234,910.7080083191395,0.0,2407.1376953125,3562.0,23.232355597996502
957,0.601912796497345,569.0847761556506,0.0,2407.1376953125,3562.0,23.256188491999637
958,1.161313533782959,783.8365956693888,0.0,2407.1376953125,3562.0,23.280066388993873
959,0.8204227089881897,844.5651549100876,0.0,2407.1376953125,3562.0,23.30387997899379
960,0.853641152381897,750.8493738025427,0.0,2407.1376953125,3562.0,23.327693782994174
961,0.6430948376655579,1092.3246525973082,0.0,2407.1376953125,3562.0,23.351561203002348
962,0.44793686270713806,689.8986533731222,0.0,2407.1376953125,3562.0,23.375759578993893
963,1.149922490119934,784.93527200073,0.0,2407.1376953125,3562.0,23.399583966995124
964,0.6110984086990356,779.0570008680224,0.0,2407.1376953125,3562.0,23.42338470699906
965,0.6398105025291443,952.0990260690451,0.0,2407.1376953125,3562.0,23.447223562994623
966,0.907628059387207,571.9817361682653,0.0,2407.1376953125,3562.0,23.470864990988048
967,0.9171078205108643,1067.4853269308805,0.0,2407.1376953125,3562.0,23.494688392995158
968,0.7385576963424683,741.7903956398368,0.0,2407.1376953125,3562.0,23.51851817900024
969,0.6452637314796448,730.302701022476,0.0,2407.1376953125,3562.0,23.542315950995544
970,0.49684542417526245,607.8443863391876,0.0,2407.1376953125,3562.0,23.566213755999343
971,0.600517213344574,548.3091162778437,0.0,2407.1376953125,3562.0,23.590201553990482
972,0.698549211025238,777.7414369285107,0.0,2407.1376953125,3562.0,23.61394732700137
973,0.7131943702697754,1037.908245563507,0.0,2407.1376953125,3562.0,23.637841473988374
974,0.6732169389724731,885.9868049025536,0.0,2407.1376953125,3562.0,23.661645175990998
975,0.5497700572013855,621.5889475345612,0.0,2407.1376953125,3562.0,23.68539204999979
976,1.0642439126968384,1118.2180643081665,0.0,2407.1376953125,3562.0,23.709196891999454
977,0.7587164640426636,1029.1248737126589,0.0,2407.1376953125,3562.0,23.733049101996585
978,0.9486191272735596,558.5259645916522,0.0,2407.1376953125,3562.0,23.756734790993505
979,0.5652324557304382,593.8617855682969,0.0,2407.1376953125,3562.0,23.780576769000618
980,0.5919904112815857,665.6568179801106,0.0,2407.1376953125,3562.0,23.804627360994346
981,0.6559830904006958,1188.696872189641,0.0,2407.1376953125,3562.0,23.828378833000897
982,0.5299186110496521,879.3376043140888,0.0,2407.1376953125,3562.0,23.852467275995878
983,0.4931757152080536,625.8995834961534,0.0,2407.1376953125,3562.0,23.876409104996128
984,0.5291259288787842,453.565181478858,0.0,2407.1376953125,3562.0,23.90021367499139
985,0.5439396500587463,726.5424755364656,0.0,2407.1376953125,3562.0,23.924134562999825
986,1.138146996498108,951.7400871962309,0.0,2407.1376953125,3562.0,23.94806324399542
987,0.7901855111122131,727.8228408247232,0.0,2407.1376953125,3562.0,23.971962905998225
988,0.6893271207809448,1312.6241731643677,0.0,2407.1376953125,3562.0,23.995796967996284
989,0.4929734468460083,497.3711710460484,0.0,2407.1376953125,3562.0,24.01980878598988
990,0.7319847345352173,645.4116041362286,0.0,2407.1376953125,3562.0,24.043598678996204
991,0.7610822319984436,700.9749341160059,0.0,2407.1376953125,3562.0,24.067409864001093
992,0.8395726084709167,1011.7152065709233,0.0,2407.1376953125,3562.0,24.091130854998482
993,0.7523812055587769,952.5427236557007,0.0,2407.1376953125,3562.0,24.11507216699829
994,0.5355847477912903,528.4476679936051,0.0,2407.1376953125,3562.0,24.13891677799984
995,0.5190373063087463,661.977482944727,0.0,2407.1376953125,3562.0,24.162651966995327
996,0.5215304493904114,670.2871308028698,0.0,2407.1376953125,3562.0,24.18648524300079
997,0.5315113663673401,504.2853430621326,0.0,2407.1376953125,3562.0,24.21029162099876
998,0.9843975901603699,927.9216973185539,0.0,2407.1376953125,3562.0,24.23432159300137
999,0.6857801079750061,781.7067389041185,0.0,2407.1376953125,3562.0,24.25813988999289
1000,0.6140300631523132,694.0714463889599,0.0,2407.1376953125,3562.0,24.281980398998712
1001,0.5351811647415161,525.657330788672,0.0,2968.8671875,6650.0,25.39623647100234
1002,0.5964843034744263,650.4796884432435,0.0,2968.8671875,6650.0,25.420382090000203
1003,0.5190220475196838,506.4635471254587,0.0,2968.8671875,6650.0,25.444335515989223
1004,0.6309617161750793,1073.3912592977285,0.0,2968.8671875,6650.0,25.468223909992957
1005,0.5184520483016968,886.1150161772966,0.0,2968.8671875,6650.0,25.49217315299029
1006,0.6486585736274719,678.3889366686344,0.0,2968.8671875,6650.0,25.516089065000415
1007,0.8241912722587585,785.7008824199438,0.0,2968.8671875,6650.0,25.540176570997573
1008,0.8835099935531616,722.6143219843507,0.0,2968.8671875,6650.0,25.564167314994847
1009,0.8756116032600403,853.0349626690149,0.0,2968.8671875,6650.0,25.588150725991
1010,0.8581153750419617,1092.8695451170206,0.0,2968.8671875,6650.0,25.612461229000473
1011,0.6513236165046692,944.3790858387947,0.0,2968.8671875,6650.0,25.636485245995573
1012,0.5627261996269226,620.9310606271029,0.0,2968.8671875,6650.0,25.660491053989972
1013,0.5968418717384338,687.9071159809828,0.0,2968.8671875,6650.0,25.684393162999186
1014,0.6236612796783447,514.3707616105676,0.0,2968.8671875,6650.0,25.708432022001944
1015,0.7972989678382874,623.3642429187894,0.0,2968.8671875,6650.0,25.732454836994293
1016,0.5977610349655151,642.9847713187337,0.0,2968.8671875,6650.0,25.75634797300154
1017,0.49578148126602173,877.4730372577906,0.0,2968.8671875,6650.0,25.780277814992587
1018,0.7402203679084778,560.6858828216791,0.0,2968.8671875,6650.0,25.804148750990862
1019,0.545129120349884,901.4612155407667,0.0,2968.8671875,6650.0,25.828602936991956
1020,0.616866409778595,802.623972915113,0.0,2968.8671875,6650.0,25.85280148399761
1021,0.891770601272583,888.7912224978209,0.0,2968.8671875,6650.0,25.876903701995616
1022,0.6241884231567383,793.7801322489977,0.0,2968.8671875,6650.0,25.900874289000058
1023,0.61453777551651,526.1322078183293,0.0,2968.8671875,6650.0,25.92487131599046
1024,0.6021648645401001,962.0756250172853,0.0,2968.8671875,6650.0,25.948787797999103
1025,0.7920425534248352,868.7474655807018,0.0,2968.8671875,6650.0,25.972741374993348
1026,0.7894730567932129,636.3371309787035,0.0,2968.8671875,6650.0,25.996602146988153
1027,0.7111666798591614,611.9495520740747,0.0,2968.8671875,6650.0,26.02054521199898
1028,0.5263019800186157,1049.4403887540102,0.0,2968.8671875,6650.0,26.044778925992432
1029,0.5568355321884155,488.219516530633,0.0,2968.8671875,6650.0,26.068755635002162
1030,0.6167256832122803,680.5130704268813,0.0,2968.8671875,6650.0,26.092630015991745
1031,0.6510955691337585,1026.8667305409908,0.0,2968.8671875,6650.0,26.116569431993412
1032,0.5815452337265015,730.6541652977467,0.0,2968.8671875,6650.0,26.140599456994096
1033,0.521224856376648,829.3391736447811,0.0,2968.8671875,6650.0,26.16436976499972
1034,0.9509663581848145,757.9667410925031,0.0,2968.8671875,6650.0,26.188349824995385
1035,0.5831388235092163,729.8216428905725,0.0,2968.8671875,6650.0,26.21227048599394
1036,0.6257333159446716,1016.2202732786536,0.0,2968.8671875,6650.0,26.23627949100046
1037,0.556421160697937,711.9333337321877,0.0,2968.8671875,6650.0,26.26042523799697
1038,0.619296669960022,602.2423566430807,0.0,2968.8671875,6650.0,26.284417030998156
1039,1.112358570098877,747.2603940367699,0.0,2968.8671875,6650.0,26.308385178999742
1040,0.6996506452560425,870.2541705220938,0.0,2968.8671875,6650.0,26.332617374995607
1041,0.6223490834236145,790.89168587327,0.0,2968.8671875,6650.0,26.35687726800097
1042,0.6821604371070862,1423.132936835289,0.0,2968.8671875,6650.0,26.381035362996045
1043,0.5513893365859985,650.1599384397268,0.0,2968.8671875,6650.0,26.404978944992763
1044,0.4438098669052124,615.7387779578567,0.0,2968.8671875,6650.0,26.428944086001138
1045,0.5865675806999207,1219.5183658599854,0.0,2968.8671875,6650.0,26.452836447992013
1046,0.6900753378868103,660.8934846147895,0.0,2968.8671875,6650.0,26.47705983299238
1047,1.29655122756958,933.4573321789503,0.0,2968.8671875,6650.0,26.500777527995524
1048,0.7352326512336731,897.2062512114644,0.0,2968.8671875,6650.0,26.524768326999038
1049,0.8207413554191589,980.6802065446973,0.0,2968.8671875,6650.0,26.548685839996324
1050,0.5862700343132019,815.8024918437004,0.0,2968.8671875,6650.0,26.57278975599911
1051,0.7549503445625305,894.4203998446465,0.0,2968.8671875,6650.0,26.59669284899428
1052,0.7621797323226929,939.9067212641239,0.0,2968.8671875,6650.0,26.62071604099765
1053,0.4989306926727295,630.6078032255173,0.0,2968.8671875,6650.0,26.644634134994703
1054,0.8879732489585876,710.4836380332708,0.0,2968.8671875,6650.0,26.66859120799927
1055,0.6603248119354248,883.1186675131321,0.0,2968.8671875,6650.0,26.692816202994436
1056,0.5017247200012207,723.0632757917047,0.0,2968.8671875,6650.0,26.71692399699532
1057,0.4403398633003235,463.83239632844925,0.0,2968.8671875,6650.0,26.741085549991112
1058,0.5079402923583984,718.5544416382909,0.0,2968.8671875,6650.0,26.765090454995516
1059,0.8591349720954895,759.5062511786819,0.0,2968.8671875,6650.0,26.78920034300245
1060,0.7358073592185974,651.1748070120811,0.0,2968.8671875,6650.0,26.813340274995426
1061,0.6170203685760498,693.081189006567,0.0,2968.8671875,6650.0,26.83734772299067
1062,0.47418728470802307,650.7560129538178,0.0,2968.8671875,6650.0,26.86172417498892
1063,0.4382919371128082,494.1050560325384,0.0,2968.8671875,6650.0,26.88584840200201
1064,0.5680086612701416,656.8251688033342,0.0,2968.8671875,6650.0,26.90992685400124
1065,0.48911041021347046,748.144452854991,0.0,2968.8671875,6650.0,26.93390871200245
1066,0.716957151889801,817.0976043641567,0.0,2968.8671875,6650.0,26.957817304995842
1067,0.5637936592102051,595.7962005883455,0.0,2968.8671875,6650.0,26.981719381990843
1068,0.998388409614563,869.6518936753273,0.0,2968.8671875,6650.0,27.005648646998452
1069,0.9707372188568115,691.9438569694757,0.0,2968.8671875,6650.0,27.02949635499681
1070,0.7787985801696777,842.5604953467846,0.0,2968.8671875,6650.0,27.053442920994712
1071,0.6346444487571716,769.7198355942965,0.0,2968.8671875,6650.0,27.077519105994725
1072,0.9367033839225769,2270.121031463146,0.0,2968.8671875,6650.0,27.101524591998896
1073,0.7360066175460815,643.9994587004185,0.0,2968.8671875,6650.0,27.125951369001996
1074,0.6778749823570251,733.8583548069,0.0,2968.8671875,6650.0,27.150450059998548
1075,0.5892218351364136,983.7688896879554,0.0,2968.8671875,6650.0,27.174803818998043
1076,0.6496791243553162,913.3432134836912,0.0,2968.8671875,6650.0,27.19900655199308
1077,0.805976927280426,1676.2588337659836,0.0,2968.8671875,6650.0,27.22308437299216
1078,0.985503077507019,889.0222388207912,0.0,2968.8671875,6650.0,27.24706672198954
1079,0.8705133199691772,782.8665765598416,0.0,2968.8671875,6650.0,27.27102975199523
1080,0.7430136203765869,833.2965411394835,0.0,2968.8671875,6650.0,27.295090332001564
1081,0.8655382990837097,1338.3473667353392,0.0,2968.8671875,6650.0,27.318982482989668
1082,0.6145395636558533,717.2142483443022,0.0,2968.8671875,6650.0,27.34334349099663
1083,0.6683089733123779,780.7917643636465,0.0,2968.8671875,6650.0,27.367483766996884
1084,0.6717340350151062,668.5203423649073,0.0,2968.8671875,6650.0,27.39144314499572
1085,0.687923014163971,811.1584270000458,0.0,2968.8671875,6650.0,27.415359801991144
1086,0.7213140726089478,932.8686809018254,0.0,2968.8671875,6650.0,27.439404933989863
1087,0.8680532574653625,482.70820688456297,0.0,2968.8671875,6650.0,27.46316039499652
1088,0.6112698912620544,824.0503088235855,0.0,2968.8671875,6650.0,27.48707149499387
1089,0.7883882522583008,720.8690432012081,0.0,2968.8671875,6650.0,27.51091792299121
1090,0.6769866347312927,850.5588557049632,0.0,2968.8671875,6650.0,27.534931237998535
1091,0.6063141822814941,848.6656972765923,0.0,2968.8671875,6650.0,27.55898849199002
1092,0.7098941206932068,996.3219998925924,0.0,2968.8671875,6650.0,27.58292609998898
1093,0.6105847358703613,638.5054924711585,0.0,2968.8671875,6650.0,27.606882049993146
1094,0.5357862710952759,642.8345974013209,0.0,2968.8671875,6650.0,27.63082238798961
1095,0.6738054156303406,1120.2758331596851,0.0,2968.8671875,6650.0,27.654996355995536
1096,0.9747892022132874,1081.6780321151018,0.0,2968.8671875,6650.0,27.679007970989915
1097,0.6101140379905701,778.6100858896971,0.0,2968.8671875,6650.0,27.702999100991292
1098,0.5642082095146179,660.2004698440433,0.0,2968.8671875,6650.0,27.727111349988263
1099,0.45847153663635254,539.9115310832858,0.0,2968.8671875,6650.0,27.751155466001364
1100,1.0696829557418823,766.3490724116564,0.0,2968.8671875,6650.0,27.775218839000445
1101,0.6954871416091919,726.0995436236262,0.0,2968.8671875,6650.0,27.800964880996617
1102,0.5150560736656189,993.3747703284025,0.0,2968.8671875,6650.0,27.825209029993857
1103,0.6844724416732788,740.1204566657543,0.0,2968.8671875,6650.0,27.849347425988526
1104,0.586122989654541,546.5285966545343,0.0,2968.8671875,6650.0,27.873546253002132
1105,0.7795525789260864,617.3177178800106,0.0,2968.8671875,6650.0,27.897613668988924
1106,0.639967143535614,993.0630246698856,0.0,2968.8671875,6650.0,27.92166735099454
1107,0.44570982456207275,574.0272746309638,0.0,2968.8671875,6650.0,27.94574002599984
1108,0.543766975402832,643.8080717027187,0.0,2968.8671875,6650.0,27.969702963993768
1109,0.7812765836715698,908.9855813607574,0.0,2968.8671875,6650.0,27.993707436995464
1110,0.525557816028595,813.7020922005177,0.0,2968.8671875,6650.0,28.017813852988183
1111,0.6748971343040466,890.6016745790839,0.0,2968.8671875,6650.0,28.041977233995567
1112,0.8919879198074341,680.394404143095,0.0,2968.8671875,6650.0,28.06596102999174
1113,0.6922531127929688,692.9663632363081,0.0,2968.8671875,6650.0,28.08995027799392
1114,0.5879451036453247,759.7181447818875,0.0,2968.8671875,6650.0,28.113913112989394
1115,0.44421395659446716,524.1291014254093,0.0,2968.8671875,6650.0,28.13802105099603
1116,0.5522992610931396,507.4722343534231,0.0,2968.8671875,6650.0,28.162082199996803
1117,0.9569524526596069,663.2164219170809,0.0,2968.8671875,6650.0,28.18596761400113
1118,0.7115511298179626,1099.137125313282,0.0,2968.8671875,6650.0,28.21033468999667
1119,0.6110089421272278,1178.1449736654758,0.0,2968.8671875,6650.0,28.234404982998967
1120,0.5229895114898682,563.7235480546951,0.0,2968.8671875,6650.0,28.258454044000246
1121,0.6533018350601196,836.7437650114298,0.0,2968.8671875,6650.0,28.2824509919883
1122,0.7083815932273865,1328.4446678459644,0.0,2968.8671875,6650.0,28.30629306199262
1123,1.0934157371520996,921.2896879762411,0.0,2968.8671875,6650.0,28.330451599991648
1124,0.7025421857833862,1004.735023573041,0.0,2968.8671875,6650.0,28.3546461549995
1125,0.7336174845695496,841.6514197736979,0.0,2968.8671875,6650.0,28.378787502995692
1126,0.4729557931423187,464.80359948799014,0.0,2968.8671875,6650.0,28.40279780799756
1127,0.9568790197372437,530.0836134403944,0.0,2968.8671875,6650.0,28.42692112700024
1128,0.5313355922698975,448.52742410078645,0.0,2968.8671875,6650.0,28.45103770699643
1129,0.5515658855438232,721.994278639555,0.0,2968.8671875,6650.0,28.475049356988166
1130,0.666861891746521,745.278577297926,0.0,2968.8671875,6650.0,28.499021027993876
1131,0.60484379529953,766.6096471324563,0.0,2968.8671875,6650.0,28.523023909001495
1132,0.42325466871261597,595.3762712329626,0.0,2968.8671875,6650.0,28.547084153993637
1133,0.8744402527809143,755.9364355504513,0.0,2968.8671875,6650.0,28.57109108399891
1134,0.48982611298561096,763.8656632453203,0.0,2968.8671875,6650.0,28.595203356002457
1135,0.6604455709457397,645.0735081359744,0.0,2968.8671875,6650.0,28.61904072399193
1136,0.6785411834716797,677.0890071317554,0.0,2968.8671875,6650.0,28.64347966699279
1137,0.6295345425605774,658.6372874751687,0.0,2968.8671875,6650.0,28.667626661001123
1138,0.4772482216358185,538.7573123201728,0.0,2968.8671875,6650.0,28.69162629499624
1139,0.43136873841285706,506.14706656336784,0.0,2968.8671875,6650.0,28.715618935995735
1140,0.5059586763381958,488.18135379999876,0.0,2968.8671875,6650.0,28.73976268399565
1141,0.6189261078834534,478.3980790860951,0.0,2968.8671875,6650.0,28.763901918995543
1142,0.44627660512924194,701.7298719733953,0.0,2968.8671875,6650.0,28.787910268001724
1143,0.582541823387146,782.7050856798887,0.0,2968.8671875,6650.0,28.811979834994418
1144,0.5668777227401733,585.2849683314562,0.0,2968.8671875,6650.0,28.836228026993922
1145,0.6327689290046692,621.1947241276503,0.0,2968.8671875,6650.0,28.861335291992873
1146,0.6936715841293335,551.4040596559644,0.0,2968.8671875,6650.0,28.885581765993265
1147,0.7381350994110107,737.1761614084244,0.0,2968.8671875,6650.0,28.909609012000146
1148,0.532622754573822,636.7127729952335,0.0,2968.8671875,6650.0,28.933818645993597
1149,0.7104045748710632,851.5815907418728,0.0,2968.8671875,6650.0,28.95797651600151
1150,0.6317572593688965,793.5973304361105,0.0,2968.8671875,6650.0,28.982039894995978
1151,0.7556120753288269,764.4154529497027,0.0,2968.8671875,6650.0,29.00610957299068
1152,0.5295602083206177,795.6412689685822,0.0,2968.8671875,6650.0,29.030215202990803
1153,0.7510684132575989,476.03634529560804,0.0,2968.8671875,6650.0,29.054361989998142
1154,0.6687730550765991,768.533746175468,0.0,2968.8671875,6650.0,29.079103922995273
1155,0.5220999121665955,752.485337600112,0.0,2968.8671875,6650.0,29.10320886899717
1156,0.8054670095443726,584.7144571766257,0.0,2968.8671875,6650.0,29.12756812799489
1157,0.552748441696167,543.4319437406957,0.0,2968.8671875,6650.0,29.152119551989017
1158,0.7156122326850891,649.827729806304,0.0,2968.8671875,6650.0,29.17638747599267
1159,0.9590304493904114,511.79535852372646,0.0,2968.8671875,6650.0,29.200297880990547
1160,0.5722370743751526,719.593000292778,0.0,2968.8671875,6650.0,29.224451256988687
1161,0.6255035996437073,559.1085745729506,0.0,2968.8671875,6650.0,29.248535521997837
1162,0.4384376108646393,469.4916617721319,0.0,2968.8671875,6650.0,29.272557182994206
1163,0.4999856650829315,520.5324700400233,0.0,2968.8671875,6650.0,29.296847236997564
1164,0.9478800892829895,950.5020623654127,0.0,2968.8671875,6650.0,29.320918826997513
1165,0.4385238587856293,357.2547252252698,0.0,2968.8671875,6650.0,29.34494574800192
1166,0.608066201210022,609.8427690118551,0.0,2968.8671875,6650.0,29.369271971998387
1167,0.6648117303848267,611.8983014523983,0.0,2968.8671875,6650.0,29.393468327994924
1168,0.7221634387969971,786.4961053282022,0.0,2968.8671875,6650.0,29.417635556994355
1169,0.5305547118186951,562.1983247548342,0.0,2968.8671875,6650.0,29.441767804994015
1170,0.49467840790748596,743.4138083606958,0.0,2968.8671875,6650.0,29.465784428990446
1171,0.46704620122909546,627.255907356739,0.0,2968.8671875,6650.0,29.489952937001362
1172,0.5190565586090088,593.0766177624464,0.0,2968.8671875,6650.0,29.514314542990178
1173,0.5016500949859619,560.974628046155,0.0,2968.8671875,6650.0,29.5384811769909
1174,0.8393455147743225,1035.1088453829288,0.0,2968.8671875,6650.0,29.562561402999563
1175,0.6393718123435974,873.3657378703356,0.0,2968.8671875,6650.0,29.586701884996728
1176,0.417978972196579,492.17125149816275,0.0,2968.8671875,6650.0,29.610793667990947
1177,0.8348273634910583,792.5642295703292,0.0,2968.8671875,6650.0,29.63493357099651
1178,0.5100474953651428,513.2390424460173,0.0,2968.8671875,6650.0,29.659058186996845
1179,0.5475358963012695,869.2458343207836,0.0,2968.8671875,6650.0,29.683128390999627
1180,0.560123860836029,726.9787093289196,0.0,2968.8671875,6650.0,29.707368272996973
1181,0.5076159238815308,489.8637810125947,0.0,2968.8671875,6650.0,29.73182845399424
1182,0.81766676902771,856.7997126579285,0.0,2968.8671875,6650.0,29.755942111994955
1183,0.6481713056564331,760.48659722507,0.0,2968.8671875,6650.0,29.78000165199046
1184,0.8850252628326416,1190.3137062191963,0.0,2968.8671875,6650.0,29.8041897219955
1185,0.4213895797729492,460.7398165240884,0.0,2968.8671875,6650.0,29.82835497499036
1186,0.5048653483390808,771.6321156546474,0.0,2968.8671875,6650.0,29.85250743800134
1187,0.5714931488037109,613.8845970928669,0.0,2968.8671875,6650.0,29.87681692300248
1188,0.7464566826820374,680.1245960444212,0.0,2968.8671875,6650.0,29.90110969200032
1189,0.7976944446563721,750.3312654718757,0.0,2968.8671875,6650.0,29.92515824799193
1190,0.5373963117599487,495.33661014586687,0.0,2968.8671875,6650.0,29.949575680002454
1191,0.5511104464530945,589.8251828253269,0.0,2968.8671875,6650.0,29.97360543999821
1192,0.47596827149391174,595.3223742693663,0.0,2968.8671875,6650.0,29.99769615799596
1193,0.5130150318145752,836.5588622912765,0.0,2968.8671875,6650.0,30.021780549999676
1194,0.39562761783599854,596.3888760656118,0.0,2968.8671875,6650.0,30.04587188900041
1195,0.5360235571861267,548.5557252466679,0.0,2968.8671875,6650.0,30.07004559598863
1196,0.5494086146354675,689.2715358808637,0.0,2968.8671875,6650.0,30.09417644199857
1197,0.4166712760925293,449.1709076240659,0.0,2968.8671875,6650.0,30.1182444189908
1198,0.9774631261825562,1299.176267042756,0.0,2968.8671875,6650.0,30.14257169899065
1199,0.5395684242248535,650.7162571176887,0.0,2968.8671875,6650.0,30.166898309995304
1200,0.5391068458557129,575.5225464776158,0.0,2968.8671875,6650.0,30.190908058997593
1201,0.8693564534187317,792.670312024653,0.0,2968.8671875,6650.0,30.215079603993217
1202,0.38657206296920776,498.8483497835696,0.0,2968.8671875,6650.0,30.239075170000433
1203,0.5989183783531189,930.3835496902466,0.0,2968.8671875,6650.0,30.263099523988785
1204,0.4509356617927551,492.3083109110594,0.0,2968.8671875,6650.0,30.287163614993915
1205,0.40370509028434753,510.4523880854249,0.0,2968.8671875,6650.0,30.311202091994346
1206,0.8365087509155273,830.1209348887205,0.0,2968.8671875,6650.0,30.335407020000275
1207,0.8031030297279358,1267.6363242268562,0.0,2968.8671875,6650.0,30.3598241879954
1208,0.4928092360496521,500.61091659218073,0.0,2968.8671875,6650.0,30.384347307990538
1209,0.4783678352832794,592.408307865262,0.0,2968.8671875,6650.0,30.408393797988538
1210,0.5772907733917236,632.090372338891,0.0,2968.8671875,6650.0,30.432329866001965
1211,0.7514756917953491,686.1516971811652,0.0,2968.8671875,6650.0,30.45624313999724
1212,0.8157073259353638,714.6084251254797,0.0,2968.8671875,6650.0,30.480344625990256
1213,0.5523087382316589,670.2692403867841,0.0,2968.8671875,6650.0,30.504943631996866
1214,0.49204370379447937,423.0670063793659,0.0,2968.8671875,6650.0,30.530085721999058
1215,0.46070098876953125,557.6080506518483,0.0,2968.8671875,6650.0,30.55557568599761
1216,0.5523051023483276,932.976508140564,0.0,2968.8671875,6650.0,30.580308479999076
1217,0.9318862557411194,555.4761908613145,0.0,2968.8671875,6650.0,30.60484856099356
1218,0.5341402888298035,628.4242589920759,0.0,2968.8671875,6650.0,30.628870776999975
1219,0.3749776780605316,542.4532543681562,0.0,2968.8671875,6650.0,30.653068425992387
1220,0.5524753332138062,1002.9972325265408,0.0,2968.8671875,6650.0,30.677220586992917
1221,0.7449598908424377,724.0064923018217,0.0,2968.8671875,6650.0,30.70115718599118
1222,0.7703089118003845,729.0939495563507,0.0,2968.8671875,6650.0,30.72546490500099
1223,0.5983224511146545,768.0481490343809,0.0,2968.8671875,6650.0,30.749768716996186
1224,0.8162647485733032,634.7019354328513,0.0,2968.8671875,6650.0,30.773790930994437
1225,0.9538493156433105,778.2026819586754,0.0,2968.8671875,6650.0,30.797684819990536
1226,0.5596485733985901,1028.0544685274363,0.0,2968.8671875,6650.0,30.82213714699901
1227,0.6217779517173767,955.5994992107153,0.0,2968.8671875,6650.0,30.84637662000023
1228,0.8140996694564819,783.4925649613142,0.0,2968.8671875,6650.0,30.87054948299192
1229,0.7315568923950195,718.7131250500679,0.0,2968.8671875,6650.0,30.894897891994333
1230,0.5611687898635864,622.4494318515062,0.0,2968.8671875,6650.0,30.918908311999985
1231,0.6038239002227783,1037.4522617161274,0.0,2968.8671875,6650.0,30.942902290989878
1232,0.5737597346305847,787.0396098122001,0.0,2968.8671875,6650.0,30.96694080599991
1233,0.8594671487808228,620.107168097049,0.0,2968.8671875,6650.0,30.9907909379981
1234,0.6959718465805054,1163.2830846905708,0.0,2968.8671875,6650.0,31.014849270999548
1235,0.532467246055603,631.9500272199512,0.0,2968.8671875,6650.0,31.03920159599511
1236,0.5325746536254883,466.2745890058577,0.0,2968.8671875,6650.0,31.06317070098885
1237,0.5849675536155701,688.8693692348897,0.0,2968.8671875,6650.0,31.087044574000174
1238,0.5121370553970337,666.3004618063569,0.0,2968.8671875,6650.0,31.111071783991065
1239,0.5303618907928467,922.2224200963974,0.0,2968.8671875,6650.0,31.135106582994922
1240,0.7559673190116882,1171.5961802005768,0.0,2968.8671875,6650.0,31.159840516993427
1241,0.49479547142982483,547.6353922300041,0.0,2968.8671875,6650.0,31.184377425001003
1242,0.5541368126869202,807.8123244345188,0.0,2968.8671875,6650.0,31.208406167992507
1243,0.4957314729690552,1024.7673045769334,0.0,2968.8671875,6650.0,31.232552805988234
1244,0.524333119392395,717.3084777593613,0.0,2968.8671875,6650.0,31.25689242199587
1245,1.14689040184021,816.3255333453417,0.0,2968.8671875,6650.0,31.280886715991073
1246,0.7535470724105835,563.3125781044364,0.0,2968.8671875,6650.0,31.30492929299362
1247,0.5435321927070618,684.1195182651281,0.0,2968.8671875,6650.0,31.328967419001856
1248,0.7475024461746216,953.9437367618084,0.0,2968.8671875,6650.0,31.353006314995582
1249,0.7901486754417419,663.433327883482,0.0,2968.8671875,6650.0,31.37725286099885
1250,0.7046297192573547,559.4848741963506,0.0,2968.8671875,6650.0,31.401419433997944
1251,0.6238808035850525,561.3252480402589,0.0,2968.8671875,6650.0,31.425460881000618
1252,0.3784562647342682,538.1729480810463,0.0,2968.8671875,6650.0,31.44948290399043
1253,0.7834423184394836,708.431626804173,0.0,2968.8671875,6650.0,31.47381723098806
1254,0.5264230966567993,686.3295162022114,0.0,2968.8671875,6650.0,31.497901602997445
1255,0.9516273736953735,904.3043987601995,0.0,2968.8671875,6650.0,31.52256266499171
1256,0.9209311008453369,998.0442042797804,0.0,2968.8671875,6650.0,31.54669801199634
1257,0.47868508100509644,458.769926097244,0.0,2968.8671875,6650.0,31.570740991999628
1258,0.6637067794799805,846.2807454615831,0.0,2968.8671875,6650.0,31.594822733997717
1259,0.4701630175113678,620.2725958675146,0.0,2968.8671875,6650.0,31.618827400990995
1260,0.5045114755630493,782.6456631571054,0.0,2968.8671875,6650.0,31.64287265299936
1261,1.1035898923873901,762.0721731707454,0.0,2968.8671875,6650.0,31.666735980994417
1262,0.5790079832077026,659.3380213975906,0.0,2968.8671875,6650.0,31.691099299991038
1263,0.5142928957939148,781.3412431180477,0.0,2968.8671875,6650.0,31.715144695990602
1264,0.7504687905311584,871.5393811166286,0.0,2968.8671875,6650.0,31.73945962799189
1265,0.7114179730415344,627.0579637140036,0.0,2968.8671875,6650.0,31.763496817991836
1266,0.45110055804252625,514.3338695019484,0.0,2968.8671875,6650.0,31.787585972997476
1267,0.43570324778556824,611.4624985158443,0.0,2968.8671875,6650.0,31.81178115599323
1268,0.6564372777938843,526.8748526871204,0.0,2968.8671875,6650.0,31.835860029998003
1269,0.432148277759552,673.6727047711611,0.0,2968.8671875,6650.0,31.860041644991725
1270,0.509761393070221,601.3880689032376,0.0,2968.8671875,6650.0,31.88452005200088
1271,0.6823602914810181,951.4360520839691,0.0,2968.8671875,6650.0,31.90896592999343
1272,0.781095027923584,1006.8022219017148,0.0,2968.8671875,6650.0,31.932951716997195
1273,0.30439719557762146,410.5595999956131,0.0,2968.8671875,6650.0,31.95695605900255
1274,0.44393426179885864,633.111085422337,0.0,2968.8671875,6650.0,31.980932840990135
1275,0.45410430431365967,499.36956211552024,0.0,2968.8671875,6650.0,32.00495824399695
1276,0.8126624226570129,1163.8654717803001,0.0,2968.8671875,6650.0,32.02901255199686
1277,0.6167927980422974,569.9236809201539,0.0,2968.8671875,6650.0,32.05312235599558
1278,0.6414382457733154,717.518928155303,0.0,2968.8671875,6650.0,32.07710700099415
1279,0.5252432227134705,851.8770096153021,0.0,2968.8671875,6650.0,32.10111030799453
1280,0.6882937550544739,688.7364167422056,0.0,2968.8671875,6650.0,32.12541252600204
1281,0.5445865988731384,785.2102366834879,0.0,2968.8671875,6650.0,32.149465244001476
1282,0.5107135772705078,885.3281676396728,0.0,2968.8671875,6650.0,32.173512117995415
1283,0.5516176223754883,590.6482974365354,0.0,2968.8671875,6650.0,32.19751329800056
1284,0.5207801461219788,696.8579711616039,0.0,2968.8671875,6650.0,32.22154058200249
1285,0.5967678427696228,613.3695452399552,0.0,2968.8671875,6650.0,32.24563197798852
1286,0.5183820128440857,548.63099020347,0.0,2968.8671875,6650.0,32.26968158999807
1287,0.5494261980056763,776.9045617952943,0.0,2968.8671875,6650.0,32.293769144002
1288,0.4165577292442322,589.4877733998001,0.0,2968.8671875,6650.0,32.317812848996255
1289,0.5404460430145264,621.8130512908101,0.0,2968.8671875,6650.0,32.34216542399372
1290,0.41320937871932983,445.6521166190505,0.0,2968.8671875,6650.0,32.36626246999367
1291,1.0091108083724976,855.0875935330987,0.0,2968.8671875,6650.0,32.39057737799885
1292,0.5532152652740479,887.0578806549311,0.0,2968.8671875,6650.0,32.4146812580002
1293,0.43840789794921875,546.8720161914825,0.0,2968.8671875,6650.0,32.43886971399479
1294,0.5054532289505005,548.2800046280026,0.0,2968.8671875,6650.0,32.46294408499671
1295,0.45235931873321533,737.0970240682364,0.0,2968.8671875,6650.0,32.48696080199443
1296,0.5292143225669861,743.3817784190178,0.0,2968.8671875,6650.0,32.51105219399324
1297,0.4559548497200012,592.7584415115416,0.0,2968.8671875,6650.0,32.53512045099342
1298,0.5442050099372864,602.3292093910277,0.0,2968.8671875,6650.0,32.559436651994474
1299,0.700895369052887,1014.9681131094694,0.0,2968.8671875,6650.0,32.583546476991614
1300,0.7349439263343811,668.5461368411779,0.0,2968.8671875,6650.0,32.607626825993066
1301,0.9375284314155579,1017.9865227118134,0.0,2968.8671875,6650.0,32.63300502099446
1302,0.48902958631515503,578.960854575038,0.0,2968.8671875,6650.0,32.65761816299346
1303,0.5271463394165039,986.3552308529615,0.0,2968.8671875,6650.0,32.6817092239944
1304,0.919583261013031,1037.7675758600235,0.0,2968.8671875,6650.0,32.70600169499812
1305,0.8284660577774048,933.7492452040315,0.0,2968.8671875,6650.0,32.73008507800114
1306,0.6234320402145386,633.1479400247335,0.0,2968.8671875,6650.0,32.75410768800066
1307,0.48970481753349304,442.3498972058296,0.0,2968.8671875,6650.0,32.778580444995896
1308,0.4444904923439026,754.3367784693837,0.0,2968.8671875,6650.0,32.80262176699762
1309,0.4634123146533966,849.4177093505859,0.0,2968.8671875,6650.0,32.82675037300214
1310,0.4992411136627197,596.7876632362604,0.0,2968.8671875,6650.0,32.85089092499402
1311,0.5197558999061584,673.4097577035427,0.0,2968.8671875,6650.0,32.8750892120006
1312,0.5886849164962769,517.4833576083183,0.0,2968.8671875,6650.0,32.89950584599865
1313,0.5929070711135864,681.1651481837034,0.0,2968.8671875,6650.0,32.923520006996114
1314,0.7141632437705994,930.6994435489178,0.0,2968.8671875,6650.0,32.947618911988684
1315,0.7277405261993408,584.9875034838915,0.0,2968.8671875,6650.0,32.97164791398973
1316,0.5667049288749695,909.6281915009022,0.0,2968.8671875,6650.0,32.99598047300242
1317,0.5041518807411194,445.5957720018923,0.0,2968.8671875,6650.0,33.01995166800043
1318,0.4601838290691376,553.0592885166407,0.0,2968.8671875,6650.0,33.044052198994905
1319,0.5191487073898315,700.5270547121763,0.0,2968.8671875,6650.0,33.06811369799834
1320,0.5798924565315247,841.5379929170012,0.0,2968.8671875,6650.0,33.09199138099211
1321,0.44937828183174133,378.1329881362617,0.0,2968.8671875,6650.0,33.11594672698993
1322,0.48670345544815063,465.90106477960944,0.0,2968.8671875,6650.0,33.14013315900229
1323,0.5938385128974915,774.9379487112164,0.0,2968.8671875,6650.0,33.164492839991
1324,0.5459761619567871,683.4690675139427,0.0,2968.8671875,6650.0,33.188486490995274
1325,1.0581365823745728,1313.5747228264809,0.0,2968.8671875,6650.0,33.213030882994644
1326,0.4936656355857849,555.2839181311429,0.0,2968.8671875,6650.0,33.23719343398989
1327,0.5833389759063721,482.3850012347102,0.0,2968.8671875,6650.0,33.26116350899974
1328,0.7188234925270081,607.6813757419586,0.0,2968.8671875,6650.0,33.285117597988574
1329,0.410944402217865,325.4724042918533,0.0,2968.8671875,6650.0,33.309183202989516
1330,0.5085620284080505,542.6757359541953,0.0,2968.8671875,6650.0,33.33324872198864
1331,0.41367122530937195,625.9905156940222,0.0,2968.8671875,6650.0,33.35725899299723
1332,0.3845810294151306,527.8275154419243,0.0,2968.8671875,6650.0,33.38153297099052
1333,0.5164874792098999,760.7141804620624,0.0,2968.8671875,6650.0,33.40574382399791
1334,0.41909119486808777,391.4662281870842,0.0,2968.8671875,6650.0,33.43009078600153
1335,0.5171306729316711,663.6436506509781,0.0,2968.8671875,6650.0,33.45419969900104
1336,0.4432922601699829,736.4827665686607,0.0,2968.8671875,6650.0,33.4782298909995
1337,0.4897027611732483,671.0685982257128,0.0,2968.8671875,6650.0,33.502252312988276
1338,1.032806634902954,821.3490666821599,0.0,2968.8671875,6650.0,33.526226388989016
1339,0.4476397931575775,527.821222499013,0.0,2968.8671875,6650.0,33.55021533698891
1340,0.368850439786911,337.34301038086414,0.0,2968.8671875,6650.0,33.57425458000216
1341,0.6720703840255737,701.8675480261445,0.0,2968.8671875,6650.0,33.598274819989456
1342,0.5741201043128967,704.7333139404655,0.0,2968.8671875,6650.0,33.622314038002514
1343,0.8194578886032104,405.16168765723705,0.0,2968.8671875,6650.0,33.64632419499685
1344,0.49212905764579773,857.5495086163282,0.0,2968.8671875,6650.0,33.670356711998465
1345,0.686856746673584,653.0991028100252,0.0,2968.8671875,6650.0,33.69430459899013
1346,0.35869982838630676,346.3273186907172,0.0,2968.8671875,6650.0,33.718335262994515
1347,0.6818286180496216,665.0540806725621,0.0,2968.8671875,6650.0,33.742660520001664
1348,0.4704352021217346,499.45695390179753,0.0,2968.8671875,6650.0,33.76658507599495
1349,0.8218712210655212,611.9799590185285,0.0,2968.8671875,6650.0,33.790735775997746
1350,0.46552932262420654,772.4450918659568,0.0,2968.8671875,6650.0,33.8147894069989
1351,0.4306710362434387,668.1792739927769,0.0,2968.8671875,6650.0,33.838817612995626
1352,0.5382596254348755,502.2145251445472,0.0,2968.8671875,6650.0,33.86308968599769
1353,0.48736003041267395,596.2844887971878,0.0,2968.8671875,6650.0,33.88729183599935
1354,0.6104191541671753,777.4828618466854,0.0,2968.8671875,6650.0,33.9115644400008
1355,0.6062804460525513,626.5549806952477,0.0,2968.8671875,6650.0,33.935708428994985
1356,0.5567013025283813,814.1088217198849,0.0,2968.8671875,6650.0,33.95970727100212
1357,0.6147012114524841,620.4092622771859,0.0,2968.8671875,6650.0,33.98372623199248
1358,0.7629145979881287,730.2021678462625,0.0,2968.8671875,6650.0,34.008082079992164
1359,0.9707168340682983,946.3402846753597,0.0,2968.8671875,6650.0,34.03219745599199
1360,0.5385597944259644,933.5682137385011,0.0,2968.8671875,6650.0,34.056295966991456
1361,0.5113047957420349,534.8108912482858,0.0,2968.8671875,6650.0,34.08044493698981
1362,0.7386105060577393,565.6030857339501,0.0,2968.8671875,6650.0,34.104443218995584
1363,0.6123390793800354,654.6852576397359,0.0,2968.8671875,6650.0,34.128493594995234
1364,0.6098811030387878,715.3375113010406,0.0,2968.8671875,6650.0,34.152541368996026
1365,0.4693911671638489,711.5956843793392,0.0,2968.8671875,6650.0,34.176556887992774
1366,0.48805931210517883,528.9829358458519,0.0,2968.8671875,6650.0,34.20082907199685
1367,0.5611473917961121,711.5170334875584,0.0,2968.8671875,6650.0,34.22534295800142
1368,0.9612267017364502,1349.4644397497177,0.0,2968.8671875,6650.0,34.249395065999124
1369,0.592917799949646,639.7613426148891,0.0,2968.8671875,6650.0,34.274438772001304
1370,0.4913833439350128,427.1793914027512,0.0,2968.8671875,6650.0,34.29968257599103
1371,0.5349433422088623,630.9376098811626,0.0,2968.8671875,6650.0,34.32373465198907
1372,0.4042462110519409,448.17658318579197,0.0,2968.8671875,6650.0,34.34880510499352
1373,0.4561510682106018,389.93909458070993,0.0,2968.8671875,6650.0,34.373471676997724
1374,0.6769164204597473,1008.4151365458965,0.0,2968.8671875,6650.0,34.39769534199149
1375,0.7776476740837097,645.418907828629,0.0,2968.8671875,6650.0,34.42221338499803
1376,0.7368354201316833,450.7326512672007,0.0,2968.8671875,6650.0,34.44689431200095
1377,0.45837536454200745,859.0772535800934,0.0,2968.8671875,6650.0,34.47150118400168
1378,0.5510681867599487,1002.7429476380348,0.0,2968.8671875,6650.0,34.495688062001136
1379,0.4922378659248352,489.01902173087,0.0,2968.8671875,6650.0,34.52000726800179
1380,0.44772985577583313,495.5009789764881,0.0,2968.8671875,6650.0,34.5448446770024
1381,0.5703697204589844,509.67493434622884,0.0,2968.8671875,6650.0,34.569370118988445
1382,0.6302156448364258,556.0805147364736,0.0,2968.8671875,6650.0,34.593468029997894
1383,0.5628142952919006,755.174663938582,0.0,2968.8671875,6650.0,34.61762480800098
1384,0.33183547854423523,518.7521117255092,0.0,2968.8671875,6650.0,34.64184986198961
1385,0.6268151998519897,724.2759793549776,0.0,2968.8671875,6650.0,34.6659053350013
1386,0.4926433563232422,470.93839970231056,0.0,2968.8671875,6650.0,34.68999962299131
1387,1.014198660850525,778.9741654247046,0.0,2968.8671875,6650.0,34.71387721700012
1388,0.6662847995758057,803.8314352631569,0.0,2968.8671875,6650.0,34.739248522993876
1389,0.6351056694984436,888.1446127593517,0.0,2968.8671875,6650.0,34.76480099798937
1390,0.45526376366615295,495.15212708711624,0.0,2968.8671875,6650.0,34.78923210898938
1391,0.4550355076789856,666.6355014145374,0.0,2968.8671875,6650.0,34.813415571989026
1392,0.8053779602050781,639.0109463185072,0.0,2968.8671875,6650.0,34.837294523997116
1393,0.4550345838069916,569.7266022115946,0.0,2968.8671875,6650.0,34.8613404630014
1394,0.6448197960853577,793.455699019134,0.0,2968.8671875,6650.0,34.88570837498992
1395,0.6314882636070251,1459.4736853092909,0.0,2968.8671875,6650.0,34.90992125599587
1396,0.4661092162132263,488.489896774292,0.0,2968.8671875,6650.0,34.93392932700226
1397,0.41745978593826294,600.1275723874569,0.0,2968.8671875,6650.0,34.95844020099321
1398,0.5610886812210083,718.9090504199266,0.0,2968.8671875,6650.0,34.98234212299576
1399,0.5571115016937256,656.7982647120953,0.0,2968.8671875,6650.0,35.00631644799432
1400,0.5274329781532288,675.9004950150847,0.0,2968.8671875,6650.0,35.03028808199451
1401,0.5084917545318604,695.8793742656708,0.0,2968.8671875,6650.0,35.05437788600102
1402,0.4585586488246918,650.2040099948645,0.0,2968.8671875,6650.0,35.07837088899396
1403,0.5431005358695984,656.445993360132,0.0,2968.8671875,6650.0,35.10230538700125
1404,0.6944030523300171,518.5196718126535,0.0,2968.8671875,6650.0,35.12641144299414
1405,0.4915718138217926,620.0958042144775,0.0,2968.8671875,6650.0,35.151194804988336
1406,0.4869648218154907,678.8607422858477,0.0,2968.8671875,6650.0,35.17624993198842
1407,0.9418662786483765,729.8515332378447,0.0,2968.8671875,6650.0,35.200082185998326
1408,0.5500268340110779,570.0560695007443,0.0,2968.8671875,6650.0,35.224013663988444
1409,0.4106217920780182,476.394734878093,0.0,2968.8671875,6650.0,35.24797815899365
1410,0.785828709602356,590.9299543648958,0.0,2968.8671875,6650.0,35.27184748998843
1411,0.44293877482414246,719.8148389458656,0.0,2968.8671875,6650.0,35.29570767599216
1412,0.43187281489372253,574.606506396085,0.0,2968.8671875,6650.0,35.31964316999074
1413,0.4110896587371826,395.55500384792686,0.0,2968.8671875,6650.0,35.34355986499577
1414,0.42663219571113586,610.5650608316064,0.0,2968.8671875,6650.0,35.36742011399474
1415,0.797311007976532,592.032051242888,0.0,2968.8671875,6650.0,35.391497775999596
1416,0.5171394944190979,541.875572938472,0.0,2968.8671875,6650.0,35.41546102699067
1417,0.4522083103656769,589.0539378225803,0.0,2968.8671875,6650.0,35.439346421990194
1418,0.5512104034423828,516.9686043485999,0.0,2968.8671875,6650.0,35.46323233599833
1419,0.5279597043991089,519.6292361170053,0.0,2968.8671875,6650.0,35.48712484000134
1420,0.4706994295120239,653.8583441674709,0.0,2968.8671875,6650.0,35.511023044993635
1421,0.45669275522232056,486.11576372012496,0.0,2968.8671875,6650.0,35.5350208000018
1422,0.4759042263031006,489.65135015547276,0.0,2968.8671875,6650.0,35.55892142000084
1423,0.6302656531333923,501.6647157110274,0.0,2968.8671875,6650.0,35.58281459599675
1424,0.7994474172592163,378.711080737412,0.0,2968.8671875,6650.0,35.606789070996456
1425,0.6762252449989319,782.179638415575,0.0,2968.8671875,6650.0,35.63070312599302
1426,0.41160768270492554,383.05377190187573,0.0,2968.8671875,6650.0,35.65459321999515
1427,0.3556176722049713,423.3982124105096,0.0,2968.8671875,6650.0,35.678564299989375
1428,0.4539019763469696,975.7557025849819,0.0,2968.8671875,6650.0,35.70259073899069
1429,0.4608752131462097,423.67987551540136,0.0,2968.8671875,6650.0,35.72645726299379
1430,0.5805481672286987,604.3879277482629,0.0,2968.8671875,6650.0,35.75033999099105
1431,0.39633843302726746,452.47624860703945,0.0,2968.8671875,6650.0,35.77448446699418
1432,0.8578808307647705,707.6204276531935,0.0,2968.8671875,6650.0,35.79827526099689
1433,0.8200032114982605,817.1619788110256,0.0,2968.8671875,6650.0,35.82260985398898
1434,0.5770882368087769,571.6306933164597,0.0,2968.8671875,6650.0,35.846570515001076
1435,0.7646915316581726,679.4975247010589,0.0,2968.8671875,6650.0,35.87063163200219
1436,0.5381534099578857,443.9860892519355,0.0,2968.8671875,6650.0,35.894716044989764
1437,0.6493673324584961,495.3930323906243,0.0,2968.8671875,6650.0,35.91878977199667
1438,0.48577383160591125,640.9702520444989,0.0,2968.8671875,6650.0,35.94284186299774
1439,0.6594544053077698,748.7268628552556,0.0,2968.8671875,6650.0,35.96663679998892
1440,0.6494973301887512,647.7099837735295,0.0,2968.8671875,6650.0,35.99048123598914
1441,0.568760871887207,646.2918224334717,0.0,2968.8671875,6650.0,36.014392564000445
1442,0.7105457782745361,589.7661309093237,0.0,2968.8671875,6650.0,36.038688840999384
1443,0.6604796648025513,734.1640215963125,0.0,2968.8671875,6650.0,36.06266316700203
1444,0.5025444626808167,485.04304491728544,0.0,2968.8671875,6650.0,36.08660608199716
1445,0.5345589518547058,571.383162766695,0.0,2968.8671875,6650.0,36.11050885099394
1446,0.4366965591907501,426.43733172118664,0.0,2968.8671875,6650.0,36.134278603989515
1447,0.5480180382728577,484.6071945205331,0.0,2968.8671875,6650.0,36.158136161990114
1448,0.39221689105033875,437.3853390365839,0.0,2968.8671875,6650.0,36.18212596999365
1449,0.4035174250602722,450.4848555251956,0.0,2968.8671875,6650.0,36.205984852000256
1450,0.4401460289955139,778.5679286718369,0.0,2968.8671875,6650.0,36.22980317600013
1451,0.3893757164478302,584.6637188494205,0.0,2968.8671875,6650.0,36.25396816599823
1452,0.39885446429252625,388.29731330275536,0.0,2968.8671875,6650.0,36.27787971799262
1453,0.49244263768196106,619.8774380944669,0.0,2968.8671875,6650.0,36.30164476299251
1454,0.5947898030281067,755.2226839959621,0.0,2968.8671875,6650.0,36.32556474399462
1455,0.3548182547092438,378.21514692530036,0.0,2968.8671875,6650.0,36.349503228993854
1456,0.47123852372169495,574.6590799763799,0.0,2968.8671875,6650.0,36.37314986898855
1457,0.6011034250259399,695.1467997506261,0.0,2968.8671875,6650.0,36.39725942899531
1458,0.4882373511791229,904.281386256218,0.0,2968.8671875,6650.0,36.42141264899692
1459,0.3934513330459595,328.5542795583606,0.0,2968.8671875,6650.0,36.44538906800153
1460,0.4808260202407837,497.64141768962145,0.0,2968.8671875,6650.0,36.46952185498958
1461,0.9158492684364319,1384.8657671809196,0.0,2968.8671875,6650.0,36.49343129199406
1462,0.48773759603500366,674.6512215360999,0.0,2968.8671875,6650.0,36.517381250989274
1463,0.5419973134994507,609.0976669639349,0.0,2968.8671875,6650.0,36.54128260999278
1464,0.5107170343399048,585.998965702951,0.0,2968.8671875,6650.0,36.56526135800232
1465,0.6261234879493713,759.1151013672352,0.0,2968.8671875,6650.0,36.58913487799873
1466,0.4936119616031647,729.547161757946,0.0,2968.8671875,6650.0,36.61321104998933
1467,0.5932291150093079,532.7246625721455,0.0,2968.8671875,6650.0,36.6370509309927
1468,0.714940071105957,608.5308623276651,0.0,2968.8671875,6650.0,36.660981847991934
1469,0.6682575345039368,581.1245418824255,0.0,2968.8671875,6650.0,36.68520780999097
1470,0.39554286003112793,409.4997009113431,0.0,2968.8671875,6650.0,36.70929185100249
1471,0.691650927066803,697.3052118942142,0.0,2968.8671875,6650.0,36.73324996398878
1472,0.5455043315887451,470.00549933314323,0.0,2968.8671875,6650.0,36.75717342700227
1473,0.5649347305297852,672.2972587049007,0.0,2968.8671875,6650.0,36.78115859699028
1474,0.5464282631874084,578.7072091475129,0.0,2968.8671875,6650.0,36.8051638600009
1475,0.4509294927120209,924.8260982111096,0.0,2968.8671875,6650.0,36.8290387189918
1476,0.4732109010219574,471.37685368955135,0.0,2968.8671875,6650.0,36.85309298399079
1477,0.4785062074661255,446.3193163201213,0.0,2968.8671875,6650.0,36.87702746898867
1478,0.5223661661148071,542.8967872001231,0.0,2968.8671875,6650.0,36.901301498000976
1479,0.8727285265922546,827.6284207031131,0.0,2968.8671875,6650.0,36.925206874992
1480,0.585088849067688,561.492941789329,0.0,2968.8671875,6650.0,36.94887315599772
1481,0.5148947834968567,986.3181540220976,0.0,2968.8671875,6650.0,36.972846746997675
1482,0.6346880793571472,690.3190498277545,0.0,2968.8671875,6650.0,36.99686156200187
1483,0.3479616343975067,482.79092337191105,0.0,2968.8671875,6650.0,37.020760061990586
1484,0.42882221937179565,516.9880397841334,0.0,2968.8671875,6650.0,37.04465362698829
1485,0.5797902345657349,685.7101369053125,0.0,2968.8671875,6650.0,37.0685016639909
1486,0.6021135449409485,771.9358914494514,0.0,2968.8671875,6650.0,37.09243878599955
1487,0.6071344614028931,927.3835208192468,0.0,2968.8671875,6650.0,37.11660992600082
1488,0.4808231592178345,636.0023384094238,0.0,2968.8671875,6650.0,37.14061781798955
1489,0.4892368018627167,710.0648128986359,0.0,2968.8671875,6650.0,37.165271545993164
1490,0.634967565536499,649.2638550847769,0.0,2968.8671875,6650.0,37.18930842199188
1491,0.37408000230789185,321.2027065679431,0.0,2968.8671875,6650.0,37.21323963499162
1492,0.5197893977165222,520.7815184779465,0.0,2968.8671875,6650.0,37.237149185995804
1493,0.40368056297302246,372.83220433443785,0.0,2968.8671875,6650.0,37.26112700199883
1494,0.48815247416496277,313.2735216394067,0.0,2968.8671875,6650.0,37.28506996500073
1495,0.579871416091919,818.2429369390011,0.0,2968.8671875,6650.0,37.308938112997566
1496,0.3245987594127655,352.3335044234991,0.0,2968.8671875,6650.0,37.33302692299185
1497,0.40428224205970764,740.237969852984,0.0,2968.8671875,6650.0,37.35701363100088
1498,0.6367171406745911,852.9206034839153,0.0,2968.8671875,6650.0,37.38097033799568
1499,0.3937973082065582,306.4341460429132,0.0,2968.8671875,6650.0,37.40496292199532
1500,0.5725573897361755,558.7925161086023,0.0,2968.8671875,6650.0,37.42893306299811
1501,0.42359215021133423,456.5190627425909,0.0,2968.8671875,6650.0,37.45299259599415
1502,0.6411895155906677,650.2599020972848,0.0,2968.8671875,6650.0,37.476809310988756
1503,0.5069756507873535,960.8148231804371,0.0,2968.8671875,6650.0,37.500709043000825
1504,0.37161701917648315,457.05392726510763,0.0,2968.8671875,6650.0,37.52461456898891
1505,0.6215368509292603,450.1623749397695,0.0,2968.8671875,6650.0,37.54886627200176
1506,0.4640858769416809,525.774866104126,0.0,2968.8671875,6650.0,37.57276856199314
1507,0.6256623268127441,1186.3511611521244,0.0,2968.8671875,6650.0,37.59667906499817
1508,0.6562786102294922,749.7453609332442,0.0,2968.8671875,6650.0,37.62075948900019
1509,0.5879247188568115,681.9444772824645,0.0,2968.8671875,6650.0,37.64468577998923
1510,0.5731566548347473,974.7617616355419,0.0,2968.8671875,6650.0,37.66851649999444
1511,0.39108914136886597,937.5877203270793,0.0,2968.8671875,6650.0,37.692395418998785
1512,0.5149739384651184,502.4252099469304,0.0,2968.8671875,6650.0,37.71631840299233
1513,0.4483824670314789,694.82087649405,0.0,2968.8671875,6650.0,37.740192487995955
1514,0.4566571116447449,861.4681528359652,0.0,2968.8671875,6650.0,37.76437791698845
1515,0.5176733136177063,573.2868858650327,0.0,2968.8671875,6650.0,37.78838016599184
1516,0.9351744055747986,801.962888494134,0.0,2968.8671875,6650.0,37.81231908799964
1517,0.42191383242607117,566.085469558835,0.0,2968.8671875,6650.0,37.83632371699787
1518,0.5864347815513611,678.9217177480459,0.0,2968.8671875,6650.0,37.86034908599686
1519,0.8265712857246399,538.6248108670115,0.0,2968.8671875,6650.0,37.88405337599397
1520,0.7539385557174683,1246.51554068923,0.0,2968.8671875,6650.0,37.90814269900147
1521,0.3374789357185364,1433.6491747647524,0.0,2968.8671875,6650.0,37.93213569698855
1522,0.6128334403038025,906.7995067089796,0.0,2968.8671875,6650.0,37.9560391039995
1523,0.5055733919143677,561.9337575063109,0.0,2968.8671875,6650.0,37.98034466999525
1524,0.5241027474403381,655.498059257865,0.0,2968.8671875,6650.0,38.00422889699985
1525,0.35131555795669556,1120.6825398728251,0.0,2968.8671875,6650.0,38.02805481800169
1526,0.6240935921669006,986.3373194038868,0.0,2968.8671875,6650.0,38.052008225989994
1527,0.4328864812850952,421.9090845696628,0.0,2968.8671875,6650.0,38.07596688299964
1528,0.5700551867485046,650.0815441608429,0.0,2968.8671875,6650.0,38.09991593899031
1529,0.589084804058075,651.1256648078561,0.0,2968.8671875,6650.0,38.123823313988396
1530,0.47379207611083984,621.1812132745981,0.0,2968.8671875,6650.0,38.14778132099309
1531,0.44661667943000793,434.805061660707,0.0,2968.8671875,6650.0,38.171715082993614
1532,0.4893639087677002,722.0555122420192,0.0,2968.8671875,6650.0,38.19587646498985
1533,0.39605966210365295,575.013624086976,0.0,2968.8671875,6650.0,38.219649915990885
1534,0.4621706008911133,670.2088396027684,0.0,2968.8671875,6650.0,38.24358875300095
1535,0.4405215382575989,543.9002714902163,0.0,2968.8671875,6650.0,38.26721436699154
1536,0.5831656455993652,1033.1104608774185,0.0,2968.8671875,6650.0,38.29120979899017
1537,0.39047539234161377,799.2862550020218,0.0,2968.8671875,6650.0,38.3150919329928
1538,0.48225468397140503,640.9898221641779,0.0,2968.8671875,6650.0,38.338901007999084
1539,0.44631391763687134,603.7672689557076,0.0,2968.8671875,6650.0,38.36276948399609
1540,0.7926952838897705,855.2506235130131,0.0,2968.8671875,6650.0,38.386795555998106
1541,0.4784436821937561,726.6240387037396,0.0,2968.8671875,6650.0,38.41116352198878
1542,0.5086178183555603,1118.131054610014,0.0,2968.8671875,6650.0,38.43511608999688
1543,0.594931423664093,884.2999149262905,0.0,2968.8671875,6650.0,38.458977585993125
1544,0.5287514328956604,661.6736591234803,0.0,2968.8671875,6650.0,38.4828455659881
1545,0.513739824295044,769.2427935153246,0.0,2968.8671875,6650.0,38.50673894799547
1546,0.44887635111808777,1050.5645881593227,0.0,2968.8671875,6650.0,38.53059488099825
1547,0.6174835562705994,628.7607197016478,0.0,2968.8671875,6650.0,38.55429770999763
1548,0.547013521194458,584.8908777162433,0.0,2968.8671875,6650.0,38.57819567299157
1549,0.49002835154533386,511.2026974186301,0.0,2968.8671875,6650.0,38.60215657998924
1550,0.6038258671760559,958.245161421597,0.0,2968.8671875,6650.0,38.626334364002105
1551,0.6273290514945984,460.4826046600938,0.0,2968.8671875,6650.0,38.65001162799308
1552,0.5552183389663696,508.6011436879635,0.0,2968.8671875,6650.0,38.673938899999484
1553,0.40889590978622437,663.644437789917,0.0,2968.8671875,6650.0,38.69782224298979
1554,0.4612281620502472,526.8524566888809,0.0,2968.8671875,6650.0,38.72181634999288
1555,0.37175649404525757,412.7581611350179,0.0,2968.8671875,6650.0,38.7457455979893
1556,0.6281121969223022,596.7643640749156,0.0,2968.8671875,6650.0,38.76969380099035
1557,0.6526581048965454,751.0726768672466,0.0,2968.8671875,6650.0,38.79367939798976
1558,0.417253315448761,544.1485001817346,0.0,2968.8671875,6650.0,38.817650473996764
1559,0.3786926865577698,416.17412075027823,0.0,2968.8671875,6650.0,38.84190619099536
1560,0.6274480819702148,727.2747484147549,0.0,2968.8671875,6650.0,38.86587989098916
1561,0.45441558957099915,527.9681441262364,0.0,2968.8671875,6650.0,38.8897622259974
1562,0.35888877511024475,628.8087865635753,0.0,2968.8671875,6650.0,38.91393578700081
1563,0.4566193222999573,633.6870270110667,0.0,2968.8671875,6650.0,38.93805897999846
1564,0.34555667638778687,337.05012690648437,0.0,2968.8671875,6650.0,38.96191659999022
1565,0.5648964643478394,781.4343881756067,0.0,2968.8671875,6650.0,38.985807951990864
1566,0.4472256004810333,572.295312859118,0.0,2968.8671875,6650.0,39.009631323002395
1567,0.47673386335372925,697.937146037817,0.0,2968.8671875,6650.0,39.03358916800062
1568,0.6223971843719482,605.9570196643472,0.0,2968.8671875,6650.0,39.057792614999926
1569,0.8381639719009399,832.4243114590645,0.0,2968.8671875,6650.0,39.0818478979927
1570,0.4080938696861267,523.5611053854227,0.0,2968.8671875,6650.0,39.105707229988184
1571,0.6738625168800354,775.2851020395756,0.0,2968.8671875,6650.0,39.12962112699461
1572,0.6259852647781372,664.4910604357719,0.0,2968.8671875,6650.0,39.15374936799344
1573,0.7982468605041504,436.6932031773031,0.0,2968.8671875,6650.0,39.17770447199291
1574,0.6697304248809814,1077.6929147094488,0.0,2968.8671875,6650.0,39.20156392599165
1575,0.42649251222610474,653.3185017853975,0.0,2968.8671875,6650.0,39.22551520599518
1576,0.4211297631263733,920.7919715493917,0.0,2968.8671875,6650.0,39.24941022798885
1577,0.45848318934440613,600.6837587729096,0.0,2968.8671875,6650.0,39.27365857899713
1578,0.4134569466114044,771.1948976740241,0.0,2968.8671875,6650.0,39.2977185369964
1579,0.6028578877449036,582.782539114356,0.0,2968.8671875,6650.0,39.3216442099947
1580,0.6329453587532043,716.2060595825315,0.0,2968.8671875,6650.0,39.34559462899051
1581,0.40783289074897766,544.3387633189559,0.0,2968.8671875,6650.0,39.36959009199927
1582,0.4990825951099396,703.7125747203827,0.0,2968.8671875,6650.0,39.393480761995306
1583,0.31481483578681946,499.5050750300288,0.0,2968.8671875,6650.0,39.41744501699577
1584,0.48512402176856995,607.86576859653,0.0,2968.8671875,6650.0,39.44143886498932
1585,0.3672402799129486,683.1955375820398,0.0,2968.8671875,6650.0,39.4654261849937
1586,0.41802605986595154,553.446629870683,0.0,2968.8671875,6650.0,39.48955974398996
1587,0.4155122935771942,287.5454701296985,0.0,2968.8671875,6650.0,39.51346344398917
1588,0.6452443599700928,686.7097808122635,0.0,2968.8671875,6650.0,39.5375200129929
1589,0.4873311221599579,601.0274118334055,0.0,2968.8671875,6650.0,39.56150489699212
1590,0.34837472438812256,517.0127886682749,0.0,2968.8671875,6650.0,39.5854083049926
1591,0.4731783866882324,594.8940536677837,0.0,2968.8671875,6650.0,39.609191885989276
1592,0.5241593718528748,656.0736926198006,0.0,2968.8671875,6650.0,39.633096303994535
1593,0.3774432837963104,477.2617559619248,0.0,2968.8671875,6650.0,39.65714000898879
1594,0.31200894713401794,405.21462759003043,0.0,2968.8671875,6650.0,39.68100907999906
1595,0.5337380170822144,1075.9380260109901,0.0,2968.8671875,6650.0,39.705017036001664
1596,0.3819981813430786,467.2257921099663,0.0,2968.8671875,6650.0,39.72888272999262
1597,0.46968135237693787,418.3467551022768,0.0,2968.8671875,6650.0,39.752814254999976
1598,0.8285308480262756,556.2321621999145,0.0,2968.8671875,6650.0,39.77647739899112
1599,0.3154120147228241,473.0955754816532,0.0,2968.8671875,6650.0,39.8005485629983
1600,0.46159231662750244,659.1776649281383,0.0,2968.8671875,6650.0,39.82445982299396
1601,0.8569588661193848,849.0621174275875,0.0,2968.8671875,6650.0,39.848586601990974
1602,0.33396047353744507,438.4408449232578,0.0,2968.8671875,6650.0,39.87252826199983
1603,0.60090571641922,752.4060422182083,0.0,2968.8671875,6650.0,39.89652916799241
1604,0.49721571803092957,466.88235530257225,0.0,2968.8671875,6650.0,39.921141493992764
1605,0.4498863220214844,405.39985482767224,0.0,2968.8671875,6650.0,39.94513099300093
1606,0.354547381401062,383.59490663558245,0.0,2968.8671875,6650.0,39.96898038299696
1607,0.4474029839038849,449.3398802727461,0.0,2968.8671875,6650.0,39.99275520000083
1608,0.5006632208824158,755.9899443238974,0.0,2968.8671875,6650.0,40.016485931992065
1609,0.4011618494987488,310.5671132132411,0.0,2968.8671875,6650.0,40.04031488799956
1610,0.43196001648902893,422.57650093734264,0.0,2968.8671875,6650.0,40.06430849999015
1611,0.4550549387931824,493.2553196363151,0.0,2968.8671875,6650.0,40.08825517699006
1612,0.3350742757320404,310.9761166535318,0.0,2968.8671875,6650.0,40.11209164898901
1613,0.5738231539726257,670.9088443890214,0.0,2968.8671875,6650.0,40.136348457992426
1614,0.46350595355033875,663.9896188899875,0.0,2968.8671875,6650.0,40.16031361899513
1615,0.3604656755924225,531.5184304192662,0.0,2968.8671875,6650.0,40.18429691299389
1616,0.3962351083755493,366.1797598004341,0.0,2968.8671875,6650.0,40.2082494829956
1617,0.4203025996685028,389.80530938506126,0.0,2968.8671875,6650.0,40.23225501399429
1618,0.5427458882331848,779.4720100611448,0.0,2968.8671875,6650.0,40.25613785099995
1619,0.6430813074111938,911.4249105453491,0.0,2968.8671875,6650.0,40.280102385993814
1620,0.3839975893497467,525.0457839071751,0.0,2968.8671875,6650.0,40.30407304500113
1621,0.7751191258430481,836.9881747327745,0.0,2968.8671875,6650.0,40.3278283559921
1622,0.3354920744895935,266.4091160092503,0.0,2968.8671875,6650.0,40.35215603400138
1623,0.47546422481536865,547.8870023041964,0.0,2968.8671875,6650.0,40.37618665599439
1624,0.3693632185459137,539.732483509928,0.0,2968.8671875,6650.0,40.40026982600102
1625,0.5205156803131104,635.7392971664667,0.0,2968.8671875,6650.0,40.42446723100147
1626,0.40614402294158936,564.2660628147423,0.0,2968.8671875,6650.0,40.448494461001246
1627,0.47816386818885803,782.167449451983,0.0,2968.8671875,6650.0,40.472524501994485
1628,0.7193295359611511,827.965412914753,0.0,2968.8671875,6650.0,40.496441675000824
1629,0.6795779466629028,403.48876025900245,0.0,2968.8671875,6650.0,40.520080677990336
1630,0.45427632331848145,342.68674214184284,0.0,2968.8671875,6650.0,40.54401528899325
1631,0.32505112886428833,308.01347328722477,0.0,2968.8671875,6650.0,40.568270682997536
1632,0.5234699845314026,653.513255789876,0.0,2968.8671875,6650.0,40.592254233997664
1633,0.47172024846076965,391.76239331811666,0.0,2968.8671875,6650.0,40.616258722002385
1634,0.578099250793457,534.8715053796768,0.0,2968.8671875,6650.0,40.64012753398856
1635,0.3616463243961334,582.5278042703867,0.0,2968.8671875,6650.0,40.66418276699551
1636,0.7923017144203186,691.2401091903448,0.0,2968.8671875,6650.0,40.68820401599805
1637,0.6160613298416138,797.1582329273224,0.0,2968.8671875,6650.0,40.712334876996465
1638,0.2648642659187317,413.8852637782693,0.0,2968.8671875,6650.0,40.7362584569928
1639,0.47498613595962524,481.8709129691124,0.0,2968.8671875,6650.0,40.7602548559953
1640,0.42389094829559326,419.26437255740166,0.0,2968.8671875,6650.0,40.78444190899609
1641,0.35646384954452515,556.7373503148556,0.0,2968.8671875,6650.0,40.808385819997056
1642,0.4275698959827423,468.79658930003643,0.0,2968.8671875,6650.0,40.83228434599005
1643,0.3041556775569916,374.27129815518856,0.0,2968.8671875,6650.0,40.85636365499522
1644,0.5695328116416931,611.1824902519584,0.0,2968.8671875,6650.0,40.88030531498953
1645,0.5587857365608215,659.514178276062,0.0,2968.8671875,6650.0,40.90433525199478
1646,0.2381514012813568,352.67128698527813,0.0,2968.8671875,6650.0,40.928623506988515
1647,0.30880922079086304,487.01625233516097,0.0,2968.8671875,6650.0,40.952782552994904
1648,0.535476803779602,586.9031102508307,0.0,2968.8671875,6650.0,40.97682262198941
1649,0.7626152038574219,765.2792152613401,0.0,2968.8671875,6650.0,41.00095871600206
1650,0.4619760513305664,656.3395443335176,0.0,2968.8671875,6650.0,41.02491943999485
1651,0.4262886047363281,563.5025445818901,0.0,2968.8671875,6650.0,41.04889770998852
1652,0.590814471244812,886.8895246982574,0.0,2968.8671875,6650.0,41.072875510988524
1653,0.5547059774398804,557.5387346036732,0.0,2968.8671875,6650.0,41.096903209996526
1654,0.556557834148407,694.1075291186571,0.0,2968.8671875,6650.0,41.12083487099153
1655,0.5116370320320129,615.5760110653937,0.0,2968.8671875,6650.0,41.144977366988314
1656,0.5795287489891052,1142.5011631697416,0.0,2968.8671875,6650.0,41.16944175299432
1657,0.6971527338027954,901.9409584179521,0.0,2968.8671875,6650.0,41.19355405299575
1658,0.335182785987854,309.7880344744772,0.0,2968.8671875,6650.0,41.21775095099292
1659,0.3889251947402954,472.09428229928017,0.0,2968.8671875,6650.0,41.2417430219939
1660,0.37873050570487976,334.0304520688951,0.0,2968.8671875,6650.0,41.26578473299742
1661,0.4086702764034271,327.03434190526605,0.0,2968.8671875,6650.0,41.28967214899603
1662,0.6004841923713684,728.3100775554776,0.0,2968.8671875,6650.0,41.313652393990196
1663,0.3743586242198944,481.8414574638009,0.0,2968.8671875,6650.0,41.33759330199973
1664,0.7203478217124939,1106.6025029420853,0.0,2968.8671875,6650.0,41.36164023898891
1665,0.4905916452407837,534.1085381135345,0.0,2968.8671875,6650.0,41.3855160499952
1666,0.4405989944934845,657.3142473883927,0.0,2968.8671875,6650.0,41.409622930994374
1667,0.5031903982162476,937.7493482977152,0.0,2968.8671875,6650.0,41.4339621370018
1668,0.43536728620529175,589.4364978149533,0.0,2968.8671875,6650.0,41.45791305799503
1669,0.32253578305244446,288.3209022805095,0.0,2968.8671875,6650.0,41.481801874993835
1670,0.4309525489807129,501.8577860593796,0.0,2968.8671875,6650.0,41.5057805999968
1671,0.4411865174770355,543.9257946312428,0.0,2968.8671875,6650.0,41.52972275399952
1672,0.46400949358940125,738.7384701371193,0.0,2968.8671875,6650.0,41.553733627995825
1673,0.4512993395328522,650.2864447534084,0.0,2968.8671875,6650.0,41.57775197699084
1674,0.3818797469139099,314.63977415673435,0.0,2968.8671875,6650.0,41.60167666900088
1675,0.3958292603492737,497.3392866998911,0.0,2968.8671875,6650.0,41.62567658399348
1676,0.4255877435207367,707.5661799535155,0.0,2968.8671875,6650.0,41.64987403398845
1677,0.5975209474563599,706.8859520703554,0.0,2968.8671875,6650.0,41.673817034999956
1678,0.4366457164287567,565.0117012485862,0.0,2968.8671875,6650.0,41.697855788996094
1679,0.7111880779266357,539.1592521592975,0.0,2968.8671875,6652.0,41.72184494500107
1680,0.5593439340591431,827.2262286841869,0.0,2968.8671875,6652.0,41.74598065498867
1681,0.5866634845733643,896.3316639214754,0.0,2968.8671875,6652.0,41.769959282988566
1682,0.7186827063560486,891.6029866784811,0.0,2968.8671875,6652.0,41.79392347599787
1683,0.5411190986633301,545.0045137666166,0.0,2968.8671875,6652.0,41.81813629399403
1684,0.45695552229881287,655.8050640523434,0.0,2968.8671875,6652.0,41.84209537899005
1685,0.44182640314102173,572.6813124530017,0.0,2968.8671875,6652.0,41.8664779469982
1686,0.408814936876297,516.0706244856119,0.0,2968.8671875,6652.0,41.89041721398826
1687,0.7612372040748596,571.0426394417882,0.0,2968.8671875,6652.0,41.9142618199985
1688,0.37212327122688293,638.9508147537708,0.0,2968.8671875,6652.0,41.9383952079952
1689,0.5448821783065796,1029.6890373378992,0.0,2968.8671875,6652.0,41.96225090099324
1690,0.5260108113288879,922.698400452733,0.0,2968.8671875,6652.0,41.98629849898862
1691,0.45882901549339294,648.210146844387,0.0,2968.8671875,6652.0,42.01019645998895
1692,0.4997725486755371,748.7965991869569,0.0,2968.8671875,6652.0,42.03418095099914
1693,0.3683290183544159,540.2906579077244,0.0,2968.8671875,6652.0,42.05817317099718
1694,0.5856584310531616,1368.2117946594954,0.0,2968.8671875,6652.0,42.08244204700168
1695,0.35033053159713745,471.4182967096567,0.0,2968.8671875,6652.0,42.10636652298854
1696,0.4497315287590027,761.6547779664397,0.0,2968.8671875,6652.0,42.13040369100054
1697,0.4527839720249176,733.0262964516878,0.0,2968.8671875,6652.0,42.15438418199483
1698,0.4585641622543335,750.4311487004161,0.0,2968.8671875,6652.0,42.1783674069884
1699,0.42380309104919434,625.7312883362174,0.0,2968.8671875,6652.0,42.202355162997264
1700,0.6379177570343018,643.2495957016945,0.0,2968.8671875,6652.0,42.22620428999653
1701,0.5566685795783997,659.462140865624,0.0,2968.8671875,6652.0,42.25043589899724
1702,0.49274614453315735,771.0372389107943,0.0,2968.8671875,6652.0,42.274366990997805
1703,0.34123823046684265,710.2367231547832,0.0,2968.8671875,6652.0,42.298677485989174
1704,0.49286773800849915,759.4866852909327,0.0,2968.8671875,6652.0,42.322650192989386
1705,0.525879979133606,461.5989792495966,0.0,2968.8671875,6652.0,42.34660921499017
1706,0.4356158375740051,897.9195570200682,0.0,2968.8671875,6652.0,42.37065904799965
1707,0.4379938840866089,517.3956439122558,0.0,2968.8671875,6652.0,42.39457018500252
1708,0.492556095123291,483.7128959596157,0.0,2968.8671875,6652.0,42.418704691997846
1709,0.6787191033363342,662.7123699188232,0.0,2968.8671875,6652.0,42.4428036249883
1710,0.7032968997955322,922.3701705783606,0.0,2968.8671875,6652.0,42.466803980001714
1711,0.38100406527519226,655.4821029826999,0.0,2968.8671875,6652.0,42.49081577899051
1712,0.5104431509971619,662.5437156632543,0.0,2968.8671875,6652.0,42.51499434799189
1713,0.5254261493682861,558.8353143110871,0.0,2968.8671875,6652.0,42.538921442988794
1714,0.43896499276161194,614.7372136414051,0.0,2968.8671875,6652.0,42.56285929599835
1715,0.4586929678916931,530.923355512321,0.0,2968.8671875,6652.0,42.586807567990036
1716,0.4634314775466919,776.3801251202822,0.0,2968.8671875,6652.0,42.61085191399616
1717,0.40823549032211304,420.72169868275523,0.0,2968.8671875,6652.0,42.63474602600036
1718,0.3752785921096802,646.7915554866195,0.0,2968.8671875,6652.0,42.65877063199878
1719,0.5398497581481934,491.0931538641453,0.0,2968.8671875,6652.0,42.682688219996635
1720,0.35014232993125916,401.8876756839454,0.0,2968.8671875,6652.0,42.70656295699882
1721,0.5664007067680359,611.7666045874357,0.0,2968.8671875,6652.0,42.730790435001836
1722,0.3412400484085083,340.1069465316832,0.0,2968.8671875,6652.0,42.75486724299844
1723,0.8647577166557312,513.9981930404902,0.0,2968.8671875,6652.0,42.77864666200185
1724,0.39955151081085205,669.192079000175,0.0,2968.8671875,6652.0,42.80262278000009
1725,0.6314805746078491,711.5243511125445,0.0,2968.8671875,6652.0,42.82684291899204
1726,0.3700695335865021,440.268695641309,0.0,2968.8671875,6652.0,42.85085004600114
1727,0.4234296679496765,383.1041322015226,0.0,2968.8671875,6652.0,42.87486343699857
1728,0.4326695501804352,493.11603547632694,0.0,2968.8671875,6652.0,42.89882871200098
1729,0.3869972825050354,882.4066151306033,0.0,2968.8671875,6652.0,42.922967528997106
1730,0.4109935760498047,342.76790057867765,0.0,2968.8671875,6652.0,42.94741538500239
1731,0.5863053798675537,674.7669079601765,0.0,2968.8671875,6652.0,42.9713693389931
1732,0.41661086678504944,347.86459922418,0.0,2968.8671875,6652.0,42.9953393679898
1733,0.3750009536743164,334.44416220486164,0.0,2968.8671875,6652.0,43.01931580599921
1734,0.360811710357666,323.94182995706797,0.0,2968.8671875,6652.0,43.043146194992005
1735,0.4158605635166168,468.7034199871123,0.0,2968.8671875,6652.0,43.06718475699017
1736,0.49663788080215454,945.3916564881802,0.0,2968.8671875,6652.0,43.091164459998254
1737,0.666941225528717,711.5681022554636,0.0,2968.8671875,6652.0,43.115175815997645
1738,0.4945889413356781,597.5154801979661,0.0,2968.8671875,6652.0,43.13910331399529
1739,0.45644843578338623,575.3686002641916,0.0,2968.8671875,6652.0,43.163961678001215
1740,0.33882880210876465,450.3129600174725,0.0,2968.8671875,6652.0,43.1880576859985
1741,0.3156270980834961,490.863409653306,0.0,2968.8671875,6652.0,43.212005192996
1742,0.35020408034324646,552.5824117958546,0.0,2968.8671875,6652.0,43.236033283988945
1743,0.37860697507858276,296.9403065368533,0.0,2968.8671875,6652.0,43.25999875999696
1744,0.243941068649292,355.4222442936152,0.0,2968.8671875,6652.0,43.28382781299297
1745,0.2631061375141144,736.0113775916398,0.0,2968.8671875,6652.0,43.30778515100246
1746,0.38085445761680603,484.1052273064852,0.0,2968.8671875,6652.0,43.331708957994124
1747,0.41650986671447754,595.1171584203839,0.0,2968.8671875,6652.0,43.35567804898892
1748,0.6072971820831299,985.8459091484547,0.0,2968.8671875,6652.0,43.379901541993604
1749,0.39841943979263306,428.69250312820077,0.0,2968.8671875,6652.0,43.403858648991445
1750,0.5462567806243896,696.2144751697779,0.0,2968.8671875,6652.0,43.428040732993395
1751,0.42348894476890564,316.5337014105171,0.0,2968.8671875,6652.0,43.452187638991745
1752,0.31315693259239197,442.6731732338667,0.0,2968.8671875,6652.0,43.476158206001855
1753,0.5115089416503906,439.1398180499673,0.0,2968.8671875,6652.0,43.50018048299535
1754,0.5816649198532104,658.1368488371372,0.0,2968.8671875,6652.0,43.52421152900206
1755,0.4216404855251312,444.5428459197283,0.0,2968.8671875,6652.0,43.54829666999285
1756,0.47142747044563293,475.7975087463856,0.0,2968.8671875,6652.0,43.57230447800248
1757,0.6014472842216492,1073.527759090066,0.0,2968.8671875,6652.0,43.59656866500154
1758,0.37483659386634827,354.48494359850883,0.0,2968.8671875,6652.0,43.620561299991095
1759,0.3920426666736603,499.0973377674818,0.0,2968.8671875,6652.0,43.6445168969949
1760,0.4271692931652069,437.42630329728127,0.0,2968.8671875,6652.0,43.66850331099704
1761,0.5236510634422302,701.3647847510874,0.0,2968.8671875,6652.0,43.692303748990525
1762,0.689148485660553,861.7733198404312,0.0,2968.8671875,6652.0,43.71622474800097
1763,0.39589759707450867,598.5937500037253,0.0,2968.8671875,6652.0,43.74020655499771
1764,0.47150200605392456,499.2810389585793,0.0,2968.8671875,6652.0,43.76414458100044
1765,0.3927498757839203,533.6446928679943,0.0,2968.8671875,6652.0,43.78821082999639
1766,0.5758698582649231,532.4493667632341,0.0,2968.8671875,6652.0,43.81251395799336
1767,0.39740660786628723,544.0881320312619,0.0,2968.8671875,6652.0,43.836542359989835
1768,0.48687705397605896,535.1873469613492,0.0,2968.8671875,6652.0,43.86056349700084
1769,0.32385069131851196,314.2289849035442,0.0,2968.8671875,6652.0,43.884600371995475
1770,0.41391465067863464,632.4250648841262,0.0,2968.8671875,6652.0,43.90859027398983
1771,0.6551588773727417,747.9106369540095,0.0,2968.8671875,6652.0,43.93278210599965
1772,0.3977389633655548,459.68114607036114,0.0,2968.8671875,6652.0,43.95687463200011
1773,0.5783513784408569,597.043553635478,0.0,2968.8671875,6652.0,43.98079061899625
1774,0.4012220799922943,574.1565704345703,0.0,2968.8671875,6652.0,44.004795665998245
1775,0.45516014099121094,458.1217926032841,0.0,2968.8671875,6652.0,44.02900628600037
1776,0.5367521643638611,844.4891629889607,0.0,2968.8671875,6652.0,44.05295716699038
1777,0.49270957708358765,457.5496293157339,0.0,2968.8671875,6652.0,44.07689387600112
1778,0.44920873641967773,502.4804868400097,0.0,2968.8671875,6652.0,44.10081590698974
1779,0.3304865062236786,439.03958866000175,0.0,2968.8671875,6652.0,44.1247612379957
1780,0.4952850937843323,416.8431595787406,0.0,2968.8671875,6652.0,44.14884092999273
1781,0.4469575881958008,427.0137681402266,0.0,2968.8671875,6652.0,44.172831158997724
1782,0.6157735586166382,799.1719721183181,0.0,2968.8671875,6652.0,44.19675658699998
1783,0.374939888715744,605.4269986450672,0.0,2968.8671875,6652.0,44.22073323599761
1784,0.3787693977355957,405.57305747643113,0.0,2968.8671875,6652.0,44.244949012994766
1785,0.8404809236526489,868.2938181385398,0.0,2968.8671875,6652.0,44.268760905993986
1786,0.6136612296104431,860.8109392076731,0.0,2968.8671875,6652.0,44.29282139398856
1787,0.40492063760757446,278.44061448797584,0.0,2968.8671875,6652.0,44.316855074997875
1788,0.6666616797447205,844.9354431778193,0.0,2968.8671875,6652.0,44.34082089200092
1789,0.2276334911584854,290.77504736557603,0.0,2968.8671875,6652.0,44.36486541999329
1790,0.4300502836704254,352.8081942163408,0.0,2968.8671875,6652.0,44.38881312900048
1791,0.3640958070755005,427.8552736751735,0.0,2968.8671875,6652.0,44.412946475989884
1792,0.5473806262016296,535.2149048224092,0.0,2968.8671875,6652.0,44.437165045994334
1793,0.5676872134208679,502.48525576666,0.0,2968.8671875,6652.0,44.461576030997094
1794,0.6548635363578796,657.6458966545761,0.0,2968.8671875,6652.0,44.48558466800023
1795,0.3558310270309448,277.63770957291126,0.0,2968.8671875,6652.0,44.50964718699106
1796,0.874965488910675,765.7562901228666,0.0,2968.8671875,6652.0,44.53361940399918
1797,0.5181977152824402,533.2880011610687,0.0,2968.8671875,6652.0,44.5577383429918
1798,0.3947765529155731,351.746308658272,0.0,2968.8671875,6652.0,44.58174150799459
1799,0.38874199986457825,557.3584291413426,0.0,2968.8671875,6652.0,44.605567392995
1800,0.5281764268875122,838.8800535276532,0.0,2968.8671875,6652.0,44.62954968799022
1801,0.5829263925552368,964.9627608656883,0.0,2968.8671875,6652.0,44.65385330199206
1802,0.4750951826572418,432.0794997215271,0.0,2968.8671875,6652.0,44.67810517999169
1803,0.4315083622932434,670.3205716609955,0.0,2968.8671875,6652.0,44.70209760699072
1804,0.26622676849365234,369.2035850994289,0.0,2968.8671875,6652.0,44.72615244999179
1805,0.5873963832855225,486.35658276081085,0.0,2968.8671875,6652.0,44.750250225988566
1806,0.49454882740974426,833.1142528578639,0.0,2968.8671875,6652.0,44.77447247799137
1807,0.37496745586395264,565.2275788597763,0.0,2968.8671875,6652.0,44.798653302001185
1808,0.3124368190765381,388.03529342263937,0.0,2968.8671875,6652.0,44.82260813299217
1809,0.4010560214519501,458.91664131730795,0.0,2968.8671875,6652.0,44.84683170399512
1810,0.5030497312545776,478.06760984286666,0.0,2968.8671875,6652.0,44.87087160299416
1811,0.38457977771759033,401.7508619129658,0.0,2968.8671875,6652.0,44.895116530999076
1812,0.603275716304779,870.3119564205408,0.0,2968.8671875,6652.0,44.919171400993946
1813,0.49367663264274597,590.6543932408094,0.0,2968.8671875,6652.0,44.94333104600082
1814,0.5027633309364319,999.2803716361523,0.0,2968.8671875,6652.0,44.967363202988054
1815,0.5065752863883972,648.6817669272423,0.0,2968.8671875,6652.0,44.99142931299866
1816,0.4925989806652069,627.281051158905,0.0,2968.8671875,6652.0,45.015323774001445
1817,0.4062826335430145,613.3442039489746,0.0,2968.8671875,6652.0,45.0392526450014
1818,0.4280441403388977,458.910092510283,0.0,2968.8671875,6652.0,45.06322584798909
1819,0.36310598254203796,342.3858393765986,0.0,2968.8671875,6652.0,45.08725682098884
1820,0.43685203790664673,489.8590698428452,0.0,2968.8671875,6652.0,45.11147282300226
1821,0.44827353954315186,332.14716420322657,0.0,2968.8671875,6652.0,45.13544106099289
1822,0.3744184672832489,719.0089837163687,0.0,2968.8671875,6652.0,45.15953294299834
1823,0.5303297638893127,1019.30179515481,0.0,2968.8671875,6652.0,45.18389197399665
1824,0.3749848008155823,392.81450824812055,0.0,2968.8671875,6652.0,45.20798224498867
1825,0.5510806441307068,782.0112199932337,0.0,2968.8671875,6652.0,45.232025359000545
1826,0.4425581693649292,868.8131004199386,0.0,2968.8671875,6652.0,45.25606518398854
1827,0.48076117038726807,565.394425958395,0.0,2968.8671875,6652.0,45.28006813499087
1828,0.34424400329589844,612.5170808434486,0.0,2968.8671875,6652.0,45.30421839198971
1829,0.47960618138313293,827.0585089474916,0.0,2968.8671875,6652.0,45.32860196799447
1830,0.8434526324272156,902.208913333714,0.0,2968.8671875,6652.0,45.352485657989746
1831,0.35831740498542786,435.0651694871485,0.0,2968.8671875,6652.0,45.376490176990046
1832,0.4124448895454407,365.0943656526506,0.0,2968.8671875,6652.0,45.400392865994945
1833,0.3390013873577118,398.2871574796736,0.0,2968.8671875,6652.0,45.42443413598812
1834,0.3645206391811371,571.2216328904033,0.0,2968.8671875,6652.0,45.44842539000092
1835,0.44648635387420654,705.452468380332,0.0,2968.8671875,6652.0,45.472416579999845
1836,0.5438861846923828,520.0227088853717,0.0,2968.8671875,6652.0,45.49637346799136
1837,0.6423166394233704,1403.3835645467043,0.0,2968.8671875,6652.0,45.52028466798947
1838,0.3010765314102173,383.3420815989375,0.0,2968.8671875,6652.0,45.54450913099572
1839,0.4939265847206116,615.5975986793637,0.0,2968.8671875,6652.0,45.56855640398862
1840,0.5856624841690063,1303.1697376966476,0.0,2968.8671875,6652.0,45.592638109999825
1841,0.6215267777442932,654.7040820941329,0.0,2968.8671875,6652.0,45.61662462798995
1842,0.43228721618652344,804.0424697771668,0.0,2968.8671875,6652.0,45.640407072991366
1843,0.31205594539642334,714.5299500003457,0.0,2968.8671875,6652.0,45.66442098499101
1844,0.4392518997192383,613.4116691425443,0.0,2968.8671875,6652.0,45.68836994799494
1845,0.5592268705368042,538.8452545702457,0.0,2968.8671875,6652.0,45.71236835399759
1846,0.3517841398715973,421.409585647285,0.0,2968.8671875,6652.0,45.7364313529979
1847,0.4979594051837921,595.3726771175861,0.0,2968.8671875,6652.0,45.76071702899935
1848,0.45679497718811035,543.9083141759038,0.0,2968.8671875,6652.0,45.784691341992584
1849,0.41519981622695923,622.3367242962122,0.0,2968.8671875,6652.0,45.808570419991156
1850,0.36950457096099854,287.18718956410885,0.0,2968.8671875,6652.0,45.83251361499424
1851,0.4012438654899597,351.413461625576,0.0,2968.8671875,6652.0,45.85646896000253
1852,0.46752095222473145,535.3054323121905,0.0,2968.8671875,6652.0,45.88071964700066
1853,0.30184030532836914,237.556298956275,0.0,2968.8671875,6652.0,45.904681132000405
1854,0.3859500288963318,448.1034197732806,0.0,2968.8671875,6652.0,45.928790373989614
1855,0.5915380120277405,680.8800675943494,0.0,2968.8671875,6652.0,45.95260243599478
1856,0.5404889583587646,548.4499573037028,0.0,2968.8671875,6652.0,45.97686794299807
1857,0.3727981150150299,755.8572505563498,0.0,2968.8671875,6652.0,46.000768361001974
1858,0.24985995888710022,329.03169858828187,0.0,2968.8671875,6652.0,46.02479873599077
1859,0.4208456575870514,533.1413285471499,0.0,2968.8671875,6652.0,46.04882348999672
1860,0.4580181837081909,472.278122484684,0.0,2968.8671875,6652.0,46.07279539399315
1861,0.41467663645744324,510.87215822190046,0.0,2968.8671875,6652.0,46.09665286800009
1862,0.522609293460846,521.3351863920689,0.0,2968.8671875,6652.0,46.12060848799592
1863,0.5034213662147522,732.026714399457,0.0,2968.8671875,6652.0,46.14459722299944
1864,0.29148274660110474,319.15384066849947,0.0,2968.8671875,6652.0,46.168611855988274
1865,0.5652966499328613,629.7525073774159,0.0,2968.8671875,6652.0,46.192757558994344
1866,0.922740638256073,927.8303431347013,0.0,2968.8671875,6652.0,46.216628523994586
1867,0.4833674132823944,488.6490434408188,0.0,2968.8671875,6652.0,46.2404989249917
1868,0.4887646734714508,591.3581705093384,0.0,2968.8671875,6652.0,46.26453516598849
1869,0.45184871554374695,687.6462409198284,0.0,2968.8671875,6652.0,46.288482599993586
1870,0.5965814590454102,496.5536627750844,0.0,2968.8671875,6652.0,46.31252447399311
1871,0.5031881928443909,679.1737373173237,0.0,2968.8671875,6652.0,46.33660233099363
1872,0.39765334129333496,453.27731350809336,0.0,2968.8671875,6652.0,46.360586184993736
1873,0.3472018241882324,1020.1882067993283,0.0,2968.8671875,6652.0,46.38462758799142
1874,0.34650442004203796,434.5022974051535,0.0,2968.8671875,6652.0,46.40883099500206
1875,0.4643108546733856,492.0374863445759,0.0,2968.8671875,6652.0,46.43307441899378
1876,0.46837565302848816,654.1308333799243,0.0,2968.8671875,6652.0,46.457259106988204
1877,0.5246173143386841,685.2309412658215,0.0,2968.8671875,6652.0,46.481204238996725
1878,0.45966604351997375,717.465247027576,0.0,2968.8671875,6652.0,46.50511585098866
1879,0.40201568603515625,1058.2616257742047,0.0,2968.8671875,6652.0,46.52886372899229
1880,0.5157081484794617,962.4863094240427,0.0,2968.8671875,6652.0,46.55288715199276
1881,0.4116722047328949,356.2900885157287,0.0,2968.8671875,6652.0,46.57696299300005
1882,0.4485565423965454,474.4005112797022,0.0,2968.8671875,6652.0,46.600927445993875
1883,0.47832074761390686,606.9368693381548,0.0,2968.8671875,6652.0,46.62520548699831
1884,0.4348904490470886,522.149520136416,0.0,2968.8671875,6652.0,46.64923268299026
1885,0.6413865685462952,1009.2200612947345,0.0,2968.8671875,6652.0,46.67319266399136
1886,0.4105707108974457,519.8867695815861,0.0,2968.8671875,6652.0,46.697155649992055
1887,0.4528266191482544,484.3933774083853,0.0,2968.8671875,6652.0,46.72101330300211
1888,0.5886547565460205,695.8568916097283,0.0,2968.8671875,6652.0,46.74504182499368
1889,0.3054868280887604,264.98439363949,0.0,2968.8671875,6652.0,46.76916009299748
1890,0.5693292617797852,415.9907215349376,0.0,2968.8671875,6652.0,46.79326578498876
1891,0.4125846326351166,657.0273547247052,0.0,2968.8671875,6652.0,46.81725879300211
1892,0.4501826763153076,601.5396703779697,0.0,2968.8671875,6652.0,46.841404822989716
1893,0.42269113659858704,845.889582708478,0.0,2968.8671875,6652.0,46.86535644599644
1894,0.35365018248558044,352.8258824534714,0.0,2968.8671875,6652.0,46.889360713990754
1895,0.4156332314014435,493.16819325461984,0.0,2968.8671875,6652.0,46.913275514991255
1896,0.9230025410652161,672.0616253018379,0.0,2968.8671875,6652.0,46.93715352599975
1897,0.5182762742042542,697.0915256366134,0.0,2968.8671875,6652.0,46.96122963099333
1898,0.6508868932723999,756.6878391131759,0.0,2968.8671875,6652.0,46.98526155199215
1899,0.46095404028892517,537.5857384353876,0.0,2968.8671875,6652.0,47.00901693699416
1900,0.30103516578674316,551.5446510091424,0.0,2968.8671875,6652.0,47.033026641991455
1901,0.5183444023132324,543.1265557184815,0.0,2968.8671875,6652.0,47.057727185994736
1902,0.33540502190589905,263.05323628894985,0.0,2968.8671875,6652.0,47.08187681098934
1903,0.8158236145973206,598.8936373479664,0.0,2968.8671875,6652.0,47.10565943599795
1904,0.4549199640750885,611.0012928843498,0.0,2968.8671875,6652.0,47.12979799299501
1905,0.27146267890930176,433.18253760784864,0.0,2968.8671875,6652.0,47.15414814699034
1906,0.424937903881073,568.7529076188803,0.0,2968.8671875,6652.0,47.17821926999022
1907,0.34849703311920166,781.3728316277266,0.0,2968.8671875,6652.0,47.20212254099897
1908,0.3906550109386444,559.8926768526435,0.0,2968.8671875,6652.0,47.22608904099616
1909,0.297031044960022,341.95371694117785,0.0,2968.8671875,6652.0,47.25003862999438
1910,0.5069226622581482,932.44539912045,0.0,2968.8671875,6652.0,47.27437095298956
1911,0.4763754606246948,725.5769020617008,0.0,2968.8671875,6652.0,47.298383923989604
1912,0.3413265645503998,300.84824896231294,0.0,2968.8671875,6652.0,47.322392736998154
1913,0.4359855055809021,380.0030830055475,0.0,2968.8671875,6652.0,47.34628353899461
1914,0.35673969984054565,284.42909960635006,0.0,2968.8671875,6652.0,47.37025752798945
1915,0.35758405923843384,407.36146821826696,0.0,2968.8671875,6652.0,47.394254579994595
1916,0.51609867811203,454.77824529260397,0.0,2968.8671875,6652.0,47.418272907991195
1917,0.41828301548957825,545.7019275650382,0.0,2968.8671875,6652.0,47.442528460989706
1918,0.44833001494407654,403.5063500031829,0.0,2968.8671875,6652.0,47.46659751900006
1919,0.36892715096473694,479.31057725287974,0.0,2968.8671875,6652.0,47.49074846699659
1920,0.3095932602882385,533.340266354382,0.0,2968.8671875,6652.0,47.51464828799362
1921,0.7908641695976257,903.3687417134643,0.0,2968.8671875,6652.0,47.53864639099629
1922,0.5701152682304382,656.529046151787,0.0,2968.8671875,6652.0,47.562590123998234
1923,0.34641844034194946,374.1783147379756,0.0,2968.8671875,6652.0,47.58653715898981
1924,0.38495486974716187,391.1062328517437,0.0,2968.8671875,6652.0,47.610526239994215
1925,0.7194352746009827,715.4786328524351,0.0,2968.8671875,6652.0,47.63443486500182
1926,0.37419307231903076,827.4161646589637,0.0,2968.8671875,6652.0,47.65827516998979
1927,0.29745760560035706,250.93892516568303,0.0,2968.8671875,6652.0,47.682103022991214
1928,0.7034216523170471,470.63589308038354,0.0,2968.8671875,6652.0,47.70602405699901
1929,0.4551837146282196,493.7279755920172,0.0,2968.8671875,6652.0,47.73000513599254
1930,0.4568477272987366,323.9986777305603,0.0,2968.8671875,6652.0,47.754048937989864
1931,0.6361417770385742,724.1061365269125,0.0,2968.8671875,6652.0,47.77891787899716
1932,0.3721577227115631,464.1588913425803,0.0,2968.8671875,6652.0,47.803695567999966
1933,0.6229017972946167,515.2240120768547,0.0,2968.8671875,6652.0,47.827767747992766
1934,0.40509033203125,501.40456745028496,0.0,2968.8671875,6652.0,47.85176870599389
1935,0.43470174074172974,769.692264482379,0.0,2968.8671875,6652.0,47.87585314900207
1936,0.2128095179796219,551.8814582973719,0.0,2968.8671875,6652.0,47.89978953100217
1937,0.4845382273197174,547.5600314773619,0.0,2968.8671875,6652.0,47.924111903994344
1938,0.7137856483459473,341.7404106631875,0.0,2968.8671875,6652.0,47.94815287498932
1939,0.45859193801879883,596.9927908107638,0.0,2968.8671875,6652.0,47.972535068998695
1940,0.9037805795669556,605.7626592218876,0.0,2968.8671875,6652.0,47.9962630969967
1941,0.45301565527915955,672.0976253673434,0.0,2968.8671875,6652.0,48.02033440899686
1942,0.38493165373802185,226.57318064384162,0.0,2968.8671875,6652.0,48.0442710310017
1943,0.3823406994342804,442.9417773410678,0.0,2968.8671875,6652.0,48.06835759799287
1944,0.42880526185035706,555.8942395821214,0.0,2968.8671875,6652.0,48.092290155997034
1945,0.5659767985343933,686.2430338785052,0.0,2968.8671875,6652.0,48.116166629988584
1946,0.446637362241745,647.2440632283688,0.0,2968.8671875,6652.0,48.14036184299039
1947,0.34905073046684265,346.78304896876216,0.0,2968.8671875,6652.0,48.16420813900186
1948,0.5855271816253662,812.5850904732943,0.0,2968.8671875,6652.0,48.18823898299888
1949,0.5255053639411926,777.3387087583542,0.0,2968.8671875,6652.0,48.21228633199644
1950,0.3209537863731384,397.86802239716053,0.0,2968.8671875,6652.0,48.23624306099373
1951,0.3996591567993164,440.1338824592531,0.0,2968.8671875,6652.0,48.26025814699824
1952,0.46360111236572266,394.8096889965236,0.0,2968.8671875,6652.0,48.28411525899719
1953,0.42940855026245117,474.9178811572492,0.0,2968.8671875,6652.0,48.308107138989726
1954,0.3025275468826294,331.74892561882734,0.0,2968.8671875,6652.0,48.33214031699754
1955,0.4134444296360016,471.48443898931146,0.0,2968.8671875,6652.0,48.3564044090017
1956,0.4990623891353607,748.7074176371098,0.0,2968.8671875,6652.0,48.380408015000285
1957,0.29028189182281494,248.84268118813634,0.0,2968.8671875,6652.0,48.404268312995555
1958,0.35126256942749023,574.89672825858,0.0,2968.8671875,6652.0,48.42833676098962
1959,0.31776344776153564,451.6547967419028,0.0,2968.8671875,6652.0,48.45257142999617
1960,0.28430065512657166,442.2063757739961,0.0,2968.8671875,6652.0,48.47664179599087
1961,0.38174721598625183,481.9246113076806,0.0,2968.8671875,6652.0,48.50065777898999
1962,0.3134673237800598,324.6230651922524,0.0,2968.8671875,6652.0,48.52459533599904
1963,0.3295542597770691,476.1187883876264,0.0,2968.8671875,6652.0,48.548506614999496
1964,0.4386138319969177,554.4582749009132,0.0,2968.8671875,6652.0,48.572854102996644
1965,0.41363340616226196,506.31711488217115,0.0,2968.8671875,6652.0,48.597082906999276
1966,0.3383256793022156,646.359332665801,0.0,2968.8671875,6652.0,48.62105651499587
1967,0.4005339443683624,430.4655032902956,0.0,2968.8671875,6652.0,48.645028515995364
1968,0.34089818596839905,392.8197950050235,0.0,2968.8671875,6652.0,48.668917639995925
1969,0.2557719647884369,329.8263571932912,0.0,2968.8671875,6652.0,48.692811225002515
1970,0.40318015217781067,510.9025725796819,0.0,2968.8671875,6652.0,48.7168260049948
1971,0.3900136947631836,608.4858058020473,0.0,2968.8671875,6652.0,48.740847086999565
1972,0.3847959637641907,361.1810079328716,0.0,2968.8671875,6652.0,48.76483444699261
1973,0.457067608833313,698.6932914406061,0.0,2968.8671875,6652.0,48.789225410000654
1974,0.4029882252216339,453.43047788739204,0.0,2968.8671875,6652.0,48.81323040399002
1975,0.2975345551967621,629.8607530221343,0.0,2968.8671875,6652.0,48.8373662919912
1976,0.3254221975803375,686.4949489459395,0.0,2968.8671875,6652.0,48.86135727100191
1977,0.24001403152942657,570.2119324505329,0.0,2968.8671875,6652.0,48.885275857988745
1978,0.393559992313385,487.7090390622616,0.0,2968.8671875,6652.0,48.909159568996984
1979,0.36059582233428955,342.511899381876,0.0,2968.8671875,6652.0,48.933170398988295
1980,0.6686829924583435,880.6986867561936,0.0,2968.8671875,6652.0,48.957468688997324
1981,0.3956091105937958,396.94702045992017,0.0,2968.8671875,6652.0,48.98160357699089
1982,0.8446759581565857,891.0773166045547,0.0,2968.8671875,6652.0,49.00595376799174
1983,0.3278612494468689,439.6825464628637,0.0,2968.8671875,6652.0,49.029952072989545
1984,0.39336955547332764,318.2287620846182,0.0,2968.8671875,6652.0,49.05394310299016
1985,0.5270997285842896,568.9156039878726,0.0,2968.8671875,6652.0,49.078253785992274
1986,0.42014482617378235,543.4500599652529,0.0,2968.8671875,6652.0,49.10215600999072
1987,0.44890838861465454,530.7076885215938,0.0,2968.8671875,6652.0,49.12612290299148
1988,0.47945722937583923,564.3913694098592,0.0,2968.8671875,6652.0,49.15059192299668
1989,0.36268213391304016,451.4430926181376,0.0,2968.8671875,6652.0,49.17512545599311
1990,0.3385876417160034,565.5484480783343,0.0,2968.8671875,6652.0,49.19920918899879
1991,0.42722323536872864,508.632328055799,0.0,2968.8671875,6652.0,49.22342111400212
1992,0.3162386119365692,345.5433798134327,0.0,2968.8671875,6652.0,49.2472737700009
1993,0.5277491211891174,607.8527561202645,0.0,2968.8671875,6652.0,49.27124049299164
1994,0.6775688529014587,602.50029373914,0.0,2968.8671875,6652.0,49.2951230359904
1995,0.4649803340435028,373.68107648193836,0.0,2968.8671875,6652.0,49.319144347988185
1996,0.32200148701667786,551.3298201933503,0.0,2968.8671875,6652.0,49.343131084999186
1997,0.5407238602638245,695.158573679626,0.0,2968.8671875,6652.0,49.36696654200205
1998,0.42339497804641724,492.45992774516344,0.0,2968.8671875,6652.0,49.391123902998515
1999,0.43157148361206055,336.0926327202469,0.0,2968.8671875,6652.0,49.41557290698984
2000,0.31774988770484924,463.24856351688504,0.0,2968.8671875,6652.0,49.440118902988615
