step,loss,adapter_grad_abs_sum,llm_grad_abs_sum,gpu_mem_allocated_mb,gpu_mem_reserved_mb,elapsed_sec
1,6.254055023193359,26087.001485824585,0.0,2453.560546875,2602.0,0.4255493359960383
2,5.403412818908691,16753.693118810654,0.0,2515.861328125,3192.0,0.4517328880028799
3,5.387725830078125,5703.956737160683,0.0,2516.0,3192.0,0.4742689609993249
4,5.505869388580322,4771.3343588113785,0.0,2516.0,3192.0,0.4963327949953964
5,5.466739654541016,5216.211113333702,0.0,2516.0,3196.0,0.5185204239969607
6,4.712369441986084,5274.87037730217,0.0,2784.53955078125,3876.0,0.5421771520050243
7,5.104860782623291,6986.456878662109,0.0,2784.53955078125,3876.0,0.5645858149946434
8,5.41400671005249,6950.123624444008,0.0,2784.53955078125,3876.0,0.5866691940027522
9,4.810985565185547,3925.6562783122063,0.0,2784.53955078125,3876.0,0.6086639249988366
10,5.128127098083496,3827.6759058237076,0.0,2784.53955078125,3876.0,0.6307445730053587
11,5.164483070373535,62548.385511398315,0.0,2784.53955078125,3876.0,0.6527447160042357
12,5.063549041748047,4684.4400289058685,0.0,2784.53955078125,3876.0,0.6748721729964018
13,4.51414680480957,9339.11962711811,0.0,2784.53955078125,3876.0,0.6968312399985734
14,4.654423236846924,2266.029035836458,0.0,2784.53955078125,3876.0,0.7187177209998481
15,4.6825761795043945,3669.125205516815,0.0,2784.53955078125,3876.0,0.7406462689978071
16,4.733397483825684,4070.975483894348,0.0,2784.53955078125,3876.0,0.7625006390007911
17,4.840020179748535,4028.437600135803,0.0,2784.53955078125,3876.0,0.7846133150014794
18,4.423018455505371,2897.391193509102,0.0,2784.53955078125,3876.0,0.8066243719949853
19,4.070730209350586,5922.811079144478,0.0,2784.53955078125,3876.0,0.8288754209934268
20,4.477406978607178,4125.496494472027,0.0,2784.53955078125,3876.0,0.8507063059951179
21,4.015929698944092,2126.508931219578,0.0,2784.53955078125,3876.0,0.8727302600018447
22,4.566593647003174,2628.592148452997,0.0,2784.53955078125,3876.0,0.8946306120051304
23,4.162755489349365,4800.435428619385,0.0,2784.53955078125,3876.0,0.9166670230042655
24,4.126041889190674,2294.7391064167023,0.0,2784.53955078125,3876.0,0.9386581300059333
25,4.5430402755737305,2510.198854148388,0.0,2784.53955078125,3876.0,0.9605281569965882
26,4.067395210266113,4345.9577885866165,0.0,2784.53955078125,3876.0,0.9824484379932983
27,4.14960241317749,2189.488443672657,0.0,2784.53955078125,3876.0,1.0042937410034938
28,3.9566030502319336,2851.2726978361607,0.0,2784.53955078125,3876.0,1.026372641994385
29,3.6294381618499756,3793.6576097011566,0.0,2784.53955078125,3876.0,1.0481757149973419
30,3.735325336456299,2611.8226232528687,0.0,2784.53955078125,3876.0,1.0700640919967555
31,3.592102527618408,2647.3024387657642,0.0,2784.53955078125,3876.0,1.09198309299245
32,3.442650556564331,2370.6830459833145,0.0,2784.53955078125,3876.0,1.1139101040025707
33,3.365199089050293,3041.800400197506,0.0,2784.53955078125,3876.0,1.1358756800036645
34,3.5864193439483643,3178.480721592903,0.0,2784.53955078125,3876.0,1.1577490680065239
35,3.4885709285736084,2563.3787393569946,0.0,2784.53955078125,3876.0,1.1797403630043846
36,3.5459303855895996,2317.104634165764,0.0,2784.53955078125,3876.0,1.2015202619950287
37,3.5618364810943604,2316.217435389757,0.0,2784.53955078125,3876.0,1.223621222001384
38,3.5102245807647705,3028.383030772209,0.0,2784.53955078125,3876.0,1.2454716929933056
39,3.1001229286193848,3906.2448058724403,0.0,2784.53955078125,3876.0,1.2673656789993402
40,3.2926218509674072,2612.8189336657524,0.0,2784.53955078125,3876.0,1.2896621709951432
41,3.2084336280822754,2384.864259958267,0.0,2784.53955078125,3876.0,1.3115688349935226
42,3.3751683235168457,2977.693870127201,0.0,2784.53955078125,3876.0,1.334753057002672
43,3.718921422958374,17460.75875711441,0.0,2784.53955078125,3890.0,1.3582666529982816
44,3.2319817543029785,3186.933362364769,0.0,2784.53955078125,3890.0,1.38024012799724
45,3.4973723888397217,2978.4171001315117,0.0,2784.53955078125,3890.0,1.4021278409927618
46,3.2496275901794434,1933.7919957339764,0.0,2784.53955078125,3890.0,1.42421565100085
47,3.0321664810180664,2227.048065572977,0.0,2784.53955078125,3890.0,1.4462228969932767
48,3.245767116546631,3990.536119699478,0.0,2784.53955078125,3890.0,1.4680181319999974
49,3.2845299243927,2374.719320356846,0.0,2784.53955078125,3890.0,1.4897955320047913
50,2.989201068878174,2132.1900197565556,0.0,2784.53955078125,3890.0,1.5115768469986506
51,3.154772996902466,2236.007846981287,0.0,2784.53955078125,3890.0,1.534626898006536
52,3.110107421875,2745.44868811965,0.0,2784.53955078125,3890.0,1.556862914992962
53,2.8868892192840576,2213.843279272318,0.0,2784.53955078125,3890.0,1.5788119679928059
54,3.339923620223999,3127.798414617777,0.0,2784.53955078125,3890.0,1.601798631993006
55,2.6674115657806396,2947.31688067317,0.0,2784.53955078125,3890.0,1.6243529689963907
56,3.6741302013397217,2627.855069220066,0.0,2784.53955078125,3890.0,1.6462643010017928
57,2.866213321685791,1937.1593625098467,0.0,2784.53955078125,3890.0,1.66813396300131
58,3.0596251487731934,4862.737117409706,0.0,2784.53955078125,3890.0,1.6912440339947352
59,2.831653356552124,3528.4822226166725,0.0,2784.53955078125,3890.0,1.7142977320036152
60,2.6288604736328125,2014.4606113135815,0.0,2784.53955078125,3890.0,1.7360922249936266
61,2.923712968826294,3671.201406598091,0.0,2784.53955078125,3890.0,1.7579887400061125
62,3.1801602840423584,2413.4761633872986,0.0,2784.53955078125,3890.0,1.7806299630028661
63,2.835017681121826,2179.1623424887657,0.0,2784.53955078125,3890.0,1.802649637000286
64,3.103433847427368,3730.6258611679077,0.0,2784.53955078125,3890.0,1.8246639569988474
65,2.5927491188049316,2727.147872656584,0.0,2784.53955078125,3890.0,1.8464382300007856
66,2.513780355453491,4503.019251346588,0.0,2784.53955078125,3890.0,1.8682500580034684
67,3.067998170852661,3924.4082840681076,0.0,2784.53955078125,3890.0,1.8901046950049931
68,2.625169277191162,3332.4015378952026,0.0,2784.53955078125,3890.0,1.912044969998533
69,2.70877742767334,2864.565924346447,0.0,2784.53955078125,3890.0,1.9339351039961912
70,2.7825968265533447,2284.1458012759686,0.0,2784.53955078125,3890.0,1.956722617993364
71,2.6827023029327393,2666.539225578308,0.0,2784.53955078125,3890.0,1.978690554999048
72,3.170480489730835,3049.301237642765,0.0,2784.53955078125,3890.0,2.0005257570010144
73,2.4643852710723877,2556.033411383629,0.0,2784.53955078125,3890.0,2.022498962993268
74,2.973616361618042,4883.18522888422,0.0,2784.53955078125,3890.0,2.045761618006509
75,2.6068687438964844,2630.799560904503,0.0,2784.53955078125,3890.0,2.067703200998949
76,2.7657806873321533,2585.889044046402,0.0,2784.53955078125,3890.0,2.089492163999239
77,2.3986129760742188,2531.892561376095,0.0,2784.53955078125,3890.0,2.1112761779950233
78,2.4096100330352783,3173.791264951229,0.0,2784.53955078125,3890.0,2.1329626719962107
79,3.063518762588501,2880.6362984776497,0.0,2784.53955078125,3890.0,2.15478318699752
80,2.906611919403076,3454.6698231697083,0.0,2784.53955078125,3890.0,2.1768078559980495
81,2.165416717529297,3035.432810664177,0.0,2784.53955078125,3890.0,2.198648265999509
82,2.15885853767395,2853.840258926153,0.0,2784.53955078125,3890.0,2.220689298992511
83,2.139692544937134,3776.8044234514236,0.0,2784.53955078125,3890.0,2.242457225001999
84,2.394087553024292,3091.06725358963,0.0,2784.53955078125,3890.0,2.2642661099962424
85,2.5984458923339844,2308.6680502295494,0.0,2784.53955078125,3890.0,2.28742107799917
86,2.087658166885376,3571.1771517395973,0.0,2784.53955078125,3890.0,2.310209874995053
87,2.673158884048462,2991.9349550306797,0.0,2784.53955078125,3890.0,2.3322928410052555
88,2.1654856204986572,3820.002056181431,0.0,2784.53955078125,3890.0,2.354140687006293
89,1.9882696866989136,2659.4804022610188,0.0,2784.53955078125,3890.0,2.3760714660020312
90,1.920969843864441,2330.8313840925694,0.0,2784.53955078125,3890.0,2.3979320189973805
91,2.116222620010376,3645.7994522452354,0.0,2784.53955078125,3890.0,2.419975961005548
92,1.9951945543289185,2756.280184864998,0.0,2784.53955078125,3890.0,2.4418162450019736
93,1.872023344039917,7196.817329406738,0.0,2784.53955078125,3890.0,2.463664669994614
94,2.3118839263916016,2963.7205813527107,0.0,2784.53955078125,3890.0,2.48674932999711
95,2.3058478832244873,4927.759147882462,0.0,2784.53955078125,3890.0,2.5086254219932016
96,2.1889450550079346,2592.9466711580753,0.0,2784.53955078125,3890.0,2.5306496859993786
97,2.25480055809021,3063.214312195778,0.0,2784.53955078125,3890.0,2.5524812030053
98,1.9550000429153442,4048.4130108952522,0.0,2784.53955078125,3890.0,2.5743499389936915
99,2.0696072578430176,3173.13774228096,0.0,2784.53955078125,3890.0,2.5963146699941717
100,2.4042696952819824,2891.406158864498,0.0,2784.53955078125,3890.0,2.6183901210024487
101,2.3699893951416016,3192.62018096447,0.0,2784.53955078125,3890.0,2.640425256002345
102,1.7574715614318848,3106.918543756008,0.0,2784.53955078125,3890.0,2.662211795002804
103,2.014115333557129,2959.1868479549885,0.0,2784.53955078125,3890.0,2.6840055270004086
104,1.7162867784500122,4958.882333159447,0.0,2784.53955078125,3890.0,2.70580231299391
105,2.2915098667144775,4270.561979353428,0.0,2784.53955078125,3890.0,2.7277489400003105
106,1.8732829093933105,3276.945685684681,0.0,2784.53955078125,3890.0,2.7494936430011876
107,2.7891950607299805,3461.59146630764,0.0,2784.53955078125,3890.0,2.7713424660032615
108,2.0037126541137695,3748.4863756895065,0.0,2784.53955078125,3890.0,2.7933180639956845
109,2.0008761882781982,3151.0011109113693,0.0,2784.53955078125,3890.0,2.815508065003087
110,1.9041777849197388,2822.5282927155495,0.0,2784.53955078125,3890.0,2.8372183850005968
111,2.2779946327209473,6865.641725957394,0.0,2784.53955078125,3890.0,2.859095159001299
112,1.8151259422302246,2534.405358761549,0.0,2784.53955078125,3890.0,2.880977995999274
113,1.8537558317184448,2899.6951662302017,0.0,2784.53955078125,3890.0,2.9027353860001313
114,2.0504558086395264,3996.5243099331856,0.0,2784.53955078125,3890.0,2.924683973993524
115,1.673178791999817,2650.9300848841667,0.0,2784.53955078125,3890.0,2.9465141569962725
116,1.6632810831069946,2978.920774281025,0.0,2784.53955078125,3890.0,2.9683631869993405
117,1.777403473854065,4093.0782492756844,0.0,2784.53955078125,3890.0,2.99017658700177
118,1.8272171020507812,4124.98509478569,0.0,2784.53955078125,3890.0,3.012218521005707
119,1.5751354694366455,2614.7449689805508,0.0,2784.53955078125,3890.0,3.0339569079951616
120,1.9942500591278076,2312.3665011525154,0.0,2784.53955078125,3890.0,3.0571081950038206
121,1.9432873725891113,3021.63169708848,0.0,2784.53955078125,3890.0,3.0790067680063657
122,1.7986202239990234,3795.4810841679573,0.0,2784.53955078125,3890.0,3.1008958489983343
123,2.0114541053771973,2115.6906213909388,0.0,2784.53955078125,3890.0,3.1227392440050608
124,2.518988847732544,3988.8051283359528,0.0,2784.53955078125,3890.0,3.1460076549992664
125,1.568204402923584,2644.5426105856895,0.0,2784.53955078125,3890.0,3.1680519090004964
126,1.4128644466400146,2186.196130812168,0.0,2784.53955078125,3890.0,3.1898847539996495
127,1.4972827434539795,2452.277628183365,0.0,2784.53955078125,3890.0,3.2119352629961213
128,1.591619849205017,2777.979670703411,0.0,2784.53955078125,3890.0,3.2337112829991383
129,1.9374747276306152,2922.182576239109,0.0,2784.53955078125,3890.0,3.255508853995707
130,1.5930198431015015,2525.5122683644295,0.0,2784.53955078125,3890.0,3.2773541289934656
131,1.993351936340332,2073.1233296990395,0.0,2784.53955078125,3890.0,3.299582009000005
132,1.8661558628082275,2621.646947145462,0.0,2784.53955078125,3890.0,3.3214743269927567
133,1.5342891216278076,2724.362706065178,0.0,2784.53955078125,3890.0,3.3433421700028703
134,1.5453919172286987,2753.50730702281,0.0,2784.53955078125,3890.0,3.365141518996097
135,1.6893577575683594,2816.3594670295715,0.0,2784.53955078125,3890.0,3.386948799001402
136,2.054769277572632,3112.6325930953026,0.0,2784.53955078125,3890.0,3.4090126079972833
137,1.6678950786590576,3153.7255085110664,0.0,2784.53955078125,3890.0,3.4310286300024018
138,2.0850822925567627,2492.920928686857,0.0,2784.53955078125,3890.0,3.4528249879949726
139,1.515142560005188,2530.0364392101765,0.0,2784.53955078125,3890.0,3.4746851439995226
140,1.5858333110809326,2725.599242657423,0.0,2784.53955078125,3890.0,3.4966049710055813
141,1.6615169048309326,3219.5884375572205,0.0,2784.53955078125,3890.0,3.518568918996607
142,1.3813538551330566,2663.2242500185966,0.0,2784.53955078125,3890.0,3.5402964249951765
143,1.5542680025100708,2376.84332922101,0.0,2784.53955078125,3890.0,3.5621699540060945
144,1.827596664428711,2571.0704650878906,0.0,2784.53955078125,3890.0,3.5840570330037735
145,1.3253726959228516,2239.4806915670633,0.0,2784.53955078125,3890.0,3.606122836994473
146,2.140036106109619,1989.6642011404037,0.0,2784.53955078125,3890.0,3.628157289000228
147,2.3654983043670654,3251.7067124843597,0.0,2784.53955078125,3890.0,3.650064974994166
148,1.399263620376587,2597.501651227474,0.0,2784.53955078125,3890.0,3.671894151993911
149,1.7518341541290283,2398.673925191164,0.0,2784.53955078125,3890.0,3.695036467004684
150,2.0030086040496826,3703.668314218521,0.0,2784.53955078125,3890.0,3.716864756002906
151,1.3906421661376953,2568.6432419121265,0.0,2784.53955078125,3890.0,3.738589361993945
152,1.2766162157058716,3090.895043671131,0.0,2784.53955078125,3890.0,3.760436597003718
153,1.3015533685684204,2376.722701281309,0.0,2784.53955078125,3890.0,3.7824837600055616
154,1.4422516822814941,2707.168741300702,0.0,2784.53955078125,3890.0,3.8048814520007
155,1.4199070930480957,2232.563349455595,0.0,2784.53955078125,3890.0,3.8268120499997167
156,1.3166877031326294,2447.5699008107185,0.0,2784.53955078125,3890.0,3.848715390995494
157,1.0935813188552856,1849.6082220971584,0.0,2784.53955078125,3890.0,3.870484448998468
158,1.6101444959640503,2799.1387297809124,0.0,2784.53955078125,3890.0,3.892293120006798
159,1.3458307981491089,3086.243562191725,0.0,2784.53955078125,3890.0,3.9141527650062926
160,1.3219304084777832,2196.9877682179213,0.0,2784.53955078125,3890.0,3.936026117997244
161,1.8421868085861206,3613.2704446315765,0.0,2784.53955078125,3890.0,3.9593404049956007
162,1.9592869281768799,2486.4476845264435,0.0,2784.53955078125,3890.0,3.9826759260031395
163,1.3975744247436523,2720.7421150505543,0.0,2784.53955078125,3890.0,4.004863391994149
164,1.250352382659912,1788.528007015586,0.0,2784.53955078125,3890.0,4.026729029996204
165,1.2484486103057861,3126.50718665123,0.0,2784.53955078125,3890.0,4.048536022004555
166,1.526237964630127,2916.1237783432007,0.0,2784.53955078125,3890.0,4.070325563996448
167,1.7109110355377197,3981.999541848898,0.0,2784.53955078125,3890.0,4.092198186001042
168,1.37957763671875,3316.9428445398808,0.0,2784.53955078125,3890.0,4.114043220994063
169,1.1555821895599365,1963.2445567697287,0.0,2784.53955078125,3890.0,4.135863192001125
170,1.389180302619934,3057.611325442791,0.0,2784.53955078125,3890.0,4.157611842994811
171,1.8777097463607788,2782.607160180807,0.0,2784.53955078125,3890.0,4.1794409169961
172,1.2485164403915405,2460.4241296947002,0.0,2784.53955078125,3890.0,4.201429870998254
173,1.725036859512329,2283.167536318302,0.0,2784.53955078125,3890.0,4.224389939001412
174,1.108892560005188,2982.0441170036793,0.0,2784.53955078125,3890.0,4.246248655996169
175,1.2985159158706665,2612.849962413311,0.0,2784.53955078125,3890.0,4.268119145999663
176,1.1662461757659912,5574.78884691,0.0,2784.53955078125,3890.0,4.2901507780043175
177,1.2359163761138916,2273.092860341072,0.0,2784.53955078125,3890.0,4.31200707500102
178,2.033553123474121,4745.278217315674,0.0,2784.53955078125,3890.0,4.335358950993395
179,1.2518290281295776,3388.1439330279827,0.0,2784.53955078125,3890.0,4.357259904994862
180,1.6480507850646973,2917.6715516746044,0.0,2784.53955078125,3890.0,4.379074274998857
181,1.8368358612060547,2388.867456227541,0.0,2784.53955078125,3890.0,4.402542120995349
182,1.229997992515564,2596.502141594887,0.0,2784.53955078125,3890.0,4.424559022998437
183,1.26229727268219,3047.9287906587124,0.0,2784.53955078125,3890.0,4.446397845997126
184,1.9883819818496704,3702.852723002434,0.0,2784.53955078125,3890.0,4.468146632993012
185,1.8456957340240479,3584.298658668995,0.0,2784.53955078125,3890.0,4.489992874994641
186,1.3018004894256592,3964.8766516447067,0.0,2784.53955078125,3890.0,4.511795337006333
187,1.8417044878005981,2533.038981154561,0.0,2784.53955078125,3890.0,4.5349452039954485
188,1.5964300632476807,2833.4448016881943,0.0,2784.53955078125,3890.0,4.558065620003617
189,1.287312626838684,2496.835236430168,0.0,2784.53955078125,3890.0,4.580097408994334
190,1.1234934329986572,3477.651006549597,0.0,2784.53955078125,3890.0,4.6022440060041845
191,1.4070426225662231,2432.858492821455,0.0,2784.53955078125,3890.0,4.624049913996714
192,1.1368193626403809,2969.1686648726463,0.0,2784.53955078125,3890.0,4.645944413001416
193,1.2370033264160156,2449.9194101393223,0.0,2784.53955078125,3890.0,4.66780142999778
194,1.3274372816085815,2537.511826634407,0.0,2784.53955078125,3890.0,4.689590544003295
195,1.530288577079773,2597.3180126845837,0.0,2784.53955078125,3890.0,4.7114046339993365
196,1.1585123538970947,2107.4040755033493,0.0,2784.53955078125,3890.0,4.7331855980010005
197,2.0512590408325195,3892.965299844742,0.0,2784.53955078125,3890.0,4.755022216995712
198,1.4123684167861938,2712.9741788208485,0.0,2784.53955078125,3890.0,4.77693098099553
199,1.066041111946106,1787.2623512893915,0.0,2784.53955078125,3890.0,4.79932377699879
200,1.7779158353805542,2612.345260620117,0.0,2784.53955078125,3890.0,4.821232454996789
201,1.632385015487671,1902.981435596943,0.0,2784.53955078125,3890.0,4.844561152000097
202,1.155706524848938,1992.018089711666,0.0,2784.53955078125,3890.0,4.866470654000295
203,1.302444577217102,2522.5076098442078,0.0,2784.53955078125,3890.0,4.88816786800453
204,1.6428143978118896,1867.4259014129639,0.0,2784.53955078125,3890.0,4.909969361004187
205,1.4885228872299194,1987.2920722067356,0.0,2784.53955078125,3890.0,4.9329858379933285
206,2.031653881072998,4097.452861845493,0.0,2784.53955078125,3890.0,4.956024703002186
207,1.1501152515411377,2658.060772269964,0.0,2784.53955078125,3890.0,4.977916831005132
208,2.087322473526001,2663.223245024681,0.0,2784.53955078125,3890.0,5.000029337999877
209,1.108838438987732,1931.3950298130512,0.0,2784.53955078125,3890.0,5.02181245299289
210,1.2442039251327515,3346.9925995469093,0.0,2784.53955078125,3890.0,5.043639908995829
211,1.7061784267425537,2863.907701551914,0.0,2784.53955078125,3890.0,5.065416368001024
212,1.1308989524841309,3198.0598207712173,0.0,2784.53955078125,3890.0,5.087263445995632
213,1.3444654941558838,1891.367976874113,0.0,2784.53955078125,3890.0,5.1090580909949495
214,1.3245251178741455,2222.3719120919704,0.0,2784.53955078125,3890.0,5.130853119000676
215,1.312687873840332,3469.9746980667114,0.0,2784.53955078125,3890.0,5.152754326001741
216,1.0720449686050415,2179.0938109755516,0.0,2784.53955078125,3890.0,5.174586663997616
217,1.8078856468200684,3261.8123643398285,0.0,2784.53955078125,3890.0,5.197789666999597
218,1.0199699401855469,2506.9210721850395,0.0,2784.53955078125,3890.0,5.219710015997407
219,1.0783311128616333,2759.1992874741554,0.0,2784.53955078125,3890.0,5.241535227003624
220,1.4564824104309082,2393.573707431555,0.0,2784.53955078125,3890.0,5.263430402992526
221,1.3003166913986206,1761.995784431696,0.0,2784.53955078125,3890.0,5.285126521004713
222,1.0334906578063965,2195.2528178095818,0.0,2784.53955078125,3890.0,5.30718345400237
223,1.1528786420822144,2003.826169848442,0.0,2784.53955078125,3890.0,5.329005710998899
224,1.2908316850662231,2023.7727754116058,0.0,2784.53955078125,3890.0,5.350919459000579
225,1.016484260559082,3064.977544248104,0.0,2784.53955078125,3890.0,5.372740840000915
226,1.4259194135665894,3829.387068748474,0.0,2784.53955078125,3890.0,5.394760291004786
227,1.1856063604354858,11463.639439344406,0.0,2784.53955078125,3890.0,5.416631664003944
228,1.9432214498519897,3172.4675879478455,0.0,2784.53955078125,3890.0,5.439561117993435
229,1.1250977516174316,3322.019034266472,0.0,2784.53955078125,3890.0,5.461452974006534
230,1.4626270532608032,7475.692711234093,0.0,2784.53955078125,3890.0,5.483282707005856
231,1.1532269716262817,2531.65181607008,0.0,2784.53955078125,3890.0,5.505165385999135
232,1.0944164991378784,2440.918861359358,0.0,2784.53955078125,3890.0,5.527060024993261
233,1.3181495666503906,2007.097437262535,0.0,2784.53955078125,3890.0,5.548796479997691
234,0.9790882468223572,2669.4389105439186,0.0,2784.53955078125,3890.0,5.570598495993181
235,1.3304665088653564,2685.7393348813057,0.0,2784.53955078125,3890.0,5.592718579995562
236,1.5231903791427612,2163.62963616848,0.0,2784.53955078125,3890.0,5.614546347002033
237,1.9615142345428467,4727.300473451614,0.0,2784.53955078125,3890.0,5.636234354999033
238,1.0468395948410034,3837.7334417700768,0.0,2784.53955078125,3890.0,5.658035505999578
239,1.1021596193313599,1999.3916775882244,0.0,2784.53955078125,3890.0,5.679945965006482
240,1.7511794567108154,2645.6363594532013,0.0,2784.53955078125,3890.0,5.701717043004464
241,1.5178040266036987,2758.609126329422,0.0,2784.53955078125,3890.0,5.72349814500194
242,2.10321307182312,2889.3784653544426,0.0,2784.53955078125,3890.0,5.745300695998594
243,1.827594518661499,3236.1126657128334,0.0,2784.53955078125,3890.0,5.767106560000684
244,1.2163420915603638,3048.0527988672256,0.0,2784.53955078125,3890.0,5.789294557005633
245,1.6718318462371826,1949.0415089428425,0.0,2784.53955078125,3890.0,5.812556422999478
246,1.1695964336395264,3292.8234947919846,0.0,2784.53955078125,3890.0,5.834483515005559
247,1.5328198671340942,2770.9635442495346,0.0,2784.53955078125,3890.0,5.857545698003378
248,1.1935598850250244,2939.3071707487106,0.0,2784.53955078125,3890.0,5.879459874005988
249,1.2228777408599854,2508.5452781170607,0.0,2784.53955078125,3890.0,5.901402803996461
250,1.0107018947601318,1641.448212236166,0.0,2784.53955078125,3890.0,5.923624332004692
251,1.3063843250274658,1782.157516092062,0.0,2784.53955078125,3890.0,5.945636571006617
252,1.1277095079421997,2511.961102604866,0.0,2784.53955078125,3890.0,5.967677692999132
253,1.7316136360168457,2656.235769480467,0.0,2784.53955078125,3890.0,5.9897460310021415
254,1.1345103979110718,2029.9485604465008,0.0,2784.53955078125,3890.0,6.011475281993626
255,0.9422290921211243,2234.8153674304485,0.0,2784.53955078125,3890.0,6.033225370003493
256,1.1453558206558228,1775.5143996477127,0.0,2784.53955078125,3890.0,6.055089985005907
257,1.5252408981323242,2732.031403541565,0.0,2784.53955078125,3890.0,6.07695103000151
258,1.1779454946517944,2446.977423965931,0.0,2784.53955078125,3890.0,6.0988297409930965
259,1.2898633480072021,1673.402958124876,0.0,2784.53955078125,3890.0,6.120675529004075
260,1.1487478017807007,2172.8080947995186,0.0,2784.53955078125,3890.0,6.142442384996684
261,2.291071653366089,7047.0904123187065,0.0,2784.53955078125,3890.0,6.164254422998056
262,1.1643744707107544,1521.8415798842907,0.0,2784.53955078125,3890.0,6.186367029004032
263,1.4773545265197754,1951.3814077675343,0.0,2784.53955078125,3890.0,6.208121617994038
264,1.4258309602737427,2009.7937947511673,0.0,2784.53955078125,3890.0,6.231081895006355
265,1.2518565654754639,1964.2144471555948,0.0,2784.53955078125,3890.0,6.252970696994453
266,1.9617109298706055,1694.4582399725914,0.0,2784.53955078125,3890.0,6.275996502998169
267,1.6565821170806885,2213.1933780908585,0.0,2784.53955078125,3890.0,6.298124876993825
268,1.363662838935852,1451.827740624547,0.0,2784.53955078125,3890.0,6.319991233001929
269,1.5601972341537476,2033.8298022449017,0.0,2784.53955078125,3890.0,6.343169448999106
270,1.1214735507965088,2280.2336210608482,0.0,2784.53955078125,3890.0,6.365120953996666
271,0.8788676857948303,2145.7617974877357,0.0,2784.53955078125,3890.0,6.387268798003788
272,1.0288037061691284,2476.626292347908,0.0,2784.53955078125,3890.0,6.409093433001544
273,1.398338794708252,1759.845405459404,0.0,2784.53955078125,3890.0,6.430855568003608
274,1.4798880815505981,2022.8991643488407,0.0,2784.53955078125,3890.0,6.452661475006607
275,1.4998435974121094,2589.6255042254925,0.0,2784.53955078125,3890.0,6.474566040997161
276,1.6066449880599976,1491.363486289978,0.0,2784.53955078125,3890.0,6.49626838399854
277,1.0066004991531372,1383.244211256504,0.0,2784.53955078125,3890.0,6.518188568006735
278,1.0843737125396729,1408.9377772510052,0.0,2784.53955078125,3890.0,6.540085967004416
279,2.0875179767608643,2241.967430561781,0.0,2784.53955078125,3890.0,6.563181406992953
280,0.937951385974884,3357.6425977647305,0.0,2784.53955078125,3890.0,6.5854600699967705
281,1.0155768394470215,1823.2572266161442,0.0,2784.53955078125,3890.0,6.607319211005233
282,1.5992244482040405,1750.4823160171509,0.0,2784.53955078125,3890.0,6.6290742800047155
283,0.8331331014633179,1823.6603376567364,0.0,2784.53955078125,3890.0,6.650873206002871
284,0.953295111656189,1652.5604563057423,0.0,2784.53955078125,3890.0,6.672642315999838
285,1.0365351438522339,1759.0472531318665,0.0,2784.53955078125,3890.0,6.694424191999133
286,0.9466654062271118,1432.9458002746105,0.0,2784.53955078125,3890.0,6.71625346300425
287,1.9596998691558838,1366.9322625994682,0.0,2784.53955078125,3890.0,6.738057911003125
288,0.8536040782928467,1427.7448989748955,0.0,2784.53955078125,3890.0,6.759924127996783
289,1.4645545482635498,1805.254417359829,0.0,2784.53955078125,3890.0,6.781927892996464
290,0.8870217204093933,1396.3360453248024,0.0,2784.53955078125,3890.0,6.804166082001757
291,0.8399826288223267,1687.4799223840237,0.0,2784.53955078125,3890.0,6.826048639995861
292,1.3352513313293457,1886.1454445570707,0.0,2784.53955078125,3890.0,6.8479311620030785
293,0.9214083552360535,1524.6450338959694,0.0,2784.53955078125,3890.0,6.869780663997517
294,1.4418230056762695,1889.4355501830578,0.0,2784.53955078125,3890.0,6.891622145005385
295,0.8233224153518677,1593.4610893279314,0.0,2784.53955078125,3890.0,6.913470015002531
296,1.1327043771743774,1606.6102552711964,0.0,2784.53955078125,3890.0,6.935388743004296
297,0.8609915375709534,1710.318153873086,0.0,2784.53955078125,3890.0,6.957144605999929
298,0.9130709767341614,2462.899674117565,0.0,2784.53955078125,3890.0,6.979148143000202
299,0.9946703314781189,1558.8546331226826,0.0,2784.53955078125,3890.0,7.000941681006225
300,0.8290718793869019,1300.030959829688,0.0,2784.53955078125,3890.0,7.022779053004342
301,0.7909653782844543,1629.0597132742405,0.0,2784.53955078125,3890.0,7.044714069998008
302,0.7959784269332886,1903.4093866050243,0.0,2784.53955078125,3890.0,7.066499173000921
303,1.6085779666900635,1865.6714048683643,0.0,2784.53955078125,3890.0,7.088097461004509
304,2.105710744857788,1673.1064167320728,0.0,2784.75634765625,3890.0,7.111034561996348
305,0.8996233940124512,1852.1109108626842,0.0,2784.75634765625,3890.0,7.132925643003546
306,0.8062642812728882,1353.4541483819485,0.0,2784.75634765625,3890.0,7.154662175002159
307,1.1758075952529907,1236.6763117015362,0.0,2784.75634765625,3890.0,7.177007346006576
308,2.2621278762817383,1582.6490291059017,0.0,2784.75634765625,3890.0,7.1989590549928835
309,0.994705080986023,1782.4918063282967,0.0,2784.75634765625,3890.0,7.220757019997109
310,1.3573548793792725,1472.4279912114143,0.0,2784.75634765625,3890.0,7.242559338003048
311,0.8415161967277527,1281.8292450606823,0.0,2784.75634765625,3890.0,7.264330053003505
312,1.2124298810958862,1699.663842946291,0.0,2784.75634765625,3890.0,7.286249814002076
313,0.7502328157424927,1392.9154247939587,0.0,2784.75634765625,3890.0,7.308494219003478
314,0.7647241950035095,1422.6469908058643,0.0,2784.75634765625,3890.0,7.33037988099386
315,1.1951309442520142,2425.13785135746,0.0,2784.75634765625,3890.0,7.352207977004582
316,1.1248141527175903,2177.386285841465,0.0,2784.75634765625,3890.0,7.3742731969978195
317,1.3069369792938232,1363.1868733465672,0.0,2784.75634765625,3890.0,7.39614952399279
318,0.9392356872558594,1198.4503082931042,0.0,2784.75634765625,3890.0,7.417981784004951
319,2.0381686687469482,1874.0237751603127,0.0,2784.75634765625,3890.0,7.4409876040008385
320,1.4824305772781372,2075.77820661664,0.0,2784.75634765625,3890.0,7.464184530006605
321,1.3653327226638794,1694.966360077262,0.0,2784.75634765625,3890.0,7.485868998002843
322,1.3067256212234497,1428.5429643541574,0.0,2784.75634765625,3890.0,7.5090961679961765
323,0.7819099426269531,1139.9346016198397,0.0,2784.75634765625,3890.0,7.530992875006632
324,0.7519307136535645,1390.6356601566076,0.0,2784.75634765625,3890.0,7.552847928003757
325,1.0913548469543457,1371.71477663517,0.0,2784.75634765625,3890.0,7.5761932720051846
326,0.9197539687156677,2023.3949548602104,0.0,2784.75634765625,3890.0,7.598093620996224
327,1.1227729320526123,2339.838853597641,0.0,2784.75634765625,3890.0,7.619966789992759
328,1.673311471939087,1289.3318901956081,0.0,2784.75634765625,3890.0,7.643129414005671
329,0.9243666529655457,1668.0320330262184,0.0,2784.75634765625,3890.0,7.664923592994455
330,1.2238118648529053,1598.6915714740753,0.0,2784.75634765625,3890.0,7.686647555005038
331,0.8528869152069092,1441.503445416689,0.0,2784.75634765625,3890.0,7.708439755006111
332,1.084924340248108,1793.158172160387,0.0,2784.75634765625,3890.0,7.730186792003224
333,1.1342124938964844,1978.8427729606628,0.0,2784.75634765625,3890.0,7.753184166998835
334,0.8935502767562866,1138.9954070746899,0.0,2784.75634765625,3890.0,7.775345216999995
335,1.2353025674819946,1799.2579142451286,0.0,2784.75634765625,3890.0,7.797271941002691
336,1.2386350631713867,1218.0681073516607,0.0,2784.75634765625,3890.0,7.82040293099999
337,1.205804705619812,1650.9739092588425,0.0,2784.75634765625,3890.0,7.84229799399327
338,0.9307640194892883,1399.2714130580425,0.0,2784.75634765625,3890.0,7.8642319990030956
339,1.2682075500488281,1760.3486635684967,0.0,2784.75634765625,3890.0,7.885996648998116
340,1.0203346014022827,1231.516030535102,0.0,2784.75634765625,3890.0,7.907867970992811
341,1.024836778640747,1763.4729250371456,0.0,2784.75634765625,3890.0,7.929657211003359
342,1.3180164098739624,1441.6873923242092,0.0,2784.75634765625,3890.0,7.952263362996746
343,0.8524577617645264,1221.9315897077322,0.0,2784.75634765625,3890.0,7.974940806001541
344,1.3093520402908325,1287.8082909584045,0.0,2784.75634765625,3890.0,7.9970414099952905
345,1.125483512878418,1670.665619134903,0.0,2784.75634765625,3890.0,8.019064773005084
346,0.814593493938446,1479.6549464017153,0.0,2784.75634765625,3890.0,8.041277797005023
347,1.4729191064834595,2013.7390829622746,0.0,2784.75634765625,3890.0,8.063124431995675
348,0.7170880436897278,1273.0213321894407,0.0,2784.75634765625,3890.0,8.085006802997668
349,0.9401968121528625,2264.019371598959,0.0,2784.75634765625,3890.0,8.106903220992535
350,1.2202857732772827,1432.728960186243,0.0,2784.75634765625,3890.0,8.12981788799516
351,0.7507248520851135,1265.8936159014702,0.0,2784.75634765625,3890.0,8.151811602001544
352,1.4817962646484375,2553.396206229925,0.0,2784.75634765625,3890.0,8.174016627992387
353,0.996583878993988,1590.053546860814,0.0,2784.75634765625,3890.0,8.195868524999241
354,0.8610512018203735,1280.0795869529247,0.0,2784.75634765625,3890.0,8.217717385996366
355,0.872672975063324,1516.0412279963493,0.0,2784.75634765625,3890.0,8.239618067993433
356,0.8125662207603455,979.8982985690236,0.0,2784.75634765625,3890.0,8.261498770996695
357,1.5908102989196777,23941.842428684235,0.0,2784.75634765625,3890.0,8.283420491003199
358,1.3657013177871704,2016.4275473952293,0.0,2784.75634765625,3890.0,8.30569599699811
359,0.9342857599258423,2470.073496669531,0.0,2784.75634765625,3890.0,8.32773353200173
360,1.2329933643341064,1964.3903938531876,0.0,2784.75634765625,3890.0,8.34965560400451
361,1.1215174198150635,2582.9902438521385,0.0,2784.75634765625,3890.0,8.371821620996343
362,1.2738240957260132,2657.291434288025,0.0,2784.75634765625,3890.0,8.39381906100607
363,1.2657438516616821,2298.338421911001,0.0,2784.75634765625,3890.0,8.415857585001504
364,1.199452519416809,2810.227704077959,0.0,2784.75634765625,3890.0,8.437974012005725
365,1.2360016107559204,2424.3189226686954,0.0,2784.75634765625,3890.0,8.459909191995393
366,1.230177879333496,2145.4647736251354,0.0,2784.75634765625,3890.0,8.481799793997197
367,1.7416298389434814,6879.742259383202,0.0,2784.75634765625,3890.0,8.503640427006758
368,1.7531577348709106,2870.351078271866,0.0,2784.75634765625,3890.0,8.525461297002039
369,1.3198655843734741,3581.010738015175,0.0,2784.75634765625,3890.0,8.547453948005568
370,1.1880334615707397,2603.615073263645,0.0,2784.75634765625,3890.0,8.569847015998675
371,2.3093886375427246,3251.7438892126083,0.0,2784.75634765625,3890.0,8.591755476998514
372,1.1402561664581299,1975.376537412405,0.0,2784.75634765625,3890.0,8.613626385995303
373,1.494392991065979,1675.0749274790287,0.0,2784.75634765625,3890.0,8.636523249006132
374,1.1334270238876343,2169.2060365974903,0.0,2784.75634765625,3890.0,8.658527456005686
375,1.1237568855285645,1894.1768123805523,0.0,2784.75634765625,3890.0,8.680503384006443
376,1.7523610591888428,2248.510371595621,0.0,2784.75634765625,3890.0,8.70263814899954
377,1.3099414110183716,1867.117810100317,0.0,2784.75634765625,3890.0,8.72574235999491
378,2.2175588607788086,1914.686594337225,0.0,2784.75634765625,3892.0,8.748868694005068
379,2.043776750564575,2692.998611599207,0.0,2784.75634765625,3892.0,8.771197253998253
380,0.8712682127952576,1314.8062427192926,0.0,2784.75634765625,3892.0,8.793216606994974
381,1.1339470148086548,2109.9741440415382,0.0,2784.75634765625,3892.0,8.815492509005708
382,1.5941354036331177,2525.6463747024536,0.0,2784.75634765625,3892.0,8.837382138997782
383,1.001800298690796,1438.6936468482018,0.0,2784.75634765625,3892.0,8.859389760997146
384,1.2954615354537964,4152.8448704481125,0.0,2784.75634765625,3892.0,8.88136097700044
385,1.094057321548462,1983.7585665285587,0.0,2784.75634765625,3892.0,8.903213544006576
386,1.7557553052902222,2006.1753166764975,0.0,2784.75634765625,3892.0,8.926238132000435
387,1.070054531097412,2358.062259539962,0.0,2784.75634765625,3892.0,8.948231702001067
388,1.4976344108581543,2243.4857946038246,0.0,2784.75634765625,3892.0,8.97033832600573
389,1.2866368293762207,1595.5944728553295,0.0,2784.75634765625,3892.0,8.992283668005257
390,1.6358921527862549,1798.3448592424393,0.0,2784.75634765625,3892.0,9.01405990299827
391,1.4551204442977905,2022.7056404352188,0.0,2784.75634765625,3892.0,9.035948553995695
392,1.5191439390182495,2260.335931509733,0.0,2784.75634765625,3892.0,9.05769658900681
393,1.131093144416809,2108.566559791565,0.0,2784.75634765625,3892.0,9.079724784998689
394,1.0043853521347046,2455.403079509735,0.0,2784.75634765625,3892.0,9.10181658899819
395,0.9024523496627808,1632.5601706504822,0.0,2784.75634765625,3892.0,9.12372829800006
396,0.9418992400169373,2118.1662189364433,0.0,2784.75634765625,3892.0,9.145683937997092
397,1.320350170135498,1178.366223797202,0.0,2784.75634765625,3892.0,9.167925007001031
398,1.4121341705322266,2257.7851499915123,0.0,2784.75634765625,3892.0,9.189732461993117
399,1.3442490100860596,1449.544233173132,0.0,2784.75634765625,3892.0,9.211572219996015
400,0.890557587146759,1400.922658443451,0.0,2784.75634765625,3892.0,9.233510110003408
401,1.199123501777649,1677.0712353289127,0.0,2784.75634765625,3892.0,9.25570336599776
402,0.8906242847442627,1025.746893569827,0.0,2784.75634765625,3892.0,9.277646136994008
403,1.3759260177612305,3744.6252905130386,0.0,2784.75634765625,3892.0,9.299750963997212
404,0.9343181252479553,1224.8787335902452,0.0,2784.75634765625,3892.0,9.321786318003433
405,1.4520927667617798,1326.9060111939907,0.0,2784.75634765625,3892.0,9.343709152002702
406,0.8590309023857117,1251.5430125892162,0.0,2784.75634765625,3892.0,9.365969541002414
407,1.410310983657837,1079.5323065891862,0.0,2784.75634765625,3892.0,9.387882388997241
408,0.7674770355224609,955.0163942575455,0.0,2784.75634765625,3892.0,9.409854879006161
409,0.7866649627685547,1375.8392710834742,0.0,2784.75634765625,3892.0,9.431735648002359
410,0.9727230668067932,1736.6193304359913,0.0,2784.75634765625,3892.0,9.453898880005
411,0.8250138163566589,1019.5025684535503,0.0,2784.75634765625,3892.0,9.475859643003787
412,1.1850597858428955,1440.4345631748438,0.0,2784.75634765625,3892.0,9.497797535004793
413,0.9923220276832581,2063.3039172291756,0.0,2784.75634765625,3892.0,9.52088093299244
414,0.7948646545410156,841.8467311412096,0.0,2784.75634765625,3892.0,9.542749429994728
415,0.8739445209503174,1116.3323629051447,0.0,2784.75634765625,3892.0,9.565012339997338
416,1.1975891590118408,1114.0966017693281,0.0,2784.75634765625,3892.0,9.588170572998933
417,1.1491533517837524,1422.383309096098,0.0,2784.75634765625,3892.0,9.610214362997795
418,0.8593281507492065,1104.30171482265,0.0,2784.75634765625,3892.0,9.632166613999289
419,0.7464892864227295,973.9557734131813,0.0,2784.75634765625,3892.0,9.654029837998678
420,0.803433358669281,1461.1812812387943,0.0,2784.75634765625,3892.0,9.676255568003398
421,0.967508852481842,1268.346573933959,0.0,2784.75634765625,3892.0,9.698169765993953
422,1.8427542448043823,1663.855718255043,0.0,2784.75634765625,3892.0,9.72007655199559
423,1.3487492799758911,1840.4352624416351,0.0,2784.75634765625,3892.0,9.741967919995659
424,0.8603522777557373,1467.6141411066055,0.0,2784.75634765625,3892.0,9.764096051992965
425,1.3422452211380005,1452.778759792447,0.0,2784.75634765625,3892.0,9.785860495001543
426,1.3233494758605957,1318.4396623522043,0.0,2784.75634765625,3892.0,9.808047215003171
427,0.9055081009864807,1291.5139350295067,0.0,2784.75634765625,3892.0,9.830080458006705
428,0.8880103230476379,911.137091755867,0.0,2784.75634765625,3892.0,9.851791419001529
429,0.792867124080658,1240.0141330957413,0.0,2784.75634765625,3892.0,9.873768707999261
430,0.833582878112793,1445.033007711172,0.0,2784.75634765625,3892.0,9.895809512992855
431,0.765571653842926,1058.958513662219,0.0,2784.75634765625,3892.0,9.917738821997773
432,0.8419057130813599,1377.7810397446156,0.0,2784.75634765625,3892.0,9.939888134002103
433,0.7500830888748169,1326.5875844061375,0.0,2784.75634765625,3892.0,9.962423125994974
434,0.8929717540740967,1281.2811158448458,0.0,2784.75634765625,3892.0,9.984370040998328
435,0.7570180296897888,1417.6827900111675,0.0,2784.75634765625,3892.0,10.006192670000019
436,0.7906234860420227,958.2048879638314,0.0,2784.75634765625,3892.0,10.027953469005297
437,1.163662314414978,1056.4101208001375,0.0,2784.75634765625,3892.0,10.049830114992801
438,0.8234502077102661,1119.213519334793,0.0,2784.75634765625,3892.0,10.071607905993005
439,0.7628798484802246,1284.1573785990477,0.0,2784.75634765625,3892.0,10.093343120999634
440,1.0993391275405884,1207.0796138346195,0.0,2784.75634765625,3892.0,10.115166477000457
441,1.4683574438095093,2475.4549891650677,0.0,2784.75634765625,3892.0,10.136896734999027
442,0.8642469048500061,1285.1569371968508,0.0,2784.75634765625,3892.0,10.159045041000354
443,0.958802342414856,1301.3821859955788,0.0,2784.75634765625,3892.0,10.182103548999294
444,0.8218761086463928,1528.6036950796843,0.0,2784.75634765625,3892.0,10.203932784992503
445,0.739615261554718,877.3083885461092,0.0,2784.75634765625,3892.0,10.225786249997327
446,0.7704293131828308,983.1498171538115,0.0,2784.75634765625,3892.0,10.247587539997767
447,0.7053351998329163,1004.4545476064086,0.0,2784.75634765625,3892.0,10.269409333996009
448,0.9943156242370605,1182.618023455143,0.0,2784.75634765625,3892.0,10.291216266996344
449,0.8129907250404358,1178.8767863363028,0.0,2784.75634765625,3892.0,10.313212252993253
450,0.8053932189941406,1255.7239108383656,0.0,2784.75634765625,3892.0,10.335042432998307
451,0.8030070662498474,1024.3742517977953,0.0,2784.75634765625,3892.0,10.357169059003354
452,1.4205516576766968,1289.8183622658253,0.0,2784.75634765625,3892.0,10.379047437992995
453,0.6741068959236145,1051.397172614932,0.0,2784.75634765625,3892.0,10.400879737004288
454,0.6676801443099976,874.5737297832966,0.0,2784.75634765625,3892.0,10.422621898993384
455,0.7262275218963623,1504.30295355618,0.0,2784.75634765625,3892.0,10.444326034004916
456,0.7153487205505371,2153.714694738388,0.0,2784.75634765625,3892.0,10.466218244997435
457,0.9304747581481934,838.6323578506708,0.0,2784.75634765625,3892.0,10.489232403997448
458,0.807000458240509,1101.293627947569,0.0,2784.75634765625,3892.0,10.511048486994696
459,0.6572042107582092,1212.4873106181622,0.0,2784.75634765625,3892.0,10.532949526997982
460,0.7609360218048096,1100.2417069971561,0.0,2784.75634765625,3892.0,10.555051396004274
461,0.7408869862556458,959.789142921567,0.0,2784.75634765625,3892.0,10.57696834699891
462,1.0259202718734741,894.6181540042162,0.0,2784.75634765625,3892.0,10.598775328006013
463,1.134993314743042,1230.3588376939297,0.0,2784.75634765625,3892.0,10.620574301996385
464,1.2315086126327515,1309.7272664606571,0.0,2784.75634765625,3892.0,10.64232475499739
465,1.0695297718048096,1102.9027488529682,0.0,2784.75634765625,3892.0,10.66437660199881
466,1.0232218503952026,1227.788328036666,0.0,2784.75634765625,3892.0,10.686256102999323
467,0.929480791091919,1234.8959595561028,0.0,2784.75634765625,3892.0,10.707878432993311
468,0.7367421984672546,1205.5880200564861,0.0,2784.75634765625,3892.0,10.729657488001976
469,0.9435492753982544,1261.9207056462765,0.0,2784.75634765625,3892.0,10.751751479998347
470,1.9472804069519043,1127.6600123792887,0.0,2784.75634765625,3892.0,10.77355071999773
471,0.8489384055137634,1176.934478789568,0.0,2784.75634765625,3892.0,10.795347720995778
472,0.788851261138916,1233.473168194294,0.0,2784.75634765625,3892.0,10.817520835000323
473,0.8724833130836487,1505.6351749300957,0.0,2784.75634765625,3892.0,10.839328579997527
474,1.2329072952270508,1324.081809580326,0.0,2784.75634765625,3892.0,10.861146823997842
475,1.0118777751922607,1173.7048163563013,0.0,2784.75634765625,3892.0,10.884241822001059
476,1.6989892721176147,1522.237338155508,0.0,2784.75634765625,3892.0,10.907191872000112
477,0.9794818758964539,1070.0153371989727,0.0,2784.75634765625,3892.0,10.929374915998778
478,1.1278034448623657,1853.901688799262,0.0,2784.75634765625,3892.0,10.951456348993815
479,1.1168456077575684,1307.5673870295286,0.0,2784.75634765625,3892.0,10.973178043001099
480,0.7512021064758301,1482.4471886008978,0.0,2784.75634765625,3892.0,10.995033320999937
481,0.6911481022834778,771.2960293143988,0.0,2784.75634765625,3892.0,11.016796045005322
482,0.7267714738845825,1455.889306217432,0.0,2784.75634765625,3892.0,11.03858001199842
483,0.6722575426101685,1149.1097556054592,0.0,2784.75634765625,3892.0,11.060377914996934
484,0.6419828534126282,1328.2910705804825,0.0,2784.75634765625,3892.0,11.082315270003164
485,1.11834716796875,1286.723695218563,0.0,2784.75634765625,3892.0,11.104231901001185
486,0.8052955865859985,1043.079728886485,0.0,2784.75634765625,3892.0,11.126020975003485
487,0.6532100439071655,1172.559787735343,0.0,2784.75634765625,3892.0,11.14804808300687
488,0.664527416229248,1402.0014224350452,0.0,2784.75634765625,3892.0,11.169832350002252
489,0.9308405518531799,1613.8509603142738,0.0,2784.75634765625,3892.0,11.191639423006563
490,0.7090718746185303,1010.3975378274918,0.0,2784.75634765625,3892.0,11.213508800996351
491,0.6846668124198914,966.9122031033039,0.0,2784.75634765625,3892.0,11.235317832994042
492,0.7022320628166199,1079.199722290039,0.0,2784.75634765625,3892.0,11.257197150000138
493,1.2165600061416626,1053.85554048419,0.0,2784.75634765625,3892.0,11.279051292993245
494,1.1360472440719604,1136.9711256623268,0.0,2784.75634765625,3892.0,11.300898760993732
495,0.7101319432258606,948.8101585507393,0.0,2784.75634765625,3892.0,11.323069082995062
496,0.7035518288612366,1503.628933608532,0.0,2784.75634765625,3892.0,11.345190502994228
497,0.8875201940536499,1365.9507585167885,0.0,2784.75634765625,3892.0,11.367038943993975
498,0.7153231501579285,941.0061436295509,0.0,2784.75634765625,3892.0,11.388833842996974
499,1.0716817378997803,1351.2757748961449,0.0,2784.75634765625,3892.0,11.410625057993457
500,0.6447726488113403,983.8487191051245,0.0,2784.75634765625,3892.0,11.432438585005002
501,0.6119871735572815,809.3952514380217,0.0,2784.75634765625,3892.0,11.454328976004035
502,0.9466813206672668,1999.4941063672304,0.0,2784.75634765625,3892.0,11.476188097993145
503,1.1650257110595703,1023.9437767118216,0.0,2784.75634765625,3892.0,11.498120350006502
504,0.7635098099708557,1058.9402129799128,0.0,2784.75634765625,3892.0,11.520014420995722
505,1.1054792404174805,1243.7089982926846,0.0,2784.75634765625,3892.0,11.543242284998996
506,0.7768087983131409,1323.6645794212818,0.0,2784.75634765625,3892.0,11.565096197999083
507,1.1164729595184326,2680.3761638998985,0.0,2784.75634765625,3892.0,11.58682823300478
508,0.6651425361633301,1450.0914059877396,0.0,2784.75634765625,3892.0,11.60858030700183
509,0.7900843620300293,1155.8590102791786,0.0,2784.75634765625,3892.0,11.630549446999794
510,1.3188018798828125,1318.1369763165712,0.0,2784.75634765625,3892.0,11.65347868099343
511,1.1534472703933716,1210.2036362290382,0.0,2784.75634765625,3892.0,11.676529201999074
512,0.7736961841583252,1443.8458887040615,0.0,2784.75634765625,3892.0,11.69837708400155
513,0.698432981967926,1511.9018829613924,0.0,2784.75634765625,3892.0,11.720071913994616
514,1.1931873559951782,1062.8313845694065,0.0,2784.75634765625,3892.0,11.743245295001543
515,1.3464179039001465,1131.8622607886791,0.0,2784.75634765625,3892.0,11.765051174006658
516,1.248174786567688,1236.3126423060894,0.0,2784.75634765625,3892.0,11.786952141002985
517,0.6558946371078491,1152.5888066589832,0.0,2784.75634765625,3892.0,11.808877709001536
518,0.7225638628005981,904.6307821720839,0.0,2784.75634765625,3892.0,11.830801151998457
519,1.451463222503662,987.8981541544199,0.0,2784.75634765625,3892.0,11.852635329996701
520,0.9020283818244934,1508.7245188951492,0.0,2784.75634765625,3892.0,11.874441766995005
521,1.9349987506866455,1192.0195316374302,0.0,2784.75634765625,3892.0,11.89618230900669
522,0.7005319595336914,1431.5073848217726,0.0,2784.75634765625,3892.0,11.917906661998131
523,0.7888285517692566,1004.8019056618214,0.0,2784.75634765625,3892.0,11.940161053003976
524,0.7544059753417969,1317.2319163680077,0.0,2784.75634765625,3892.0,11.962355441995896
525,0.7083017826080322,995.764700755477,0.0,2784.75634765625,3892.0,11.984222259998205
526,0.8364218473434448,1263.3848128914833,0.0,2784.75634765625,3892.0,12.00606036100362
527,0.715246319770813,1147.071760326624,0.0,2784.75634765625,3892.0,12.027775919996202
528,1.1365439891815186,1512.2178648412228,0.0,2784.75634765625,3892.0,12.050738075995469
529,0.7175514101982117,1098.1965740323067,0.0,2784.75634765625,3892.0,12.072670491004828
530,1.1438918113708496,853.5031652152538,0.0,2784.88916015625,3892.0,12.095577500003856
531,0.7712221741676331,1121.0499039143324,0.0,2784.88916015625,3892.0,12.117450734993326
532,0.8980420231819153,1980.719044059515,0.0,2784.88916015625,3892.0,12.13947410399851
533,0.6325082182884216,998.9274913966656,0.0,2784.88916015625,3892.0,12.161298424995039
534,0.714931309223175,1158.440643683076,0.0,2784.88916015625,3892.0,12.183241720005753
535,1.0483369827270508,1399.8576832562685,0.0,2784.88916015625,3892.0,12.205021757996292
536,0.7635836005210876,1252.5242747366428,0.0,2784.88916015625,3892.0,12.226873100997182
537,1.292839765548706,916.2828823029995,0.0,2784.88916015625,3892.0,12.24873141599528
538,0.7078421711921692,993.086488597095,0.0,2784.88916015625,3892.0,12.270679455003119
539,0.7265748381614685,1074.5355269014835,0.0,2784.88916015625,3892.0,12.29257459800283
540,1.3229501247406006,4031.6471723914146,0.0,2784.88916015625,3892.0,12.31573918799404
541,1.1919761896133423,1596.0067119896412,0.0,2784.88916015625,3892.0,12.338152897005784
542,0.6879447102546692,1143.4184281527996,0.0,2784.88916015625,3892.0,12.360018317005597
543,0.7511669397354126,935.124856621027,0.0,2784.88916015625,3892.0,12.381856028005132
544,1.1090675592422485,999.6244912296534,0.0,2784.88916015625,3892.0,12.403613254005904
545,1.0774712562561035,1145.1590266823769,0.0,2784.88916015625,3892.0,12.42546206699626
546,1.2104872465133667,1175.7799383103848,0.0,2784.88916015625,3892.0,12.447270414995728
547,0.9556650519371033,1125.0281229913235,0.0,2784.88916015625,3892.0,12.47026826099318
548,0.6028770804405212,2282.1679407954216,0.0,2784.88916015625,3892.0,12.492089937994024
549,1.6758551597595215,946.3280426561832,0.0,2784.88916015625,3892.0,12.513942966994364
550,0.6933158040046692,1520.0709004700184,0.0,2784.88916015625,3892.0,12.535901901006582
551,0.8355949521064758,1209.128047183156,0.0,2784.88916015625,3892.0,12.557838603999699
552,1.1845883131027222,1059.297025412321,0.0,2784.88916015625,3892.0,12.579665864992421
553,1.5095889568328857,1094.1345684230328,0.0,2784.88916015625,3892.0,12.601488840999082
554,1.1996233463287354,937.1352462768555,0.0,2784.88916015625,3892.0,12.62456005999411
555,0.6946819424629211,734.6996108442545,0.0,2784.88916015625,3892.0,12.646386193999206
556,0.6157795190811157,995.0051747858524,0.0,2784.88916015625,3892.0,12.668084688993986
557,0.6254931092262268,800.6664165854454,0.0,2784.88916015625,3892.0,12.689867645996856
558,0.7950042486190796,1025.8430642783642,0.0,2784.88916015625,3892.0,12.711789132998092
559,0.7971242070198059,1498.0956204235554,0.0,2784.88916015625,3892.0,12.733920287006185
560,1.6042358875274658,999.9500489681959,0.0,2784.88916015625,3892.0,12.757028990003164
561,0.7771391272544861,998.2797160595655,0.0,2784.88916015625,3892.0,12.779029443001491
562,0.6946638822555542,1045.8568180203438,0.0,2784.88916015625,3892.0,12.80093631100317
563,1.024429202079773,991.982711404562,0.0,2784.88916015625,3892.0,12.823016402995563
564,0.6123574376106262,982.6104395836592,0.0,2784.88916015625,3892.0,12.844864432001486
565,0.6817944049835205,961.0563726425171,0.0,2784.88916015625,3892.0,12.866625070004375
566,0.7254628539085388,975.0564796328545,0.0,2784.88916015625,3892.0,12.888486258001649
567,1.1105552911758423,1302.0271487534046,0.0,2784.88916015625,3892.0,12.910360647001653
568,0.6887993216514587,1350.698517203331,0.0,2784.88916015625,3892.0,12.932535540996469
569,0.7655516266822815,1303.4532760977745,0.0,2784.88916015625,3892.0,12.954361990996404
570,0.7315009832382202,1011.447265535593,0.0,2784.88916015625,3892.0,12.976182903003064
571,0.739477813243866,1660.4792877733707,0.0,2784.88916015625,3892.0,12.998021506005898
572,0.6801897287368774,1109.286857008934,0.0,2784.88916015625,3892.0,13.01986219000537
573,0.6548756957054138,980.1847567111254,0.0,2784.88916015625,3892.0,13.04166373499902
574,0.7518352270126343,873.9948931336403,0.0,2784.88916015625,3892.0,13.063405727996724
575,0.7163181900978088,853.6138501018286,0.0,2784.88916015625,3892.0,13.085247812006855
576,0.6927799582481384,1028.529143422842,0.0,2784.88916015625,3892.0,13.107120628003031
577,1.2879893779754639,1771.5009465515614,0.0,2784.88916015625,3892.0,13.130524847001652
578,1.230533242225647,927.7336149811745,0.0,2784.88916015625,3892.0,13.153692730003968
579,0.6673163175582886,1092.476465664804,0.0,2784.88916015625,3892.0,13.175510255998233
580,0.9906748533248901,944.1750211715698,0.0,2784.88916015625,3892.0,13.197222201997647
581,0.6429513692855835,1055.6518572717905,0.0,2784.88916015625,3892.0,13.219161487999372
582,0.9314059019088745,1507.613378584385,0.0,2784.88916015625,3892.0,13.240950128005352
583,0.6877661347389221,796.4103919118643,0.0,2784.88916015625,3892.0,13.262701796993497
584,0.657681941986084,953.5961613431573,0.0,2784.88916015625,3892.0,13.284585001994856
585,1.0161964893341064,912.8552600890398,0.0,2784.88916015625,3892.0,13.306535818992415
586,0.5961399674415588,1233.4531220197678,0.0,2784.88916015625,3892.0,13.32889868899656
587,0.6471390724182129,1095.424818456173,0.0,2784.88916015625,3892.0,13.350738630004344
588,0.6781630516052246,1234.3104315251112,0.0,2784.88916015625,3892.0,13.372477914992487
589,0.7130257487297058,1004.8442833721638,0.0,2784.88916015625,3892.0,13.394269433993031
590,0.7188092470169067,906.9860278367996,0.0,2784.88916015625,3892.0,13.416179349995218
591,0.8703086376190186,1090.5001117885113,0.0,2784.88916015625,3892.0,13.437995058004162
592,0.6734209656715393,933.0556149333715,0.0,2784.88916015625,3892.0,13.459827454003971
593,1.1936672925949097,1485.7668743133545,0.0,2784.88916015625,3892.0,13.481569886003854
594,1.482064127922058,724.6201733574271,0.0,2784.88916015625,3892.0,13.503317305992823
595,1.0321757793426514,1106.777754664421,0.0,2784.88916015625,3892.0,13.526479330001166
596,0.6239421367645264,1147.6928782612085,0.0,2784.88916015625,3892.0,13.548396041005617
597,0.6711152791976929,1311.9922861158848,0.0,2784.88916015625,3892.0,13.570238004002022
598,0.5720919370651245,1634.4660985767841,0.0,2784.88916015625,3892.0,13.591993712994736
599,0.8368315696716309,1040.8167302161455,0.0,2784.88916015625,3892.0,13.613959110996802
600,2.0460214614868164,1101.132018059492,0.0,2784.88916015625,3892.0,13.636920638993615
601,0.6975671648979187,1114.6080603152514,0.0,2784.88916015625,3892.0,13.659018749996903
602,0.7109266519546509,1159.8239880651236,0.0,2784.88916015625,3892.0,13.68084891399485
603,0.7380357980728149,1227.3910557925701,0.0,2784.88916015625,3892.0,13.702577842996106
604,0.6817160248756409,988.8783800154924,0.0,2784.88916015625,3892.0,13.724750872002915
605,0.6218998432159424,957.8713107183576,0.0,2784.88916015625,3892.0,13.746550416995888
606,0.9439415335655212,1108.3527220785618,0.0,2784.88916015625,3892.0,13.768336193999858
607,0.6314768195152283,1274.3002023994923,0.0,2784.88916015625,3892.0,13.790111977999914
608,0.9809412360191345,1190.6230925023556,0.0,2784.88916015625,3892.0,13.811952242002008
609,1.1356525421142578,1370.6370019614697,0.0,2784.88916015625,3892.0,13.834022825001739
610,1.6009507179260254,1197.1444265246391,0.0,2784.88916015625,3892.0,13.855961143999593
611,0.5739939212799072,824.3628429323435,0.0,2784.88916015625,3892.0,13.877794600004563
612,0.6956238150596619,1026.9878974705935,0.0,2784.88916015625,3892.0,13.899660213995958
613,0.7973249554634094,665.632419988513,0.0,2784.88916015625,3892.0,13.921430219998001
614,0.6081292033195496,1060.380851060152,0.0,2784.88916015625,3892.0,13.94350059700082
615,1.2942779064178467,1642.356137752533,0.0,2784.88916015625,3892.0,13.965472077994491
616,0.7098586559295654,1337.4819749593735,0.0,2784.88916015625,3892.0,13.987340833002236
617,1.0354559421539307,1772.9023842811584,0.0,2784.88916015625,3892.0,14.009179934000713
618,0.7497547268867493,881.1148474365473,0.0,2784.88916015625,3892.0,14.03103960599401
619,0.6186403036117554,784.7100441977382,0.0,2784.88916015625,3892.0,14.052925059993868
620,0.6778459548950195,1081.5629010796547,0.0,2784.88916015625,3892.0,14.074760499992408
621,0.7483339905738831,2180.3889780044556,0.0,2784.88916015625,3892.0,14.096508346003247
622,0.6248606443405151,960.3720362484455,0.0,2784.88916015625,3892.0,14.118553273001453
623,0.9093620777130127,1461.7495286464691,0.0,2784.88916015625,3892.0,14.14037019200623
624,0.7051215767860413,965.2980330735445,0.0,2784.88916015625,3892.0,14.162228515997413
625,1.2605229616165161,964.1103897690773,0.0,2784.88916015625,3892.0,14.184058269005618
626,0.6697708368301392,832.8665132671595,0.0,2784.88916015625,3892.0,14.205788623992703
627,0.572618842124939,826.6429969370365,0.0,2784.88916015625,3892.0,14.227623585000401
628,1.1989232301712036,1483.542413264513,0.0,2784.88916015625,3892.0,14.250599020000664
629,0.6791720390319824,977.4361933618784,0.0,2784.88916015625,3892.0,14.27241541199328
630,1.1135059595108032,1119.5134064555168,0.0,2784.88916015625,3892.0,14.294279968002229
631,1.2952768802642822,834.7350044846535,0.0,2784.88916015625,3892.0,14.317503383004805
632,1.0461121797561646,1644.6758424043655,0.0,2784.88916015625,3892.0,14.340523916005623
633,0.6941995024681091,2369.6145560741425,0.0,2784.88916015625,3892.0,14.362349520000862
634,0.6133767366409302,1054.5187297612429,0.0,2784.88916015625,3892.0,14.38427239000157
635,0.6411044597625732,1362.667073249817,0.0,2784.88916015625,3892.0,14.40605373600556
636,0.7807610034942627,1103.270945340395,0.0,2784.88916015625,3892.0,14.427555414993549
637,0.6942874789237976,1121.8508768230677,0.0,2784.88916015625,3892.0,14.449378610006534
638,0.7129239439964294,1093.3968386501074,0.0,2784.88916015625,3892.0,14.47114786200109
639,0.5551024675369263,1301.0674844682217,0.0,2784.88916015625,3892.0,14.492993866006145
640,0.5812800526618958,698.8155681863427,0.0,2784.88916015625,3892.0,14.515119759002118
641,0.554256021976471,634.2756742984056,0.0,2784.88916015625,3892.0,14.536916868994012
642,1.407704472541809,1119.578188329935,0.0,2784.88916015625,3892.0,14.558749600997544
643,0.7655178904533386,747.3662687987089,0.0,2784.88916015625,3892.0,14.58127506999881
644,1.0177463293075562,1365.8638917803764,0.0,2784.88916015625,3892.0,14.603857177004102
645,1.0620771646499634,1702.7477739453316,0.0,2784.88916015625,3892.0,14.625782147995778
646,0.7835726737976074,1076.367951899767,0.0,2784.88916015625,3892.0,14.647325006997562
647,0.705220639705658,1003.3844813853502,0.0,2784.88916015625,3892.0,14.66944262800098
648,1.1660503149032593,927.8647428900003,0.0,2784.88916015625,3892.0,14.692607662000228
649,0.7895762324333191,981.996398806572,0.0,2784.88916015625,3892.0,14.71482178599399
650,0.6990576386451721,1313.671056509018,0.0,2784.88916015625,3892.0,14.736673496998264
651,1.2944175004959106,911.3746025189757,0.0,2784.88916015625,3892.0,14.759688669000752
652,1.2415598630905151,1112.7571498304605,0.0,2784.88916015625,3892.0,14.78162493200216
653,1.0130184888839722,862.2373300865293,0.0,2784.88916015625,3892.0,14.803431842999998
654,0.5769916772842407,921.5797277241945,0.0,2784.88916015625,3892.0,14.825393303995952
655,0.6344618797302246,936.3086273819208,0.0,2784.88916015625,3892.0,14.847288393997587
656,0.6691153049468994,1207.6242369115353,0.0,2784.88916015625,3892.0,14.869096402995638
657,0.6231212615966797,1196.8560507893562,0.0,2784.88916015625,3892.0,14.89107181300642
658,0.6763103604316711,1105.116148993373,0.0,2784.88916015625,3892.0,14.913149654996232
659,0.9047238826751709,935.647374138236,0.0,2784.88916015625,3892.0,14.934869763994357
660,0.5810583233833313,1103.5731429457664,0.0,2784.88916015625,3892.0,14.956737676999182
661,0.5595846772193909,1012.0497911125422,0.0,2784.88916015625,3892.0,14.978527557002963
662,0.6298664808273315,3854.5480913817883,0.0,2784.88916015625,3892.0,15.000375253002858
663,0.8961999416351318,2016.5152104496956,0.0,2784.88916015625,3892.0,15.022117675005575
664,1.407488465309143,964.0501073300838,0.0,2784.88916015625,3892.0,15.0439771849924
665,0.6372568607330322,1371.770469069481,0.0,2784.88916015625,3892.0,15.065736446005758
666,0.9145612120628357,985.0518853515387,0.0,2784.88916015625,3892.0,15.087689388994477
667,0.5975987911224365,928.4941506236792,0.0,2784.88916015625,3892.0,15.109681517002173
668,0.6828200221061707,1670.3567200899124,0.0,2784.88916015625,3892.0,15.131444383994676
669,0.6898702383041382,933.1162431538105,0.0,2784.88916015625,3892.0,15.153382427000906
670,0.661638617515564,1071.3188956677914,0.0,2784.88916015625,3892.0,15.175291185994865
671,1.0266985893249512,1052.8164218068123,0.0,2784.88916015625,3892.0,15.197084487997927
672,0.6518060564994812,1046.8716586381197,0.0,2784.88916015625,3892.0,15.21899888900225
673,0.6571816802024841,1114.4536504000425,0.0,2784.88916015625,3892.0,15.240865262996522
674,0.6873358488082886,1068.5817920565605,0.0,2784.88916015625,3892.0,15.262636768005905
675,0.6670002341270447,1215.5104256868362,0.0,2784.88916015625,3892.0,15.28452789199946
676,0.9414808750152588,1376.219831109047,0.0,2784.88916015625,3892.0,15.306606113997987
677,0.6017941236495972,893.5233748853207,0.0,2784.88916015625,3892.0,15.328562790993601
678,1.2266656160354614,1015.2270465940237,0.0,2784.88916015625,3892.0,15.350149573001545
679,0.6275343298912048,1257.7540819644928,0.0,2784.88916015625,3892.0,15.371979892996023
680,0.7229822278022766,936.605966463685,0.0,2784.88916015625,3892.0,15.3937097589951
681,0.8472825288772583,999.5887372791767,0.0,2784.88916015625,3892.0,15.415616319005494
682,0.8918275833129883,847.2207363024354,0.0,2784.88916015625,3892.0,15.437364237004658
683,0.7947899699211121,906.9931553006172,0.0,2784.88916015625,3892.0,15.459182024002075
684,0.6361167430877686,1237.5662405788898,0.0,2784.88916015625,3892.0,15.481016669000383
685,0.9994180798530579,970.8215692788363,0.0,2784.88916015625,3892.0,15.504280837994884
686,0.9367419481277466,1353.703711539507,0.0,2784.88916015625,3892.0,15.526220030005788
687,0.5742194056510925,740.6658432111144,0.0,2784.88916015625,3892.0,15.547952881999663
688,0.6561307311058044,1084.160196378827,0.0,2784.88916015625,3892.0,15.569759619000251
689,1.0110238790512085,1285.3151874542236,0.0,2784.88916015625,3892.0,15.591801668997505
690,0.7463672161102295,935.9521727263927,0.0,2784.88916015625,3892.0,15.613725164002972
691,0.7277628183364868,1194.1600793004036,0.0,2784.88916015625,3892.0,15.635683100001188
692,0.5131212472915649,641.2678544446826,0.0,2784.88916015625,3892.0,15.657508121992578
693,0.6539539098739624,910.0027431100607,0.0,2784.88916015625,3892.0,15.679352057006327
694,1.055080771446228,999.4199840575457,0.0,2784.88916015625,3892.0,15.70253955500084
695,0.9561306834220886,1014.4564510881901,0.0,2784.88916015625,3892.0,15.724378390994389
696,0.6628339290618896,1111.640538752079,0.0,2784.88916015625,3892.0,15.74625070100592
697,1.093125343322754,1017.9172072708607,0.0,2784.88916015625,3892.0,15.768047552992357
698,1.116465449333191,1361.810389265418,0.0,2784.88916015625,3892.0,15.789911469997605
699,0.7158620953559875,884.2150546014309,0.0,2784.88916015625,3892.0,15.811801575997379
700,0.7271711826324463,3494.0877291560173,0.0,2784.88916015625,3892.0,15.833868518995587
701,0.6384907364845276,778.9428320527077,0.0,2784.88916015625,3892.0,15.856071661997703
702,0.6258577108383179,1073.5515822321177,0.0,2784.88916015625,3892.0,15.877988603999256
703,0.6247735619544983,1086.0426840931177,0.0,2784.88916015625,3892.0,15.900222794996807
704,0.7011598944664001,845.6742649376392,0.0,2784.88916015625,3892.0,15.92213588100276
705,0.613510012626648,889.3744783848524,0.0,2784.88916015625,3892.0,15.944317467001383
706,0.9625056385993958,1679.3668992817402,0.0,2784.88916015625,3892.0,15.966348300004029
707,0.8936880230903625,1208.6189878880978,0.0,2784.88916015625,3892.0,15.98826312100573
708,1.176803708076477,964.2780600488186,0.0,2784.88916015625,3892.0,16.010165437997784
709,0.5530273914337158,762.7718587815762,0.0,2784.88916015625,3892.0,16.032151842999156
710,0.675187885761261,977.7159907966852,0.0,2784.88916015625,3892.0,16.05417882700567
711,0.7211337089538574,1310.1703585982323,0.0,2784.88916015625,3892.0,16.076078069003415
712,0.6039490699768066,1232.2553468942642,0.0,2784.88916015625,3892.0,16.09829658200033
713,1.1323506832122803,668.6857387274504,0.0,2784.88916015625,3892.0,16.121374337002635
714,0.9054484367370605,1257.0413359105587,0.0,2784.88916015625,3892.0,16.143281112003024
715,1.3274447917938232,1200.093109846115,0.0,2784.88916015625,3892.0,16.16522673900181
716,0.8569620847702026,1017.5160503685474,0.0,2784.88916015625,3892.0,16.1871405569982
717,0.5705642700195312,919.0205932110548,0.0,2784.88916015625,3892.0,16.209163887993782
718,0.7155742049217224,1092.0067864358425,0.0,2784.88916015625,3892.0,16.231007987997145
719,0.5603268146514893,995.0886372327805,0.0,2784.88916015625,3892.0,16.25300751600298
720,0.6535319089889526,1066.3009636998177,0.0,2784.88916015625,3892.0,16.274879752993
721,0.8089247345924377,865.5932900458574,0.0,2784.88916015625,3892.0,16.297010980997584
722,0.6016928553581238,1118.387854963541,0.0,2784.88916015625,3892.0,16.319090258999495
723,0.6347913146018982,892.8473155647516,0.0,2784.88916015625,3892.0,16.341095326002687
724,0.664377748966217,1413.9791874587536,0.0,2784.88916015625,3892.0,16.36297143099364
725,1.0945484638214111,901.4251488298178,0.0,2784.88916015625,3892.0,16.384949825005606
726,0.7339808344841003,970.7306310534477,0.0,2784.88916015625,3892.0,16.40685152700462
727,0.868452787399292,952.9863291680813,0.0,2784.88916015625,3892.0,16.4287026719976
728,0.89697265625,955.3972283452749,0.0,2784.88916015625,3892.0,16.450612707005348
729,0.8859590888023376,791.6906200498343,0.0,2784.88916015625,3892.0,16.472502987002372
730,1.5146454572677612,824.6905526667833,0.0,2784.88916015625,3892.0,16.495931302997633
731,0.8233989477157593,821.0088549256325,0.0,2784.88916015625,3892.0,16.51785275299335
732,0.8806504011154175,771.5240269750357,0.0,2784.88916015625,3892.0,16.539779536004062
733,0.6960238814353943,935.4762836247683,0.0,2784.88916015625,3892.0,16.562028322994593
734,1.2467458248138428,808.7771509438753,0.0,2784.88916015625,3892.0,16.583943313002237
735,0.5097470283508301,1129.3082605302334,0.0,2784.88916015625,3892.0,16.605863785996917
736,0.7188700437545776,974.1100698411465,0.0,2784.88916015625,3892.0,16.627846130999387
737,1.1025645732879639,1084.943340972066,0.0,2784.88916015625,3892.0,16.64975914999377
738,0.8035268783569336,859.2323700040579,0.0,2784.88916015625,3892.0,16.671632181998575
739,0.6580836176872253,1267.4644429385662,0.0,2784.88916015625,3892.0,16.6937641609984
740,0.6930608153343201,929.8489510416985,0.0,2784.88916015625,3892.0,16.71563435799908
741,0.8335651755332947,1091.6052796542645,0.0,2784.88916015625,3892.0,16.738780098996358
742,0.8969337940216064,884.2425367087126,0.0,2784.88916015625,3892.0,16.76071811800648
743,0.6369161009788513,899.9236299619079,0.0,2784.88916015625,3892.0,16.782482338996488
744,0.9483662247657776,782.6608131676912,0.0,2784.88916015625,3892.0,16.80568066300475
745,0.5493912696838379,687.9506373256445,0.0,2784.88916015625,3892.0,16.827691144004348
746,0.6284762620925903,886.3554558157921,0.0,2784.88916015625,3892.0,16.849802759999875
747,1.3976337909698486,875.8616944551468,0.0,2784.88916015625,3892.0,16.871628913999302
748,0.6920523047447205,1850.7931907176971,0.0,2784.88916015625,3892.0,16.89390559900494
749,0.8023296594619751,784.160722181201,0.0,2784.88916015625,3892.0,16.9158050929982
750,0.8580584526062012,684.0710931569338,0.0,2784.88916015625,3892.0,16.938916789003997
751,0.8834595084190369,985.8219458162785,0.0,2784.88916015625,3892.0,16.96091249299934
752,1.4264819622039795,1495.7222162783146,0.0,2784.88916015625,3892.0,16.98283893300686
753,0.590441107749939,896.2526152729988,0.0,2784.88916015625,3892.0,17.00482664599258
754,0.57492995262146,1190.7562939971685,0.0,2784.88916015625,3892.0,17.02681435199338
755,0.8588034510612488,1037.208294287324,0.0,2784.88916015625,3892.0,17.048650636992534
756,0.793264627456665,1123.8942285478115,0.0,2784.88916015625,3892.0,17.071774858995923
757,0.6627047657966614,979.8396845459938,0.0,2784.88916015625,3892.0,17.094073259999277
758,0.8640584945678711,1049.7930005788803,0.0,2784.88916015625,3892.0,17.115907197003253
759,0.9267300963401794,1288.3025488853455,0.0,2784.88916015625,3892.0,17.137860967006418
760,0.5132790803909302,587.9265640601516,0.0,2784.88916015625,3892.0,17.159746335004456
761,1.5697287321090698,1360.4551404565573,0.0,2784.88916015625,3892.0,17.181714933001786
762,0.5213161706924438,1157.7740623354912,0.0,2784.88916015625,3892.0,17.203609642005176
763,0.5986835360527039,873.0911324769258,0.0,2784.88916015625,3892.0,17.22548433400516
764,0.8463473916053772,1865.8275918662548,0.0,2784.88916015625,3892.0,17.247293148000608
765,0.5901092290878296,975.5094908773899,0.0,2784.88916015625,3892.0,17.26927325599536
766,0.5916141867637634,1014.805138528347,0.0,2784.88916015625,3892.0,17.291551001006155
767,0.6311839818954468,1364.3188699781895,0.0,2784.88916015625,3892.0,17.313587326993
768,0.5895975828170776,978.0135873407125,0.0,2784.88916015625,3892.0,17.335795542996493
769,1.004706621170044,1100.3496548831463,0.0,2784.88916015625,3892.0,17.357835724993492
770,0.5983120799064636,901.2330469489098,0.0,2784.88916015625,3892.0,17.379851695004618
771,0.6322650909423828,967.5695327073336,0.0,2784.88916015625,3892.0,17.401651647000108
772,0.5214937329292297,1347.452748656273,0.0,2784.88916015625,3892.0,17.423662611996406
773,0.6321995258331299,876.6450848579407,0.0,2784.88916015625,3892.0,17.445599811006105
774,0.7479720711708069,1116.6923948526382,0.0,2784.88916015625,3892.0,17.46747792500537
775,0.9724750518798828,1051.6529528796673,0.0,2784.88916015625,3892.0,17.489679567006533
776,0.9777143597602844,949.2558721452951,0.0,2784.88916015625,3892.0,17.512758741999278
777,0.7873812913894653,815.1577298492193,0.0,2784.88916015625,3892.0,17.534707425002125
778,0.818520724773407,795.1173666715622,0.0,2784.88916015625,3892.0,17.556594131994643
779,0.8821719288825989,786.131964340806,0.0,2784.88916015625,3892.0,17.578437563002808
780,0.9551697969436646,794.5704250782728,0.0,2784.88916015625,3892.0,17.600382720003836
781,0.923856258392334,1090.8411655426025,0.0,2784.88916015625,3892.0,17.622274584005936
782,0.9576755166053772,1010.0190431475639,0.0,2784.88916015625,3892.0,17.64542181500292
783,1.09132981300354,1041.878027394414,0.0,2784.88916015625,3892.0,17.667296373998397
784,0.7626903653144836,659.4793706536293,0.0,2784.88916015625,3892.0,17.68944087899581
785,0.5919415354728699,1031.334515452385,0.0,2784.88916015625,3892.0,17.711409355993965
786,0.5587215423583984,688.0159636735916,0.0,2784.88916015625,3892.0,17.73341960599646
787,0.7001199722290039,1335.5009917914867,0.0,2784.88916015625,3892.0,17.755342239004676
788,1.0058361291885376,880.556091144681,0.0,2784.88916015625,3892.0,17.777289484001813
789,1.037909746170044,946.3245497047901,0.0,2784.88916015625,3892.0,17.799188118005986
790,0.7208612561225891,673.7814012020826,0.0,2784.88916015625,3892.0,17.82124161599495
791,0.6811894178390503,1040.8750924170017,0.0,2784.88916015625,3892.0,17.84328901200206
792,0.8806898593902588,1100.6952660828829,0.0,2784.88916015625,3892.0,17.8653656749957
793,0.7234154939651489,981.2240297198296,0.0,2784.88916015625,3892.0,17.887493299000198
794,0.9043039083480835,908.4097145795822,0.0,2784.88916015625,3892.0,17.909390653992887
795,1.1327499151229858,741.0461964458227,0.0,2784.88916015625,3892.0,17.93257382599404
796,1.118254542350769,1029.8234364539385,0.0,2785.00830078125,3892.0,17.95552974799648
797,0.6817049980163574,835.9505569636822,0.0,2785.00830078125,3892.0,17.977530021002167
798,0.6229647397994995,854.2991512268782,0.0,2785.00830078125,3892.0,17.999398276006104
799,0.5597872138023376,1094.5559413433075,0.0,2785.00830078125,3892.0,18.0212708570034
800,1.3813790082931519,1038.175839394331,0.0,2785.00830078125,3892.0,18.044373329001246
801,0.5290749669075012,903.8613284379244,0.0,2785.00830078125,3892.0,18.066531863005366
802,0.5101580023765564,939.4748215153813,0.0,2785.00830078125,3892.0,18.088666027993895
803,0.6094990372657776,892.486717954278,0.0,2785.00830078125,3892.0,18.110606419999385
804,0.6284346580505371,1202.0792159438133,0.0,2785.00830078125,3892.0,18.1325066099962
805,0.6007470488548279,945.2875220626593,0.0,2785.00830078125,3892.0,18.154477367002983
806,0.6229122281074524,934.1058641076088,0.0,2785.00830078125,3892.0,18.176569058996392
807,0.5319439172744751,696.0823472961783,0.0,2785.00830078125,3892.0,18.198506308996002
808,0.6399348378181458,825.5014659762383,0.0,2785.00830078125,3892.0,18.22055377200013
809,0.6567074656486511,979.4017741084099,0.0,2785.00830078125,3892.0,18.242367903993
810,0.9477427005767822,672.119766458869,0.0,2785.00830078125,3892.0,18.26423355800216
811,0.9251204133033752,866.398528829217,0.0,2785.00830078125,3892.0,18.286574419995304
812,0.5713820457458496,944.112785205245,0.0,2785.00830078125,3892.0,18.30849082900386
813,0.6374704837799072,796.1874558106065,0.0,2785.00830078125,3892.0,18.330576861000736
814,0.8306164145469666,638.1559954583645,0.0,2785.00830078125,3892.0,18.352567586000077
815,0.5243327021598816,750.33026458323,0.0,2785.00830078125,3892.0,18.374403502995847
816,0.5014113187789917,634.2950968593359,0.0,2785.00830078125,3892.0,18.396294815000147
817,0.7670244574546814,687.2876064553857,0.0,2785.00830078125,3892.0,18.41827874399314
818,1.1105196475982666,1095.6189732849598,0.0,2785.00830078125,3892.0,18.44012640300207
819,0.7479631304740906,1218.3176238536835,0.0,2785.00830078125,3892.0,18.461981154992827
820,1.1611450910568237,1081.7310718297958,0.0,2785.00830078125,3892.0,18.48412905499572
821,0.9452407360076904,1177.5609742701054,0.0,2785.00830078125,3892.0,18.505935095003224
822,0.9551936388015747,900.7698586136103,0.0,2785.00830078125,3892.0,18.52783901800285
823,0.4835132658481598,881.9773245304823,0.0,2785.00830078125,3892.0,18.549607988999924
824,0.7151208519935608,1777.2352994084358,0.0,2785.00830078125,3892.0,18.5714430490043
825,0.9666410088539124,924.8698992878199,0.0,2785.00830078125,3892.0,18.593414065006073
826,0.9052531123161316,772.49337926507,0.0,2785.00830078125,3892.0,18.615391222992912
827,0.848481297492981,1348.7094067335129,0.0,2785.00830078125,3892.0,18.63724619599816
828,0.7658807635307312,802.7213605642319,0.0,2785.00830078125,3892.0,18.659026877998258
829,0.9899125695228577,940.2923340797424,0.0,2785.00830078125,3892.0,18.681262504993356
830,0.9411433339118958,808.0727815032005,0.0,2785.00830078125,3892.0,18.704376085006515
831,0.6229151487350464,953.4213164001703,0.0,2785.00830078125,3892.0,18.72640626199427
832,0.5685573816299438,862.6316654682159,0.0,2785.00830078125,3892.0,18.74835262799752
833,0.7700469493865967,830.1462495997548,0.0,2785.00830078125,3892.0,18.771454457004438
834,0.8982955813407898,1087.3000937104225,0.0,2785.00830078125,3892.0,18.793586239000433
835,0.9897326827049255,1280.5479701310396,0.0,2785.00830078125,3892.0,18.815475544004585
836,0.775703489780426,1080.0538568794727,0.0,2785.00830078125,3892.0,18.837623590996373
837,1.39582097530365,801.9350485876203,0.0,2785.00830078125,3892.0,18.859785161999753
838,1.0833866596221924,795.7968127429485,0.0,2785.00830078125,3892.0,18.881896197999595
839,0.8959311246871948,1251.5033140182495,0.0,2785.00830078125,3892.0,18.903628797997953
840,0.5412107110023499,772.6493672579527,0.0,2785.00830078125,3892.0,18.925474192001275
841,0.8771673440933228,1095.3594593405724,0.0,2785.00830078125,3892.0,18.94735313100682
842,0.7019315361976624,1086.5346654057503,0.0,2785.00830078125,3892.0,18.969038360999548
843,0.7335234880447388,1257.9198470413685,0.0,2785.00830078125,3892.0,18.990968313999474
844,0.5361216068267822,1122.816376388073,0.0,2785.00830078125,3892.0,19.013029941997956
845,0.9111284017562866,975.7725314348936,0.0,2785.00830078125,3892.0,19.03500577399973
846,0.5534029603004456,1187.2276901006699,0.0,2785.00830078125,3892.0,19.056870119005907
847,0.5442673563957214,887.4361349344254,0.0,2785.00830078125,3892.0,19.07917187199928
848,0.5165494084358215,702.9996135979891,0.0,2785.00830078125,3892.0,19.101215766000678
849,0.49257954955101013,535.3591212183237,0.0,2785.00830078125,3892.0,19.123136702997726
850,0.5259898900985718,561.3448202610016,0.0,2785.00830078125,3892.0,19.144937086006394
851,0.8757658004760742,829.6773533076048,0.0,2785.00830078125,3892.0,19.166870012006257
852,0.5071985125541687,731.905370414257,0.0,2785.00830078125,3892.0,19.18886058499629
853,0.7367664575576782,842.007970303297,0.0,2785.00830078125,3892.0,19.210836591999396
854,0.8473227620124817,1865.0739286541939,0.0,2785.00830078125,3892.0,19.232851840002695
855,1.3168030977249146,921.1537599563599,0.0,2785.00830078125,3892.0,19.25467412600119
856,1.7397761344909668,1237.8353134393692,0.0,2785.00830078125,3892.0,19.278050865992554
857,1.2140775918960571,1149.740537583828,0.0,2785.00830078125,3892.0,19.30006922800385
858,0.8380148410797119,952.3551686406136,0.0,2785.00830078125,3892.0,19.32207613599894
859,0.8399484157562256,1187.2945761084557,0.0,2785.00830078125,3892.0,19.344138457003282
860,0.5944934487342834,915.121451407671,0.0,2785.00830078125,3892.0,19.366277209992404
861,0.5735315084457397,721.7233672738075,0.0,2785.00830078125,3892.0,19.388283565000165
862,0.6149078011512756,767.7724558115005,0.0,2785.00830078125,3892.0,19.410198800003855
863,0.5965457558631897,1696.2318131029606,0.0,2785.00830078125,3892.0,19.432080339000095
864,0.7351621985435486,1569.8377577662468,0.0,2785.00830078125,3892.0,19.45401311099704
865,0.8539630770683289,948.4383130371571,0.0,2785.00830078125,3892.0,19.477356389004854
866,0.49534323811531067,829.3078435659409,0.0,2785.00830078125,3892.0,19.499475327000255
867,0.5241569876670837,770.6705220341682,0.0,2785.00830078125,3892.0,19.52153292299772
868,0.5330677628517151,891.0026308894157,0.0,2785.00830078125,3892.0,19.543356961003155
869,0.7187780141830444,997.4137569069862,0.0,2785.00830078125,3892.0,19.565303915005643
870,0.8215032815933228,965.0060442388058,0.0,2785.00830078125,3892.0,19.587180665999767
871,0.40798360109329224,948.7182506322861,0.0,2785.00830078125,3892.0,19.60904979899351
872,0.6383800506591797,1118.6588804721832,0.0,2785.00830078125,3892.0,19.63110505300574
873,0.693041205406189,1365.8692315220833,0.0,2785.00830078125,3892.0,19.653119017006247
874,1.0445060729980469,1950.346326380968,0.0,2785.00830078125,3892.0,19.675446691006073
875,0.5511873364448547,574.3175268918276,0.0,2785.00830078125,3892.0,19.6974772340036
876,0.6228437423706055,1156.655574142933,0.0,2785.00830078125,3892.0,19.719318025992834
877,0.5424307584762573,1040.3147475272417,0.0,2785.00830078125,3892.0,19.741154984993045
878,1.263268232345581,875.3039775192738,0.0,2785.00830078125,3892.0,19.76435617399693
879,0.9580501317977905,1252.1357166916132,0.0,2785.00830078125,3892.0,19.786358002005727
880,1.3438289165496826,944.138650238514,0.0,2785.00830078125,3892.0,19.808233093004674
881,0.6478948593139648,1318.2527160793543,0.0,2785.00830078125,3892.0,19.83027445100015
882,0.7570028305053711,985.8567827492952,0.0,2785.00830078125,3892.0,19.8523433770024
883,0.6390286684036255,854.5899933427572,0.0,2785.00830078125,3892.0,19.87442964100046
884,0.6329397559165955,1584.1799326837063,0.0,2785.00830078125,3892.0,19.896354622993385
885,0.7368943095207214,1038.8657731711864,0.0,2785.00830078125,3892.0,19.918161882000277
886,0.5614319443702698,860.7497228384018,0.0,2785.00830078125,3892.0,19.94034786699922
887,1.1538100242614746,1242.7060659527779,0.0,2785.00830078125,3892.0,19.962651694004308
888,0.5546643733978271,949.2257527709007,0.0,2785.00830078125,3892.0,19.98456194299797
889,1.0667845010757446,788.1722885370255,0.0,2785.00830078125,3892.0,20.007707345997915
890,0.9738584160804749,834.2823763042688,0.0,2785.00830078125,3892.0,20.029779163000057
891,0.9550867080688477,1058.8517021238804,0.0,2785.00830078125,3892.0,20.05171306899865
892,0.5957866311073303,997.6034665703773,0.0,2785.00830078125,3892.0,20.07381435399293
893,0.7216061949729919,682.4372119009495,0.0,2785.00830078125,3892.0,20.09571359200345
894,0.8839365839958191,1284.368462011218,0.0,2785.00830078125,3892.0,20.11761915399984
895,0.6116588711738586,1161.9078914523125,0.0,2785.00830078125,3892.0,20.13947963899409
896,0.6094492673873901,804.0411573201418,0.0,2785.00830078125,3892.0,20.161403196994797
897,0.6537975072860718,960.5566941648722,0.0,2785.00830078125,3892.0,20.18333184000221
898,0.9186380505561829,835.2951438426971,0.0,2785.00830078125,3892.0,20.204973019994213
899,0.5718730688095093,1110.5632570385933,0.0,2785.00830078125,3892.0,20.2268486009998
900,0.48204904794692993,1936.4406717717648,0.0,2785.00830078125,3892.0,20.248738490001415
901,0.4909707009792328,657.8885038793087,0.0,2785.00830078125,3892.0,20.271114714996656
902,0.6576489806175232,717.687292560935,0.0,2785.00830078125,3892.0,20.293156619998626
903,0.6219414472579956,977.5628181099892,0.0,2785.00830078125,3892.0,20.315129284004797
904,0.6448229551315308,854.9352970719337,0.0,2785.00830078125,3892.0,20.337293996999506
905,0.6750451922416687,1013.9791670739651,0.0,2785.00830078125,3892.0,20.359348508005496
906,1.0745714902877808,959.9672246277332,0.0,2785.00830078125,3892.0,20.381212437001523
907,0.8651066422462463,1258.5893780589104,0.0,2785.00830078125,3892.0,20.403091510001104
908,0.5847892761230469,865.2972215414047,0.0,2785.00830078125,3892.0,20.425030477999826
909,0.8708947896957397,1010.2008325606585,0.0,2785.00830078125,3892.0,20.44809133700619
910,0.56256103515625,1040.774802133441,0.0,2785.00830078125,3892.0,20.470383542997297
911,0.9828774929046631,863.707387380302,0.0,2785.00830078125,3892.0,20.492454271006864
912,0.5265297293663025,1038.414101973176,0.0,2785.00830078125,3892.0,20.51447335499688
913,0.576670229434967,865.5659479647875,0.0,2785.00830078125,3892.0,20.536300368999946
914,0.5241879224777222,722.0477833598852,0.0,2785.00830078125,3892.0,20.55814975600515
915,1.6923012733459473,1142.7742837667465,0.0,2785.00830078125,3892.0,20.581343390003894
916,0.6148505210876465,972.2889619767666,0.0,2785.00830078125,3892.0,20.603340578993084
917,0.9655899405479431,764.0204149484634,0.0,2785.00830078125,3892.0,20.626401821995387
918,0.8421691060066223,4076.769607782364,0.0,2785.00830078125,3892.0,20.64836827099498
919,0.5656546354293823,863.6126194000244,0.0,2785.00830078125,3892.0,20.6704934379959
920,0.9140468835830688,2611.1883009672165,0.0,2785.00830078125,3892.0,20.693649192995508
921,0.588047444820404,645.0993922352791,0.0,2785.00830078125,3892.0,20.715652572005638
922,0.9336719512939453,696.9496576339006,0.0,2785.00830078125,3892.0,20.737521071001538
923,0.6098048686981201,602.6292813941836,0.0,2785.00830078125,3892.0,20.759491781005636
924,0.9590998291969299,1679.8678505718708,0.0,2785.00830078125,3892.0,20.78271220700117
925,0.7990089654922485,1001.3327524513006,0.0,2785.00830078125,3892.0,20.80584960800479
926,0.6434935927391052,1117.8889504820108,0.0,2785.00830078125,3892.0,20.827947326994035
927,0.5858774781227112,1100.246904373169,0.0,2785.00830078125,3892.0,20.849933763005538
928,0.5993249416351318,950.5725169479847,0.0,2785.00830078125,3892.0,20.872207950000302
929,0.6491453051567078,1298.0942736566067,0.0,2785.00830078125,3892.0,20.894135576003464
930,0.9179845452308655,997.1565262973309,0.0,2785.00830078125,3892.0,20.916049834995647
931,0.6147161722183228,881.5146768242121,0.0,2785.00830078125,3892.0,20.93802814099763
932,0.6734756827354431,1126.8182368427515,0.0,2785.00830078125,3892.0,20.959991499999887
933,0.6229091882705688,1167.5184580087662,0.0,2785.00830078125,3892.0,20.98187433500425
934,0.8378666043281555,727.1781783401966,0.0,2785.00830078125,3892.0,21.003823574006674
935,0.646360456943512,837.085892572999,0.0,2785.00830078125,3892.0,21.025803832002566
936,0.6469125151634216,1187.7638073265553,0.0,2785.00830078125,3892.0,21.047621959995013
937,1.1082435846328735,1598.2031647861004,0.0,2785.00830078125,3892.0,21.069704469002318
938,0.7815285921096802,857.7046863436699,0.0,2785.00830078125,3892.0,21.092825828993227
939,0.5934182405471802,1208.251673579216,0.0,2785.00830078125,3892.0,21.11480536099407
940,1.0423026084899902,1283.7275522351265,0.0,2785.00830078125,3892.0,21.13667314199847
941,1.5870965719223022,1421.554683253169,0.0,2785.00830078125,3892.0,21.15864369699557
942,0.5519283413887024,952.7004079669714,0.0,2785.00830078125,3892.0,21.18051899599959
943,0.533065676689148,1013.8785257637501,0.0,2785.00830078125,3892.0,21.202344980003545
944,0.5115499496459961,870.9431490004063,0.0,2785.00830078125,3892.0,21.22429734999605
945,0.8910624980926514,1800.5283359587193,0.0,2785.00830078125,3892.0,21.246163682997576
946,0.8326032757759094,788.6768251657486,0.0,2785.00830078125,3892.0,21.268282625998836
947,0.541208803653717,789.9069723039865,0.0,2785.00830078125,3892.0,21.290250245001516
948,0.92352294921875,2269.9667635560036,0.0,2785.00830078125,3892.0,21.312119666996296
949,0.7733436822891235,866.6464507430792,0.0,2785.00830078125,3892.0,21.334081633001915
950,0.5496930480003357,774.0804340094328,0.0,2785.00830078125,3892.0,21.356033963995287
951,0.8450045585632324,1009.4745710939169,0.0,2785.00830078125,3892.0,21.377945182000985
952,0.7069100141525269,920.8940073251724,0.0,2785.00830078125,3892.0,21.401096768997377
953,0.5600626468658447,1216.1462684869766,0.0,2785.00830078125,3892.0,21.423064337999676
954,0.5482632517814636,738.3726226389408,0.0,2785.00830078125,3892.0,21.444946035000612
955,1.0791321992874146,986.2226998060942,0.0,2785.00830078125,3892.0,21.468205804005265
956,0.6274462342262268,1172.9092345833778,0.0,2785.00830078125,3892.0,21.49022287799744
957,1.0519737005233765,1008.590990036726,0.0,2785.00830078125,3892.0,21.51219088200014
958,0.6390916109085083,930.9394836425781,0.0,2785.00830078125,3892.0,21.534071328002028
959,0.6417214274406433,1083.2474954426289,0.0,2785.00830078125,3892.0,21.555981783996685
960,1.0686217546463013,1013.7529318630695,0.0,2785.00830078125,3892.0,21.57891756099707
961,0.7683739066123962,1196.0590491890907,0.0,2785.00830078125,3892.0,21.60094034500071
962,0.5894556641578674,1107.1248492747545,0.0,2785.00830078125,3892.0,21.622914605002734
963,1.166256308555603,903.3729418665171,0.0,2785.00830078125,3892.0,21.644711228000233
964,0.9902287721633911,1265.569322153926,0.0,2785.00830078125,3892.0,21.66689093799505
965,1.1445457935333252,1351.8580008149147,0.0,2785.00830078125,3892.0,21.688843126001302
966,0.6975337862968445,1447.393201380968,0.0,2785.00830078125,3892.0,21.7108563780057
967,0.6910043358802795,791.6616902053356,0.0,2785.00830078125,3892.0,21.73292818199843
968,0.5781723260879517,799.4381380081177,0.0,2785.00830078125,3892.0,21.754724483995233
969,0.9242000579833984,916.015788897872,0.0,2785.00830078125,3892.0,21.776626941005816
970,0.7557080984115601,704.8057320863008,0.0,2785.00830078125,3892.0,21.79850996400637
971,0.62058424949646,1260.5326709151268,0.0,2785.00830078125,3892.0,21.820401460994617
972,1.3055133819580078,1080.0811153948307,0.0,2785.00830078125,3892.0,21.84383037299267
973,0.6814662218093872,1134.3017175793648,0.0,2785.00830078125,3892.0,21.86620874500659
974,0.5812807679176331,750.795539110899,0.0,2785.00830078125,3892.0,21.888140144001227
975,0.8896182775497437,855.3296843469143,0.0,2785.00830078125,3892.0,21.91006962300162
976,0.545167863368988,758.7234593033791,0.0,2785.00830078125,3892.0,21.9319538520067
977,0.43452832102775574,773.1710358858109,0.0,2785.00830078125,3892.0,21.95438012399245
978,0.5017359852790833,901.0206579715014,0.0,2785.00830078125,3892.0,21.9763550189964
979,0.6336491703987122,1307.3065957427025,0.0,2785.00830078125,3892.0,21.998386694001965
980,0.4750036597251892,794.8086385428905,0.0,2785.00830078125,3892.0,22.020308566992753
981,0.8432891368865967,690.8685579746962,0.0,2785.00830078125,3892.0,22.042155756993452
982,0.8235669732093811,944.5928477793932,0.0,2785.00830078125,3892.0,22.064437092994922
983,0.5835920572280884,1056.6028248816729,0.0,2785.00830078125,3892.0,22.086339173998567
984,1.1141995191574097,1197.3810589909554,0.0,2785.00830078125,3892.0,22.108236561995
985,0.8206613063812256,624.2545041739941,0.0,2785.00830078125,3892.0,22.12980693699501
986,0.9536425471305847,981.7717404067516,0.0,2785.00830078125,3892.0,22.152731032998418
987,0.6525812149047852,1016.313614577055,0.0,2785.00830078125,3892.0,22.175013389001833
988,0.671409547328949,973.2622712701559,0.0,2785.00830078125,3892.0,22.196990163996816
989,0.6245635151863098,1039.1663483083248,0.0,2785.00830078125,3892.0,22.218915235993336
990,1.1559008359909058,822.2226125448942,0.0,2785.00830078125,3892.0,22.240926226004376
991,0.5601071715354919,1362.4212901294231,0.0,2785.00830078125,3892.0,22.263119502997142
992,0.964131236076355,904.9884675592184,0.0,2785.00830078125,3892.0,22.28608545800671
993,0.8755449652671814,632.6476111635566,0.0,2785.00830078125,3892.0,22.30807151600311
994,0.5058654546737671,1086.6335847377777,0.0,2785.00830078125,3892.0,22.33021883299807
995,0.6778519153594971,1489.0866558104753,0.0,2785.00830078125,3892.0,22.352167178003583
996,0.9183858036994934,647.4544422030449,0.0,2785.00830078125,3892.0,22.375112317997264
997,0.4626728594303131,979.4152439832687,0.0,2785.00830078125,3892.0,22.39705319800123
998,0.5214073061943054,857.5917561203241,0.0,2785.00830078125,3892.0,22.419085753004765
999,0.6148416996002197,1008.7595587670803,0.0,2785.00830078125,3892.0,22.440939205000177
1000,0.4932006597518921,623.2860513776541,0.0,2785.00830078125,3892.0,22.46303076899494
1001,0.7601116895675659,1062.945450156927,0.0,3467.634765625,7868.0,23.69439322600374
1002,0.6877358555793762,912.5614128112793,0.0,3467.634765625,7868.0,23.71647932099586
1003,0.8162124752998352,982.4458964169025,0.0,3467.634765625,7868.0,23.73840698499407
1004,0.7154757380485535,774.1942154169083,0.0,3467.634765625,7868.0,23.760132743002032
1005,0.5632384419441223,822.4355239123106,0.0,3467.634765625,7868.0,23.782249009003863
1006,0.6491138339042664,891.5998873710632,0.0,3467.634765625,7868.0,23.804163659006008
1007,0.5510489344596863,923.3928812742233,0.0,3467.634765625,7868.0,23.826137975993333
1008,1.0708415508270264,1120.040762424469,0.0,3467.634765625,7868.0,23.848385078992578
1009,0.5966408252716064,1019.3552860617638,0.0,3467.634765625,7868.0,23.87029994900513
1010,0.6202273368835449,959.7856407016516,0.0,3467.634765625,7868.0,23.8925524429942
1011,0.5873554944992065,751.3531248122454,0.0,3467.634765625,7868.0,23.91444073000457
1012,1.1318182945251465,1279.193972915411,0.0,3467.634765625,7868.0,23.93694359700021
1013,0.6205546855926514,761.0649846196175,0.0,3467.634765625,7868.0,23.959316509994096
1014,0.6112967729568481,1058.2367479801178,0.0,3467.634765625,7868.0,23.98138112500601
1015,0.622472882270813,1065.2916152477264,0.0,3467.634765625,7868.0,24.003340052993735
1016,0.9248167276382446,1129.2727272957563,0.0,3467.634765625,7868.0,24.025352330005262
1017,1.26237952709198,899.7542283535004,0.0,3467.634765625,7868.0,24.048568188998615
1018,0.6917670369148254,643.460970312357,0.0,3467.634765625,7868.0,24.070297212994774
1019,1.0513919591903687,1423.7212009727955,0.0,3467.634765625,7868.0,24.092593219000264
1020,0.5767734050750732,1003.556499838829,0.0,3467.634765625,7868.0,24.11451290900004
1021,0.5657816529273987,712.7012009620667,0.0,3467.634765625,7868.0,24.136423140997067
1022,0.9197567701339722,1143.2107721567154,0.0,3467.634765625,7868.0,24.15845132099639
1023,0.5646393299102783,680.5543312579393,0.0,3467.634765625,7868.0,24.18043928600673
1024,1.3668668270111084,858.6852735728025,0.0,3467.634765625,7868.0,24.203404119005427
1025,0.49411121010780334,961.0203318595886,0.0,3467.634765625,7868.0,24.225368750005146
1026,0.5512218475341797,920.3468172252178,0.0,3467.634765625,7868.0,24.247422653992544
1027,0.6073449850082397,1066.2041908800602,0.0,3467.634765625,7868.0,24.26931557500211
1028,0.54145348072052,643.9982030689716,0.0,3467.634765625,7868.0,24.291597489005653
1029,0.552800714969635,688.137662306428,0.0,3467.634765625,7868.0,24.31363190099364
1030,0.6306543946266174,766.1966132074594,0.0,3467.634765625,7868.0,24.33564214699436
1031,0.7091910243034363,826.4777879565954,0.0,3467.634765625,7868.0,24.35770407799282
1032,0.7105873227119446,757.125182852149,0.0,3467.634765625,7868.0,24.37938700399536
1033,1.000562071800232,623.1175821870565,0.0,3467.634765625,7868.0,24.401342651995947
1034,0.5616873502731323,1164.9833856523037,0.0,3467.634765625,7868.0,24.423324684001273
1035,0.9946593046188354,963.7733128070831,0.0,3467.634765625,7868.0,24.446367265001754
1036,1.1027278900146484,774.36779166013,0.0,3467.634765625,7868.0,24.468330446004984
1037,0.4646248519420624,793.3326652497053,0.0,3467.634765625,7868.0,24.490520520994323
1038,0.6031494736671448,1150.3673448562622,0.0,3467.634765625,7868.0,24.512498916999903
1039,0.6087789535522461,1107.9409143924713,0.0,3467.634765625,7868.0,24.534411421002005
1040,1.0342103242874146,767.7229816168547,0.0,3467.634765625,7868.0,24.55643810100446
1041,0.7662612795829773,1043.6447406858206,0.0,3467.634765625,7868.0,24.578403406005236
1042,0.5553668737411499,813.4148383140564,0.0,3467.634765625,7868.0,24.60043610499997
1043,0.7789175510406494,887.8316511660814,0.0,3467.634765625,7868.0,24.62237415299751
1044,0.9769892692565918,1194.69235008955,0.0,3467.634765625,7868.0,24.64419037499465
1045,0.7723612785339355,651.3688387423754,0.0,3467.634765625,7868.0,24.666203995002434
1046,0.7266861200332642,930.5784428119659,0.0,3467.634765625,7868.0,24.688595083993278
1047,0.6787121891975403,1268.6649928092957,0.0,3467.634765625,7868.0,24.71050986299815
1048,0.8170220851898193,707.0298209190369,0.0,3467.634765625,7868.0,24.7324539609981
1049,0.5498908758163452,729.7405011951923,0.0,3467.634765625,7868.0,24.754382177998195
1050,0.48302462697029114,909.4957123100758,0.0,3467.634765625,7868.0,24.776284145002137
1051,0.5362653732299805,665.1477988064289,0.0,3467.634765625,7868.0,24.79833404699457
1052,0.6480748057365417,1080.8391474038363,0.0,3467.634765625,7868.0,24.820432923996123
1053,0.5066198706626892,1103.261878207326,0.0,3467.634765625,7868.0,24.84261372500623
1054,0.5676583647727966,759.2405298575759,0.0,3467.634765625,7868.0,24.864696303993696
1055,0.8496804237365723,624.6499354317784,0.0,3467.634765625,7868.0,24.886952767003095
1056,0.43719208240509033,741.4116350263357,0.0,3467.634765625,7868.0,24.90882142299961
1057,0.644955575466156,1244.6387498378754,0.0,3467.634765625,7868.0,24.930685783998342
1058,0.5804196000099182,697.5419404953718,0.0,3467.634765625,7868.0,24.952568091001012
1059,0.510076642036438,848.8817147165537,0.0,3467.634765625,7868.0,24.974543720003567
1060,0.92941814661026,1443.494862318039,0.0,3467.634765625,7868.0,24.996446528006345
1061,0.8062958121299744,766.8386877477169,0.0,3467.634765625,7868.0,25.019575890997658
1062,0.5705130100250244,772.5193674862385,0.0,3467.634765625,7868.0,25.041555096002412
1063,0.7187005281448364,728.2613191306591,0.0,3467.634765625,7868.0,25.06362405899563
1064,0.535187304019928,842.7082937806845,0.0,3467.634765625,7868.0,25.085761581998668
1065,0.8839655518531799,725.4939823150635,0.0,3467.634765625,7868.0,25.108730021005613
1066,0.6231618523597717,579.7509583905339,0.0,3467.634765625,7868.0,25.13076474299305
1067,1.2549444437026978,1137.0855612307787,0.0,3467.634765625,7868.0,25.15392512800463
1068,1.2458683252334595,1015.8170699030161,0.0,3467.634765625,7868.0,25.176970771994093
1069,0.6717209815979004,1115.5793997645378,0.0,3467.634765625,7868.0,25.19891423000081
1070,0.6922516226768494,958.2056494057178,0.0,3467.634765625,7868.0,25.220795753994025
1071,0.9583074450492859,607.4672906920314,0.0,3467.634765625,7868.0,25.242785567999817
1072,0.8839550614356995,678.0377999395132,0.0,3467.634765625,7868.0,25.264770113004488
1073,0.4924006164073944,600.07267639786,0.0,3467.634765625,7868.0,25.28699279000284
1074,0.9220370054244995,899.3667326420546,0.0,3467.634765625,7868.0,25.308892162996926
1075,0.5413172245025635,748.1324065774679,0.0,3467.634765625,7868.0,25.33098409899685
1076,0.5090453028678894,463.8290129005909,0.0,3467.634765625,7868.0,25.35303424599988
1077,0.4675265848636627,904.9770361185074,0.0,3467.634765625,7868.0,25.3750249529985
1078,0.5932653546333313,788.958139076829,0.0,3467.634765625,7868.0,25.396939764992567
1079,0.9484030604362488,1285.689838424325,0.0,3467.634765625,7868.0,25.42010397100239
1080,0.8231111764907837,851.0434848964214,0.0,3467.634765625,7868.0,25.44202518799284
1081,0.579054057598114,874.9947122335434,0.0,3467.634765625,7868.0,25.46394244300609
1082,0.559783399105072,581.8025058209896,0.0,3467.634765625,7868.0,25.485921240993775
1083,0.562528133392334,1001.0529768764973,0.0,3467.634765625,7868.0,25.50793733399769
1084,0.7454624772071838,1188.307937324047,0.0,3467.634765625,7868.0,25.52989713799616
1085,0.5051527619361877,1163.1834771037102,0.0,3467.634765625,7868.0,25.551963033998618
1086,0.7442375421524048,784.5226290822029,0.0,3467.634765625,7868.0,25.57406171799812
1087,0.9248071908950806,1056.021481603384,0.0,3467.634765625,7868.0,25.597367127993493
1088,0.5537387728691101,1631.2421959489584,0.0,3467.634765625,7868.0,25.619412658998044
1089,0.7730101943016052,984.1750085651875,0.0,3467.634765625,7868.0,25.641353628001525
1090,0.4226919710636139,1001.7171699106693,0.0,3467.634765625,7868.0,25.6633761980047
1091,0.48049888014793396,922.3084729164839,0.0,3467.634765625,7868.0,25.68561621000117
1092,0.6465662717819214,1804.7657578885555,0.0,3467.634765625,7868.0,25.707555521992617
1093,0.620598554611206,776.5763834565878,0.0,3467.634765625,7868.0,25.729500100002042
1094,0.7380112409591675,1078.8568331301212,0.0,3467.634765625,7868.0,25.75139697699342
1095,1.0722527503967285,1570.646870315075,0.0,3467.634765625,7868.0,25.7733974379953
1096,1.0698245763778687,1185.3777416050434,0.0,3467.634765625,7868.0,25.7953376499936
1097,0.5062803626060486,848.166144952178,0.0,3467.634765625,7868.0,25.81719350500498
1098,0.5449643731117249,906.2302844822407,0.0,3467.634765625,7868.0,25.839446458994644
1099,0.6999688148498535,882.3731237351894,0.0,3467.634765625,7868.0,25.861584764992585
1100,0.5618933439254761,829.1697994172573,0.0,3467.634765625,7868.0,25.88374973399914
1101,0.5306918621063232,671.2866601794958,0.0,3467.634765625,7868.0,25.90593517900561
1102,0.7592564225196838,915.9652820527554,0.0,3467.634765625,7868.0,25.928128220999497
1103,0.8308606147766113,898.3632575422525,0.0,3467.634765625,7868.0,25.951570012999582
1104,1.0947024822235107,1197.512602776289,0.0,3467.634765625,7868.0,25.973777057995903
1105,0.5874520540237427,1029.592811703682,0.0,3467.634765625,7868.0,25.995897019005497
1106,0.5288315415382385,650.1887191385031,0.0,3467.634765625,7868.0,26.01790953699674
1107,0.6553881168365479,873.0435000658035,0.0,3467.634765625,7868.0,26.03979414899368
1108,0.4833430051803589,687.6254510134459,0.0,3467.634765625,7868.0,26.061738121003145
1109,0.6065837144851685,942.2128438651562,0.0,3467.634765625,7868.0,26.083969336992595
1110,1.087411880493164,1178.105764105916,0.0,3467.634765625,7868.0,26.106955969997216
1111,0.4544456899166107,717.2273824810982,0.0,3467.634765625,7868.0,26.128936627006624
1112,0.5140085220336914,948.8744256645441,0.0,3467.634765625,7868.0,26.150956066005165
1113,0.5149474740028381,593.1742361783981,0.0,3467.634765625,7868.0,26.17286548699485
1114,0.9281352162361145,936.0279968082905,0.0,3467.634765625,7868.0,26.19490620600118
1115,0.8194047212600708,726.2447961568832,0.0,3467.634765625,7868.0,26.216689692999353
1116,0.45642703771591187,500.83162136375904,0.0,3467.634765625,7868.0,26.238738416999695
1117,0.8780264854431152,670.1452535688877,0.0,3467.634765625,7868.0,26.261834584001917
1118,1.1204944849014282,1109.0850562900305,0.0,3467.634765625,7868.0,26.2840650940052
1119,1.35270094871521,1405.8703412264585,0.0,3467.634765625,7868.0,26.305976349001867
1120,0.49660933017730713,617.091745749116,0.0,3467.634765625,7868.0,26.3278768970049
1121,1.073283076286316,779.3961984217167,0.0,3467.634765625,7868.0,26.35000961300102
1122,0.44716575741767883,538.9068857133389,0.0,3467.634765625,7868.0,26.372090802993625
1123,0.5279635787010193,548.4828295260668,0.0,3467.634765625,7868.0,26.394061422994127
1124,0.5680067539215088,663.2842130959034,0.0,3467.634765625,7868.0,26.416033843997866
1125,1.1708508729934692,1551.7353329360485,0.0,3467.634765625,7868.0,26.43908123599249
1126,0.46517306566238403,773.4055837541819,0.0,3467.634765625,7868.0,26.46104823400674
1127,0.4553258419036865,575.143324136734,0.0,3467.634765625,7868.0,26.483232550992398
1128,0.6025387644767761,555.219878949225,0.0,3467.634765625,7868.0,26.50489770200511
1129,0.9365546107292175,545.3959410041571,0.0,3467.634765625,7868.0,26.5278730620048
1130,0.9669522643089294,924.0398575365543,0.0,3467.634765625,7868.0,26.551033619994996
1131,0.4893166720867157,568.4705493077636,0.0,3467.634765625,7868.0,26.573044642995228
1132,1.0252338647842407,1044.0641766488552,0.0,3467.634765625,7868.0,26.59503577199939
1133,0.7974460124969482,927.3534373641014,0.0,3467.634765625,7868.0,26.61698481500207
1134,0.5486297011375427,1063.0070291161537,0.0,3467.634765625,7868.0,26.63895793100528
1135,0.49695301055908203,732.630227163434,0.0,3467.634765625,7868.0,26.66102568000497
1136,0.7118682861328125,948.3561932742596,0.0,3467.634765625,7868.0,26.68301086500287
1137,0.7006182074546814,904.4866921305656,0.0,3467.634765625,7868.0,26.704915469003026
1138,0.5214278101921082,905.3544380366802,0.0,3467.634765625,7868.0,26.726865386997815
1139,0.9531071782112122,757.6182881295681,0.0,3467.634765625,7868.0,26.75007867399836
1140,1.0103663206100464,964.1209660023451,0.0,3467.634765625,7868.0,26.772134965998703
1141,0.9396718740463257,543.1016513109207,0.0,3467.634765625,7868.0,26.79518791800365
1142,0.5258350968360901,956.6589724719524,0.0,3467.634765625,7868.0,26.817232475004857
1143,0.9029502868652344,1358.609605640173,0.0,3467.634765625,7868.0,26.83930617599981
1144,0.8612493276596069,591.3375993072987,0.0,3467.634765625,7868.0,26.86287395299587
1145,0.5111560225486755,796.9493717700243,0.0,3467.634765625,7868.0,26.88532246199611
1146,0.5072002410888672,806.9373451769352,0.0,3467.634765625,7868.0,26.90729926500353
1147,0.4617190659046173,611.3339923471212,0.0,3467.634765625,7868.0,26.929188189998968
1148,0.7629777193069458,630.2252435833216,0.0,3467.634765625,7868.0,26.951191922998987
1149,0.4137166142463684,660.982572607696,0.0,3467.634765625,7868.0,26.973118605994387
1150,0.5285914540290833,758.8707241266966,0.0,3467.634765625,7868.0,26.995147073001135
1151,0.49388396739959717,907.6591909527779,0.0,3467.634765625,7868.0,27.017155424997327
1152,0.5872528553009033,720.7629820853472,0.0,3467.634765625,7868.0,27.039130499004386
1153,0.493490606546402,650.0375195890665,0.0,3467.634765625,7868.0,27.061083107997547
1154,1.0664794445037842,851.556107968092,0.0,3467.634765625,7868.0,27.083298976998776
1155,0.4282509386539459,594.6189882457256,0.0,3467.634765625,7868.0,27.105251838002005
1156,0.7789109349250793,852.3670445084572,0.0,3467.634765625,7868.0,27.127190266997786
1157,0.6347087621688843,833.9164987355471,0.0,3467.634765625,7868.0,27.149237977995654
1158,0.8462043404579163,938.3475784212351,0.0,3467.634765625,7868.0,27.17127610500029
1159,0.5753942728042603,760.6074479073286,0.0,3467.634765625,7868.0,27.193349711000337
1160,0.6819090843200684,1414.3546753525734,0.0,3467.634765625,7868.0,27.215325387995108
1161,1.6126092672348022,855.5518696308136,0.0,3467.634765625,7868.0,27.238365176992374
1162,0.4673559069633484,877.1380715370178,0.0,3467.634765625,7868.0,27.260345786999096
1163,0.7428925037384033,712.1963143795729,0.0,3467.634765625,7868.0,27.283739995997166
1164,0.5663782954216003,932.6464316695929,0.0,3467.634765625,7868.0,27.305784538999433
1165,0.5238914489746094,1059.9540658593178,0.0,3467.634765625,7868.0,27.327743240995915
1166,0.5725889801979065,923.6343192011118,0.0,3467.634765625,7868.0,27.34992210799828
1167,0.4340367317199707,846.8037664294243,0.0,3467.634765625,7868.0,27.37217483400309
1168,0.4689195454120636,684.2763970792294,0.0,3467.634765625,7868.0,27.394099907003692
1169,0.4956815540790558,766.2825991511345,0.0,3467.634765625,7868.0,27.416026949998923
1170,0.4657818377017975,974.0565221011639,0.0,3467.634765625,7868.0,27.43794280999282
1171,1.4216382503509521,747.9839843660593,0.0,3467.634765625,7868.0,27.45980436699756
1172,0.9932005405426025,867.2545545846224,0.0,3467.634765625,7868.0,27.483058357000118
1173,0.6821698546409607,899.2095962911844,0.0,3467.634765625,7868.0,27.505199858002015
1174,0.3911963701248169,699.8259787112474,0.0,3467.634765625,7868.0,27.527226149002672
1175,0.4443316161632538,564.5345285981894,0.0,3467.634765625,7868.0,27.549150120001286
1176,0.7630453109741211,739.6235478669405,0.0,3467.634765625,7868.0,27.571103216003394
1177,0.6289765238761902,945.8238315284252,0.0,3467.634765625,7868.0,27.59279474199866
1178,0.5297099351882935,714.5962571799755,0.0,3467.634765625,7868.0,27.61485687199456
1179,0.5911633968353271,877.9565417766571,0.0,3467.634765625,7868.0,27.636989669001196
1180,0.5665557384490967,766.9433028995991,0.0,3467.634765625,7868.0,27.65885294599866
1181,0.4417339265346527,813.7447561472654,0.0,3467.634765625,7868.0,27.681058040994685
1182,0.6171027421951294,869.3732312321663,0.0,3467.634765625,7868.0,27.70298583600379
1183,0.7639117240905762,1100.4184487760067,0.0,3467.634765625,7868.0,27.724981224004296
1184,0.6999900341033936,733.8684311211109,0.0,3467.634765625,7868.0,27.746841038999264
1185,0.3661747872829437,761.8993436545134,0.0,3467.634765625,7868.0,27.768864661993575
1186,1.3724297285079956,665.9198167026043,0.0,3467.634765625,7868.0,27.791871809997247
1187,1.1944217681884766,1074.1371094435453,0.0,3467.634765625,7868.0,27.81487618999381
1188,0.5919890403747559,973.2462038695812,0.0,3467.634765625,7868.0,27.836972165998304
1189,0.5904520750045776,681.569085419178,0.0,3467.634765625,7868.0,27.859220042999368
1190,0.5781666040420532,947.0188956260681,0.0,3467.634765625,7868.0,27.88168356899405
1191,0.9574010968208313,1006.7371893823147,0.0,3467.634765625,7868.0,27.90369714399276
1192,0.5473370552062988,852.94196164608,0.0,3467.634765625,7868.0,27.925580434995936
1193,0.5181811451911926,786.4917746335268,0.0,3467.634765625,7868.0,27.947990151995327
1194,1.0848084688186646,1012.0910837054253,0.0,3467.634765625,7868.0,27.97069208699395
1195,0.667536199092865,667.8780272752047,0.0,3467.634765625,7868.0,27.993898265995085
1196,0.5215063095092773,919.067474514246,0.0,3467.634765625,7868.0,28.016420668995124
1197,0.491564005613327,812.0649131834507,0.0,3467.634765625,7868.0,28.04090156700113
1198,0.503828763961792,947.2112313807011,0.0,3467.634765625,7868.0,28.063724293999257
1199,0.4917107820510864,583.8647770285606,0.0,3467.634765625,7868.0,28.086174240001128
1200,0.5570651888847351,963.6457761973143,0.0,3467.634765625,7868.0,28.108088209002744
1201,0.5920718312263489,1673.955200791359,0.0,3467.634765625,7868.0,28.130271924004774
1202,0.47935426235198975,692.52021227777,0.0,3467.634765625,7868.0,28.15223440999398
1203,0.4159117639064789,751.3014477491379,0.0,3467.634765625,7868.0,28.174141348004923
1204,0.5057193040847778,784.4033296555281,0.0,3467.634765625,7868.0,28.196069005993195
1205,1.1911559104919434,1199.1784212589264,0.0,3467.634765625,7868.0,28.21795496100094
1206,0.5544968843460083,965.9157868921757,0.0,3467.634765625,7868.0,28.239924353998504
1207,0.9425272941589355,591.3580524772406,0.0,3467.634765625,7868.0,28.262897284992505
1208,0.4209475815296173,1204.5272039622068,0.0,3467.634765625,7868.0,28.285254839996924
1209,0.5318006277084351,786.8452458232641,0.0,3467.634765625,7868.0,28.307243717994425
1210,0.493693470954895,488.9014534279704,0.0,3467.634765625,7868.0,28.329272969000158
1211,0.4909206032752991,605.4212630987167,0.0,3467.634765625,7868.0,28.352230924996547
1212,0.4882495403289795,707.7580857723951,0.0,3467.634765625,7868.0,28.374379429005785
1213,0.5213175415992737,649.8852330446243,0.0,3467.634765625,7868.0,28.39642330199422
1214,0.5131598711013794,752.053634673357,0.0,3467.634765625,7868.0,28.41839079700003
1215,0.43842411041259766,473.2797103896737,0.0,3467.634765625,7868.0,28.440416611992987
1216,0.5391823649406433,952.1568917036057,0.0,3467.634765625,7868.0,28.462392861998524
1217,0.5549544095993042,960.1604423522949,0.0,3467.634765625,7868.0,28.48446065200551
1218,0.9928023219108582,1788.3215922117233,0.0,3467.634765625,7868.0,28.506406154992874
1219,0.7450558543205261,627.0518648922443,0.0,3467.634765625,7868.0,28.528357153001707
1220,0.4168414771556854,619.4451022446156,0.0,3467.634765625,7868.0,28.550152679992607
1221,0.836341142654419,989.036329716444,0.0,3467.634765625,7868.0,28.572013789002085
1222,0.9603990912437439,745.9437318593264,0.0,3467.634765625,7868.0,28.595112255992717
1223,0.6243181228637695,890.3144322633743,0.0,3467.634765625,7868.0,28.617066171005717
1224,0.5303950905799866,896.5735166370869,0.0,3467.634765625,7868.0,28.639166642999044
1225,0.5344299077987671,1067.166373461485,0.0,3467.634765625,7868.0,28.661162117001368
1226,0.6999421119689941,2084.001263678074,0.0,3467.634765625,7868.0,28.683323883000412
1227,0.46046891808509827,941.2837007045746,0.0,3467.634765625,7868.0,28.705276602995582
1228,0.46416258811950684,872.14664670825,0.0,3467.634765625,7868.0,28.727160202994128
1229,1.0427409410476685,1873.3511061668396,0.0,3467.634765625,7868.0,28.749080252004205
1230,0.5241830348968506,804.4642460942268,0.0,3467.634765625,7868.0,28.77096179999353
1231,0.45992201566696167,668.8190099895,0.0,3467.634765625,7868.0,28.79296605499985
1232,1.0756253004074097,926.3290147334337,0.0,3467.634765625,7868.0,28.816187988995807
1233,0.9169790744781494,1086.0662388801575,0.0,3467.634765625,7868.0,28.838218575998326
1234,0.5047600269317627,918.9472099542618,0.0,3467.634765625,7868.0,28.860306046000915
1235,0.7619106769561768,960.960375636816,0.0,3467.634765625,7868.0,28.882515471996157
1236,0.5322796106338501,1211.6147115528584,0.0,3467.634765625,7868.0,28.90455121699779
1237,0.6571791172027588,1049.787423491478,0.0,3467.634765625,7868.0,28.92648535099579
1238,0.4163477420806885,865.9138234555721,0.0,3467.634765625,7868.0,28.948377776003326
1239,0.5755689144134521,862.8771777451038,0.0,3467.634765625,7868.0,28.97049812799378
1240,0.5371280312538147,758.2191752493382,0.0,3467.634765625,7868.0,28.993336649000412
1241,0.686105489730835,882.1314063370228,0.0,3467.634765625,7868.0,29.01578917700681
1242,1.1902599334716797,893.7031686306,0.0,3467.634765625,7868.0,29.037761382001918
1243,0.5712727308273315,793.5357892811298,0.0,3467.634765625,7868.0,29.059800870993058
1244,0.5049269795417786,489.6652792841196,0.0,3467.634765625,7868.0,29.082019907000358
1245,0.49890395998954773,544.4855240136385,0.0,3467.634765625,7868.0,29.10427813899878
1246,0.5319610238075256,792.7774169743061,0.0,3467.634765625,7868.0,29.1263159049995
1247,0.3572383224964142,477.46939827501774,0.0,3467.634765625,7868.0,29.14824043700355
1248,0.533033013343811,613.5238740071654,0.0,3467.634765625,7868.0,29.170175099003245
1249,0.708314061164856,753.3578198850155,0.0,3467.634765625,7868.0,29.19204244899447
1250,0.5744137167930603,924.525887131691,0.0,3467.634765625,7868.0,29.2140586010064
1251,0.5218506455421448,632.9641120284796,0.0,3467.634765625,7868.0,29.236008766994928
1252,0.5609270930290222,625.2186592072248,0.0,3467.634765625,7868.0,29.257907099003205
1253,0.45632830262184143,644.6768707633018,0.0,3467.634765625,7868.0,29.280091694992734
1254,0.5724815130233765,946.3094785511494,0.0,3467.634765625,7868.0,29.301994877998368
1255,0.5190218091011047,898.1539271473885,0.0,3467.634765625,7868.0,29.323884325000108
1256,0.9065776467323303,933.1622804552317,0.0,3467.634765625,7868.0,29.347008793003624
1257,0.38167738914489746,768.4556280225515,0.0,3467.634765625,7868.0,29.36941052900511
1258,0.5313114523887634,650.532604701817,0.0,3467.634765625,7868.0,29.391525226004887
1259,0.5804502367973328,957.2799606621265,0.0,3467.634765625,7868.0,29.41353750799317
1260,0.4503217041492462,743.2721098661423,0.0,3467.634765625,7868.0,29.43555882500368
1261,0.4591788649559021,829.1029608547688,0.0,3467.634765625,7868.0,29.4574696609925
1262,0.40169960260391235,622.7129571735859,0.0,3467.634765625,7868.0,29.479714907996822
1263,0.870219349861145,629.6345232203603,0.0,3467.634765625,7868.0,29.502744860001258
1264,0.3782005310058594,592.3126449733973,0.0,3467.634765625,7868.0,29.52468985899759
1265,0.8478853702545166,631.3642896562815,0.0,3467.634765625,7868.0,29.54664127599972
1266,0.4820341467857361,697.861038044095,0.0,3467.634765625,7868.0,29.568619521000073
1267,0.48835068941116333,644.3778573125601,0.0,3467.634765625,7868.0,29.59061423499952
1268,0.4498963952064514,696.9543122053146,0.0,3467.634765625,7868.0,29.612667659996077
1269,0.5087739825248718,694.937114417553,0.0,3467.634765625,7868.0,29.634640835996834
1270,0.5326034426689148,894.2954550385475,0.0,3467.634765625,7868.0,29.656647487994633
1271,0.4575744867324829,735.2034807354212,0.0,3467.634765625,7868.0,29.678995363996364
1272,1.3258320093154907,875.9185496121645,0.0,3467.634765625,7868.0,29.701982792001218
1273,0.9040560722351074,739.937571555376,0.0,3467.634765625,7868.0,29.724959686005604
1274,0.5616151690483093,1042.567209392786,0.0,3467.634765625,7868.0,29.747021051996853
1275,0.8310790061950684,559.8021616637707,0.0,3467.634765625,7868.0,29.769086814005277
1276,0.47754180431365967,790.8179687857628,0.0,3467.634765625,7868.0,29.7910815810028
1277,0.487422913312912,789.1725892275572,0.0,3467.634765625,7868.0,29.812967485995614
1278,1.041654348373413,839.7635852247477,0.0,3467.634765625,7868.0,29.834783393002
1279,0.5305253267288208,1217.8362950086594,0.0,3467.634765625,7868.0,29.85703445300169
1280,0.5929887890815735,1112.1927772760391,0.0,3467.634765625,7868.0,29.879774539003847
1281,0.5489626526832581,1091.4082348197699,0.0,3467.634765625,7868.0,29.90211865400488
1282,1.3651354312896729,918.0260511040688,0.0,3467.634765625,7868.0,29.92417076000129
1283,0.49747079610824585,1052.0991839766502,0.0,3467.634765625,7868.0,29.94684700500511
1284,0.24197639524936676,551.490679346025,0.0,3467.634765625,7868.0,29.96916673099622
1285,0.8788763284683228,900.4515266120434,0.0,3467.634765625,7868.0,29.991242342002806
1286,0.7110540270805359,921.1951888203621,0.0,3467.634765625,7868.0,30.014375872997334
1287,0.5717871189117432,791.7670480012894,0.0,3467.634765625,7868.0,30.036349311994854
1288,1.020351529121399,812.6483014523983,0.0,3467.634765625,7868.0,30.059642342996085
1289,0.81867915391922,639.8268614709377,0.0,3467.634765625,7868.0,30.083080501994118
1290,0.7959334254264832,851.5988944023848,0.0,3467.634765625,7868.0,30.10518749100447
1291,0.5990638136863708,776.2220712900162,0.0,3467.634765625,7868.0,30.127302449996932
1292,0.6788637042045593,846.0617224276066,0.0,3467.634765625,7868.0,30.149298841002746
1293,0.4767421782016754,465.34285420924425,0.0,3467.634765625,7868.0,30.171987448004074
1294,0.9312901496887207,768.4298759102821,0.0,3467.634765625,7868.0,30.194559886993375
1295,0.5830016732215881,1013.3267883360386,0.0,3467.634765625,7868.0,30.21651950800151
1296,0.443183571100235,516.8055082857609,0.0,3467.634765625,7868.0,30.23865119399852
1297,0.48868200182914734,524.7845627292991,0.0,3467.634765625,7868.0,30.260947517992463
1298,0.6039031147956848,883.6597418636084,0.0,3467.634765625,7868.0,30.283835843001725
1299,0.44498491287231445,636.248510569334,0.0,3467.634765625,7868.0,30.306102867994923
1300,0.5687617063522339,824.9157272726297,0.0,3467.634765625,7868.0,30.328202276999946
1301,0.8675148487091064,665.3537511229515,0.0,3467.634765625,7868.0,30.35134168699733
1302,0.9501524567604065,942.4952394962311,0.0,3467.634765625,7868.0,30.373705177000375
1303,0.7688624858856201,595.321709856391,0.0,3467.634765625,7868.0,30.39717932700296
1304,0.8295921087265015,502.2910592854023,0.0,3467.634765625,7868.0,30.420308140994166
1305,0.5220602750778198,972.2205369025469,0.0,3467.634765625,7868.0,30.443111346001388
1306,0.6414181590080261,772.8018161654472,0.0,3467.634765625,7868.0,30.46578957499878
1307,0.4754078686237335,720.2307352721691,0.0,3467.634765625,7868.0,30.488115086001926
1308,0.4563658833503723,392.7791555300355,0.0,3467.634765625,7868.0,30.510156978998566
1309,0.689292848110199,489.82104831933975,0.0,3467.634765625,7868.0,30.533285583995166
1310,0.5425699353218079,655.9530194699764,0.0,3467.634765625,7868.0,30.555305856993073
1311,0.5202828049659729,987.1962440609932,0.0,3467.634765625,7868.0,30.577330818996415
1312,0.623799741268158,627.1335956454277,0.0,3467.634765625,7868.0,30.599115952994907
1313,0.8984302878379822,1250.8697162419558,0.0,3467.634765625,7868.0,30.621078743002727
1314,0.44116613268852234,660.9580580443144,0.0,3467.634765625,7868.0,30.64400882499467
1315,0.43571943044662476,687.3562049120665,0.0,3467.634765625,7868.0,30.666932677995646
1316,0.3501646816730499,1008.557464569807,0.0,3467.634765625,7868.0,30.689508858005865
1317,0.47654667496681213,646.5943060219288,0.0,3467.634765625,7868.0,30.7120109910029
1318,0.7086390256881714,1198.647865086794,0.0,3467.634765625,7868.0,30.734012148997863
1319,0.7678258419036865,643.764659434557,0.0,3467.634765625,7868.0,30.757169079995947
1320,0.447160929441452,1210.4474802315235,0.0,3467.634765625,7868.0,30.779216690993053
1321,0.525043249130249,618.6474985703826,0.0,3467.634765625,7868.0,30.80118808700354
1322,0.5368540287017822,905.6539656221867,0.0,3467.634765625,7868.0,30.82312166999327
1323,0.6807616949081421,1080.9867271482944,0.0,3467.634765625,7868.0,30.84509849800088
1324,0.7298972606658936,737.0361286103725,0.0,3467.634765625,7868.0,30.867155882995576
1325,0.9699832797050476,704.0624870657921,0.0,3467.634765625,7868.0,30.890645020001102
1326,0.4004920423030853,1105.2587649524212,0.0,3467.634765625,7868.0,30.91265571200347
1327,0.7512537837028503,818.4056990891695,0.0,3467.634765625,7868.0,30.934661897001206
1328,0.48649516701698303,522.2461496666074,0.0,3467.634765625,7868.0,30.956610638997518
1329,0.4309120178222656,770.2240686714649,0.0,3467.634765625,7868.0,30.97856632899493
1330,0.652262806892395,956.6319746524096,0.0,3467.634765625,7868.0,31.000539725995623
1331,0.5092815160751343,898.6111129671335,0.0,3467.634765625,7868.0,31.02244744700147
1332,0.4347183406352997,372.0304120182991,0.0,3467.634765625,7868.0,31.044494347006548
1333,0.5591822266578674,480.2544793635607,0.0,3467.634765625,7868.0,31.06634814599238
1334,0.9052783846855164,904.7447601556778,0.0,3467.634765625,7868.0,31.08857166300004
1335,0.5759781002998352,1165.1577667146921,0.0,3467.634765625,7868.0,31.110633037998923
1336,0.47718527913093567,480.08916360884905,0.0,3467.634765625,7868.0,31.13394427599269
1337,0.6728840470314026,679.872866332531,0.0,3467.634765625,7868.0,31.155964145000326
1338,1.080283522605896,1197.9454781115055,0.0,3467.634765625,7868.0,31.177955140999984
1339,0.5289058089256287,533.3346637189388,0.0,3467.634765625,7868.0,31.199858123000013
1340,0.4990743398666382,584.5121846348047,0.0,3467.634765625,7868.0,31.2217719629989
1341,0.42036131024360657,376.3728828430176,0.0,3467.634765625,7868.0,31.243720593003673
1342,0.4018251597881317,653.1278499364853,0.0,3467.634765625,7868.0,31.265688262996264
1343,0.5175930857658386,879.2415142953396,0.0,3467.634765625,7868.0,31.28785531599715
1344,0.4747994542121887,711.1252750754356,0.0,3467.634765625,7868.0,31.309747300998424
1345,0.4614810645580292,590.8966903090477,0.0,3467.634765625,7868.0,31.331666843005223
1346,0.4388571083545685,649.4711614102125,0.0,3467.634765625,7868.0,31.353523070996744
1347,0.5453718304634094,676.0129759013653,0.0,3467.634765625,7868.0,31.375555018006708
1348,0.4920995533466339,847.7455582618713,0.0,3467.634765625,7868.0,31.397758516002796
1349,0.696406364440918,705.0190033912659,0.0,3467.634765625,7868.0,31.419623969006352
1350,0.4290165603160858,654.8781295716763,0.0,3467.634765625,7868.0,31.441496851999545
1351,0.5995165705680847,764.9593512862921,0.0,3467.634765625,7868.0,31.4634199370048
1352,0.88309645652771,934.936139523983,0.0,3467.634765625,7868.0,31.48687410900311
1353,0.6230230331420898,714.0801647305489,0.0,3467.634765625,7868.0,31.508974658005172
1354,0.403117299079895,663.7067085951567,0.0,3467.634765625,7868.0,31.53092536100303
1355,0.4313002824783325,783.4374644458294,0.0,3467.634765625,7868.0,31.552860676005366
1356,0.4809108376502991,475.0682402327657,0.0,3467.634765625,7868.0,31.574697931006085
1357,1.179826021194458,777.5144639462233,0.0,3467.634765625,7868.0,31.596644160003052
1358,0.48411285877227783,801.1948096305132,0.0,3467.634765625,7868.0,31.61856884000008
1359,0.49083051085472107,976.5560386478901,0.0,3467.634765625,7868.0,31.640603767998982
1360,0.7880105376243591,1250.336009800434,0.0,3467.634765625,7868.0,31.662562191995676
1361,1.0856937170028687,921.4304390251637,0.0,3467.634765625,7868.0,31.684712681002566
1362,0.4127264618873596,624.6537272930145,0.0,3467.634765625,7868.0,31.70663116799551
1363,0.5901655554771423,544.4542622715235,0.0,3467.634765625,7868.0,31.728550967993215
1364,0.4893272817134857,619.247258707881,0.0,3467.634765625,7868.0,31.75054075899243
1365,1.190047025680542,3170.4103144407272,0.0,3467.634765625,7868.0,31.773667828994803
1366,0.7543537616729736,830.2357133924961,0.0,3467.634765625,7868.0,31.795673935994273
1367,0.6222156286239624,753.9194452911615,0.0,3467.634765625,7868.0,31.81753943300282
1368,0.4960198402404785,1004.6405175626278,0.0,3467.634765625,7868.0,31.839516777996323
1369,0.6267468929290771,567.0297103077173,0.0,3467.634765625,7868.0,31.861304311998538
1370,0.9914754629135132,1620.8369015455246,0.0,3467.634765625,7868.0,31.884868610999547
1371,0.4470478594303131,584.6387469321489,0.0,3467.634765625,7868.0,31.911554580001393
1372,0.45693737268447876,642.2139715999365,0.0,3467.634765625,7868.0,31.93589213299856
1373,0.48527300357818604,629.5522656664252,0.0,3467.634765625,7868.0,31.96012179799436
1374,0.4348011314868927,622.5648912265897,0.0,3467.634765625,7868.0,31.98423422500491
1375,0.42964693903923035,980.6022662222385,0.0,3467.634765625,7868.0,32.0080757800024
1376,1.0352307558059692,800.1218788176775,0.0,3467.634765625,7868.0,32.03304549699533
1377,0.49875408411026,936.1492149531841,0.0,3467.634765625,7868.0,32.056973682992975
1378,0.5118931531906128,877.2790619134903,0.0,3467.634765625,7868.0,32.08082919899607
1379,0.4476357102394104,731.6035858094692,0.0,3467.634765625,7868.0,32.10500203400443
1380,0.46762120723724365,522.2223936766386,0.0,3467.634765625,7868.0,32.128777935999096
1381,0.38489940762519836,590.5241324901581,0.0,3467.634765625,7868.0,32.15264912300336
1382,0.49779796600341797,612.1552087664604,0.0,3467.634765625,7868.0,32.17649064300349
1383,0.4933774769306183,1129.4711685478687,0.0,3467.634765625,7868.0,32.2003335049958
1384,0.5373323559761047,899.2415532916784,0.0,3467.634765625,7868.0,32.22423737999634
1385,0.9604747295379639,750.4522663801908,0.0,3467.634765625,7868.0,32.24906784700579
1386,0.686378002166748,715.1535374671221,0.0,3467.634765625,7868.0,32.27289888399537
1387,0.816491961479187,668.9330203533173,0.0,3467.634765625,7868.0,32.296813191002
1388,0.7744553089141846,708.1152704656124,0.0,3467.634765625,7868.0,32.3209221589932
1389,0.5422599911689758,908.50021058321,0.0,3467.634765625,7868.0,32.34476680199441
1390,0.6598325967788696,709.0066720843315,0.0,3467.634765625,7868.0,32.36968466099643
1391,0.4332890808582306,462.9648184031248,0.0,3467.634765625,7868.0,32.393874037996284
1392,0.3686038851737976,559.8510592952371,0.0,3467.634765625,7868.0,32.41795772200567
1393,0.4335996210575104,988.4601454436779,0.0,3467.634765625,7868.0,32.44185658899369
1394,0.6481876373291016,598.5600689873099,0.0,3467.634765625,7868.0,32.465787879002164
1395,0.5895384550094604,897.6511650234461,0.0,3467.634765625,7868.0,32.48963376499887
1396,1.0952192544937134,652.0369456112385,0.0,3467.634765625,7868.0,32.51477011300449
1397,1.1263847351074219,1528.649790763855,0.0,3467.634765625,7868.0,32.53896855699713
1398,0.7219116687774658,886.8943971693516,0.0,3467.634765625,7868.0,32.5628957739973
1399,0.5481615662574768,592.7558690905571,0.0,3467.634765625,7868.0,32.586757587996544
1400,0.5094941258430481,533.1376310959458,0.0,3467.634765625,7868.0,32.61054709300515
1401,0.5664148330688477,595.2187861651182,0.0,3467.634765625,7868.0,32.634662138996646
1402,0.4511253237724304,642.3526472002268,0.0,3467.634765625,7868.0,32.65849622400128
1403,0.4004407823085785,640.6548318266869,0.0,3467.634765625,7868.0,32.6823083430063
1404,0.4442330002784729,1205.5435762405396,0.0,3467.634765625,7868.0,32.706107908001286
1405,0.3997196853160858,822.2929268628359,0.0,3467.634765625,7868.0,32.72999684599927
1406,0.8072071075439453,689.6930625587702,0.0,3467.634765625,7868.0,32.754076697005075
1407,0.4234298765659332,663.3062484562397,0.0,3467.634765625,7868.0,32.778014975003316
1408,0.3919973075389862,577.0172186046839,0.0,3467.634765625,7868.0,32.801872470998205
1409,0.5981412529945374,1048.9279368072748,0.0,3467.634765625,7868.0,32.82564930799708
1410,0.9901297688484192,695.8198607563972,0.0,3467.634765625,7868.0,32.84949482900265
1411,0.8776280879974365,923.5370408296585,0.0,3467.634765625,7868.0,32.87355754399323
1412,0.5202065110206604,737.2955299913883,0.0,3467.634765625,7868.0,32.8976318250061
1413,0.44655469059944153,647.6709777116776,0.0,3467.634765625,7868.0,32.92153419699753
1414,0.4273187220096588,1104.4352370202541,0.0,3467.634765625,7868.0,32.94539930499741
1415,0.4886261224746704,658.5342913717031,0.0,3467.634765625,7868.0,32.96949215600034
1416,0.480064332485199,673.8429599553347,0.0,3467.634765625,7868.0,32.99352316999284
1417,0.48581424355506897,917.1489573568106,0.0,3467.634765625,7868.0,33.01739345799433
1418,0.48465102910995483,1005.1289831995964,0.0,3467.634765625,7868.0,33.04119923899998
1419,0.7525623440742493,918.3034380674362,0.0,3467.634765625,7868.0,33.065029202000005
1420,0.46881863474845886,834.6670643389225,0.0,3467.634765625,7868.0,33.088866512000095
1421,0.8522809147834778,928.4931237995625,0.0,3467.634765625,7868.0,33.112684181993245
1422,0.9710485339164734,620.2597880810499,0.0,3467.634765625,7868.0,33.1366189239925
1423,0.44497501850128174,690.3535625040531,0.0,3467.634765625,7868.0,33.16042580999783
1424,0.850001335144043,681.3030829578638,0.0,3467.634765625,7868.0,33.18460408899409
1425,0.42364078760147095,764.5905192941427,0.0,3467.634765625,7868.0,33.20849692300544
1426,0.7800963521003723,762.2326394915581,0.0,3467.634765625,7868.0,33.23236207499576
1427,0.4144096374511719,566.2268867194653,0.0,3467.634765625,7868.0,33.25617175399384
1428,0.46918952465057373,507.21856711804867,0.0,3467.634765625,7868.0,33.27997357600543
1429,0.5175365805625916,789.0920728445053,0.0,3467.634765625,7868.0,33.30392828299955
1430,0.45485344529151917,925.708236604929,0.0,3467.634765625,7868.0,33.327738847001456
1431,0.5272019505500793,734.3057727515697,0.0,3467.634765625,7868.0,33.351597985005355
1432,0.4447470009326935,981.3015981316566,0.0,3467.634765625,7868.0,33.375557502993615
1433,0.3755679428577423,661.8037184923887,0.0,3467.634765625,7868.0,33.400050495998585
1434,0.6611137986183167,1944.8633169829845,0.0,3467.634765625,7868.0,33.42391756900179
1435,0.5440835356712341,719.3388850837946,0.0,3467.634765625,7868.0,33.44789384199248
1436,1.142142415046692,610.4596515446901,0.0,3467.634765625,7868.0,33.472689411995816
1437,0.948818564414978,793.7196260094643,0.0,3467.634765625,7868.0,33.49670484800299
1438,0.46819913387298584,861.8672148734331,0.0,3467.634765625,7868.0,33.52075180099928
1439,0.5754912495613098,1172.1933261156082,0.0,3467.634765625,7868.0,33.544554798994795
1440,0.4857635796070099,749.1422555148602,0.0,3467.634765625,7868.0,33.56835130500258
1441,0.4390923082828522,912.2511455118656,0.0,3467.634765625,7868.0,33.59228892000101
1442,1.1095188856124878,3237.9719089865685,0.0,3467.634765625,7868.0,33.617515531004756
1443,0.584891676902771,811.6477771401405,0.0,3467.634765625,7868.0,33.64137456500612
1444,0.586013674736023,1026.8075538873672,0.0,3467.634765625,7868.0,33.665318536994164
1445,0.7071943283081055,899.7131616175175,0.0,3467.634765625,7868.0,33.690309116005665
1446,0.8213769793510437,1001.6162236183882,0.0,3467.634765625,7868.0,33.7153587089997
1447,0.943169116973877,1278.738231986761,0.0,3467.634765625,7868.0,33.74028949700005
1448,0.3755608797073364,561.6859813481569,0.0,3467.634765625,7868.0,33.76417265100463
1449,0.9162198305130005,1135.6033054888248,0.0,3467.634765625,7868.0,33.78809962100058
1450,0.5249947309494019,591.7290246933699,0.0,3467.634765625,7868.0,33.81191955099348
1451,0.5791593790054321,721.5885934382677,0.0,3467.634765625,7868.0,33.836034466003184
1452,0.9222235679626465,848.2474612891674,0.0,3467.634765625,7868.0,33.85978276999958
1453,0.756840705871582,1174.4150858223438,0.0,3467.634765625,7868.0,33.883892094992916
1454,0.45288294553756714,2144.5211791992188,0.0,3467.634765625,7868.0,33.907795409002574
1455,0.8541490435600281,812.8016599267721,0.0,3467.634765625,7868.0,33.93172287500056
1456,0.5547595620155334,1042.4983373582363,0.0,3467.634765625,7868.0,33.9561743200029
1457,0.45389553904533386,862.5099562704563,0.0,3467.634765625,7868.0,33.98030376000679
1458,0.9366500973701477,4431.995828032494,0.0,3467.634765625,7868.0,34.00424562700209
1459,0.4957841634750366,866.4279629588127,0.0,3467.634765625,7868.0,34.02829508099239
1460,0.8164539337158203,1488.925209581852,0.0,3467.634765625,7868.0,34.052405941998586
1461,0.5063846111297607,743.2607817649841,0.0,3467.634765625,7868.0,34.07620159299404
1462,0.5243613123893738,699.387678667903,0.0,3467.634765625,7868.0,34.10000983500504
1463,1.231488585472107,865.4357990026474,0.0,3467.634765625,7868.0,34.12386829199386
1464,0.9188001155853271,847.2323727607727,0.0,3467.634765625,7868.0,34.14863677800167
1465,0.5458728671073914,874.9843648374081,0.0,3467.634765625,7868.0,34.17218314399361
1466,0.7123135328292847,846.40723054111,0.0,3467.634765625,7868.0,34.196119765998446
1467,0.46591559052467346,656.5467476248741,0.0,3467.634765625,7868.0,34.2201394779986
1468,1.0151907205581665,1327.7678686380386,0.0,3467.634765625,7868.0,34.244014151001466
1469,0.6349992156028748,1132.2014519274235,0.0,3467.634765625,7868.0,34.26813981299347
1470,0.45042935013771057,642.857975743711,0.0,3467.634765625,7868.0,34.2920986120007
1471,0.44162625074386597,1090.1394924223423,0.0,3467.634765625,7868.0,34.315925803006394
1472,1.0457184314727783,1182.2769412398338,0.0,3467.634765625,7868.0,34.34100850399409
1473,0.8813065886497498,6100.780344724655,0.0,3467.634765625,7868.0,34.36489610699937
1474,0.5216668248176575,1715.8383921980858,0.0,3467.634765625,7868.0,34.388808308998705
1475,0.693605899810791,890.6837480664253,0.0,3467.634765625,7868.0,34.41283253800066
1476,0.592132031917572,1447.9344463944435,0.0,3467.634765625,7868.0,34.43671461100166
1477,0.47758948802948,1495.4557484984398,0.0,3467.634765625,7868.0,34.46054287599691
1478,0.5141203999519348,964.4618960022926,0.0,3467.634765625,7868.0,34.48465722499532
1479,0.4936746060848236,1127.7752755582333,0.0,3467.634765625,7868.0,34.50857936599641
1480,0.5249059200286865,716.0164968073368,0.0,3467.634765625,7868.0,34.5324336180056
1481,0.42932334542274475,1500.5996425151825,0.0,3467.634765625,7868.0,34.55620753100084
1482,0.6108937859535217,5412.451318204403,0.0,3467.634765625,7868.0,34.580166482992354
1483,0.5252597332000732,1151.904972165823,0.0,3467.634765625,7868.0,34.60416939400602
1484,0.5625176429748535,1240.470261067152,0.0,3467.634765625,7868.0,34.627955885996926
1485,0.8447318077087402,1591.5899192392826,0.0,3467.634765625,7868.0,34.65190981600608
1486,0.581748902797699,1377.416242212057,0.0,3467.634765625,7868.0,34.67580580699723
1487,0.6633214950561523,808.2879272699356,0.0,3467.634765625,7868.0,34.6999002770026
1488,0.8190016150474548,2075.4366630017757,0.0,3467.634765625,7868.0,34.72379629399802
1489,0.4147695302963257,791.759932756424,0.0,3467.634765625,7868.0,34.747719977996894
1490,0.5695372223854065,997.5083379745483,0.0,3467.634765625,7868.0,34.77155718799622
1491,0.7816399931907654,836.9873021692038,0.0,3467.634765625,7868.0,34.795408649006276
1492,0.45644569396972656,838.46331577003,0.0,3467.634765625,7868.0,34.81927920799353
1493,0.9737260341644287,1443.433492720127,0.0,3467.634765625,7868.0,34.843089652000344
1494,0.6830909252166748,989.3882295489311,0.0,3467.634765625,7868.0,34.86692846799269
1495,0.47528788447380066,1062.6978848278522,0.0,3467.634765625,7868.0,34.89093499300361
1496,0.46373921632766724,855.6218443065882,0.0,3467.634765625,7868.0,34.915295412996784
1497,0.5445986986160278,1272.8451100885868,0.0,3467.634765625,7868.0,34.939207970004645
1498,0.42920419573783875,990.7515234202147,0.0,3467.634765625,7868.0,34.96314985699428
1499,0.7113538384437561,1205.7162202298641,0.0,3467.634765625,7868.0,34.987254021994886
1500,0.3987749218940735,940.3946209549904,0.0,3467.634765625,7868.0,35.01114034099737
1501,0.9191043376922607,885.4994191378355,0.0,3467.634765625,7868.0,35.03525689900562
1502,0.4680958688259125,973.5156773775816,0.0,3467.634765625,7868.0,35.059198275004746
1503,0.5386995673179626,872.4873582720757,0.0,3467.634765625,7868.0,35.08301693999965
1504,0.6039766669273376,1164.7459954023361,0.0,3467.634765625,7868.0,35.10681943000236
1505,1.0946621894836426,940.2088692039251,0.0,3467.634765625,7868.0,35.13189564700588
1506,0.40870681405067444,1249.6452437639236,0.0,3467.634765625,7868.0,35.155827719994704
1507,0.4002259075641632,625.3224195837975,0.0,3467.634765625,7868.0,35.17966093099676
1508,0.8101626038551331,993.206603705883,0.0,3467.634765625,7868.0,35.2046283850068
1509,0.9653327465057373,675.209237024188,0.0,3467.634765625,7868.0,35.229627534994506
1510,0.5287364721298218,955.8859148025513,0.0,3467.634765625,7868.0,35.253620054994826
1511,0.4224657416343689,786.495513767004,0.0,3467.634765625,7868.0,35.2775014390063
1512,1.0960744619369507,990.4729037880898,0.0,3467.634765625,7868.0,35.3014721070067
1513,0.648021936416626,744.0529719293118,0.0,3467.634765625,7868.0,35.325343859993154
1514,0.9017544984817505,648.8370683789253,0.0,3467.634765625,7868.0,35.350412914995104
1515,0.3754807412624359,867.1245912313461,0.0,3467.634765625,7868.0,35.37432027699833
1516,0.603248655796051,697.3785943984985,0.0,3467.634765625,7868.0,35.39854411799752
1517,0.6944460272789001,997.6427596509457,0.0,3467.634765625,7868.0,35.42245967699273
1518,0.7137231826782227,783.6577377915382,0.0,3467.634765625,7868.0,35.44623165100347
1519,0.4221859276294708,690.0003336369991,0.0,3467.634765625,7868.0,35.47008607200405
1520,0.6152048707008362,864.704532623291,0.0,3467.634765625,7868.0,35.494166899006814
1521,0.44751355051994324,711.302281960845,0.0,3467.634765625,7868.0,35.518107384006726
1522,0.46563801169395447,762.9335388839245,0.0,3467.634765625,7868.0,35.54194630100392
1523,0.4850299060344696,644.7074134498835,0.0,3467.634765625,7868.0,35.56617827099399
1524,0.49786534905433655,1079.6147424578667,0.0,3467.634765625,7868.0,35.58994164799515
1525,0.4880974590778351,991.9316527843475,0.0,3467.634765625,7868.0,35.613852994996705
1526,0.5130395293235779,655.4952451884747,0.0,3467.634765625,7868.0,35.637820271993405
1527,0.7235594987869263,760.0568168014288,0.0,3467.634765625,7868.0,35.66282216900436
1528,0.9105514287948608,915.7211538255215,0.0,3467.634765625,7868.0,35.686718294993625
1529,0.7871635556221008,982.8653724491596,0.0,3467.634765625,7868.0,35.71068011400348
1530,0.8160101175308228,761.2905983924866,0.0,3467.634765625,7868.0,35.73449564000475
1531,0.5102502703666687,1058.5927455425262,0.0,3467.634765625,7868.0,35.758267534998595
1532,0.8709844350814819,1094.1027655899525,0.0,3467.634765625,7868.0,35.78358925500652
1533,0.44008147716522217,633.7504559755325,0.0,3467.634765625,7868.0,35.80744315800257
1534,0.48455366492271423,804.0190010368824,0.0,3467.634765625,7868.0,35.831262616004096
1535,0.500400960445404,1107.7934688925743,0.0,3467.634765625,7868.0,35.85518003600009
1536,0.5309582948684692,964.206138163805,0.0,3467.634765625,7868.0,35.879053815006046
1537,0.6918413043022156,877.5686052441597,0.0,3467.634765625,7868.0,35.90315394100617
1538,0.7560424208641052,724.3381408154964,0.0,3467.634765625,7868.0,35.927099692999036
1539,0.40051838755607605,972.477555245161,0.0,3467.634765625,7868.0,35.951356210993254
1540,0.5038794875144958,1212.1504175961018,0.0,3467.634765625,7868.0,35.97531974699814
1541,0.479011595249176,919.0861287266016,0.0,3467.634765625,7868.0,35.999498090997804
1542,0.9294315576553345,1172.806698411703,0.0,3467.634765625,7868.0,36.023367660003714
1543,0.522371232509613,850.1169281154871,0.0,3467.634765625,7868.0,36.047250518997316
1544,0.8478555679321289,995.2723184227943,0.0,3467.634765625,7868.0,36.07132039499993
1545,0.6317388415336609,605.0005223155022,0.0,3467.634765625,7868.0,36.095110333000775
1546,0.6695941090583801,807.2221045047045,0.0,3467.634765625,7868.0,36.1190056129999
1547,0.7181889414787292,1318.1621049940586,0.0,3467.634765625,7868.0,36.14276279200567
1548,0.3952256739139557,700.5376968085766,0.0,3467.634765625,7868.0,36.16654858000402
1549,0.470981240272522,581.2269371971488,0.0,3467.634765625,7868.0,36.1902504759928
1550,0.4608302712440491,613.2963946312666,0.0,3467.634765625,7868.0,36.21452371000487
1551,1.0564608573913574,685.655367448926,0.0,3467.634765625,7868.0,36.23827764300222
1552,0.658409833908081,932.0806660950184,0.0,3467.634765625,7868.0,36.262012742998195
1553,0.3896467983722687,512.5632711350918,0.0,3467.634765625,7868.0,36.285875364003005
1554,0.46276482939720154,785.2386456280947,0.0,3467.634765625,7868.0,36.309709762004786
1555,0.4785478413105011,579.2830707579851,0.0,3467.634765625,7868.0,36.33344572900387
1556,0.6629939079284668,839.0624867677689,0.0,3467.634765625,7868.0,36.35719793000317
1557,0.3671811521053314,426.2906771376729,0.0,3467.634765625,7868.0,36.38095868199889
1558,0.4237406551837921,668.6348427385092,0.0,3467.634765625,7868.0,36.40502178999304
1559,0.5994550585746765,1610.8132188618183,0.0,3467.634765625,7868.0,36.42910899700655
1560,0.6871017217636108,484.36788991093636,0.0,3467.634765625,7868.0,36.45292952799355
1561,0.5712703466415405,949.5173265635967,0.0,3467.634765625,7868.0,36.47669999000209
1562,0.457637757062912,585.1344831138849,0.0,3467.634765625,7868.0,36.50054028700106
1563,0.463123619556427,757.1396398991346,0.0,3467.634765625,7868.0,36.52433477700106
1564,0.4343418776988983,842.340458124876,0.0,3467.634765625,7868.0,36.5482054019958
1565,0.41370639204978943,443.436202198267,0.0,3467.634765625,7868.0,36.57204220999847
1566,0.5794285535812378,649.4486813545227,0.0,3467.634765625,7868.0,36.59588745399378
1567,0.8678728938102722,1158.5855666100979,0.0,3467.634765625,7868.0,36.619810194999445
1568,0.974471390247345,1360.4731031954288,0.0,3467.634765625,7868.0,36.643969979006215
1569,0.549630343914032,898.4372338652611,0.0,3467.634765625,7868.0,36.66772871199646
1570,0.5107110142707825,946.559559315443,0.0,3467.634765625,7868.0,36.69147523700667
1571,0.5722798109054565,612.8851464539766,0.0,3467.634765625,7868.0,36.71532523300266
1572,0.8052687644958496,816.9169435203075,0.0,3467.634765625,7868.0,36.73914968999452
1573,0.7503464818000793,948.586051762104,0.0,3467.634765625,7868.0,36.76304259999597
1574,1.138113260269165,1533.779478430748,0.0,3467.634765625,7868.0,36.786928454006556
1575,0.5984910130500793,1049.453927025199,0.0,3467.634765625,7868.0,36.81065441999817
1576,0.9821672439575195,1323.6684393286705,0.0,3467.634765625,7868.0,36.834464158004266
1577,0.4787643551826477,787.4663665890694,0.0,3467.634765625,7868.0,36.85860345000401
1578,0.5177679657936096,713.3038615137339,0.0,3467.634765625,7868.0,36.88244253999437
1579,0.65751713514328,457.5591812133789,0.0,3467.634765625,7868.0,36.90648881699599
1580,0.4879717528820038,728.1977451890707,0.0,3467.634765625,7868.0,36.930330085000605
1581,0.818574070930481,951.9481322467327,0.0,3467.634765625,7868.0,36.95423838199349
1582,1.0662978887557983,845.9730456620455,0.0,3467.634765625,7868.0,36.978047451993916
1583,0.5094929337501526,1017.6184143573046,0.0,3467.634765625,7868.0,37.0019161329983
1584,0.6985704898834229,811.822845697403,0.0,3467.634765625,7868.0,37.02570840599947
1585,0.7092799544334412,693.8694788217545,0.0,3467.634765625,7868.0,37.05077967699617
1586,0.6445711255073547,947.8920990228653,0.0,3467.634765625,7868.0,37.07599539399962
1587,0.5769595503807068,893.7727923095226,0.0,3467.634765625,7868.0,37.09999932600476
1588,0.961033046245575,736.9008720815182,0.0,3467.634765625,7868.0,37.124755098993774
1589,0.6206406950950623,1853.9492612481117,0.0,3467.634765625,7868.0,37.14863797300495
1590,0.7495787143707275,710.5211279541254,0.0,3467.634765625,7868.0,37.17358709700056
1591,1.505197525024414,731.7227467596531,0.0,3467.634765625,7868.0,37.1983993150061
1592,0.8137679100036621,856.8702683746815,0.0,3467.634765625,7868.0,37.22224874999665
1593,0.522988498210907,497.3427898809314,0.0,3467.634765625,7868.0,37.24606129300082
1594,0.8923523426055908,937.6490384042263,0.0,3467.634765625,7868.0,37.26989432499977
1595,0.5405178070068359,961.7339014112949,0.0,3467.634765625,7868.0,37.29410627599282
1596,0.7393044829368591,1194.2688132673502,0.0,3467.634765625,7868.0,37.317871331004426
1597,0.7780901789665222,765.2611579596996,0.0,3467.634765625,7868.0,37.34171800699551
1598,0.5762253999710083,695.7239193618298,0.0,3467.634765625,7868.0,37.36557200099924
1599,0.3700859844684601,524.7500202357769,0.0,3467.634765625,7868.0,37.389453809999395
1600,0.3731079697608948,587.0945627838373,0.0,3467.634765625,7868.0,37.41350410200539
1601,0.6288942098617554,693.7477778047323,0.0,3467.634765625,7868.0,37.437571468006354
1602,0.46358442306518555,952.9514174163342,0.0,3467.634765625,7868.0,37.46141311500105
1603,0.37597450613975525,726.0289931446314,0.0,3467.634765625,7868.0,37.48517492199608
1604,0.5175844430923462,791.2461465150118,0.0,3467.634765625,7868.0,37.50936578899564
1605,0.43218839168548584,511.33886700868607,0.0,3467.634765625,7868.0,37.53315809399646
1606,0.6320400238037109,599.1561108082533,0.0,3467.634765625,7868.0,37.557047783004236
1607,0.45658078789711,782.8533046841621,0.0,3467.634765625,7868.0,37.580800536001334
1608,0.5596014857292175,632.175317786634,0.0,3467.634765625,7868.0,37.60452903699479
1609,0.8868364095687866,973.2164523601532,0.0,3467.634765625,7868.0,37.628370880993316
1610,0.478636771440506,450.4050757288933,0.0,3467.634765625,7868.0,37.65219636799884
1611,0.6699323058128357,916.3535061776638,0.0,3467.634765625,7868.0,37.67608302399458
1612,0.4721270501613617,753.7741406112909,0.0,3467.634765625,7868.0,37.70000529999379
1613,0.9804865717887878,702.4834963977337,0.0,3467.634765625,7868.0,37.72527766499843
1614,0.3920809328556061,398.67690670490265,0.0,3467.634765625,7868.0,37.7491388930066
1615,0.6262861490249634,572.3824374675751,0.0,3467.634765625,7868.0,37.77290173700021
1616,0.7721875905990601,808.1897860020399,0.0,3467.634765625,7868.0,37.79671408300055
1617,0.7132530212402344,939.6456317901611,0.0,3467.634765625,7868.0,37.82064590700611
1618,0.40516045689582825,613.4125764966011,0.0,3467.634765625,7868.0,37.84441449500446
1619,0.8232964873313904,1048.5586827546358,0.0,3467.634765625,7868.0,37.86818932599272
1620,0.5213677287101746,697.0012283921242,0.0,3467.634765625,7868.0,37.892017375997966
1621,0.4988115727901459,966.410987123847,0.0,3467.634765625,7868.0,37.91614629399555
1622,0.7706347107887268,687.945443958044,0.0,3467.634765625,7868.0,37.9413911629963
1623,0.45904627442359924,535.8719063252211,0.0,3467.634765625,7868.0,37.965734045006684
1624,0.39119866490364075,672.231672167778,0.0,3467.634765625,7868.0,37.989618620005785
1625,0.3524470329284668,570.2349657565355,0.0,3467.634765625,7868.0,38.01336875099514
1626,1.0611286163330078,692.2738688588142,0.0,3467.634765625,7868.0,38.03814153600251
1627,0.4945427179336548,670.8723111599684,0.0,3467.634765625,7868.0,38.062011589005124
1628,0.8659431338310242,981.5702438354492,0.0,3467.634765625,7868.0,38.08701901799941
1629,1.099060297012329,1032.05846580863,0.0,3467.634765625,7868.0,38.110477927999455
1630,0.4364079535007477,1426.1376402378082,0.0,3467.634765625,7868.0,38.134339588999865
1631,0.7517176270484924,541.6348847746849,0.0,3467.634765625,7868.0,38.15836939000292
1632,0.47626274824142456,911.0393449664116,0.0,3467.634765625,7868.0,38.1822194300039
1633,0.8027253150939941,1059.4379953294992,0.0,3467.634765625,7868.0,38.20595878000313
1634,0.7690824866294861,1035.9970718622208,0.0,3467.634765625,7868.0,38.22975694600609
1635,0.8436198234558105,1129.712814450264,0.0,3467.634765625,7868.0,38.25356380800076
1636,0.496584415435791,684.694713383913,0.0,3467.634765625,7868.0,38.277314784994815
1637,0.3676120936870575,956.7400270104408,0.0,3467.634765625,7868.0,38.30115611500514
1638,0.8789433836936951,692.934639826417,0.0,3467.634765625,7868.0,38.32597876699583
1639,0.5422054529190063,1001.7442260980606,0.0,3467.634765625,7868.0,38.349736122996546
1640,0.8178052306175232,963.2192696630955,0.0,3467.634765625,7868.0,38.37377593999554
1641,0.5088399648666382,1239.5537305772305,0.0,3467.634765625,7868.0,38.39766644100018
1642,0.49868741631507874,989.458395242691,0.0,3467.634765625,7868.0,38.42152908099524
1643,0.46038711071014404,1256.8787402510643,0.0,3467.634765625,7868.0,38.44527892599581
1644,0.4305301606655121,656.3157451152802,0.0,3467.634765625,7868.0,38.469051437001326
1645,0.4477071762084961,757.3115794956684,0.0,3467.634765625,7868.0,38.49285404899274
1646,0.8726682066917419,561.4057107716799,0.0,3467.634765625,7868.0,38.51782520400593
1647,0.5659258365631104,1224.3424165844917,0.0,3467.634765625,7868.0,38.54159680499288
1648,0.5300158262252808,792.5092279911041,0.0,3467.634765625,7868.0,38.565359472995624
1649,0.48726141452789307,699.1853878051043,0.0,3467.634765625,7868.0,38.58935792799457
1650,0.6660373210906982,1250.3952102065086,0.0,3467.634765625,7868.0,38.61435506900307
1651,1.0477102994918823,833.0856366455555,0.0,3467.634765625,7868.0,38.638136127003236
1652,0.6921482682228088,637.8092479109764,0.0,3467.634765625,7868.0,38.662010523999925
1653,0.7285258173942566,779.2942606210709,0.0,3467.634765625,7868.0,38.68580604500312
1654,0.6466768383979797,904.8907923698425,0.0,3467.634765625,7868.0,38.70948722399771
1655,0.4413243532180786,422.65299416333437,0.0,3467.634765625,7868.0,38.73313955900085
1656,0.9097590446472168,922.9002826660872,0.0,3467.634765625,7868.0,38.75690627899894
1657,1.0918563604354858,741.8229430168867,0.0,3467.634765625,7868.0,38.7806356880028
1658,0.40679970383644104,884.2569832801819,0.0,3467.634765625,7868.0,38.804747336005676
1659,0.48463818430900574,526.942051500082,0.0,3467.634765625,7868.0,38.82843758299714
1660,0.43729376792907715,845.4414755702019,0.0,3467.634765625,7868.0,38.8521851060068
1661,0.507992148399353,946.269070982933,0.0,3467.634765625,7868.0,38.87595479399897
1662,0.7467056512832642,868.2253109812737,0.0,3467.634765625,7868.0,38.899856488002115
1663,0.6795067191123962,862.8407799899578,0.0,3467.634765625,7868.0,38.923698490994866
1664,0.3832125961780548,466.00226429104805,0.0,3467.634765625,7868.0,38.94758500700118
1665,0.6506733894348145,770.1625008285046,0.0,3467.634765625,7868.0,38.9712773719948
1666,0.6750954985618591,799.2996811270714,0.0,3467.634765625,7868.0,38.99506296199979
1667,0.5646816492080688,703.0434091836214,0.0,3467.634765625,7868.0,39.01884147299279
1668,0.49644777178764343,797.4074881970882,0.0,3467.634765625,7868.0,39.042668330002925
1669,0.6314089298248291,748.0414347350597,0.0,3467.634765625,7868.0,39.06649075099267
1670,0.6657822132110596,752.0287867337465,0.0,3467.634765625,7868.0,39.09044065400667
1671,0.4298447370529175,751.1470647454262,0.0,3467.634765625,7868.0,39.11440209099965
1672,1.2054595947265625,667.0856990516186,0.0,3467.634765625,7868.0,39.13819151700591
1673,0.5132509469985962,922.094334512949,0.0,3467.634765625,7868.0,39.16182192300039
1674,0.708306610584259,1180.4856225550175,0.0,3467.634765625,7868.0,39.18542906199582
1675,0.5074090361595154,1022.038061529398,0.0,3467.634765625,7868.0,39.20920081800432
1676,0.44167980551719666,673.7972404658794,0.0,3467.634765625,7868.0,39.2331493160018
1677,0.9235425591468811,1556.1028685569763,0.0,3467.634765625,7868.0,39.25663117499789
1678,0.8586979508399963,1002.9244149029255,0.0,3467.634765625,7868.0,39.28169365899521
1679,0.8969076871871948,1285.740985006094,0.0,3467.634765625,7868.0,39.306585610000184
1680,0.7686930298805237,819.5958048701286,0.0,3467.634765625,7868.0,39.33167956100078
1681,0.29974034428596497,887.6139680743217,0.0,3467.634765625,7868.0,39.355654127997695
1682,0.5786476731300354,460.19613168388605,0.0,3467.634765625,7868.0,39.379479148003156
1683,0.3708791434764862,911.6241837143898,0.0,3467.634765625,7868.0,39.40333871700568
1684,0.6214426755905151,996.8636443316936,0.0,3467.634765625,7868.0,39.4268539170007
1685,0.38784122467041016,501.99263413250446,0.0,3467.634765625,7868.0,39.45099846000085
1686,0.8299486637115479,962.6004833877087,0.0,3467.634765625,7868.0,39.47478992800461
1687,0.6243985295295715,845.4592082798481,0.0,3467.634765625,7868.0,39.49864765300299
1688,0.7329150438308716,787.577150285244,0.0,3467.634765625,7868.0,39.52370437899663
1689,0.4716474413871765,1384.639445245266,0.0,3467.634765625,7868.0,39.5476489940047
1690,0.9073597192764282,800.3142662346363,0.0,3467.634765625,7868.0,39.571523256003275
1691,0.7403972148895264,909.8049955964088,0.0,3467.634765625,7868.0,39.59532486999524
1692,0.8432204723358154,598.2100266367197,0.0,3467.634765625,7868.0,39.619033562004915
1693,0.6535442471504211,581.6243767142296,0.0,3467.634765625,7868.0,39.64301970899396
1694,0.7288264632225037,1061.799079746008,0.0,3467.634765625,7868.0,39.66713321499992
1695,1.0975269079208374,845.8164259195328,0.0,3467.634765625,7868.0,39.691915403993335
1696,1.4897218942642212,1187.6091506779194,0.0,3467.634765625,7868.0,39.71695627500594
1697,0.3746751844882965,697.6398937106133,0.0,3467.634765625,7868.0,39.74082087499846
1698,0.6182780861854553,802.8043314814568,0.0,3467.634765625,7868.0,39.764593122003134
1699,0.6589973568916321,616.3426273018122,0.0,3467.634765625,7868.0,39.78945941499842
1700,1.075120449066162,1086.7875494658947,0.0,3467.634765625,7868.0,39.81423663100577
1701,0.6180566549301147,699.7329469025135,0.0,3467.634765625,7868.0,39.83821857000294
1702,0.8538711667060852,834.7489851862192,0.0,3467.634765625,7868.0,39.86298651799734
1703,0.4392932653427124,634.5088599771261,0.0,3467.634765625,7868.0,39.88710431200161
1704,0.32173070311546326,444.518074542284,0.0,3467.634765625,7868.0,39.91106925299391
1705,0.4318416714668274,573.8355244323611,0.0,3467.634765625,7868.0,39.93487855400599
1706,0.4934154450893402,781.9824471175671,0.0,3467.634765625,7868.0,39.959360277993255
1707,0.4248993694782257,517.7407517880201,0.0,3467.634765625,7868.0,39.98338080600661
1708,0.844784677028656,1380.1874917447567,0.0,3467.634765625,7868.0,40.00719400700473
1709,0.37737056612968445,872.3814667165279,0.0,3467.634765625,7868.0,40.030902582002454
1710,0.42333120107650757,686.3095996379852,0.0,3467.634765625,7868.0,40.054740976003814
1711,0.6672719717025757,759.5483070611954,0.0,3467.634765625,7868.0,40.07857620199502
1712,0.5804402828216553,931.7108381390572,0.0,3467.634765625,7868.0,40.10276423099276
1713,0.4868442416191101,589.8318479508162,0.0,3467.634765625,7868.0,40.12655875799828
1714,0.5063591599464417,695.2832183390856,0.0,3467.634765625,7868.0,40.15038005399401
1715,0.6808915138244629,1504.1562520563602,0.0,3467.634765625,7868.0,40.17439030300011
1716,0.46328967809677124,1019.3523691296577,0.0,3467.634765625,7868.0,40.198323835997144
1717,0.7875874042510986,909.3236271440983,0.0,3467.634765625,7868.0,40.222232011001324
1718,0.30696284770965576,380.8726367279887,0.0,3467.634765625,7868.0,40.24601056199754
1719,0.4676987826824188,680.9528264850378,0.0,3467.634765625,7868.0,40.26994077400013
1720,0.4605977237224579,809.1366386115551,0.0,3467.634765625,7868.0,40.29384322499391
1721,0.5503293871879578,1045.4767442643642,0.0,3467.634765625,7868.0,40.318158018999384
1722,0.9349945783615112,635.2955302000046,0.0,3467.634765625,7868.0,40.34299319899583
1723,0.6583872437477112,608.7041423842311,0.0,3467.634765625,7868.0,40.3681641019939
1724,0.5302282571792603,1242.6274485886097,0.0,3467.634765625,7868.0,40.39210108500265
1725,0.47660285234451294,530.541155487299,0.0,3467.634765625,7868.0,40.41632577200653
1726,0.8154857754707336,672.0817268937826,0.0,3467.634765625,7868.0,40.44032390099892
1727,0.5111764669418335,829.6761140227318,0.0,3467.634765625,7868.0,40.46426013299788
1728,0.40094971656799316,340.74523996561766,0.0,3467.634765625,7868.0,40.48805942200124
1729,0.4119736850261688,796.1249548792839,0.0,3467.634765625,7868.0,40.51200358499773
1730,0.49291470646858215,828.1631335765123,0.0,3467.634765625,7868.0,40.5361315409973
1731,0.8901128172874451,1895.1904999315739,0.0,3467.634765625,7868.0,40.56003022400546
1732,0.35811948776245117,413.4181645363569,0.0,3467.634765625,7868.0,40.58383627800504
1733,0.5199773907661438,843.0729966759682,0.0,3467.634765625,7868.0,40.607842003999394
1734,0.5080171227455139,994.0507641732693,0.0,3467.634765625,7868.0,40.63175753199903
1735,0.7078760862350464,728.1310120820999,0.0,3467.634765625,7868.0,40.65708082799392
1736,0.8344613909721375,745.398809760809,0.0,3467.634765625,7868.0,40.680725042999256
1737,0.5135309100151062,906.1591029763222,0.0,3467.634765625,7868.0,40.70464785200602
1738,0.8818787932395935,756.4203747361898,0.0,3467.634765625,7868.0,40.72948526100663
1739,0.3057039678096771,1080.477712392807,0.0,3467.634765625,7868.0,40.75364955299301
1740,0.5207238793373108,825.2254759073257,0.0,3467.634765625,7868.0,40.777597495994996
1741,0.5360666513442993,669.6427449434996,0.0,3467.634765625,7868.0,40.80151337200368
1742,0.49954506754875183,989.8587565124035,0.0,3467.634765625,7868.0,40.82540957099991
1743,0.6815460324287415,1109.2237896323204,0.0,3467.634765625,7868.0,40.84935022400168
1744,0.4309966564178467,1365.2131360173225,0.0,3467.634765625,7868.0,40.87326574999315
1745,0.4111577272415161,1035.3713691979647,0.0,3467.634765625,7868.0,40.897246961001656
1746,0.8088290095329285,762.9034313559532,0.0,3467.634765625,7868.0,40.92130511600408
1747,0.3247905671596527,482.1533458828926,0.0,3467.634765625,7868.0,40.945230583995
1748,0.6251611113548279,577.3938681334257,0.0,3467.634765625,7868.0,40.97064169899386
1749,0.5019955635070801,1110.7360868752003,0.0,3467.634765625,7868.0,40.99453879399516
1750,0.514656662940979,783.6185984611511,0.0,3467.634765625,7868.0,41.018600451992825
1751,0.44537392258644104,622.4028697609901,0.0,3467.634765625,7868.0,41.04251932000625
1752,0.7171949744224548,613.4590665996075,0.0,3467.634765625,7868.0,41.06644693799899
1753,0.8930361866950989,1024.3618126511574,0.0,3467.634765625,7868.0,41.09028458800458
1754,0.33624494075775146,579.885497957468,0.0,3467.634765625,7868.0,41.11423871900479
1755,0.3701860308647156,469.6938008964062,0.0,3467.634765625,7868.0,41.13847043199348
1756,0.4702990651130676,461.2416464686394,0.0,3467.634765625,7868.0,41.162297535993275
1757,0.4240981638431549,901.8791212141514,0.0,3467.634765625,7868.0,41.18651879299432
1758,1.039393663406372,894.9989475607872,0.0,3467.634765625,7868.0,41.21042866099742
1759,0.40615248680114746,596.8557112962008,0.0,3467.634765625,7868.0,41.23432386899367
1760,0.5637716054916382,897.9289137125015,0.0,3467.634765625,7868.0,41.25831453400315
1761,0.8286137580871582,1168.067085891962,0.0,3467.634765625,7868.0,41.28223782799614
1762,1.1632118225097656,927.747950553894,0.0,3467.634765625,7868.0,41.30739720299607
1763,0.45907774567604065,876.8175573647022,0.0,3467.634765625,7868.0,41.331333269001334
1764,0.9737670421600342,993.6930800080299,0.0,3467.634765625,7868.0,41.35527721900144
1765,0.6648623943328857,810.429256349802,0.0,3467.634765625,7868.0,41.37919509400672
1766,0.5594609379768372,968.2392399609089,0.0,3467.634765625,7868.0,41.40344164799899
1767,0.6259291768074036,691.3566881865263,0.0,3467.634765625,7868.0,41.42752257800021
1768,0.5551161170005798,882.6897448152304,0.0,3467.634765625,7868.0,41.451481740994495
1769,0.41812825202941895,558.0012150406837,0.0,3467.634765625,7868.0,41.47525242100528
1770,0.5721645355224609,648.2691622078419,0.0,3467.634765625,7868.0,41.499017964000814
1771,0.44003307819366455,834.8683423101902,0.0,3467.634765625,7868.0,41.52299074199982
1772,0.7976299524307251,805.1955287754536,0.0,3467.634765625,7868.0,41.546734685995034
1773,0.589293897151947,581.3516514003277,0.0,3467.634765625,7868.0,41.57177533299546
1774,0.8057276606559753,855.6701209098101,0.0,3467.634765625,7868.0,41.595663858999615
1775,0.6829218864440918,1149.871979445219,0.0,3467.634765625,7868.0,41.619917136005824
1776,0.6500646471977234,668.1642369329929,0.0,3467.634765625,7868.0,41.645116468003835
1777,0.4531817138195038,672.4154562056065,0.0,3467.634765625,7868.0,41.66894875100115
1778,0.6288723945617676,914.5188139826059,0.0,3467.634765625,7868.0,41.69273984699976
1779,0.319537878036499,706.948925614357,0.0,3467.634765625,7868.0,41.716512500992394
1780,0.5020106434822083,947.5605052411556,0.0,3467.634765625,7868.0,41.74020124800154
1781,0.7671213746070862,723.6351698935032,0.0,3467.634765625,7868.0,41.76406975199643
1782,0.6860873103141785,981.5941772758961,0.0,3467.634765625,7868.0,41.78796609499841
1783,0.37088412046432495,589.5980955064297,0.0,3467.634765625,7868.0,41.81176965699706
1784,0.40783748030662537,765.0781849473715,0.0,3467.634765625,7868.0,41.83584337499633
1785,0.41818967461586,607.5649044811726,0.0,3467.634765625,7868.0,41.859559906006325
1786,0.9522891640663147,921.5901393145323,0.0,3467.634765625,7868.0,41.884553398995195
1787,0.49976107478141785,497.6061154678464,0.0,3467.634765625,7868.0,41.90851509399363
1788,0.3995990753173828,597.2304874658585,0.0,3467.634765625,7868.0,41.932517038992955
1789,0.8726468682289124,1233.4934772849083,0.0,3467.634765625,7868.0,41.95706934000191
1790,0.46937087178230286,769.7661618292332,0.0,3467.634765625,7868.0,41.981093027003226
1791,0.48485076427459717,1056.1400544941425,0.0,3467.634765625,7868.0,42.004893725999864
1792,0.7913821339607239,841.6403842419386,0.0,3467.634765625,7868.0,42.02882320800563
1793,0.48676785826683044,817.3251023590565,0.0,3467.634765625,7868.0,42.053075105999596
1794,0.7649860978126526,1638.6421156525612,0.0,3467.634765625,7868.0,42.07683731800353
1795,0.5590505003929138,876.530406922102,0.0,3467.634765625,7868.0,42.10081598800025
1796,0.45221418142318726,1222.0420316457748,0.0,3467.634765625,7868.0,42.12462882199907
1797,0.7967647314071655,632.5273877233267,0.0,3467.634765625,7868.0,42.14848436799366
1798,0.3743278682231903,793.5193565189838,0.0,3467.634765625,7868.0,42.17227675199683
1799,0.9291545152664185,597.4172976911068,0.0,3467.634765625,7868.0,42.197034929005895
1800,0.6580199003219604,1272.807802438736,0.0,3467.634765625,7868.0,42.220862987000146
1801,0.5510727763175964,1097.1349582076073,0.0,3467.634765625,7868.0,42.244865354994545
1802,0.5167227983474731,665.9603004008532,0.0,3467.634765625,7868.0,42.26898397800687
1803,0.5995364785194397,742.3040378838778,0.0,3467.634765625,7868.0,42.292957912999555
1804,0.40867143869400024,726.6594039201736,0.0,3467.634765625,7868.0,42.3169053169986
1805,1.0483992099761963,682.9039958566427,0.0,3467.634765625,7868.0,42.34169421700062
1806,0.47037410736083984,708.7637962400913,0.0,3467.634765625,7868.0,42.3655370589986
1807,0.4207131862640381,673.0085473507643,0.0,3467.634765625,7868.0,42.38945596199483
1808,0.4258859157562256,1900.8147366344929,0.0,3467.634765625,7868.0,42.41353132299264
1809,0.7061100602149963,888.3726924359798,0.0,3467.634765625,7868.0,42.438617802996305
1810,0.4024261236190796,583.6092608571053,0.0,3467.634765625,7868.0,42.462599024001975
1811,0.4016142189502716,340.7586677521467,0.0,3467.634765625,7868.0,42.48669081799744
1812,0.5379147529602051,760.5698806643486,0.0,3467.634765625,7868.0,42.51046823999786
1813,0.8214060068130493,702.8900458365679,0.0,3467.634765625,7868.0,42.53401732699422
1814,0.5080859065055847,764.2309688776731,0.0,3467.634765625,7868.0,42.55752666499757
1815,0.6689668297767639,777.3229200094938,0.0,3467.634765625,7868.0,42.581435947999125
1816,0.6066364645957947,535.3285578638315,0.0,3467.634765625,7868.0,42.60538416200143
1817,0.4370948076248169,942.4341540336609,0.0,3467.634765625,7868.0,42.6293537140009
1818,0.6152141094207764,760.6519540995359,0.0,3467.634765625,7868.0,42.65319466700021
1819,0.4567340612411499,1019.6449877917767,0.0,3467.634765625,7868.0,42.676964636993944
1820,0.3948400020599365,740.2379724532366,0.0,3467.634765625,7868.0,42.701167328006704
1821,0.4222122132778168,810.6531105488539,0.0,3467.634765625,7868.0,42.72504669299815
1822,0.624953031539917,500.8288038522005,0.0,3467.634765625,7868.0,42.748832596000284
1823,0.4274124801158905,648.0191585868597,0.0,3467.634765625,7868.0,42.77267563200439
1824,0.8677256107330322,815.863657861948,0.0,3467.634765625,7868.0,42.797573439995176
1825,0.6179307103157043,581.4215559065342,0.0,3467.634765625,7868.0,42.821573067994905
1826,0.35163232684135437,551.6749115288258,0.0,3467.634765625,7868.0,42.84540754200134
1827,0.45599934458732605,499.65761333703995,0.0,3467.634765625,7868.0,42.869309981004335
1828,0.6887384057044983,937.4064662158489,0.0,3467.634765625,7868.0,42.893192720002844
1829,0.4222700297832489,690.9536788016558,0.0,3467.634765625,7868.0,42.91754593599762
1830,0.4188123941421509,709.477649718523,0.0,3467.634765625,7868.0,42.94150302599883
1831,0.5001549124717712,702.2434757500887,0.0,3467.634765625,7868.0,42.96536732099776
1832,0.371266633272171,367.8810844421387,0.0,3467.634765625,7868.0,42.989238166002906
1833,0.9539158940315247,996.224888831377,0.0,3467.634765625,7868.0,43.01315288200567
1834,0.7827221155166626,935.5537520051003,0.0,3467.634765625,7868.0,43.03662954400352
1835,0.5248168706893921,850.6056093424559,0.0,3467.634765625,7868.0,43.06060818900005
1836,0.6178219318389893,849.1375401765108,0.0,3467.634765625,7868.0,43.085750337995705
1837,0.6852189302444458,704.3504257053137,0.0,3467.634765625,7868.0,43.109689810997224
1838,0.40824058651924133,455.30844636261463,0.0,3467.634765625,7868.0,43.13388019699778
1839,0.3746589720249176,486.7971440553665,0.0,3467.634765625,7868.0,43.15781027599587
1840,0.4283636212348938,1932.7463973760605,0.0,3467.634765625,7868.0,43.181898398004705
1841,0.47456303238868713,714.9217347055674,0.0,3467.634765625,7868.0,43.20539403699513
1842,0.5703943371772766,1107.9576336443424,0.0,3467.634765625,7868.0,43.2292007359938
1843,0.9275795817375183,782.139176517725,0.0,3467.634765625,7868.0,43.254138921998674
1844,0.3161843419075012,636.631804317236,0.0,3467.634765625,7868.0,43.278096822992666
1845,0.3528197407722473,571.2761051654816,0.0,3467.634765625,7868.0,43.30203504099336
1846,0.7780013680458069,507.7824247479439,0.0,3467.634765625,7868.0,43.32680515899847
1847,0.4789107143878937,1018.5651364922523,0.0,3467.634765625,7868.0,43.351020325993886
1848,0.4856718182563782,683.9419578462839,0.0,3467.634765625,7868.0,43.37493759900099
1849,0.3364240229129791,813.3652189224958,0.0,3467.634765625,7868.0,43.39879742299672
1850,0.4609261751174927,988.3785949349403,0.0,3467.634765625,7868.0,43.42298008099897
1851,0.6206461787223816,915.0278896689415,0.0,3467.634765625,7868.0,43.4466304200032
1852,0.5739208459854126,896.8703715205193,0.0,3467.634765625,7868.0,43.47058964399912
1853,0.4966290593147278,1271.1023308634758,0.0,3467.634765625,7868.0,43.49457032600185
1854,0.4344482123851776,441.01258834451437,0.0,3467.634765625,7868.0,43.518470429000445
1855,0.5078716278076172,705.4394835531712,0.0,3467.634765625,7868.0,43.542374266995466
1856,0.4452483355998993,530.4486718177795,0.0,3467.634765625,7868.0,43.56661679300305
1857,0.9440644383430481,747.8386685997248,0.0,3467.634765625,7868.0,43.590447561000474
1858,0.3977171778678894,514.4197233319283,0.0,3467.634765625,7868.0,43.61428062300547
1859,1.2187385559082031,587.2563224881887,0.0,3467.634765625,7868.0,43.63802454499819
1860,0.44144919514656067,850.3004113435745,0.0,3467.634765625,7868.0,43.661834762999206
1861,0.5234246253967285,876.1107012927532,0.0,3467.634765625,7868.0,43.68570517199987
1862,0.8029335141181946,916.6740164160728,0.0,3467.634765625,7868.0,43.70962606399553
1863,0.8036220669746399,864.8979246616364,0.0,3467.634765625,7868.0,43.73338614299428
1864,0.42450883984565735,500.8994203954935,0.0,3467.634765625,7868.0,43.75725475400395
1865,0.45456767082214355,1123.8320288062096,0.0,3467.634765625,7868.0,43.78150198700314
1866,0.4207119941711426,413.1575003936887,0.0,3467.634765625,7868.0,43.80537357200228
1867,1.101237177848816,16273.990050792694,0.0,3467.634765625,7868.0,43.82930772799591
1868,0.5834944248199463,661.2023387253284,0.0,3467.634765625,7868.0,43.8531136590027
1869,0.49799391627311707,1437.428153961897,0.0,3467.634765625,7868.0,43.87718287699681
1870,0.7333130240440369,947.8579896390438,0.0,3467.634765625,7868.0,43.90100149800128
1871,1.0124115943908691,1893.357478260994,0.0,3467.634765625,7868.0,43.925273540997296
1872,0.4095408320426941,614.5124011188745,0.0,3467.634765625,7868.0,43.94973806900089
1873,0.48800715804100037,910.2661701142788,0.0,3467.634765625,7868.0,43.97385892999591
1874,0.4787741005420685,998.2177374958992,0.0,3467.634765625,7868.0,43.997971147997305
1875,0.44171804189682007,922.8142777383327,0.0,3467.634765625,7868.0,44.02183567300381
1876,0.45121103525161743,999.4733540415764,0.0,3467.634765625,7868.0,44.04571563100035
1877,0.405800461769104,656.1374082267284,0.0,3467.634765625,7868.0,44.06963131899829
1878,0.5480101704597473,1248.038829445839,0.0,3467.634765625,7868.0,44.09351704000437
1879,0.3986663520336151,619.074519559741,0.0,3467.634765625,7868.0,44.11749139899621
1880,0.5555646419525146,1452.5230521261692,0.0,3467.634765625,7868.0,44.14135634500417
1881,0.9025925397872925,1529.4059834182262,0.0,3467.634765625,7868.0,44.16523544100346
1882,1.2238060235977173,1183.2888888120651,0.0,3467.634765625,7868.0,44.18911074999778
1883,0.3902013301849365,751.666157245636,0.0,3467.634765625,7868.0,44.21321226800501
1884,0.7053464651107788,1260.3425818681717,0.0,3467.634765625,7868.0,44.23710134900466
1885,0.9085965156555176,633.8327832818031,0.0,3467.634765625,7868.0,44.261067625004216
1886,0.42460447549819946,882.1893182694912,0.0,3467.634765625,7868.0,44.28497912299645
1887,0.46003779768943787,813.3315464556217,0.0,3467.634765625,7868.0,44.308883937002975
1888,0.4645477831363678,690.0776824951172,0.0,3467.634765625,7868.0,44.332863689996884
1889,0.5339049100875854,1039.2904920578003,0.0,3467.634765625,7868.0,44.3567880490009
1890,0.35087233781814575,815.3296809494495,0.0,3467.634765625,7868.0,44.38056565099396
1891,0.7557970881462097,888.3651976436377,0.0,3467.634765625,7868.0,44.40565409199917
1892,0.5187119841575623,1253.8620868623257,0.0,3467.634765625,7868.0,44.43017108499771
1893,0.4980754852294922,1037.3445029556751,0.0,3467.634765625,7868.0,44.45406041899696
1894,0.4101717174053192,805.1536241769791,0.0,3467.634765625,7868.0,44.47804973500024
1895,0.7122979760169983,908.9483553171158,0.0,3467.634765625,7868.0,44.50186436000513
1896,0.9436261653900146,876.81571367383,0.0,3467.634765625,7868.0,44.526722740003606
1897,0.4523172676563263,672.8715229779482,0.0,3467.634765625,7868.0,44.55071402199974
1898,0.8215337991714478,651.4924584180117,0.0,3467.634765625,7868.0,44.57466922400636
1899,0.5685287117958069,1115.0470933914185,0.0,3467.634765625,7868.0,44.598612204004894
1900,0.5137292146682739,848.636426627636,0.0,3467.634765625,7868.0,44.6224810690037
1901,0.9277781248092651,994.9792782068253,0.0,3467.634765625,7868.0,44.64674264099449
1902,0.4526607096195221,712.4587119072676,0.0,3467.634765625,7868.0,44.670706653996604
1903,0.5095219612121582,673.0263746827841,0.0,3467.634765625,7868.0,44.69466109700443
1904,0.4333896338939667,542.3440192341805,0.0,3467.634765625,7868.0,44.71854986100516
1905,1.099886178970337,1070.4885577857494,0.0,3467.634765625,7868.0,44.74243497599673
1906,0.42877086997032166,775.0421602874994,0.0,3467.634765625,7868.0,44.76638746999379
1907,0.5238709449768066,727.560411259532,0.0,3467.634765625,7868.0,44.790311985998414
1908,0.28803858160972595,531.3215322494507,0.0,3467.634765625,7868.0,44.81425388499338
1909,0.37407732009887695,521.742914006114,0.0,3467.634765625,7868.0,44.83802332599589
1910,0.6866825819015503,635.3511249423027,0.0,3467.634765625,7868.0,44.863302269004635
1911,0.388901948928833,479.7039692401886,0.0,3467.634765625,7868.0,44.88721564000298
1912,0.35955706238746643,2280.9572297930717,0.0,3467.634765625,7868.0,44.91111023699341
1913,0.3559296727180481,692.020635381341,0.0,3467.634765625,7868.0,44.935294630995486
1914,0.46207955479621887,701.1443015784025,0.0,3467.634765625,7868.0,44.959281207004096
1915,0.6713576912879944,521.9378904551268,0.0,3467.634765625,7868.0,44.98326091100171
1916,0.4026831090450287,643.0296778231859,0.0,3467.634765625,7868.0,45.00725604000036
1917,0.38711017370224,539.5456588119268,0.0,3467.634765625,7868.0,45.03118440299295
1918,0.4754928648471832,917.42279535532,0.0,3467.634765625,7868.0,45.05493356799707
1919,0.4791215658187866,614.2585377842188,0.0,3467.634765625,7868.0,45.0791071249987
1920,0.28772538900375366,496.41995307803154,0.0,3467.634765625,7868.0,45.10300171900599
1921,0.4464952349662781,3123.5756603479385,0.0,3467.634765625,7868.0,45.12690247299906
1922,0.33127081394195557,686.3458875864744,0.0,3467.634765625,7868.0,45.15078318299493
1923,0.7595962285995483,1009.9849580824375,0.0,3467.634765625,7868.0,45.174741447001
1924,1.2208812236785889,1225.854823321104,0.0,3467.634765625,7868.0,45.1995486060041
1925,0.45396333932876587,825.9701469689608,0.0,3467.634765625,7868.0,45.223402963005356
1926,0.5380586981773376,1328.2207249701023,0.0,3467.634765625,7868.0,45.247367092000786
1927,0.782484769821167,543.2389398515224,0.0,3467.634765625,7868.0,45.272484842993435
1928,0.34963899850845337,833.0652003139257,0.0,3467.634765625,7868.0,45.29699016400264
1929,0.8281245827674866,1023.5417021512985,0.0,3467.634765625,7868.0,45.32178544199269
1930,0.33718210458755493,978.9106644690037,0.0,3467.634765625,7868.0,45.345755529997405
1931,0.7743709087371826,836.515928670764,0.0,3467.634765625,7868.0,45.36969163600588
1932,0.3758496344089508,1153.187335729599,0.0,3467.634765625,7868.0,45.393500798003515
1933,0.884177565574646,1103.8336164951324,0.0,3467.634765625,7868.0,45.41740263400425
1934,0.5330021381378174,758.7501746863127,0.0,3467.634765625,7868.0,45.44161703099962
1935,1.214443564414978,650.9057774394751,0.0,3467.634765625,7868.0,45.46557781100273
1936,0.45151790976524353,782.8708671480417,0.0,3467.634765625,7868.0,45.4894333609991
1937,0.7709264755249023,841.0958258807659,0.0,3467.634765625,7868.0,45.513604292005766
1938,0.5188127160072327,1579.7898092865944,0.0,3467.634765625,7868.0,45.53751618700335
1939,0.508061945438385,1069.4425490796566,0.0,3467.634765625,7868.0,45.56163342199579
1940,0.6004189848899841,437.65395437180996,0.0,3467.634765625,7868.0,45.58567813699483
1941,2.252159357070923,935.2379503250122,0.0,3467.634765625,7868.0,45.61083078000229
1942,0.5169108510017395,957.9529614448547,0.0,3467.634765625,7868.0,45.63440085100592
1943,0.45051810145378113,1338.7038847208023,0.0,3467.634765625,7868.0,45.6582991030009
1944,0.681257426738739,708.0287808328867,0.0,3467.634765625,7868.0,45.682145886006765
1945,0.48351579904556274,814.1459738612175,0.0,3467.634765625,7868.0,45.70598872999835
1946,0.4618421792984009,718.6140025109053,0.0,3467.634765625,7868.0,45.7302113899932
1947,0.38681480288505554,1100.2833994925022,0.0,3467.634765625,7868.0,45.754010764998384
1948,0.39576780796051025,609.3426064550877,0.0,3467.634765625,7868.0,45.77786084600666
1949,0.8973443508148193,1145.543874680996,0.0,3467.634765625,7868.0,45.80165674300224
1950,0.6628915071487427,806.107208058238,0.0,3467.634765625,7868.0,45.825560229000985
1951,0.38151660561561584,623.243031874299,0.0,3467.634765625,7868.0,45.84945681599493
1952,0.8047683238983154,1932.0084639191628,0.0,3467.634765625,7868.0,45.87330548799946
1953,0.3868705630302429,834.7958330512047,0.0,3467.634765625,7868.0,45.89717572099471
1954,0.38549038767814636,538.2135091722012,0.0,3467.634765625,7868.0,45.921111276999
1955,0.5075414776802063,1003.6264472007751,0.0,3467.634765625,7868.0,45.9459810010012
1956,0.5032767057418823,1298.2569355368614,0.0,3467.634765625,7868.0,45.97014617899549
1957,0.4375968873500824,464.9058895558119,0.0,3467.634765625,7868.0,45.99409511599515
1958,0.6324983239173889,517.1474847495556,0.0,3467.634765625,7868.0,46.0178925920045
1959,0.8363468647003174,556.5369920581579,0.0,3467.634765625,7868.0,46.041713308994076
1960,0.8287116289138794,1093.7389385700226,0.0,3467.634765625,7868.0,46.06562549600494
1961,0.4799571931362152,1699.3888602256775,0.0,3467.634765625,7868.0,46.08945380699879
1962,1.1172183752059937,718.8483105450869,0.0,3467.634765625,7868.0,46.114586045005126
1963,0.42647862434387207,560.6195300072432,0.0,3467.634765625,7868.0,46.13846073699824
1964,0.47324681282043457,2301.0913061499596,0.0,3467.634765625,7868.0,46.16272536800534
1965,1.1885074377059937,2043.7168813943863,0.0,3467.634765625,7868.0,46.18619703600416
1966,0.4915192127227783,1010.0327786803246,0.0,3467.634765625,7868.0,46.21004513700609
1967,1.0920873880386353,994.0860221683979,0.0,3467.634765625,7868.0,46.23361507500522
1968,0.47582218050956726,729.9763583540916,0.0,3467.634765625,7868.0,46.25744308599678
1969,0.7605292201042175,1158.9592004716396,0.0,3467.634765625,7868.0,46.28132886599633
1970,0.4196836054325104,922.729835152626,0.0,3467.634765625,7868.0,46.30539459499414
1971,0.9213016629219055,1184.5807750225067,0.0,3467.634765625,7868.0,46.33022689599602
1972,0.8472697138786316,1147.822928994894,0.0,3467.634765625,7868.0,46.35404226600076
1973,1.184345006942749,1331.7852923572063,0.0,3467.634765625,7868.0,46.37835326499771
1974,0.4118496775627136,841.540284872055,0.0,3467.634765625,7868.0,46.40211008100596
1975,0.5269061326980591,1377.257123708725,0.0,3467.634765625,7868.0,46.42611797599238
1976,0.8595685958862305,806.8646835386753,0.0,3467.634765625,7868.0,46.45024186700175
1977,0.4648849368095398,469.231660798192,0.0,3467.634765625,7868.0,46.474155913994764
1978,0.44712740182876587,1115.4897364675999,0.0,3467.634765625,7868.0,46.49801555699378
1979,0.5284914374351501,935.069321513176,0.0,3467.634765625,7868.0,46.5219597779942
1980,0.8329548239707947,630.5885544717312,0.0,3467.634765625,7868.0,46.54679462300555
1981,1.4860209226608276,1386.3867852389812,0.0,3467.634765625,7868.0,46.5716669740068
1982,0.46667465567588806,616.3014462888241,0.0,3467.634765625,7868.0,46.59586420400592
1983,0.5838795304298401,795.972126096487,0.0,3467.634765625,7868.0,46.62085397800547
1984,0.9109219908714294,851.5894339829683,0.0,3467.634765625,7868.0,46.64593628399598
1985,0.40643543004989624,704.7673640698195,0.0,3467.634765625,7868.0,46.669868633995065
1986,0.3618104159832001,571.8906894028187,0.0,3467.634765625,7868.0,46.69386278200545
1987,0.41571947932243347,406.2289775237441,0.0,3467.634765625,7868.0,46.71780103999481
1988,0.7049323320388794,1708.3933133482933,0.0,3467.634765625,7868.0,46.7416953429929
1989,0.36937591433525085,803.3535037338734,0.0,3467.634765625,7868.0,46.765788300996064
1990,0.47065818309783936,699.3625605553389,0.0,3467.634765625,7868.0,46.789655725006014
1991,0.4560309946537018,677.0910348594189,0.0,3467.634765625,7868.0,46.81387352599995
1992,0.9638686180114746,677.2717781364918,0.0,3467.634765625,7868.0,46.838719879000564
1993,1.0426236391067505,609.450588285923,0.0,3467.634765625,7868.0,46.86262725800043
1994,0.5231207013130188,1714.2415423989296,0.0,3467.634765625,7868.0,46.88662911999563
1995,0.4107668101787567,582.7629234045744,0.0,3467.634765625,7868.0,46.91057719600212
1996,0.7161575555801392,670.5215849131346,0.0,3467.634765625,7868.0,46.93466006900417
1997,0.3275621831417084,710.4072789698839,0.0,3467.634765625,7868.0,46.95855072999257
1998,0.9647442102432251,742.4579057246447,0.0,3467.634765625,7868.0,46.982486384993535
1999,0.45270562171936035,909.4861454963684,0.0,3467.634765625,7868.0,47.00640131700493
2000,0.3838413953781128,491.10668721050024,0.0,3467.634765625,7868.0,47.03047269600211
