step,loss,adapter_grad_abs_sum,llm_grad_abs_sum,gpu_mem_allocated_mb,gpu_mem_reserved_mb,elapsed_sec
1,6.9924516677856445,16968.055940389633,0.0,4590.46484375,4680.0,0.42648177000228316
2,7.361776828765869,40177.36427593231,0.0,4644.55859375,4698.0,0.46226920490153134
3,5.988281726837158,14720.323763847351,0.0,4644.951171875,4914.0,0.4961986329872161
4,5.877281665802002,7302.271493434906,0.0,4644.951171875,4914.0,0.5300949269440025
5,9.78159236907959,94634.99889850616,0.0,4644.951171875,4914.0,0.5639547359896824
6,6.13446044921875,3299.1727426946163,0.0,4644.951171875,4914.0,0.5977210879791528
7,6.195026397705078,3551.649186849594,0.0,4644.951171875,4914.0,0.6315223400015384
8,6.2265543937683105,4238.7744663357735,0.0,4644.951171875,4914.0,0.6653283279156312
9,5.171363353729248,10320.059994637966,0.0,4659.8515625,4914.0,0.6991934439865872
10,5.735373020172119,4020.648317322135,0.0,4659.8515625,4914.0,0.7330202179728076
11,5.554327011108398,2892.9505034685135,0.0,4659.8515625,4914.0,0.7667827679542825
12,4.837969779968262,2108.579895429313,0.0,4754.48095703125,5148.0,0.8009093009168282
13,6.419834136962891,1699.1923519968987,0.0,4754.48095703125,5148.0,0.834668323979713
14,5.571163654327393,1772.0569524466991,0.0,4754.48095703125,5148.0,0.8683181349188089
15,5.2010498046875,3118.0077876597643,0.0,4799.98291015625,5148.0,0.9024943659314886
16,5.926039695739746,3608.0716037750244,0.0,4799.98291015625,5148.0,0.9362798749934882
17,5.288961410522461,1001.6913735046983,0.0,4799.98291015625,5148.0,0.970081680919975
18,5.74537467956543,2097.5892859846354,0.0,4799.98291015625,5148.0,1.0036965319886804
19,3.635425090789795,3287.0088745243847,0.0,4799.98291015625,5148.0,1.0377671129535884
20,5.671271800994873,1963.5458947308362,0.0,4799.98291015625,5148.0,1.072669886983931
21,5.216922283172607,2268.7448295913637,0.0,4799.98291015625,5148.0,1.1065372829325497
22,4.9851250648498535,89525.23471617699,0.0,4799.98291015625,5148.0,1.1405245969071984
23,4.921168804168701,1519.6342813838273,0.0,4799.98291015625,5148.0,1.174308415967971
24,5.532803535461426,1034.015959534794,0.0,4799.98291015625,5148.0,1.2081291279755533
25,5.529038906097412,2033.8987718522549,0.0,4799.98291015625,5148.0,1.241868368932046
26,5.2380266189575195,1145.7939027249813,0.0,4799.98291015625,5148.0,1.275681167957373
27,5.880600929260254,1635.0817600172013,0.0,4799.98291015625,5148.0,1.309363225940615
28,5.454005718231201,2400.9616847634315,0.0,4799.98291015625,5148.0,1.3431079159490764
29,5.881575584411621,1149.9623089507222,0.0,4799.98291015625,5148.0,1.3768686619587243
30,5.549163818359375,2035.2065368369222,0.0,4799.98291015625,5148.0,1.410629033925943
31,5.310429573059082,2625.5867718160152,0.0,4799.98291015625,5148.0,1.4443421149626374
32,4.8340373039245605,2598.516807105392,0.0,4799.98291015625,5148.0,1.478091690922156
33,5.210590362548828,971.6877652034163,0.0,4799.98291015625,5148.0,1.5117788419593126
34,5.672204971313477,2530.267288412899,0.0,4799.98291015625,5148.0,1.5455339029431343
35,5.698343276977539,941.5359947308898,0.0,4799.98291015625,5148.0,1.5792477279901505
36,5.430283069610596,1397.6060543730855,0.0,4799.98291015625,5148.0,1.6129372789291665
37,4.8668317794799805,2399.9966356754303,0.0,4799.98291015625,5148.0,1.6466085239080712
38,5.43869161605835,2009.7300477586687,0.0,4799.98291015625,5148.0,1.6802709919866174
39,5.231845378875732,597.9119521342218,0.0,4799.98291015625,5148.0,1.714071873924695
40,5.913832187652588,1609.6618114113808,0.0,4799.98291015625,5148.0,1.7478193929418921
41,4.78516960144043,1848.6468402668834,0.0,4799.98291015625,5148.0,1.7815686179092154
42,4.99016809463501,1890.491104029119,0.0,4799.98291015625,5148.0,1.8153497059829533
43,5.482970237731934,1471.8804463334382,0.0,4799.98291015625,5148.0,1.8490326890023425
44,4.971642971038818,2381.453499890864,0.0,4799.98291015625,5148.0,1.8828287839423865
45,5.144534111022949,765.1545614786446,0.0,4799.98291015625,5148.0,1.916538318968378
46,4.974995136260986,2520.7380903214216,0.0,4799.98291015625,5148.0,1.9502163149882108
47,4.830176830291748,522.6059989519417,0.0,4799.98291015625,5148.0,1.9839882989181206
48,4.880253314971924,958.9701287653297,0.0,4799.98291015625,5148.0,2.0177623599302024
49,5.034399032592773,3361.1448108777404,0.0,4799.98291015625,5148.0,2.0514315449399874
50,5.463767051696777,1363.6439388431609,0.0,4799.98291015625,5148.0,2.085148521931842
51,5.099238395690918,1024.7073010075837,0.0,4799.98291015625,5148.0,2.1188416259828955
52,5.4309539794921875,1091.2108134459704,0.0,4799.98291015625,5148.0,2.1526498799212277
53,5.616849899291992,811.611064247787,0.0,4799.98291015625,5148.0,2.185042071971111
54,5.7314772605896,1228.6179881431162,0.0,4799.98291015625,5148.0,2.2188018289161846
55,3.977060079574585,1470.0403309576213,0.0,4799.98291015625,5148.0,2.2527016079984605
56,5.3344855308532715,802.5336685497314,0.0,4799.98291015625,5148.0,2.2865425419295207
57,5.132110118865967,966.943223118782,0.0,4799.98291015625,5148.0,2.320273552904837
58,5.806460380554199,1779.599075652659,0.0,4799.98291015625,5148.0,2.353949075913988
59,5.3115458488464355,520.6386432684958,0.0,4799.98291015625,5148.0,2.387725170934573
60,5.186001777648926,1552.0081323236227,0.0,4799.98291015625,5148.0,2.4213160659419373
61,5.738588809967041,1724.1636321395636,0.0,4799.98291015625,5148.0,2.455106623005122
62,4.869739055633545,1565.45765000768,0.0,4799.98291015625,5148.0,2.4888824470108375
63,4.834016799926758,2129.7601398732513,0.0,4799.98291015625,5148.0,2.5226090128999203
64,5.435728549957275,2299.865030253306,0.0,4799.98291015625,5148.0,2.5562198299448937
65,5.269290924072266,972.3618418443948,0.0,4799.98291015625,5148.0,2.589978451956995
66,4.950797080993652,1677.246203534305,0.0,4799.98291015625,5148.0,2.623779301997274
67,4.204774379730225,3070.3646510131657,0.0,4799.98291015625,5148.0,2.6575588289415464
68,4.595038414001465,2068.127871055156,0.0,4799.98291015625,5148.0,2.6912886779755354
69,5.675070762634277,548.6582838445902,0.0,4799.98291015625,5148.0,2.7250326139619574
70,4.538815498352051,3362.748197954148,0.0,4799.98291015625,5148.0,2.758925947942771
71,4.48587703704834,2251.7618181500584,0.0,4799.98291015625,5148.0,2.792736581992358
72,5.096517562866211,1951.5411737971008,0.0,4799.98291015625,5148.0,2.8264584419084713
73,4.719955921173096,2049.548938047141,0.0,4799.98291015625,5148.0,2.860112025984563
74,5.268221378326416,1381.6838037259877,0.0,4799.98291015625,5148.0,2.8938681459985673
75,4.524879455566406,1740.3332093171775,0.0,4799.98291015625,5148.0,2.9276571039808914
76,5.1695475578308105,1575.6547213830054,0.0,4799.98291015625,5148.0,2.961459738900885
77,5.1690897941589355,1292.8949267808348,0.0,4799.98291015625,5148.0,2.995114831952378
78,4.754331588745117,2060.32561930269,0.0,4799.98291015625,5148.0,3.028914519934915
79,5.138750076293945,987.3370046466589,0.0,4799.98291015625,5148.0,3.0626057329354808
80,4.803228378295898,3369.564469030127,0.0,4799.98291015625,5148.0,3.0963459259364754
81,4.971595764160156,2236.547469418496,0.0,4799.98291015625,5148.0,3.129973593982868
82,4.728723049163818,2261.024688743055,0.0,4799.98291015625,5148.0,3.1636558999307454
83,4.1570892333984375,3528.2565256915987,0.0,4799.98291015625,5148.0,3.1973893819376826
84,4.068718433380127,3075.0677307397127,0.0,4799.98291015625,5148.0,3.2311762179015204
85,4.189030647277832,2287.1208203732967,0.0,4799.98291015625,5148.0,3.26491118199192
86,3.7310757637023926,2314.404398892075,0.0,4799.98291015625,5148.0,3.2986999429995194
87,4.422933578491211,1980.2215790711343,0.0,4799.98291015625,5148.0,3.3325458579929546
88,4.418570041656494,870.3879165649414,0.0,4815.90869140625,5148.0,3.3667184190126136
89,4.833273410797119,3319.858020633459,0.0,4815.90869140625,5148.0,3.400379766942933
90,3.4362123012542725,3945.602402130142,0.0,4815.90869140625,5148.0,3.4341477300040424
91,5.110726356506348,3149.2779689133167,0.0,4815.90869140625,5148.0,3.4679958899505436
92,4.975876808166504,2175.9353252127767,0.0,4815.90869140625,5148.0,3.50181511498522
93,5.252200603485107,2206.4211823754013,0.0,4815.90869140625,5148.0,3.535553794936277
94,5.011819839477539,2732.49915214628,0.0,4815.90869140625,5148.0,3.569167431909591
95,3.744582176208496,3792.496006783098,0.0,4815.90869140625,5148.0,3.603068448952399
96,4.316741466522217,3158.1030890718102,0.0,4815.90869140625,5148.0,3.636797448969446
97,4.544482231140137,1845.1304074451327,0.0,4815.90869140625,5148.0,3.67059385497123
98,4.508977890014648,1924.379061639309,0.0,4815.90869140625,5148.0,3.7045220480067655
99,4.157402038574219,3936.247786100954,0.0,4815.90869140625,5148.0,3.7383161309408024
100,4.3718180656433105,3202.776127709076,0.0,4815.90869140625,5148.0,3.772188354982063
101,4.84437894821167,1242.7901203073561,0.0,4815.90869140625,5148.0,3.805955107905902
102,4.442899703979492,2529.6685564368963,0.0,4815.90869140625,5148.0,3.8396815459709615
103,4.995081424713135,2121.2874157875776,0.0,4815.90869140625,5148.0,3.8732475669821724
104,3.994844675064087,4178.66614934057,0.0,4815.90869140625,5148.0,3.9070579999824986
105,4.683872699737549,1614.277493223548,0.0,4815.90869140625,5148.0,3.940821841941215
106,5.1096510887146,715.3186770156026,0.0,4815.90869140625,5148.0,3.974546782905236
107,4.281919479370117,991.9025160558522,0.0,4816.86572265625,5148.0,4.008571149897762
108,4.817442893981934,1789.9536708295345,0.0,4816.86572265625,5148.0,4.042246868950315
109,2.82330322265625,3840.491078460589,0.0,4816.86572265625,5148.0,4.076018788968213
110,4.2013373374938965,1417.3539860863239,0.0,4816.86572265625,5148.0,4.109837815980427
111,4.304168701171875,1962.8320323862135,0.0,4816.86572265625,5148.0,4.143564883968793
112,4.418260097503662,2086.2034954950213,0.0,4816.86572265625,5148.0,4.177306520985439
113,4.485384941101074,1533.6621826961637,0.0,4816.86572265625,5148.0,4.211064363946207
114,4.37689208984375,2178.4927372764796,0.0,4816.86572265625,5148.0,4.244864464970306
115,5.109856605529785,719.4764716848731,0.0,4816.86572265625,5148.0,4.278549899929203
116,5.010526180267334,2138.0226538702846,0.0,4816.86572265625,5148.0,4.31227754894644
117,4.01278829574585,3853.326443694532,0.0,4816.86572265625,5148.0,4.3460466589313
118,3.6042115688323975,1684.3214993439615,0.0,4816.86572265625,5148.0,4.3800227819010615
119,3.6105051040649414,3927.532465370372,0.0,4816.86572265625,5148.0,4.414047508966178
120,4.33008337020874,1779.8243313711137,0.0,4816.86572265625,5148.0,4.447786864941008
121,3.755963087081909,2023.1618680432439,0.0,4816.86572265625,5148.0,4.481565980007872
122,4.272521018981934,1767.4874960891902,0.0,4816.86572265625,5148.0,4.515443190000951
123,5.0303635597229,1502.0369280055165,0.0,4816.86572265625,5148.0,4.549633315997198
124,4.243367671966553,1869.278315603733,0.0,4816.86572265625,5148.0,4.583466860000044
125,4.187003135681152,1577.5531102903187,0.0,4816.86572265625,5148.0,4.617294277995825
126,5.129145622253418,1331.5327390953898,0.0,4816.86572265625,5148.0,4.650987083907239
127,4.264035701751709,2639.0561072677374,0.0,4816.86572265625,5148.0,4.684537680004723
128,4.518946170806885,1484.584432873875,0.0,4816.86572265625,5148.0,4.718181762960739
129,3.689589738845825,3230.889291189611,0.0,4816.86572265625,5148.0,4.7519966919207945
130,5.187954902648926,715.0697102732956,0.0,4816.86572265625,5148.0,4.785722094937228
131,4.918736457824707,1081.1972541585565,0.0,4816.86572265625,5148.0,4.819437821977772
132,5.033284664154053,1465.1787024065852,0.0,4816.86572265625,5148.0,4.853096922975965
133,4.190950393676758,2076.1632360648364,0.0,4816.86572265625,5148.0,4.88684602198191
134,4.147800445556641,1603.8806973546743,0.0,4816.86572265625,5148.0,4.9206192849669605
135,4.89370584487915,1132.8516943491995,0.0,4816.86572265625,5148.0,4.954410117934458
136,4.915405750274658,1267.535742804408,0.0,4816.86572265625,5148.0,4.988042846904136
137,3.773622989654541,1831.9654524959624,0.0,4816.86572265625,5148.0,5.021844503004104
138,4.6915178298950195,709.9487714916468,0.0,4816.86572265625,5148.0,5.0555543039226905
139,4.160150051116943,1825.6418413296342,0.0,4816.86572265625,5148.0,5.089296062942594
140,4.0087785720825195,2409.7292732559144,0.0,4816.86572265625,5148.0,5.123054954921827
141,3.6838760375976562,3756.056102797389,0.0,4816.86572265625,5148.0,5.156814935966395
142,3.8866188526153564,1771.5859600529075,0.0,4816.86572265625,5148.0,5.190585974953137
143,4.157401084899902,3003.717321306467,0.0,4816.86572265625,5148.0,5.224385623936541
144,3.4442896842956543,1290.0335121266544,0.0,4816.86572265625,5148.0,5.258267359924503
145,4.0721564292907715,1605.9238713495433,0.0,4816.86572265625,5148.0,5.2923549599945545
146,4.664261341094971,1246.2463489677757,0.0,4816.86572265625,5148.0,5.326002739951946
147,3.95426607131958,2486.3504599034786,0.0,4816.86572265625,5148.0,5.359626716002822
148,3.261075019836426,1390.2912544896826,0.0,4816.86572265625,5148.0,5.393457824946381
149,4.556357383728027,1959.3667074218392,0.0,4816.86572265625,5148.0,5.425845233956352
150,4.703006744384766,1660.2080266922712,0.0,4816.86572265625,5148.0,5.459463738952763
151,4.848659515380859,976.4605920314789,0.0,4816.86572265625,5148.0,5.493252487969585
152,4.482641220092773,1493.665644645691,0.0,4816.86572265625,5148.0,5.527049665921368
153,3.6342499256134033,2442.8846914265305,0.0,4816.86572265625,5148.0,5.56083472201135
154,4.113802909851074,2817.4078747034073,0.0,4816.86572265625,5148.0,5.5945463289972395
155,3.5116145610809326,3035.2871860414743,0.0,4816.86572265625,5148.0,5.628224063897505
156,2.9755756855010986,1922.122120572254,0.0,4816.86572265625,5148.0,5.6619975079083815
157,4.1539225578308105,2394.3748887479305,0.0,4816.86572265625,5148.0,5.695730337989517
158,4.771787643432617,1572.5295583084226,0.0,4816.86572265625,5148.0,5.729480326990597
159,3.7020809650421143,3108.485533002764,0.0,4816.86572265625,5148.0,5.763408715953119
160,4.1596784591674805,1392.1225084997714,0.0,4816.86572265625,5148.0,5.797187628922984
161,4.6390814781188965,2504.7831756472588,0.0,4816.86572265625,5148.0,5.8309178539784625
162,4.959526538848877,3123.1542684733868,0.0,4816.86572265625,5148.0,5.864550840924494
163,4.308750629425049,2223.9195898994803,0.0,4816.86572265625,5148.0,5.898419148987159
164,4.12042236328125,1640.2117089666426,0.0,4816.86572265625,5148.0,5.932306115981191
165,4.487090587615967,1727.4246029257774,0.0,4816.86572265625,5148.0,5.966052155010402
166,4.799107551574707,1913.4394239299,0.0,4816.86572265625,5148.0,5.999865041929297
167,2.928481101989746,2882.7422938868403,0.0,4816.86572265625,5148.0,6.033671497949399
168,3.3538200855255127,2551.26442479901,0.0,4816.86572265625,5148.0,6.067436927929521
169,3.9965298175811768,2553.1687091793865,0.0,4816.86572265625,5148.0,6.101165052969009
170,4.893251895904541,1161.321088552475,0.0,4816.86572265625,5148.0,6.134893671958707
171,3.641144037246704,1882.1740078814328,0.0,4816.86572265625,5148.0,6.168648352962919
172,4.256082534790039,2094.2860898040235,0.0,4816.86572265625,5148.0,6.202315176953562
173,3.893890857696533,2248.4914517104626,0.0,4816.86572265625,5148.0,6.235973896924406
174,3.4795141220092773,1843.7120670955628,0.0,4816.86572265625,5148.0,6.269788973964751
175,4.659736156463623,1717.9949548989534,0.0,4816.86572265625,5148.0,6.303524252958596
176,3.781477689743042,1844.1865006238222,0.0,4816.86572265625,5148.0,6.33725882100407
177,2.595552444458008,2949.690707353875,0.0,4816.86572265625,5148.0,6.371000641956925
178,4.227057456970215,1626.8189202528447,0.0,4816.86572265625,5148.0,6.404722788953222
179,4.362673759460449,1852.9176370203495,0.0,4816.86572265625,5148.0,6.438547542900778
180,4.0146565437316895,1854.858691304922,0.0,4816.86572265625,5148.0,6.472329934942536
181,3.6006977558135986,2152.974801056087,0.0,4816.86572265625,5148.0,6.506028085947037
182,3.5900821685791016,2123.277984648943,0.0,4816.86572265625,5148.0,6.539775103912689
183,4.7714080810546875,720.721966708079,0.0,4816.86572265625,5148.0,6.573546233936213
184,4.655955791473389,1571.9926826041192,0.0,4816.86572265625,5148.0,6.607263823971152
185,4.485255241394043,1270.924315802753,0.0,4816.86572265625,5148.0,6.640856266953051
186,4.9525556564331055,1192.3259039223194,0.0,4816.86572265625,5148.0,6.674650896922685
187,3.0885062217712402,3528.5111509058625,0.0,4816.86572265625,5148.0,6.708422239986248
188,3.2436673641204834,2154.97196476534,0.0,4816.86572265625,5148.0,6.7422168859047815
189,4.624852657318115,1666.076983164996,0.0,4816.86572265625,5148.0,6.776051235967316
190,4.589175224304199,1869.3565627150238,0.0,4816.86572265625,5148.0,6.809706876985729
191,4.044224262237549,1718.3424363341182,0.0,4816.86572265625,5148.0,6.8434654619777575
192,3.5947837829589844,2139.9604467116296,0.0,4816.86572265625,5148.0,6.877209463971667
193,4.408390522003174,1352.8127933684736,0.0,4816.86572265625,5148.0,6.910844666999765
194,3.6018929481506348,2656.283415157348,0.0,4816.86572265625,5148.0,6.944602606934495
195,4.055782318115234,2262.4759544171393,0.0,4816.86572265625,5148.0,6.978306148899719
196,4.040743350982666,2418.6891376301646,0.0,4816.86572265625,5148.0,7.012080104905181
197,3.5165038108825684,2223.2517310753465,0.0,4816.86572265625,5148.0,7.045960244955495
198,3.7314507961273193,2067.4874803666025,0.0,4816.86572265625,5148.0,7.0797760440036654
199,3.151409387588501,2993.885103881359,0.0,4816.86572265625,5148.0,7.113616518909112
200,4.4371538162231445,830.2317646108568,0.0,4816.86572265625,5148.0,7.1474092999706045
201,3.5151631832122803,2005.0519674643874,0.0,4816.86572265625,5148.0,7.181296791997738
202,3.3388831615448,2185.8968674782664,0.0,4816.86572265625,5148.0,7.214953590999357
203,3.6012444496154785,1658.3936043363065,0.0,4816.86572265625,5148.0,7.2486842919606715
204,3.9170637130737305,3956.4263528063893,0.0,4816.86572265625,5148.0,7.282358877942897
205,3.743579864501953,1921.3252015914768,0.0,4816.86572265625,5148.0,7.316131573985331
206,4.1713337898254395,1956.2047571409494,0.0,4816.86572265625,5148.0,7.349795209011063
207,3.424731969833374,2991.7545668091625,0.0,4816.86572265625,5148.0,7.38360711093992
208,3.228687286376953,2786.8890964873135,0.0,4816.86572265625,5148.0,7.417290252982639
209,4.199459552764893,1333.319140791893,0.0,4816.86572265625,5148.0,7.450950316968374
210,4.62992525100708,1428.7009724751115,0.0,4816.86572265625,5148.0,7.484614499961026
211,3.999379873275757,2455.25918106921,0.0,4816.86572265625,5148.0,7.51833482994698
212,3.4781455993652344,1823.7027016058564,0.0,4816.86572265625,5148.0,7.5520920439157635
213,4.191349029541016,1666.3914500959218,0.0,4816.86572265625,5148.0,7.585783565999009
214,3.944888114929199,1735.7544111087918,0.0,4816.86572265625,5148.0,7.61954867397435
215,3.724993944168091,2361.3745388761163,0.0,4816.86572265625,5148.0,7.653239765902981
216,3.4860222339630127,1675.0013415552676,0.0,4816.86572265625,5148.0,7.686976969940588
217,4.376094341278076,1286.6716932952404,0.0,4816.86572265625,5148.0,7.720697058946826
218,2.9187543392181396,3034.277110327035,0.0,4816.86572265625,5148.0,7.754487073980272
219,4.307632923126221,1152.750336267054,0.0,4816.86572265625,5148.0,7.788392379996367
220,3.6376006603240967,2065.3388282358646,0.0,4816.86572265625,5148.0,7.822157779941335
221,3.285384178161621,1982.1235365401953,0.0,4816.86572265625,5148.0,7.855955495964736
222,2.5375211238861084,1969.718940295279,0.0,4816.86572265625,5148.0,7.8901831730036065
223,3.3968961238861084,1364.2224872745574,0.0,4816.86572265625,5148.0,7.926183600910008
224,4.43325138092041,1635.5568093396723,0.0,4816.86572265625,5148.0,7.961451651994139
225,3.3577370643615723,1603.2142400108278,0.0,4816.86572265625,5148.0,7.996489227982238
226,3.570967197418213,2049.769075922668,0.0,4816.86572265625,5148.0,8.031653715996072
227,3.5692989826202393,2382.2588167721406,0.0,4816.86572265625,5148.0,8.06688353291247
228,3.1906511783599854,1751.228245915845,0.0,4816.86572265625,5148.0,8.102007469977252
229,3.861154317855835,1335.171073000878,0.0,4816.86572265625,5148.0,8.137146316934377
230,2.792217254638672,2092.57918943651,0.0,4816.86572265625,5148.0,8.172250212985091
231,3.6467063426971436,1532.7418790515512,0.0,4816.86572265625,5150.0,8.20831986994017
232,2.7751033306121826,2242.3779242560267,0.0,4816.86572265625,5150.0,8.243625501985662
233,4.763628959655762,879.1252606660128,0.0,4816.86572265625,5150.0,8.278874014969915
234,3.7193503379821777,1569.7224760614336,0.0,4816.86572265625,5150.0,8.31403792090714
235,4.422728061676025,1233.528158992529,0.0,4816.86572265625,5150.0,8.349218362011015
236,3.1663434505462646,1819.742705175653,0.0,4816.86572265625,5150.0,8.384462725953199
237,3.582021474838257,1987.1175503470004,0.0,4816.86572265625,5150.0,8.419580611982383
238,4.2984938621521,1592.4311084337533,0.0,4816.86572265625,5150.0,8.45452418399509
239,2.286916971206665,1630.6522097699344,0.0,4816.86572265625,5150.0,8.489647308946587
240,3.8863329887390137,2125.1149241719395,0.0,4816.86572265625,5150.0,8.524661127943546
241,3.0983338356018066,1468.9434412233531,0.0,4816.86572265625,5150.0,8.559714947943576
242,2.940258264541626,1971.3694327678531,0.0,4816.86572265625,5150.0,8.594755767961033
243,3.3520493507385254,1787.3964943941683,0.0,4816.86572265625,5150.0,8.629813642939553
244,3.0853960514068604,1835.50558103621,0.0,4816.86572265625,5150.0,8.664946598932147
245,3.4071428775787354,1871.1882668063045,0.0,4816.86572265625,5150.0,8.700053526903503
246,2.719008684158325,6788.392296493053,0.0,4816.86572265625,5150.0,8.73525130492635
247,3.9983785152435303,1352.167719276622,0.0,4816.86572265625,5150.0,8.77045829698909
248,2.957740545272827,1652.8633959125727,0.0,4816.86572265625,5150.0,8.80565317091532
249,3.305934429168701,2112.6042088605464,0.0,4816.86572265625,5150.0,8.840730816009454
250,2.7037432193756104,2188.213097330183,0.0,4816.86572265625,5150.0,8.876281633973122
251,3.122814893722534,1844.8451422005892,0.0,4816.86572265625,5150.0,8.91152835090179
252,4.13971471786499,1884.0966620631516,0.0,4816.86572265625,5150.0,8.946644724928774
253,4.583629131317139,1269.850374918431,0.0,4816.86572265625,5150.0,8.981789293931797
254,4.530307292938232,1132.4249166361988,0.0,4816.86572265625,5150.0,9.016971400007606
255,4.2040019035339355,1780.6790830157697,0.0,4816.86572265625,5150.0,9.052115864004008
256,2.727109432220459,4056.92645191215,0.0,4816.86572265625,5150.0,9.087324511958286
257,4.1906023025512695,1972.4142435491085,0.0,4816.86572265625,5150.0,9.122340075904503
258,3.911309242248535,2287.3962548561394,0.0,4816.86572265625,5150.0,9.157442100928165
259,4.018191337585449,1473.9704103786498,0.0,4816.86572265625,5150.0,9.192516315961257
260,4.72589111328125,1599.2158634923398,0.0,4816.86572265625,5150.0,9.227563489926979
261,4.5552144050598145,1538.3763275071979,0.0,4816.86572265625,5150.0,9.262786455918103
262,2.903902292251587,3503.2084557525814,0.0,4816.86572265625,5150.0,9.297955646994524
263,2.724604368209839,2878.1835906989872,0.0,4816.86572265625,5150.0,9.333069978980348
264,3.866992950439453,1896.1229199562222,0.0,4816.86572265625,5150.0,9.368201916920952
265,3.5672786235809326,2427.8762089274824,0.0,4816.86572265625,5150.0,9.403317286982201
266,4.283960819244385,1349.003241168335,0.0,4816.86572265625,5150.0,9.43847328890115
267,4.077864170074463,1564.3690552003682,0.0,4816.86572265625,5150.0,9.473518864950165
268,3.0609347820281982,2873.561208602041,0.0,4816.86572265625,5150.0,9.508796072914265
269,4.569681644439697,2925.4063533879817,0.0,4816.86572265625,5150.0,9.543878520955332
270,2.497190475463867,2383.480660814792,0.0,4816.86572265625,5150.0,9.5789828869747
271,2.933269500732422,1301.951128717512,0.0,4816.86572265625,5150.0,9.613916175905615
272,4.4977521896362305,1174.788102451712,0.0,4816.86572265625,5150.0,9.648878790903836
273,4.6828813552856445,794.9878490325063,0.0,4816.86572265625,5150.0,9.683913878980093
274,4.007016181945801,1915.176944417879,0.0,4816.86572265625,5150.0,9.71891010995023
275,3.6856892108917236,2143.542276520282,0.0,4816.86572265625,5150.0,9.754042240907438
276,4.269267559051514,926.880113452673,0.0,4816.86572265625,5150.0,9.789238728000782
277,2.8500514030456543,2596.0166705204174,0.0,4816.86572265625,5150.0,9.824213773943484
278,4.447630405426025,964.1526148021221,0.0,4816.86572265625,5150.0,9.85926993493922
279,3.98633074760437,1636.3444173056632,0.0,4816.86572265625,5150.0,9.894442837918177
280,3.2951674461364746,2278.766045972705,0.0,4816.86572265625,5150.0,9.929566404898651
281,3.718480348587036,2207.3500457294285,0.0,4816.86572265625,5150.0,9.96450131200254
282,3.756589412689209,1561.3021513568237,0.0,4816.86572265625,5150.0,9.99962068500463
283,2.642698287963867,2293.3575673922896,0.0,4816.86572265625,5150.0,10.034813901991583
284,3.2340471744537354,1421.2414522469044,0.0,4816.86572265625,5150.0,10.070475755957887
285,4.2436394691467285,1011.3186141215265,0.0,4816.86572265625,5150.0,10.105567607912235
286,3.9346425533294678,1536.0902902148664,0.0,4816.86572265625,5150.0,10.140749670914374
287,3.880920886993408,1839.1236776448786,0.0,4816.86572265625,5150.0,10.175802247948013
288,3.2219631671905518,1813.4440012630075,0.0,4816.86572265625,5150.0,10.210820809938014
289,3.9195547103881836,2461.9748892579228,0.0,4816.86572265625,5150.0,10.245834547909908
290,3.3464574813842773,1659.738032960333,0.0,4816.86572265625,5150.0,10.281548529979773
291,3.664937734603882,872.3189473729581,0.0,4816.86572265625,5150.0,10.316621550940908
292,3.312994956970215,2126.602760847658,0.0,4816.86572265625,5150.0,10.351687469985336
293,4.072930812835693,1328.9173318445683,0.0,4816.86572265625,5150.0,10.38680661690887
294,4.384706020355225,1289.5128016881645,0.0,4816.86572265625,5150.0,10.422004777938128
295,3.1942288875579834,3255.534042648971,0.0,4816.86572265625,5150.0,10.457041769986972
296,3.5242762565612793,1620.8892910927534,0.0,4816.86572265625,5150.0,10.492166860960424
297,3.3192248344421387,1989.653952691704,0.0,4816.86572265625,5150.0,10.527320797904395
298,3.522716760635376,1410.3336359057575,0.0,4816.86572265625,5150.0,10.562289449968375
299,3.5932765007019043,1454.1415906418115,0.0,4816.86572265625,5150.0,10.597906585899182
300,4.609274387359619,942.5107960402966,0.0,4816.86572265625,5150.0,10.63292148092296
301,2.617424964904785,2158.1249831728637,0.0,4816.86572265625,5150.0,10.668290825909935
302,3.8505589962005615,1045.4111961927265,0.0,4816.86572265625,5150.0,10.703406482934952
303,2.5152809619903564,2131.81282665208,0.0,4816.86572265625,5150.0,10.738602709956467
304,4.214531898498535,861.5179601982236,0.0,4816.86572265625,5150.0,10.773649198003113
305,3.159960985183716,1563.439192504622,0.0,4816.86572265625,5150.0,10.808737862971611
306,3.769289970397949,1543.2410987503827,0.0,4816.86572265625,5150.0,10.843853401951492
307,4.319143772125244,2039.711052665487,0.0,4816.86572265625,5150.0,10.878951274906285
308,3.2654991149902344,2237.116684436798,0.0,4816.86572265625,5150.0,10.914101311936975
309,3.6832704544067383,1173.6678769141436,0.0,4816.86572265625,5150.0,10.947280848980881
310,3.83915114402771,1855.696091581136,0.0,4816.86572265625,5150.0,10.98251184693072
311,2.879362106323242,1719.9318469688296,0.0,4816.86572265625,5150.0,11.01774249295704
312,3.23573637008667,1553.8681070655584,0.0,4816.86572265625,5150.0,11.052759021986276
313,3.7153003215789795,1784.0502697033808,0.0,4816.86572265625,5150.0,11.087825565948151
314,3.6628506183624268,1915.1374616771936,0.0,4816.86572265625,5150.0,11.122792011941783
315,3.2024013996124268,2093.9857435896993,0.0,4816.86572265625,5150.0,11.158579229959287
316,1.9758423566818237,2602.285102698952,0.0,4816.86572265625,5150.0,11.19371935899835
317,2.7897839546203613,2147.544652817771,0.0,4816.86572265625,5150.0,11.228828346938826
318,3.8331243991851807,1927.890349868685,0.0,4816.86572265625,5150.0,11.26406124199275
319,1.8776766061782837,1804.9169608103111,0.0,4816.86572265625,5150.0,11.30009896599222
320,2.729745388031006,1341.4233097340912,0.0,4816.86572265625,5150.0,11.335948053980246
321,4.6006927490234375,2150.670871159062,0.0,4816.86572265625,5150.0,11.372048332937993
322,3.202510118484497,1804.1193592511117,0.0,4816.86572265625,5150.0,11.407255925005302
323,3.124924898147583,1993.1526999045163,0.0,4816.86572265625,5150.0,11.442480211961083
324,2.8559818267822266,2449.115946676582,0.0,4816.86572265625,5150.0,11.477701033931226
325,4.292130947113037,1281.7163474094123,0.0,4816.86572265625,5150.0,11.512885001953691
326,2.728896379470825,1996.468409402296,0.0,4816.86572265625,5150.0,11.548168137902394
327,2.885295867919922,1749.4100028108805,0.0,4816.86572265625,5150.0,11.583338539930992
328,3.807997226715088,1856.179771039635,0.0,4816.86572265625,5150.0,11.618585582938977
329,3.6884236335754395,1094.1736927852035,0.0,4816.86572265625,5150.0,11.653726928983815
330,3.7367804050445557,1433.68367979303,0.0,4816.86572265625,5150.0,11.688812195905484
331,3.043795347213745,1709.239787666127,0.0,4816.86572265625,5150.0,11.724038744927384
332,2.6844558715820312,2701.382176492363,0.0,4816.86572265625,5150.0,11.759334957925603
333,4.23150110244751,1434.1453715395182,0.0,4816.86572265625,5150.0,11.794596066931263
334,2.4316506385803223,5103.043992400169,0.0,4816.86572265625,5150.0,11.829673993983306
335,2.754664897918701,1246.2407939378172,0.0,4816.86572265625,5150.0,11.865012437920086
336,2.711632013320923,1877.190510591492,0.0,4816.86572265625,5150.0,11.9002334139077
337,2.9603703022003174,1635.7285380745307,0.0,4816.86572265625,5150.0,11.935378116904758
338,3.015394687652588,1822.9767546821386,0.0,4816.86572265625,5150.0,11.970487812999636
339,3.3119866847991943,1361.2586375121027,0.0,4816.86572265625,5150.0,12.00560695992317
340,3.0425212383270264,1714.02171042189,0.0,4816.86572265625,5150.0,12.040878137922846
341,3.8210389614105225,1591.5236445516348,0.0,4816.86572265625,5150.0,12.07594304496888
342,3.2403368949890137,2101.562722399831,0.0,4816.86572265625,5150.0,12.111014854977839
343,3.7369801998138428,1229.4694970902056,0.0,4816.86572265625,5150.0,12.146170621970668
344,4.16634464263916,907.3370449263602,0.0,4816.86572265625,5150.0,12.181284941965714
345,2.6447761058807373,3039.646792570129,0.0,4816.86572265625,5150.0,12.216388453962281
346,3.5184130668640137,1251.065274650231,0.0,4816.86572265625,5150.0,12.251533075002953
347,2.53794264793396,3185.2185080610216,0.0,4816.86572265625,5150.0,12.2870277519105
348,2.814701557159424,2011.5506292916834,0.0,4816.86572265625,5150.0,12.322395093971863
349,3.1190574169158936,2070.8107109107077,0.0,4816.86572265625,5150.0,12.357530973968096
350,3.449631690979004,5730.081866063178,0.0,4816.86572265625,5150.0,12.392617489909753
351,2.6731338500976562,2508.7646257262677,0.0,4816.86572265625,5150.0,12.427828201907687
352,3.309617042541504,1287.0623173192143,0.0,4816.86572265625,5150.0,12.463089719996788
353,3.284522533416748,1815.4512512739748,0.0,4816.86572265625,5150.0,12.498295372002758
354,4.343896865844727,1680.3147916346788,0.0,4816.86572265625,5150.0,12.533390578930266
355,3.774686098098755,1273.1248085573316,0.0,4816.86572265625,5150.0,12.568627518950962
356,3.9681835174560547,1588.8359695030376,0.0,4816.86572265625,5150.0,12.60383085696958
357,3.7450833320617676,1607.3087207376957,0.0,4816.86572265625,5150.0,12.638975481968373
358,2.5769505500793457,1862.1196712814271,0.0,4816.86572265625,5150.0,12.67399966600351
359,2.9548351764678955,1833.810404771939,0.0,4816.86572265625,5150.0,12.709243388962932
360,2.462820053100586,2212.7739035282284,0.0,4816.86572265625,5150.0,12.744593427982181
361,3.066533327102661,923.0902763903141,0.0,4816.86572265625,5150.0,12.78033754194621
362,3.612945318222046,1575.4969024583697,0.0,4816.86572265625,5150.0,12.815586491953582
363,3.4476921558380127,1302.344574086368,0.0,4816.86572265625,5150.0,12.850620565004647
364,2.409433603286743,1620.8633863069117,0.0,4816.86572265625,5150.0,12.886195475934073
365,3.1151282787323,1748.4569804109633,0.0,4816.86572265625,5150.0,12.921475086011924
366,3.4163951873779297,1275.6491611748934,0.0,4816.86572265625,5150.0,12.956591157941148
367,4.5283989906311035,1363.447873789817,0.0,4816.86572265625,5150.0,12.991687562898733
368,2.9634969234466553,1745.8784413188696,0.0,4816.86572265625,5150.0,13.026879096985795
369,1.7781399488449097,1688.2412523487583,0.0,4816.86572265625,5150.0,13.062027562991716
370,3.6595797538757324,1780.0275783799589,0.0,4816.86572265625,5150.0,13.097175383940339
371,2.3530938625335693,1522.5735221467912,0.0,4816.86572265625,5150.0,13.13286678493023
372,4.030019283294678,1847.978456698358,0.0,4816.86572265625,5150.0,13.167884918977506
373,3.6016807556152344,1426.611670223996,0.0,4816.86572265625,5150.0,13.203023501904681
374,3.9230892658233643,1250.3933173194528,0.0,4816.86572265625,5150.0,13.238135325955227
375,2.9176342487335205,1175.5494797881693,0.0,4816.86572265625,5150.0,13.274028990999795
376,3.167067527770996,1522.8985150903463,0.0,4816.86572265625,5150.0,13.309219158953056
377,3.5352373123168945,1804.6940128253773,0.0,4816.86572265625,5150.0,13.344294128008187
378,3.8487625122070312,1388.738806290552,0.0,4816.86572265625,5150.0,13.379383566905744
379,2.9680094718933105,1825.1519803795964,0.0,4816.86572265625,5150.0,13.414631037972867
380,3.3626720905303955,1429.2061654683203,0.0,4816.86572265625,5150.0,13.449666200904176
381,2.8576338291168213,1234.4080280605704,0.0,4816.86572265625,5150.0,13.484934820909984
382,3.591662645339966,1204.620260456577,0.0,4816.86572265625,5150.0,13.520022619981319
383,3.5383362770080566,1307.01903275121,0.0,4816.86572265625,5150.0,13.555098442011513
384,3.5371904373168945,2054.8024289682508,0.0,4816.86572265625,5150.0,13.590383130940609
385,3.6291959285736084,1477.3918499909341,0.0,4816.86572265625,5150.0,13.62558527791407
386,2.10198712348938,3146.8699055891484,0.0,4816.86572265625,5150.0,13.660731761949137
387,3.0302727222442627,2477.475281085819,0.0,4816.86572265625,5150.0,13.69577606196981
388,3.1502022743225098,1530.8239281140268,0.0,4816.86572265625,5150.0,13.730860771960579
389,2.825573444366455,2393.548009444028,0.0,4816.86572265625,5150.0,13.765982331940904
390,2.148040533065796,2155.3236881094053,0.0,4816.86572265625,5150.0,13.801423129974864
391,2.9249186515808105,2031.7966939508915,0.0,4816.86572265625,5150.0,13.836581183946691
392,4.381402015686035,889.2823339477181,0.0,4816.86572265625,5150.0,13.871585637913086
393,3.5567662715911865,1334.3921114234254,0.0,4816.86572265625,5150.0,13.906829493003897
394,2.7554028034210205,1513.1858293013647,0.0,4816.86572265625,5150.0,13.942003400996327
395,3.0813300609588623,1930.6909408308566,0.0,4816.86572265625,5150.0,13.977076428942382
396,3.380835771560669,2458.7054866068065,0.0,4816.86572265625,5150.0,14.012188175925985
397,4.5096564292907715,1740.6586535144597,0.0,4816.86572265625,5150.0,14.047337729949504
398,2.392505168914795,2573.940422223881,0.0,4816.86572265625,5150.0,14.082537611946464
399,3.123796224594116,1758.152267312631,0.0,4816.86572265625,5150.0,14.11786592390854
400,3.798663854598999,1701.7004687823355,0.0,4816.86572265625,5150.0,14.153061121935025
401,2.9441189765930176,2656.905157789588,0.0,4816.86572265625,5150.0,14.188204454956576
402,3.13216495513916,1532.7063313648105,0.0,4816.86572265625,5150.0,14.22352250199765
403,2.6870882511138916,1695.1972421891987,0.0,4816.86572265625,5150.0,14.258964456967078
404,2.513427495956421,3146.8934844043106,0.0,4816.86572265625,5150.0,14.29422814794816
405,2.3713862895965576,1937.4795162612572,0.0,4816.86572265625,5150.0,14.329479567939416
406,3.6404924392700195,1885.5955858416855,0.0,4816.86572265625,5150.0,14.364590404904447
407,3.4208219051361084,1741.1407801397145,0.0,4816.86572265625,5150.0,14.39979257399682
408,4.35795259475708,1527.5963626205921,0.0,4816.86572265625,5150.0,14.434973005903885
409,4.043422222137451,1352.2622497975826,0.0,4816.86572265625,5150.0,14.470030052936636
410,3.1824748516082764,3929.659475967288,0.0,4816.86572265625,5150.0,14.505248853936791
411,3.3187451362609863,1305.6164407040924,0.0,4816.86572265625,5150.0,14.540290870005265
412,3.951078414916992,1239.1723004095256,0.0,4816.86572265625,5150.0,14.575411438941956
413,3.02134108543396,1427.4477663971484,0.0,4816.86572265625,5150.0,14.610530695994385
414,3.7323977947235107,1394.3317393809557,0.0,4816.86572265625,5150.0,14.645784855936654
415,2.4437756538391113,2030.471470201388,0.0,4816.86572265625,5150.0,14.681032227003016
416,3.2629663944244385,2109.628533516079,0.0,4816.86572265625,5150.0,14.716114969924092
417,4.25751256942749,1315.6972872801125,0.0,4816.86572265625,5150.0,14.751183275948279
418,4.1779465675354,1937.9523191526532,0.0,4816.86572265625,5150.0,14.786580560961738
419,3.385166883468628,1126.3175791241229,0.0,4816.86572265625,5150.0,14.82193345297128
420,3.2960638999938965,2183.7836620807648,0.0,4816.86572265625,5150.0,14.8571044820128
421,2.6470389366149902,1912.8150609452277,0.0,4816.86572265625,5150.0,14.892116335919127
422,3.7643306255340576,1773.3009547628462,0.0,4816.86572265625,5150.0,14.927311340929009
423,1.9987249374389648,1634.3189381584525,0.0,4816.86572265625,5150.0,14.962464287993498
424,2.3624560832977295,1988.5266226669773,0.0,4816.86572265625,5150.0,14.997599524911493
425,4.172733306884766,721.5906965173781,0.0,4816.86572265625,5150.0,15.032686524908058
426,2.8285114765167236,1226.778752407059,0.0,4816.86572265625,5150.0,15.067874995991588
427,2.7649548053741455,1678.7627172600478,0.0,4816.86572265625,5150.0,15.103124524001032
428,3.63808012008667,1204.5231623034924,0.0,4816.86572265625,5150.0,15.138306094915606
429,3.2007100582122803,1926.1849364452064,0.0,4816.86572265625,5150.0,15.173400782980025
430,2.8620553016662598,1618.5937139261514,0.0,4816.86572265625,5150.0,15.20862762699835
431,3.341444730758667,1706.3199141230434,0.0,4816.86572265625,5150.0,15.243911691941321
432,2.1586246490478516,1607.6048012981191,0.0,4816.86572265625,5150.0,15.279278856003657
433,2.7903170585632324,1829.7173029109836,0.0,4816.86572265625,5150.0,15.314547800924629
434,2.9851648807525635,2054.041306041181,0.0,4816.86572265625,5150.0,15.349619021988474
435,3.0040555000305176,2633.5184656456113,0.0,4816.86572265625,5150.0,15.385683644912206
436,2.6378800868988037,1542.9867026656866,0.0,4816.86572265625,5150.0,15.420977668953128
437,3.032701253890991,1350.8495307583362,0.0,4816.86572265625,5150.0,15.456096356967464
438,2.4262855052948,1850.2516254931688,0.0,4816.86572265625,5150.0,15.49119268800132
439,2.188669443130493,1922.3972003301606,0.0,4816.86572265625,5150.0,15.526417371933348
440,4.120727062225342,753.1688674129546,0.0,4816.86572265625,5150.0,15.56162915599998
441,3.3762242794036865,1004.3583779847249,0.0,4816.86572265625,5150.0,15.596912545966916
442,4.201665878295898,1018.3588022589684,0.0,4816.86572265625,5150.0,15.632029554923065
443,3.057640790939331,3446.15667779278,0.0,4816.86572265625,5150.0,15.667230132967234
444,4.010463714599609,1117.5120806321502,0.0,4816.86572265625,5150.0,15.702478559920564
445,2.8887109756469727,1528.9101264001802,0.0,4816.86572265625,5150.0,15.737598572974093
446,4.0711350440979,1253.3790449611843,0.0,4816.86572265625,5150.0,15.772615665919147
447,1.925405740737915,2665.703510039486,0.0,4816.86572265625,5150.0,15.807856742991135
448,3.739945411682129,761.988696558401,0.0,4816.88037109375,5150.0,15.843475401983596
449,1.8033289909362793,1854.3341167494655,0.0,4816.88037109375,5150.0,15.878666729899123
450,3.2355754375457764,1452.8498882502317,0.0,4816.88037109375,5150.0,15.913994664908387
451,2.9175381660461426,1714.9411918204278,0.0,4816.88037109375,5150.0,15.94927922997158
452,3.057793140411377,1561.9020797219127,0.0,4816.88037109375,5150.0,15.984480910003185
453,3.8735973834991455,1158.5257796552032,0.0,4816.88037109375,5150.0,16.019538410939276
454,3.3817317485809326,906.8793199025095,0.0,4816.88037109375,5150.0,16.054711400996894
455,3.1420059204101562,1527.976138131693,0.0,4816.88037109375,5150.0,16.089771909988485
456,3.199450731277466,2011.9592759013176,0.0,4816.88037109375,5150.0,16.12492759898305
457,3.964304208755493,1022.3064936175942,0.0,4816.88037109375,5150.0,16.160038305912167
458,3.0301787853240967,1412.8433768860996,0.0,4816.88037109375,5150.0,16.19512735994067
459,3.3986976146698,1240.1415713690221,0.0,4816.88037109375,5150.0,16.230178464902565
460,3.4041922092437744,1030.6488301381469,0.0,4816.88037109375,5150.0,16.26535434590187
461,2.9988484382629395,1268.1659722123295,0.0,4816.88037109375,5150.0,16.30061068595387
462,3.6465537548065186,1669.1056997291744,0.0,4816.88037109375,5150.0,16.335687642917037
463,4.279720783233643,2058.551728764549,0.0,4816.88037109375,5150.0,16.37081744999159
464,4.23056697845459,843.2384800426662,0.0,4816.88037109375,5150.0,16.406085090944543
465,2.9071531295776367,2513.142661381513,0.0,4816.88037109375,5150.0,16.441192045924254
466,4.139893054962158,974.8346852213144,0.0,4816.88037109375,5150.0,16.476354793994687
467,2.9843459129333496,1479.515897593461,0.0,4816.88037109375,5150.0,16.511416099965572
468,3.3486671447753906,1386.6194413723424,0.0,4816.88037109375,5150.0,16.546520813950337
469,2.851543664932251,1102.8037557080388,0.0,4816.88037109375,5150.0,16.582264120923355
470,3.216320037841797,1176.9974563149735,0.0,4816.88037109375,5150.0,16.61737784894649
471,3.4196038246154785,1320.5723063647747,0.0,4816.88037109375,5150.0,16.652421911945567
472,3.595777750015259,1238.7710994444788,0.0,4816.88037109375,5150.0,16.68766582896933
473,2.620603322982788,1553.3646323084831,0.0,4816.88037109375,5150.0,16.722938961931504
474,2.656609296798706,2278.758666158188,0.0,4816.88037109375,5150.0,16.758130392991006
475,2.6596620082855225,1697.2856632033363,0.0,4816.88037109375,5150.0,16.79339612496551
476,2.2937867641448975,1416.8363550994545,0.0,4816.88037109375,5150.0,16.828612874960527
477,2.6013195514678955,1196.6320533500984,0.0,4816.88037109375,5150.0,16.862022221903317
478,3.2432258129119873,1463.4783472586423,0.0,4816.88037109375,5150.0,16.897291906992905
479,3.4180612564086914,1128.4512567799538,0.0,4816.88037109375,5150.0,16.932417294941843
480,4.326287269592285,1000.1324360072613,0.0,4816.88037109375,5150.0,16.967534247902222
481,1.9002102613449097,1935.8308708388358,0.0,4816.88037109375,5150.0,17.002762767951936
482,3.6435673236846924,1225.0483344513923,0.0,4816.88037109375,5150.0,17.0379431869369
483,2.8105266094207764,1426.7668688613921,0.0,4816.88037109375,5150.0,17.07308069791179
484,2.0248377323150635,1823.3956147711724,0.0,4816.88037109375,5150.0,17.108331600902602
485,3.3793327808380127,1123.6510444134474,0.0,4816.88037109375,5150.0,17.143585648969747
486,3.8716418743133545,2157.4031864739954,0.0,4816.88037109375,5150.0,17.178739117924124
487,2.679354667663574,1874.219511659816,0.0,4816.88037109375,5150.0,17.211998028913513
488,2.4803504943847656,1407.3709575627,0.0,4816.88037109375,5150.0,17.24721399298869
489,2.8219563961029053,1498.393118897453,0.0,4816.88037109375,5150.0,17.28254207794089
490,2.873903512954712,1140.5159217081964,0.0,4816.88037109375,5150.0,17.318254399928264
491,2.8187286853790283,1349.2188155427575,0.0,4816.88037109375,5150.0,17.35334720800165
492,2.447558879852295,1582.5092114368454,0.0,4816.88037109375,5150.0,17.388538886909373
493,3.655017614364624,1682.6570473052561,0.0,4816.88037109375,5150.0,17.42362571693957
494,4.283234596252441,1123.9578812420368,0.0,4816.88037109375,5150.0,17.458749479963444
495,3.3145291805267334,1344.8206592276692,0.0,4816.88037109375,5150.0,17.493881647940725
496,1.888471007347107,1380.162043184042,0.0,4816.88037109375,5150.0,17.52906217891723
497,3.6227259635925293,1395.923344898969,0.0,4816.88037109375,5150.0,17.5641323949676
498,2.8359227180480957,2556.310729013756,0.0,4816.88037109375,5150.0,17.599310223013163
499,2.5496439933776855,1837.6746508646756,0.0,4816.88037109375,5150.0,17.63439478201326
500,2.0464231967926025,2179.3983990848064,0.0,4816.88037109375,5150.0,17.66953883797396
501,2.4454782009124756,1974.6812422396615,0.0,4816.88037109375,5150.0,17.704707596916705
502,2.8379299640655518,1539.575448316522,0.0,4816.88037109375,5150.0,17.740047392901033
503,2.6582798957824707,1882.7069523949176,0.0,4816.88037109375,5150.0,17.775165836908855
504,3.5545477867126465,1302.1771237207577,0.0,4816.88037109375,5150.0,17.81034350290429
505,2.6339876651763916,1971.7025622334331,0.0,4816.88037109375,5150.0,17.845559063949622
506,2.8293533325195312,1702.0722832866013,0.0,4816.88037109375,5150.0,17.880768164992332
507,2.077275276184082,1886.5413776896894,0.0,4816.88037109375,5150.0,17.916475671925582
508,3.5878822803497314,1829.9951083976775,0.0,4816.88037109375,5150.0,17.951550523983315
509,2.853986978530884,1930.6150247082114,0.0,4816.88037109375,5150.0,17.98670616291929
510,3.681641101837158,1752.399867773056,0.0,4816.88037109375,5150.0,18.02191716793459
511,3.3647408485412598,1529.497923610732,0.0,4816.88037109375,5150.0,18.057276563951746
512,3.334712266921997,1573.915067763999,0.0,4816.88037109375,5150.0,18.092425533919595
513,3.042654037475586,1466.162865032442,0.0,4816.88037109375,5150.0,18.127582786954008
514,3.1801247596740723,924.0816479464993,0.0,4816.88037109375,5150.0,18.16271333291661
515,1.9468505382537842,1557.563727340661,0.0,4816.88037109375,5150.0,18.197901522973552
516,2.313359260559082,1401.0043263640255,0.0,4816.88037109375,5150.0,18.233575910911895
517,3.1146020889282227,1416.441801010631,0.0,4816.88037109375,5150.0,18.26883245294448
518,2.211514472961426,1809.4870409369469,0.0,4816.88037109375,5150.0,18.304135420941748
519,4.193169593811035,1004.7896367050707,0.0,4816.88037109375,5150.0,18.339262512978166
520,3.189725875854492,1511.7170351250097,0.0,4816.88037109375,5150.0,18.37439137592446
521,3.5596680641174316,1463.3435565009713,0.0,4816.88037109375,5150.0,18.409486359916627
522,2.653895378112793,1639.2172792796046,0.0,4816.88037109375,5150.0,18.444542979937978
523,1.209578037261963,1832.5731615200639,0.0,4816.88037109375,5150.0,18.479709174949676
524,2.564516067504883,1849.4922350235283,0.0,4816.88037109375,5150.0,18.514898309949785
525,3.7453720569610596,1238.7531904401258,0.0,4816.88037109375,5150.0,18.550139066996053
526,2.6372087001800537,2217.5523877069354,0.0,4816.88037109375,5150.0,18.585335306008346
527,2.5444202423095703,1517.0675503816456,0.0,4816.88037109375,5150.0,18.62050287099555
528,2.9891834259033203,1387.5196578279138,0.0,4816.88037109375,5150.0,18.655731903971173
529,2.402369260787964,1641.9935673885047,0.0,4816.88037109375,5150.0,18.69077949691564
530,1.8497865200042725,1615.2215099567547,0.0,4816.88037109375,5150.0,18.72597855096683
531,1.7480876445770264,1949.5758423348889,0.0,4816.88037109375,5150.0,18.76120628695935
532,1.4778646230697632,1974.4862543013878,0.0,4816.88037109375,5150.0,18.79670335398987
533,3.2178826332092285,919.5209939517081,0.0,4816.88037109375,5150.0,18.831890832982026
534,2.5328915119171143,1580.0735544497147,0.0,4816.88037109375,5150.0,18.86749500699807
535,4.260349750518799,838.2417897880077,0.0,4816.88037109375,5150.0,18.90272280096542
536,3.245288610458374,1469.7841630624607,0.0,4816.88037109375,5150.0,18.937899161945097
537,3.514857053756714,1002.6166038298979,0.0,4816.88037109375,5150.0,18.97372298000846
538,3.4775681495666504,1437.878110717982,0.0,4816.88037109375,5150.0,19.00893795490265
539,2.582064151763916,1783.5534670418128,0.0,4816.88037109375,5150.0,19.044040363980457
540,1.6552857160568237,1928.609561582096,0.0,4816.88037109375,5150.0,19.079212108976208
541,3.2093091011047363,1205.6550129950047,0.0,4816.88037109375,5150.0,19.114313669968396
542,2.463379383087158,2153.4956018179655,0.0,4816.88037109375,5150.0,19.149423452909105
543,3.3163654804229736,1850.8378099054098,0.0,4816.88037109375,5150.0,19.184547508950345
544,2.6398539543151855,1356.8696632301435,0.0,4816.88037109375,5150.0,19.21965394692961
545,2.938704013824463,1465.3457335922867,0.0,4816.88037109375,5150.0,19.254675181000493
546,1.7507187128067017,1763.1586972214282,0.0,4816.88037109375,5150.0,19.289796813973226
547,2.537790298461914,1630.1023614685982,0.0,4816.88037109375,5150.0,19.325094120926224
548,3.3581159114837646,1195.6152307651937,0.0,4816.88037109375,5150.0,19.360307054943405
549,3.968278408050537,1000.330932289362,0.0,4816.88037109375,5150.0,19.395372503902763
550,3.322258234024048,1587.7582179596648,0.0,4816.88037109375,5150.0,19.43040601001121
551,4.044825077056885,1169.195268061012,0.0,4816.88037109375,5150.0,19.465596003923565
552,2.177246332168579,1984.220618745312,0.0,4816.88037109375,5150.0,19.500904456945136
553,2.800150156021118,1733.6704180883244,0.0,4816.88037109375,5150.0,19.53606310801115
554,3.3652184009552,1254.6637557148933,0.0,4816.88037109375,5150.0,19.571084336959757
555,3.027520179748535,1320.6308989189565,0.0,4816.88037109375,5150.0,19.606436218949966
556,3.8859238624572754,627.3382632229477,0.0,4816.88037109375,5150.0,19.641626543947496
557,2.7159078121185303,1414.6669402280822,0.0,4816.88037109375,5150.0,19.676657516974956
558,2.3137714862823486,1548.0245058499277,0.0,4816.88037109375,5150.0,19.711738809011877
559,1.515136480331421,1591.9219115534797,0.0,4816.88037109375,5150.0,19.746827058959752
560,3.498426914215088,1073.8762113451958,0.0,4816.88037109375,5150.0,19.782026759930886
561,2.0109975337982178,1416.4375913087279,0.0,4816.88037109375,5150.0,19.817231026943773
562,3.435783624649048,1405.9898028671741,0.0,4816.88037109375,5150.0,19.85257033596281
563,3.2335519790649414,1190.279719337821,0.0,4816.88037109375,5150.0,19.88777155498974
564,2.609128952026367,1554.2451066402718,0.0,4816.88037109375,5150.0,19.922981202951632
565,2.5511624813079834,1533.455851657316,0.0,4816.88037109375,5150.0,19.958098155912012
566,1.9223541021347046,1922.2934011090547,0.0,4816.88037109375,5150.0,19.993228407925926
567,2.5611023902893066,1416.1985965110362,0.0,4816.88037109375,5150.0,20.028414365951903
568,2.8848438262939453,1510.8718395978212,0.0,4816.88037109375,5150.0,20.063584157964215
569,2.7256290912628174,1784.1819630749524,0.0,4816.88037109375,5150.0,20.098737234948203
570,4.108792781829834,916.3345827097073,0.0,4816.88037109375,5150.0,20.133928618975915
571,2.7262346744537354,1698.4803136382252,0.0,4816.88037109375,5150.0,20.16899212799035
572,2.5512382984161377,1317.707315444015,0.0,4816.88037109375,5150.0,20.204274004907347
573,2.2506422996520996,1749.8510584533215,0.0,4816.88037109375,5150.0,20.239438718999736
574,2.4138600826263428,1291.479272512719,0.0,4816.88037109375,5150.0,20.27452394401189
575,2.7132527828216553,1454.0754590239376,0.0,4816.88037109375,5150.0,20.30980353197083
576,1.2127766609191895,1794.9665840957314,0.0,4816.88037109375,5150.0,20.345077933976427
577,3.672065019607544,1671.5702931564301,0.0,4816.88037109375,5150.0,20.380239150952548
578,3.2553470134735107,1523.0069362409413,0.0,4816.88037109375,5150.0,20.415378909907304
579,3.05545711517334,1708.5335389142856,0.0,4816.88037109375,5150.0,20.450467764982022
580,2.317504644393921,1905.8626660909504,0.0,4816.88037109375,5150.0,20.485527093987912
581,2.5606563091278076,1585.6721654981375,0.0,4816.88037109375,5150.0,20.52140106994193
582,1.6627358198165894,2006.539118135348,0.0,4816.88037109375,5150.0,20.556509414920583
583,3.326093912124634,1216.33078979142,0.0,4816.88037109375,5150.0,20.591545547009446
584,3.1545019149780273,1509.0767925484106,0.0,4816.88037109375,5150.0,20.626717346953228
585,3.8680531978607178,852.2109810914844,0.0,4816.88037109375,5150.0,20.661892413976602
586,4.32740592956543,762.7676161341369,0.0,4816.88037109375,5150.0,20.697007703012787
587,3.1040422916412354,963.3625685814768,0.0,4816.88037109375,5150.0,20.732129856944084
588,1.978920578956604,1383.3886433392763,0.0,4816.88037109375,5150.0,20.768267973908223
589,1.2271720170974731,2613.541065786034,0.0,4816.88037109375,5150.0,20.80379086290486
590,3.302976369857788,1393.6534948255867,0.0,4816.88037109375,5150.0,20.83925353398081
591,1.831217646598816,1663.6294326512143,0.0,4816.88037109375,5150.0,20.874418825958855
592,1.8131778240203857,2520.3764344006777,0.0,4816.88037109375,5150.0,20.909817785955966
593,3.2912747859954834,1077.749163074419,0.0,4816.88037109375,5150.0,20.944997094920836
594,3.741236925125122,927.3891980117187,0.0,4816.88037109375,5150.0,20.980158322956413
595,2.6754324436187744,2143.8977736411616,0.0,4816.88037109375,5150.0,21.015237775980495
596,2.31579327583313,1909.354712406639,0.0,4816.88037109375,5150.0,21.05103259999305
597,3.157992362976074,1746.7783771688119,0.0,4816.88037109375,5150.0,21.086065978975967
598,3.317843198776245,1054.995769701898,0.0,4816.88037109375,5150.0,21.121257668943144
599,3.1190176010131836,1001.1016121488065,0.0,4816.88037109375,5150.0,21.156520289951004
600,3.113037109375,1162.7111022975296,0.0,4816.88037109375,5150.0,21.191621116013266
601,2.895962715148926,1479.1665801741183,0.0,4816.88037109375,5150.0,21.226926471921615
602,3.504803419113159,1150.375039741397,0.0,4816.88037109375,5150.0,21.2620239299722
603,3.7717978954315186,1006.2203004937619,0.0,4816.88037109375,5150.0,21.297261282918043
604,3.195348024368286,1324.5045718047768,0.0,4816.88037109375,5150.0,21.33245452796109
605,3.725215435028076,802.5678885849193,0.0,4816.88037109375,5150.0,21.367522056913003
606,3.1892733573913574,861.3065190883353,0.0,4816.88037109375,5150.0,21.402679228922352
607,3.917121410369873,1130.181993484497,0.0,4816.88037109375,5150.0,21.437824443913996
608,2.5946145057678223,1691.2784270877019,0.0,4816.88037109375,5150.0,21.472883989918046
609,2.4360849857330322,2239.456054569222,0.0,4816.88037109375,5150.0,21.508086451911367
610,1.8353321552276611,1665.6844278816134,0.0,4816.88037109375,5150.0,21.543407776975073
611,3.7791404724121094,1236.8825231790543,0.0,4816.88037109375,5150.0,21.578528259997256
612,3.37058687210083,938.7692287350073,0.0,4816.88037109375,5150.0,21.613585880957544
613,2.6885228157043457,1227.2680065389723,0.0,4816.88037109375,5150.0,21.64946178998798
614,2.1201207637786865,2013.7822603723034,0.0,4816.88037109375,5150.0,21.68458733195439
615,3.9527881145477295,802.1327878143638,0.0,4816.88037109375,5150.0,21.719823354971595
616,3.423426628112793,1324.2464223764837,0.0,4816.88037109375,5150.0,21.75491608597804
617,3.9089794158935547,1678.9697473496199,0.0,4816.88037109375,5150.0,21.791124413954094
618,3.0445516109466553,1702.2120129112154,0.0,4816.88037109375,5150.0,21.82641524390783
619,3.0853536128997803,946.907076343894,0.0,4816.88037109375,5150.0,21.861620009993203
620,4.007012367248535,805.6987750697881,0.0,4816.88037109375,5150.0,21.89676306792535
621,3.015048027038574,1175.3025992289186,0.0,4816.88037109375,5150.0,21.931909192935564
622,2.617631435394287,1530.7346355319023,0.0,4816.88037109375,5150.0,21.966728925006464
623,2.431209087371826,1140.3821606598794,0.0,4816.88037109375,5150.0,22.001830388908274
624,2.100447177886963,1478.7675949707627,0.0,4816.88037109375,5150.0,22.037006385973655
625,4.085835933685303,1678.740880118683,0.0,4816.88037109375,5150.0,22.072954414994456
626,2.7954063415527344,1406.597467854619,0.0,4816.88037109375,5150.0,22.108041567960754
627,2.862128734588623,952.5684133023024,0.0,4816.88037109375,5150.0,22.143196946941316
628,3.072672128677368,970.9418644346297,0.0,4816.88037109375,5150.0,22.17850483895745
629,3.8540279865264893,991.3365962430835,0.0,4816.88037109375,5150.0,22.213588178972714
630,3.6723012924194336,1281.5298752579838,0.0,4816.88037109375,5150.0,22.248662186902948
631,1.8949841260910034,1763.4256548527628,0.0,4816.88037109375,5150.0,22.28375854389742
632,2.521846294403076,1110.415860348381,0.0,4816.88037109375,5150.0,22.31891656992957
633,2.8398361206054688,1375.3936817869544,0.0,4816.88037109375,5150.0,22.353948514908552
634,3.524110794067383,1546.3495573010296,0.0,4816.88037109375,5150.0,22.389050620957278
635,3.530353546142578,1032.3495419211686,0.0,4816.88037109375,5150.0,22.42419480497483
636,3.140989303588867,1478.1949330940843,0.0,4816.88037109375,5150.0,22.459303226904012
637,1.9435170888900757,1692.8451545303687,0.0,4816.88037109375,5150.0,22.49448246799875
638,2.375281810760498,1366.5283346986398,0.0,4816.88037109375,5150.0,22.529588312958367
639,2.711609363555908,1525.4436898045242,0.0,4816.88037109375,5150.0,22.564788155956194
640,1.988667607307434,1515.482718449086,0.0,4816.88037109375,5150.0,22.59999435499776
641,3.6830368041992188,1336.941772880964,0.0,4816.88037109375,5150.0,22.635250963969156
642,3.0472264289855957,1489.1220383159816,0.0,4816.88037109375,5150.0,22.670297013944946
643,2.6157803535461426,2511.1323482897133,0.0,4816.88037109375,5150.0,22.70543445693329
644,2.9594593048095703,1329.337422545068,0.0,4816.88037109375,5150.0,22.740623355959542
645,3.090877056121826,1474.5962084671482,0.0,4816.88037109375,5150.0,22.775740818935446
646,1.924331545829773,1805.393396731466,0.0,4816.88037109375,5150.0,22.811215695925057
647,3.917081356048584,1386.7062971778214,0.0,4816.88037109375,5150.0,22.847202660981566
648,3.757758617401123,1359.4729127660394,0.0,4816.88037109375,5150.0,22.882292475900613
649,2.9883406162261963,1477.4986827224493,0.0,4816.88037109375,5150.0,22.917393345967866
650,3.396094799041748,1174.8556959182024,0.0,4816.88037109375,5150.0,22.95242252596654
651,2.4444503784179688,1372.7657723221928,0.0,4816.88037109375,5150.0,22.987492254003882
652,3.3707845211029053,1020.8416747646406,0.0,4816.88037109375,5150.0,23.02265302790329
653,4.0179033279418945,982.1914489213377,0.0,4816.88037109375,5150.0,23.05781837797258
654,2.59013295173645,2296.031585308723,0.0,4816.88037109375,5150.0,23.092854556976818
655,3.735553503036499,1476.5106514953077,0.0,4816.88037109375,5150.0,23.126234922907315
656,2.36344313621521,1389.7422444391996,0.0,4816.88037109375,5150.0,23.161512292921543
657,3.0226364135742188,1662.0688570085913,0.0,4816.88037109375,5150.0,23.196664648945443
658,1.6696418523788452,1610.158101561945,0.0,4816.88037109375,5150.0,23.23166611290071
659,2.3581292629241943,1590.0949170505628,0.0,4816.88037109375,5150.0,23.266903925919905
660,2.6206159591674805,2214.993266168982,0.0,4816.88037109375,5150.0,23.302152013988234
661,2.792210817337036,1940.7327642552555,0.0,4816.88037109375,5150.0,23.33737650094554
662,2.98091459274292,1070.9921540394425,0.0,4816.88037109375,5150.0,23.37249834300019
663,1.8680635690689087,1643.1781288618222,0.0,4816.88037109375,5150.0,23.40775867900811
664,2.9853501319885254,1960.9855455858633,0.0,4816.88037109375,5150.0,23.442846977966838
665,1.8554728031158447,1204.5926592117175,0.0,4816.88037109375,5150.0,23.47803481190931
666,1.7245279550552368,1462.9196698730811,0.0,4816.88037109375,5150.0,23.513120024930686
667,3.4790401458740234,1333.910184665583,0.0,4816.88037109375,5150.0,23.54821549600456
668,3.4343395233154297,1208.9034399855882,0.0,4816.88037109375,5150.0,23.583412053994834
669,2.5028765201568604,2070.321589690633,0.0,4816.88037109375,5150.0,23.618594205006957
670,2.231198310852051,1113.4693513177335,0.0,4816.88037109375,5150.0,23.654237717972137
671,3.352134943008423,1345.229019381106,0.0,4816.88037109375,5150.0,23.68937511590775
672,1.7778830528259277,1324.7664278987795,0.0,4816.88037109375,5150.0,23.724525779951364
673,3.0880000591278076,1443.664921881631,0.0,4816.88037109375,5150.0,23.759635291993618
674,4.004276752471924,897.597598399967,0.0,4816.88037109375,5150.0,23.794754845905118
675,2.8145530223846436,1178.0720924278721,0.0,4816.88037109375,5150.0,23.830151006928645
676,3.0954389572143555,1281.6288894079626,0.0,4816.88037109375,5150.0,23.865333701949567
677,2.6382007598876953,1695.9461658480577,0.0,4816.88037109375,5150.0,23.900493028922938
678,3.2833497524261475,1236.8098903009668,0.0,4816.88037109375,5150.0,23.935626984923147
679,4.105762004852295,716.229467054829,0.0,4816.88037109375,5150.0,23.970721859950572
680,3.1334362030029297,1481.0490587372333,0.0,4816.88037109375,5150.0,24.00596430490259
681,2.52390718460083,1701.5876745544374,0.0,4816.88037109375,5150.0,24.041040661977604
682,4.0197367668151855,1099.8778004348278,0.0,4816.88037109375,5150.0,24.076282879919745
683,2.702221155166626,1587.7640511915088,0.0,4816.88037109375,5150.0,24.11141425697133
684,2.7051706314086914,1787.3516032900661,0.0,4816.88037109375,5150.0,24.146492196945474
685,2.312610626220703,1813.7370145907626,0.0,4816.88037109375,5150.0,24.181642227922566
686,3.7101879119873047,1108.395494826138,0.0,4816.88037109375,5150.0,24.216755974921398
687,2.8464906215667725,1385.1280458429828,0.0,4816.88037109375,5150.0,24.251842157915235
688,2.3293142318725586,1215.5987374596298,0.0,4816.88037109375,5150.0,24.287019453942776
689,2.918961763381958,1478.7021677196026,0.0,4816.88037109375,5150.0,24.322324356995523
690,2.5441620349884033,1412.6637337785214,0.0,4816.88037109375,5150.0,24.357457025907934
691,3.823981761932373,811.8462826376781,0.0,4816.88037109375,5150.0,24.392568606999703
692,3.0131893157958984,1118.3383207228035,0.0,4816.88037109375,5150.0,24.42768778791651
693,2.6895737648010254,1415.690136404708,0.0,4816.88037109375,5150.0,24.462826873990707
694,3.988330125808716,878.2259635757655,0.0,4816.88037109375,5150.0,24.497934179962613
695,2.302229166030884,2171.549476906657,0.0,4816.88037109375,5150.0,24.533085703966208
696,2.4967920780181885,1412.7045697830617,0.0,4816.88037109375,5150.0,24.5682011609897
697,3.081805944442749,1557.5109333507717,0.0,4816.88037109375,5150.0,24.603331608930603
698,2.8804943561553955,1214.7859485680237,0.0,4816.88037109375,5150.0,24.63856220000889
699,2.4278182983398438,1431.6581906890497,0.0,4816.88037109375,5150.0,24.67378969595302
700,3.1496362686157227,1490.6868929397315,0.0,4816.88037109375,5150.0,24.709035274921916
701,3.4892477989196777,1180.6812617229298,0.0,4816.88037109375,5150.0,24.744333383976482
702,2.667529344558716,1470.9503318332136,0.0,4816.88037109375,5150.0,24.779474340961315
703,2.552051067352295,1081.0444368058816,0.0,4816.88037109375,5150.0,24.814938577008434
704,2.2172021865844727,1512.1762308916077,0.0,4816.88037109375,5150.0,24.850240725907497
705,3.424588680267334,1635.8236710391939,0.0,4816.88037109375,5150.0,24.88539018598385
706,3.1002120971679688,1404.6808315217495,0.0,4816.88037109375,5150.0,24.920609122957103
707,3.3936965465545654,1279.4364275708795,0.0,4816.88037109375,5150.0,24.95573789998889
708,3.300771474838257,1651.7328862249851,0.0,4816.88037109375,5150.0,24.990832071984187
709,1.9348794221878052,1551.1883161272854,0.0,4816.88037109375,5150.0,25.02606429392472
710,2.9419760704040527,1382.3426284175366,0.0,4816.88037109375,5150.0,25.061231231899
711,2.5809147357940674,1248.6526204627007,0.0,4816.88037109375,5150.0,25.096400265931152
712,3.8381335735321045,1140.1089019179344,0.0,4816.88037109375,5150.0,25.131403117906302
713,2.6271963119506836,1549.616898036562,0.0,4816.88037109375,5150.0,25.166673855972476
714,2.5596437454223633,1409.0031876824796,0.0,4816.88037109375,5150.0,25.201833253959194
715,2.5369231700897217,1767.7478182883933,0.0,4816.88037109375,5150.0,25.236989272991195
716,1.485333800315857,1426.1670534275472,0.0,4816.88037109375,5150.0,25.272111784899607
717,1.8009018898010254,2070.3380177356303,0.0,4816.88037109375,5150.0,25.307393522001803
718,3.780965805053711,933.6090940982103,0.0,4816.88037109375,5150.0,25.342799228965305
719,3.268887996673584,1272.0231165969744,0.0,4816.88037109375,5150.0,25.37799373001326
720,3.1463029384613037,1495.8502125144005,0.0,4816.88037109375,5150.0,25.41323873901274
721,2.663041830062866,1374.8964582700282,0.0,4816.88037109375,5150.0,25.448292123968713
722,2.413579225540161,1538.9987188326195,0.0,4816.88037109375,5150.0,25.483416453935206
723,2.1072933673858643,2200.317581353709,0.0,4816.88037109375,5150.0,25.518618767964654
724,1.9177123308181763,1729.4856354519725,0.0,4816.88037109375,5150.0,25.5537536079064
725,3.1462855339050293,1648.0826966511086,0.0,4816.88037109375,5150.0,25.588947039912455
726,1.8280545473098755,1585.9116177177057,0.0,4816.88037109375,5150.0,25.62410725094378
727,3.3725788593292236,1323.2336994651705,0.0,4816.88037109375,5150.0,25.659351815935224
728,3.3418397903442383,1739.9460785239935,0.0,4816.88037109375,5150.0,25.694500398938544
729,3.425191640853882,1017.7238573133945,0.0,4816.88037109375,5150.0,25.72964334592689
730,2.2669129371643066,1176.0203605713323,0.0,4816.88037109375,5150.0,25.76483534090221
731,2.2374820709228516,1345.7369667738676,0.0,4816.88037109375,5150.0,25.80010673997458
732,3.6016018390655518,1311.1920444015414,0.0,4816.88037109375,5150.0,25.835379692958668
733,1.577979564666748,2037.5883304737508,0.0,4816.88037109375,5150.0,25.870475912932307
734,3.823230266571045,1283.829547953792,0.0,4816.88037109375,5150.0,25.90580380090978
735,4.174903869628906,1841.5249492302537,0.0,4816.88037109375,5150.0,25.942033150000498
736,3.6325113773345947,1501.1547226794064,0.0,4816.88037109375,5150.0,25.97732541291043
737,2.7662265300750732,1415.9464688263834,0.0,4816.88037109375,5150.0,26.012520958902314
738,2.678600311279297,1588.3685016129166,0.0,4816.88037109375,5150.0,26.047571592964232
739,3.0836544036865234,1222.3928054962307,0.0,4816.88037109375,5150.0,26.082886967924424
740,2.431212902069092,1305.8956144098192,0.0,4816.88037109375,5150.0,26.118119654012844
741,1.570497989654541,1446.4934583082795,0.0,4816.88037109375,5150.0,26.153350051958114
742,2.580773115158081,1318.4942949498072,0.0,4816.88037109375,5150.0,26.18844638497103
743,2.185338258743286,1278.0680458694696,0.0,4816.88037109375,5150.0,26.223692771978676
744,2.022629737854004,1267.3597560240887,0.0,4816.88037109375,5150.0,26.258913195924833
745,2.4017157554626465,1355.3401368521154,0.0,4816.88037109375,5150.0,26.29413051600568
746,3.492440938949585,946.1972383661196,0.0,4816.88037109375,5150.0,26.3294367789058
747,2.572582721710205,1515.3941604569554,0.0,4816.88037109375,5150.0,26.364619417930953
748,2.325286865234375,1501.59712100029,0.0,4816.88037109375,5150.0,26.39982696599327
749,2.473759889602661,1068.0489390855655,0.0,4816.88037109375,5150.0,26.435694265994243
750,2.655479669570923,1491.3365418687463,0.0,4816.88037109375,5150.0,26.471321412944235
751,3.8565316200256348,1598.997459039092,0.0,4816.88037109375,5150.0,26.506519674905576
752,2.2273263931274414,1663.2815932780504,0.0,4816.88037109375,5150.0,26.541732786921784
753,2.222343683242798,1325.081352815032,0.0,4816.88037109375,5150.0,26.576803494943306
754,3.7475452423095703,1011.0393858402967,0.0,4816.88037109375,5150.0,26.611962491995655
755,2.2098581790924072,1525.1264645364136,0.0,4816.88037109375,5150.0,26.647165186004713
756,1.6405459642410278,1739.8817947488278,0.0,4816.88037109375,5150.0,26.682345510926098
757,3.8571760654449463,1347.1152333635837,0.0,4816.88037109375,5150.0,26.717394543928094
758,1.6900498867034912,1454.4758331626654,0.0,4816.88037109375,5150.0,26.75258417695295
759,2.6791672706604004,1696.6019030287862,0.0,4816.88037109375,5150.0,26.787716304999776
760,2.729928731918335,1303.7966457037255,0.0,4816.88037109375,5150.0,26.823097298969515
761,2.393141269683838,1131.5223313113675,0.0,4816.88037109375,5150.0,26.85839407495223
762,2.9642107486724854,1459.751744181849,0.0,4816.88037109375,5150.0,26.89359670493286
763,3.154783010482788,2052.4916923549026,0.0,4816.88037109375,5150.0,26.928757334011607
764,3.607948064804077,1951.1825624275953,0.0,4816.88037109375,5150.0,26.963909049984068
765,2.2432174682617188,1571.86860537529,0.0,4816.88037109375,5150.0,26.998978494899347
766,2.8622071743011475,1377.8970941714942,0.0,4816.88037109375,5150.0,27.03421867196448
767,0.6915595531463623,1319.8262483831495,0.0,4816.88037109375,5150.0,27.069294574903324
768,3.201648712158203,1087.4095247350633,0.0,4816.88037109375,5150.0,27.10442717699334
769,2.857738494873047,2066.2500858716667,0.0,4816.88037109375,5150.0,27.139581469935365
770,3.2620036602020264,1219.2646287512034,0.0,4816.88037109375,5150.0,27.174794511985965
771,2.962790012359619,1273.0930632287636,0.0,4816.88037109375,5150.0,27.209962163004093
772,2.36509370803833,1384.4015036411583,0.0,4816.88037109375,5150.0,27.245280394912697
773,2.4466683864593506,1405.4682681988925,0.0,4816.88037109375,5150.0,27.28031708090566
774,2.2000086307525635,1324.006600882858,0.0,4816.88037109375,5150.0,27.31572953995783
775,3.002061128616333,1268.7896677115932,0.0,4816.88037109375,5150.0,27.350903952959925
776,3.030008554458618,1353.1935632117093,0.0,4816.88037109375,5150.0,27.385949785006233
777,3.0775253772735596,1058.3886135928333,0.0,4816.88037109375,5150.0,27.42109052790329
778,1.6464515924453735,1403.036242486909,0.0,4816.88037109375,5150.0,27.456285502994433
779,1.9482704401016235,1468.7501772716641,0.0,4816.88037109375,5150.0,27.49144400190562
780,3.130826473236084,1815.4650412723422,0.0,4816.88037109375,5150.0,27.52660114399623
781,1.7421070337295532,1365.761539945379,0.0,4816.88037109375,5150.0,27.56187513691839
782,3.0948359966278076,1117.7400106946006,0.0,4816.88037109375,5150.0,27.597225948935375
783,3.2498202323913574,1156.6793478503823,0.0,4816.88037109375,5150.0,27.63232870597858
784,2.2674622535705566,1581.2574919695035,0.0,4816.88037109375,5150.0,27.667859009932727
785,3.8913419246673584,1621.0677080377936,0.0,4816.88037109375,5150.0,27.70374113600701
786,2.4746410846710205,1477.8410002784804,0.0,4816.88037109375,5150.0,27.73872240795754
787,2.8016045093536377,1223.103256257251,0.0,4816.88037109375,5150.0,27.773806943907402
788,2.975459337234497,1595.7927137259394,0.0,4816.88037109375,5150.0,27.809048476978205
789,2.5354835987091064,1441.748547515832,0.0,4816.88037109375,5150.0,27.844459805986844
790,1.6187217235565186,1733.2338346540928,0.0,4816.88037109375,5150.0,27.879692834918387
791,2.178966522216797,1996.8320272015408,0.0,4816.88037109375,5150.0,27.915424895007163
792,2.039996385574341,2124.096537111327,0.0,4816.88037109375,5150.0,27.950694051920436
793,3.73622727394104,701.9883352126926,0.0,4816.88037109375,5150.0,27.985786088975146
794,2.969092845916748,1441.8502999003977,0.0,4816.88037109375,5150.0,28.020846236962825
795,3.157135486602783,1280.8633396904916,0.0,4816.88037109375,5150.0,28.056022601900622
796,2.009425401687622,1736.173974853009,0.0,4816.88037109375,5150.0,28.092034438974224
797,3.925018310546875,1524.821372911334,0.0,4816.88037109375,5150.0,28.127018662984483
798,1.6558891534805298,1460.1585161671974,0.0,4816.88037109375,5150.0,28.162218062905595
799,3.028449296951294,1272.8904347009957,0.0,4816.88037109375,5150.0,28.197373720933683
800,3.290104866027832,1268.454509517178,0.0,4816.88037109375,5150.0,28.232481779996306
801,2.817401170730591,1408.2939201835543,0.0,4816.88037109375,5150.0,28.26771177200135
802,2.6621792316436768,1657.553207738325,0.0,4816.88037109375,5150.0,28.3029577039415
803,2.7447121143341064,1175.3603165261447,0.0,4816.88037109375,5150.0,28.338759508915246
804,2.754396677017212,1239.0179703887552,0.0,4816.88037109375,5150.0,28.37399579200428
805,3.6819162368774414,1304.5762961450964,0.0,4816.88037109375,5150.0,28.40934388898313
806,2.5597128868103027,1691.9097897708416,0.0,4816.88037109375,5150.0,28.444482414983213
807,1.854354739189148,1745.9545380230993,0.0,4816.88037109375,5150.0,28.479596641962416
808,2.0347423553466797,1207.3923205602914,0.0,4816.88037109375,5150.0,28.51473802200053
809,2.7774739265441895,1463.89515273273,0.0,4816.88037109375,5150.0,28.549830532982014
810,3.2656028270721436,1145.4332579113543,0.0,4816.88037109375,5150.0,28.58487856492866
811,2.289872407913208,1553.1284177042544,0.0,4816.88037109375,5150.0,28.620065507944673
812,1.1586233377456665,1763.0521422447637,0.0,4816.88037109375,5150.0,28.655179425957613
813,1.9263811111450195,1232.2338278051466,0.0,4816.88037109375,5150.0,28.690193869988434
814,3.2594966888427734,1350.4315882064402,0.0,4816.88037109375,5150.0,28.725262962980196
815,1.9080969095230103,2007.7688616057858,0.0,4816.88037109375,5150.0,28.760414304910228
816,3.189845561981201,1226.8862005602568,0.0,4816.88037109375,5150.0,28.795721250004135
817,3.0171008110046387,1123.1026125010103,0.0,4816.88037109375,5150.0,28.830941815976985
818,2.526648998260498,1742.6477475650609,0.0,4816.88037109375,5150.0,28.86647303495556
819,2.626438617706299,2229.8493672478944,0.0,4816.88037109375,5150.0,28.90153279097285
820,2.705345630645752,1254.8083755895495,0.0,4816.88037109375,5150.0,28.936648804927245
821,3.522348403930664,975.9209110178053,0.0,4816.88037109375,5150.0,28.969957132008858
822,3.9768776893615723,1243.4395603053272,0.0,4816.88037109375,5150.0,29.005145764909685
823,2.049370765686035,1616.6120770038106,0.0,4816.88037109375,5150.0,29.040365157998167
824,3.6285412311553955,1734.6732507795095,0.0,4816.88037109375,5150.0,29.075472066993825
825,2.3513224124908447,1435.7861414672807,0.0,4816.88037109375,5150.0,29.11059210600797
826,2.5614206790924072,1293.0984040275216,0.0,4816.88037109375,5150.0,29.14547930494882
827,3.037121534347534,1180.276630166918,0.0,4816.88037109375,5150.0,29.180540319997817
828,1.7560105323791504,2464.003437228501,0.0,4816.88037109375,5150.0,29.215701107983477
829,2.408904552459717,1435.9328205417842,0.0,4816.88037109375,5150.0,29.250798585941084
830,3.612560272216797,1235.1528242304921,0.0,4816.88037109375,5150.0,29.28593967400957
831,2.3642666339874268,1536.96398837585,0.0,4816.88037109375,5150.0,29.321242410922423
832,2.1602766513824463,1637.1923209717497,0.0,4816.88037109375,5150.0,29.35631169693079
833,2.313232898712158,1591.2047270052135,0.0,4816.88037109375,5150.0,29.391495178919286
834,3.0689144134521484,1661.8575340509415,0.0,4816.88037109375,5150.0,29.426654662936926
835,1.296203374862671,2172.147733340971,0.0,4816.88037109375,5150.0,29.46176660899073
836,2.8725943565368652,1337.0416696537286,0.0,4816.88037109375,5150.0,29.4972982769832
837,2.4341392517089844,1635.2212949749082,0.0,4816.88037109375,5150.0,29.532495214953087
838,3.1315665245056152,1367.0144689995795,0.0,4816.88037109375,5150.0,29.56772109097801
839,2.4998586177825928,1471.944805345498,0.0,4816.88037109375,5150.0,29.602814371930435
840,2.9958739280700684,1001.5673069898039,0.0,4816.88037109375,5150.0,29.638039963901974
841,3.016573667526245,1136.0063029136509,0.0,4816.88037109375,5150.0,29.673221781966276
842,2.2606041431427,1163.1366796884686,0.0,4816.88037109375,5150.0,29.70845112693496
843,1.6857678890228271,1416.58183901757,0.0,4816.88037109375,5150.0,29.743372840923257
844,2.3951728343963623,1935.4642531722784,0.0,4816.88037109375,5150.0,29.778511374955997
845,1.2549077272415161,1979.6688945335336,0.0,4816.88037109375,5150.0,29.813855613931082
846,2.1961734294891357,1716.989531237632,0.0,4816.88037109375,5150.0,29.849152273964137
847,3.7666687965393066,927.7724117077887,0.0,4816.88037109375,5150.0,29.88431491900701
848,3.189040422439575,1663.0744530968368,0.0,4816.88037109375,5150.0,29.91950994695071
849,2.487205982208252,1807.2162709925324,0.0,4816.88037109375,5150.0,29.95475432195235
850,3.4242515563964844,1078.2747469609603,0.0,4816.88037109375,5150.0,29.98977714497596
851,2.6111156940460205,2062.7553607961163,0.0,4816.88037109375,5150.0,30.024931897991337
852,3.122627019882202,1123.1288107074797,0.0,4816.88037109375,5150.0,30.060145068913698
853,2.2726597785949707,2441.17729001306,0.0,4816.88037109375,5150.0,30.09518380300142
854,3.2453346252441406,1482.1695001143962,0.0,4816.88037109375,5150.0,30.130274322931655
855,3.090054750442505,1623.5541285946965,0.0,4816.88037109375,5150.0,30.165420267963782
856,1.7351646423339844,2077.361105153337,0.0,4816.88037109375,5150.0,30.200572028988972
857,3.9348578453063965,1278.0208766814321,0.0,4816.88037109375,5150.0,30.235592587967403
858,2.2042429447174072,1292.9348773052916,0.0,4816.88037109375,5150.0,30.270801050006412
859,2.279074192047119,1993.5183182638139,0.0,4816.88037109375,5150.0,30.306060840957798
860,3.5408265590667725,1277.3148828037083,0.0,4816.88037109375,5150.0,30.34119234594982
861,2.9686052799224854,1079.762876790017,0.0,4816.88037109375,5150.0,30.37635453499388
862,1.699604868888855,1879.341452746652,0.0,4816.88037109375,5150.0,30.41154595592525
863,3.234118700027466,1179.981085050851,0.0,4816.88037109375,5150.0,30.446757972007617
864,2.0859203338623047,1308.7180717820302,0.0,4816.88037109375,5150.0,30.481907030916773
865,2.5382778644561768,1181.3443799428642,0.0,4816.88037109375,5150.0,30.517109317937866
866,2.5143816471099854,1731.0168678537011,0.0,4816.88037109375,5150.0,30.55247114796657
867,2.3311855792999268,1233.7685932843015,0.0,4816.88037109375,5150.0,30.58772627392318
868,3.1584150791168213,1185.6868385653943,0.0,4816.88037109375,5150.0,30.62293224793393
869,2.385047674179077,1562.6202963646501,0.0,4816.88037109375,5150.0,30.658135668956675
870,3.8313331604003906,1026.3216951303184,0.0,4816.88037109375,5150.0,30.69340748596005
871,1.9583871364593506,1644.7094472330064,0.0,4816.88037109375,5150.0,30.72863220097497
872,1.7524926662445068,1367.6972461887635,0.0,4816.88037109375,5150.0,30.76397829898633
873,2.35294508934021,1185.6479609804228,0.0,4816.88037109375,5150.0,30.79926959599834
874,3.8948423862457275,1243.963704334572,0.0,4816.88037109375,5150.0,30.83463773794938
875,3.05727219581604,965.9335039295256,0.0,4816.88037109375,5150.0,30.86991149489768
876,3.0141003131866455,1070.6470022015274,0.0,4816.88037109375,5150.0,30.90519991295878
877,2.9236371517181396,1322.5776389809325,0.0,4816.88037109375,5150.0,30.940442150924355
878,1.8002914190292358,1601.1601626053452,0.0,4816.88037109375,5150.0,30.97571127989795
879,3.2850000858306885,1254.9621869567782,0.0,4816.88037109375,5150.0,31.010962306987494
880,3.648686170578003,1164.7470246097073,0.0,4816.88037109375,5150.0,31.046319509972818
881,3.6861867904663086,1026.9684829972684,0.0,4816.88037109375,5150.0,31.08163374196738
882,2.712632894515991,1088.409468024969,0.0,4816.88037109375,5150.0,31.11737529200036
883,1.5976288318634033,1429.7078043930233,0.0,4816.88037109375,5150.0,31.15251506899949
884,1.9109489917755127,1631.2199083543383,0.0,4816.88037109375,5150.0,31.187862637918442
885,3.1390223503112793,1321.8432906642556,0.0,4816.88037109375,5150.0,31.223230464966036
886,1.7980544567108154,1641.464936112985,0.0,4816.88037109375,5150.0,31.25855612999294
887,2.3669862747192383,2207.2493781577796,0.0,4816.88037109375,5150.0,31.29373997496441
888,3.0709989070892334,1069.0920340437442,0.0,4816.88037109375,5150.0,31.32928952295333
889,2.4227561950683594,1317.6408071685582,0.0,4816.88037109375,5150.0,31.364360383013263
890,2.167076826095581,1421.6343454271555,0.0,4816.88037109375,5150.0,31.399324900005013
891,2.4119324684143066,1023.7379820737988,0.0,4816.88037109375,5150.0,31.434556101914495
892,2.308269500732422,1912.3405416719615,0.0,4816.88037109375,5150.0,31.469897769973613
893,1.6378729343414307,1483.518637387082,0.0,4816.88037109375,5150.0,31.505059301969595
894,2.813849925994873,1087.7517884597182,0.0,4816.88037109375,5150.0,31.540252484963275
895,2.298062562942505,1164.5930874086916,0.0,4816.88037109375,5150.0,31.575437790947035
896,3.9714879989624023,1320.2965250983834,0.0,4816.88037109375,5150.0,31.608776821987703
897,3.2760181427001953,1237.7252287864685,0.0,4816.88037109375,5150.0,31.643962237983942
898,2.1469457149505615,1256.9535229867324,0.0,4816.88037109375,5150.0,31.679160428000614
899,2.6898186206817627,2321.2491590194404,0.0,4816.88037109375,5150.0,31.714160631992854
900,2.6702182292938232,2078.7010899735615,0.0,4816.88037109375,5150.0,31.74927177291829
901,3.168015241622925,1206.7789279129356,0.0,4816.88037109375,5150.0,31.78435761597939
902,2.7573294639587402,1203.17243328318,0.0,4816.88037109375,5150.0,31.819530237931758
903,2.257178544998169,1306.663414787501,0.0,4816.88037109375,5150.0,31.8548621799564
904,3.0307469367980957,1457.7335718609393,0.0,4816.88037109375,5150.0,31.89008450496476
905,1.7225863933563232,1320.924058638513,0.0,4816.88037109375,5150.0,31.925281669013202
906,3.3110532760620117,1216.0420203339309,0.0,4816.88037109375,5150.0,31.960432021995075
907,2.390326738357544,1240.2283033262938,0.0,4816.88037109375,5150.0,31.995571514009498
908,2.8918893337249756,1728.5003388561308,0.0,4816.88037109375,5150.0,32.0307664439315
909,2.842078447341919,1116.0630468381569,0.0,4816.88037109375,5150.0,32.066428528982215
910,2.6415657997131348,1090.9574785530567,0.0,4816.88037109375,5150.0,32.101546110003255
911,2.5744123458862305,1472.1327766403556,0.0,4816.88037109375,5150.0,32.13672521000262
912,2.530822277069092,1174.593735653907,0.0,4816.88037109375,5150.0,32.1719746949384
913,1.5166668891906738,1127.1729099452496,0.0,4816.88037109375,5150.0,32.207248952938244
914,2.8732080459594727,972.2269735485315,0.0,4816.88037109375,5150.0,32.24249418696854
915,2.7467360496520996,1434.7928040483966,0.0,4816.88037109375,5150.0,32.277715438976884
916,1.9045794010162354,1325.9583443775773,0.0,4816.88037109375,5150.0,32.31287234893534
917,2.9865407943725586,1798.795337209478,0.0,4816.88037109375,5150.0,32.34815957292449
918,2.3180277347564697,1279.3936237525195,0.0,4816.88037109375,5150.0,32.38339473993983
919,1.8358100652694702,1342.1900250911713,0.0,4816.88037109375,5150.0,32.41857603495009
920,3.3612072467803955,951.088615745306,0.0,4816.88037109375,5150.0,32.45374969090335
921,3.1820294857025146,1324.5659351423383,0.0,4816.88037109375,5150.0,32.48884055099916
922,3.055086612701416,1191.8714009616524,0.0,4816.88037109375,5150.0,32.52399600693025
923,1.7594374418258667,1314.815703831613,0.0,4816.88037109375,5150.0,32.55907697393559
924,1.6055567264556885,1375.5588912405074,0.0,4816.88037109375,5150.0,32.5941883350024
925,2.6608080863952637,1333.4879709007218,0.0,4816.88037109375,5150.0,32.62938923796173
926,2.5177061557769775,1398.5469798455015,0.0,4816.88037109375,5150.0,32.664415736915544
927,0.8929612636566162,1325.1867145071737,0.0,4816.88037109375,5150.0,32.69959035993088
928,2.8008413314819336,1415.8699332494289,0.0,4816.88037109375,5150.0,32.73476115392987
929,2.3636322021484375,1519.8934026621282,0.0,4816.88037109375,5150.0,32.76993564190343
930,1.5797758102416992,1316.9482877952978,0.0,4816.88037109375,5150.0,32.80509868799709
931,2.704723358154297,1111.987745495513,0.0,4816.88037109375,5150.0,32.840449510957114
932,1.8858124017715454,1334.4652433618903,0.0,4816.88037109375,5150.0,32.87567063991446
933,2.52224063873291,1110.1803960632533,0.0,4816.88037109375,5150.0,32.91099787596613
934,2.5432369709014893,1092.00413771905,0.0,4816.88037109375,5150.0,32.94625223299954
935,1.7812740802764893,1319.9300852771848,0.0,4816.88037109375,5150.0,32.982084810966626
936,1.6416304111480713,1262.1578139495105,0.0,4816.88037109375,5150.0,33.01717660296708
937,2.877528429031372,1180.1795192528516,0.0,4816.88037109375,5150.0,33.052451901952736
938,2.9140737056732178,853.3531246632338,0.0,4816.88037109375,5150.0,33.08755340590142
939,3.0227906703948975,1040.1605055890977,0.0,4816.88037109375,5150.0,33.12270114698913
940,2.998457431793213,1075.113847790286,0.0,4816.88037109375,5150.0,33.15780111099593
941,2.760288715362549,2071.193937815726,0.0,4816.88037109375,5150.0,33.192868236918
942,3.026923894882202,1341.3552403077483,0.0,4816.88037109375,5150.0,33.2280695309164
943,2.722836494445801,1303.8497944939882,0.0,4816.88037109375,5150.0,33.26320601499174
944,2.1478323936462402,1142.940139646642,0.0,4816.88037109375,5150.0,33.29843840596732
945,3.453450918197632,2014.268727634102,0.0,4816.88037109375,5150.0,33.333730103913695
946,1.5823866128921509,1237.7725230753422,0.0,4816.88037109375,5150.0,33.36894759593997
947,2.5905349254608154,1624.7692523719743,0.0,4816.88037109375,5150.0,33.40403344295919
948,1.7084569931030273,1198.4256369052455,0.0,4816.88037109375,5150.0,33.4399551859824
949,1.8114070892333984,1439.5968112936243,0.0,4816.88037109375,5150.0,33.47514226997737
950,3.0295445919036865,1377.2112724855542,0.0,4816.88037109375,5150.0,33.51040884596296
951,2.273104667663574,3451.6834335029125,0.0,4816.88037109375,5150.0,33.54553203191608
952,1.923038125038147,1069.0489573692903,0.0,4816.88037109375,5150.0,33.58070895995479
953,2.776118278503418,1883.2730329521,0.0,4816.88037109375,5150.0,33.61581514799036
954,2.838278293609619,1338.2406713385135,0.0,4816.88037109375,5150.0,33.651613808004186
955,3.172184467315674,1173.5441671982408,0.0,4816.88037109375,5150.0,33.68676505400799
956,2.9952480792999268,1210.2832832951099,0.0,4816.88037109375,5150.0,33.72192979592364
957,2.5130465030670166,1438.313629347831,0.0,4816.88037109375,5150.0,33.75696480390616
958,2.2828209400177,1655.4853760264814,0.0,4816.88037109375,5150.0,33.79217595094815
959,3.2406232357025146,1249.5679937042296,0.0,4816.88037109375,5150.0,33.82812071591616
960,2.853121519088745,1809.6618315447122,0.0,4816.88037109375,5150.0,33.86419043899514
961,1.204557180404663,1763.2502743769437,0.0,4816.88037109375,5150.0,33.89944728789851
962,2.2038817405700684,1852.257525285706,0.0,4816.88037109375,5150.0,33.934611225966364
963,2.9111828804016113,1264.8719839975238,0.0,4816.88037109375,5150.0,33.96971258800477
964,3.4470748901367188,1531.5129528213292,0.0,4816.88037109375,5150.0,34.004773836932145
965,0.8700411915779114,1618.3865064522251,0.0,4816.88037109375,5150.0,34.04009852290619
966,3.389854669570923,1315.9965017233044,0.0,4816.88037109375,5150.0,34.075236547971144
967,2.5973010063171387,1645.1836737319827,0.0,4816.88037109375,5150.0,34.11049874697346
968,1.6241662502288818,1723.8768923655152,0.0,4816.88037109375,5150.0,34.14578819600865
969,3.0399577617645264,1189.9864298067987,0.0,4816.88037109375,5150.0,34.180909776943736
970,1.8996286392211914,1129.237533794716,0.0,4816.88037109375,5150.0,34.216023915912956
971,1.7683496475219727,1470.9875695211813,0.0,4816.88037109375,5150.0,34.25119740096852
972,3.443598985671997,986.4756063800305,0.0,4816.88037109375,5150.0,34.286309688934125
973,2.2079553604125977,1159.645248150453,0.0,4816.88037109375,5150.0,34.32155867398251
974,2.7760744094848633,1301.3111140839756,0.0,4816.88037109375,5150.0,34.35674899595324
975,2.485706090927124,1456.9200751669705,0.0,4816.88037109375,5150.0,34.3920140179107
976,1.9947924613952637,1539.9257009746507,0.0,4816.88037109375,5150.0,34.42710823297966
977,2.306992530822754,1068.9742064997554,0.0,4816.88037109375,5150.0,34.46234362991527
978,2.3157148361206055,852.0435370923951,0.0,4816.88037109375,5150.0,34.49744596693199
979,2.0928592681884766,1048.4854656578973,0.0,4816.88037109375,5150.0,34.532699713949114
980,1.459591031074524,1476.3602152820677,0.0,4816.88037109375,5150.0,34.56792704400141
981,2.6849825382232666,1328.9844370279461,0.0,4816.88037109375,5150.0,34.60319962899666
982,2.7274813652038574,1098.5524838156998,0.0,4816.88037109375,5150.0,34.63837819697801
983,2.7741823196411133,1477.3389104101807,0.0,4816.88037109375,5150.0,34.673555043991655
984,2.070986747741699,1583.1039758529514,0.0,4816.88037109375,5150.0,34.7088008049177
985,2.3636438846588135,1752.6660249233246,0.0,4816.88037109375,5150.0,34.744069071952254
986,2.1810858249664307,2110.5815297290683,0.0,4816.88037109375,5150.0,34.77925892092753
987,1.9628486633300781,1098.1983522530645,0.0,4816.88037109375,5150.0,34.81446671800222
988,3.303323268890381,2185.127582989633,0.0,4816.88037109375,5150.0,34.849940771004185
989,2.276193618774414,1890.326000271365,0.0,4816.88037109375,5150.0,34.88515650993213
990,2.2688467502593994,1635.6294948402792,0.0,4816.88037109375,5150.0,34.92037231300492
991,1.5546441078186035,1666.6601970670745,0.0,4816.88037109375,5150.0,34.95561394398101
992,2.9815826416015625,1244.0613762950525,0.0,4816.88037109375,5150.0,34.9906541549135
993,0.9364833235740662,1572.7858791165054,0.0,4816.88037109375,5150.0,35.02586665691342
994,1.503926396369934,1537.4545094603673,0.0,4816.88037109375,5150.0,35.061072837910615
995,0.9465504884719849,1331.906486199703,0.0,4816.88037109375,5150.0,35.0965116659645
996,2.796592950820923,1260.3095494173467,0.0,4816.88037109375,5150.0,35.13164237595629
997,3.40757417678833,1574.6171941179782,0.0,4816.88037109375,5150.0,35.16769549890887
998,3.1430933475494385,1027.392902597785,0.0,4816.88037109375,5150.0,35.20284926891327
999,3.4734814167022705,1460.8445683717728,0.0,4816.88037109375,5150.0,35.23805959499441
1000,2.871760129928589,1375.5554469153285,0.0,4816.88037109375,5150.0,35.273167675943114
1001,2.699040412902832,1569.3812949322164,0.0,4816.88037109375,7064.0,39.05128093797248
1002,2.4406278133392334,1757.8722380008548,0.0,4816.88037109375,7064.0,39.08661918400321
1003,2.3145289421081543,1413.8022335935384,0.0,4816.88037109375,7064.0,39.12188824894838
1004,3.3042075634002686,1167.672503553331,0.0,4816.88037109375,7064.0,39.157095017959364
1005,2.368037462234497,1667.0620863586664,0.0,4816.88037109375,7064.0,39.192357950960286
1006,2.0005433559417725,1530.4115979522467,0.0,4816.88037109375,7064.0,39.227343578008
1007,2.8240954875946045,1391.3004110259935,0.0,4816.88037109375,7064.0,39.263366365921684
1008,2.3675248622894287,1225.8493751725182,0.0,4816.88037109375,7064.0,39.29855179099832
1009,3.1081557273864746,1484.2384444307536,0.0,4816.88037109375,7064.0,39.333909832988866
1010,1.729604959487915,1226.7769232634455,0.0,4816.88037109375,7064.0,39.368992885923944
1011,1.8367077112197876,1381.591432010755,0.0,4816.88037109375,7064.0,39.40415407693945
1012,1.068052887916565,1739.0966397444718,0.0,4816.88037109375,7064.0,39.43948467099108
1013,1.4255048036575317,2405.583786966279,0.0,4816.88037109375,7064.0,39.474743747967295
1014,1.758368730545044,1235.2089511826634,0.0,4816.88037109375,7064.0,39.50997930194717
1015,2.0701379776000977,1588.3065150640905,0.0,4816.88037109375,7064.0,39.54515492194332
1016,2.171391010284424,1532.8818211108446,0.0,4816.88037109375,7064.0,39.580363314948045
1017,2.4852216243743896,1537.6914257956669,0.0,4816.88037109375,7064.0,39.6156247749459
1018,2.9414682388305664,1535.5429106410593,0.0,4816.88037109375,7064.0,39.650881323963404
1019,3.7729156017303467,950.0253198593855,0.0,4816.88037109375,7064.0,39.686099602957256
1020,2.037534236907959,1406.1986148906872,0.0,4816.88037109375,7064.0,39.72128325898666
1021,2.6836965084075928,1286.6066612750292,0.0,4816.88037109375,7064.0,39.75734879192896
1022,1.2763235569000244,1569.6389080770314,0.0,4816.88037109375,7064.0,39.79257516597863
1023,2.386172294616699,1188.7042754553258,0.0,4816.88037109375,7064.0,39.827828272944316
1024,2.717404842376709,1471.2907351385802,0.0,4816.88037109375,7064.0,39.863226542947814
1025,2.449986219406128,1154.481785070151,0.0,4816.88037109375,7064.0,39.898546892916784
1026,3.9448790550231934,1607.5639357045293,0.0,4816.88037109375,7064.0,39.93364577193279
1027,2.542109251022339,1399.4944139774889,0.0,4816.88037109375,7064.0,39.96955688693561
1028,2.385464668273926,2128.4589388929307,0.0,4816.88037109375,7064.0,40.004585816990584
1029,2.1014487743377686,1349.4533374672756,0.0,4816.88037109375,7064.0,40.03987331991084
1030,2.7167513370513916,1057.1093631833792,0.0,4816.88037109375,7064.0,40.07499614695553
1031,2.248462200164795,1354.547940602526,0.0,4816.88037109375,7064.0,40.11021626798902
1032,2.8944203853607178,1089.6614086534828,0.0,4816.88037109375,7064.0,40.145407651900314
1033,1.5800127983093262,1769.2528009628877,0.0,4816.88037109375,7064.0,40.18064059095923
1034,2.027174472808838,1349.759890627116,0.0,4816.88037109375,7064.0,40.215861985925585
1035,2.942782163619995,1259.1660466622561,0.0,4816.88037109375,7064.0,40.25107923091855
1036,2.6966052055358887,1875.8508598171175,0.0,4816.88037109375,7064.0,40.286295110941865
1037,3.5218353271484375,1146.407120089978,0.0,4816.88037109375,7064.0,40.32153711596038
1038,3.010284900665283,1209.9239354804158,0.0,4816.88037109375,7064.0,40.356814103899524
1039,2.8284871578216553,1732.923963142559,0.0,4816.88037109375,7064.0,40.391977182007395
1040,0.9277819991111755,1605.8485560845584,0.0,4816.88037109375,7064.0,40.427184036932886
1041,2.965090036392212,1049.089969785884,0.0,4816.88037109375,7064.0,40.46239615697414
1042,1.5340543985366821,1642.347877997905,0.0,4816.88037109375,7064.0,40.497498639975674
1043,2.2907745838165283,1215.4295407393947,0.0,4816.88037109375,7064.0,40.53274152800441
1044,2.780200958251953,1325.0868171248585,0.0,4816.88037109375,7064.0,40.567982367938384
1045,2.0175342559814453,1576.6704681180418,0.0,4816.88037109375,7064.0,40.60322390194051
1046,2.4168477058410645,1153.5469394950196,0.0,4816.88037109375,7064.0,40.63844244298525
1047,2.042024612426758,1367.717947339639,0.0,4816.88037109375,7064.0,40.67356017290149
1048,2.0981175899505615,1295.3758264956996,0.0,4816.88037109375,7064.0,40.7087604959961
1049,2.6412107944488525,1179.8710615597665,0.0,4816.88037109375,7064.0,40.74400789896026
1050,1.9412932395935059,1181.758237740025,0.0,4816.88037109375,7064.0,40.779303615912795
1051,2.354877233505249,1416.6537346672267,0.0,4816.88037109375,7064.0,40.814550020964816
1052,3.053514242172241,1426.9987080208957,0.0,4816.88037109375,7064.0,40.84986289893277
1053,2.2026333808898926,1446.397063327022,0.0,4816.88037109375,7064.0,40.88514778390527
1054,2.139652729034424,1280.139558320865,0.0,4816.88037109375,7064.0,40.920389198930934
1055,2.4070568084716797,1482.770534567535,0.0,4816.88037109375,7064.0,40.95551007299218
1056,1.8944350481033325,1378.1144158355892,0.0,4816.88037109375,7064.0,41.06558664096519
1057,2.050950288772583,1289.9416700946167,0.0,4816.88037109375,7064.0,41.10135900590103
1058,1.5270315408706665,1611.6462451666594,0.0,4816.88037109375,7064.0,41.136643462930806
1059,1.0920110940933228,1097.5542218964547,0.0,4816.88037109375,7064.0,41.17192332691047
1060,2.044905662536621,1349.846922878176,0.0,4816.88037109375,7064.0,41.207145549939014
1061,1.6085827350616455,1551.2751872986555,0.0,4816.88037109375,7064.0,41.2423811359331
1062,1.8861764669418335,1250.270768438466,0.0,4816.88037109375,7064.0,41.27759726997465
1063,1.3193268775939941,1216.0605657836422,0.0,4816.88037109375,7064.0,41.31299936794676
1064,2.517159938812256,1283.2685296200216,0.0,4816.88037109375,7064.0,41.348493546945974
1065,2.12123441696167,1538.7168017402291,0.0,4816.88037109375,7064.0,41.38394591701217
1066,3.6964430809020996,1380.0224572084844,0.0,4816.88037109375,7064.0,41.419237995985895
1067,1.1569290161132812,879.3328529503196,0.0,4816.88037109375,7064.0,41.45460098795593
1068,2.214186191558838,1263.8905285913497,0.0,4816.88037109375,7064.0,41.48992203397211
1069,3.0074455738067627,1752.8068130910397,0.0,4816.88037109375,7064.0,41.525061234948225
1070,2.2283997535705566,2047.575576910749,0.0,4816.88037109375,7064.0,41.560366878984496
1071,1.7753868103027344,949.5744391232729,0.0,4816.88037109375,7064.0,41.59570744994562
1072,1.799414038658142,1013.7742865337059,0.0,4816.88037109375,7064.0,41.63104441796895
1073,2.2458479404449463,1284.6881081229076,0.0,4816.88037109375,7064.0,41.66640690690838
1074,2.513184070587158,1635.4029227420688,0.0,4816.88037109375,7064.0,41.70169666595757
1075,2.545750617980957,1636.759929858148,0.0,4816.88037109375,7064.0,41.73693828599062
1076,1.2310975790023804,1073.7031779428944,0.0,4816.88037109375,7064.0,41.77231962198857
1077,2.185021162033081,1486.1162837091833,0.0,4816.88037109375,7064.0,41.807705609942786
1078,2.484687566757202,1414.4418954188004,0.0,4816.88037109375,7064.0,41.843052293988876
1079,2.0904507637023926,1774.7267276979983,0.0,4816.88037109375,7064.0,41.87837471999228
1080,2.320800542831421,1423.097287774086,0.0,4816.88037109375,7064.0,41.91378170391545
1081,3.558558225631714,997.2350728549063,0.0,4816.88037109375,7064.0,41.94896048493683
1082,2.7996411323547363,1018.0576731096953,0.0,4816.88037109375,7064.0,41.984269046923146
1083,3.7105658054351807,1373.5831884741783,0.0,4816.88037109375,7064.0,42.01954933593515
1084,2.7822885513305664,1366.1447007097304,0.0,4816.88037109375,7064.0,42.05485018296167
1085,3.2904887199401855,1093.9492445997894,0.0,4816.88037109375,7064.0,42.0901950749103
1086,1.9039801359176636,2071.4404685273767,0.0,4816.88037109375,7064.0,42.12558630795684
1087,2.645029306411743,1295.8813997711986,0.0,4816.88037109375,7064.0,42.160945385927334
1088,2.4386088848114014,1119.4274844331667,0.0,4816.88037109375,7064.0,42.19622375292238
1089,2.1215298175811768,1424.2603862322867,0.0,4816.88037109375,7064.0,42.2315073159989
1090,2.1113064289093018,1418.5946011366323,0.0,4816.88037109375,7064.0,42.26698830490932
1091,2.700622320175171,1102.0859865806997,0.0,4816.88037109375,7064.0,42.302249365951866
1092,3.566737651824951,1138.7209504917264,0.0,4816.88037109375,7064.0,42.337569919996895
1093,1.809652328491211,1589.6684410087764,0.0,4816.88037109375,7064.0,42.37285287992563
1094,2.404221773147583,1131.5386757068336,0.0,4816.88037109375,7064.0,42.40812105196528
1095,3.0953845977783203,1405.1992506776005,0.0,4816.88037109375,7064.0,42.443412561900914
1096,3.3808979988098145,1300.169716205448,0.0,4816.88037109375,7064.0,42.478600758942775
1097,2.0954651832580566,1046.664636939764,0.0,4816.88037109375,7064.0,42.51395590195898
1098,1.8941850662231445,1114.9300840366632,0.0,4816.88037109375,7064.0,42.549002986983396
1099,1.4325133562088013,1299.3045420227572,0.0,4816.88037109375,7064.0,42.58441123494413
1100,1.211817741394043,1096.3464639270678,0.0,4816.88037109375,7064.0,42.619796056998894
1101,2.5185344219207764,1225.1109767779708,0.0,4816.88037109375,7064.0,42.655164314899594
1102,2.711672306060791,1204.2216521073133,0.0,4816.88037109375,7064.0,42.69042364391498
1103,2.9816324710845947,1014.0875888671726,0.0,4816.88037109375,7064.0,42.72570836590603
1104,3.262425661087036,1128.4386395923793,0.0,4816.88037109375,7064.0,42.76098095392808
1105,2.6693525314331055,1123.8972204700112,0.0,4816.88037109375,7064.0,42.796200145967305
1106,2.7568721771240234,1448.2059557326138,0.0,4816.88037109375,7064.0,42.8319005779922
1107,2.2988994121551514,1969.390606481582,0.0,4816.88037109375,7064.0,42.867306160973385
1108,2.9002504348754883,1282.603827830404,0.0,4816.88037109375,7064.0,42.902540598995984
1109,2.6386537551879883,1064.363478526473,0.0,4816.88037109375,7064.0,42.93782355391886
1110,3.391263961791992,1298.6382663175464,0.0,4816.88037109375,7064.0,42.97318164492026
1111,2.5468852519989014,1390.4047583900392,0.0,4816.88037109375,7064.0,43.00839474494569
1112,2.3012208938598633,1081.0533243529499,0.0,4816.88037109375,7064.0,43.04373865190428
1113,2.1815552711486816,1036.1354357209057,0.0,4816.88037109375,7064.0,43.078942794003524
1114,2.332134962081909,1293.2281256653368,0.0,4816.88037109375,7064.0,43.11414395191241
1115,1.4154808521270752,1218.2132015097886,0.0,4816.88037109375,7064.0,43.14941379497759
1116,2.1570749282836914,1132.7503080694005,0.0,4816.88037109375,7064.0,43.18461973394733
1117,2.3788721561431885,1069.0246795425192,0.0,4816.88037109375,7064.0,43.21998016501311
1118,2.2615742683410645,1239.4179878905416,0.0,4816.88037109375,7064.0,43.25524622993544
1119,3.635209321975708,1094.4524329397827,0.0,4816.88037109375,7064.0,43.290528027922846
1120,2.8428127765655518,1483.7610394265503,0.0,4816.88037109375,7064.0,43.3259038249962
1121,2.2559080123901367,1534.4468822646886,0.0,4816.88037109375,7064.0,43.36130061594304
1122,1.983615756034851,1061.0141570735723,0.0,4816.88037109375,7064.0,43.39661198295653
1123,3.112370729446411,931.4071896113455,0.0,4816.88037109375,7064.0,43.43174467899371
1124,2.234785318374634,1586.2747728321701,0.0,4816.88037109375,7064.0,43.4670446239179
1125,2.6010966300964355,1641.9835058487952,0.0,4816.88037109375,7064.0,43.50233961397316
1126,2.248257875442505,1162.20628586784,0.0,4816.88037109375,7064.0,43.53768194594886
1127,3.277836799621582,1282.3598398193717,0.0,4816.88037109375,7064.0,43.57289759395644
1128,1.0967223644256592,1203.1861620098352,0.0,4816.88037109375,7064.0,43.608283089939505
1129,3.1684863567352295,1047.1649891827255,0.0,4816.88037109375,7064.0,43.64353665395174
1130,2.6925084590911865,957.401264835149,0.0,4816.88037109375,7064.0,43.6787881689379
1131,3.031050443649292,1098.3402533046901,0.0,4816.88037109375,7064.0,43.71211928897537
1132,2.7695279121398926,1161.4264298826456,0.0,4816.88037109375,7064.0,43.747357299900614
1133,2.48337721824646,1232.5898690745234,0.0,4816.88037109375,7064.0,43.78259189100936
1134,1.8176192045211792,1342.2981030736119,0.0,4816.88037109375,7064.0,43.81786721490789
1135,2.8126144409179688,1157.5792858805507,0.0,4816.88037109375,7064.0,43.853284565964714
1136,2.8444786071777344,1397.1615442056209,0.0,4816.88037109375,7064.0,43.88861325697508
1137,2.910407781600952,876.2127779982984,0.0,4816.88037109375,7064.0,43.923897759988904
1138,3.653120756149292,1298.713084768504,0.0,4816.88037109375,7064.0,43.95921387698036
1139,1.9114713668823242,1498.720561267808,0.0,4816.88037109375,7064.0,43.99421709100716
1140,3.2334463596343994,1472.6425522528589,0.0,4816.88037109375,7064.0,44.02943459292874
1141,1.6158639192581177,1493.0926652280614,0.0,4816.88037109375,7064.0,44.06461782800034
1142,2.8862698078155518,955.7455828953534,0.0,4816.88037109375,7064.0,44.09989134594798
1143,2.301586151123047,1256.9229212896898,0.0,4816.88037109375,7064.0,44.13516897696536
1144,2.1905581951141357,1372.9055680632591,0.0,4816.88037109375,7064.0,44.1703413259238
1145,1.63823401927948,1209.2981919180602,0.0,4816.88037109375,7064.0,44.205504050944
1146,3.2467129230499268,1384.6802648771554,0.0,4816.88037109375,7064.0,44.24071057199035
1147,2.523400068283081,1315.3852160982788,0.0,4816.88037109375,7064.0,44.275996226933785
1148,2.0637576580047607,878.4412723742425,0.0,4816.88037109375,7064.0,44.31111129000783
1149,2.5476536750793457,1209.3636952023953,0.0,4816.88037109375,7064.0,44.346414390951395
1150,2.1253857612609863,1155.375525958836,0.0,4816.88037109375,7064.0,44.381883371970616
1151,3.0283944606781006,1240.41137830168,0.0,4816.88037109375,7064.0,44.4177806279622
1152,2.2385969161987305,1310.2408836968243,0.0,4816.88037109375,7064.0,44.452940260991454
1153,2.9785962104797363,1356.1649354696274,0.0,4816.88037109375,7064.0,44.48811431298964
1154,2.7690069675445557,2069.367002632469,0.0,4816.88037109375,7064.0,44.52328460093122
1155,2.5827419757843018,1860.0600210130215,0.0,4816.88037109375,7064.0,44.55851493997034
1156,3.1472432613372803,1598.0781891606748,0.0,4816.88037109375,7064.0,44.59368080692366
1157,2.750645160675049,767.7293449062854,0.0,4816.88037109375,7064.0,44.628884475911036
1158,1.7602320909500122,1145.1273992788047,0.0,4816.88037109375,7064.0,44.66426968993619
1159,1.4485012292861938,1152.3047105241567,0.0,4816.88037109375,7064.0,44.699477335903794
1160,1.1271772384643555,1281.705221437849,0.0,4816.88037109375,7064.0,44.73473867296707
1161,4.054146766662598,1204.0058631394058,0.0,4816.88037109375,7064.0,44.7700193709461
1162,1.7126320600509644,1019.684576202184,0.0,4816.88037109375,7064.0,44.80522770690732
1163,3.6383237838745117,1648.7396315932274,0.0,4816.88037109375,7064.0,44.84059386700392
1164,1.2998716831207275,1290.2904298324138,0.0,4816.88037109375,7064.0,44.87601141096093
1165,3.7327558994293213,1561.1918260604143,0.0,4816.88037109375,7064.0,44.91127120400779
1166,2.1512818336486816,1313.0495311766863,0.0,4816.88037109375,7064.0,44.94649562390987
1167,2.0747971534729004,1389.233984800987,0.0,4816.88037109375,7064.0,44.98170606500935
1168,3.5456531047821045,1517.2408945858479,0.0,4816.88037109375,7064.0,45.01691926992498
1169,1.5099561214447021,1247.1957676578313,0.0,4816.88037109375,7064.0,45.05217013391666
1170,2.4233784675598145,1209.456693785265,0.0,4816.88037109375,7064.0,45.08743661898188
1171,1.506583333015442,1499.6175481881946,0.0,4816.88037109375,7064.0,45.122791413916275
1172,2.604607105255127,1111.1554628945887,0.0,4816.88037109375,7064.0,45.15815079794265
1173,1.165817141532898,1131.6812897212803,0.0,4816.88037109375,7064.0,45.19335076992866
1174,2.5879781246185303,1482.31541069597,0.0,4816.88037109375,7064.0,45.228591569000855
1175,2.4150092601776123,1167.3589868564159,0.0,4816.88037109375,7064.0,45.26392711990047
1176,3.0572266578674316,885.4814204201102,0.0,4816.88037109375,7064.0,45.29911879892461
1177,2.986586809158325,863.0768914297223,0.0,4816.88037109375,7064.0,45.334362336900085
1178,2.121912717819214,1583.2124377712607,0.0,4816.88037109375,7064.0,45.36969495995436
1179,1.6846500635147095,1514.8382765743881,0.0,4816.88037109375,7064.0,45.40491307200864
1180,1.4714027643203735,1301.602118707262,0.0,4816.88037109375,7064.0,45.44014869397506
1181,2.37039852142334,1641.273092219606,0.0,4816.88037109375,7064.0,45.47537935199216
1182,1.779085636138916,982.9734628507867,0.0,4816.88037109375,7064.0,45.51124979893211
1183,1.5738908052444458,1354.7243989221752,0.0,4816.88037109375,7064.0,45.54631179198623
1184,2.8011507987976074,1548.51095017232,0.0,4816.88037109375,7064.0,45.58166337595321
1185,2.3915324211120605,1320.3832358419895,0.0,4816.88037109375,7064.0,45.61684233590495
1186,2.4999027252197266,1355.2481990326196,0.0,4816.88037109375,7064.0,45.65206506696995
1187,3.058887481689453,1447.6410840898752,0.0,4816.88037109375,7064.0,45.687177632935345
1188,2.416252851486206,1382.3249901439995,0.0,4816.88037109375,7064.0,45.7224231850123
1189,3.0791022777557373,1555.5133072659373,0.0,4816.88037109375,7064.0,45.758563614916056
1190,3.3552441596984863,946.0131773389876,0.0,4816.88037109375,7064.0,45.79380988399498
1191,1.724259376525879,1441.1945191174746,0.0,4816.88037109375,7064.0,45.82894250692334
1192,1.521535873413086,1229.3602128829807,0.0,4816.88037109375,7064.0,45.86470559996087
1193,2.8145861625671387,1260.3425897359848,0.0,4816.88037109375,7064.0,45.900056483922526
1194,3.0961368083953857,1021.0917869303375,0.0,4816.88037109375,7064.0,45.935982776922174
1195,2.8189539909362793,861.902090260759,0.0,4816.88037109375,7064.0,45.971263640909456
1196,2.789365530014038,855.5225774943829,0.0,4816.88037109375,7064.0,46.00646220392082
1197,2.0300512313842773,1162.2070343904197,0.0,4816.88037109375,7064.0,46.04169963498134
1198,1.9931408166885376,823.3471690379083,0.0,4816.88037109375,7064.0,46.07766138296574
1199,0.7679786086082458,1326.507743052207,0.0,4816.88037109375,7064.0,46.112955277902074
1200,2.174226999282837,1081.0876597687602,0.0,4816.88037109375,7064.0,46.14819523191545
1201,2.4845054149627686,3143.881760198623,0.0,4816.88037109375,7064.0,46.18348274799064
1202,2.694277286529541,1186.046329319477,0.0,4816.88037109375,7064.0,46.218821971910074
1203,2.240605592727661,1275.4440368153155,0.0,4816.88037109375,7064.0,46.25416781799868
1204,2.61350154876709,1227.695583311841,0.0,4816.88037109375,7064.0,46.28936867089942
1205,1.9074573516845703,1163.771923745051,0.0,4816.88037109375,7064.0,46.32462177390698
1206,2.113938331604004,1344.062802836299,0.0,4816.88037109375,7064.0,46.36015418393072
1207,3.3977577686309814,773.8979282416403,0.0,4816.88037109375,7064.0,46.3954560039565
1208,2.1274003982543945,1692.4976130202413,0.0,4816.88037109375,7064.0,46.430716953007504
1209,1.4252448081970215,1581.1537385992706,0.0,4816.88037109375,7064.0,46.46597115590703
1210,3.1686413288116455,1056.6199578344822,0.0,4816.88037109375,7064.0,46.50128414097708
1211,3.030503273010254,1059.4815724212676,0.0,4816.88037109375,7064.0,46.536571743898094
1212,1.9470043182373047,2589.56835296005,0.0,4816.88037109375,7064.0,46.57182459696196
1213,2.756166934967041,1296.128702936694,0.0,4816.88037109375,7064.0,46.60698794492055
1214,3.2843387126922607,1145.667059486732,0.0,4816.88037109375,7064.0,46.6421957379207
1215,1.846229910850525,1770.6021955125034,0.0,4816.88037109375,7064.0,46.67736785893794
1216,2.2156198024749756,1115.853747535497,0.0,4816.88037109375,7064.0,46.712591373943724
1217,1.4696071147918701,847.7950995340943,0.0,4816.88037109375,7064.0,46.74783732090145
1218,1.3692774772644043,1068.9012179905549,0.0,4816.88037109375,7064.0,46.783091835910454
1219,2.874246120452881,810.6916451975703,0.0,4816.88037109375,7064.0,46.81827628600877
1220,0.8078009486198425,1272.7487462991849,0.0,4816.88037109375,7064.0,46.853749625966884
1221,2.0146398544311523,1127.1963529773057,0.0,4816.88037109375,7064.0,46.88913900696207
1222,1.9170316457748413,1005.1899511609226,0.0,4816.88037109375,7064.0,46.924323468934745
1223,2.1338329315185547,1372.9980402961373,0.0,4816.88037109375,7064.0,46.95934809895698
1224,3.003856658935547,1233.7133104987442,0.0,4816.88037109375,7064.0,46.99461728497408
1225,2.8794779777526855,1070.474905025214,0.0,4816.88037109375,7064.0,47.029864181997254
1226,3.1118228435516357,1422.6920414455235,0.0,4816.88037109375,7064.0,47.06520772597287
1227,1.2521551847457886,1051.0316626634449,0.0,4816.88037109375,7064.0,47.10043501795735
1228,1.693955421447754,1198.2953954935074,0.0,4816.88037109375,7064.0,47.13568063592538
1229,1.875532627105713,1436.088726874441,0.0,4816.88037109375,7064.0,47.17168050294276
1230,2.704742431640625,1668.5375316571444,0.0,4816.88037109375,7064.0,47.20694443990942
1231,1.6560646295547485,1123.8337842077017,0.0,4816.88037109375,7064.0,47.242832780000754
1232,2.535069704055786,1100.3241300359368,0.0,4816.88037109375,7064.0,47.27808374399319
1233,1.5003976821899414,781.686215674039,0.0,4816.88037109375,7064.0,47.313418111996725
1234,1.9876189231872559,1047.5728741455823,0.0,4816.88037109375,7064.0,47.34875223191921
1235,2.533134937286377,1516.0268915854394,0.0,4816.88037109375,7064.0,47.38407428294886
1236,1.3484532833099365,1175.685462642461,0.0,4816.88037109375,7064.0,47.41941972693894
1237,2.0334556102752686,1361.9590437449515,0.0,4816.88037109375,7064.0,47.454776206985116
1238,3.1316113471984863,930.5842491239309,0.0,4816.88037109375,7064.0,47.490100186900236
1239,3.3599352836608887,1153.870114106685,0.0,4816.88037109375,7064.0,47.52529587992467
1240,2.0178353786468506,1202.7403137385845,0.0,4816.88037109375,7064.0,47.56060013896786
1241,2.410574436187744,2078.674127139151,0.0,4816.88037109375,7064.0,47.59603273693938
1242,1.9265955686569214,1487.6125149540603,0.0,4816.88037109375,7064.0,47.631230969913304
1243,3.1846821308135986,1376.4318075813353,0.0,4816.88037109375,7064.0,47.66603339195717
1244,1.3716380596160889,929.910011976026,0.0,4816.88037109375,7064.0,47.70176825392991
1245,2.0859782695770264,1024.138516641222,0.0,4816.88037109375,7064.0,47.7370101819979
1246,2.35854434967041,1333.0385759472847,0.0,4816.88037109375,7064.0,47.77228879497852
1247,1.900436520576477,1179.0933657158166,0.0,4816.88037109375,7064.0,47.80758965597488
1248,2.0760128498077393,1232.9459157288074,0.0,4816.88037109375,7064.0,47.843115689000115
1249,1.9995595216751099,1100.7958603259176,0.0,4816.88037109375,7064.0,47.87856388592627
1250,2.2505834102630615,1424.6350217740983,0.0,4816.88037109375,7064.0,47.9142464309698
1251,1.9057737588882446,1048.0212865890935,0.0,4816.88037109375,7064.0,47.949486069963314
1252,3.4204928874969482,710.3336281944066,0.0,4816.88037109375,7064.0,47.98484842898324
1253,1.4472129344940186,1357.9408837398514,0.0,4816.88037109375,7064.0,48.02004248695448
1254,2.0353856086730957,1057.9924228824675,0.0,4816.88037109375,7064.0,48.05542233993765
1255,2.1990745067596436,1057.1740949712694,0.0,4816.88037109375,7064.0,48.09076845389791
1256,2.2448952198028564,1042.9265015348792,0.0,4816.88037109375,7064.0,48.12599131593015
1257,2.546614646911621,1506.840118225664,0.0,4816.88037109375,7064.0,48.16128901101183
1258,1.6648091077804565,1355.4376342892647,0.0,4816.88037109375,7064.0,48.19721933291294
1259,1.2665116786956787,1195.2754630949348,0.0,4816.88037109375,7064.0,48.232456264900975
1260,1.511658787727356,1124.856934837997,0.0,4816.88037109375,7064.0,48.26760772999842
1261,1.9461780786514282,1093.2254936769605,0.0,4816.88037109375,7064.0,48.30281074997038
1262,2.6308109760284424,1035.4188860841095,0.0,4816.88037109375,7064.0,48.33814586792141
1263,2.776731014251709,1211.422829322517,0.0,4816.88037109375,7064.0,48.37353338790126
1264,2.6937828063964844,1528.8111288957298,0.0,4816.88037109375,7064.0,48.40887456689961
1265,1.0083119869232178,1775.5970094837248,0.0,4816.88037109375,7064.0,48.44419716799166
1266,2.694516658782959,1537.5327622890472,0.0,4816.88037109375,7064.0,48.47952373092994
1267,2.320129871368408,1501.192771775648,0.0,4816.88037109375,7064.0,48.514610348967835
1268,2.787367105484009,1506.2687863968313,0.0,4816.88037109375,7064.0,48.54988821398001
1269,2.104339361190796,1027.7134963795543,0.0,4816.88037109375,7064.0,48.585130079998635
1270,1.1326829195022583,1087.3903379887342,0.0,4816.88037109375,7064.0,48.62041806499474
1271,2.510629415512085,1027.3690320849419,0.0,4816.88037109375,7064.0,48.655621651909314
1272,3.2139346599578857,1440.7289032489061,0.0,4816.88037109375,7064.0,48.690834909910336
1273,2.7368240356445312,1734.3421019762754,0.0,4816.88037109375,7064.0,48.72606182494201
1274,1.9556971788406372,1319.357260864228,0.0,4816.88037109375,7064.0,48.76159349596128
1275,2.0427029132843018,1144.6649581640959,0.0,4816.88037109375,7064.0,48.796831503976136
1276,2.8723626136779785,1096.3616683594882,0.0,4816.88037109375,7064.0,48.83197203290183
1277,1.3948192596435547,1441.0048809722066,0.0,4816.88037109375,7064.0,48.867742339964025
1278,1.323547601699829,1396.9676671139896,0.0,4816.88037109375,7064.0,48.902993886964396
1279,2.782865047454834,1160.0587331280112,0.0,4816.88037109375,7064.0,48.938244731980376
1280,2.0113348960876465,979.3103712778538,0.0,4816.88037109375,7064.0,48.973465994000435
1281,2.103583812713623,1507.0222400575876,0.0,4816.88037109375,7064.0,49.00870116392616
1282,0.8174676299095154,983.6338091618381,0.0,4816.88037109375,7064.0,49.0440056779189
1283,2.508829355239868,961.1275654677302,0.0,4816.88037109375,7064.0,49.07932222192176
1284,1.474010705947876,1399.5724144726992,0.0,4816.88037109375,7064.0,49.11448121594731
1285,2.8730177879333496,1390.9537479132414,0.0,4816.88037109375,7064.0,49.149701026966795
1286,2.677248001098633,1256.1172763817012,0.0,4816.88037109375,7064.0,49.18495039700065
1287,1.7698945999145508,1011.4976390823722,0.0,4816.88037109375,7064.0,49.220194948953576
1288,1.953185796737671,1131.7791210711002,0.0,4816.88037109375,7064.0,49.25568839896005
1289,2.409470558166504,1156.118494682014,0.0,4816.88037109375,7064.0,49.29091113596223
1290,3.0816595554351807,1028.0205880105495,0.0,4816.88037109375,7064.0,49.32610200694762
1291,1.8103139400482178,1487.6514944341034,0.0,4816.88037109375,7064.0,49.36154391395394
1292,2.6823079586029053,1362.075777651742,0.0,4816.88037109375,7064.0,49.396844386006705
1293,3.242231845855713,1231.9611135348678,0.0,4816.88037109375,7064.0,49.432476231013425
1294,1.3673745393753052,1246.6650322442874,0.0,4816.88037109375,7064.0,49.468378213001415
1295,3.4189746379852295,1234.5485910847783,0.0,4816.88037109375,7064.0,49.503516486962326
1296,1.8889011144638062,1237.938207872212,0.0,4816.88037109375,7064.0,49.538523282972164
1297,2.0915558338165283,1610.2841637209058,0.0,4816.88037109375,7064.0,49.573170408955775
1298,1.8645275831222534,967.0422089267522,0.0,4816.99462890625,7064.0,49.608820928959176
1299,2.0733323097229004,1091.8641555588692,0.0,4816.99462890625,7064.0,49.64400949096307
1300,2.026127815246582,1274.7989831343293,0.0,4816.99462890625,7064.0,49.67922619800083
1301,3.475141763687134,1271.0026467181742,0.0,4816.99462890625,7064.0,49.714481528964825
1302,1.9647620916366577,1193.088930580765,0.0,4816.99462890625,7064.0,49.749658880988136
1303,2.326284408569336,1349.231760820374,0.0,4816.99462890625,7064.0,49.811893448932096
1304,1.5714505910873413,1014.3608997408301,0.0,4816.99462890625,7064.0,49.84846018301323
1305,2.4970600605010986,888.4022619668394,0.0,4816.99462890625,7064.0,49.88395591895096
1306,1.6660667657852173,1519.2270645797253,0.0,4816.99462890625,7064.0,49.919201652985066
1307,2.3552138805389404,1331.1613581366837,0.0,4816.99462890625,7064.0,49.95441777200904
1308,2.5587809085845947,1036.503454849124,0.0,4816.99462890625,7064.0,49.989646781934425
1309,1.4965147972106934,938.9698491841555,0.0,4816.99462890625,7064.0,50.02500014391262
1310,1.5099564790725708,997.5046603763476,0.0,4816.99462890625,7064.0,50.06001027300954
1311,1.3635610342025757,1163.9779874905944,0.0,4816.99462890625,7064.0,50.09387856500689
1312,1.6948355436325073,1081.9446074208245,0.0,4816.99462890625,7064.0,50.12774799892213
1313,3.7881133556365967,1485.6836771853268,0.0,4816.99462890625,7064.0,50.161511298967525
1314,1.9118998050689697,939.4707689862698,0.0,4816.99462890625,7064.0,50.195350718917325
1315,2.079204559326172,1093.887003224343,0.0,4816.99462890625,7064.0,50.229169114958495
1316,3.12752366065979,1046.911729708314,0.0,4816.99462890625,7064.0,50.262918350985274
1317,2.2537200450897217,1463.2305615358055,0.0,4816.99462890625,7064.0,50.2967907859711
1318,2.9594037532806396,1045.7048962265253,0.0,4816.99462890625,7064.0,50.330637332983315
1319,2.034935712814331,1326.6736097559333,0.0,4816.99462890625,7064.0,50.364557203953154
1320,2.064300298690796,980.915743816644,0.0,4816.99462890625,7064.0,50.39855104801245
1321,2.393479585647583,1110.663145918399,0.0,4816.99462890625,7064.0,50.43234047398437
1322,2.0662968158721924,1367.123228766024,0.0,4816.99462890625,7064.0,50.46610851294827
1323,3.160677194595337,943.7521412670612,0.0,4816.99462890625,7064.0,50.49998546799179
1324,1.5981961488723755,929.5249449890107,0.0,4816.99462890625,7064.0,50.53378204500768
1325,2.765085458755493,1762.8431057073176,0.0,4816.99462890625,7064.0,50.56759894895367
1326,3.2418630123138428,1122.077199485153,0.0,4816.99462890625,7064.0,50.60135775001254
1327,2.0610387325286865,1115.9178174352273,0.0,4816.99462890625,7064.0,50.63523674395401
1328,2.841358184814453,1258.8031585142016,0.0,4816.99462890625,7064.0,50.66906405100599
1329,3.4255945682525635,839.3558124452829,0.0,4816.99462890625,7064.0,50.7029214669019
1330,2.568836212158203,1151.7497617006302,0.0,4816.99462890625,7064.0,50.73677687498275
1331,1.174507975578308,1204.3230510968715,0.0,4816.99462890625,7064.0,50.77065662690438
1332,2.6454238891601562,897.6168116889894,0.0,4816.99462890625,7064.0,50.804365443997085
1333,1.8679542541503906,1483.784926591441,0.0,4816.99462890625,7064.0,50.83817972091492
1334,1.9893593788146973,787.9391152244061,0.0,4816.99462890625,7064.0,50.872173863928765
1335,1.612768292427063,1397.1569735947996,0.0,4816.99462890625,7064.0,50.90610568597913
1336,2.4792325496673584,1184.7780733071268,0.0,4816.99462890625,7064.0,50.93987570796162
1337,2.943089008331299,1424.7802616283298,0.0,4816.99462890625,7064.0,50.97368567890953
1338,2.5069754123687744,1326.7716180235147,0.0,4816.99462890625,7064.0,51.00751369690988
1339,2.403669595718384,929.3274639938027,0.0,4816.99462890625,7064.0,51.04134460899513
1340,2.519892930984497,1368.208011008799,0.0,4816.99462890625,7064.0,51.075132976984605
1341,1.4870988130569458,1551.630705749616,0.0,4816.99462890625,7064.0,51.10902236797847
1342,3.1886322498321533,795.4011743403971,0.0,4816.99462890625,7064.0,51.14289529097732
1343,1.72808039188385,1385.9918978661299,0.0,4816.99462890625,7064.0,51.17663778096903
1344,3.003753900527954,1046.172661319375,0.0,4816.99462890625,7064.0,51.210485170944594
1345,3.117408037185669,1057.8437793180346,0.0,4816.99462890625,7064.0,51.24425874394365
1346,0.9367507100105286,1009.775573934894,0.0,4816.99462890625,7064.0,51.27808840095531
1347,2.7770488262176514,1593.616908274591,0.0,4816.99462890625,7064.0,51.31191149994265
1348,3.707085371017456,1671.07340169698,0.0,4816.99462890625,7064.0,51.34584825998172
1349,2.5758533477783203,1126.2880347296596,0.0,4816.99462890625,7064.0,51.37984922493342
1350,3.293294668197632,953.7886089757085,0.0,4816.99462890625,7064.0,51.41377017297782
1351,2.90926194190979,1352.1896054930985,0.0,4816.99462890625,7064.0,51.44770673394669
1352,2.644866704940796,1099.3607286550105,0.0,4816.99462890625,7064.0,51.48157233791426
1353,1.4911872148513794,1295.5106884483248,0.0,4816.99462890625,7064.0,51.51543467794545
1354,1.9076303243637085,1428.7291853800416,0.0,4816.99462890625,7064.0,51.54926905990578
1355,1.211683750152588,1238.0958516187966,0.0,4816.99462890625,7064.0,51.58316186699085
1356,2.4981541633605957,1571.3870114535093,0.0,4816.99462890625,7064.0,51.61704529693816
1357,2.7166175842285156,1450.8720988892019,0.0,4816.99462890625,7064.0,51.650901038898155
1358,3.0565760135650635,1133.0719410032034,0.0,4816.99462890625,7064.0,51.68500049994327
1359,1.2766315937042236,745.7360306214541,0.0,4816.99462890625,7064.0,51.7188643629197
1360,3.0771639347076416,1384.4780024979264,0.0,4816.99462890625,7064.0,51.752710717963055
1361,2.5991129875183105,1260.690577192232,0.0,4816.99462890625,7064.0,51.78662339190487
1362,1.1493518352508545,1053.5917071793228,0.0,4816.99462890625,7064.0,51.82053234090563
1363,3.083801746368408,1445.4986110664904,0.0,4816.99462890625,7064.0,51.85438119992614
1364,2.097778081893921,1164.9348628111184,0.0,4816.99462890625,7064.0,51.88831508089788
1365,2.2813589572906494,1051.792340207845,0.0,4816.99462890625,7064.0,51.92221717198845
1366,1.546032428741455,1250.7026819884777,0.0,4816.99462890625,7064.0,51.95607710897457
1367,1.9015840291976929,1549.4761662967503,0.0,4816.99462890625,7064.0,51.99019303696696
1368,0.8073899745941162,1160.9096549972892,0.0,4816.99462890625,7064.0,52.02403847000096
1369,1.3161557912826538,1242.328488042578,0.0,4816.99462890625,7064.0,52.05791438301094
1370,1.1305898427963257,907.0798961110413,0.0,4816.99462890625,7064.0,52.091847706004046
1371,3.704916000366211,947.9107578955591,0.0,4816.99462890625,7064.0,52.12563492299523
1372,1.8481000661849976,1208.899743642658,0.0,4816.99462890625,7064.0,52.15952424798161
1373,2.002586603164673,1162.4310694895685,0.0,4816.99462890625,7064.0,52.193396350950934
1374,3.0448646545410156,1324.1287186034024,0.0,4816.99462890625,7064.0,52.22713449096773
1375,1.97908353805542,1456.1588474549353,0.0,4816.99462890625,7064.0,52.26100110099651
1376,2.1455864906311035,1263.4899371378124,0.0,4816.99462890625,7064.0,52.29489146301057
1377,2.7313637733459473,1150.8938848376274,0.0,4816.99462890625,7064.0,52.32868234894704
1378,2.5142154693603516,889.2659728936851,0.0,4816.99462890625,7064.0,52.362622309010476
1379,2.8641881942749023,935.6435210183263,0.0,4816.99462890625,7064.0,52.396619570907205
1380,2.352661609649658,1256.9763360656798,0.0,4816.99462890625,7064.0,52.43047744897194
1381,1.3335317373275757,1296.8165279775858,0.0,4816.99462890625,7064.0,52.46433871600311
1382,2.7290995121002197,1357.8272720091045,0.0,4816.99462890625,7064.0,52.49824573099613
1383,2.6660921573638916,1491.2103186137974,0.0,4816.99462890625,7064.0,52.532017739955336
1384,2.4975528717041016,1433.0315008535981,0.0,4816.99462890625,7064.0,52.56586242793128
1385,2.6170709133148193,1493.8686554543674,0.0,4816.99462890625,7064.0,52.599662608932704
1386,2.5503528118133545,818.7030987367034,0.0,4816.99462890625,7064.0,52.633577535976656
1387,1.9308723211288452,1166.8242280278355,0.0,4816.99462890625,7064.0,52.66747301793657
1388,2.1720151901245117,954.1174323111773,0.0,4816.99462890625,7064.0,52.701336800004356
1389,2.6624622344970703,1455.0861776173115,0.0,4816.99462890625,7064.0,52.7352435789071
1390,3.0048017501831055,1385.9474010169506,0.0,4816.99462890625,7064.0,52.769043814972974
1391,3.088503360748291,711.9450917728245,0.0,4816.99462890625,7064.0,52.802857150905766
1392,2.0974268913269043,1211.7440173253417,0.0,4816.99462890625,7064.0,52.83673203398939
1393,2.6330909729003906,877.4053264893591,0.0,4816.99462890625,7064.0,52.87068481196184
1394,1.8876540660858154,1420.444906502962,0.0,4816.99462890625,7064.0,52.90456649300177
1395,3.466512680053711,1353.4202772341669,0.0,4816.99462890625,7064.0,52.93851421994623
1396,2.645474433898926,1346.176106262952,0.0,4816.99462890625,7064.0,52.97242282098159
1397,1.9951549768447876,1399.906465344131,0.0,4816.99462890625,7064.0,53.00618868798483
1398,2.229696035385132,1464.4449488446116,0.0,4816.99462890625,7064.0,53.04000210890081
1399,2.5726773738861084,1189.6669112704694,0.0,4816.99462890625,7064.0,53.073922412935644
1400,1.8182330131530762,1261.537714002654,0.0,4816.99462890625,7064.0,53.1077855869662
1401,1.8046940565109253,966.9933376628906,0.0,4816.99462890625,7064.0,53.14172420697287
1402,2.4772090911865234,1095.9233888797462,0.0,4816.99462890625,7064.0,53.17562402691692
1403,1.9370537996292114,1275.7176481392235,0.0,4816.99462890625,7064.0,53.209473281982355
1404,3.1168363094329834,1670.5493002831936,0.0,4816.99462890625,7064.0,53.24335634789895
1405,1.235115647315979,1227.1736546680331,0.0,4816.99462890625,7064.0,53.27730980096385
1406,1.82192063331604,1226.5879058241844,0.0,4816.99462890625,7064.0,53.311412578914315
1407,1.560992956161499,999.215136276558,0.0,4816.99462890625,7064.0,53.34539746493101
1408,2.3025381565093994,1288.1408962868154,0.0,4816.99462890625,7064.0,53.37964762200136
1409,2.375338315963745,1347.6239636540413,0.0,4816.99462890625,7064.0,53.41359948099125
1410,0.8241351246833801,1181.9890785068274,0.0,4816.99462890625,7064.0,53.447555777966045
1411,2.7996480464935303,1357.334771744907,0.0,4816.99462890625,7064.0,53.4813879809808
1412,3.038264274597168,2030.8085223138332,0.0,4816.99462890625,7064.0,53.516743553918786
1413,2.030085563659668,1212.4800542071462,0.0,4816.99462890625,7064.0,53.55063643900212
1414,2.409301519393921,1349.5076774582267,0.0,4816.99462890625,7064.0,53.58447159396019
1415,1.6259467601776123,1462.8540109321475,0.0,4816.99462890625,7064.0,53.61825840000529
1416,2.9925875663757324,1152.1825033687055,0.0,4816.99462890625,7064.0,53.65213024197146
1417,1.9568963050842285,965.2850670367479,0.0,4816.99462890625,7064.0,53.68597069196403
1418,2.2960822582244873,1182.3566155806184,0.0,4816.99462890625,7064.0,53.719895232934505
1419,1.805118441581726,1194.69933116436,0.0,4816.99462890625,7064.0,53.753660665941425
1420,1.6842098236083984,1098.8637090176344,0.0,4816.99462890625,7064.0,53.78743553091772
1421,2.9883675575256348,1052.3035376109183,0.0,4816.99462890625,7064.0,53.821154605946504
1422,2.1042332649230957,1002.2057520225644,0.0,4816.99462890625,7064.0,53.85516603093129
1423,2.2042758464813232,1285.1046822443604,0.0,4816.99462890625,7064.0,53.889152593910694
1424,2.044687032699585,1252.7677389346063,0.0,4816.99462890625,7064.0,53.92307568900287
1425,1.7773710489273071,1224.7436059042811,0.0,4816.99462890625,7064.0,53.9569734679535
1426,1.5467015504837036,1121.9953515976667,0.0,4816.99462890625,7064.0,53.990818384918384
1427,3.2071704864501953,1038.0374654084444,0.0,4816.99462890625,7064.0,54.02465115697123
1428,2.044656753540039,1321.1993721313775,0.0,4816.99462890625,7064.0,54.05853392498102
1429,1.3035691976547241,1499.5281788036227,0.0,4816.99462890625,7064.0,54.09235105791595
1430,2.1623740196228027,1315.4085483402014,0.0,4816.99462890625,7064.0,54.126078205998056
1431,2.6826159954071045,1275.781798839569,0.0,4816.99462890625,7064.0,54.16001310991123
1432,2.746055841445923,1367.721217699349,0.0,4816.99462890625,7064.0,54.19392023992259
1433,2.4541170597076416,965.626766718924,0.0,4816.99462890625,7064.0,54.22781122394372
1434,2.0383384227752686,1039.1305149905384,0.0,4816.99462890625,7064.0,54.26175950397737
1435,2.1087875366210938,1421.619009718299,0.0,4816.99462890625,7064.0,54.29562678094953
1436,2.508551836013794,1385.046004153788,0.0,4816.99462890625,7064.0,54.32941704697441
1437,2.2113873958587646,1462.2849079370499,0.0,4816.99462890625,7064.0,54.36336139694322
1438,1.769400954246521,1911.5519531406462,0.0,4816.99462890625,7064.0,54.397342306911014
1439,1.838600993156433,1402.3042514286935,0.0,4816.99462890625,7064.0,54.431158302002586
1440,3.1027166843414307,1663.9644656032324,0.0,4816.99462890625,7064.0,54.464946114923805
1441,1.4747004508972168,1184.5354525074363,0.0,4816.99462890625,7064.0,54.49895243300125
1442,1.5402326583862305,1265.475727878511,0.0,4816.99462890625,7064.0,54.53275604592636
1443,1.8718304634094238,1448.5450795963407,0.0,4816.99462890625,7064.0,54.566517769009806
1444,2.0085628032684326,1074.2247009165585,0.0,4816.99462890625,7064.0,54.60032486496493
1445,2.7861013412475586,1518.761830560863,0.0,4816.99462890625,7064.0,54.63417126692366
1446,1.4568984508514404,1104.3739719614387,0.0,4816.99462890625,7064.0,54.66801531298552
1447,1.3452556133270264,1006.3539018444717,0.0,4816.99462890625,7064.0,54.701928433962166
1448,2.695864677429199,1253.7072158530354,0.0,4816.99462890625,7064.0,54.73564127192367
1449,2.8151893615722656,1459.6328961104155,0.0,4816.99462890625,7064.0,54.76958120299969
1450,1.8301029205322266,1101.9088183790445,0.0,4816.99462890625,7064.0,54.80341319798026
1451,2.8600146770477295,773.7656016610563,0.0,4816.99462890625,7064.0,54.8373032649979
1452,2.437833786010742,1229.651231791824,0.0,4816.99462890625,7064.0,54.871180385001935
1453,2.3912103176116943,1519.8164737001061,0.0,4816.99462890625,7064.0,54.905091659980826
1454,2.183745861053467,1175.1511784605682,0.0,4816.99462890625,7064.0,54.93897153495345
1455,2.319166660308838,1639.6183652430773,0.0,4816.99462890625,7064.0,54.97284492000472
1456,2.583451271057129,841.7679048459977,0.0,4816.99462890625,7064.0,55.00665861694142
1457,2.6046650409698486,1100.0911962538958,0.0,4816.99462890625,7064.0,55.040529119898565
1458,2.095573663711548,1352.8763964436948,0.0,4816.99462890625,7064.0,55.07438047195319
1459,1.5875608921051025,1021.7008255720139,0.0,4816.99462890625,7064.0,55.10822065791581
1460,2.173921823501587,1535.817268975079,0.0,4816.99462890625,7064.0,55.14215051091742
1461,2.404414653778076,1527.9887379854918,0.0,4816.99462890625,7064.0,55.17606257798616
1462,1.997747540473938,1313.3976644277573,0.0,4816.99462890625,7064.0,55.20994023990352
1463,2.3490164279937744,1557.617210302502,0.0,4816.99462890625,7064.0,55.24391779699363
1464,3.520472764968872,1163.6113063916564,0.0,4816.99462890625,7064.0,55.277769763953984
1465,1.87417733669281,1086.4984084554017,0.0,4816.99462890625,7064.0,55.311661857995205
1466,1.8248264789581299,1513.423884153366,0.0,4816.99462890625,7064.0,55.3454496889608
1467,2.4360969066619873,1338.576800353825,0.0,4816.99462890625,7064.0,55.37938783492427
1468,2.7462158203125,1108.0709787681699,0.0,4816.99462890625,7064.0,55.413227226934396
1469,2.6374082565307617,1224.993191510439,0.0,4816.99462890625,7064.0,55.447033867938444
1470,1.4350308179855347,1479.6300929933786,0.0,4816.99462890625,7064.0,55.4807941080071
1471,2.275456190109253,942.7931442260742,0.0,4816.99462890625,7064.0,55.51460798794869
1472,2.6496355533599854,1580.0125526338816,0.0,4816.99462890625,7064.0,55.54846746393014
1473,3.539734125137329,941.8277737274766,0.0,4816.99462890625,7064.0,55.582379769999534
1474,2.779697895050049,1076.7141535058618,0.0,4816.99462890625,7064.0,55.61613913800102
1475,2.888256549835205,1186.5189618840814,0.0,4816.99462890625,7064.0,55.649934618966654
1476,2.218379497528076,1421.5631960183382,0.0,4816.99462890625,7064.0,55.68374883499928
1477,3.003969669342041,1456.2365560233593,0.0,4816.99462890625,7064.0,55.717472833930515
1478,2.5714924335479736,1109.6856137365103,0.0,4816.99462890625,7064.0,55.751188201946206
1479,2.466280460357666,1242.7093521766365,0.0,4816.99462890625,7064.0,55.78505552292336
1480,1.843974232673645,909.773452617228,0.0,4816.99462890625,7064.0,55.818913372932
1481,2.7441611289978027,1306.525647893548,0.0,4816.99462890625,7064.0,55.852721062954515
1482,2.11938738822937,1529.241920426488,0.0,4816.99462890625,7064.0,55.88668457895983
1483,2.165855646133423,1424.0173017382622,0.0,4816.99462890625,7064.0,55.920643996912986
1484,3.48008131980896,1131.8046139255166,0.0,4816.99462890625,7064.0,55.95448369195219
1485,2.5041451454162598,1105.4241296947002,0.0,4816.99462890625,7064.0,55.988348396960646
1486,2.8211703300476074,1360.0828239172697,0.0,4816.99462890625,7064.0,56.02220077696256
1487,1.4089876413345337,1086.5790631845593,0.0,4816.99462890625,7064.0,56.0560718519846
1488,2.042053461074829,1312.0593232885003,0.0,4816.99462890625,7064.0,56.08989980793558
1489,2.052394390106201,1166.8598078079522,0.0,4816.99462890625,7064.0,56.12375139200594
1490,3.0060133934020996,1936.434904485941,0.0,4816.99462890625,7064.0,56.15790129394736
1491,2.980053186416626,1188.1439606547356,0.0,4816.99462890625,7064.0,56.1917861829279
1492,1.9268348217010498,1181.182298950851,0.0,4816.99462890625,7064.0,56.22587573598139
1493,2.9729321002960205,1199.1499614864588,0.0,4816.99462890625,7064.0,56.259577746968716
1494,1.8526540994644165,1157.1855739578605,0.0,4816.99462890625,7064.0,56.29339925700333
1495,2.211637258529663,1447.649389270693,0.0,4816.99462890625,7064.0,56.32713902799878
1496,2.1428141593933105,1321.978353381157,0.0,4816.99462890625,7064.0,56.361103530973196
1497,3.091195583343506,1174.1514076516032,0.0,4816.99462890625,7064.0,56.39497726794798
1498,2.2306981086730957,1390.090161126107,0.0,4816.99462890625,7064.0,56.42873961792793
1499,1.8443409204483032,1467.7799697592854,0.0,4816.99462890625,7064.0,56.46262890996877
1500,2.8778510093688965,1014.2063498273492,0.0,4816.99462890625,7064.0,56.49657035898417
1501,2.4048893451690674,1211.8501508682966,0.0,4816.99462890625,7064.0,56.530523468973115
1502,2.059994697570801,1199.6970642581582,0.0,4816.99462890625,7064.0,56.56451608496718
1503,2.9085776805877686,1181.9344741925597,0.0,4816.99462890625,7064.0,56.59852703392971
1504,2.4334120750427246,1728.9772649519145,0.0,4816.99462890625,7064.0,56.632406765013
1505,1.58029043674469,1286.1732294373214,0.0,4816.99462890625,7064.0,56.66631999495439
1506,2.607933521270752,1153.6972100660205,0.0,4816.99462890625,7064.0,56.700129653909244
1507,1.6114474534988403,904.3874739818275,0.0,4816.99462890625,7064.0,56.73400564293843
1508,1.131164312362671,1143.4757755603641,0.0,4816.99462890625,7064.0,56.767875669989735
1509,2.2660653591156006,767.8135839700699,0.0,4816.99462890625,7064.0,56.801798611995764
1510,2.2255606651306152,1223.0015738978982,0.0,4816.99462890625,7064.0,56.835684621939436
1511,2.4560298919677734,1169.3314383551478,0.0,4816.99462890625,7064.0,56.86978551093489
1512,1.755577802658081,1024.001642420888,0.0,4816.99462890625,7064.0,56.90372505993582
1513,2.1901917457580566,1017.1417992040515,0.0,4816.99462890625,7064.0,56.9375617809128
1514,2.462109088897705,677.3896092027426,0.0,4816.99462890625,7064.0,56.97145812190138
1515,2.824855089187622,1202.2614179328084,0.0,4816.99462890625,7064.0,57.005682836985216
1516,2.8402228355407715,1557.3025194257498,0.0,4816.99462890625,7064.0,57.03978412190918
1517,1.901031494140625,1009.9810787215829,0.0,4816.99462890625,7064.0,57.0736329149222
1518,2.571716785430908,1290.0321541056037,0.0,4816.99462890625,7064.0,57.10749288892839
1519,1.6452234983444214,1304.050153337419,0.0,4816.99462890625,7064.0,57.141279317904264
1520,1.902626872062683,1505.17642493546,0.0,4816.99462890625,7064.0,57.175147695001215
1521,2.6688764095306396,1724.1645124405622,0.0,4816.99462890625,7064.0,57.20881184190512
1522,2.967867851257324,1352.7226814478636,0.0,4816.99462890625,7064.0,57.242615183931775
1523,2.002673864364624,1372.7660815827549,0.0,4816.99462890625,7064.0,57.2764956029132
1524,1.7648649215698242,1318.3292529545724,0.0,4816.99462890625,7064.0,57.31029903597664
1525,1.712231993675232,1126.8009100686759,0.0,4816.99462890625,7064.0,57.34418848098721
1526,1.3499946594238281,1215.7259622849524,0.0,4816.99462890625,7064.0,57.37805308692623
1527,2.22670316696167,986.3483901023865,0.0,4816.99462890625,7064.0,57.411953576956876
1528,2.702932357788086,1304.6581114977598,0.0,4816.99462890625,7064.0,57.44569878990296
1529,1.2576874494552612,777.2737032473087,0.0,4816.99462890625,7064.0,57.47957208997104
1530,1.367339849472046,1080.4012865014374,0.0,4816.99462890625,7064.0,57.513475041952915
1531,2.0533626079559326,1216.1572277024388,0.0,4816.99462890625,7064.0,57.54735938296653
1532,2.3965647220611572,1233.7140154615045,0.0,4816.99462890625,7064.0,57.581212327000685
1533,1.9737591743469238,1109.2611956000328,0.0,4816.99462890625,7064.0,57.61507234198507
1534,0.8583596348762512,1241.687572646886,0.0,4816.99462890625,7064.0,57.64893636794295
1535,2.7924482822418213,1311.655377343297,0.0,4816.99462890625,7064.0,57.68288630701136
1536,1.9758630990982056,1216.6684772148728,0.0,4816.99462890625,7064.0,57.71672480390407
1537,2.301682233810425,1313.9040663838387,0.0,4816.99462890625,7064.0,57.75056777091231
1538,2.0344202518463135,1146.0134014375508,0.0,4816.99462890625,7064.0,57.78474577795714
1539,2.654974937438965,1231.4123187623918,0.0,4816.99462890625,7064.0,57.81859089399222
1540,1.6057775020599365,1007.6044077388942,0.0,4816.99462890625,7064.0,57.85250813793391
1541,1.5771586894989014,1486.2566203474998,0.0,4816.99462890625,7064.0,57.88650713197421
1542,2.2088327407836914,1325.4016345143318,0.0,4816.99462890625,7064.0,57.9204603160033
1543,2.704655170440674,1112.209103435278,0.0,4816.99462890625,7064.0,57.954229832976125
1544,2.592115640640259,1191.9563882946968,0.0,4816.99462890625,7064.0,57.98804989689961
1545,2.537229299545288,1381.5947501510382,0.0,4816.99462890625,7064.0,58.02174746792298
1546,0.9111286997795105,1441.817599002272,0.0,4816.99462890625,7064.0,58.05568265495822
1547,2.2412919998168945,2303.3250456750393,0.0,4816.99462890625,7064.0,58.08961681590881
1548,1.3617433309555054,1148.8782672211528,0.0,4816.99462890625,7064.0,58.12350477289874
1549,2.533134698867798,1417.680877521634,0.0,4816.99462890625,7064.0,58.15741005598102
1550,2.483424663543701,1196.758325971663,0.0,4816.99462890625,7064.0,58.19127839093562
1551,3.40374493598938,1673.014789417386,0.0,4816.99462890625,7064.0,58.22503935091663
1552,1.6627668142318726,1362.9547834172845,0.0,4816.99462890625,7064.0,58.25892899290193
1553,2.606299638748169,2357.9744772575796,0.0,4816.99462890625,7064.0,58.29272913292516
1554,2.009916067123413,2103.3665014877915,0.0,4816.99462890625,7064.0,58.32651168690063
1555,1.8553028106689453,1295.3164826445282,0.0,4816.99462890625,7064.0,58.36051037698053
1556,2.0174293518066406,1211.3111417107284,0.0,4816.99462890625,7064.0,58.3944971349556
1557,2.2725894451141357,1136.671915203333,0.0,4816.99462890625,7064.0,58.42829859291669
1558,3.3487160205841064,1290.2378682866693,0.0,4816.99462890625,7064.0,58.462136299931444
1559,3.5887718200683594,1475.6088390946388,0.0,4816.99462890625,7064.0,58.496022739913315
1560,1.1967908143997192,1205.9719641692936,0.0,4816.99462890625,7064.0,58.52986794291064
1561,2.6415274143218994,1463.7850261181593,0.0,4816.99462890625,7064.0,58.56364684400614
1562,3.0152764320373535,779.0900845825672,0.0,4816.99462890625,7064.0,58.59750726399943
1563,2.027749538421631,1343.2602096684277,0.0,4816.99462890625,7064.0,58.631347842980176
1564,1.1798548698425293,1224.2040938660502,0.0,4816.99462890625,7064.0,58.665241790004075
1565,1.849974513053894,1299.6015673801303,0.0,4816.99462890625,7064.0,58.69896738091484
1566,1.9625567197799683,1286.1615872085094,0.0,4816.99462890625,7064.0,58.73279363592155
1567,2.276362180709839,1247.6120173931122,0.0,4816.99462890625,7064.0,58.76663633889984
1568,2.0067596435546875,1199.5994121134281,0.0,4816.99462890625,7064.0,58.80050459096674
1569,1.8211500644683838,1058.9026038721204,0.0,4816.99462890625,7064.0,58.8343029479729
1570,1.9140162467956543,1011.4293969608843,0.0,4816.99462890625,7064.0,58.868614053935744
1571,1.5590378046035767,1117.955265507102,0.0,4816.99462890625,7064.0,58.90255940298084
1572,1.8439576625823975,941.988742377609,0.0,4816.99462890625,7064.0,58.93647862796206
1573,1.2785297632217407,753.1994523350149,0.0,4816.99462890625,7064.0,58.97038099891506
1574,1.7761790752410889,926.4034822396934,0.0,4816.99462890625,7064.0,59.004374895012006
1575,2.238332748413086,1466.445010960102,0.0,4816.99462890625,7064.0,59.03823735390324
1576,0.9087254405021667,1272.4898959752172,0.0,4816.99462890625,7064.0,59.07212677993812
1577,2.5779333114624023,1216.139844391495,0.0,4816.99462890625,7064.0,59.10589433694258
1578,1.7349886894226074,1176.0259049981833,0.0,4816.99462890625,7064.0,59.1397622579243
1579,1.7820162773132324,1359.857634998858,0.0,4816.99462890625,7064.0,59.17366245901212
1580,2.6721644401550293,1822.333534449339,0.0,4816.99462890625,7064.0,59.20739838993177
1581,1.917752981185913,1805.2391241937876,0.0,4816.99462890625,7064.0,59.24120834097266
1582,1.3375948667526245,1202.532280433923,0.0,4816.99462890625,7064.0,59.275107447989285
1583,2.2010138034820557,1138.3761579617858,0.0,4816.99462890625,7064.0,59.30897201993503
1584,1.915320634841919,1111.158239915967,0.0,4816.99462890625,7064.0,59.342929423903115
1585,2.854290723800659,1198.3149503096938,0.0,4816.99462890625,7064.0,59.37687420099974
1586,2.05818510055542,1167.6593793928623,0.0,4816.99462890625,7064.0,59.41085727594327
1587,2.425574779510498,1233.1483281701803,0.0,4816.99462890625,7064.0,59.44479409290943
1588,1.905300259590149,1079.0268472284079,0.0,4816.99462890625,7064.0,59.47874030889943
1589,2.4434468746185303,1085.3330426588655,0.0,4816.99462890625,7064.0,59.51263491297141
1590,1.9638208150863647,1479.3443974405527,0.0,4816.99462890625,7064.0,59.5465480129933
1591,2.963667154312134,1517.6074621267617,0.0,4816.99462890625,7064.0,59.58070487098303
1592,2.371699333190918,1371.0186781212687,0.0,4816.99462890625,7064.0,59.614558439934626
1593,2.5711655616760254,1295.3341773748398,0.0,4816.99462890625,7064.0,59.64847456791904
1594,1.6711676120758057,944.3328105844557,0.0,4816.99462890625,7064.0,59.68260725401342
1595,2.012274980545044,1006.9758501052856,0.0,4816.99462890625,7064.0,59.71640132099856
1596,2.0082099437713623,1065.6358033716679,0.0,4816.99462890625,7064.0,59.75016821094323
1597,1.2674988508224487,1017.5469371378422,0.0,4816.99462890625,7064.0,59.78404771594796
1598,2.7129716873168945,1177.9694338217378,0.0,4816.99462890625,7064.0,59.817897523986176
1599,0.7696733474731445,969.541465587914,0.0,4816.99462890625,7064.0,59.851785381906666
1600,3.006038188934326,1716.6108515560627,0.0,4816.99462890625,7064.0,59.885713980998844
1601,1.396216869354248,1010.568287666887,0.0,4816.99462890625,7064.0,59.91968813398853
1602,0.7406563758850098,1014.6597629114985,0.0,4816.99462890625,7064.0,59.95363408094272
1603,2.7909600734710693,1240.7932391315699,0.0,4816.99462890625,7064.0,59.987426638952456
1604,2.2484939098358154,1356.3621310554445,0.0,4816.99462890625,7064.0,60.02129387494642
1605,2.2319343090057373,1448.852859146893,0.0,4816.99462890625,7064.0,60.055049572954886
1606,1.9619433879852295,1584.577963501215,0.0,4816.99462890625,7064.0,60.089044381980784
1607,2.27697491645813,1313.9477370977402,0.0,4816.99462890625,7064.0,60.123104476951994
1608,2.5222809314727783,1434.4755839630961,0.0,4816.99462890625,7064.0,60.15698539791629
1609,1.8156133890151978,1282.2510039582849,0.0,4816.99462890625,7064.0,60.19081502291374
1610,2.1581904888153076,902.7040202878416,0.0,4816.99462890625,7064.0,60.224731929949485
1611,0.8452364206314087,1069.5721168406308,0.0,4816.99462890625,7064.0,60.25864750391338
1612,1.6553723812103271,1239.352372147143,0.0,4816.99462890625,7064.0,60.29242757393513
1613,2.66414213180542,1112.9840371236205,0.0,4816.99462890625,7064.0,60.32625618891325
1614,2.382915496826172,983.8999474048615,0.0,4816.99462890625,7064.0,60.360161051969044
1615,1.8839170932769775,1070.3308369964361,0.0,4816.99462890625,7064.0,60.39413845597301
1616,3.506512403488159,1038.2498561441898,0.0,4816.99462890625,7064.0,60.42799396091141
1617,3.145664930343628,1626.6112236827612,0.0,4816.99462890625,7064.0,60.461774079012685
1618,2.4799396991729736,1070.0375250279903,0.0,4816.99462890625,7064.0,60.49563981289975
1619,3.0349762439727783,1159.908227428794,0.0,4816.99462890625,7064.0,60.52948683698196
1620,2.6720776557922363,1169.5630119666457,0.0,4816.99462890625,7064.0,60.56327025999781
1621,2.0304486751556396,1353.805198252201,0.0,4816.99462890625,7064.0,60.59712429298088
1622,1.5246777534484863,1053.1073975786567,0.0,4816.99462890625,7064.0,60.630980837973766
1623,2.5476276874542236,2092.1536216139793,0.0,4816.99462890625,7064.0,60.66487498092465
1624,2.5659520626068115,1541.9446528181434,0.0,4816.99462890625,7064.0,60.69869834498968
1625,1.9344099760055542,941.1767424121499,0.0,4816.99462890625,7064.0,60.73259129491635
1626,1.24972665309906,1167.0673845037818,0.0,4816.99462890625,7064.0,60.766463222913444
1627,0.6941596269607544,870.4027982391417,0.0,4816.99462890625,7064.0,60.80035039992072
1628,1.9925273656845093,1625.4074801281095,0.0,4816.99462890625,7064.0,60.83415798097849
1629,0.7611057162284851,1055.8183212131262,0.0,4816.99462890625,7064.0,60.86805020191241
1630,1.2465416193008423,1095.739712458104,0.0,4816.99462890625,7064.0,60.9020093329018
1631,2.954012870788574,1149.4389999173582,0.0,4816.99462890625,7064.0,60.935867221909575
1632,3.3128185272216797,1176.8889027796686,0.0,4816.99462890625,7064.0,60.96963868790772
1633,2.777632713317871,1011.3056688457727,0.0,4816.99462890625,7064.0,61.00346158200409
1634,1.873260736465454,1215.4748353138566,0.0,4816.99462890625,7064.0,61.03722919395659
1635,1.6999785900115967,1145.594514414668,0.0,4816.99462890625,7064.0,61.07110855099745
1636,2.382483959197998,1069.1028943508863,0.0,4816.99462890625,7064.0,61.10481269599404
1637,1.7444539070129395,1248.4852025061846,0.0,4816.99462890625,7064.0,61.138699342962354
1638,2.034433126449585,1218.846254799515,0.0,4816.99462890625,7064.0,61.172569794929586
1639,1.762611985206604,866.7515768632293,0.0,4816.99462890625,7064.0,61.206442460999824
1640,1.509068489074707,1125.2416907511652,0.0,4816.99462890625,7064.0,61.24029608594719
1641,2.0338966846466064,1230.1371174305677,0.0,4816.99462890625,7064.0,61.27414804196451
1642,2.5741400718688965,1139.0256254673004,0.0,4816.99462890625,7064.0,61.30789780092891
1643,1.7985371351242065,905.8457449302077,0.0,4816.99462890625,7064.0,61.3417351070093
1644,1.9530619382858276,821.4420368522406,0.0,4816.99462890625,7064.0,61.37567424192093
1645,1.8598920106887817,1177.7499085627496,0.0,4816.99462890625,7064.0,61.409562535001896
1646,2.1871070861816406,912.7203434929252,0.0,4816.99462890625,7064.0,61.44342411693651
1647,2.1886210441589355,1050.5229071341455,0.0,4816.99462890625,7064.0,61.47721072100103
1648,3.191619634628296,1117.0572028458118,0.0,4816.99462890625,7064.0,61.51110460294876
1649,2.2954726219177246,1208.177087277174,0.0,4816.99462890625,7064.0,61.54493781598285
1650,2.5398898124694824,1247.195641875267,0.0,4816.99462890625,7064.0,61.57883810298517
1651,2.490234613418579,1307.0912856459618,0.0,4816.99462890625,7064.0,61.612607580958866
1652,1.3374919891357422,982.4316654931754,0.0,4816.99462890625,7064.0,61.646557562984526
1653,1.910305380821228,1018.3104737251997,0.0,4816.99462890625,7064.0,61.68043450592086
1654,2.208862781524658,1663.76253990829,0.0,4816.99462890625,7064.0,61.714207393000834
1655,1.036780595779419,1097.3343599978834,0.0,4816.99462890625,7064.0,61.74823906994425
1656,1.1764848232269287,1175.8979598227888,0.0,4816.99462890625,7064.0,61.78205978998449
1657,3.0429646968841553,1210.654536806047,0.0,4816.99462890625,7064.0,61.81592848198488
1658,2.2324161529541016,1315.0108707398176,0.0,4816.99462890625,7064.0,61.849836340988986
1659,3.0054001808166504,1046.9910802990198,0.0,4816.99462890625,7064.0,61.88362220698036
1660,3.1532108783721924,1018.1102354973555,0.0,4816.99462890625,7064.0,61.91764398897067
1661,1.7939575910568237,1624.2400498986244,0.0,4816.99462890625,7064.0,61.951550410012715
1662,1.6854079961776733,911.9403794147074,0.0,4816.99462890625,7064.0,61.98547510500066
1663,0.7688155770301819,909.7761596217752,0.0,4816.99462890625,7064.0,62.019377400982194
1664,1.7901591062545776,1245.0855447538197,0.0,4816.99462890625,7064.0,62.05319935595617
1665,1.6687530279159546,1253.2250687032938,0.0,4816.99462890625,7064.0,62.08713449793868
1666,1.5436283349990845,1279.3504732474685,0.0,4816.99462890625,7064.0,62.121206968906336
1667,2.891317844390869,1330.375012382865,0.0,4816.99462890625,7064.0,62.1550286419224
1668,1.618160605430603,1156.5966331977397,0.0,4816.99462890625,7064.0,62.188922770903446
1669,1.8494713306427002,1145.5117995217443,0.0,4816.99462890625,7064.0,62.222734108916484
1670,1.6334336996078491,1281.9608745127916,0.0,4816.99462890625,7064.0,62.256623932975344
1671,1.7295386791229248,1055.349810063839,0.0,4816.99462890625,7064.0,62.29056583694182
1672,1.1701940298080444,1299.1813531517982,0.0,4816.99462890625,7064.0,62.32450909400359
1673,1.8097912073135376,883.6090528443456,0.0,4816.99462890625,7064.0,62.35837154195178
1674,1.2184882164001465,1108.134568873793,0.0,4816.99462890625,7064.0,62.392225355957635
1675,2.4434521198272705,1155.1525318175554,0.0,4816.99462890625,7064.0,62.42616830999032
1676,2.5190086364746094,1317.2358778864145,0.0,4816.99462890625,7064.0,62.46007481100969
1677,1.324623465538025,928.8542492426932,0.0,4816.99462890625,7064.0,62.49398096289951
1678,1.8944627046585083,1110.0752606764436,0.0,4816.99462890625,7064.0,62.5279398629209
1679,2.4427125453948975,929.6103888377547,0.0,4816.99462890625,7064.0,62.56182264990639
1680,2.078136920928955,989.8412252254784,0.0,4816.99462890625,7064.0,62.595725778955966
1681,2.3962862491607666,1980.5063224099576,0.0,4816.99462890625,7064.0,62.62956548295915
1682,1.5796360969543457,1257.0505324751139,0.0,4816.99462890625,7064.0,62.66335587890353
1683,2.317564010620117,1236.559608347714,0.0,4816.99462890625,7064.0,62.697169347899035
1684,1.805620789527893,1681.1696257963777,0.0,4816.99462890625,7064.0,62.73103090492077
1685,1.8337652683258057,1387.778986364603,0.0,4816.99462890625,7064.0,62.76484008098487
1686,1.647993564605713,1432.9271798804402,0.0,4816.99462890625,7064.0,62.79861636995338
1687,0.6964997053146362,875.65628763102,0.0,4816.99462890625,7064.0,62.83253591391258
1688,1.9418989419937134,1314.2446748018265,0.0,4816.99462890625,7064.0,62.86639420792926
1689,1.7463968992233276,864.2451029270887,0.0,4816.99462890625,7064.0,62.90030741994269
1690,1.5635963678359985,1099.8368093445897,0.0,4816.99462890625,7064.0,62.93429413100239
1691,1.3984150886535645,805.6172759830952,0.0,4816.99462890625,7064.0,62.968160288990475
1692,0.7974011898040771,935.9029193650931,0.0,4816.99462890625,7064.0,63.00199176091701
1693,1.2462071180343628,1090.2622344605625,0.0,4816.99462890625,7064.0,63.03581684094388
1694,2.6246490478515625,1298.6125569343567,0.0,4816.99462890625,7064.0,63.06959339196328
1695,2.014800786972046,1216.7058932855725,0.0,4816.99462890625,7064.0,63.103513768990524
1696,1.423256278038025,1065.1955202072859,0.0,4816.99462890625,7064.0,63.13754364394117
1697,1.2447665929794312,1041.1326357871294,0.0,4816.99462890625,7064.0,63.171359977917746
1698,2.3981666564941406,1240.1860919222236,0.0,4816.99462890625,7064.0,63.2051512489561
1699,1.6675482988357544,1052.0474202111363,0.0,4816.99462890625,7064.0,63.238924467004836
1700,1.2822620868682861,909.214347846806,0.0,4816.99462890625,7064.0,63.272774747922085
1701,1.4696794748306274,953.8035567179322,0.0,4816.99462890625,7064.0,63.306673229904845
1702,2.8753957748413086,1481.259894579649,0.0,4816.99462890625,7064.0,63.34085196000524
1703,1.7272140979766846,1100.1117861196399,0.0,4816.99462890625,7064.0,63.37480269698426
1704,2.092996597290039,1508.839319318533,0.0,4816.99462890625,7064.0,63.40866610198282
1705,1.505138874053955,1396.0617931261659,0.0,4816.99462890625,7064.0,63.442647927906364
1706,2.6561453342437744,1486.7102349735796,0.0,4816.99462890625,7064.0,63.476478299009614
1707,2.1698005199432373,1132.6103222593665,0.0,4816.99462890625,7064.0,63.51033527695108
1708,1.7353808879852295,897.4154466204345,0.0,4816.99462890625,7064.0,63.544253495987505
1709,1.9506441354751587,789.8336094282568,0.0,4816.99462890625,7064.0,63.57804862491321
1710,1.8556755781173706,1365.0799658484757,0.0,4816.99462890625,7064.0,63.61183282593265
1711,1.9557243585586548,868.2519558519125,0.0,4816.99462890625,7064.0,63.64573428896256
1712,1.4664758443832397,1034.483321113512,0.0,4816.99462890625,7064.0,63.67952568095643
1713,0.9817055463790894,705.6143029183149,0.0,4816.99462890625,7064.0,63.71339646994602
1714,1.6604528427124023,1490.9278191104531,0.0,4816.99462890625,7064.0,63.74723500490654
1715,2.942276954650879,1222.9663391262293,0.0,4816.99462890625,7064.0,63.78111264295876
1716,1.054966688156128,1159.7877514716238,0.0,4816.99462890625,7064.0,63.81494544597808
1717,1.3599340915679932,1156.8207950480282,0.0,4816.99462890625,7064.0,63.84872797795106
1718,2.23671293258667,820.638604901731,0.0,4816.99462890625,7064.0,63.882724849972874
1719,1.9654426574707031,1116.6753356549889,0.0,4816.99462890625,7064.0,63.916723861941136
1720,2.1652207374572754,1142.9688489101827,0.0,4816.99462890625,7064.0,63.950511217000894
1721,1.9607648849487305,1401.8717017769814,0.0,4816.99462890625,7064.0,63.98304484994151
1722,2.956193685531616,1356.6551525443792,0.0,4816.99462890625,7064.0,64.01693857496139
1723,2.386340379714966,1172.6482232064009,0.0,4816.99462890625,7064.0,64.05087101098616
1724,1.3015382289886475,928.5678291302174,0.0,4816.99462890625,7064.0,64.08502011792734
1725,2.6878573894500732,1762.6738272160292,0.0,4816.99462890625,7064.0,64.11895841197111
1726,2.0873098373413086,1044.434925608337,0.0,4816.99462890625,7064.0,64.1527479639044
1727,2.0327184200286865,1076.9969960302114,0.0,4816.99462890625,7064.0,64.18666788493283
1728,1.5199973583221436,964.4566421583295,0.0,4816.99462890625,7064.0,64.22051612392534
1729,3.063753843307495,1385.457857966423,0.0,4816.99462890625,7064.0,64.25436003389768
1730,1.6628247499465942,1166.5793498279527,0.0,4816.99462890625,7064.0,64.2882191039389
1731,2.257279634475708,819.9716109409928,0.0,4816.99462890625,7064.0,64.3221250519855
1732,1.6325205564498901,1354.640783585608,0.0,4816.99462890625,7064.0,64.35596481699031
1733,1.869802713394165,1067.9738471470773,0.0,4816.99462890625,7064.0,64.38993098400533
1734,1.294736385345459,859.3355496972799,0.0,4816.99462890625,7064.0,64.42393620801158
1735,1.6483408212661743,1164.3980985060334,0.0,4816.99462890625,7064.0,64.457744764979
1736,0.7185009121894836,881.8920531719923,0.0,4816.99462890625,7064.0,64.49168524192646
1737,2.504258394241333,1877.9251014590263,0.0,4816.99462890625,7064.0,64.52549268701114
1738,1.310289978981018,1057.037054065615,0.0,4816.99462890625,7064.0,64.55935966398101
1739,2.157315254211426,1146.7306100130081,0.0,4816.99462890625,7064.0,64.59344240499195
1740,2.718506097793579,1957.4013215228915,0.0,4816.99462890625,7064.0,64.62734638294205
1741,3.2635440826416016,1065.3489751294255,0.0,4816.99462890625,7064.0,64.66139729996212
1742,2.442737102508545,1253.6890275664628,0.0,4816.99462890625,7064.0,64.69547061191406
1743,2.1752419471740723,1009.7371602877975,0.0,4816.99462890625,7064.0,64.72926915495191
1744,2.1712989807128906,1033.1170489490032,0.0,4816.99462890625,7064.0,64.76305643795058
1745,2.443631649017334,1743.9633634239435,0.0,4816.99462890625,7064.0,64.79682187293656
1746,1.6727746725082397,1720.9061942324042,0.0,4816.99462890625,7064.0,64.83073530893307
1747,2.3163037300109863,1483.8924044594169,0.0,4816.99462890625,7064.0,64.86458337598015
1748,1.4922624826431274,1451.5976791083813,0.0,4816.99462890625,7064.0,64.89840868394822
1749,2.4932408332824707,1466.3009108379483,0.0,4816.99462890625,7064.0,64.93237543990836
1750,3.158985137939453,1286.419888176024,0.0,4816.99462890625,7064.0,64.966239767964
1751,1.2144323587417603,965.7263202704489,0.0,4816.99462890625,7064.0,65.00008522695862
1752,1.3616223335266113,1066.4174662530422,0.0,4816.99462890625,7064.0,65.0339780539507
1753,2.01619553565979,1592.0339250266552,0.0,4816.99462890625,7064.0,65.06783988198731
1754,0.8168230056762695,1432.6946167200804,0.0,4816.99462890625,7064.0,65.10160001192708
1755,3.1221752166748047,2056.819920554757,0.0,4816.99462890625,7064.0,65.13556252990384
1756,1.6793345212936401,962.7033073306084,0.0,4816.99462890625,7064.0,65.16950908699073
1757,2.735630512237549,1306.1679717451334,0.0,4816.99462890625,7064.0,65.20344537496567
1758,2.3326079845428467,1392.481341816485,0.0,4816.99462890625,7064.0,65.23735359800048
1759,1.8193730115890503,1171.0798963718116,0.0,4816.99462890625,7064.0,65.27128150092904
1760,2.8056249618530273,1426.9278901703656,0.0,4816.99462890625,7064.0,65.30516637698747
1761,2.280714750289917,1490.4510277360678,0.0,4816.99462890625,7064.0,65.33903728798032
1762,1.498529076576233,1205.0000835359097,0.0,4816.99462890625,7064.0,65.37289442494512
1763,1.71021568775177,1381.094176819548,0.0,4816.99462890625,7064.0,65.40680894895922
1764,1.253713607788086,995.9121935795993,0.0,4816.99462890625,7064.0,65.4407274449477
1765,2.89087176322937,1306.5617500767112,0.0,4816.99462890625,7064.0,65.47451386891771
1766,1.6953364610671997,1004.4303312934935,0.0,4816.99462890625,7064.0,65.50841901800595
1767,2.0802597999572754,1137.7621393315494,0.0,4816.99462890625,7064.0,65.54219348100014
1768,2.0234997272491455,2042.7708644121885,0.0,4816.99462890625,7064.0,65.57596216490492
1769,1.881879210472107,1657.5614555552602,0.0,4816.99462890625,7064.0,65.60974335193168
1770,1.6364859342575073,1438.9321008957922,0.0,4816.99462890625,7064.0,65.64362752391025
1771,1.825493574142456,1056.9461378455162,0.0,4816.99462890625,7064.0,65.67742982995696
1772,1.4969688653945923,1000.534275053069,0.0,4816.99462890625,7064.0,65.71131376095582
1773,1.152391791343689,1135.256484830752,0.0,4816.99462890625,7064.0,65.74505553289782
1774,2.276846170425415,1271.6407789885998,0.0,4816.99462890625,7064.0,65.77884264092427
1775,2.112881660461426,908.2840189002454,0.0,4816.99462890625,7064.0,65.81271411397029
1776,2.547563076019287,808.2927160896361,0.0,4816.99462890625,7064.0,65.84662073792424
1777,2.2680416107177734,920.785245642066,0.0,4816.99462890625,7064.0,65.88045841793064
1778,2.739001989364624,1283.7453516721725,0.0,4816.99462890625,7064.0,65.91443389095366
1779,2.6076676845550537,826.1785160824656,0.0,4816.99462890625,7064.0,65.94861960795242
1780,2.288038969039917,1110.376321092248,0.0,4816.99462890625,7064.0,65.9825285859406
1781,2.7254879474639893,1173.3030349165201,0.0,4816.99462890625,7064.0,66.01626235095318
1782,2.097261905670166,1229.8465150371194,0.0,4816.99462890625,7064.0,66.05009678890929
1783,2.8052468299865723,1198.6157229691744,0.0,4816.99462890625,7064.0,66.08398453693371
1784,1.207482933998108,816.8373113498092,0.0,4816.99462890625,7064.0,66.11785327096004
1785,2.8999340534210205,1438.6299219951034,0.0,4816.99462890625,7064.0,66.15172725298908
1786,1.9771111011505127,1399.1975722536445,0.0,4816.99462890625,7064.0,66.18552056793123
1787,1.086227536201477,1504.396830625832,0.0,4816.99462890625,7064.0,66.21947642590385
1788,1.8380674123764038,1145.3525696024299,0.0,4816.99462890625,7064.0,66.25325295492075
1789,3.098564624786377,1407.4069505482912,0.0,4816.99462890625,7064.0,66.28710451093502
1790,2.156815528869629,1328.12193768844,0.0,4816.99462890625,7064.0,66.32090700394474
1791,1.359240174293518,1375.0205961987376,0.0,4816.99462890625,7064.0,66.35477472189814
1792,1.497727870941162,940.5669970437884,0.0,4816.99462890625,7064.0,66.3886640429264
1793,1.9825462102890015,1208.1031342595816,0.0,4816.99462890625,7064.0,66.42274253396317
1794,1.3368208408355713,1288.7709198519588,0.0,4816.99462890625,7064.0,66.45659874996636
1795,0.8818137645721436,1422.1900803223252,0.0,4816.99462890625,7064.0,66.49049120291602
1796,2.3056883811950684,1459.4293109849095,0.0,4816.99462890625,7064.0,66.52457959693857
1797,1.5939576625823975,1209.747778236866,0.0,4816.99462890625,7064.0,66.55883281398565
1798,1.844249963760376,1401.295104920864,0.0,4816.99462890625,7064.0,66.59275886393152
1799,1.5401643514633179,951.9127091355622,0.0,4816.99462890625,7064.0,66.6266905759694
1800,0.860904335975647,1626.6177485845983,0.0,4816.99462890625,7064.0,66.66049494000617
1801,2.0695886611938477,1319.794016737491,0.0,4816.99462890625,7064.0,66.69438335497398
1802,2.090956926345825,982.1139845103025,0.0,4816.99462890625,7064.0,66.72815121500753
1803,2.1255686283111572,1374.3660108447075,0.0,4816.99462890625,7064.0,66.76202670298517
1804,1.775710940361023,949.8100244812667,0.0,4816.99462890625,7064.0,66.79591753100976
1805,2.399174928665161,903.0241996347904,0.0,4816.99462890625,7064.0,66.82978217990603
1806,2.5089051723480225,1251.0585317090154,0.0,4816.99462890625,7064.0,66.86369509994984
1807,1.9035154581069946,1315.4688712358475,0.0,4816.99462890625,7064.0,66.89759311894886
1808,2.4068655967712402,1123.6593080610037,0.0,4816.99462890625,7064.0,66.93159594398458
1809,2.4922382831573486,1443.3662299066782,0.0,4816.99462890625,7064.0,66.96554718189873
1810,2.4155800342559814,1103.905596099794,0.0,4816.99462890625,7064.0,66.99937202094588
1811,1.5097190141677856,1049.8225155696273,0.0,4816.99462890625,7064.0,67.03324597596657
1812,3.2081921100616455,898.696073461324,0.0,4816.99462890625,7064.0,67.06710050394759
1813,2.223602056503296,1230.3248410969973,0.0,4816.99462890625,7064.0,67.10088217095472
1814,1.5775724649429321,1225.0752697177231,0.0,4816.99462890625,7064.0,67.1347491859924
1815,2.2030677795410156,1558.8694251552224,0.0,4816.99462890625,7064.0,67.16855334991124
1816,1.5027304887771606,1188.5676350817084,0.0,4816.99462890625,7064.0,67.20248533401173
1817,1.7645677328109741,1097.9739232808352,0.0,4816.99462890625,7064.0,67.23641458596103
1818,1.5389312505722046,1148.6991376653314,0.0,4816.99462890625,7064.0,67.27031664201058
1819,2.0911266803741455,939.3271451741457,0.0,4816.99462890625,7064.0,67.30421293294057
1820,0.8947470784187317,955.9225991480052,0.0,4816.99462890625,7064.0,67.33811373496428
1821,1.7307575941085815,1076.1263616457582,0.0,4816.99462890625,7064.0,67.37206639791839
1822,1.102824091911316,924.6719936840236,0.0,4816.99462890625,7064.0,67.40628157893661
1823,1.0674141645431519,1250.6809786483645,0.0,4816.99462890625,7064.0,67.4402439519763
1824,1.411067247390747,1107.0594467669725,0.0,4816.99462890625,7064.0,67.4741312029073
1825,1.957011103630066,1124.9654757082462,0.0,4816.99462890625,7064.0,67.50800335092936
1826,1.7741005420684814,1153.4560544490814,0.0,4816.99462890625,7064.0,67.54180511296727
1827,1.336962342262268,1019.6339693255723,0.0,4816.99462890625,7064.0,67.57565779890865
1828,1.7958145141601562,1344.5977764353156,0.0,4816.99462890625,7064.0,67.60953695699573
1829,1.904327154159546,866.7337243855,0.0,4816.99462890625,7064.0,67.6434237289941
1830,1.8110707998275757,843.5070227086544,0.0,4816.99462890625,7064.0,67.67722041497473
1831,1.5750901699066162,1150.994180817157,0.0,4816.99462890625,7064.0,67.71109075390268
1832,2.040985107421875,1523.8859083354473,0.0,4816.99462890625,7064.0,67.74492062290665
1833,1.1646820306777954,767.2024439424276,0.0,4816.99462890625,7064.0,67.77878664794844
1834,0.954681932926178,826.1263693496585,0.0,4816.99462890625,7064.0,67.81299944990315
1835,0.7315106391906738,795.3023900138214,0.0,4816.99462890625,7064.0,67.84684396500234
1836,1.9410154819488525,1167.0864423513412,0.0,4816.99462890625,7064.0,67.88069463800639
1837,0.5826398730278015,570.120491518639,0.0,4816.99462890625,7064.0,67.91474212496541
1838,1.7916380167007446,669.4956053048372,0.0,4816.99462890625,7064.0,67.94867108692415
1839,1.9342966079711914,1369.6594501323998,0.0,4816.99462890625,7064.0,67.98243163398001
1840,0.8696560263633728,941.8124251998961,0.0,4816.99462890625,7064.0,68.01624026300851
1841,1.6388466358184814,1189.2436076775193,0.0,4816.99462890625,7064.0,68.05020083498675
1842,1.3991092443466187,1243.0242857411504,0.0,4816.99462890625,7064.0,68.08391816797666
1843,1.9026974439620972,1083.9139312431216,0.0,4816.99462890625,7064.0,68.11774984397925
1844,1.829255223274231,947.9664805307984,0.0,4816.99462890625,7064.0,68.1515950380126
1845,2.1653308868408203,1299.9165109954774,0.0,4816.99462890625,7064.0,68.18532501591835
1846,1.6744312047958374,999.8197107538581,0.0,4816.99462890625,7064.0,68.21916248195339
1847,1.89010751247406,989.6444488838315,0.0,4816.99462890625,7064.0,68.25312295893673
1848,2.442666530609131,1091.5205446183681,0.0,4816.99462890625,7064.0,68.28701114293654
1849,1.485662817955017,1470.2254559397697,0.0,4816.99462890625,7064.0,68.32077869900968
1850,2.1340906620025635,965.7284307554364,0.0,4816.99462890625,7064.0,68.35464254789986
1851,1.2327519655227661,965.9534028358757,0.0,4816.99462890625,7064.0,68.38856316392776
1852,1.5036449432373047,1312.2821870166808,0.0,4816.99462890625,7064.0,68.42255489900708
1853,1.7508844137191772,1036.9176068641245,0.0,4816.99462890625,7064.0,68.45635976595804
1854,2.4705469608306885,1186.5399978458881,0.0,4816.99462890625,7064.0,68.49013102892786
1855,2.502377986907959,730.1237141638994,0.0,4816.99462890625,7064.0,68.52395168296061
1856,1.538251280784607,1183.019840899855,0.0,4816.99462890625,7064.0,68.55785432993434
1857,2.0386910438537598,1008.1585356593132,0.0,4816.99462890625,7064.0,68.59178245498333
1858,1.0388754606246948,1099.6079113129526,0.0,4816.99462890625,7064.0,68.62582273490261
1859,1.7049822807312012,810.7717244997621,0.0,4816.99462890625,7064.0,68.6601730179973
1860,1.2047045230865479,863.3741654418409,0.0,4816.99462890625,7064.0,68.69406263390556
1861,2.298008441925049,765.9356886446476,0.0,4816.99462890625,7064.0,68.72791886795312
1862,1.7730571031570435,879.5237309783697,0.0,4816.99462890625,7064.0,68.76183483097702
1863,1.0886859893798828,1118.4569285996258,0.0,4816.99462890625,7064.0,68.79571685194969
1864,1.182950735092163,842.2002536915243,0.0,4816.99462890625,7064.0,68.8296189669054
1865,1.962256669998169,1110.279515516013,0.0,4816.99462890625,7064.0,68.86344389698934
1866,1.9663805961608887,1317.2988731488585,0.0,4816.99462890625,7064.0,68.89738006994594
1867,2.268925428390503,1029.1045950427651,0.0,4816.99462890625,7064.0,68.93132729199715
1868,0.8414799571037292,1105.2544283419847,0.0,4816.99462890625,7064.0,68.96521952794865
1869,1.7904099225997925,1083.1735300570726,0.0,4816.99462890625,7064.0,68.99925256392453
1870,1.7539695501327515,1511.4199109077454,0.0,4816.99462890625,7064.0,69.03306026593782
1871,2.1057980060577393,2087.2996384501457,0.0,4816.99462890625,7064.0,69.06680016592145
1872,2.7135491371154785,1721.6542468741536,0.0,4816.99462890625,7064.0,69.10059252090286
1873,3.004369020462036,1312.3676107302308,0.0,4816.99462890625,7064.0,69.13443235401064
1874,1.4104783535003662,966.8859623298049,0.0,4816.99462890625,7064.0,69.16829817893449
1875,2.0749785900115967,1239.5156964808702,0.0,4816.99462890625,7064.0,69.20220075396355
1876,2.0847373008728027,1465.0091520175338,0.0,4816.99462890625,7064.0,69.23605997895356
1877,1.2157001495361328,1083.2862610295415,0.0,4816.99462890625,7064.0,69.2699154849397
1878,2.6888415813446045,1156.2073018029332,0.0,4816.99462890625,7064.0,69.30371663090773
1879,2.0893654823303223,1030.653562054038,0.0,4816.99462890625,7064.0,69.33743011800107
1880,1.2493913173675537,985.8980727214366,0.0,4816.99462890625,7064.0,69.37152522499673
1881,1.7448203563690186,941.5270795077085,0.0,4816.99462890625,7064.0,69.40545604098588
1882,2.450671911239624,1285.5912939980626,0.0,4816.99462890625,7064.0,69.43929555290379
1883,1.6398601531982422,964.1039772965014,0.0,4816.99462890625,7064.0,69.47311466000974
1884,1.5657310485839844,1292.118050903082,0.0,4816.99462890625,7064.0,69.50697423890233
1885,3.1813013553619385,960.1342726647854,0.0,4816.99462890625,7064.0,69.54083435994107
1886,2.0893990993499756,1101.4053684696555,0.0,4816.99462890625,7064.0,69.5747185338987
1887,1.1545941829681396,731.7251598984003,0.0,4816.99462890625,7064.0,69.60867057996802
1888,2.37923526763916,921.1917045302689,0.0,4816.99462890625,7064.0,69.6425850680098
1889,1.4340245723724365,1416.5194454863667,0.0,4816.99462890625,7064.0,69.67644150194246
1890,2.469609022140503,1325.1310419887304,0.0,4816.99462890625,7064.0,69.71029020496644
1891,3.092180013656616,1386.9091649204493,0.0,4816.99462890625,7064.0,69.74423038598616
1892,1.363883376121521,1245.7410660535097,0.0,4816.99462890625,7064.0,69.77808593900409
1893,2.410097599029541,1040.9449466131628,0.0,4816.99462890625,7064.0,69.8119028529618
1894,0.8380674123764038,1107.154632318765,0.0,4816.99462890625,7064.0,69.84577410796192
1895,2.4242303371429443,1476.8075858205557,0.0,4816.99462890625,7064.0,69.87954360595904
1896,1.5675458908081055,1449.6060613021255,0.0,4816.99462890625,7064.0,69.91367228096351
1897,2.4686267375946045,1038.2160625308752,0.0,4816.99462890625,7064.0,69.94783704099245
1898,2.1154444217681885,984.8532646298409,0.0,4816.99462890625,7064.0,69.98171408195049
1899,1.5466837882995605,1366.4002604186535,0.0,4816.99462890625,7064.0,70.01553235691972
1900,2.191631555557251,1399.9122378975153,0.0,4816.99462890625,7064.0,70.04930031299591
1901,2.966127872467041,1477.3054374083877,0.0,4816.99462890625,7064.0,70.08319588797167
1902,0.7384348511695862,963.3288517780602,0.0,4816.99462890625,7064.0,70.11706433293875
1903,1.8318098783493042,901.7294777110219,0.0,4816.99462890625,7064.0,70.15084927889984
1904,2.4869182109832764,876.0511050336063,0.0,4816.99462890625,7064.0,70.18492902291473
1905,1.6726933717727661,1100.265951577574,0.0,4816.99462890625,7064.0,70.21878036099952
1906,1.3836051225662231,1020.3608945272863,0.0,4816.99462890625,7064.0,70.2526394079905
1907,2.7791571617126465,1061.8849359601736,0.0,4816.99462890625,7064.0,70.28507263795473
1908,1.7064770460128784,737.6382076814771,0.0,4816.99462890625,7064.0,70.31889011291787
1909,2.6183578968048096,1378.2011296525598,0.0,4816.99462890625,7064.0,70.35267128399573
1910,2.3080804347991943,1338.9024511054158,0.0,4816.99462890625,7064.0,70.38647969998419
1911,2.0754895210266113,1177.6659115180373,0.0,4816.99462890625,7064.0,70.42034273897298
1912,2.07068133354187,1304.3700965940952,0.0,4816.99462890625,7064.0,70.45427543995902
1913,1.695258378982544,906.1008597314358,0.0,4816.99462890625,7064.0,70.488086652942
1914,1.8543927669525146,1126.3655409291387,0.0,4816.99462890625,7064.0,70.52192219195422
1915,1.8180822134017944,781.6947500221431,0.0,4816.99462890625,7064.0,70.55574304796755
1916,2.554030179977417,933.2361649945378,0.0,4816.99462890625,7064.0,70.58955465292092
1917,2.2868621349334717,978.6835012361407,0.0,4816.99462890625,7064.0,70.62335944490042
1918,1.7720342874526978,768.4866751916707,0.0,4816.99462890625,7064.0,70.65710159798618
1919,1.9446508884429932,1190.1435069590807,0.0,4816.99462890625,7064.0,70.69104763690848
1920,1.600685954093933,915.5690138787031,0.0,4816.99462890625,7064.0,70.72493493498769
1921,1.4702407121658325,793.6593350097537,0.0,4816.99462890625,7064.0,70.75888664694503
1922,1.9535043239593506,1141.6009176000953,0.0,4816.99462890625,7064.0,70.79263007699046
1923,1.9295037984848022,1360.3374119997025,0.0,4816.99462890625,7064.0,70.82649279595353
1924,1.5902777910232544,932.8461269102991,0.0,4816.99462890625,7064.0,70.86031810590066
1925,1.90321946144104,1070.6463629715145,0.0,4816.99462890625,7064.0,70.89412572595757
1926,2.2262659072875977,1111.384947322309,0.0,4816.99462890625,7064.0,70.9282694630092
1927,2.5011990070343018,806.0247810035944,0.0,4816.99462890625,7064.0,70.96240433701314
1928,1.586209774017334,1013.5133436098695,0.0,4816.99462890625,7064.0,70.99612872791477
1929,1.2940504550933838,737.7974698729813,0.0,4816.99462890625,7064.0,71.03001205995679
1930,2.2385494709014893,1208.1147733442485,0.0,4816.99462890625,7064.0,71.06388219294604
1931,1.4875082969665527,805.361804947257,0.0,4816.99462890625,7064.0,71.09775006794371
1932,2.0966508388519287,1742.2942800596356,0.0,4816.99462890625,7064.0,71.13154913589824
1933,2.069070339202881,1542.0513752624393,0.0,4816.99462890625,7064.0,71.1654347529402
1934,1.8891957998275757,1054.458902142942,0.0,4816.99462890625,7064.0,71.19932887493633
1935,2.2850821018218994,1934.0448557659984,0.0,4816.99462890625,7064.0,71.23316502792295
1936,1.91813063621521,956.4635442271829,0.0,4816.99462890625,7064.0,71.26702636794653
1937,1.5517939329147339,1582.0784101001918,0.0,4816.99462890625,7064.0,71.30084117897786
1938,2.398484706878662,1244.491638097912,0.0,4816.99462890625,7064.0,71.33454847696703
1939,1.9568077325820923,1240.818746238947,0.0,4816.99462890625,7064.0,71.3682347019203
1940,1.2395780086517334,1088.1444097533822,0.0,4816.99462890625,7064.0,71.40206505497918
1941,2.2482621669769287,1127.1154550984502,0.0,4816.99462890625,7064.0,71.4359084579628
1942,1.440694808959961,914.6025601811707,0.0,4816.99462890625,7064.0,71.46982584695797
1943,1.7688630819320679,1237.658893506974,0.0,4816.99462890625,7064.0,71.50366126792505
1944,1.454472303390503,1301.726063001901,0.0,4816.99462890625,7064.0,71.53742265398614
1945,2.124988079071045,1456.0590842962265,0.0,4816.99462890625,7064.0,71.57120963593479
1946,2.005788803100586,1371.683548271656,0.0,4816.99462890625,7064.0,71.6049698269926
1947,2.4024558067321777,1602.222764953971,0.0,4816.99462890625,7064.0,71.6387153438991
1948,0.9312326908111572,987.9124802052975,0.0,4816.99462890625,7064.0,71.67258526291698
1949,2.6975808143615723,1696.819734096527,0.0,4816.99462890625,7064.0,71.70644818490837
1950,1.206316351890564,926.6285611130297,0.0,4816.99462890625,7064.0,71.74034596595448
1951,2.763564348220825,1284.5594391822815,0.0,4816.99462890625,7064.0,71.77408078301232
1952,1.9597179889678955,1802.597781009972,0.0,4816.99462890625,7064.0,71.80823690898251
1953,1.1161209344863892,836.4875067658722,0.0,4816.99462890625,7064.0,71.84208562900312
1954,1.6469788551330566,1031.1025381684303,0.0,4816.99462890625,7064.0,71.87607369595207
1955,1.5450204610824585,1244.508642502129,0.0,4816.99462890625,7064.0,71.90997740498278
1956,2.6819815635681152,1401.9547953382134,0.0,4816.99462890625,7064.0,71.94394595595077
1957,1.7007641792297363,1277.4136363044381,0.0,4816.99462890625,7064.0,71.97772128297947
1958,1.318374752998352,1113.3762766420841,0.0,4816.99462890625,7064.0,72.01156181492843
1959,2.3200266361236572,1119.5627114921808,0.0,4816.99462890625,7064.0,72.0454215919599
1960,1.1183679103851318,999.3912074714899,0.0,4816.99462890625,7064.0,72.07915019895881
1961,1.8261057138442993,1462.90672403574,0.0,4816.99462890625,7064.0,72.11304016190115
1962,2.5062367916107178,1256.4874137192965,0.0,4816.99462890625,7064.0,72.14683713892009
1963,1.5105794668197632,925.4596198312938,0.0,4816.99462890625,7064.0,72.18071353295818
1964,1.6985939741134644,1208.455455493182,0.0,4816.99462890625,7064.0,72.21450711600482
1965,1.922830581665039,995.2311144322157,0.0,4816.99462890625,7064.0,72.24836325889919
1966,2.428910493850708,1676.1318425610662,0.0,4816.99462890625,7064.0,72.28202382999007
1967,1.4039684534072876,1403.6909894831479,0.0,4816.99462890625,7064.0,72.31592966790777
1968,1.3629294633865356,1600.143883422017,0.0,4816.99462890625,7064.0,72.34979319793638
1969,2.3806211948394775,1498.793641500175,0.0,4816.99462890625,7064.0,72.38372878893279
1970,2.432790517807007,1437.37784653157,0.0,4816.99462890625,7064.0,72.41763880790677
1971,0.9696617722511292,1242.834785796702,0.0,4816.99462890625,7064.0,72.45164043700788
1972,2.173806667327881,956.4088164940476,0.0,4816.99462890625,7064.0,72.48551480099559
1973,2.4409103393554688,1296.7773974984884,0.0,4816.99462890625,7064.0,72.51935708895326
1974,1.4659911394119263,927.8116280809045,0.0,4816.99462890625,7064.0,72.55320698500145
1975,2.1490511894226074,1204.7319633364677,0.0,4816.99462890625,7064.0,72.58697139692958
1976,1.5573627948760986,1125.9891785755754,0.0,4816.99462890625,7064.0,72.62081132491585
1977,1.915859580039978,1097.4496217221022,0.0,4816.99462890625,7064.0,72.65466573194135
1978,1.3287943601608276,791.8041516952217,0.0,4816.99462890625,7064.0,72.68850526900496
1979,1.463545322418213,1075.8135094679892,0.0,4816.99462890625,7064.0,72.7222838649759
1980,0.9969179034233093,1457.6231888756156,0.0,4816.99462890625,7064.0,72.7560477599036
1981,0.9880635142326355,973.8914519622922,0.0,4816.99462890625,7064.0,72.78987078100909
1982,2.094766139984131,1501.0473306775093,0.0,4816.99462890625,7064.0,72.8238836589735
1983,1.9187260866165161,1045.0952785275877,0.0,4816.99462890625,7064.0,72.85775413597003
1984,2.3757097721099854,1306.4654636085033,0.0,4816.99462890625,7064.0,72.89153131400235
1985,1.1909027099609375,1020.4352552033961,0.0,4816.99462890625,7064.0,72.92540025000926
1986,1.537953495979309,988.7927293926477,0.0,4816.99462890625,7064.0,72.95939517300576
1987,1.0284911394119263,1228.0190955474973,0.0,4816.99462890625,7064.0,72.99316896195523
1988,2.320833444595337,1414.745781287551,0.0,4816.99462890625,7064.0,73.02694916492328
1989,2.3291871547698975,2189.939993724227,0.0,4816.99462890625,7064.0,73.06078673398588
1990,1.6057347059249878,802.1287817433476,0.0,4816.99462890625,7064.0,73.09465987700969
1991,1.261278748512268,1205.9563227929175,0.0,4816.99462890625,7064.0,73.12857230892405
1992,1.823720097541809,1188.976472221315,0.0,4816.99462890625,7064.0,73.16268662293442
1993,2.4195215702056885,1121.520904187113,0.0,4816.99462890625,7064.0,73.19651296292432
1994,1.4375158548355103,888.875679558143,0.0,4816.99462890625,7064.0,73.23058112896979
1995,1.177245855331421,751.5712836645544,0.0,4816.99462890625,7064.0,73.26444668299519
1996,2.2675514221191406,919.849395416677,0.0,4816.99462890625,7064.0,73.29836662998423
1997,2.1529343128204346,1206.4765581563115,0.0,4816.99462890625,7064.0,73.33220539498143
1998,1.4164379835128784,1224.545591674745,0.0,4816.99462890625,7064.0,73.36597460496705
1999,1.8680106401443481,990.6732562854886,0.0,4816.99462890625,7064.0,73.39986233692616
2000,1.833667278289795,926.3505217507482,0.0,4816.99462890625,7064.0,73.43369016994257
