step,loss,adapter_grad_abs_sum,llm_grad_abs_sum,gpu_mem_allocated_mb,gpu_mem_reserved_mb,elapsed_sec
1,5.718172550201416,159031.08301258087,0.0,3247.2705078125,3300.0,0.41983398199954536
2,8.136213302612305,105906.9534907341,0.0,3286.181640625,3744.0,0.44835431600222364
3,7.9513959884643555,445161.2889881134,0.0,3288.314453125,3744.0,0.4741855559987016
4,7.247547149658203,41893.481164455414,0.0,3479.25048828125,4674.0,0.5015585299988743
5,7.06052827835083,15740.301259756088,0.0,3479.25048828125,4674.0,0.5273995610041311
6,6.428242206573486,12715.164974689484,0.0,3479.25048828125,4674.0,0.5529523240111303
7,6.239886283874512,238086.07472991943,0.0,3479.25048828125,4674.0,0.5785892660060199
8,6.399380683898926,57548.1950302124,0.0,3479.25048828125,4674.0,0.6043138070090208
9,6.189591407775879,36684.51296901703,0.0,3479.25048828125,4674.0,0.6297792110126466
10,6.643744945526123,29352.02608537674,0.0,3479.25048828125,4674.0,0.6552917480003089
11,6.2388105392456055,22297.15534901619,0.0,3479.25048828125,4674.0,0.6807866080052918
12,6.491563320159912,7173.663090229034,0.0,3479.25048828125,4674.0,0.7062506170041161
13,5.950685977935791,10642.339082956314,0.0,3479.25048828125,4674.0,0.7317468260007445
14,6.260250568389893,4549.708401441574,0.0,3479.25048828125,4674.0,0.7572799949994078
15,6.420066833496094,3001.7146179676056,0.0,3479.25048828125,4674.0,0.782881441002246
16,6.46177864074707,11606.754722356796,0.0,3479.25048828125,4674.0,0.8086311810038751
17,5.618942737579346,5725.347186565399,0.0,3580.87060546875,5642.0,0.8357744329987327
18,5.866301536560059,4407.246258497238,0.0,3580.87060546875,5642.0,0.8614495010115206
19,5.876536846160889,6762.340588927269,0.0,3580.87060546875,5642.0,0.8871554020006442
20,6.367607593536377,5129.900109052658,0.0,3580.87060546875,5642.0,0.9127176290057832
21,6.114498615264893,24416.104944229126,0.0,3580.87060546875,5642.0,0.9383233990083681
22,6.072882175445557,3541.9459944963455,0.0,3580.87060546875,5642.0,0.9639040090114577
23,4.839422225952148,2489.1132596731186,0.0,3581.10888671875,5642.0,0.9908068060030928
24,6.117971420288086,11454.48379766941,0.0,3581.10888671875,5642.0,1.0163396550051402
25,6.317416191101074,6021.427451133728,0.0,3581.10888671875,5642.0,1.0422380810050527
26,5.693014621734619,7367.579747438431,0.0,3581.10888671875,5642.0,1.0677784650033573
27,6.072719097137451,9923.701565504074,0.0,3581.10888671875,5642.0,1.093295096012298
28,5.867392063140869,4312.478543639183,0.0,3581.10888671875,5642.0,1.1187501790118404
29,5.55293607711792,50176.97119522095,0.0,3581.10888671875,5642.0,1.144317457001307
30,6.373466968536377,4198.869812130928,0.0,3581.10888671875,5642.0,1.1698565240076277
31,5.864990234375,2184.3902801275253,0.0,3581.10888671875,5642.0,1.1954442160058534
32,6.167505264282227,3232.7047293782234,0.0,3581.10888671875,5642.0,1.220849386008922
33,5.640192985534668,2647.3043065667152,0.0,3581.10888671875,5642.0,1.246498275999329
34,5.308367729187012,2778.8404701948166,0.0,3581.10888671875,5642.0,1.2737009810080053
35,6.0192790031433105,3007.553893685341,0.0,3581.10888671875,5642.0,1.2992769470001804
36,6.559726715087891,6271.65475153923,0.0,3581.10888671875,5642.0,1.3246585700107971
37,6.004295825958252,3669.3799604177475,0.0,3581.10888671875,5642.0,1.350144480005838
38,5.955535411834717,3831.2261748313904,0.0,3581.10888671875,5642.0,1.3758045910071814
39,5.978416919708252,2097.9988890886307,0.0,3581.10888671875,5642.0,1.401499095998588
40,6.065974712371826,3315.52660882473,0.0,3581.10888671875,5642.0,1.4270615970017388
41,5.807300567626953,2423.5049054920673,0.0,3581.10888671875,5642.0,1.4525360750121763
42,5.9197492599487305,1863.5729709416628,0.0,3581.10888671875,5642.0,1.4780589650035836
43,5.717288017272949,2110.9570001661777,0.0,3581.10888671875,5642.0,1.5038768840022385
44,5.715010643005371,1985.2316078096628,0.0,3581.10888671875,5642.0,1.5294777829985833
45,5.91309928894043,2509.708299458027,0.0,3581.10888671875,5642.0,1.555246812000405
46,6.312747001647949,2460.244404196739,0.0,3581.10888671875,5642.0,1.5807804979995126
47,5.363769054412842,3266.34687435627,0.0,3581.10888671875,5642.0,1.606436816000496
48,5.672639846801758,5286.298506259918,0.0,3581.10888671875,5642.0,1.631953127012821
49,5.794641017913818,3262.515256166458,0.0,3581.10888671875,5642.0,1.657543193010497
50,4.608870983123779,1640.0253784954548,0.0,3581.10888671875,5642.0,1.6832659710053122
51,5.493322849273682,1771.3727757632732,0.0,3581.10888671875,5642.0,1.7087457130110124
52,5.808018207550049,1934.842488706112,0.0,3581.10888671875,5642.0,1.7348808470123913
53,4.7744832038879395,1839.3228679597378,0.0,3581.10888671875,5642.0,1.761896076000994
54,5.9284892082214355,2288.2924330830574,0.0,3581.10888671875,5642.0,1.7874048490048153
55,4.971319675445557,1682.3394884467125,0.0,3581.10888671875,5642.0,1.812920374009991
56,5.002555847167969,1871.907668530941,0.0,3581.10888671875,5642.0,1.840206697001122
57,5.465152263641357,1917.1122550070286,0.0,3581.10888671875,5642.0,1.8660799760109512
58,5.492781639099121,1526.8031041920185,0.0,3581.10888671875,5642.0,1.8917845810065046
59,5.5298991203308105,2213.2841424942017,0.0,3581.10888671875,5642.0,1.9173002739989897
60,5.718256950378418,2078.6746293604374,0.0,3581.10888671875,5642.0,1.9428229390032357
61,5.817721843719482,2078.0821385383606,0.0,3581.10888671875,5642.0,1.968705935010803
62,5.346306800842285,1751.2881472408772,0.0,3581.10888671875,5642.0,1.9942358580010477
63,5.326132297515869,1743.4912697970867,0.0,3581.10888671875,5642.0,2.0197305000037886
64,5.650599002838135,1665.7391397207975,0.0,3581.10888671875,5642.0,2.045324418009841
65,5.610990047454834,1615.2031829953194,0.0,3581.10888671875,5642.0,2.0709317730070325
66,5.773470401763916,2062.4557279348373,0.0,3581.10888671875,5642.0,2.0964779530040687
67,5.189216136932373,1947.9333490729332,0.0,3581.10888671875,5642.0,2.1218700830067974
68,5.542332649230957,1964.2801673561335,0.0,3581.10888671875,5642.0,2.147462692009867
69,5.466282367706299,1834.9528559446335,0.0,3581.10888671875,5642.0,2.173032142003649
70,5.574713230133057,1740.76152934134,0.0,3581.10888671875,5642.0,2.198832674010191
71,5.49891996383667,2688.373341321945,0.0,3581.10888671875,5642.0,2.2244458540080814
72,5.1795654296875,3115.4504153728485,0.0,3581.10888671875,5642.0,2.2500187910045497
73,5.380234241485596,2602.424128562212,0.0,3581.10888671875,5642.0,2.2755546789994696
74,4.964513301849365,2364.7517510056496,0.0,3581.10888671875,5642.0,2.3024186690017814
75,5.8460869789123535,3624.7523239851,0.0,3581.10888671875,5642.0,2.327969962003408
76,5.37553071975708,2194.4852394610643,0.0,3581.10888671875,5642.0,2.353429793001851
77,5.549198627471924,2432.2736054360867,0.0,3581.10888671875,5642.0,2.379068959009601
78,5.307586669921875,2932.462083041668,0.0,3581.10888671875,5642.0,2.404621213005157
79,5.130612373352051,3354.270177423954,0.0,3581.10888671875,5642.0,2.4304605970100965
80,5.582352161407471,3004.8878579437733,0.0,3581.10888671875,5642.0,2.456346022008802
81,5.333670616149902,2146.7577385008335,0.0,3581.10888671875,5642.0,2.4818372529989574
82,5.253414630889893,2071.561929643154,0.0,3581.10888671875,5642.0,2.507379280999885
83,5.428106784820557,2566.024585098028,0.0,3581.10888671875,5642.0,2.5345303360081743
84,5.197400093078613,2066.31861320138,0.0,3581.10888671875,5642.0,2.5600192490092013
85,5.576337814331055,3622.610748887062,0.0,3581.10888671875,5642.0,2.5855454210104654
86,5.28652811050415,2039.878226146102,0.0,3581.10888671875,5642.0,2.61118125700159
87,5.430285453796387,2794.2247807085514,0.0,3581.10888671875,5642.0,2.636683033008012
88,5.108675956726074,3242.8370594978333,0.0,3581.10888671875,5642.0,2.6624983369983966
89,5.600588321685791,2576.7166950702667,0.0,3581.10888671875,5642.0,2.687978041009046
90,5.378640174865723,3392.8825666308403,0.0,3581.10888671875,5642.0,2.7134280720056267
91,5.276749610900879,7005.987053155899,0.0,3581.10888671875,5642.0,2.7388709650113015
92,5.616417407989502,3621.1267087459564,0.0,3581.10888671875,5642.0,2.764353195001604
93,5.4562201499938965,2901.487514734268,0.0,3581.10888671875,5642.0,2.790035247002379
94,4.869316577911377,33041.49148464203,0.0,3581.10888671875,5642.0,2.8155774340120843
95,5.2855143547058105,6675.997625827789,0.0,3581.10888671875,5642.0,2.8412479190010345
96,5.442810535430908,2892.3811236917973,0.0,3581.10888671875,5642.0,2.8668823490006616
97,5.152518272399902,3281.575595974922,0.0,3581.10888671875,5642.0,2.892675123002846
98,5.455778121948242,3937.348659455776,0.0,3581.10888671875,5642.0,2.918247413006611
99,5.087083339691162,3860.7170997709036,0.0,3581.10888671875,5642.0,2.943727461009985
100,5.384263038635254,3132.5542579591274,0.0,3581.10888671875,5642.0,2.9692790910048643
101,5.32393741607666,4155.4664759635925,0.0,3581.10888671875,5642.0,2.9949056309997104
102,4.962550640106201,2099.31891515851,0.0,3581.10888671875,5642.0,3.0204642489989055
103,4.832488059997559,3754.42169380188,0.0,3581.10888671875,5642.0,3.047550437011523
104,4.823481559753418,4446.245905101299,0.0,3581.10888671875,5642.0,3.073085865005851
105,5.166993141174316,3173.5434297323227,0.0,3581.10888671875,5642.0,3.0987413380062208
106,5.050774097442627,2852.1281789541245,0.0,3581.10888671875,5642.0,3.1245439699996496
107,4.9040632247924805,3041.638058334589,0.0,3581.10888671875,5642.0,3.150021256005857
108,5.044715881347656,2932.274713099003,0.0,3581.10888671875,5642.0,3.175563624012284
109,5.023830413818359,2709.5146508812904,0.0,3581.10888671875,5642.0,3.2024822250095895
110,5.105785369873047,3362.9412463009357,0.0,3581.10888671875,5642.0,3.228056916006608
111,4.750957012176514,2740.8063265681267,0.0,3581.10888671875,5642.0,3.2537146950053284
112,5.196777820587158,4271.120522260666,0.0,3581.10888671875,5642.0,3.2792670680064475
113,4.410109996795654,3300.993346452713,0.0,3581.10888671875,5642.0,3.306306841011974
114,5.136649131774902,4705.575036585331,0.0,3581.10888671875,5642.0,3.3318456900015008
115,5.034898281097412,3012.055081963539,0.0,3581.10888671875,5642.0,3.3577499620005256
116,4.43265438079834,2427.842762172222,0.0,3581.10888671875,5642.0,3.3847454659990035
117,5.475941181182861,3355.38347825408,0.0,3581.10888671875,5642.0,3.4103314350068104
118,5.150257110595703,3817.9580313265324,0.0,3581.10888671875,5642.0,3.4360914760036394
119,4.675559997558594,2863.3861706852913,0.0,3581.10888671875,5642.0,3.4616123070009053
120,4.955350399017334,4134.581455171108,0.0,3581.10888671875,5642.0,3.4872014980064705
121,4.7778496742248535,3493.212470918894,0.0,3581.10888671875,5642.0,3.512755117000779
122,4.8072285652160645,3198.264217376709,0.0,3581.10888671875,5642.0,3.5382732130092336
123,4.7318115234375,2344.27686214447,0.0,3581.10888671875,5642.0,3.5651785930094775
124,4.916842460632324,3825.7656267881393,0.0,3581.10888671875,5642.0,3.5909157270070864
125,4.666101932525635,4474.762180685997,0.0,3581.10888671875,5642.0,3.616506644000765
126,4.716912746429443,2546.883687004447,0.0,3581.10888671875,5642.0,3.642070608009817
127,4.7797346115112305,3917.6895219385624,0.0,3581.10888671875,5642.0,3.6677030280116014
128,4.644278049468994,10043.360818386078,0.0,3581.10888671875,5642.0,3.6932367120025447
129,4.738455295562744,3126.4126511514187,0.0,3581.10888671875,5642.0,3.7188169330038363
130,4.746181488037109,4758.5653131604195,0.0,3581.10888671875,5642.0,3.7443843460059725
131,4.55941915512085,6508.916091442108,0.0,3581.10888671875,5642.0,3.769984958009445
132,4.748231887817383,3179.3665284216404,0.0,3581.10888671875,5642.0,3.7956188350071898
133,4.564666748046875,3238.7527716755867,0.0,3581.10888671875,5642.0,3.8214942820050055
134,5.054591178894043,5678.535182118416,0.0,3581.10888671875,5642.0,3.847090047012898
135,4.4561662673950195,3848.864233136177,0.0,3581.10888671875,5642.0,3.874198156001512
136,4.7281341552734375,7066.5733679533005,0.0,3581.10888671875,5642.0,3.9000100920093246
137,4.421834945678711,10220.828302145004,0.0,3581.10888671875,5642.0,3.9255545100022573
138,4.600771427154541,2696.939286008477,0.0,3581.10888671875,5642.0,3.9510353450023104
139,4.741873741149902,3684.0640685856342,0.0,3581.10888671875,5642.0,3.9765050030109705
140,4.344130992889404,3160.608046889305,0.0,3581.10888671875,5642.0,4.0021163420024095
141,4.747222423553467,4380.319823861122,0.0,3581.10888671875,5642.0,4.029131274000974
142,4.615504741668701,3252.5392176508904,0.0,3581.10888671875,5642.0,4.0548542460019235
143,4.709047794342041,4298.803940266371,0.0,3581.10888671875,5642.0,4.080319562999648
144,4.537994861602783,2942.165719360113,0.0,3581.10888671875,5642.0,4.105863036005758
145,4.301969528198242,2554.514854669571,0.0,3581.10888671875,5642.0,4.131180207012221
146,4.384057998657227,3417.1477088332176,0.0,3581.10888671875,5642.0,4.156639979002648
147,4.729315757751465,5288.477822065353,0.0,3581.10888671875,5642.0,4.18214279600943
148,4.779909610748291,4412.027939260006,0.0,3581.10888671875,5642.0,4.20762845200079
149,4.560499668121338,4499.166743636131,0.0,3581.10888671875,5642.0,4.233069533001981
150,4.573327541351318,6408.889580190182,0.0,3581.10888671875,5642.0,4.2586383130110335
151,4.33056116104126,3617.449292689562,0.0,3581.10888671875,5642.0,4.284434551009326
152,4.619542121887207,3247.3162073642015,0.0,3581.10888671875,5642.0,4.3098219690000406
153,4.660122871398926,2590.098480015993,0.0,3581.10888671875,5642.0,4.335246777001885
154,4.590767860412598,4481.2315964996815,0.0,3581.10888671875,5642.0,4.360692063011811
155,4.415729999542236,4078.3013083934784,0.0,3581.10888671875,5642.0,4.386140858012368
156,4.628662109375,5215.671511113644,0.0,3581.10888671875,5642.0,4.411616022000089
157,4.553657531738281,4388.156694352627,0.0,3581.10888671875,5642.0,4.437140679001459
158,4.851608753204346,2895.9507526755333,0.0,3581.10888671875,5642.0,4.462643852006295
159,4.557397842407227,3236.9335867762566,0.0,3581.10888671875,5642.0,4.4882163790025515
160,4.427428722381592,4092.439417183399,0.0,3581.10888671875,5642.0,4.513900392004871
161,4.446236610412598,3281.09644164145,0.0,3581.10888671875,5642.0,4.539262999998755
162,4.709843158721924,4529.040420532227,0.0,3581.10888671875,5642.0,4.564698991001933
163,4.371280670166016,8957.349445104599,0.0,3581.10888671875,5642.0,4.59027707700443
164,4.609791278839111,3201.8518267273903,0.0,3581.10888671875,5642.0,4.615755962004187
165,4.549209117889404,4292.691889464855,0.0,3581.10888671875,5642.0,4.641367397009162
166,4.4774298667907715,6584.459829926491,0.0,3581.10888671875,5642.0,4.666858593001962
167,4.171620845794678,4500.9171831309795,0.0,3581.10888671875,5642.0,4.692318524001166
168,4.515869617462158,5697.654799968004,0.0,3581.10888671875,5642.0,4.717648107005516
169,4.344595909118652,3734.604311943054,0.0,3581.10888671875,5642.0,4.74335618900659
170,4.4864654541015625,3900.4310291707516,0.0,3581.10888671875,5642.0,4.7687373960070545
171,4.168574333190918,3850.385141134262,0.0,3581.10888671875,5642.0,4.7942976290069055
172,4.7328972816467285,5515.669169723988,0.0,3581.10888671875,5642.0,4.819648327000323
173,4.1170244216918945,5649.209256887436,0.0,3581.10888671875,5642.0,4.845190520005417
174,4.9766950607299805,4815.888280659914,0.0,3581.10888671875,5642.0,4.870560690003913
175,4.082001209259033,6824.974768161774,0.0,3581.10888671875,5642.0,4.896289848009474
176,4.319224834442139,3546.5196291804314,0.0,3581.10888671875,5642.0,4.921708849011338
177,4.29404354095459,4659.156463205814,0.0,3581.10888671875,5642.0,4.947254775004694
178,4.1206231117248535,3345.9333816170692,0.0,3581.10888671875,5642.0,4.972939218001557
179,4.343987464904785,6358.321173608303,0.0,3581.10888671875,5642.0,4.99836037500063
180,4.852106094360352,5224.80981746316,0.0,3581.10888671875,5642.0,5.023686418004218
181,4.42734432220459,5207.370230317116,0.0,3581.10888671875,5642.0,5.049174473999301
182,4.434804439544678,4264.9836775660515,0.0,3581.10888671875,5642.0,5.074566896000761
183,4.183006763458252,4514.30253097415,0.0,3581.10888671875,5642.0,5.0999515850126045
184,4.714102268218994,4205.068019196391,0.0,3581.10888671875,5642.0,5.125364854000509
185,4.397171497344971,4291.3755975961685,0.0,3581.10888671875,5642.0,5.150802911011851
186,4.119150161743164,3906.3358546197414,0.0,3581.10888671875,5642.0,5.177498752003885
187,4.583737373352051,5897.09467497468,0.0,3581.10888671875,5642.0,5.203156628005672
188,4.506325721740723,4035.8444231450558,0.0,3581.10888671875,5642.0,5.229947900006664
189,4.343276500701904,5584.402783811092,0.0,3581.10888671875,5642.0,5.255527896006242
190,4.72292423248291,5596.755659043789,0.0,3581.10888671875,5642.0,5.281065083006979
191,4.35688591003418,4518.535437941551,0.0,3581.10888671875,5642.0,5.30658483300067
192,4.015219688415527,7036.66251885891,0.0,3581.10888671875,5642.0,5.331992557999911
193,4.269830226898193,4014.1301542520523,0.0,3581.10888671875,5642.0,5.357386945004691
194,4.288514137268066,5697.916313052177,0.0,3581.10888671875,5642.0,5.382863584003644
195,4.536312580108643,5687.893975496292,0.0,3581.10888671875,5642.0,5.408518244003062
196,4.021606922149658,6236.358830571175,0.0,3581.10888671875,5642.0,5.434469299012562
197,4.349054336547852,7138.379071235657,0.0,3581.10888671875,5642.0,5.460013597010402
198,4.097890377044678,8426.317588329315,0.0,3581.10888671875,5642.0,5.485559228007332
199,4.705808639526367,7946.021945089102,0.0,3581.10888671875,5642.0,5.511017256998457
200,4.078551769256592,5926.052112996578,0.0,3581.10888671875,5642.0,5.536477769011981
201,4.2773237228393555,8221.2746540308,0.0,3581.10888671875,5642.0,5.562077169000986
202,4.090467929840088,6782.486231803894,0.0,3581.10888671875,5642.0,5.587594793003518
203,4.503654956817627,6735.570303529501,0.0,3581.10888671875,5642.0,5.613000074008596
204,4.531313896179199,7135.573762178421,0.0,3581.10888671875,5642.0,5.638406725003733
205,4.5215911865234375,7890.2752468287945,0.0,3581.10888671875,5642.0,5.664034136003465
206,4.253352642059326,6543.06536000967,0.0,3581.10888671875,5642.0,5.689474026003154
207,3.9299557209014893,9222.775106430054,0.0,3581.10888671875,5642.0,5.714985458005685
208,4.065064430236816,6984.653070986271,0.0,3581.10888671875,5642.0,5.740537255012896
209,4.8605475425720215,36961.12648105621,0.0,3581.10888671875,5642.0,5.7659100760065485
210,3.946263074874878,5808.599328815937,0.0,3581.10888671875,5642.0,5.791334857000038
211,4.034200668334961,5523.724508553743,0.0,3581.10888671875,5642.0,5.816865665008663
212,4.635794162750244,6302.565773844719,0.0,3581.10888671875,5642.0,5.842292319008266
213,4.0970282554626465,5562.135412961245,0.0,3581.10888671875,5642.0,5.868031692007207
214,4.415998458862305,4356.227883040905,0.0,3581.10888671875,5642.0,5.893783084000461
215,4.098432540893555,5949.173470705748,0.0,3581.10888671875,5642.0,5.919264761003433
216,3.8482449054718018,6623.2398146390915,0.0,3581.10888671875,5642.0,5.944840024007135
217,3.92055606842041,5048.5376265347,0.0,3581.10888671875,5642.0,5.971652591004386
218,4.03286075592041,6179.967650860548,0.0,3581.10888671875,5642.0,5.997187949004001
219,3.894425868988037,7882.249290347099,0.0,3581.10888671875,5642.0,6.022807091008872
220,4.377849578857422,6377.6441760361195,0.0,3581.10888671875,5642.0,6.0481093380076345
221,4.258044242858887,6895.171608060598,0.0,3581.10888671875,5642.0,6.073618463007733
222,4.184741020202637,8791.847936153412,0.0,3581.10888671875,5642.0,6.099170088011306
223,4.175984859466553,4227.148800700903,0.0,3581.10888671875,5642.0,6.124837588999071
224,4.36008882522583,6287.748303234577,0.0,3581.10888671875,5642.0,6.150177765011904
225,4.254539966583252,6812.935617238283,0.0,3581.10888671875,5642.0,6.175635304010939
226,3.942950487136841,7919.750793218613,0.0,3581.10888671875,5642.0,6.2010732130002
227,4.2573394775390625,6009.1149924993515,0.0,3581.10888671875,5642.0,6.226515183006995
228,3.779456377029419,6663.686505019665,0.0,3581.10888671875,5642.0,6.251880578012788
229,3.653491497039795,5825.228353738785,0.0,3581.10888671875,5642.0,6.277385559005779
230,4.409609794616699,12663.101000547409,0.0,3581.10888671875,5642.0,6.302778028009925
231,4.304117202758789,6907.971247911453,0.0,3581.10888671875,5642.0,6.329714493011124
232,3.8933088779449463,5955.758688926697,0.0,3581.10888671875,5642.0,6.355459113008692
233,3.8822762966156006,5217.074031352997,0.0,3581.10888671875,5642.0,6.380889518011827
234,3.9604623317718506,7082.545030713081,0.0,3581.10888671875,5642.0,6.4078973720024806
235,4.264467716217041,4223.4233266711235,0.0,3581.10888671875,5644.0,6.4350865020096535
236,3.94964337348938,9031.947631657124,0.0,3581.10888671875,5644.0,6.462075850999099
237,4.375831604003906,6086.725425958633,0.0,3581.10888671875,5644.0,6.487563866001437
238,4.0587239265441895,7104.883849263191,0.0,3581.10888671875,5644.0,6.513030968999374
239,4.140954494476318,5495.5906496346,0.0,3581.10888671875,5644.0,6.538544797003851
240,4.14641809463501,8791.962855219841,0.0,3581.10888671875,5644.0,6.564028719003545
241,4.130263805389404,5163.093643665314,0.0,3581.10888671875,5644.0,6.589645811007358
242,4.456233024597168,7390.060116767883,0.0,3581.10888671875,5644.0,6.615133987012086
243,3.9378111362457275,5185.286151140928,0.0,3581.10888671875,5644.0,6.640667972009396
244,4.305635452270508,6821.836523532867,0.0,3581.10888671875,5644.0,6.667599960012012
245,3.740506887435913,6768.7520188987255,0.0,3581.10888671875,5644.0,6.693133116001263
246,4.554225444793701,7360.595351576805,0.0,3581.10888671875,5644.0,6.720107946006465
247,3.954578399658203,6612.453135967255,0.0,3581.10888671875,5644.0,6.745670700009214
248,3.6090519428253174,5443.2328689694405,0.0,3581.10888671875,5644.0,6.771136758005014
249,3.9965150356292725,9028.404589056969,0.0,3581.10888671875,5644.0,6.7966146070102695
250,4.011659145355225,6864.255415678024,0.0,3581.10888671875,5644.0,6.822333074000198
251,3.890380620956421,6535.260946154594,0.0,3581.10888671875,5644.0,6.847852357008378
252,4.3270111083984375,8754.408182173967,0.0,3581.10888671875,5644.0,6.873345897998661
253,3.744781970977783,7612.7198342084885,0.0,3581.10888671875,5644.0,6.898801039002137
254,3.860427141189575,6828.642118990421,0.0,3581.10888671875,5644.0,6.925748090012348
255,4.034092426300049,6946.615860819817,0.0,3581.10888671875,5644.0,6.951293042002362
256,4.152864933013916,6043.11085447669,0.0,3581.10888671875,5644.0,6.976752246002434
257,3.7002477645874023,26562.91841840744,0.0,3581.10888671875,5644.0,7.002126514998963
258,4.126946926116943,7008.294255793095,0.0,3581.10888671875,5644.0,7.027493844012497
259,4.172863483428955,7128.97238239646,0.0,3581.10888671875,5644.0,7.053182400006335
260,3.865499258041382,7443.515778124332,0.0,3581.10888671875,5644.0,7.078784770012135
261,3.986199140548706,32664.087072372437,0.0,3581.10888671875,5644.0,7.10423646500567
262,3.8324971199035645,7547.855911910534,0.0,3581.10888671875,5644.0,7.131174121008371
263,4.173597812652588,5139.897156655788,0.0,3581.10888671875,5644.0,7.15670145500917
264,4.1256184577941895,7067.530635893345,0.0,3581.10888671875,5644.0,7.181993289006641
265,3.962604522705078,6000.96213632822,0.0,3581.10888671875,5644.0,7.207465521001723
266,4.099557876586914,9666.670179963112,0.0,3581.10888671875,5644.0,7.232876064008451
267,4.097718238830566,7324.017645359039,0.0,3581.10888671875,5644.0,7.258416353011853
268,3.9894585609436035,9648.081649065018,0.0,3581.10888671875,5644.0,7.285691901008249
269,4.166306972503662,8976.245015084743,0.0,3581.10888671875,5644.0,7.311131385999033
270,4.07871675491333,9979.5466080904,0.0,3581.10888671875,5644.0,7.336531485008891
271,4.222380638122559,5862.847141325474,0.0,3581.10888671875,5644.0,7.3619286520115566
272,3.8742196559906006,7999.827530026436,0.0,3581.10888671875,5644.0,7.387419420003425
273,4.230578899383545,14358.593496084213,0.0,3581.10888671875,5644.0,7.412854722002521
274,3.7637431621551514,7925.700901925564,0.0,3581.10888671875,5644.0,7.438455811003223
275,3.903883457183838,6520.996590614319,0.0,3581.10888671875,5644.0,7.464021051011514
276,3.775737762451172,5427.6610187888145,0.0,3581.10888671875,5644.0,7.489506983998581
277,3.9142396450042725,9789.341899693012,0.0,3581.10888671875,5644.0,7.516862814009073
278,4.103516578674316,9597.81480038166,0.0,3581.10888671875,5644.0,7.543895106005948
279,3.8216898441314697,5919.212502926588,0.0,3581.10888671875,5644.0,7.569467374007218
280,4.2202534675598145,4910.624080002308,0.0,3581.10888671875,5644.0,7.594821671998943
281,3.8912241458892822,5154.640874892473,0.0,3581.10888671875,5644.0,7.6218445190024795
282,4.028098106384277,5470.756237357855,0.0,3581.10888671875,5644.0,7.648738305011648
283,4.214330673217773,5680.9371346235275,0.0,3581.10888671875,5644.0,7.6741858160094125
284,3.6222901344299316,8025.056702315807,0.0,3581.10888671875,5644.0,7.699715948008816
285,4.007792949676514,5784.901043832302,0.0,3581.10888671875,5644.0,7.725143995005055
286,3.9199342727661133,7211.123786747456,0.0,3581.10888671875,5644.0,7.750804694005637
287,4.185516834259033,10288.141157865524,0.0,3581.10888671875,5644.0,7.776218719998724
288,4.0803704261779785,5569.230295062065,0.0,3581.10888671875,5644.0,7.801581748004537
289,4.1200337409973145,8798.542177289724,0.0,3581.10888671875,5644.0,7.827037945011398
290,3.755985736846924,7422.449625939131,0.0,3581.10888671875,5644.0,7.85251241500373
291,3.7767724990844727,5519.814456999302,0.0,3581.10888671875,5644.0,7.878056993009523
292,3.462376832962036,6808.99947270751,0.0,3581.10888671875,5644.0,7.903647854007431
293,4.02834939956665,7401.390431344509,0.0,3581.10888671875,5644.0,7.9291042080003535
294,3.942885398864746,8086.064775407314,0.0,3581.10888671875,5644.0,7.954451587007497
295,3.9208834171295166,9380.177537500858,0.0,3581.10888671875,5644.0,7.980102518005879
296,3.704906702041626,7839.08129876852,0.0,3581.10888671875,5644.0,8.005602110002656
297,3.5671191215515137,5067.257311999798,0.0,3581.10888671875,5644.0,8.031115276011406
298,3.76149320602417,9751.419099211693,0.0,3581.10888671875,5644.0,8.056572724002763
299,4.341586112976074,7096.73636329174,0.0,3581.10888671875,5644.0,8.081948960010777
300,3.9725899696350098,7934.057176053524,0.0,3581.10888671875,5644.0,8.107412018012838
301,3.7450449466705322,5144.407116472721,0.0,3581.10888671875,5644.0,8.133006936011952
302,3.8446996212005615,5912.647414624691,0.0,3581.10888671875,5644.0,8.158423681001295
303,3.8991141319274902,13169.46876692772,0.0,3581.10888671875,5644.0,8.183816573000513
304,4.093774318695068,8248.147631943226,0.0,3581.10888671875,5644.0,8.209499265009072
305,3.823286771774292,7613.065924882889,0.0,3581.10888671875,5644.0,8.234912436004379
306,3.755985736846924,7540.442025005817,0.0,3581.10888671875,5644.0,8.260317573003704
307,3.8904216289520264,13229.034276604652,0.0,3581.10888671875,5644.0,8.285753642005147
308,3.7635440826416016,10834.963086605072,0.0,3581.10888671875,5644.0,8.311291767007788
309,3.7102739810943604,11408.087112665176,0.0,3581.10888671875,5644.0,8.336835941008758
310,3.592775583267212,11231.271112918854,0.0,3581.10888671875,5644.0,8.363636375011993
311,3.549086570739746,10982.336378097534,0.0,3581.10888671875,5644.0,8.389060573012102
312,4.010676383972168,7793.148692250252,0.0,3581.10888671875,5644.0,8.41472592500213
313,4.029463291168213,13091.675307512283,0.0,3581.10888671875,5644.0,8.440490877008415
314,3.3950493335723877,8124.1970844864845,0.0,3581.10888671875,5644.0,8.46600103500532
315,4.01328182220459,6442.986208766699,0.0,3581.10888671875,5644.0,8.491347985007451
316,3.674713611602783,8281.228685259819,0.0,3581.10888671875,5644.0,8.516887607998797
317,3.68572998046875,5799.3965801000595,0.0,3581.10888671875,5644.0,8.542342517001089
318,3.5989787578582764,7425.5776072740555,0.0,3581.10888671875,5644.0,8.567814000009093
319,3.765270948410034,11575.111032962799,0.0,3581.10888671875,5644.0,8.59326220001094
320,3.707318067550659,5932.567869961262,0.0,3581.10888671875,5644.0,8.62006762000965
321,3.987788677215576,10154.383978247643,0.0,3581.10888671875,5644.0,8.645511057009571
322,3.369035482406616,5464.560962736607,0.0,3581.10888671875,5644.0,8.67123138801253
323,3.7400319576263428,10191.210864901543,0.0,3581.10888671875,5644.0,8.696653835009784
324,3.6465418338775635,10277.593567728996,0.0,3581.10888671875,5644.0,8.722132888011402
325,3.891624927520752,11134.350787639618,0.0,3581.10888671875,5644.0,8.747662623005453
326,4.00499963760376,9592.175145179033,0.0,3581.10888671875,5644.0,8.773053445998812
327,3.906794309616089,8552.638120830059,0.0,3581.10888671875,5644.0,8.798432996001793
328,4.058411121368408,6663.109497606754,0.0,3581.10888671875,5644.0,8.824031023003045
329,3.758774995803833,7726.081542253494,0.0,3581.10888671875,5644.0,8.849531466010376
330,3.544952869415283,11284.313731312752,0.0,3581.10888671875,5644.0,8.875142854012665
331,4.237370491027832,13303.662005901337,0.0,3581.10888671875,5644.0,8.900884173999657
332,3.6406311988830566,7548.893935799599,0.0,3581.10888671875,5644.0,8.92776959099865
333,3.887667655944824,5827.482671618462,0.0,3581.10888671875,5644.0,8.954517350008246
334,3.7228167057037354,9426.231320083141,0.0,3581.10888671875,5644.0,8.979968078012462
335,4.164531707763672,7534.540172100067,0.0,3581.10888671875,5644.0,9.005332191998605
336,3.6339385509490967,8138.475684940815,0.0,3581.10888671875,5644.0,9.030836803998682
337,3.9551470279693604,5394.202165931463,0.0,3581.10888671875,5644.0,9.056343233009102
338,3.229642391204834,6212.915792107582,0.0,3581.10888671875,5644.0,9.081819592000102
339,3.738630771636963,9585.695231676102,0.0,3581.10888671875,5644.0,9.107444284003577
340,3.880802631378174,8635.414825320244,0.0,3581.10888671875,5644.0,9.133292736005387
341,3.415487766265869,5859.0237139463425,0.0,3581.10888671875,5644.0,9.158903914998518
342,3.5338475704193115,9160.131290435791,0.0,3581.10888671875,5644.0,9.184328501010896
343,3.749232769012451,8044.999999940395,0.0,3581.10888671875,5644.0,9.20983670699934
344,4.024373531341553,8183.166796445847,0.0,3581.10888671875,5644.0,9.236711056000786
345,3.9690141677856445,13025.164826631546,0.0,3581.10888671875,5644.0,9.262221333003254
346,4.073970317840576,5771.427000641823,0.0,3581.10888671875,5644.0,9.287571217006189
347,3.6247291564941406,7575.900174677372,0.0,3581.10888671875,5644.0,9.313010541009135
348,3.4856350421905518,6546.809358239174,0.0,3581.10888671875,5644.0,9.338361137008178
349,3.7696948051452637,7385.5749678611755,0.0,3581.10888671875,5644.0,9.364006096002413
350,3.684547185897827,8993.08343076706,0.0,3581.10888671875,5644.0,9.389453737006988
351,3.3038692474365234,7281.557524621487,0.0,3581.10888671875,5644.0,9.415406297004665
352,3.785938262939453,6084.99335706234,0.0,3581.10888671875,5644.0,9.440902638001717
353,3.853452205657959,7635.57519441843,0.0,3581.10888671875,5644.0,9.466348341011326
354,3.6063642501831055,8905.03683924675,0.0,3581.10888671875,5644.0,9.491854436011636
355,4.015833377838135,9261.225773572922,0.0,3581.10888671875,5644.0,9.517328302012174
356,3.9090075492858887,6867.850277900696,0.0,3581.10888671875,5644.0,9.542765300007886
357,3.3554980754852295,7519.996650457382,0.0,3581.10888671875,5644.0,9.56978028100275
358,3.332939863204956,7433.464854836464,0.0,3581.10888671875,5644.0,9.59560939601215
359,3.5303709506988525,7836.823749065399,0.0,3581.10888671875,5644.0,9.621195112005807
360,3.457369565963745,8195.574959397316,0.0,3581.10888671875,5644.0,9.646753955006716
361,3.7804477214813232,9530.993260145187,0.0,3581.10888671875,5644.0,9.672219744999893
362,3.500379800796509,9497.906989693642,0.0,3581.10888671875,5644.0,9.697791873011738
363,3.3518106937408447,8366.47987562418,0.0,3581.10888671875,5644.0,9.723247968999203
364,3.784363031387329,9033.52846890688,0.0,3581.10888671875,5644.0,9.750013574011973
365,3.4113376140594482,14569.230015993118,0.0,3581.10888671875,5644.0,9.775620770000387
366,3.4352312088012695,6456.369628310204,0.0,3581.10888671875,5644.0,9.801056561002042
367,3.5757522583007812,11794.9829621315,0.0,3581.10888671875,5644.0,9.826879102009116
368,3.513873815536499,5596.688103914261,0.0,3581.10888671875,5644.0,9.85370918099943
369,3.828714370727539,9543.13331592083,0.0,3581.10888671875,5644.0,9.88098779100983
370,3.4104349613189697,7743.365220785141,0.0,3581.10888671875,5644.0,9.906714145006845
371,3.7943761348724365,10852.870163679123,0.0,3581.10888671875,5644.0,9.93219142399903
372,3.8307197093963623,15413.015598773956,0.0,3581.10888671875,5644.0,9.957755533003365
373,3.695862054824829,27207.827044487,0.0,3581.10888671875,5644.0,9.983148482002434
374,3.7525136470794678,17305.104870319366,0.0,3581.10888671875,5644.0,10.008681365012308
375,3.787977933883667,8037.266970396042,0.0,3581.10888671875,5644.0,10.034156299007009
376,3.7896642684936523,8023.023197829723,0.0,3581.10888671875,5644.0,10.059848409000551
377,3.8151228427886963,6643.501854270697,0.0,3581.10888671875,5644.0,10.085388357998454
378,3.1054821014404297,6870.564426034689,0.0,3581.10888671875,5644.0,10.112257305008825
379,3.557921886444092,7703.324582219124,0.0,3581.10888671875,5644.0,10.137623999005882
380,3.653447151184082,7069.481869161129,0.0,3581.10888671875,5644.0,10.163166530008311
381,3.9194252490997314,18017.46639585495,0.0,3581.10888671875,5644.0,10.188592696998967
382,3.9403538703918457,9362.617412865162,0.0,3581.10888671875,5644.0,10.214073800001643
383,3.3536434173583984,5384.347886502743,0.0,3581.10888671875,5644.0,10.2395946750039
384,3.57145357131958,5726.654753684998,0.0,3581.10888671875,5644.0,10.266369359000237
385,3.853956460952759,8090.840988755226,0.0,3581.10888671875,5644.0,10.292062018008437
386,3.710287570953369,6496.342242389917,0.0,3581.10888671875,5644.0,10.317494650007575
387,3.7019007205963135,5241.28764629364,0.0,3581.10888671875,5644.0,10.343078858000808
388,3.6746644973754883,7261.566532611847,0.0,3581.10888671875,5644.0,10.368573204003042
389,3.9020683765411377,12021.432841777802,0.0,3581.10888671875,5644.0,10.394057546000113
390,3.5789308547973633,9675.045602560043,0.0,3581.10888671875,5644.0,10.419605912000407
391,3.1690776348114014,6971.854599535465,0.0,3581.10888671875,5644.0,10.445218085005763
392,3.8672292232513428,7460.589891195297,0.0,3581.10888671875,5644.0,10.470664161999593
393,3.407694101333618,11311.249772071838,0.0,3581.10888671875,5644.0,10.49611755501246
394,3.633152961730957,13363.519912838936,0.0,3581.10888671875,5644.0,10.521878953004489
395,3.5328779220581055,8715.257887125015,0.0,3581.10888671875,5644.0,10.547452881000936
396,3.7279422283172607,46017.421840667725,0.0,3581.10888671875,5644.0,10.572906165005406
397,3.6182634830474854,6216.467024803162,0.0,3581.10888671875,5644.0,10.598455924002337
398,3.690481424331665,5131.264287173748,0.0,3581.10888671875,5644.0,10.625233193000895
399,3.4184415340423584,10098.821126878262,0.0,3581.10888671875,5644.0,10.650763426005142
400,3.3199498653411865,6148.105173885822,0.0,3581.10888671875,5644.0,10.676241553010186
401,3.8859431743621826,11736.851219177246,0.0,3581.10888671875,5644.0,10.701854399012518
402,3.651373863220215,13759.033819794655,0.0,3581.10888671875,5644.0,10.727342635000241
403,3.541668653488159,12566.172053575516,0.0,3581.10888671875,5644.0,10.753014949004864
404,3.420827865600586,5975.108892202377,0.0,3581.10888671875,5644.0,10.778416689005098
405,3.4320085048675537,6718.255446493626,0.0,3581.10888671875,5644.0,10.803935375006404
406,3.4540011882781982,9500.935708165169,0.0,3581.10888671875,5644.0,10.829448522010352
407,3.8503057956695557,7467.772658199072,0.0,3581.10888671875,5644.0,10.854849035007646
408,3.8635129928588867,22548.34825181961,0.0,3581.10888671875,5644.0,10.880335192006896
409,3.4218289852142334,6859.4469955563545,0.0,3581.10888671875,5644.0,10.905851927003823
410,3.754077196121216,5726.61931347847,0.0,3581.10888671875,5644.0,10.93134565600485
411,3.265679359436035,6964.998438119888,0.0,3581.10888671875,5644.0,10.956826528999954
412,3.2632198333740234,7487.204762458801,0.0,3581.10888671875,5644.0,10.982636849003029
413,3.2882235050201416,5976.241065979004,0.0,3581.10888671875,5644.0,11.008159233009792
414,3.6337647438049316,8191.160093426704,0.0,3581.10888671875,5644.0,11.034899844002211
415,3.2783777713775635,12761.788649082184,0.0,3581.10888671875,5644.0,11.060231116003706
416,3.9212589263916016,7280.153157114983,0.0,3581.10888671875,5644.0,11.085721901006764
417,3.508390426635742,9581.387785434723,0.0,3581.10888671875,5644.0,11.111258091012132
418,3.4059677124023438,6103.348875880241,0.0,3581.10888671875,5644.0,11.136654311005259
419,3.286620616912842,8589.212171018124,0.0,3581.10888671875,5644.0,11.162155228012125
420,3.473912239074707,9191.346464157104,0.0,3581.10888671875,5644.0,11.187652171007358
421,3.7415950298309326,7386.624960362911,0.0,3581.10888671875,5644.0,11.214744210999925
422,3.7080435752868652,10477.968217551708,0.0,3581.10888671875,5644.0,11.240107268007705
423,3.715852975845337,5081.592459321022,0.0,3581.10888671875,5644.0,11.265631301008398
424,3.4848544597625732,7339.36288318038,0.0,3581.10888671875,5644.0,11.292586087001837
425,3.510162830352783,8402.840931415558,0.0,3581.10888671875,5644.0,11.31799930499983
426,4.116408824920654,9601.623474955559,0.0,3581.10888671875,5644.0,11.34347317701031
427,3.8803749084472656,9369.810201525688,0.0,3581.10888671875,5644.0,11.368955893005477
428,3.3098740577697754,10700.752653479576,0.0,3581.10888671875,5644.0,11.394391157009522
429,3.526893377304077,7428.684506714344,0.0,3581.10888671875,5644.0,11.419979698999668
430,3.5413732528686523,8093.139648675919,0.0,3581.10888671875,5644.0,11.447111475004931
431,3.469860315322876,16608.656448364258,0.0,3581.10888671875,5644.0,11.472578084998531
432,3.171269655227661,6467.461527943611,0.0,3581.10888671875,5644.0,11.497971194999991
433,3.34829044342041,10137.839092373848,0.0,3581.10888671875,5644.0,11.523528932011686
434,3.7313759326934814,6403.0798008441925,0.0,3581.10888671875,5644.0,11.548991734001902
435,3.3427035808563232,9009.260734915733,0.0,3581.10888671875,5644.0,11.574393066999619
436,3.8583171367645264,11302.812054753304,0.0,3581.10888671875,5644.0,11.601251072002924
437,3.3303494453430176,6422.554180145264,0.0,3581.10888671875,5644.0,11.626789961999748
438,3.2563095092773438,7455.306144952774,0.0,3581.10888671875,5644.0,11.652299224006128
439,3.399536371231079,8009.785682559013,0.0,3581.10888671875,5644.0,11.678004993009381
440,3.5117452144622803,7470.002700299025,0.0,3581.10888671875,5644.0,11.703466824008501
441,3.4013302326202393,5968.465145051479,0.0,3581.10888671875,5644.0,11.728784171005827
442,3.235093116760254,10065.37606215477,0.0,3581.10888671875,5644.0,11.754308932009735
443,3.412545680999756,6812.565904200077,0.0,3581.10888671875,5644.0,11.779734834010014
444,3.6816940307617188,12841.274341583252,0.0,3581.10888671875,5644.0,11.805096766009228
445,3.3788464069366455,13725.265179634094,0.0,3581.10888671875,5644.0,11.831829291011672
446,3.2984867095947266,9817.925501286983,0.0,3581.10888671875,5644.0,11.857597674010321
447,3.4640207290649414,14482.31164586544,0.0,3581.10888671875,5644.0,11.883064820998698
448,3.660173177719116,8618.217441916466,0.0,3581.10888671875,5644.0,11.908804288003012
449,3.3403759002685547,7892.7948333621025,0.0,3581.10888671875,5644.0,11.934300460008672
450,3.7610421180725098,10098.866470694542,0.0,3581.10888671875,5644.0,11.959692570002517
451,3.5638480186462402,7611.776499390602,0.0,3581.10888671875,5644.0,11.985080703001586
452,3.400799512863159,6350.9409346580505,0.0,3581.10888671875,5644.0,12.010484780010302
453,3.5053694248199463,11861.861008167267,0.0,3581.10888671875,5644.0,12.035924709009123
454,3.3041281700134277,7586.584800541401,0.0,3581.10888671875,5644.0,12.061334249010542
455,3.7221639156341553,7853.739311814308,0.0,3581.10888671875,5644.0,12.086738812999101
456,3.6562135219573975,7001.989674210548,0.0,3581.10888671875,5644.0,12.11211208900204
457,3.7049720287323,9174.533840239048,0.0,3581.10888671875,5644.0,12.137647894007387
458,3.619640588760376,7479.871579945087,0.0,3581.10888671875,5644.0,12.16296926200448
459,3.384091854095459,8204.853249549866,0.0,3581.10888671875,5644.0,12.188374625009601
460,3.4834179878234863,6896.4377791285515,0.0,3581.10888671875,5644.0,12.21382873901166
461,3.497370719909668,8435.721065044403,0.0,3581.10888671875,5644.0,12.239185073005501
462,3.395153522491455,11562.186505794525,0.0,3581.10888671875,5644.0,12.264655694001704
463,3.4504785537719727,10113.109390974045,0.0,3581.10888671875,5644.0,12.290020879008807
464,3.585399627685547,8603.420949101448,0.0,3581.10888671875,5644.0,12.315405920002377
465,3.6249523162841797,9332.950173258781,0.0,3581.10888671875,5644.0,12.34067070200399
466,3.5622546672821045,8161.9488027095795,0.0,3581.10888671875,5644.0,12.36627462800243
467,3.4463820457458496,5685.313278734684,0.0,3581.10888671875,5644.0,12.39167435800482
468,3.5912647247314453,5658.302995562553,0.0,3581.10888671875,5644.0,12.417178300005617
469,3.479503870010376,6505.386599898338,0.0,3581.10888671875,5644.0,12.442693572011194
470,3.1850826740264893,7057.045692622662,0.0,3581.10888671875,5644.0,12.46823569200933
471,3.82344913482666,6062.606664121151,0.0,3581.10888671875,5644.0,12.493701895000413
472,3.4144744873046875,8243.279678881168,0.0,3581.10888671875,5644.0,12.519064382999204
473,3.6727042198181152,5755.240204572678,0.0,3581.10888671875,5644.0,12.54438122799911
474,3.5337886810302734,7338.627066373825,0.0,3581.10888671875,5644.0,12.569773645009263
475,3.4970643520355225,9086.938172698021,0.0,3581.10888671875,5644.0,12.595353349999641
476,3.5507729053497314,8216.854434967041,0.0,3581.10888671875,5644.0,12.620796392002376
477,3.3844566345214844,8439.326434671879,0.0,3581.10888671875,5644.0,12.646191610008827
478,3.385345220565796,8266.630863666534,0.0,3581.10888671875,5644.0,12.671549503007554
479,3.232111930847168,7534.070697486401,0.0,3581.10888671875,5644.0,12.697000309999567
480,3.4021875858306885,8842.920389711857,0.0,3581.10888671875,5644.0,12.72239144401101
481,3.1526618003845215,9418.22630417347,0.0,3581.10888671875,5644.0,12.747745307002333
482,3.5492618083953857,7638.795222699642,0.0,3581.10888671875,5644.0,12.773118837998481
483,3.570401668548584,5653.068350613117,0.0,3581.10888671875,5644.0,12.799875203010743
484,3.3701517581939697,7800.021806001663,0.0,3581.10888671875,5644.0,12.825417685002321
485,3.6576309204101562,9198.225882947445,0.0,3581.10888671875,5644.0,12.85084287400241
486,3.2698099613189697,8979.076565563679,0.0,3581.10888671875,5644.0,12.87627820900525
487,3.0961720943450928,7429.473783373833,0.0,3581.10888671875,5644.0,12.901756530001876
488,3.1749422550201416,6603.617075920105,0.0,3581.10888671875,5644.0,12.927244960010285
489,3.43593430519104,7952.295219510794,0.0,3581.10888671875,5644.0,12.952680433008936
490,3.226421594619751,7365.30015450716,0.0,3581.10888671875,5644.0,12.979484161012806
491,3.2706120014190674,4952.211880773306,0.0,3581.10888671875,5644.0,13.00485157201183
492,3.6923751831054688,6544.25258398056,0.0,3581.10888671875,5644.0,13.030211415010854
493,3.3263931274414062,6938.490305900574,0.0,3581.10888671875,5644.0,13.055843882000772
494,3.3542277812957764,7729.993577480316,0.0,3581.10888671875,5644.0,13.081367393999244
495,3.032042980194092,8098.428181052208,0.0,3581.10888671875,5644.0,13.106773047999013
496,3.608264446258545,7710.083778560162,0.0,3581.10888671875,5644.0,13.132120371999918
497,3.124770402908325,7058.329104483128,0.0,3581.10888671875,5644.0,13.15758530900348
498,3.3533668518066406,6987.999483346939,0.0,3581.10888671875,5644.0,13.182946708009695
499,2.8976073265075684,6845.007219851017,0.0,3581.10888671875,5644.0,13.208407356010866
500,3.32981538772583,7159.755929589272,0.0,3581.10888671875,5644.0,13.233740111012594
501,3.4383184909820557,6625.649959027767,0.0,3581.10888671875,5644.0,13.26071195100667
502,3.2854158878326416,7960.358783841133,0.0,3581.10888671875,5644.0,13.286413704001461
503,3.4609594345092773,8502.059466362,0.0,3581.10888671875,5644.0,13.311897416002466
504,3.263261079788208,8167.840960741043,0.0,3581.10888671875,5644.0,13.337332581999362
505,3.391357898712158,6174.928900837898,0.0,3581.10888671875,5644.0,13.36280673299916
506,2.951550006866455,6774.423518747091,0.0,3581.10888671875,5644.0,13.388342942998861
507,3.493217945098877,9870.602412045002,0.0,3581.10888671875,5644.0,13.41411337100726
508,3.5847699642181396,7119.378119409084,0.0,3581.10888671875,5644.0,13.439529405004578
509,3.171619415283203,7467.703600227833,0.0,3581.10888671875,5644.0,13.464866580005037
510,3.09482479095459,5510.254833757877,0.0,3581.10888671875,5644.0,13.490247131005162
511,3.1541554927825928,8724.66312468052,0.0,3581.10888671875,5644.0,13.515972660999978
512,3.318057060241699,7885.0042352080345,0.0,3581.10888671875,5644.0,13.541534547010087
513,3.1533381938934326,6171.800706088543,0.0,3581.10888671875,5644.0,13.566898543009302
514,3.194072723388672,8190.036582350731,0.0,3581.10888671875,5644.0,13.592257445008727
515,3.4891390800476074,5962.8845781087875,0.0,3581.10888671875,5644.0,13.6191204880015
516,3.1534969806671143,7587.219769239426,0.0,3581.10888671875,5644.0,13.644526914009475
517,3.304126501083374,5689.6524404883385,0.0,3581.10888671875,5644.0,13.669970878007007
518,3.0577125549316406,6074.332592129707,0.0,3581.10888671875,5644.0,13.69528107100632
519,2.943009376525879,6926.2372425198555,0.0,3581.10888671875,5644.0,13.72062818100676
520,3.137606143951416,7595.609282374382,0.0,3581.10888671875,5644.0,13.746331530011958
521,2.7886557579040527,7759.530400425196,0.0,3581.10888671875,5644.0,13.771736506998423
522,3.3273868560791016,8517.749721825123,0.0,3581.10888671875,5644.0,13.797189412012813
523,3.2921981811523438,7318.2898525595665,0.0,3581.10888671875,5644.0,13.822629102010978
524,3.241112470626831,5533.8307029008865,0.0,3581.10888671875,5644.0,13.848184679009137
525,3.2791764736175537,7578.654769539833,0.0,3581.10888671875,5644.0,13.87369873499847
526,3.206714630126953,8301.455505013466,0.0,3581.10888671875,5644.0,13.89913832800812
527,2.963534355163574,9190.518639564514,0.0,3581.10888671875,5644.0,13.924634117007372
528,3.181290864944458,7492.770924687386,0.0,3581.10888671875,5644.0,13.950125550007215
529,3.0235166549682617,7752.660415053368,0.0,3581.10888671875,5644.0,13.975775956001598
530,3.173676013946533,7313.6295748353,0.0,3581.10888671875,5644.0,14.001206772009027
531,3.3964598178863525,5067.701174795628,0.0,3581.10888671875,5644.0,14.026527756999712
532,2.819589376449585,5442.620706051588,0.0,3581.10888671875,5644.0,14.051968999003293
533,3.3217148780822754,7059.7526314258575,0.0,3581.10888671875,5644.0,14.077290345012443
534,3.090625762939453,7964.177672088146,0.0,3581.10888671875,5644.0,14.102677378003136
535,2.9428482055664062,7565.833369016647,0.0,3581.10888671875,5644.0,14.128090607002378
536,3.020022392272949,6399.796990633011,0.0,3581.10888671875,5644.0,14.153557064011693
537,3.31607723236084,7986.1387712955475,0.0,3581.10888671875,5644.0,14.178976071998477
538,2.9354183673858643,7225.090196013451,0.0,3581.10888671875,5644.0,14.204667318001157
539,3.029003620147705,10220.3703520298,0.0,3581.10888671875,5644.0,14.230010034007137
540,3.158571243286133,6125.612966239452,0.0,3581.10888671875,5644.0,14.255310729000485
541,3.120836019515991,6714.63434523344,0.0,3581.10888671875,5644.0,14.280764399009058
542,2.7173550128936768,5704.291028261185,0.0,3581.10888671875,5644.0,14.306159931002185
543,3.2327539920806885,6906.447100698948,0.0,3581.10888671875,5644.0,14.331498371000635
544,2.8713362216949463,6847.305137455463,0.0,3581.10888671875,5644.0,14.35700836199976
545,3.132309913635254,5335.502813369036,0.0,3581.10888671875,5644.0,14.382335925009102
546,3.3723185062408447,6296.308168172836,0.0,3581.10888671875,5644.0,14.409251076009241
547,3.123140573501587,9135.911250948906,0.0,3581.10888671875,5644.0,14.435042551005608
548,2.7012736797332764,7864.128883063793,0.0,3581.10888671875,5644.0,14.460261263011489
549,3.048539638519287,8083.184404194355,0.0,3581.10888671875,5644.0,14.485863909008913
550,3.145962953567505,8071.277188360691,0.0,3581.10888671875,5644.0,14.511258098005783
551,2.6978821754455566,7842.678917467594,0.0,3581.10888671875,5644.0,14.538056504999986
552,3.2468063831329346,8371.19382762909,0.0,3581.10888671875,5644.0,14.563393506003194
553,3.253331422805786,11177.001334786415,0.0,3581.10888671875,5644.0,14.588856367001426
554,3.303298234939575,6551.368112534285,0.0,3581.10888671875,5644.0,14.614151693007443
555,3.028148651123047,7634.382354140282,0.0,3581.10888671875,5644.0,14.639503887010505
556,3.0676753520965576,7160.70938873291,0.0,3581.10888671875,5644.0,14.665125557003194
557,3.605153799057007,6922.5498958826065,0.0,3581.10888671875,5644.0,14.69054128100106
558,3.1968398094177246,9901.128917336464,0.0,3581.10888671875,5644.0,14.7158355670108
559,2.872912883758545,8127.8334584236145,0.0,3581.10888671875,5644.0,14.74267859000247
560,2.938877820968628,13453.55140697956,0.0,3581.10888671875,5644.0,14.768062152012135
561,3.386946439743042,8266.71407020092,0.0,3581.10888671875,5644.0,14.793474957012222
562,3.313269853591919,6464.890586256981,0.0,3581.10888671875,5644.0,14.820226538009592
563,2.9458441734313965,9568.177601754665,0.0,3581.10888671875,5644.0,14.84560223101289
564,2.941575288772583,8189.225198149681,0.0,3581.10888671875,5644.0,14.871007833004114
565,2.7649405002593994,10045.604389309883,0.0,3581.10888671875,5644.0,14.896645882006851
566,2.708008289337158,6872.719571202993,0.0,3581.10888671875,5644.0,14.9222183170059
567,3.0551722049713135,5828.4075419306755,0.0,3581.10888671875,5644.0,14.947684384009335
568,3.0836009979248047,7302.699983000755,0.0,3581.10888671875,5644.0,14.973032763999072
569,2.9721994400024414,9835.253939628601,0.0,3581.10888671875,5644.0,14.99845052001183
570,3.267500400543213,5870.098430395126,0.0,3581.10888671875,5644.0,15.023859334003646
571,3.061980724334717,9559.286320149899,0.0,3581.10888671875,5644.0,15.049274871998932
572,3.0850589275360107,9103.044824540615,0.0,3581.10888671875,5644.0,15.07466436100367
573,3.0004160404205322,6374.8632853627205,0.0,3581.10888671875,5644.0,15.101495884009637
574,2.721060037612915,6070.771177709103,0.0,3581.10888671875,5644.0,15.128540179008269
575,2.868152379989624,8168.385042011738,0.0,3581.10888671875,5644.0,15.153945826008567
576,3.1142067909240723,9305.187072694302,0.0,3581.10888671875,5644.0,15.179297321010381
577,2.6829042434692383,6831.675093770027,0.0,3581.10888671875,5644.0,15.204888865002431
578,3.4127137660980225,7222.801440656185,0.0,3581.10888671875,5644.0,15.23023345200636
579,3.026639938354492,7733.00880753994,0.0,3581.10888671875,5644.0,15.255639240000164
580,3.0471112728118896,7888.0625294446945,0.0,3581.10888671875,5644.0,15.280951786000514
581,2.900475263595581,7905.141754627228,0.0,3581.10888671875,5644.0,15.306335295012104
582,2.9970667362213135,8607.178726494312,0.0,3581.10888671875,5644.0,15.331653569010086
583,2.7046854496002197,7993.751423597336,0.0,3581.10888671875,5644.0,15.357357338012662
584,2.7919907569885254,10931.595852255821,0.0,3581.10888671875,5644.0,15.38274671700492
585,3.2355313301086426,8796.302517652512,0.0,3581.10888671875,5644.0,15.409587847010698
586,2.7084603309631348,12510.316133379936,0.0,3581.10888671875,5644.0,15.43515431600099
587,3.0019490718841553,14907.362512350082,0.0,3581.10888671875,5644.0,15.460713645006763
588,3.1133992671966553,9621.555130958557,0.0,3581.10888671875,5644.0,15.486188930008211
589,3.0292303562164307,6887.364993572235,0.0,3581.10888671875,5644.0,15.513124103003065
590,3.404700994491577,8318.849042832851,0.0,3581.10888671875,5644.0,15.538451530999737
591,3.036172389984131,8669.650559067726,0.0,3581.10888671875,5644.0,15.563765390004846
592,3.4133636951446533,6267.862854480743,0.0,3581.10888671875,5644.0,15.589364542000112
593,3.3457820415496826,7367.775246322155,0.0,3581.10888671875,5644.0,15.61474535400339
594,2.6853606700897217,7260.466654539108,0.0,3581.10888671875,5644.0,15.640234396007145
595,3.077300786972046,9295.975516676903,0.0,3581.10888671875,5644.0,15.665617378006573
596,3.2215542793273926,8203.160286962986,0.0,3581.10888671875,5644.0,15.692393164004898
597,2.9945363998413086,8302.282319307327,0.0,3581.10888671875,5644.0,15.7178323190019
598,3.2763478755950928,9836.50385093689,0.0,3581.10888671875,5644.0,15.743190000008326
599,2.836677074432373,6031.6308915019035,0.0,3581.10888671875,5644.0,15.768637255008798
600,3.1689751148223877,8403.60966694355,0.0,3581.10888671875,5644.0,15.794097543010139
601,3.1414315700531006,6347.478212118149,0.0,3581.10888671875,5644.0,15.821564972007764
602,2.9575037956237793,8853.006796061993,0.0,3581.10888671875,5644.0,15.846949241007678
603,3.1293325424194336,10110.97173333168,0.0,3581.10888671875,5644.0,15.872558184011723
604,2.836409091949463,6420.34493792057,0.0,3581.10888671875,5644.0,15.898072650001268
605,3.054607629776001,15090.437639474869,0.0,3581.10888671875,5644.0,15.923651228004019
606,2.937964916229248,8656.564152359962,0.0,3581.10888671875,5644.0,15.94908743200358
607,2.943897247314453,8813.720370292664,0.0,3581.10888671875,5644.0,15.97446466400288
608,3.031850576400757,7281.12665951252,0.0,3581.10888671875,5644.0,15.999954106009682
609,2.8372952938079834,8607.830704808235,0.0,3581.10888671875,5644.0,16.025373491007485
610,2.745573043823242,6857.325990080833,0.0,3581.10888671875,5644.0,16.051061001009657
611,2.7862303256988525,7362.022251009941,0.0,3581.10888671875,5644.0,16.07636785801151
612,3.121105670928955,6818.6036296486855,0.0,3581.10888671875,5644.0,16.103178358011064
613,3.142753839492798,6630.889732301235,0.0,3581.10888671875,5644.0,16.128562978003174
614,3.0730414390563965,8433.573004841805,0.0,3581.10888671875,5644.0,16.1540306579991
615,2.4491896629333496,6701.831679999828,0.0,3581.10888671875,5644.0,16.179455557008623
616,3.1191067695617676,12070.630405426025,0.0,3581.10888671875,5644.0,16.20476456799952
617,2.3280515670776367,6670.244923889637,0.0,3581.10888671875,5644.0,16.230325007010833
618,2.6274495124816895,7667.693938553333,0.0,3581.10888671875,5644.0,16.255710345998523
619,3.1045310497283936,9521.741013169289,0.0,3581.10888671875,5644.0,16.281306725999457
620,2.6686739921569824,8745.904752373695,0.0,3581.10888671875,5644.0,16.306695718012634
621,2.8081936836242676,13532.328375458717,0.0,3581.10888671875,5644.0,16.332048530006432
622,3.2236690521240234,8341.727964520454,0.0,3581.10888671875,5644.0,16.357414557001903
623,2.628220319747925,8042.951040625572,0.0,3581.10888671875,5644.0,16.382914153000456
624,3.0608131885528564,6867.729629158974,0.0,3581.10888671875,5644.0,16.408307372010313
625,2.5484068393707275,8437.050379395485,0.0,3581.10888671875,5644.0,16.43403649200627
626,2.7645370960235596,7001.41926574707,0.0,3581.10888671875,5644.0,16.459536825001123
627,3.078141212463379,9537.566516637802,0.0,3581.10888671875,5644.0,16.48500896700716
628,2.7267215251922607,6622.575630009174,0.0,3581.10888671875,5644.0,16.510670639007003
629,2.996429920196533,9831.30367398262,0.0,3581.10888671875,5644.0,16.5360079670063
630,2.9247546195983887,7349.282961964607,0.0,3581.10888671875,5644.0,16.56135445101245
631,2.9021997451782227,7509.451688587666,0.0,3581.10888671875,5644.0,16.586894070002018
632,2.8145604133605957,10953.57972586155,0.0,3581.10888671875,5644.0,16.61224432500603
633,2.605665445327759,7928.856031179428,0.0,3581.10888671875,5644.0,16.63769888400566
634,2.458024263381958,8330.794357776642,0.0,3581.10888671875,5644.0,16.66310296600568
635,2.996487855911255,9048.41008901596,0.0,3581.10888671875,5644.0,16.68845166399842
636,2.442497491836548,7670.164875268936,0.0,3581.10888671875,5644.0,16.71388576499885
637,3.15118408203125,11392.02889919281,0.0,3581.10888671875,5644.0,16.741070954012685
638,3.0093655586242676,9502.134094238281,0.0,3581.10888671875,5644.0,16.766319614005624
639,2.849119186401367,8955.420396208763,0.0,3581.10888671875,5644.0,16.79193242000474
640,2.59842848777771,9183.539195418358,0.0,3581.10888671875,5644.0,16.817256231006468
641,2.6646969318389893,8927.830592155457,0.0,3581.10888671875,5644.0,16.84257710300153
642,2.6756439208984375,7195.379602789879,0.0,3581.10888671875,5644.0,16.86802460400213
643,2.657844305038452,8943.022761583328,0.0,3581.10888671875,5644.0,16.894787933008047
644,3.34281325340271,8095.096746265888,0.0,3581.10888671875,5644.0,16.920331919012824
645,2.903825283050537,6607.587780714035,0.0,3581.10888671875,5644.0,16.94583739800146
646,2.918031930923462,13130.532550811768,0.0,3581.10888671875,5644.0,16.971499368999503
647,2.9328362941741943,12395.51702094078,0.0,3581.10888671875,5644.0,16.9971629960055
648,2.7277538776397705,6718.749478936195,0.0,3581.10888671875,5644.0,17.022569446009584
649,3.378171443939209,6638.5794496536255,0.0,3581.10888671875,5644.0,17.047889912006212
650,3.132051467895508,7527.914175570011,0.0,3581.10888671875,5644.0,17.073310159001267
651,2.790609121322632,8576.539801359177,0.0,3581.10888671875,5644.0,17.098654132001684
652,2.5808780193328857,6298.049880981445,0.0,3581.10888671875,5644.0,17.125369799003238
653,3.21205472946167,10870.799210906029,0.0,3581.10888671875,5644.0,17.150660017010523
654,2.913919687271118,8984.633929610252,0.0,3581.10888671875,5644.0,17.17753035700298
655,2.5946357250213623,8437.262972056866,0.0,3581.10888671875,5644.0,17.203170480002882
656,2.615032196044922,7847.680033326149,0.0,3581.10888671875,5644.0,17.2285253250011
657,3.1739110946655273,7306.093060135841,0.0,3581.10888671875,5644.0,17.25399318500422
658,2.913259983062744,9461.182038545609,0.0,3581.10888671875,5644.0,17.27931927300233
659,2.4225010871887207,8156.008057832718,0.0,3581.10888671875,5644.0,17.304818381002406
660,3.0031399726867676,8035.039416491985,0.0,3581.10888671875,5644.0,17.330228498001816
661,2.8225362300872803,6631.579206585884,0.0,3581.10888671875,5644.0,17.355697835009778
662,2.7471907138824463,7577.468335986137,0.0,3581.10888671875,5644.0,17.381081537998398
663,3.171285629272461,7698.2135355472565,0.0,3581.10888671875,5644.0,17.406522357006907
664,2.781588315963745,12073.308316469193,0.0,3581.10888671875,5644.0,17.43250998300209
665,2.550462484359741,7854.17574775219,0.0,3581.10888671875,5644.0,17.45786528500321
666,2.8505938053131104,5885.94768589735,0.0,3581.10888671875,5644.0,17.48460577199876
667,2.8481080532073975,7239.898655593395,0.0,3581.10888671875,5644.0,17.510051054006908
668,2.7735815048217773,4574.941688656807,0.0,3581.10888671875,5644.0,17.53546577101224
669,2.298269748687744,5106.104962646961,0.0,3581.10888671875,5644.0,17.560993876002613
670,2.4999101161956787,6749.555705964565,0.0,3581.10888671875,5644.0,17.586366820003605
671,2.5810787677764893,5731.566961437464,0.0,3581.10888671875,5644.0,17.611799498001346
672,2.7588553428649902,5603.342322975397,0.0,3581.10888671875,5644.0,17.63719019200653
673,2.210411310195923,6805.774001777172,0.0,3581.10888671875,5644.0,17.662904509008513
674,2.1926839351654053,9803.501805067062,0.0,3581.10888671875,5644.0,17.68827370100189
675,3.2075088024139404,10132.950292110443,0.0,3581.10888671875,5644.0,17.71356045801076
676,2.6560423374176025,6477.9264224767685,0.0,3581.10888671875,5644.0,17.74036242600414
677,2.3525402545928955,10528.489274978638,0.0,3581.10888671875,5644.0,17.765784713003086
678,2.361013889312744,7686.773882269859,0.0,3581.10888671875,5644.0,17.791186846006894
679,2.639967441558838,11374.578160524368,0.0,3581.10888671875,5644.0,17.816539589010063
680,2.5850777626037598,7717.351997494698,0.0,3581.10888671875,5644.0,17.84209018200636
681,2.854853868484497,8122.653760135174,0.0,3581.10888671875,5644.0,17.867777254999964
682,2.4215614795684814,8877.985323548317,0.0,3581.10888671875,5644.0,17.89363671200408
683,2.541139841079712,9615.401831626892,0.0,3581.10888671875,5644.0,17.91900173400063
684,2.3482108116149902,8310.756947755814,0.0,3581.10888671875,5644.0,17.944403332003276
685,2.7386527061462402,8216.217105984688,0.0,3581.10888671875,5644.0,17.969808818001184
686,3.193871259689331,13163.303273677826,0.0,3581.10888671875,5644.0,17.995169992005685
687,2.627387046813965,6870.458101212978,0.0,3581.10888671875,5644.0,18.020550607005134
688,2.7050724029541016,8551.6868095994,0.0,3581.10888671875,5644.0,18.045921841010568
689,2.3746159076690674,10019.071571707726,0.0,3581.10888671875,5644.0,18.071387292002328
690,2.4897022247314453,8930.473624646664,0.0,3581.10888671875,5644.0,18.096854177012574
691,2.4630911350250244,8369.426920056343,0.0,3581.10888671875,5644.0,18.122600465008873
692,2.354691743850708,7711.488285660744,0.0,3581.10888671875,5644.0,18.147998735003057
693,2.8984873294830322,9635.283643305302,0.0,3581.10888671875,5644.0,18.17500566301169
694,2.3386149406433105,10095.05346417427,0.0,3581.10888671875,5644.0,18.200355720007792
695,2.3169829845428467,8820.534497380257,0.0,3581.10888671875,5644.0,18.227191343001323
696,2.270160675048828,7871.5771861076355,0.0,3581.10888671875,5644.0,18.252638107005623
697,2.2092690467834473,7825.847422540188,0.0,3581.10888671875,5644.0,18.277995245007332
698,2.4988367557525635,8533.52136093378,0.0,3581.10888671875,5644.0,18.303386006999062
699,2.4331438541412354,9047.60463732481,0.0,3581.10888671875,5644.0,18.328759294003248
700,2.180943012237549,8787.956988275051,0.0,3581.10888671875,5644.0,18.35446945000149
701,2.9299676418304443,8590.547726392746,0.0,3581.10888671875,5644.0,18.3814920779987
702,2.427154302597046,9419.569495916367,0.0,3581.10888671875,5644.0,18.406911531012156
703,2.4188599586486816,12030.81009054184,0.0,3581.10888671875,5644.0,18.43385373101046
704,2.2461752891540527,7509.932411253452,0.0,3581.10888671875,5644.0,18.459406301000854
705,2.0460963249206543,7750.176994979382,0.0,3581.10888671875,5644.0,18.484912240004633
706,2.2447330951690674,8204.204028904438,0.0,3581.10888671875,5644.0,18.510285655007465
707,2.4052915573120117,5463.347650051117,0.0,3581.10888671875,5644.0,18.535674211001606
708,2.502045154571533,9552.007491886616,0.0,3581.10888671875,5644.0,18.561100920007448
709,2.174584150314331,8435.897932946682,0.0,3581.10888671875,5644.0,18.5867602500075
710,2.0988142490386963,8590.098595798016,0.0,3581.10888671875,5644.0,18.612146762010525
711,2.552307605743408,7393.504219055176,0.0,3581.10888671875,5644.0,18.637453468007152
712,2.057619571685791,7974.787926971912,0.0,3581.10888671875,5644.0,18.66294480500801
713,2.2188148498535156,7292.195701301098,0.0,3581.10888671875,5644.0,18.688245378012653
714,2.345475196838379,5413.99515619874,0.0,3581.10888671875,5644.0,18.714935839001555
715,2.4417567253112793,9778.841455042362,0.0,3581.10888671875,5644.0,18.740278947007027
716,2.3203680515289307,7117.676237463951,0.0,3581.10888671875,5644.0,18.765730792001705
717,2.200084686279297,10024.918762683868,0.0,3581.10888671875,5644.0,18.79107410600409
718,2.505316734313965,7542.576825022697,0.0,3581.10888671875,5644.0,18.81667546000972
719,2.2111971378326416,9636.424239099026,0.0,3581.10888671875,5644.0,18.842091697006254
720,2.969534397125244,7700.417929708958,0.0,3581.10888671875,5644.0,18.867418546011322
721,2.420628786087036,10588.763647317886,0.0,3581.10888671875,5644.0,18.89282338799967
722,2.287982702255249,7939.753118753433,0.0,3581.10888671875,5644.0,18.91840205900371
723,2.511445999145508,16614.79051542282,0.0,3581.10888671875,5644.0,18.943879276004736
724,2.3617727756500244,8769.510395288467,0.0,3581.10888671875,5644.0,18.969356460002018
725,2.3224308490753174,7444.444811522961,0.0,3581.10888671875,5644.0,18.994811336000566
726,2.4675798416137695,8989.865125656128,0.0,3581.10888671875,5644.0,19.020165519003058
727,2.680723190307617,7116.852040410042,0.0,3581.10888671875,5644.0,19.047078376010177
728,3.1283740997314453,7940.38583111763,0.0,3581.10888671875,5644.0,19.07390425800986
729,2.76820707321167,8782.260443329811,0.0,3581.10888671875,5644.0,19.09932414200739
730,2.493502140045166,6418.746266245842,0.0,3581.10888671875,5644.0,19.124769310001284
731,2.327301502227783,7582.187993586063,0.0,3581.10888671875,5644.0,19.150228313010302
732,2.3000152111053467,8486.967723608017,0.0,3581.10888671875,5644.0,19.175638345011976
733,1.9768608808517456,6517.264735341072,0.0,3581.10888671875,5644.0,19.201038402999984
734,2.1040074825286865,7753.2644438147545,0.0,3581.10888671875,5644.0,19.22641957399901
735,2.343830108642578,7749.153852462769,0.0,3581.10888671875,5644.0,19.251865392012405
736,2.3090767860412598,7073.170211851597,0.0,3581.10888671875,5644.0,19.277440346006188
737,2.1304543018341064,7542.036147236824,0.0,3581.10888671875,5644.0,19.302847680010018
738,2.0497686862945557,6095.668845653534,0.0,3581.10888671875,5644.0,19.328364212007727
739,2.3339943885803223,7193.116185903549,0.0,3581.10888671875,5644.0,19.35376743800589
740,2.528477191925049,29564.23434638977,0.0,3581.10888671875,5644.0,19.379261983005563
741,2.0475478172302246,9932.713156342506,0.0,3581.10888671875,5644.0,19.404632239005878
742,2.4235081672668457,8408.768194973469,0.0,3581.10888671875,5644.0,19.43032719301118
743,2.312488317489624,9381.690613627434,0.0,3581.10888671875,5644.0,19.455958112012013
744,1.9198418855667114,10378.964428663254,0.0,3581.10888671875,5644.0,19.48139631500817
745,2.3083279132843018,6450.945524930954,0.0,3581.10888671875,5644.0,19.508448061998934
746,2.9185080528259277,6021.040886044502,0.0,3581.10888671875,5644.0,19.533852627006127
747,2.4166853427886963,7420.609109759331,0.0,3581.10888671875,5644.0,19.55935327000043
748,1.8867368698120117,6192.6576726436615,0.0,3581.10888671875,5644.0,19.58475324700703
749,2.2723395824432373,5504.465507209301,0.0,3581.10888671875,5644.0,19.611665489006555
750,2.0538454055786133,8089.053861737251,0.0,3581.10888671875,5644.0,19.637052871010383
751,2.2406539916992188,7017.997141361237,0.0,3581.10888671875,5644.0,19.663821186011774
752,2.0967934131622314,5830.7538869977,0.0,3581.10888671875,5644.0,19.689228108007228
753,2.1894631385803223,6489.55291813612,0.0,3581.10888671875,5644.0,19.714544234011555
754,2.480193853378296,6298.185793757439,0.0,3581.10888671875,5644.0,19.74020306300372
755,2.317331314086914,5464.653291225433,0.0,3581.10888671875,5644.0,19.767071729002055
756,1.8554922342300415,8306.601114034653,0.0,3581.10888671875,5644.0,19.792413212009706
757,1.9489043951034546,6976.001838743687,0.0,3581.10888671875,5644.0,19.817838276008843
758,2.249288320541382,5878.141619503498,0.0,3581.10888671875,5644.0,19.843348141002934
759,2.0069124698638916,13577.520862102509,0.0,3581.10888671875,5644.0,19.869043523998698
760,1.9498645067214966,7119.275492310524,0.0,3581.10888671875,5644.0,19.89456720399903
761,2.6059303283691406,7372.84571737051,0.0,3581.10888671875,5644.0,19.91999077500077
762,2.017404794692993,6073.816738367081,0.0,3581.10888671875,5644.0,19.94542622299923
763,2.198563814163208,7646.804349422455,0.0,3581.10888671875,5644.0,19.971262042003218
764,2.2599027156829834,9921.704713344574,0.0,3581.10888671875,5644.0,19.99666483901092
765,2.8651058673858643,10215.629521608353,0.0,3581.10888671875,5644.0,20.021968879009364
766,2.1087067127227783,6891.552749574184,0.0,3581.10888671875,5644.0,20.047416456000064
767,2.0420236587524414,7353.679302930832,0.0,3581.10888671875,5644.0,20.072891115007224
768,2.406381368637085,6894.210786819458,0.0,3581.10888671875,5644.0,20.09831907800981
769,2.752438545227051,12754.023182630539,0.0,3581.10888671875,5644.0,20.12356565600203
770,2.411867618560791,7210.343523383141,0.0,3581.10888671875,5644.0,20.148954938005772
771,2.6405086517333984,11153.43730187416,0.0,3581.10888671875,5644.0,20.17429919099959
772,2.010084629058838,6898.667831599712,0.0,3581.10888671875,5644.0,20.199949076006305
773,2.08197021484375,6504.0999982357025,0.0,3581.10888671875,5644.0,20.225366580008995
774,2.6842544078826904,9744.147735595703,0.0,3581.10888671875,5644.0,20.252282715009642
775,2.4715805053710938,7125.399479329586,0.0,3581.10888671875,5644.0,20.279236343005323
776,2.0722644329071045,7351.795914113522,0.0,3581.10888671875,5644.0,20.304547643012484
777,2.208333730697632,7221.47132897377,0.0,3581.10888671875,5644.0,20.329979678004747
778,1.9013468027114868,6790.384413599968,0.0,3581.10888671875,5644.0,20.355333240004256
779,2.293503999710083,7158.9580627679825,0.0,3581.10888671875,5644.0,20.380695787011064
780,2.1750311851501465,8972.362098693848,0.0,3581.10888671875,5644.0,20.4060236140067
781,2.0252859592437744,8521.795252799988,0.0,3581.10888671875,5644.0,20.43196368801
782,2.2713282108306885,15791.687250852585,0.0,3581.10888671875,5644.0,20.457491441004095
783,2.0229499340057373,5821.51158028841,0.0,3581.10888671875,5644.0,20.482931269012624
784,1.80010986328125,8319.883967399597,0.0,3581.10888671875,5644.0,20.508379992999835
785,2.670788526535034,5747.132963061333,0.0,3581.10888671875,5644.0,20.533753232011804
786,1.7647486925125122,6393.48438167572,0.0,3581.10888671875,5644.0,20.559125740008312
787,2.1317765712738037,5739.155207037926,0.0,3581.10888671875,5644.0,20.584574738008087
788,1.841198444366455,7695.854563832283,0.0,3581.10888671875,5644.0,20.609879652009113
789,1.9259871244430542,7304.2029539346695,0.0,3581.10888671875,5644.0,20.63529566201032
790,1.6981474161148071,6387.1582144498825,0.0,3581.10888671875,5644.0,20.66095397200843
791,2.2809083461761475,6671.627889573574,0.0,3581.10888671875,5644.0,20.686323895002715
792,1.9788700342178345,6743.268033325672,0.0,3581.10888671875,5644.0,20.711749225010863
793,1.6794235706329346,8021.653388142586,0.0,3581.10888671875,5644.0,20.737332263001008
794,1.9334667921066284,6522.792313396931,0.0,3581.10888671875,5644.0,20.76267264300259
795,2.232520580291748,8170.175549149513,0.0,3581.10888671875,5644.0,20.78799923301267
796,1.9666904211044312,6825.936529874802,0.0,3581.10888671875,5644.0,20.813354242010973
797,2.0186047554016113,8352.300994575024,0.0,3581.10888671875,5644.0,20.83876611800224
798,2.173259973526001,7472.56054097414,0.0,3581.10888671875,5644.0,20.864108788009617
799,2.0752968788146973,7437.146456182003,0.0,3581.10888671875,5644.0,20.889806801002123
800,1.9681129455566406,6224.880269885063,0.0,3581.10888671875,5644.0,20.915205744007835
801,1.7944622039794922,6316.883491456509,0.0,3581.10888671875,5644.0,20.940860524002346
802,2.2452356815338135,5863.909564137459,0.0,3581.10888671875,5644.0,20.967580286000157
803,1.9737318754196167,6762.119156002998,0.0,3581.10888671875,5644.0,20.99292418100231
804,2.5280303955078125,9565.823176383972,0.0,3581.10888671875,5644.0,21.018364282004768
805,1.9785220623016357,7970.062253892422,0.0,3581.10888671875,5644.0,21.043735687999288
806,1.8146862983703613,7970.877775073051,0.0,3581.10888671875,5644.0,21.069116244005272
807,2.605339288711548,9170.150111079216,0.0,3581.10888671875,5644.0,21.094372751002084
808,2.0964221954345703,15542.897176027298,0.0,3581.10888671875,5644.0,21.119970308005577
809,2.3637263774871826,5630.449936628342,0.0,3581.10888671875,5644.0,21.14663885399932
810,2.189898729324341,5933.755525350571,0.0,3581.10888671875,5644.0,21.172016579002957
811,1.8178108930587769,6237.358527898788,0.0,3581.10888671875,5644.0,21.197450928011676
812,2.47574520111084,6229.474133133888,0.0,3581.10888671875,5644.0,21.22419422600069
813,2.2090508937835693,6607.691897273064,0.0,3581.10888671875,5644.0,21.250878254999407
814,1.6748052835464478,7541.245320677757,0.0,3581.10888671875,5644.0,21.276401907001855
815,1.853246808052063,7423.93356603384,0.0,3581.10888671875,5644.0,21.301721517011174
816,2.255957841873169,7051.665479660034,0.0,3581.10888671875,5644.0,21.327161501001683
817,2.104688882827759,8004.356932640076,0.0,3581.10888671875,5644.0,21.35296823400131
818,2.0747478008270264,10019.817494273186,0.0,3581.10888671875,5644.0,21.378304638012196
819,2.1376538276672363,8221.827288389206,0.0,3581.10888671875,5644.0,21.40385551500367
820,1.630934715270996,7690.373900413513,0.0,3581.10888671875,5644.0,21.42958061399986
821,1.8636531829833984,9198.491636037827,0.0,3581.10888671875,5644.0,21.455157944001257
822,1.648173451423645,6213.490563869476,0.0,3581.10888671875,5644.0,21.480532027009758
823,1.770933985710144,9285.995108366013,0.0,3581.10888671875,5644.0,21.506002793001244
824,1.9704549312591553,7502.76029497385,0.0,3581.10888671875,5644.0,21.531400138002937
825,1.7730871438980103,6898.313159584999,0.0,3581.10888671875,5644.0,21.55683318201045
826,1.825102686882019,8235.984322071075,0.0,3581.10888671875,5644.0,21.58252978901146
827,1.7485586404800415,6320.644033133984,0.0,3581.10888671875,5644.0,21.607945791998645
828,2.249016761779785,7043.893813490868,0.0,3581.10888671875,5644.0,21.634686823002994
829,1.6756391525268555,8179.786117494106,0.0,3581.10888671875,5644.0,21.660034363012528
830,1.963594913482666,8970.372968792915,0.0,3581.10888671875,5644.0,21.685411098005716
831,1.908687710762024,8647.152695655823,0.0,3581.10888671875,5644.0,21.71085148100974
832,2.3543710708618164,13982.93867301941,0.0,3581.10888671875,5644.0,21.736208993010223
833,2.8587424755096436,9243.051326990128,0.0,3581.10888671875,5644.0,21.76315071400313
834,1.8301862478256226,8499.037476301193,0.0,3581.10888671875,5644.0,21.78845808999904
835,1.638686180114746,10629.23204857111,0.0,3581.10888671875,5644.0,21.81410815300478
836,1.681276559829712,5860.671624660492,0.0,3581.10888671875,5644.0,21.839567568007624
837,1.8908072710037231,17410.977947235107,0.0,3581.10888671875,5644.0,21.86546237600851
838,1.6785187721252441,6890.910563826561,0.0,3581.10888671875,5644.0,21.890823348003323
839,2.1946022510528564,5985.804775357246,0.0,3581.10888671875,5644.0,21.91621680400567
840,1.6981980800628662,6552.624385774136,0.0,3581.10888671875,5644.0,21.941795017002732
841,1.8243939876556396,8099.914823770523,0.0,3581.10888671875,5644.0,21.967209829002968
842,2.1736202239990234,11803.100568175316,0.0,3581.10888671875,5644.0,21.99269539900706
843,1.7028529644012451,13199.94096493721,0.0,3581.10888671875,5644.0,22.01808298000833
844,1.7578099966049194,8767.22394144535,0.0,3581.10888671875,5644.0,22.043713839011616
845,1.7620362043380737,9163.479578614235,0.0,3581.10888671875,5644.0,22.069027517005452
846,1.911424994468689,7858.340812325478,0.0,3581.10888671875,5644.0,22.094440089000273
847,2.0288825035095215,9507.799408257008,0.0,3581.10888671875,5644.0,22.11977021700295
848,1.9134002923965454,6181.2925271987915,0.0,3581.10888671875,5644.0,22.14657767000608
849,1.812232494354248,31707.97523498535,0.0,3581.10888671875,5644.0,22.171996428005514
850,2.0777947902679443,6847.202358305454,0.0,3581.10888671875,5644.0,22.197314483011723
851,1.7235527038574219,6814.230571806431,0.0,3581.10888671875,5644.0,22.222692285999074
852,1.5149896144866943,6412.414325714111,0.0,3581.10888671875,5644.0,22.248187262011925
853,1.8100767135620117,6843.026217401028,0.0,3581.10888671875,5644.0,22.273928029011586
854,2.634446144104004,7464.121764302254,0.0,3581.10888671875,5644.0,22.29914831199858
855,2.1547722816467285,7027.829371273518,0.0,3581.10888671875,5644.0,22.324572897006874
856,2.3755710124969482,8019.134441792965,0.0,3581.10888671875,5644.0,22.351392810000107
857,1.8143901824951172,8034.802882313728,0.0,3581.10888671875,5644.0,22.376852797999163
858,1.6131702661514282,6715.875342965126,0.0,3581.10888671875,5644.0,22.402284565003356
859,2.0523359775543213,6920.995091199875,0.0,3581.10888671875,5644.0,22.427729716000613
860,2.192014217376709,6879.420549869537,0.0,3581.10888671875,5644.0,22.45333379400836
861,1.67769455909729,7720.562561035156,0.0,3581.10888671875,5644.0,22.478779379001935
862,1.5629616975784302,7095.67164170742,0.0,3581.10888671875,5644.0,22.504473383000004
863,1.7621009349822998,7991.849786281586,0.0,3581.10888671875,5644.0,22.529862750001485
864,2.465480089187622,9112.854060649872,0.0,3581.10888671875,5644.0,22.555282760004047
865,1.562325358390808,7089.527636528015,0.0,3581.10888671875,5644.0,22.580713507006294
866,1.7660481929779053,9819.351814389229,0.0,3581.10888671875,5644.0,22.60607566899853
867,1.6011183261871338,5610.099440276623,0.0,3581.10888671875,5644.0,22.631559432003996
868,1.7741361856460571,7505.461149215698,0.0,3581.10888671875,5644.0,22.656963430999895
869,1.556997299194336,7408.78430390358,0.0,3581.10888671875,5644.0,22.682386383006815
870,1.9356956481933594,6958.192340552807,0.0,3581.10888671875,5644.0,22.707723472005455
871,2.156388521194458,10431.415023803711,0.0,3581.10888671875,5644.0,22.73336983899935
872,1.7356605529785156,10189.56460571289,0.0,3581.10888671875,5644.0,22.758793512999546
873,2.4680261611938477,6620.7459844350815,0.0,3581.10888671875,5644.0,22.78571136201208
874,1.7475427389144897,8083.1812579631805,0.0,3581.10888671875,5644.0,22.811146733001806
875,1.7827212810516357,8377.99497282505,0.0,3581.10888671875,5644.0,22.83658805101004
876,1.8686110973358154,6117.634158372879,0.0,3581.10888671875,5644.0,22.86341484299919
877,2.5440657138824463,10375.070873618126,0.0,3581.10888671875,5644.0,22.888653643007274
878,2.2343971729278564,7539.509027838707,0.0,3581.10888671875,5644.0,22.914080513000954
879,1.981698751449585,8808.36780321598,0.0,3581.10888671875,5644.0,22.939604711005813
880,1.7071352005004883,8979.121110141277,0.0,3581.10888671875,5644.0,22.96540481100965
881,1.750839114189148,6106.2000687122345,0.0,3581.10888671875,5644.0,22.99070816600579
882,2.8770298957824707,7915.241500735283,0.0,3581.10888671875,5644.0,23.01763115799986
883,2.459419012069702,8545.36972796917,0.0,3581.10888671875,5644.0,23.04288388301211
884,1.701171875,6465.10622549057,0.0,3581.10888671875,5644.0,23.068231987010222
885,1.7904630899429321,5654.819080352783,0.0,3581.10888671875,5644.0,23.093631026000367
886,1.7317842245101929,8221.549318909645,0.0,3581.10888671875,5644.0,23.11901064500853
887,1.8474839925765991,8434.770784139633,0.0,3581.10888671875,5644.0,23.14434219400573
888,1.7971670627593994,8149.351250886917,0.0,3581.10888671875,5644.0,23.169720967009198
889,1.7716484069824219,7624.815240263939,0.0,3581.10888671875,5644.0,23.195267836010316
890,1.704593539237976,7241.43026304245,0.0,3581.10888671875,5644.0,23.22066299901053
891,1.5290606021881104,8596.985351920128,0.0,3581.10888671875,5644.0,23.246174486004747
892,2.633667469024658,6466.133405208588,0.0,3581.10888671875,5644.0,23.27304021200689
893,1.7536747455596924,7547.890331506729,0.0,3581.10888671875,5644.0,23.298509074011235
894,2.0268468856811523,6748.198765397072,0.0,3581.10888671875,5644.0,23.323837243005983
895,1.5867232084274292,6200.113047122955,0.0,3581.10888671875,5644.0,23.34915331900993
896,1.9429703950881958,8352.348973274231,0.0,3581.10888671875,5644.0,23.374601713003358
897,1.5727967023849487,7419.106283128262,0.0,3581.10888671875,5644.0,23.40005395800108
898,1.6200982332229614,9155.584844112396,0.0,3581.10888671875,5644.0,23.425762028011377
899,1.4963968992233276,8321.961632430553,0.0,3581.10888671875,5644.0,23.45130631000211
900,1.487271785736084,7392.298125863075,0.0,3581.10888671875,5644.0,23.477157968998654
901,1.9256556034088135,9026.04992556572,0.0,3581.10888671875,5644.0,23.50280558501254
902,1.8839354515075684,9846.22698044777,0.0,3581.10888671875,5644.0,23.52819987401017
903,2.135767698287964,7600.850379824638,0.0,3581.10888671875,5644.0,23.555064562999178
904,1.471301794052124,5853.097325026989,0.0,3581.10888671875,5644.0,23.58047302700288
905,2.142716884613037,6986.033580124378,0.0,3581.10888671875,5644.0,23.605699753010413
906,1.7541813850402832,6034.7269178032875,0.0,3581.10888671875,5644.0,23.63103702000808
907,2.022613525390625,7371.959118008614,0.0,3581.10888671875,5644.0,23.656659270011005
908,1.5423420667648315,6902.731014430523,0.0,3581.10888671875,5644.0,23.68205335800303
909,1.5589168071746826,8320.87160038948,0.0,3581.10888671875,5644.0,23.70743413400487
910,1.4548084735870361,6853.02431589365,0.0,3581.10888671875,5644.0,23.732863919009105
911,1.5325002670288086,6858.728775441647,0.0,3581.10888671875,5644.0,23.7582649350079
912,1.6649857759475708,9154.112934827805,0.0,3581.10888671875,5644.0,23.783686445007334
913,1.7368890047073364,5139.03378367424,0.0,3581.10888671875,5644.0,23.8091425520106
914,1.5237586498260498,9849.057753801346,0.0,3581.10888671875,5644.0,23.834608998004114
915,1.3441767692565918,5777.052241325378,0.0,3581.10888671875,5644.0,23.860534921012004
916,1.6291245222091675,7178.6204570531845,0.0,3581.10888671875,5644.0,23.886546720008482
917,1.6454722881317139,8365.60901939869,0.0,3581.10888671875,5644.0,23.911989878004533
918,1.394531488418579,6753.332317709923,0.0,3581.10888671875,5644.0,23.9375251490128
919,1.8208394050598145,6200.825779378414,0.0,3581.10888671875,5644.0,23.96318806600175
920,1.3855183124542236,9220.214549303055,0.0,3581.10888671875,5644.0,23.988446398012456
921,1.9425677061080933,6091.6108964681625,0.0,3581.10888671875,5644.0,24.01386753701081
922,1.901146411895752,8369.694543659687,0.0,3581.10888671875,5644.0,24.039207015011925
923,1.3407477140426636,6869.412725627422,0.0,3581.10888671875,5644.0,24.064597713004332
924,1.9893912076950073,6809.048168301582,0.0,3581.10888671875,5644.0,24.089949567001895
925,1.4574376344680786,7321.608296632767,0.0,3581.10888671875,5644.0,24.115599677010323
926,2.011042356491089,4653.91452819109,0.0,3581.10888671875,5644.0,24.142497608001577
927,1.815494418144226,5439.1980702281,0.0,3581.10888671875,5644.0,24.167879871005425
928,1.9207561016082764,5679.492854714394,0.0,3581.10888671875,5644.0,24.194520406002994
929,1.957506537437439,6268.546925365925,0.0,3581.10888671875,5644.0,24.219946311000967
930,1.9885157346725464,7653.262080073357,0.0,3581.10888671875,5644.0,24.24669155200536
931,1.790013313293457,8558.045747160912,0.0,3581.10888671875,5644.0,24.27217341600044
932,1.3169859647750854,6011.75546091795,0.0,3581.10888671875,5644.0,24.297618531010812
933,1.8945884704589844,5617.146244049072,0.0,3581.10888671875,5644.0,24.322999044001335
934,1.4971280097961426,7861.502019882202,0.0,3581.10888671875,5644.0,24.348693283012835
935,1.5272849798202515,7182.2908435463905,0.0,3581.10888671875,5644.0,24.374127757007955
936,1.6548763513565063,9795.98034787178,0.0,3581.10888671875,5644.0,24.399444219001452
937,1.4163347482681274,16785.056343078613,0.0,3581.10888671875,5644.0,24.42495800300094
938,1.2744730710983276,6518.931352078915,0.0,3581.10888671875,5644.0,24.45045964801102
939,2.635035276412964,8604.976917505264,0.0,3581.10888671875,5644.0,24.475694931999897
940,1.4868577718734741,5941.147289812565,0.0,3581.10888671875,5644.0,24.501045616998454
941,1.5223652124404907,6619.846927583218,0.0,3581.10888671875,5644.0,24.52644437699928
942,1.7386308908462524,6021.070732414722,0.0,3581.10888671875,5644.0,24.551758418005193
943,1.314785122871399,7417.059282302856,0.0,3581.10888671875,5644.0,24.577460195010644
944,1.4089140892028809,7342.11230379343,0.0,3581.10888671875,5644.0,24.602792074001627
945,1.5637072324752808,5721.847938120365,0.0,3581.10888671875,5644.0,24.62809416600794
946,1.300795555114746,6920.154904007912,0.0,3581.10888671875,5644.0,24.653458120010328
947,1.4147270917892456,4639.123451828957,0.0,3581.10888671875,5644.0,24.67877727501036
948,1.9086260795593262,8464.289003133774,0.0,3581.10888671875,5644.0,24.70413439400727
949,2.0334959030151367,5503.426087498665,0.0,3581.10888671875,5644.0,24.730919502006145
950,1.4775524139404297,5233.898063957691,0.0,3581.10888671875,5644.0,24.756599191008718
951,1.4622615575790405,7045.720414638519,0.0,3581.10888671875,5644.0,24.78201304101094
952,1.3269972801208496,6183.61015689373,0.0,3581.10888671875,5644.0,24.80773706000764
953,1.5467746257781982,10570.571184635162,0.0,3581.10888671875,5644.0,24.83323226599896
954,1.5358226299285889,6493.226055562496,0.0,3581.10888671875,5644.0,24.858534528000746
955,1.377272605895996,13451.581567287445,0.0,3581.10888671875,5644.0,24.88395718400716
956,1.4368038177490234,4661.872161865234,0.0,3581.10888671875,5644.0,24.909326963010244
957,1.2130950689315796,5824.321339249611,0.0,3581.10888671875,5644.0,24.934809983009472
958,1.7300841808319092,6981.03789639473,0.0,3581.10888671875,5644.0,24.960291983006755
959,2.383152723312378,17530.06569814682,0.0,3581.10888671875,5644.0,24.98556417200598
960,1.3342429399490356,5478.927218019962,0.0,3581.10888671875,5644.0,25.011029409011826
961,1.5567469596862793,6864.878177046776,0.0,3581.10888671875,5644.0,25.036676235002233
962,1.4181315898895264,4651.527134358883,0.0,3581.10888671875,5644.0,25.06203899301181
963,1.1237679719924927,7718.719113826752,0.0,3581.10888671875,5644.0,25.087687292005285
964,2.511070966720581,6671.744525432587,0.0,3581.10888671875,5644.0,25.11303040799976
965,1.760948896408081,9689.301871538162,0.0,3581.10888671875,5644.0,25.13839581600041
966,1.4499601125717163,6845.829691171646,0.0,3581.10888671875,5644.0,25.163871223005117
967,1.5445218086242676,7802.519635915756,0.0,3581.10888671875,5644.0,25.189294070005417
968,2.009409189224243,8141.9419540166855,0.0,3581.10888671875,5644.0,25.214668257001904
969,1.6963181495666504,8011.058771908283,0.0,3581.10888671875,5644.0,25.24008101700747
970,1.5146610736846924,9694.531945466995,0.0,3581.10888671875,5644.0,25.26576601600391
971,1.2021558284759521,6335.304331660271,0.0,3581.10888671875,5644.0,25.291215258010197
972,1.28121817111969,8002.65584731102,0.0,3581.10888671875,5644.0,25.31658326800971
973,1.9671311378479004,8748.916045665741,0.0,3581.10888671875,5644.0,25.343409066001186
974,0.9987653493881226,7601.3814606666565,0.0,3581.10888671875,5644.0,25.368730703004985
975,1.162369728088379,6123.574995517731,0.0,3581.10888671875,5644.0,25.39413419899938
976,1.6435524225234985,6281.164601922035,0.0,3581.10888671875,5644.0,25.41980461400817
977,2.0240097045898438,7147.12151235342,0.0,3581.10888671875,5644.0,25.44542770400585
978,1.1428678035736084,4136.031875610352,0.0,3581.10888671875,5644.0,25.47090882700286
979,1.3787367343902588,5115.155099987984,0.0,3581.10888671875,5644.0,25.496596862009028
980,1.71451997756958,7055.390940904617,0.0,3581.10888671875,5644.0,25.522072265011957
981,1.491869568824768,6162.738341927528,0.0,3581.10888671875,5644.0,25.547551957002725
982,1.2918696403503418,7261.694920539856,0.0,3581.10888671875,5644.0,25.573027236008784
983,1.3732469081878662,6337.38107073307,0.0,3581.10888671875,5644.0,25.59844594000606
984,1.2419443130493164,8531.324085354805,0.0,3581.10888671875,5644.0,25.623821111003053
985,1.502413034439087,7132.233661055565,0.0,3581.10888671875,5644.0,25.649219327999162
986,1.2571942806243896,4247.38979780674,0.0,3581.10888671875,5644.0,25.674612278002314
987,1.2658146619796753,5618.398430228233,0.0,3581.10888671875,5644.0,25.70000416500261
988,1.6219996213912964,9752.807141542435,0.0,3581.10888671875,5644.0,25.725510162999853
989,1.1958140134811401,6222.630457878113,0.0,3581.10888671875,5644.0,25.750925990010728
990,1.55650794506073,8643.967314124107,0.0,3581.10888671875,5644.0,25.77644341600535
991,1.6938955783843994,5799.267279326916,0.0,3581.10888671875,5644.0,25.801750980012002
992,1.2658345699310303,9097.204466342926,0.0,3581.10888671875,5644.0,25.82718159200158
993,1.4659606218338013,6524.72822868824,0.0,3581.10888671875,5644.0,25.852609836001648
994,1.653573751449585,7896.645516753197,0.0,3581.10888671875,5644.0,25.878263078004238
995,1.6134113073349,10523.007871508598,0.0,3581.10888671875,5644.0,25.903703030009638
996,1.4648667573928833,7448.146930336952,0.0,3581.10888671875,5644.0,25.928981126999133
997,1.2164558172225952,6056.498415827751,0.0,3581.10888671875,5644.0,25.954785779002123
998,1.1168053150177002,4753.194975852966,0.0,3581.10888671875,5644.0,25.980210713009
999,1.2939180135726929,5719.800499796867,0.0,3581.10888671875,5644.0,26.005606353006442
1000,1.7043299674987793,6260.188237309456,0.0,3581.10888671875,5644.0,26.032500893008546
1001,1.6080453395843506,7016.58501791954,0.0,4472.1982421875,11424.0,27.642486245007603
1002,1.101581335067749,7311.3463698625565,0.0,4472.1982421875,11424.0,27.667979982012184
1003,1.6611621379852295,5782.477248072624,0.0,4472.1982421875,11424.0,27.693364720005775
1004,1.5689351558685303,5369.697647571564,0.0,4472.1982421875,11424.0,27.718774310007575
1005,1.9126285314559937,4555.163452386856,0.0,4472.1982421875,11424.0,27.745516619004775
1006,1.5311721563339233,5884.516834974289,0.0,4472.1982421875,11424.0,27.770868038001936
1007,2.2569682598114014,7488.837822437286,0.0,4472.1982421875,11424.0,27.796251243009465
1008,1.777002215385437,6025.710917770863,0.0,4472.1982421875,11424.0,27.821616717003053
1009,1.2061933279037476,4609.405324459076,0.0,4472.1982421875,11424.0,27.84706074600399
1010,1.4916892051696777,7549.121833205223,0.0,4472.1982421875,11424.0,27.872989295006846
1011,1.4341837167739868,8295.988218307495,0.0,4472.1982421875,11424.0,27.898501703006332
1012,1.3804224729537964,5568.831946015358,0.0,4472.1982421875,11424.0,27.92395450201002
1013,1.2948272228240967,6551.707910299301,0.0,4472.1982421875,11424.0,27.949615202000132
1014,1.1062029600143433,5143.553288698196,0.0,4472.1982421875,11424.0,27.975141929011443
1015,0.9997727274894714,5256.169025301933,0.0,4472.1982421875,11424.0,28.00052476199926
1016,1.3096684217453003,3884.731568455696,0.0,4472.1982421875,11424.0,28.025880027998937
1017,1.3791431188583374,4879.52454072237,0.0,4472.1982421875,11424.0,28.05126111600839
1018,1.1067475080490112,4662.31748098135,0.0,4472.1982421875,11424.0,28.076685291001922
1019,1.907321810722351,4994.616538882256,0.0,4472.1982421875,11424.0,28.103745404005167
1020,1.139749526977539,4665.841184616089,0.0,4472.1982421875,11424.0,28.129103917002794
1021,1.2307488918304443,13691.803696632385,0.0,4472.1982421875,11424.0,28.15432311000768
1022,1.4425065517425537,5090.547143161297,0.0,4472.1982421875,11424.0,28.179761037012213
1023,1.1383495330810547,6518.593291521072,0.0,4472.1982421875,11424.0,28.2051267830102
1024,1.2262450456619263,5450.302828907967,0.0,4472.1982421875,11424.0,28.230521705001593
1025,1.4753131866455078,4839.995573401451,0.0,4472.1982421875,11424.0,28.25592692900682
1026,1.6359244585037231,12074.248266220093,0.0,4472.1982421875,11424.0,28.282690176012693
1027,1.7433420419692993,7661.935438275337,0.0,4472.1982421875,11424.0,28.307980481011327
1028,1.1902849674224854,5620.4818387031555,0.0,4472.1982421875,11424.0,28.333727520002867
1029,1.2298715114593506,7141.101797103882,0.0,4472.1982421875,11424.0,28.359103256007074
1030,1.0998601913452148,5703.869720637798,0.0,4472.1982421875,11424.0,28.384564677005983
1031,1.6633708477020264,6459.469613075256,0.0,4472.1982421875,11424.0,28.40995085700706
1032,1.4731664657592773,5669.146983683109,0.0,4472.1982421875,11424.0,28.435313025009236
1033,1.8855708837509155,5324.983519732952,0.0,4472.1982421875,11424.0,28.46081361400138
1034,1.1523919105529785,6712.822982549667,0.0,4472.1982421875,11424.0,28.486322709999513
1035,1.3587754964828491,6707.330093860626,0.0,4472.1982421875,11424.0,28.51170848699985
1036,1.6196061372756958,5657.886378288269,0.0,4472.1982421875,11424.0,28.53708592199837
1037,1.4832755327224731,4171.046924471855,0.0,4472.1982421875,11424.0,28.564060084012453
1038,1.2885061502456665,7268.951984763145,0.0,4472.1982421875,11424.0,28.58935767300136
1039,0.8869216442108154,5726.398867607117,0.0,4472.1982421875,11424.0,28.614818893009215
1040,1.8143482208251953,4008.190587043762,0.0,4472.1982421875,11424.0,28.641571715008467
1041,1.4945882558822632,16425.477677345276,0.0,4472.1982421875,11424.0,28.666893066008925
1042,1.5850812196731567,4508.334793627262,0.0,4472.1982421875,11424.0,28.692243110010168
1043,0.7289022207260132,3766.3725384175777,0.0,4472.1982421875,11424.0,28.71764766301203
1044,1.914839267730713,6858.6674909591675,0.0,4472.1982421875,11424.0,28.74304985300114
1045,1.1876534223556519,5976.907833456993,0.0,4472.1982421875,11424.0,28.76860455601127
1046,1.0230083465576172,6030.93537145853,0.0,4472.1982421875,11424.0,28.79421396199905
1047,1.374585747718811,5783.384910941124,0.0,4472.1982421875,11424.0,28.81960158800939
1048,2.2717370986938477,8594.166374921799,0.0,4472.1982421875,11424.0,28.845036633007112
1049,1.1640704870224,9383.079554915428,0.0,4472.1982421875,11424.0,28.870514932001242
1050,1.1088504791259766,5547.2067012786865,0.0,4472.1982421875,11424.0,28.895903759010253
1051,0.9265668988227844,6299.396965146065,0.0,4472.1982421875,11424.0,28.92130607800209
1052,1.1003142595291138,8087.855640292168,0.0,4472.1982421875,11424.0,28.946787632012274
1053,1.2627332210540771,5436.075507342815,0.0,4472.1982421875,11424.0,28.972305331000825
1054,1.6596400737762451,6856.188597917557,0.0,4472.1982421875,11424.0,28.997734636999667
1055,1.183579683303833,6292.7234699726105,0.0,4472.1982421875,11424.0,29.02345029800199
1056,1.1312198638916016,6847.737125635147,0.0,4472.1982421875,11424.0,29.048771269008284
1057,1.2992957830429077,8848.497009277344,0.0,4472.1982421875,11424.0,29.074210192004102
1058,0.9535544514656067,5115.083364903927,0.0,4472.1982421875,11424.0,29.099754431008478
1059,1.1091716289520264,6801.345199227333,0.0,4472.1982421875,11424.0,29.125300074010738
1060,1.3656184673309326,16872.137170791626,0.0,4472.1982421875,11424.0,29.151474891012185
1061,1.528266429901123,5495.644454956055,0.0,4472.1982421875,11424.0,29.177669659009553
1062,1.0961592197418213,4604.514222979546,0.0,4472.1982421875,11424.0,29.203320511005586
1063,1.2278622388839722,6451.600347518921,0.0,4472.1982421875,11424.0,29.22881231000065
1064,1.292286992073059,10433.792627096176,0.0,4472.1982421875,11424.0,29.254608135001035
1065,1.7498583793640137,6888.730450630188,0.0,4472.1982421875,11424.0,29.279893901999458
1066,1.222581386566162,11463.555341243744,0.0,4472.1982421875,11424.0,29.30531031600549
1067,1.5342355966567993,5546.471452474594,0.0,4472.1982421875,11424.0,29.330680767001468
1068,1.106321096420288,6200.544802963734,0.0,4472.1982421875,11424.0,29.356118642012007
1069,1.0871204137802124,6353.974491477013,0.0,4472.1982421875,11424.0,29.381654593002168
1070,1.7944046258926392,7100.930729448795,0.0,4472.1982421875,11424.0,29.40706131501065
1071,1.1881463527679443,6448.830398321152,0.0,4472.1982421875,11424.0,29.432556598010706
1072,1.5287915468215942,7990.043361663818,0.0,4472.1982421875,11424.0,29.458315980009502
1073,1.1257271766662598,8413.832347631454,0.0,4472.1982421875,11424.0,29.4841532069986
1074,1.4628911018371582,5193.470696628094,0.0,4472.1982421875,11424.0,29.509625734004658
1075,1.2674031257629395,6710.794596195221,0.0,4472.1982421875,11424.0,29.53500350601098
1076,1.2882108688354492,5789.598167359829,0.0,4472.1982421875,11424.0,29.560527041001478
1077,1.3835207223892212,7880.683239221573,0.0,4472.1982421875,11424.0,29.58594374101085
1078,1.4849798679351807,6744.583273649216,0.0,4472.1982421875,11424.0,29.611282780009788
1079,1.1034700870513916,6687.314151287079,0.0,4472.1982421875,11424.0,29.636743780007237
1080,1.1581897735595703,6215.605403602123,0.0,4472.1982421875,11424.0,29.662051430001156
1081,1.1349880695343018,7311.600718319416,0.0,4472.1982421875,11424.0,29.687445927003864
1082,1.2729344367980957,5751.9764585494995,0.0,4472.1982421875,11424.0,29.71315703399887
1083,1.4096623659133911,5911.971114397049,0.0,4472.1982421875,11424.0,29.73858314700192
1084,1.6326810121536255,5997.602375745773,0.0,4472.1982421875,11424.0,29.76403219200438
1085,0.935228168964386,8223.756482362747,0.0,4472.1982421875,11424.0,29.78941464801028
1086,1.6442714929580688,4535.390434086323,0.0,4472.1982421875,11424.0,29.81487655400997
1087,1.4419416189193726,5370.200231790543,0.0,4472.1982421875,11424.0,29.840458247999777
1088,1.5269304513931274,4216.8471928834915,0.0,4472.1982421875,11424.0,29.866368756003794
1089,1.4145381450653076,7240.944975018501,0.0,4472.1982421875,11424.0,29.8919966960093
1090,1.2954087257385254,4544.362379491329,0.0,4472.1982421875,11424.0,29.917400939011713
1091,1.7216815948486328,6214.418145537376,0.0,4472.1982421875,11424.0,29.944586808007443
1092,1.4577382802963257,6991.115426659584,0.0,4472.1982421875,11424.0,29.970129370005452
1093,1.0809428691864014,5975.463028669357,0.0,4472.1982421875,11424.0,29.995508008010802
1094,1.7299898862838745,5336.855662107468,0.0,4472.1982421875,11424.0,30.022241598999244
1095,1.3596527576446533,6940.624675631523,0.0,4472.1982421875,11424.0,30.047611989008146
1096,1.417938232421875,4627.685761362314,0.0,4472.1982421875,11424.0,30.07305334600096
1097,0.9689520001411438,5125.85191577673,0.0,4472.1982421875,11424.0,30.098987645003945
1098,1.0011109113693237,5869.190192401409,0.0,4472.1982421875,11424.0,30.124726695008576
1099,1.2286152839660645,5474.881315648556,0.0,4472.1982421875,11424.0,30.150285673007602
1100,0.9851621985435486,5572.741711914539,0.0,4472.1982421875,11424.0,30.17597254800785
1101,1.7479311227798462,6523.331339895725,0.0,4472.1982421875,11424.0,30.203963161999127
1102,0.954088032245636,5371.7037153840065,0.0,4472.1982421875,11424.0,30.229616320008063
1103,1.078153133392334,5966.553692102432,0.0,4472.1982421875,11424.0,30.255144151000422
1104,1.4191186428070068,4979.859916985035,0.0,4472.1982421875,11424.0,30.280493024009047
1105,1.2338201999664307,4883.470317721367,0.0,4472.1982421875,11424.0,30.305889342009323
1106,1.086841344833374,6501.886210143566,0.0,4472.1982421875,11424.0,30.331284441999742
1107,1.7800335884094238,6983.233892142773,0.0,4472.1982421875,11424.0,30.35663124200073
1108,0.8583512306213379,4198.127172827721,0.0,4472.1982421875,11424.0,30.381982544000493
1109,1.5204565525054932,4825.475277364254,0.0,4472.1982421875,11424.0,30.407578972008196
1110,1.4931625127792358,4479.587553501129,0.0,4472.1982421875,11424.0,30.434346387002734
1111,0.9565978050231934,10800.39725112915,0.0,4472.1982421875,11424.0,30.4599136080069
1112,0.8467526435852051,4362.237284183502,0.0,4472.1982421875,11424.0,30.485458089009626
1113,1.0566991567611694,6064.698519587517,0.0,4472.1982421875,11424.0,30.510852085004444
1114,1.697173833847046,7231.202061414719,0.0,4472.1982421875,11424.0,30.53757119900547
1115,1.2732690572738647,7100.130241394043,0.0,4472.1982421875,11424.0,30.562852215007297
1116,1.3395782709121704,5795.499209702015,0.0,4472.1982421875,11424.0,30.588293884007726
1117,1.324185848236084,7379.312770366669,0.0,4472.1982421875,11424.0,30.613684037001804
1118,1.2204762697219849,4868.093015134335,0.0,4472.1982421875,11424.0,30.63929093600018
1119,1.1918504238128662,6114.07759064436,0.0,4472.1982421875,11424.0,30.66462476400193
1120,1.8698365688323975,6917.652344286442,0.0,4472.1982421875,11424.0,30.690161777005414
1121,1.728472352027893,4003.5321459174156,0.0,4472.1982421875,11424.0,30.716858168001636
1122,1.1645865440368652,7098.277452349663,0.0,4472.1982421875,11424.0,30.742108021004242
1123,1.10908842086792,21029.459535598755,0.0,4472.1982421875,11424.0,30.767556443010108
1124,1.131134271621704,4918.776732861996,0.0,4472.1982421875,11424.0,30.7929910870007
1125,1.041649341583252,7702.934171915054,0.0,4472.1982421875,11424.0,30.818343851002282
1126,1.130502700805664,5689.095211863518,0.0,4472.1982421875,11424.0,30.84376566600986
1127,1.06081223487854,4941.191931128502,0.0,4472.1982421875,11424.0,30.869526609007153
1128,2.0037827491760254,5471.955870509148,0.0,4472.1982421875,11424.0,30.894846706010867
1129,1.0433189868927002,6654.85122525692,0.0,4472.1982421875,11424.0,30.92020389701065
1130,1.823046088218689,4830.777977824211,0.0,4472.1982421875,11424.0,30.947316008008784
1131,1.601738452911377,12507.116235733032,0.0,4472.1982421875,11424.0,30.974226542006363
1132,1.2479983568191528,8780.273899555206,0.0,4472.1982421875,11424.0,30.999771168004372
1133,0.8237980604171753,5315.881286859512,0.0,4472.1982421875,11424.0,31.02524288999848
1134,1.6789649724960327,6852.735962867737,0.0,4472.1982421875,11424.0,31.0521401540027
1135,1.218900442123413,8008.72859275341,0.0,4472.1982421875,11424.0,31.077494345008745
1136,1.708889126777649,7560.796150922775,0.0,4472.1982421875,11424.0,31.103204470011406
1137,0.8982527256011963,3766.4549246430397,0.0,4472.1982421875,11424.0,31.128863295001793
1138,1.6390637159347534,6700.419484138489,0.0,4472.1982421875,11424.0,31.154247474012664
1139,0.9630187153816223,6158.643384695053,0.0,4472.1982421875,11424.0,31.17968972500239
1140,1.444205403327942,5681.961706995964,0.0,4472.1982421875,11424.0,31.205136864999076
1141,1.307875633239746,6126.938151240349,0.0,4472.1982421875,11424.0,31.230529170003138
1142,1.4195244312286377,6100.701686620712,0.0,4472.1982421875,11424.0,31.25601441600884
1143,1.1176308393478394,7771.781858325005,0.0,4472.1982421875,11424.0,31.28153528799885
1144,1.0861610174179077,7093.793371856213,0.0,4472.1982421875,11424.0,31.30693964099919
1145,1.1551117897033691,6803.541329622269,0.0,4472.1982421875,11424.0,31.332718395002303
1146,1.0816905498504639,5968.456136584282,0.0,4472.1982421875,11424.0,31.358017234000727
1147,1.0553498268127441,5947.881487309933,0.0,4472.1982421875,11424.0,31.383452884998405
1148,1.7919176816940308,7097.988529026508,0.0,4472.1982421875,11424.0,31.40876154199941
1149,1.788481593132019,5288.399444997311,0.0,4472.1982421875,11424.0,31.43402876800974
1150,1.5391275882720947,6472.29218184948,0.0,4472.1982421875,11424.0,31.45950901901233
1151,1.1254206895828247,7279.4971915483475,0.0,4472.1982421875,11424.0,31.485069582005963
1152,1.2486072778701782,5113.7109006643295,0.0,4472.1982421875,11424.0,31.51064351601235
1153,1.248977780342102,6267.287436366081,0.0,4472.1982421875,11424.0,31.53613192800549
1154,1.5054941177368164,4197.327418088913,0.0,4472.1982421875,11424.0,31.563566149008693
1155,1.284990668296814,5448.482090115547,0.0,4472.1982421875,11424.0,31.589529707998736
1156,1.489597201347351,5641.098293066025,0.0,4472.1982421875,11424.0,31.61649150500307
1157,1.559079647064209,5024.155299961567,0.0,4472.1982421875,11424.0,31.64205962201231
1158,1.314069390296936,5133.588952183723,0.0,4472.1982421875,11424.0,31.66763537400402
1159,1.5765259265899658,7037.280639529228,0.0,4472.1982421875,11424.0,31.693717590009328
1160,1.696898341178894,5989.409070253372,0.0,4472.1982421875,11424.0,31.71923943600268
1161,1.3184152841567993,7091.22270488739,0.0,4472.1982421875,11424.0,31.744840487008332
1162,0.9451541900634766,4956.883624255657,0.0,4472.1982421875,11424.0,31.77118532700115
1163,1.4741716384887695,5252.747596502304,0.0,4472.1982421875,11424.0,31.798529828010942
1164,1.1884042024612427,9351.149505615234,0.0,4472.1982421875,11424.0,31.824086767999688
1165,1.0527746677398682,6331.476660788059,0.0,4472.1982421875,11424.0,31.84968096500961
1166,1.2679951190948486,5776.643596529961,0.0,4472.1982421875,11424.0,31.8755084680015
1167,0.9648000597953796,4832.357547521591,0.0,4472.1982421875,11424.0,31.90104904100008
1168,0.953132152557373,5306.615476429462,0.0,4472.1982421875,11424.0,31.92658736600424
1169,2.3391056060791016,4069.118515789509,0.0,4472.1982421875,11424.0,31.953572374011856
1170,1.1768693923950195,6270.515247702599,0.0,4472.1982421875,11424.0,31.979062701007933
1171,2.079876184463501,5975.753005385399,0.0,4472.1982421875,11424.0,32.004544342999
1172,1.2766648530960083,5745.969235420227,0.0,4472.1982421875,11424.0,32.030138815011014
1173,1.093079924583435,6401.0504068136215,0.0,4472.1982421875,11424.0,32.05543295299867
1174,1.846799373626709,7533.30294919014,0.0,4472.1982421875,11424.0,32.08079704899865
1175,0.9471448063850403,5664.684049010277,0.0,4472.1982421875,11424.0,32.10608427700936
1176,1.8232024908065796,5520.495989918709,0.0,4472.1982421875,11424.0,32.131538451008964
1177,1.2949118614196777,6372.909778654575,0.0,4472.1982421875,11424.0,32.1569380100118
1178,1.498317837715149,5754.784451723099,0.0,4472.1982421875,11424.0,32.18226776900701
1179,0.9505736231803894,4953.0937358140945,0.0,4472.1982421875,11424.0,32.20768626400968
1180,1.51620614528656,4561.619883716106,0.0,4472.1982421875,11424.0,32.23498599800223
1181,1.0152279138565063,6030.956248879433,0.0,4472.1982421875,11424.0,32.2613337940129
1182,1.195393681526184,6317.100002408028,0.0,4472.1982421875,11424.0,32.286865019006655
1183,1.1749868392944336,8864.04763174057,0.0,4472.1982421875,11424.0,32.31228447701142
1184,1.0473027229309082,5838.7684634923935,0.0,4472.1982421875,11424.0,32.33769357200072
1185,0.9798634648323059,6488.9999133348465,0.0,4472.1982421875,11424.0,32.36298517700925
1186,1.196135401725769,6296.98433804512,0.0,4472.1982421875,11424.0,32.3884236820013
1187,0.7546185851097107,5381.930187046528,0.0,4472.1982421875,11424.0,32.41386126600264
1188,1.1200625896453857,7959.184092283249,0.0,4472.1982421875,11424.0,32.43920771300327
1189,2.206016778945923,8272.43914592266,0.0,4472.1982421875,11424.0,32.46596992200648
1190,0.9541398882865906,5527.200583219528,0.0,4472.1982421875,11424.0,32.491795818001265
1191,1.129143238067627,6955.716015100479,0.0,4472.1982421875,11424.0,32.51716044000932
1192,1.31772780418396,5667.797764122486,0.0,4472.1982421875,11424.0,32.54251032799948
1193,0.8603793382644653,7025.35547375679,0.0,4472.1982421875,11424.0,32.568031120012165
1194,0.9806568622589111,5929.347142100334,0.0,4472.1982421875,11424.0,32.59355805700761
1195,1.0835093259811401,6469.02107334137,0.0,4472.1982421875,11424.0,32.6189666930004
1196,0.8702503442764282,5181.735775887966,0.0,4472.1982421875,11424.0,32.64443362900056
1197,1.1933255195617676,5032.428452253342,0.0,4472.1982421875,11424.0,32.669906531009474
1198,0.9193970561027527,6232.394145131111,0.0,4472.1982421875,11424.0,32.69531059700239
1199,1.245996356010437,4878.401648759842,0.0,4472.1982421875,11424.0,32.720904783011065
1200,1.3426400423049927,5024.826321780682,0.0,4472.1982421875,11424.0,32.74627409101231
1201,0.9440978765487671,6025.177794277668,0.0,4472.1982421875,11424.0,32.772018486008164
1202,1.2553457021713257,5169.3709807395935,0.0,4472.1982421875,11424.0,32.797390406005434
1203,1.215099573135376,4340.812196791172,0.0,4472.1982421875,11424.0,32.822914531003335
1204,1.31070077419281,11602.46669101715,0.0,4472.1982421875,11424.0,32.84836918899964
1205,1.8180947303771973,4422.696596503258,0.0,4472.1982421875,11424.0,32.875365997009794
1206,1.298781394958496,5135.654862701893,0.0,4472.1982421875,11424.0,32.900726985011715
1207,1.0802228450775146,5309.843079328537,0.0,4472.1982421875,11424.0,32.926075855008094
1208,1.164424180984497,5680.517049849033,0.0,4472.1982421875,11424.0,32.95167091600888
1209,1.2647897005081177,5756.210337877274,0.0,4472.1982421875,11424.0,32.9773459850112
1210,1.4189960956573486,5188.839119791985,0.0,4472.1982421875,11424.0,33.00277119000384
1211,0.9700401425361633,5312.290439605713,0.0,4472.1982421875,11424.0,33.02812881300633
1212,1.0656089782714844,5560.368179500103,0.0,4472.1982421875,11424.0,33.05357543101127
1213,1.2496682405471802,7032.186893761158,0.0,4472.1982421875,11424.0,33.07895933500549
1214,1.4810587167739868,13999.712366819382,0.0,4472.1982421875,11424.0,33.1044147979992
1215,0.8903651237487793,6354.311809420586,0.0,4472.1982421875,11424.0,33.12984418000269
1216,1.7171709537506104,6277.650057077408,0.0,4472.1982421875,11424.0,33.15655500401044
1217,0.725908100605011,5454.080071806908,0.0,4472.1982421875,11424.0,33.1821744320041
1218,1.2018235921859741,8170.603799819946,0.0,4472.1982421875,11424.0,33.20767957500357
1219,0.8741248250007629,4149.32335537672,0.0,4472.1982421875,11424.0,33.233071549009765
1220,1.216519832611084,5817.708301067352,0.0,4472.1982421875,11424.0,33.2585128260107
1221,1.1727633476257324,4177.73362326622,0.0,4472.1982421875,11424.0,33.283905126008904
1222,1.168063759803772,4029.0523332357407,0.0,4472.1982421875,11424.0,33.30929697000829
1223,0.9521859884262085,5153.039857029915,0.0,4472.1982421875,11424.0,33.33469539700309
1224,1.3755255937576294,4777.725628733635,0.0,4472.1982421875,11424.0,33.36006033200829
1225,1.6185983419418335,4895.60034096241,0.0,4472.1982421875,11424.0,33.385390832001576
1226,1.008559226989746,3606.1659650206566,0.0,4472.1982421875,11424.0,33.41106529100216
1227,0.8963009119033813,5584.813431322575,0.0,4472.1982421875,11424.0,33.43655579299957
1228,1.3884464502334595,4167.633540213108,0.0,4472.1982421875,11424.0,33.46353168701171
1229,1.418891191482544,4873.023837208748,0.0,4472.1982421875,11424.0,33.48903695700574
1230,1.0194586515426636,3956.6967104673386,0.0,4472.1982421875,11424.0,33.5144730630127
1231,1.2523126602172852,4131.221300899982,0.0,4472.1982421875,11424.0,33.54129826600547
1232,1.1994506120681763,6179.537331819534,0.0,4472.1982421875,11424.0,33.56677113700425
1233,1.1066595315933228,4842.563201606274,0.0,4472.1982421875,11424.0,33.59207909900579
1234,0.973362147808075,3984.134803056717,0.0,4472.1982421875,11424.0,33.617526488000294
1235,0.7742661833763123,4592.172251045704,0.0,4472.1982421875,11424.0,33.64319822000107
1236,0.8719629049301147,5915.853465855122,0.0,4472.1982421875,11424.0,33.66853412400815
1237,1.512778878211975,10206.301729917526,0.0,4472.1982421875,11424.0,33.695326318003936
1238,1.4763543605804443,6593.822948336601,0.0,4472.1982421875,11424.0,33.72218755100039
1239,1.433880090713501,4510.484834551811,0.0,4472.1982421875,11424.0,33.747589634003816
1240,0.7570770382881165,5096.258995294571,0.0,4472.1982421875,11424.0,33.7731137110095
1241,2.1139237880706787,4581.576678276062,0.0,4472.1982421875,11424.0,33.80054569900676
1242,1.139568567276001,6643.388961672783,0.0,4472.1982421875,11424.0,33.826083442007075
1243,1.1872060298919678,7060.242006063461,0.0,4472.1982421875,11424.0,33.851577235007426
1244,1.25589120388031,9224.176908016205,0.0,4472.1982421875,11424.0,33.8772797450074
1245,1.2286953926086426,4601.763786077499,0.0,4472.1982421875,11424.0,33.90271012300218
1246,2.0903711318969727,4594.198412299156,0.0,4472.1982421875,11424.0,33.92799385500257
1247,1.4065287113189697,6863.067842006683,0.0,4472.1982421875,11424.0,33.95350722101284
1248,1.0417559146881104,5913.657529711723,0.0,4472.1982421875,11424.0,33.97904437201214
1249,0.8009644150733948,4022.8878787755966,0.0,4472.1982421875,11424.0,34.004555347011774
1250,1.0525283813476562,5019.011344194412,0.0,4472.1982421875,11424.0,34.030027387008886
1251,0.9509127736091614,4758.377965569496,0.0,4472.1982421875,11424.0,34.055433679008274
1252,0.8584731221199036,4791.130542814732,0.0,4472.1982421875,11424.0,34.080875970001216
1253,0.9616228938102722,7113.922158718109,0.0,4472.1982421875,11424.0,34.106523305003066
1254,1.7390093803405762,6386.243525981903,0.0,4472.1982421875,11424.0,34.13193446199875
1255,1.0673664808273315,5287.500797450542,0.0,4472.1982421875,11424.0,34.157445974007715
1256,1.279698371887207,4152.72338360548,0.0,4472.1982421875,11424.0,34.184420413002954
1257,2.0088090896606445,7825.1464693546295,0.0,4472.1982421875,11424.0,34.20975644601276
1258,0.9214692115783691,4788.471117675304,0.0,4472.1982421875,11424.0,34.23521538100613
1259,1.6473417282104492,4111.416795253754,0.0,4472.1982421875,11424.0,34.26045528201212
1260,0.9610106348991394,4439.762315094471,0.0,4472.1982421875,11424.0,34.28582760100835
1261,0.797080397605896,4466.346606969833,0.0,4472.1982421875,11424.0,34.311279668007046
1262,1.1394710540771484,4524.155050158501,0.0,4472.1982421875,11424.0,34.336804648002726
1263,0.7932994365692139,4812.9207773804665,0.0,4472.1982421875,11424.0,34.36214242200367
1264,0.8678228259086609,4099.050533473492,0.0,4472.1982421875,11424.0,34.38759443099843
1265,1.1648154258728027,3740.6535564661026,0.0,4472.1982421875,11424.0,34.412944672003505
1266,0.6624003648757935,4568.443777620792,0.0,4472.1982421875,11424.0,34.438442548998864
1267,0.7355737090110779,4425.616239845753,0.0,4472.1982421875,11424.0,34.46389355100109
1268,1.4851865768432617,6902.74537563324,0.0,4472.1982421875,11424.0,34.48935223200533
1269,1.3126887083053589,4657.678529620171,0.0,4472.1982421875,11424.0,34.514732640003785
1270,0.7850530743598938,4012.2014632821083,0.0,4472.1982421875,11424.0,34.54021578001266
1271,1.4547144174575806,4239.103584825993,0.0,4472.1982421875,11424.0,34.56742435200431
1272,0.8118820786476135,4429.358534693718,0.0,4472.1982421875,11424.0,34.59289434501261
1273,1.1562345027923584,4261.11117836833,0.0,4472.1982421875,11424.0,34.61820756600355
1274,1.0658260583877563,4378.671063363552,0.0,4472.1982421875,11424.0,34.64508548300364
1275,1.8023568391799927,5444.007948458195,0.0,4472.1982421875,11424.0,34.67042191300425
1276,0.9113683700561523,5781.490172624588,0.0,4472.1982421875,11424.0,34.695762508010375
1277,0.9867882132530212,5831.486861884594,0.0,4472.1982421875,11424.0,34.721350551000796
1278,1.5108684301376343,3803.4735077023506,0.0,4472.1982421875,11424.0,34.74675124201167
1279,1.0252443552017212,4454.443045079708,0.0,4472.1982421875,11424.0,34.77223130100174
1280,0.930148720741272,4414.178580224514,0.0,4472.1982421875,11424.0,34.797932238012436
1281,0.9471216797828674,9282.911899089813,0.0,4472.1982421875,11424.0,34.823338240006706
1282,1.1976346969604492,4956.646565318108,0.0,4472.1982421875,11424.0,34.8487620500091
1283,1.1220546960830688,3728.801482975483,0.0,4472.1982421875,11424.0,34.874285527999746
1284,1.327621340751648,3661.9346638321877,0.0,4472.1982421875,11424.0,34.89952540100785
1285,1.0327829122543335,3543.9930470585823,0.0,4472.1982421875,11424.0,34.92491936600709
1286,0.7563865780830383,4806.8397054076195,0.0,4472.1982421875,11424.0,34.950258423006744
1287,0.7210459113121033,3072.068204790354,0.0,4472.1982421875,11424.0,34.97580415000266
1288,0.7404155135154724,3435.3735316991806,0.0,4472.1982421875,11424.0,35.00129639101215
1289,0.9145362973213196,5091.946385741234,0.0,4472.1982421875,11424.0,35.026987042001565
1290,0.7005795836448669,4192.593744933605,0.0,4472.1982421875,11424.0,35.05243754200637
1291,1.3311418294906616,4538.874308884144,0.0,4472.1982421875,11424.0,35.0778226859984
1292,0.7893801331520081,4299.280165195465,0.0,4472.1982421875,11424.0,35.1032861470012
1293,1.0693151950836182,3909.928627729416,0.0,4472.1982421875,11424.0,35.128868162006256
1294,1.5315048694610596,4255.61257815361,0.0,4472.1982421875,11424.0,35.15556400301284
1295,1.1835932731628418,5283.617401123047,0.0,4472.1982421875,11424.0,35.1808472390112
1296,1.164900302886963,4817.498184561729,0.0,4472.1982421875,11424.0,35.20622409800126
1297,1.2733732461929321,4450.962678313255,0.0,4472.1982421875,11424.0,35.23294903700298
1298,0.8456218838691711,4347.21100383997,0.0,4472.1982421875,11424.0,35.258694763004314
1299,1.0728501081466675,5018.274025022984,0.0,4472.1982421875,11424.0,35.284041614009766
1300,1.1566989421844482,4922.417851746082,0.0,4472.1982421875,11424.0,35.30939608400513
1301,1.002241849899292,6667.764018774033,0.0,4472.1982421875,11424.0,35.335042648002855
1302,0.7281185984611511,3938.462257862091,0.0,4472.1982421875,11424.0,35.360406895008055
1303,0.87975013256073,4135.79801595211,0.0,4472.1982421875,11424.0,35.38592165100272
1304,0.781394898891449,4053.3140310049057,0.0,4472.1982421875,11424.0,35.411405655002454
1305,1.0009840726852417,5205.279599547386,0.0,4472.1982421875,11424.0,35.43688872200437
1306,0.70673668384552,4811.310081481934,0.0,4472.1982421875,11424.0,35.462339352001436
1307,0.7089489698410034,3993.202439725399,0.0,4472.1982421875,11424.0,35.488321698008804
1308,0.8444231748580933,4740.321459889412,0.0,4472.1982421875,11424.0,35.51378386100987
1309,1.1771001815795898,5064.911943733692,0.0,4472.1982421875,11424.0,35.54061499200179
1310,1.0818932056427002,3841.9876950383186,0.0,4472.1982421875,11424.0,35.56602615700103
1311,0.8812460899353027,4466.973899900913,0.0,4472.1982421875,11424.0,35.59141976000683
1312,1.3078482151031494,4014.9703060388565,0.0,4472.1982421875,11424.0,35.616892304009525
1313,0.7329363226890564,4341.039040565491,0.0,4472.1982421875,11424.0,35.64222754900402
1314,1.8267446756362915,4447.714819312096,0.0,4472.1982421875,11424.0,35.66764076901018
1315,0.81904137134552,6656.577890634537,0.0,4472.1982421875,11424.0,35.69312611799978
1316,1.27548086643219,4959.115831911564,0.0,4472.1982421875,11424.0,35.718716447008774
1317,0.7588441371917725,4804.2441039681435,0.0,4472.1982421875,11424.0,35.744104370009154
1318,0.6604319214820862,3963.4391015172005,0.0,4472.1982421875,11424.0,35.76944149000337
1319,0.7424809336662292,2851.584342688322,0.0,4472.1982421875,11424.0,35.79500229000405
1320,0.8631212711334229,9058.928938150406,0.0,4472.1982421875,11424.0,35.82033514500654
1321,1.5989800691604614,4045.195364654064,0.0,4472.1982421875,11424.0,35.84573003000696
1322,0.6262156963348389,3412.5027931034565,0.0,4472.1982421875,11424.0,35.87126186900423
1323,0.8061647415161133,3837.068574845791,0.0,4472.1982421875,11424.0,35.89673367400246
1324,0.8528894782066345,3535.4716678261757,0.0,4472.1982421875,11424.0,35.92194330600614
1325,0.6443561315536499,4447.10451734066,0.0,4472.1982421875,11424.0,35.94760974300152
1326,0.7837352752685547,5032.35886657238,0.0,4472.1982421875,11424.0,35.97306274600851
1327,0.745410144329071,3906.7810791134834,0.0,4472.1982421875,11424.0,35.99862958700396
1328,2.059265613555908,3988.621054112911,0.0,4472.1982421875,11424.0,36.0254343120032
1329,1.3298749923706055,5411.1425503492355,0.0,4472.1982421875,11424.0,36.05225983200944
1330,0.6853894591331482,3782.764945447445,0.0,4472.1982421875,11424.0,36.07772399300302
1331,0.7628293633460999,3748.2112726569176,0.0,4472.1982421875,11424.0,36.1031443009997
1332,1.5081899166107178,4555.3229039907455,0.0,4472.1982421875,11424.0,36.12852054700488
1333,0.7567465305328369,3028.172822266817,0.0,4472.1982421875,11424.0,36.153961672011064
1334,0.8701382875442505,4018.4548739790916,0.0,4472.1982421875,11424.0,36.17964907499845
1335,1.3378022909164429,4775.586156308651,0.0,4472.1982421875,11424.0,36.20504911500029
1336,0.9187303781509399,4223.840973615646,0.0,4472.1982421875,11424.0,36.230383782007266
1337,1.1337774991989136,4529.377831757069,0.0,4472.1982421875,11424.0,36.25588529200468
1338,0.600364089012146,3660.215694218874,0.0,4472.1982421875,11424.0,36.28124431600736
1339,1.6595830917358398,4471.435308098793,0.0,4472.1982421875,11424.0,36.308217190002324
1340,0.6811577081680298,3256.0124002993107,0.0,4472.1982421875,11424.0,36.33369041699916
1341,0.8004845380783081,5015.059534788132,0.0,4472.1982421875,11424.0,36.359101484005805
1342,0.7275621891021729,3461.362891435623,0.0,4472.1982421875,11424.0,36.38457935900078
1343,1.0706135034561157,4435.982921123505,0.0,4472.1982421875,11424.0,36.410144222012605
1344,1.3092247247695923,3825.6748556494713,0.0,4472.1982421875,11424.0,36.43562454500352
1345,0.6373963952064514,4022.118545591831,0.0,4472.1982421875,11424.0,36.46105787700799
1346,0.658011257648468,3852.218342900276,0.0,4472.1982421875,11424.0,36.486997626008815
1347,0.756212055683136,4780.266296565533,0.0,4472.1982421875,11424.0,36.512962088003405
1348,0.6716249585151672,4009.0063699781895,0.0,4472.1982421875,11424.0,36.53858055001183
1349,0.5930426120758057,3428.7796199321747,0.0,4472.1982421875,11424.0,36.563996713011875
1350,1.2123804092407227,3107.2092171907425,0.0,4472.1982421875,11424.0,36.59093178300827
1351,0.5614525675773621,2561.6896761357784,0.0,4472.1982421875,11424.0,36.61646893501165
1352,1.055623173713684,4830.7647985816,0.0,4472.1982421875,11424.0,36.642053174000466
1353,1.4875061511993408,3023.7015470564365,0.0,4472.1982421875,11424.0,36.66741281900613
1354,1.002236247062683,5404.292472481728,0.0,4472.1982421875,11424.0,36.692813437010045
1355,0.8043123483657837,4128.91335529089,0.0,4472.1982421875,11424.0,36.71826325300208
1356,0.5474888682365417,2908.348589807749,0.0,4472.1982421875,11424.0,36.7437023310049
1357,0.8625605702400208,5720.996241986752,0.0,4472.1982421875,11424.0,36.76931925400277
1358,0.5979204177856445,3510.3804439604282,0.0,4472.1982421875,11424.0,36.795062882010825
1359,1.081117033958435,6933.323149204254,0.0,4472.1982421875,11424.0,36.82043391901243
1360,1.219468593597412,4922.962733030319,0.0,4472.1982421875,11424.0,36.845746617007535
1361,1.5510873794555664,5269.383396863937,0.0,4472.1982421875,11424.0,36.87142443501216
1362,1.083222508430481,3804.33013099432,0.0,4472.1982421875,11424.0,36.89689425700635
1363,0.780712366104126,4839.278183877468,0.0,4472.1982421875,11424.0,36.92225804401096
1364,0.8376696109771729,3920.280430138111,0.0,4472.1982421875,11424.0,36.94763497800159
1365,0.9970539808273315,3739.6261345744133,0.0,4472.1982421875,11424.0,36.973055554000894
1366,0.8317746520042419,4066.3420158028603,0.0,4472.1982421875,11424.0,36.99864702401101
1367,0.6687905788421631,4055.6264994740486,0.0,4472.1982421875,11424.0,37.024064378012554
1368,1.0154080390930176,4115.08577299118,0.0,4472.1982421875,11424.0,37.04948935100401
1369,1.0473365783691406,4594.815284013748,0.0,4472.1982421875,11424.0,37.07472936500562
1370,1.1158665418624878,4275.089637815952,0.0,4472.1982421875,11424.0,37.100407083009486
1371,0.502020001411438,2407.812429010868,0.0,4472.1982421875,11424.0,37.125739251001505
1372,0.5910670161247253,3239.824723780155,0.0,4472.1982421875,11424.0,37.15106560999993
1373,0.8517639636993408,6018.552826523781,0.0,4472.1982421875,11424.0,37.17651541600935
1374,0.9205166697502136,16253.531945228577,0.0,4472.1982421875,11424.0,37.20194737300335
1375,0.6830165386199951,3473.268567621708,0.0,4472.1982421875,11424.0,37.22738918600953
1376,0.69282066822052,3289.927419781685,0.0,4472.1982421875,11424.0,37.25269443100842
1377,1.1263643503189087,3733.5927060842514,0.0,4472.1982421875,11424.0,37.278048788008164
1378,0.937613844871521,4928.086748719215,0.0,4472.1982421875,11424.0,37.30346526800713
1379,0.7907310128211975,4664.985287249088,0.0,4472.1982421875,11424.0,37.32928157100105
1380,0.692631185054779,6611.703698992729,0.0,4472.1982421875,11424.0,37.35479847701208
1381,0.7101950645446777,4468.670317709446,0.0,4472.1982421875,11424.0,37.38026116701076
1382,0.7731728553771973,3850.440844744444,0.0,4472.1982421875,11424.0,37.405704502001754
1383,0.7824119925498962,4314.174627661705,0.0,4472.1982421875,11424.0,37.43113376600377
1384,1.0584461688995361,4819.940197467804,0.0,4472.1982421875,11424.0,37.456511461001355
1385,1.2083215713500977,6962.38533103466,0.0,4472.1982421875,11424.0,37.482117481005844
1386,0.9285593628883362,4801.6116362810135,0.0,4472.1982421875,11424.0,37.507622926001204
1387,0.7329744696617126,4797.450727403164,0.0,4472.1982421875,11424.0,37.53303322001011
1388,0.9807858467102051,5580.32721722126,0.0,4472.1982421875,11424.0,37.55885406699963
1389,1.2593339681625366,4383.0148713588715,0.0,4472.1982421875,11424.0,37.58431859200937
1390,1.345813274383545,6738.541897892952,0.0,4472.1982421875,11424.0,37.61103348901088
1391,0.7233134508132935,3388.0932967066765,0.0,4472.1982421875,11424.0,37.63642220600741
1392,0.5367109179496765,3998.508611679077,0.0,4472.1982421875,11424.0,37.66190502900281
1393,0.9072478413581848,6374.116816580296,0.0,4472.1982421875,11424.0,37.6873330189992
1394,0.8547220230102539,5520.364953160286,0.0,4472.1982421875,11424.0,37.712761956005124
1395,0.6812340021133423,4136.500882446766,0.0,4472.1982421875,11424.0,37.73816682200413
1396,0.6934622526168823,4180.38991689682,0.0,4472.1982421875,11424.0,37.763549529001466
1397,0.6901125907897949,4425.581005752087,0.0,4472.1982421875,11424.0,37.7892916710116
1398,1.4318883419036865,20283.202079296112,0.0,4472.1982421875,11424.0,37.814694566011894
1399,1.1598000526428223,4660.478021681309,0.0,4472.1982421875,11424.0,37.840215400006855
1400,1.3402466773986816,4571.344091653824,0.0,4472.1982421875,11424.0,37.865887471009046
1401,1.39864182472229,5147.463946819305,0.0,4472.1982421875,11424.0,37.89293505100068
1402,0.8939866423606873,4761.138348221779,0.0,4472.1982421875,11424.0,37.91837118100375
1403,0.9259220957756042,4108.141010075808,0.0,4472.1982421875,11424.0,37.94384406400786
1404,0.6819446682929993,4348.741877794266,0.0,4472.1982421875,11424.0,37.96927054801199
1405,0.7600697875022888,5449.318737864494,0.0,4472.1982421875,11424.0,37.99484915500216
1406,0.8586906790733337,4588.118592262268,0.0,4472.1982421875,11424.0,38.02055045000452
1407,0.7887824773788452,4236.328764557838,0.0,4472.1982421875,11424.0,38.04598617600277
1408,0.7415115237236023,5732.37831223011,0.0,4472.1982421875,11424.0,38.07136526200338
1409,0.6964583396911621,4816.541276097298,0.0,4472.1982421875,11424.0,38.09686100600811
1410,0.6137096285820007,4029.528158426285,0.0,4472.1982421875,11424.0,38.12222120400111
1411,0.9622828960418701,4098.761119782925,0.0,4472.1982421875,11424.0,38.14748066900938
1412,0.5916401147842407,3533.746880173683,0.0,4472.1982421875,11424.0,38.172838149010204
1413,1.4372737407684326,5926.023401975632,0.0,4472.1982421875,11424.0,38.19818704800855
1414,0.8286004662513733,2771.6529071629047,0.0,4472.1982421875,11424.0,38.22363084999961
1415,1.2210296392440796,3829.436871767044,0.0,4472.1982421875,11424.0,38.249394725004095
1416,0.7805752158164978,4019.949614107609,0.0,4472.1982421875,11424.0,38.27483541300171
1417,1.0595272779464722,4248.288035690784,0.0,4472.1982421875,11424.0,38.30052038500435
1418,0.915585458278656,4494.541684508324,0.0,4472.1982421875,11424.0,38.32587159299874
1419,1.2451527118682861,2755.1327452659607,0.0,4472.1982421875,11424.0,38.351194246002706
1420,0.996899425983429,4450.365725696087,0.0,4472.1982421875,11424.0,38.37660129700089
1421,0.8138036131858826,3818.406698822975,0.0,4472.1982421875,11424.0,38.402097752012196
1422,0.8134758472442627,6730.923336029053,0.0,4472.1982421875,11424.0,38.427383895003004
1423,0.5677602291107178,3733.0472101569176,0.0,4472.1982421875,11424.0,38.45282215499901
1424,0.6215531229972839,5554.763012170792,0.0,4472.1982421875,11424.0,38.47858802900009
1425,0.7820743322372437,5185.428720355034,0.0,4472.1982421875,11424.0,38.504098097007954
1426,0.7945200800895691,2427.1693555116653,0.0,4472.1982421875,11424.0,38.529520528012654
1427,1.240525245666504,5412.541275262833,0.0,4472.1982421875,11424.0,38.55485868100368
1428,0.6871525645256042,5054.881254434586,0.0,4472.1982421875,11424.0,38.58017407399893
1429,0.6836101412773132,3984.995196580887,0.0,4472.1982421875,11424.0,38.60550874900946
1430,0.9036413431167603,3636.2496516108513,0.0,4472.1982421875,11424.0,38.63098457999877
1431,0.8988056778907776,4074.341360270977,0.0,4472.1982421875,11424.0,38.6578188650019
1432,1.2774723768234253,8255.542670726776,0.0,4472.1982421875,11424.0,38.683204733009916
1433,0.998529851436615,3239.258840084076,0.0,4472.1982421875,11424.0,38.70880131200829
1434,1.1833181381225586,3499.1308286190033,0.0,4472.1982421875,11424.0,38.73549992300104
1435,0.9891974925994873,4401.868984103203,0.0,4472.1982421875,11424.0,38.76091784299933
1436,0.7936192750930786,4729.431104719639,0.0,4472.1982421875,11424.0,38.78632505200221
1437,0.5963336825370789,4742.856197595596,0.0,4472.1982421875,11424.0,38.81163222300529
1438,1.039421558380127,4266.361953556538,0.0,4472.1982421875,11424.0,38.83714295900427
1439,0.5970463752746582,5498.162161827087,0.0,4472.1982421875,11424.0,38.862634165008785
1440,0.5820469260215759,3947.905701518059,0.0,4472.1982421875,11424.0,38.8880857660115
1441,0.752391517162323,4532.699140846729,0.0,4472.1982421875,11424.0,38.91359922300035
1442,1.3890712261199951,5555.95074981451,0.0,4472.1982421875,11424.0,38.93926363700302
1443,0.6094306111335754,3843.978121727705,0.0,4472.1982421875,11424.0,38.96474351100915
1444,0.48030954599380493,3824.184932947159,0.0,4472.1982421875,11424.0,38.9901881130063
1445,0.7540296912193298,9150.614724874496,0.0,4472.1982421875,11424.0,39.015651813999284
1446,0.5428941249847412,3090.084208905697,0.0,4472.1982421875,11424.0,39.041138330998365
1447,0.5705863833427429,3149.8257858753204,0.0,4472.1982421875,11424.0,39.06652843000484
1448,1.1634443998336792,5779.7185291051865,0.0,4472.1982421875,11424.0,39.09223925501283
1449,0.5767024159431458,2822.9742583930492,0.0,4472.1982421875,11424.0,39.11770088500634
1450,0.8590823411941528,4620.730580031872,0.0,4472.1982421875,11424.0,39.14316953301022
1451,1.000232219696045,3963.379881620407,0.0,4472.1982421875,11424.0,39.1687555200042
1452,0.847547709941864,4058.2593912780285,0.0,4472.1982421875,11424.0,39.19420332800655
1453,0.927486002445221,7686.5267860889435,0.0,4472.1982421875,11424.0,39.219484732006094
1454,0.7049127221107483,4069.207644701004,0.0,4472.1982421875,11424.0,39.24487312200654
1455,0.7318689823150635,4052.6615689992905,0.0,4472.1982421875,11424.0,39.270264954000595
1456,0.969956636428833,5681.504402041435,0.0,4472.1982421875,11424.0,39.29561669200484
1457,0.6798860430717468,3674.47666990757,0.0,4472.1982421875,11424.0,39.32109821900667
1458,1.068174958229065,2874.5986864864826,0.0,4472.1982421875,11424.0,39.34784368200053
1459,0.7999237179756165,4599.2877143621445,0.0,4472.1982421875,11424.0,39.37326157200732
1460,1.0501587390899658,10265.083124399185,0.0,4472.1982421875,11424.0,39.39890807701158
1461,0.8772199153900146,4980.524984240532,0.0,4472.1982421875,11424.0,39.42426733500906
1462,0.724692165851593,4106.784321069717,0.0,4472.1982421875,11424.0,39.44968695800344
1463,1.317670226097107,5927.369680285454,0.0,4472.1982421875,11424.0,39.475063220001175
1464,1.010321021080017,5821.0746874809265,0.0,4472.1982421875,11424.0,39.50060279600439
1465,0.652157187461853,3853.712777376175,0.0,4472.1982421875,11424.0,39.52619345999847
1466,0.6783882975578308,16928.57723045349,0.0,4472.1982421875,11424.0,39.55163575500774
1467,1.048449158668518,4831.561614334583,0.0,4472.1982421875,11424.0,39.5771358780039
1468,1.272379994392395,3375.6792907714844,0.0,4472.1982421875,11424.0,39.603826309001306
1469,0.9777346849441528,3317.7589858174324,0.0,4472.1982421875,11424.0,39.62951130300644
1470,0.7805295586585999,5374.2258207798,0.0,4472.1982421875,11424.0,39.65493237700139
1471,0.757158637046814,4209.843679666519,0.0,4472.1982421875,11424.0,39.68043995900371
1472,1.014177680015564,7866.420616388321,0.0,4472.1982421875,11424.0,39.70724851200066
1473,1.7541205883026123,4228.781318068504,0.0,4472.1982421875,11424.0,39.7326793220127
1474,1.2811508178710938,6287.128168940544,0.0,4472.1982421875,11424.0,39.758159242002876
1475,1.1893669366836548,6316.931162118912,0.0,4472.1982421875,11424.0,39.78354198001034
1476,0.8588038682937622,5545.8456617593765,0.0,4472.1982421875,11424.0,39.80889411500539
1477,0.5739910006523132,4756.042398452759,0.0,4472.1982421875,11424.0,39.83429125401017
1478,0.9332231879234314,5668.650836110115,0.0,4472.1982421875,11424.0,39.860182971009635
1479,1.2812645435333252,4334.546994626522,0.0,4472.1982421875,11424.0,39.88572755501082
1480,0.8756148815155029,15116.484491348267,0.0,4472.1982421875,11424.0,39.911106391999056
1481,2.2797183990478516,5269.081533432007,0.0,4472.1982421875,11424.0,39.93644484500692
1482,0.9088250994682312,4499.312891960144,0.0,4472.1982421875,11424.0,39.963231906003784
1483,0.8413970470428467,10711.071635246277,0.0,4472.1982421875,11424.0,39.9885666820046
1484,1.254377841949463,4970.177239537239,0.0,4472.1982421875,11424.0,40.0141150260024
1485,0.8518279194831848,4929.072111964226,0.0,4472.1982421875,11424.0,40.039466737012845
1486,0.949281632900238,7688.01315331459,0.0,4472.1982421875,11424.0,40.06486161700741
1487,1.1721028089523315,4964.008378267288,0.0,4472.1982421875,11424.0,40.09057078701153
1488,1.3210821151733398,5319.534153461456,0.0,4472.1982421875,11424.0,40.11581652100722
1489,0.6993154287338257,3918.975058913231,0.0,4472.1982421875,11424.0,40.14126325500547
1490,0.9131202697753906,5781.800890266895,0.0,4472.1982421875,11424.0,40.16669578201254
1491,1.5951323509216309,6143.733494400978,0.0,4472.1982421875,11424.0,40.19209576200228
1492,0.7693772315979004,6302.39982175827,0.0,4472.1982421875,11424.0,40.217411984005594
1493,0.9279453754425049,3723.9715064764023,0.0,4472.1982421875,11424.0,40.24286474700784
1494,1.0971306562423706,4546.261722922325,0.0,4472.1982421875,11424.0,40.26823424300528
1495,1.1407819986343384,10482.679981470108,0.0,4472.1982421875,11424.0,40.29352665100305
1496,1.792763113975525,4999.286403417587,0.0,4472.1982421875,11424.0,40.31920119500137
1497,0.6083815097808838,4111.292757570744,0.0,4472.1982421875,11424.0,40.34469084300508
1498,1.0880464315414429,8040.7080845832825,0.0,4472.1982421875,11424.0,40.37004980701022
1499,0.855554461479187,5912.162820100784,0.0,4472.1982421875,11424.0,40.39545546800946
1500,1.05283522605896,9979.902742862701,0.0,4472.1982421875,11424.0,40.42096505701193
1501,0.560162365436554,3902.6390920877457,0.0,4472.1982421875,11424.0,40.44652266301273
1502,0.6597996354103088,4135.791174292564,0.0,4472.1982421875,11424.0,40.47189434801112
1503,0.613056480884552,3459.7663427591324,0.0,4472.1982421875,11424.0,40.49750235200918
1504,1.4312251806259155,4243.3989585042,0.0,4472.1982421875,11424.0,40.522855126007926
1505,1.8238708972930908,3233.147513449192,0.0,4472.1982421875,11424.0,40.549901905003935
1506,0.9513271450996399,6634.091287612915,0.0,4472.1982421875,11424.0,40.575336255002185
1507,0.6725006103515625,3635.242500305176,0.0,4472.1982421875,11424.0,40.60073043301236
1508,0.6919078826904297,5289.37850856781,0.0,4472.1982421875,11424.0,40.62611558700155
1509,1.4582265615463257,3378.5747078061104,0.0,4472.1982421875,11424.0,40.65291479601001
1510,1.184216856956482,5969.195969104767,0.0,4472.1982421875,11424.0,40.678333643008955
1511,0.6836138367652893,4996.607529580593,0.0,4472.1982421875,11424.0,40.703643717002706
1512,1.3096349239349365,5450.403640270233,0.0,4472.1982421875,11424.0,40.73044595500687
1513,1.3056575059890747,8111.304806351662,0.0,4472.1982421875,11424.0,40.75577916300972
1514,1.4006198644638062,4960.43770468235,0.0,4472.1982421875,11424.0,40.78276543400716
1515,0.9432966113090515,5707.13672709465,0.0,4472.1982421875,11424.0,40.80835693900008
1516,0.7295288443565369,4369.733740448952,0.0,4472.1982421875,11424.0,40.833697378009674
1517,1.1143391132354736,3182.576837003231,0.0,4472.1982421875,11424.0,40.86042849501246
1518,0.8503506779670715,4757.871145963669,0.0,4472.1982421875,11424.0,40.88588976000028
1519,0.6663546562194824,4193.6449213624,0.0,4472.1982421875,11424.0,40.911267358009354
1520,1.1954690217971802,7129.500959515572,0.0,4472.1982421875,11424.0,40.93671138001082
1521,0.7123280167579651,4473.464262843132,0.0,4472.1982421875,11424.0,40.96203068899922
1522,1.2393275499343872,3426.6981530189514,0.0,4472.1982421875,11424.0,40.989058350009145
1523,0.6379714012145996,4550.4383816719055,0.0,4472.1982421875,11424.0,41.01485385101114
1524,0.7428778409957886,6103.874922990799,0.0,4472.1982421875,11424.0,41.0402671280026
1525,1.7835520505905151,4197.55385184288,0.0,4472.1982421875,11424.0,41.06568130700907
1526,0.8886608481407166,5028.677035689354,0.0,4472.1982421875,11424.0,41.09103245800361
1527,1.365281343460083,5533.878069162369,0.0,4472.1982421875,11424.0,41.11644859400985
1528,0.7644977569580078,11630.80395412445,0.0,4472.1982421875,11424.0,41.141812218003906
1529,0.7443298101425171,4541.89402961731,0.0,4472.1982421875,11424.0,41.16726911200385
1530,1.2125132083892822,6298.179762363434,0.0,4472.1982421875,11424.0,41.192643333008164
1531,0.755607008934021,6202.956008672714,0.0,4472.1982421875,11424.0,41.21806273900438
1532,1.0657598972320557,6385.673788666725,0.0,4472.1982421875,11424.0,41.24380958700203
1533,1.5384151935577393,6877.536263227463,0.0,4472.1982421875,11424.0,41.269180553004844
1534,1.0823078155517578,6985.820383429527,0.0,4472.1982421875,11424.0,41.29464378800185
1535,1.6767200231552124,6768.603680849075,0.0,4472.1982421875,11424.0,41.320091918998514
1536,0.8950525522232056,5124.9778398275375,0.0,4472.1982421875,11424.0,41.3455150850059
1537,1.6153602600097656,7187.605893731117,0.0,4472.1982421875,11424.0,41.370992798008956
1538,1.0443403720855713,8766.611310958862,0.0,4472.1982421875,11424.0,41.39654469600646
1539,1.392035722732544,5410.011973261833,0.0,4472.1982421875,11424.0,41.4238283700106
1540,1.2237458229064941,12557.436679840088,0.0,4472.1982421875,11424.0,41.449243766008294
1541,1.2631571292877197,5724.8406093120575,0.0,4472.1982421875,11424.0,41.47504472100991
1542,1.129988431930542,5417.8105129003525,0.0,4472.1982421875,11424.0,41.50050506800471
1543,0.8278777003288269,5290.955437302589,0.0,4472.1982421875,11424.0,41.52593186900776
1544,0.9968960285186768,6235.011897802353,0.0,4472.1982421875,11424.0,41.55142820900073
1545,1.4587433338165283,4514.41567504406,0.0,4472.1982421875,11424.0,41.57675510800618
1546,0.9725881814956665,6628.711821913719,0.0,4472.1982421875,11424.0,41.60222913901089
1547,1.069326400756836,6262.957208991051,0.0,4472.1982421875,11424.0,41.62759094800276
1548,0.939208984375,4235.70341360569,0.0,4472.1982421875,11424.0,41.65289708500495
1549,1.4357727766036987,11408.795460700989,0.0,4472.1982421875,11424.0,41.67985096700431
1550,2.039267063140869,5555.636307120323,0.0,4472.1982421875,11424.0,41.70686055799888
1551,1.202348232269287,3764.1640753149986,0.0,4472.1982421875,11424.0,41.73366330600402
1552,0.9306126236915588,7620.617326498032,0.0,4472.1982421875,11424.0,41.75901372000226
1553,0.6555005311965942,4025.141588449478,0.0,4472.1982421875,11424.0,41.78439769400575
1554,0.9509775638580322,4538.063583731651,0.0,4472.1982421875,11424.0,41.809781495001516
1555,1.4732491970062256,4602.442316651344,0.0,4472.1982421875,11424.0,41.83519194400287
1556,0.8857467174530029,6380.895064234734,0.0,4472.1982421875,11424.0,41.8608354809985
1557,0.9714120626449585,5235.29710817337,0.0,4472.1982421875,11424.0,41.88647312800458
1558,1.0435222387313843,4090.916897892952,0.0,4472.1982421875,11424.0,41.91191033500945
1559,0.777464747428894,3976.134457409382,0.0,4472.1982421875,11424.0,41.93761345600069
1560,1.0946567058563232,5618.191979885101,0.0,4472.1982421875,11424.0,41.962929568006075
1561,0.7643684148788452,8558.203665733337,0.0,4472.1982421875,11424.0,41.98842161700304
1562,0.6863223910331726,4472.212135195732,0.0,4472.1982421875,11424.0,42.01389207399916
1563,1.3614838123321533,5177.999781847,0.0,4472.1982421875,11424.0,42.039278816999285
1564,0.9014472961425781,4700.331553280354,0.0,4472.1982421875,11424.0,42.06470130200614
1565,1.5843122005462646,5559.076007544994,0.0,4472.1982421875,11424.0,42.0899784330104
1566,1.3366791009902954,5735.129104852676,0.0,4472.1982421875,11424.0,42.11536817300657
1567,0.6809539794921875,5365.603739261627,0.0,4472.1982421875,11424.0,42.1407078760094
1568,1.1172044277191162,4383.591658592224,0.0,4472.1982421875,11424.0,42.16775717100245
1569,1.1088943481445312,4689.257574081421,0.0,4472.1982421875,11424.0,42.19309286199859
1570,1.046457052230835,4883.572185754776,0.0,4472.1982421875,11424.0,42.2184863720031
1571,0.9447186589241028,5114.943237900734,0.0,4472.1982421875,11424.0,42.24397093200241
1572,0.8455362915992737,4893.298044800758,0.0,4472.1982421875,11424.0,42.26969117599947
1573,1.1760848760604858,5057.922476410866,0.0,4472.1982421875,11424.0,42.29510524500802
1574,0.9764025211334229,3972.07095092535,0.0,4472.1982421875,11424.0,42.321961956011364
1575,0.62923264503479,4155.421975493431,0.0,4472.1982421875,11424.0,42.34737201601092
1576,0.4759026765823364,3118.741266399622,0.0,4472.1982421875,11424.0,42.372762258004514
1577,0.7541695833206177,4237.0735448002815,0.0,4472.1982421875,11424.0,42.39837460999843
1578,0.6821284890174866,3760.1971084475517,0.0,4472.1982421875,11424.0,42.42376739400788
1579,0.6016724109649658,3315.81508988142,0.0,4472.1982421875,11424.0,42.449331551004434
1580,0.6764581799507141,4051.6414399147034,0.0,4472.1982421875,11424.0,42.47476646900759
1581,0.5959838032722473,3476.9544765353203,0.0,4472.1982421875,11424.0,42.50022678299865
1582,0.9118736386299133,8205.975633144379,0.0,4472.1982421875,11424.0,42.52577882401238
1583,1.4313116073608398,4494.1357679367065,0.0,4472.1982421875,11424.0,42.551015491000726
1584,0.6642446517944336,3685.329514324665,0.0,4472.1982421875,11424.0,42.57648175500799
1585,0.9526560306549072,6103.02263712883,0.0,4472.1982421875,11424.0,42.601951714008464
1586,0.7209779024124146,3230.368641078472,0.0,4472.1982421875,11424.0,42.627494935004506
1587,0.5339390635490417,2811.411896765232,0.0,4472.1982421875,11424.0,42.652925058006076
1588,0.5627293586730957,3535.90043002367,0.0,4472.1982421875,11424.0,42.67830583300383
1589,0.5459663271903992,2786.513754785061,0.0,4472.1982421875,11424.0,42.70370054199884
1590,1.1151905059814453,4550.679483830929,0.0,4472.1982421875,11424.0,42.729068026004825
1591,1.2470884323120117,4580.113363265991,0.0,4472.1982421875,11424.0,42.75455306599906
1592,1.4647018909454346,4454.2964597940445,0.0,4472.1982421875,11424.0,42.77995820700016
1593,0.9213129281997681,3152.873525261879,0.0,4472.1982421875,11424.0,42.80540560701047
1594,1.160425066947937,6277.622510194778,0.0,4472.1982421875,11424.0,42.83072147700295
1595,0.669018030166626,4359.413764953613,0.0,4472.1982421875,11424.0,42.856406941005844
1596,0.6293625235557556,3499.142365038395,0.0,4472.1982421875,11424.0,42.881746635001036
1597,1.5532978773117065,3486.3489224910736,0.0,4472.1982421875,11424.0,42.90699396500713
1598,1.769907832145691,4804.329204559326,0.0,4472.1982421875,11424.0,42.933767407012056
1599,1.1364903450012207,4848.044045984745,0.0,4472.1982421875,11424.0,42.959139272003085
1600,0.6985703110694885,3848.650093793869,0.0,4472.1982421875,11424.0,42.98471715100459
1601,1.6023050546646118,6017.9070900678635,0.0,4472.1982421875,11424.0,43.01186886700452
1602,0.738044261932373,4476.414777457714,0.0,4472.1982421875,11424.0,43.037308245009626
1603,1.042001485824585,3776.9643839001656,0.0,4472.1982421875,11424.0,43.06276058500225
1604,0.7458301186561584,7541.716443777084,0.0,4472.1982421875,11424.0,43.088517752010375
1605,0.5089654326438904,3012.798188626766,0.0,4472.1982421875,11424.0,43.11387438701058
1606,0.8036631345748901,4530.849364101887,0.0,4472.1982421875,11424.0,43.13929540201207
1607,0.7166896462440491,3613.323896229267,0.0,4472.1982421875,11424.0,43.16471375800029
1608,1.4548919200897217,3191.6804109811783,0.0,4472.1982421875,11424.0,43.19150607100164
1609,1.2613437175750732,4129.6735825538635,0.0,4472.1982421875,11424.0,43.216929510002956
1610,0.7242878079414368,4446.790286779404,0.0,4472.1982421875,11424.0,43.24227238200547
1611,0.8590974807739258,3549.0844737887383,0.0,4472.1982421875,11424.0,43.2676515130006
1612,0.5647069215774536,2997.757061779499,0.0,4472.1982421875,11424.0,43.29307707400585
1613,0.8114301562309265,3988.6496658325195,0.0,4472.1982421875,11424.0,43.3186455630057
1614,1.0328915119171143,4274.16543751955,0.0,4472.1982421875,11424.0,43.34396892800578
1615,1.3613685369491577,3668.8442617058754,0.0,4472.1982421875,11424.0,43.36938766601088
1616,0.6910203695297241,3700.8961822390556,0.0,4472.1982421875,11424.0,43.39477853701101
1617,0.7979594469070435,3997.565324664116,0.0,4472.1982421875,11424.0,43.42012799299846
1618,0.7054170966148376,3267.404186487198,0.0,4472.1982421875,11424.0,43.445565166010056
1619,0.9634831547737122,3480.910927593708,0.0,4472.1982421875,11424.0,43.470930776005844
1620,0.6359416246414185,4064.35721719265,0.0,4472.1982421875,11424.0,43.49632564900094
1621,0.5952498912811279,3280.5286321640015,0.0,4472.1982421875,11424.0,43.52179237200471
1622,0.5981433987617493,3834.7339020371437,0.0,4472.1982421875,11424.0,43.54747184700682
1623,0.6289706826210022,3697.285587131977,0.0,4472.1982421875,11424.0,43.57288899400737
1624,1.118196725845337,4263.328194737434,0.0,4472.1982421875,11424.0,43.599628064010176
1625,0.6629959344863892,3162.4553468227386,0.0,4472.1982421875,11424.0,43.62506781000411
1626,0.5470007061958313,2361.763539850712,0.0,4472.1982421875,11424.0,43.65047458700428
1627,0.6155620813369751,2970.587762951851,0.0,4472.1982421875,11424.0,43.67591052300122
1628,0.67757248878479,3760.8676693439484,0.0,4472.1982421875,11424.0,43.70133668401104
1629,1.6014652252197266,3685.8423199653625,0.0,4472.1982421875,11424.0,43.72827836300712
1630,0.8838759660720825,4147.793945789337,0.0,4472.1982421875,11424.0,43.75361579300079
1631,0.45236635208129883,1941.477762132883,0.0,4472.1982421875,11424.0,43.77924764199997
1632,0.5568951964378357,4304.333281099796,0.0,4472.1982421875,11424.0,43.80475020900485
1633,0.6065629720687866,3306.9768295288086,0.0,4472.1982421875,11424.0,43.83011957501003
1634,1.5799463987350464,3010.7364119291306,0.0,4472.1982421875,11424.0,43.85551300700172
1635,1.3531676530838013,4268.361014127731,0.0,4472.1982421875,11424.0,43.88094075600384
1636,0.9599969983100891,6588.297473192215,0.0,4472.1982421875,11424.0,43.906414119002875
1637,1.3645553588867188,5023.938504457474,0.0,4472.1982421875,11424.0,43.93355873900873
1638,0.6067954301834106,2606.9633387327194,0.0,4472.1982421875,11424.0,43.959081484004855
1639,0.7555473446846008,4033.2169647812843,0.0,4472.1982421875,11424.0,43.98451081001258
1640,1.2600688934326172,2781.1464977264404,0.0,4472.1982421875,11424.0,44.010210421998636
1641,1.3187199831008911,4525.927037358284,0.0,4472.1982421875,11424.0,44.035463022009935
1642,0.6161783337593079,5095.720720767975,0.0,4472.1982421875,11424.0,44.060858166005346
1643,0.6434810757637024,4919.483132779598,0.0,4472.1982421875,11424.0,44.08627630100818
1644,0.7464863657951355,4135.621760070324,0.0,4472.1982421875,11424.0,44.111568601001636
1645,0.5639461874961853,3250.473504602909,0.0,4472.1982421875,11424.0,44.13695092800481
1646,0.48115989565849304,4081.0967370271683,0.0,4472.1982421875,11424.0,44.16235912500997
1647,0.9807301163673401,4577.023933291435,0.0,4472.1982421875,11424.0,44.187687354002264
1648,0.7804990410804749,4459.228297591209,0.0,4472.1982421875,11424.0,44.21313733000716
1649,0.6593023538589478,3728.571065187454,0.0,4472.1982421875,11424.0,44.238771606003866
1650,1.4184083938598633,3086.7031642198563,0.0,4472.1982421875,11424.0,44.264050393001526
1651,0.7003515362739563,2112.0295340120792,0.0,4472.1982421875,11424.0,44.29087426200567
1652,1.0249131917953491,3667.345513999462,0.0,4472.1982421875,11424.0,44.31625518400688
1653,0.4757044315338135,3053.801838994026,0.0,4472.1982421875,11424.0,44.34156696300488
1654,1.0633456707000732,2983.8739815950394,0.0,4472.1982421875,11424.0,44.368266350007616
1655,0.5283978581428528,2537.4817806482315,0.0,4472.1982421875,11424.0,44.39376455701131
1656,0.7178334593772888,3577.18965780735,0.0,4472.1982421875,11424.0,44.41912276900257
1657,0.7516470551490784,4891.216142296791,0.0,4472.1982421875,11424.0,44.4445288930001
1658,0.5735023617744446,3882.1409246325493,0.0,4472.1982421875,11424.0,44.47025397900143
1659,0.7943880558013916,2914.037867486477,0.0,4472.1982421875,11424.0,44.49570604800829
1660,0.4753861725330353,2499.656957477331,0.0,4472.1982421875,11424.0,44.52114213000459
1661,1.32261323928833,4079.18698400259,0.0,4472.1982421875,11424.0,44.54805172100896
1662,0.6472933292388916,3181.064711689949,0.0,4472.1982421875,11424.0,44.57343007900636
1663,1.1388638019561768,3452.842044711113,0.0,4472.1982421875,11424.0,44.60023295400606
1664,0.7825618386268616,3422.0122421979904,0.0,4472.1982421875,11424.0,44.62566919000528
1665,0.862480878829956,3335.8917924165726,0.0,4472.1982421875,11424.0,44.65111944300588
1666,0.5683086514472961,2574.09045663476,0.0,4472.1982421875,11424.0,44.67643913900247
1667,1.282523512840271,9389.276675224304,0.0,4472.1982421875,11424.0,44.70212884500506
1668,0.6973915100097656,3486.7587519288063,0.0,4472.1982421875,11424.0,44.727524286005064
1669,0.8831468224525452,2335.9724200963974,0.0,4472.1982421875,11424.0,44.75435480099986
1670,0.8912253975868225,3296.19880181551,0.0,4472.1982421875,11424.0,44.77982680599962
1671,0.8198301792144775,2700.0903430581093,0.0,4472.1982421875,11424.0,44.805203223004355
1672,0.5630964636802673,3990.304457783699,0.0,4472.1982421875,11424.0,44.83060900900455
1673,0.8953773975372314,5549.630082130432,0.0,4472.1982421875,11424.0,44.85609216800367
1674,0.4994406998157501,2858.2801619768143,0.0,4472.1982421875,11424.0,44.8816051340109
1675,1.09498131275177,2633.553395330906,0.0,4472.1982421875,11424.0,44.90700412700244
1676,0.5236586332321167,3387.881205677986,0.0,4472.1982421875,11424.0,44.93265846501163
1677,1.607019066810608,3180.6475080251694,0.0,4472.1982421875,11424.0,44.95795466500567
1678,0.6543540358543396,3014.0948972702026,0.0,4472.1982421875,11424.0,44.98345001800044
1679,0.5512030124664307,2745.752064168453,0.0,4472.1982421875,11424.0,45.009025420004036
1680,1.01546049118042,5124.446292281151,0.0,4472.1982421875,11424.0,45.03445226600161
1681,0.728471577167511,3380.884532749653,0.0,4472.1982421875,11424.0,45.059930487012025
1682,0.5297039151191711,5729.6633913517,0.0,4472.1982421875,11424.0,45.085414575005416
1683,1.1215858459472656,4335.8718901872635,0.0,4472.1982421875,11424.0,45.110827883007005
1684,0.42925316095352173,2596.126555979252,0.0,4472.1982421875,11424.0,45.13626104099967
1685,0.6835991144180298,5493.931353926659,0.0,4472.1982421875,11424.0,45.16186806000769
1686,0.7528588175773621,2271.0772822499275,0.0,4472.1982421875,11424.0,45.18867744000454
1687,0.9608510732650757,2886.1573425531387,0.0,4472.1982421875,11424.0,45.214047096000286
1688,0.9287978410720825,4265.779627203941,0.0,4472.1982421875,11424.0,45.239434119008365
1689,0.8133029341697693,4352.890669703484,0.0,4472.1982421875,11424.0,45.26480764101143
1690,0.4237753748893738,2643.215301245451,0.0,4472.1982421875,11424.0,45.29027027600387
1691,1.494815707206726,4204.350471377373,0.0,4472.1982421875,11424.0,45.31725032599934
1692,0.5300864577293396,2868.779646039009,0.0,4472.1982421875,11424.0,45.342641109004035
1693,0.6835644841194153,2910.7664026021957,0.0,4472.1982421875,11424.0,45.36802693401114
1694,1.0309900045394897,4676.176507771015,0.0,4472.1982421875,11424.0,45.3936363630055
1695,1.9493587017059326,5322.954575181007,0.0,4472.1982421875,11424.0,45.420704305011895
1696,0.6301414370536804,5151.421334862709,0.0,4472.1982421875,11424.0,45.44608703200356
1697,0.5897736549377441,3942.766727566719,0.0,4472.1982421875,11424.0,45.47157216700725
1698,0.557782769203186,2556.855427145958,0.0,4472.1982421875,11424.0,45.49713507499837
1699,0.3906453549861908,1860.0774350762367,0.0,4472.1982421875,11424.0,45.522558397002285
1700,1.6007969379425049,3095.6035489439964,0.0,4472.1982421875,11424.0,45.54806211699906
1701,0.5275614261627197,4058.6317591667175,0.0,4472.1982421875,11424.0,45.5736682620045
1702,0.6963847875595093,3555.673050761223,0.0,4472.1982421875,11424.0,45.59906510901055
1703,0.8022388815879822,5044.455170631409,0.0,4472.1982421875,11424.0,45.62483982500271
1704,0.47827965021133423,2493.2433475852013,0.0,4472.1982421875,11424.0,45.65015298000071
1705,0.6567273736000061,3895.400130033493,0.0,4472.1982421875,11424.0,45.67555575699953
1706,0.8779782056808472,5187.948461771011,0.0,4472.1982421875,11424.0,45.70083964400692
1707,0.5399265885353088,3229.8536997437477,0.0,4472.1982421875,11424.0,45.72624391900899
1708,0.7034546732902527,8256.00841331482,0.0,4472.1982421875,11424.0,45.751695122002275
1709,0.6995021104812622,2966.673224210739,0.0,4472.1982421875,11424.0,45.77705724700354
1710,0.6420645713806152,4821.211041748524,0.0,4472.1982421875,11424.0,45.802425618006964
1711,1.0783824920654297,4206.32336628437,0.0,4472.1982421875,11424.0,45.82783591200132
1712,1.0509812831878662,4524.643144369125,0.0,4472.1982421875,11424.0,45.853662836001604
1713,1.2144038677215576,2526.555154055357,0.0,4472.1982421875,11424.0,45.8806809480011
1714,0.5738820433616638,3836.6524977087975,0.0,4472.1982421875,11424.0,45.90609485001187
1715,0.5673903822898865,3184.423184275627,0.0,4472.1982421875,11424.0,45.93148474700865
1716,1.1978272199630737,4503.170080602169,0.0,4472.1982421875,11424.0,45.95687192599871
1717,0.8142423033714294,2985.4843182861805,0.0,4472.1982421875,11424.0,45.98226488400542
1718,0.5020675659179688,2815.6537523269653,0.0,4472.1982421875,11424.0,46.00772418100678
1719,0.5434601902961731,3246.3413731753826,0.0,4472.1982421875,11424.0,46.03329558200494
1720,0.6644626259803772,3194.0587540864944,0.0,4472.1982421875,11424.0,46.05869253000128
1721,0.5100422501564026,3305.788263618946,0.0,4472.1982421875,11424.0,46.084448706009425
1722,0.556624710559845,3807.988707602024,0.0,4472.1982421875,11424.0,46.109778648009524
1723,0.5304940938949585,3365.883284807205,0.0,4472.1982421875,11424.0,46.135292504011886
1724,0.7691395282745361,5258.168291807175,0.0,4472.1982421875,11424.0,46.16069479500584
1725,0.6149553060531616,3779.4873893857,0.0,4472.1982421875,11424.0,46.186066577007296
1726,1.0003762245178223,3710.994885265827,0.0,4472.1982421875,11424.0,46.21143168400158
1727,0.6067706942558289,4357.349974632263,0.0,4472.1982421875,11424.0,46.23682516400004
1728,0.4775693416595459,3497.8813637793064,0.0,4472.1982421875,11424.0,46.262239090006915
1729,0.6441421508789062,4326.661452770233,0.0,4472.1982421875,11424.0,46.2876957289991
1730,0.51385498046875,3472.281278371811,0.0,4472.1982421875,11424.0,46.31334084700211
1731,0.7934262752532959,4030.9961411356926,0.0,4472.1982421875,11424.0,46.33883310201054
1732,0.9436811804771423,3809.375350832939,0.0,4472.1982421875,11424.0,46.36423666701012
1733,0.694266676902771,4754.643393158913,0.0,4472.1982421875,11424.0,46.38964983400365
1734,0.5544569492340088,4059.658440709114,0.0,4472.1982421875,11424.0,46.4151899569988
1735,1.0310869216918945,6273.119645237923,0.0,4472.1982421875,11424.0,46.44048898899928
1736,0.8855130672454834,7877.954820394516,0.0,4472.1982421875,11424.0,46.465804204999586
1737,1.2117477655410767,3970.551987528801,0.0,4472.1982421875,11424.0,46.49259653300396
1738,0.46385079622268677,3003.268743097782,0.0,4472.1982421875,11424.0,46.51808410600643
1739,0.4649050831794739,3103.980797559023,0.0,4472.1982421875,11424.0,46.543789308998385
1740,0.595580518245697,3526.806499183178,0.0,4472.1982421875,11424.0,46.56911123100144
1741,0.6964932680130005,4549.52499037981,0.0,4472.1982421875,11424.0,46.59458169199934
1742,1.0845088958740234,4714.514356791973,0.0,4472.1982421875,11424.0,46.619977850001305
1743,0.6448819637298584,2670.0614251196384,0.0,4472.1982421875,11424.0,46.645407917007105
1744,0.9250501394271851,4704.408131480217,0.0,4472.1982421875,11424.0,46.67084338700806
1745,0.6608926057815552,3431.2866899967194,0.0,4472.1982421875,11424.0,46.696405809998396
1746,0.8538011908531189,2960.0158487558365,0.0,4472.1982421875,11424.0,46.72327490099997
1747,0.8606750965118408,3323.896686255932,0.0,4472.1982421875,11424.0,46.74865474800754
1748,1.1873822212219238,4398.9738265275955,0.0,4472.1982421875,11424.0,46.774345832003746
1749,0.5526303648948669,2680.2070979475975,0.0,4472.1982421875,11424.0,46.79983118000382
1750,0.4333118796348572,2524.084069609642,0.0,4472.1982421875,11424.0,46.8253197150043
1751,0.8167670369148254,3513.3645169734955,0.0,4472.1982421875,11424.0,46.850733487008256
1752,1.1013984680175781,5164.532999277115,0.0,4472.1982421875,11424.0,46.87614985200344
1753,0.5273823738098145,3479.040559530258,0.0,4472.1982421875,11424.0,46.90153419801209
1754,1.0544352531433105,3331.8281877040863,0.0,4472.1982421875,11424.0,46.92854448100843
1755,1.1572210788726807,4281.058756053448,0.0,4472.1982421875,11424.0,46.955569713012665
1756,0.8390842080116272,3119.6283613443375,0.0,4472.1982421875,11424.0,46.98112225900695
1757,0.9383167028427124,3501.8210095763206,0.0,4472.1982421875,11424.0,47.00690663000569
1758,0.7662148475646973,3756.016112625599,0.0,4472.1982421875,11424.0,47.032280346000334
1759,0.5585168600082397,3041.8061776161194,0.0,4472.1982421875,11424.0,47.05766397000116
1760,1.3013077974319458,2424.2367737293243,0.0,4472.1982421875,11424.0,47.084650362012326
1761,0.5781524181365967,3427.0363432765007,0.0,4472.1982421875,11424.0,47.110156388007454
1762,0.7168410420417786,2559.6366102695465,0.0,4472.1982421875,11424.0,47.13552109300508
1763,0.5669729709625244,2800.043331384659,0.0,4472.1982421875,11424.0,47.161026049012435
1764,0.744886577129364,5267.066063642502,0.0,4472.1982421875,11424.0,47.18643439700827
1765,1.2057465314865112,2480.976183593273,0.0,4472.1982421875,11424.0,47.21333543000219
1766,0.46694180369377136,2675.628832280636,0.0,4472.1982421875,11424.0,47.239085050008725
1767,0.8369898796081543,2595.5060725808144,0.0,4472.1982421875,11424.0,47.26457277900772
1768,0.7345563173294067,2257.9734249711037,0.0,4472.1982421875,11424.0,47.290069604001474
1769,0.793191134929657,3378.0491426587105,0.0,4472.1982421875,11424.0,47.31555377700715
1770,0.5569301247596741,3000.5942695736885,0.0,4472.1982421875,11424.0,47.341009821000625
1771,1.0569264888763428,3697.6184741854668,0.0,4472.1982421875,11424.0,47.366516548005166
1772,0.783778727054596,3105.491413831711,0.0,4472.1982421875,11424.0,47.39194663699891
1773,0.4922814667224884,2356.052690923214,0.0,4472.1982421875,11424.0,47.41733988199849
1774,0.4815407693386078,2172.4090329408646,0.0,4472.1982421875,11424.0,47.442891591999796
1775,0.780200183391571,3370.4085305333138,0.0,4472.1982421875,11424.0,47.469959572001244
1776,0.969453752040863,3681.34702116251,0.0,4472.1982421875,11424.0,47.49542647199996
1777,0.4888443350791931,2430.740374594927,0.0,4472.1982421875,11424.0,47.521116832998814
1778,1.2802157402038574,5559.636401414871,0.0,4472.1982421875,11424.0,47.54663386600441
1779,0.588069498538971,3489.620833814144,0.0,4472.1982421875,11424.0,47.57209008499922
1780,0.6576892733573914,3611.3961629867554,0.0,4472.1982421875,11424.0,47.59754187100043
1781,0.4968266785144806,2914.8665610551834,0.0,4472.1982421875,11424.0,47.62299261100998
1782,0.9013488292694092,3026.831365764141,0.0,4472.1982421875,11424.0,47.6483399120043
1783,0.9317957162857056,4820.420615553856,0.0,4472.1982421875,11424.0,47.67376048800361
1784,0.38881683349609375,2058.5651848316193,0.0,4472.1982421875,11424.0,47.69963749599992
1785,0.8102657794952393,4554.649766147137,0.0,4472.1982421875,11424.0,47.72505341000215
1786,0.4702242314815521,3063.620765864849,0.0,4472.1982421875,11424.0,47.75058131800324
1787,0.8673936128616333,2883.588811814785,0.0,4472.1982421875,11424.0,47.776037809002446
1788,0.760723888874054,2691.989177286625,0.0,4472.1982421875,11424.0,47.80148735900002
1789,0.6726489663124084,1761.8615740835667,0.0,4472.1982421875,11424.0,47.82686505500169
1790,0.5156897902488708,3105.725825726986,0.0,4472.1982421875,11424.0,47.852356818009866
1791,0.5587199926376343,2961.8569080233574,0.0,4472.1982421875,11424.0,47.877861914006644
1792,0.7239446043968201,2930.335859000683,0.0,4472.1982421875,11424.0,47.90336389900767
1793,0.34978777170181274,2446.7598623633385,0.0,4472.1982421875,11424.0,47.92910716299957
1794,0.773791491985321,2432.0226063728333,0.0,4472.1982421875,11424.0,47.95441653000307
1795,0.6751089692115784,4230.7536433935165,0.0,4472.1982421875,11424.0,47.97990703600226
1796,0.9206199049949646,2770.7385766506195,0.0,4472.1982421875,11424.0,48.00544310999976
1797,1.1050604581832886,2612.583704173565,0.0,4472.1982421875,11424.0,48.03112915200472
1798,0.6171473264694214,3063.410028755665,0.0,4472.1982421875,11424.0,48.05664336201153
1799,1.0219415426254272,3055.2048501372337,0.0,4472.1982421875,11424.0,48.08363888600434
1800,1.2571285963058472,4385.491637706757,0.0,4472.1982421875,11424.0,48.10897483699955
1801,0.6724590063095093,4402.471278190613,0.0,4472.1982421875,11424.0,48.134591260008165
1802,1.148869276046753,15863.030836343765,0.0,4472.1982421875,11424.0,48.160439619008685
1803,1.3094992637634277,3023.362457871437,0.0,4472.1982421875,11424.0,48.18583041500824
1804,0.534015417098999,2944.311123430729,0.0,4472.1982421875,11424.0,48.211332088001654
1805,0.46323418617248535,2564.0933659672737,0.0,4472.1982421875,11424.0,48.236774098011665
1806,0.4223068058490753,2488.339357674122,0.0,4472.1982421875,11424.0,48.26212562400906
1807,0.9203237891197205,2782.605318546295,0.0,4472.1982421875,11424.0,48.2889634680032
1808,0.40061116218566895,4443.526969194412,0.0,4472.1982421875,11424.0,48.314453338010935
1809,0.4860852360725403,3612.0203852653503,0.0,4472.1982421875,11424.0,48.33994485800213
1810,0.7103958129882812,3024.879041850567,0.0,4472.1982421875,11424.0,48.3653508110001
1811,0.458252876996994,3637.7470626831055,0.0,4472.1982421875,11424.0,48.39110867300769
1812,0.7968400716781616,4484.38256752491,0.0,4472.1982421875,11424.0,48.41660246500396
1813,0.44278255105018616,3466.102903842926,0.0,4472.1982421875,11424.0,48.44200515400735
1814,0.8805592656135559,4199.196973502636,0.0,4472.1982421875,11424.0,48.46753118300694
1815,0.8728485703468323,3787.8634635210037,0.0,4472.1982421875,11424.0,48.49439028301276
1816,0.4356808066368103,3835.0194058418274,0.0,4472.1982421875,11424.0,48.5199856320105
1817,0.6772567629814148,3235.286878466606,0.0,4472.1982421875,11424.0,48.5455601420108
1818,0.725061297416687,3065.9074253439903,0.0,4472.1982421875,11424.0,48.57108663400868
1819,0.3969632089138031,2187.7614306509495,0.0,4472.1982421875,11424.0,48.59664054500172
1820,0.6207364797592163,4182.898932397366,0.0,4472.1982421875,11424.0,48.62246853701072
1821,0.5755319595336914,3529.2400824427605,0.0,4472.1982421875,11424.0,48.64796401100466
1822,0.5003877282142639,2430.5017578601837,0.0,4472.1982421875,11424.0,48.67344493500423
1823,0.42366257309913635,2300.9780511558056,0.0,4472.1982421875,11424.0,48.69899704800628
1824,0.588043212890625,2929.14446914196,0.0,4472.1982421875,11424.0,48.72452001100464
1825,0.49275508522987366,4965.549817681313,0.0,4472.1982421875,11424.0,48.749929441008135
1826,1.032640814781189,4027.70042270422,0.0,4472.1982421875,11424.0,48.77676214100211
1827,0.4906673729419708,3262.799032628536,0.0,4472.1982421875,11424.0,48.80222232900269
1828,0.8495661020278931,3193.2401325702667,0.0,4472.1982421875,11424.0,48.827762409011484
1829,0.4542728364467621,2539.798006594181,0.0,4472.1982421875,11424.0,48.85354129000916
1830,0.8185647130012512,3208.181366086006,0.0,4472.1982421875,11424.0,48.880358644004446
1831,0.6656126379966736,3817.0202174186707,0.0,4472.1982421875,11424.0,48.90571707900381
1832,1.4226863384246826,3189.2512546777725,0.0,4472.1982421875,11424.0,48.932799643007456
1833,0.7044179439544678,3440.825320005417,0.0,4472.1982421875,11424.0,48.958264820001204
1834,0.5356729030609131,3002.2076112031937,0.0,4472.1982421875,11424.0,48.98368942600791
1835,0.5175645351409912,3400.311061799526,0.0,4472.1982421875,11424.0,49.009192808007356
1836,0.8772346377372742,2536.91323569417,0.0,4472.1982421875,11424.0,49.03478350600926
1837,0.5590389370918274,3433.502284884453,0.0,4472.1982421875,11424.0,49.06030522299989
1838,0.521626353263855,2660.1837131381035,0.0,4472.1982421875,11424.0,49.08599996600242
1839,0.5532513856887817,3174.421098470688,0.0,4472.1982421875,11424.0,49.11150580100366
1840,0.4579949975013733,2753.5040411651134,0.0,4472.1982421875,11424.0,49.13699129100132
1841,1.0551706552505493,2750.548997938633,0.0,4472.1982421875,11424.0,49.1624501030019
1842,0.8582307696342468,2967.1028887033463,0.0,4472.1982421875,11424.0,49.18787046500074
1843,0.44801825284957886,3598.9223605394363,0.0,4472.1982421875,11424.0,49.21340970900201
1844,0.571861982345581,3053.359761059284,0.0,4472.1982421875,11424.0,49.238963259005686
1845,0.6580967903137207,3247.2494655251503,0.0,4472.1982421875,11424.0,49.264384259004146
1846,0.698544442653656,3233.637452542782,0.0,4472.1982421875,11424.0,49.28988614601258
1847,0.6290903687477112,2257.676353573799,0.0,4472.1982421875,11424.0,49.31565391100594
1848,0.4481579065322876,2399.834013968706,0.0,4472.1982421875,11424.0,49.341154328009
1849,0.45507383346557617,2928.2987319231033,0.0,4472.1982421875,11424.0,49.366648695999174
1850,0.5055766701698303,2967.9417174458504,0.0,4472.1982421875,11424.0,49.392218603010406
1851,0.9124608635902405,2479.9508685469627,0.0,4472.1982421875,11424.0,49.417945647001034
1852,0.753778338432312,3172.365310907364,0.0,4472.1982421875,11424.0,49.44354098800977
1853,0.6182130575180054,1604.9211495220661,0.0,4472.1982421875,11424.0,49.46893475600518
1854,0.910902738571167,4361.9818259477615,0.0,4472.1982421875,11424.0,49.49446253300994
1855,0.3814612627029419,2323.7444680333138,0.0,4472.1982421875,11424.0,49.520022871001856
1856,0.9341356754302979,3709.9625681638718,0.0,4472.1982421875,11424.0,49.545767653005896
1857,0.8404635190963745,2648.0991935133934,0.0,4472.1982421875,11424.0,49.57129844200972
1858,0.5314283967018127,3192.8832555413246,0.0,4472.1982421875,11424.0,49.596816329998546
1859,0.5248843431472778,3228.54533803463,0.0,4472.1982421875,11424.0,49.62221871300426
1860,0.8238442540168762,4710.9445106983185,0.0,4472.1982421875,11424.0,49.64775244900375
1861,0.49817532300949097,2430.246819317341,0.0,4472.1982421875,11424.0,49.6732443330111
1862,0.6306954622268677,3097.6498731970787,0.0,4472.1982421875,11424.0,49.698615409011836
1863,0.8533791303634644,3181.877744078636,0.0,4472.1982421875,11424.0,49.725337743002456
1864,1.0435893535614014,4969.545111477375,0.0,4472.1982421875,11424.0,49.75074865100032
1865,0.6162421107292175,1935.7886867523193,0.0,4472.1982421875,11424.0,49.77635623900278
1866,0.4971204996109009,3093.7076978087425,0.0,4472.1982421875,11424.0,49.801732493011514
1867,1.6912273168563843,3610.735354781151,0.0,4472.1982421875,11424.0,49.82719512800395
1868,0.9451230764389038,2709.0313235223293,0.0,4472.1982421875,11424.0,49.852780123008415
1869,1.0098847150802612,2414.9762564599514,0.0,4472.1982421875,11424.0,49.87844284401217
1870,0.7818626165390015,3608.8443505764008,0.0,4472.1982421875,11424.0,49.90384498699859
1871,0.9035947918891907,3918.1063348650932,0.0,4472.1982421875,11424.0,49.92940299700422
1872,0.4854312241077423,2138.4993014335632,0.0,4472.1982421875,11424.0,49.95481500501046
1873,0.4871986508369446,2819.9190079569817,0.0,4472.1982421875,11424.0,49.98031650199846
1874,0.8358288407325745,3469.076641559601,0.0,4472.1982421875,11424.0,50.006107863009674
1875,0.4610579013824463,2840.7302481532097,0.0,4472.1982421875,11424.0,50.03171225701226
1876,0.605697512626648,1953.195140004158,0.0,4472.1982421875,11424.0,50.05711356100801
1877,0.9897913932800293,2803.352550327778,0.0,4472.1982421875,11424.0,50.08257517000311
1878,0.562207043170929,2566.9485069215298,0.0,4472.1982421875,11424.0,50.10807914400357
1879,0.8888155817985535,3345.400465607643,0.0,4472.1982421875,11424.0,50.13352600100916
1880,0.8940027356147766,2050.032348573208,0.0,4472.1982421875,11424.0,50.16036337301193
1881,0.9327394962310791,3510.137540102005,0.0,4472.1982421875,11424.0,50.185818593003205
1882,0.44837313890457153,2506.245870947838,0.0,4472.1982421875,11424.0,50.211296327004675
1883,0.4989222288131714,3429.8834299445152,0.0,4472.1982421875,11424.0,50.23710409500927
1884,0.6012783050537109,2734.6741246581078,0.0,4472.1982421875,11424.0,50.262593217004905
1885,0.9424158930778503,3223.8049597144127,0.0,4472.1982421875,11424.0,50.28797914501047
1886,0.5281083583831787,2528.755187243223,0.0,4472.1982421875,11424.0,50.31341583500034
1887,1.3125687837600708,3598.412296652794,0.0,4472.1982421875,11424.0,50.340281741999206
1888,0.7104218602180481,4038.1672528386116,0.0,4472.1982421875,11424.0,50.365717957000015
1889,1.058606505393982,2987.812728226185,0.0,4472.1982421875,11424.0,50.391182210005354
1890,0.2978971004486084,2045.686437189579,0.0,4472.1982421875,11424.0,50.41677070900914
1891,0.7459039092063904,3299.770552754402,0.0,4472.1982421875,11424.0,50.44227038900135
1892,0.5782583355903625,3094.7010022997856,0.0,4472.1982421875,11424.0,50.46791614500398
1893,0.543595552444458,2764.489993095398,0.0,4472.1982421875,11424.0,50.49332205900282
1894,0.9771933555603027,2452.0732119083405,0.0,4472.1982421875,11424.0,50.52025655300531
1895,0.826401948928833,2940.622020304203,0.0,4472.1982421875,11424.0,50.54713388600794
1896,0.8648485541343689,2445.578844845295,0.0,4472.1982421875,11424.0,50.572633853007574
1897,0.8204015493392944,1661.0674105584621,0.0,4472.1982421875,11424.0,50.599797200004105
1898,0.3728424310684204,2160.7366161048412,0.0,4472.1982421875,11424.0,50.62526673400134
1899,1.3082658052444458,3029.4049483537674,0.0,4472.1982421875,11424.0,50.6505928330007
1900,0.5160955786705017,4534.932099699974,0.0,4472.1982421875,11424.0,50.67601830700005
1901,0.4788871109485626,3067.5943539738655,0.0,4472.1982421875,11424.0,50.701964717998635
1902,0.40101590752601624,1951.3327433466911,0.0,4472.1982421875,11424.0,50.72744901900296
1903,1.5626230239868164,2675.7049499750137,0.0,4472.1982421875,11424.0,50.75286573800258
1904,1.0092107057571411,3717.901891052723,0.0,4472.1982421875,11424.0,50.77982388000237
1905,0.4718548059463501,2876.167861044407,0.0,4472.1982421875,11424.0,50.80517371100723
1906,0.45047467947006226,3654.2013696432114,0.0,4472.1982421875,11424.0,50.8305552140082
1907,0.4198233485221863,3183.226917684078,0.0,4472.1982421875,11424.0,50.855949907010654
1908,0.5484154224395752,3519.944514632225,0.0,4472.1982421875,11424.0,50.88136348000262
1909,0.4217572808265686,3129.324598789215,0.0,4472.1982421875,11424.0,50.90683971400722
1910,0.6109509468078613,3341.29409378767,0.0,4472.1982421875,11424.0,50.932486985009746
1911,0.33843347430229187,1978.140096142888,0.0,4472.1982421875,11424.0,50.957946894006454
1912,0.8791808485984802,2236.211678683758,0.0,4472.1982421875,11424.0,50.98351840399846
1913,1.579439401626587,4049.5068421959877,0.0,4472.1982421875,11424.0,51.01025475100323
1914,0.66216641664505,2645.984441936016,0.0,4472.1982421875,11424.0,51.037272043002304
1915,0.3740493059158325,1503.598324149847,0.0,4472.1982421875,11424.0,51.06283671600977
1916,0.8827560544013977,2041.8164103031158,0.0,4472.1982421875,11424.0,51.088421974011
1917,0.6914061903953552,3850.9416523575783,0.0,4472.1982421875,11424.0,51.11390392300382
1918,0.49221453070640564,3151.801596790552,0.0,4472.1982421875,11424.0,51.13936587200442
1919,0.5628122091293335,3183.767432332039,0.0,4472.1982421875,11424.0,51.16510171101254
1920,0.9161001443862915,1673.4043873399496,0.0,4472.1982421875,11424.0,51.19056069701037
1921,1.3130358457565308,2405.1973165869713,0.0,4472.1982421875,11424.0,51.217347640005755
1922,0.4745825529098511,1825.7374256551266,0.0,4472.1982421875,11424.0,51.24287648500467
1923,0.77091383934021,3069.404852926731,0.0,4472.1982421875,11424.0,51.26828523199947
1924,0.6644191741943359,2248.4625322818756,0.0,4472.1982421875,11424.0,51.29364659200655
1925,0.8554174900054932,2516.3171486854553,0.0,4472.1982421875,11424.0,51.319073604012374
1926,0.4483027160167694,2478.5211095809937,0.0,4472.1982421875,11424.0,51.34460392600158
1927,0.4017815887928009,2644.222109377384,0.0,4472.1982421875,11424.0,51.37023533201136
1928,1.2782105207443237,2704.8423306047916,0.0,4472.1982421875,11424.0,51.39723607900669
1929,0.891247034072876,3134.6291260123253,0.0,4472.1982421875,11424.0,51.42263124800229
1930,0.5100188255310059,2289.397925376892,0.0,4472.1982421875,11424.0,51.44814884199877
1931,1.1146142482757568,3294.3197963237762,0.0,4472.1982421875,11424.0,51.47351206900203
1932,0.7211503386497498,4004.13844704628,0.0,4472.1982421875,11424.0,51.49890746999881
1933,0.43619853258132935,2786.1337007284164,0.0,4472.1982421875,11424.0,51.52454279000813
1934,0.42263340950012207,2935.8154086470604,0.0,4472.1982421875,11424.0,51.550112765005906
1935,0.4861263334751129,6472.914333462715,0.0,4472.1982421875,11424.0,51.575575685012154
1936,1.079261064529419,3923.4687637090683,0.0,4472.1982421875,11424.0,51.601048419004655
1937,0.4340676963329315,2070.5666103959084,0.0,4472.1982421875,11424.0,51.626750089009875
1938,0.884823203086853,3264.794411301613,0.0,4472.1982421875,11424.0,51.65208816200902
1939,0.41526326537132263,2730.7497286498547,0.0,4472.1982421875,11424.0,51.6778996320063
1940,0.9982832074165344,4170.7443036437035,0.0,4472.1982421875,11424.0,51.70338175400684
1941,0.5589867830276489,3015.439196884632,0.0,4472.1982421875,11424.0,51.72874387699994
1942,1.0086346864700317,4074.9547058343887,0.0,4472.1982421875,11424.0,51.754113790011615
1943,0.5639830827713013,3108.714030146599,0.0,4472.1982421875,11424.0,51.779522958007874
1944,0.6395404934883118,2705.9684090018272,0.0,4472.1982421875,11424.0,51.80503909700201
1945,0.9250718355178833,1596.515764862299,0.0,4472.1982421875,11424.0,51.83179772000585
1946,0.6257229447364807,2535.3824741840363,0.0,4472.1982421875,11424.0,51.857670935001806
1947,0.5071560740470886,2840.269049882889,0.0,4472.1982421875,11424.0,51.88317270000698
1948,0.38494035601615906,2411.230781316757,0.0,4472.1982421875,11424.0,51.90873862701119
1949,0.4665888547897339,1473.4963939785957,0.0,4472.1982421875,11424.0,51.93558616901282
1950,0.5220139026641846,3189.8928034305573,0.0,4472.1982421875,11424.0,51.96104250800272
1951,0.5392089486122131,3082.7038527727127,0.0,4472.1982421875,11424.0,51.986550528003136
1952,0.7263566851615906,2822.619630396366,0.0,4472.1982421875,11424.0,52.01205170300091
1953,0.48747748136520386,2198.225760638714,0.0,4472.1982421875,11424.0,52.037598874012474
1954,0.39983034133911133,2576.0848592221737,0.0,4472.1982421875,11424.0,52.06307814200409
1955,0.834855854511261,2705.219993919134,0.0,4472.1982421875,11424.0,52.08885419501166
1956,0.9549673795700073,2491.270128786564,0.0,4472.1982421875,11424.0,52.115595049006515
1957,0.5154761672019958,3008.1968268454075,0.0,4472.1982421875,11424.0,52.140961608005455
1958,0.5813030004501343,3441.818000972271,0.0,4472.1982421875,11424.0,52.16634331000387
1959,0.49901044368743896,2545.5837033391,0.0,4472.1982421875,11424.0,52.191854757998954
1960,0.45907801389694214,1999.9058865010738,0.0,4472.1982421875,11424.0,52.21736305599916
1961,0.7747610211372375,2991.1190056204796,0.0,4472.1982421875,11424.0,52.24283968200325
1962,0.8085563778877258,2240.554906487465,0.0,4472.1982421875,11424.0,52.26828248600941
1963,0.4598449766635895,2048.8913402855396,0.0,4472.1982421875,11424.0,52.293661332005286
1964,0.7354611754417419,2538.0917080640793,0.0,4472.1982421875,11424.0,52.31942125099886
1965,0.3373447358608246,1959.58729454875,0.0,4472.1982421875,11424.0,52.34486374800326
1966,0.5354835987091064,2662.135469675064,0.0,4472.1982421875,11424.0,52.37038095800381
1967,0.7311717867851257,2994.4381945729256,0.0,4472.1982421875,11424.0,52.39595639400068
1968,0.2949000298976898,1732.2729274630547,0.0,4472.1982421875,11424.0,52.42139052400307
1969,0.7787838578224182,1931.4829323291779,0.0,4472.1982421875,11424.0,52.44820150099986
1970,0.8058794140815735,2680.1304067373276,0.0,4472.1982421875,11424.0,52.473680294002406
1971,0.7179898619651794,3368.9296684861183,0.0,4472.1982421875,11424.0,52.49905239501095
1972,0.3559139668941498,2315.6407029628754,0.0,4472.1982421875,11424.0,52.524580754005
1973,0.6319809556007385,3600.7931863069534,0.0,4472.1982421875,11424.0,52.55032672800007
1974,0.6715072989463806,2900.9493238329887,0.0,4472.1982421875,11424.0,52.57591266700183
1975,0.8176936507225037,2398.812126159668,0.0,4472.1982421875,11424.0,52.60140388700529
1976,1.0925006866455078,3462.9262747764587,0.0,4472.1982421875,11424.0,52.6270163970039
1977,0.5318701267242432,2598.9729304611683,0.0,4472.1982421875,11424.0,52.65257383399876
1978,1.0965496301651,2416.3733217716217,0.0,4472.1982421875,11424.0,52.67787725600647
1979,0.9640815854072571,3155.49178314209,0.0,4472.1982421875,11424.0,52.704633080007625
1980,0.39792901277542114,1803.6223502755165,0.0,4472.1982421875,11424.0,52.73005856901
1981,1.2611757516860962,4210.034067749977,0.0,4472.1982421875,11424.0,52.756994766008575
1982,0.6435964703559875,3562.8562638759613,0.0,4472.1982421875,11424.0,52.782698285009246
1983,0.9033950567245483,2531.7002846598625,0.0,4472.1982421875,11424.0,52.80809564101219
1984,0.4648960530757904,2298.139209508896,0.0,4472.1982421875,11424.0,52.8336716019985
1985,0.8460114002227783,1745.227160781622,0.0,4472.1982421875,11424.0,52.859120343011455
1986,0.433697372674942,2971.3820376694202,0.0,4472.1982421875,11424.0,52.884568991008564
1987,0.6301146745681763,2012.8991875052452,0.0,4472.1982421875,11424.0,52.91005647300335
1988,0.8403196334838867,2698.229177713394,0.0,4472.1982421875,11424.0,52.93559375801124
1989,0.5948057770729065,2574.991885602474,0.0,4472.1982421875,11424.0,52.962481295006
1990,0.45140311121940613,2803.2462503015995,0.0,4472.1982421875,11424.0,52.98793897300493
1991,0.9131385087966919,4341.6505262851715,0.0,4472.1982421875,11424.0,53.01370385600603
1992,0.7764441967010498,2732.248853981495,0.0,4472.1982421875,11424.0,53.04076554199855
1993,0.638286828994751,3388.519772440195,0.0,4472.1982421875,11424.0,53.066199304012116
1994,0.7464140057563782,1862.934427201748,0.0,4472.1982421875,11424.0,53.09188303700648
1995,0.8030120730400085,2033.0949304103851,0.0,4472.1982421875,11424.0,53.11871471400082
1996,0.6633235812187195,5961.085217833519,0.0,4472.1982421875,11424.0,53.14415963200736
1997,0.84134840965271,3119.573995113373,0.0,4472.1982421875,11424.0,53.16956439500791
1998,0.511134922504425,2730.2765798568726,0.0,4472.1982421875,11424.0,53.19501185500121
1999,0.6808987259864807,3508.7127526402473,0.0,4472.1982421875,11424.0,53.22046415800287
2000,0.656215250492096,3855.8055104017258,0.0,4472.1982421875,11424.0,53.2460607640096
