step,loss,adapter_grad_abs_sum,llm_grad_abs_sum,gpu_mem_allocated_mb,gpu_mem_reserved_mb,elapsed_sec
1,11.284538269042969,47699.99067401886,0.0,2406.0712890625,2572.0,0.3471306529827416
2,9.053838729858398,15711.346549510956,0.0,2477.82666015625,2584.0,0.37386804504785687
3,7.764969348907471,8491.59275406599,0.0,2478.52001953125,2584.0,0.39802617905661464
4,7.473126411437988,6697.324646413326,0.0,2496.359375,2616.0,0.426499875029549
5,7.148025035858154,3491.4008448272943,0.0,2496.359375,2616.0,0.45133331208489835
6,6.375633239746094,2444.292183160782,0.0,2496.359375,2632.0,0.47583693300839514
7,7.093997955322266,4185.540147677064,0.0,2496.359375,2636.0,0.5006507430225611
8,7.028778076171875,3123.1764190644026,0.0,2496.359375,2636.0,0.5250293060671538
9,7.169958114624023,2126.4250209480524,0.0,2497.25390625,2636.0,0.5492849419824779
10,6.684235572814941,2049.413287308067,0.0,2497.26171875,2636.0,0.5735537810251117
11,6.015151023864746,2754.266518972814,0.0,2529.244140625,2654.0,0.5981194539926946
12,6.587038993835449,2067.054033478722,0.0,2529.244140625,2654.0,0.6221259280573577
13,6.166406631469727,2358.5658979043365,0.0,2529.244140625,2654.0,0.6462632960174233
14,5.960755348205566,2076.2776506002992,0.0,2529.244140625,2654.0,0.6705773500725627
15,5.685940742492676,1739.561404261738,0.0,2529.244140625,2654.0,0.6946402790490538
16,6.273071765899658,1964.898485057056,0.0,2529.244140625,2654.0,0.7187781219836324
17,5.52528190612793,2556.2155325375497,0.0,2529.244140625,2654.0,0.742711647064425
18,5.335732460021973,2087.4443609789014,0.0,2529.244140625,2654.0,0.7665857049869373
19,5.792877197265625,2466.8623683471233,0.0,2529.244140625,2654.0,0.7908975500613451
20,5.322896957397461,2494.421015748754,0.0,2529.244140625,2654.0,0.8154329110402614
21,5.700089454650879,2292.455663576722,0.0,2533.9345703125,2674.0,0.8402293560793623
22,5.442984580993652,2613.363751463592,0.0,2533.9345703125,2674.0,0.8645007670857012
23,5.403105735778809,2319.4181903116405,0.0,2533.9345703125,2674.0,0.8889890150167048
24,5.207768440246582,2316.5982676148415,0.0,2533.9345703125,2674.0,0.9132975580869243
25,4.8388872146606445,2019.9702714830637,0.0,2533.9345703125,2674.0,0.937717835069634
26,4.267489910125732,1636.2019174918532,0.0,2533.9345703125,2674.0,0.9620427620830014
27,4.843729019165039,1998.772984586656,0.0,2533.9345703125,2674.0,0.9864747900282964
28,5.343669891357422,2075.3567570373416,0.0,2533.9345703125,2674.0,1.0111051499843597
29,4.817692756652832,2171.9046690762043,0.0,2564.9765625,2696.0,1.0357645869953558
30,4.4739460945129395,1724.0523269232363,0.0,2564.9765625,2696.0,1.0601152570452541
31,5.6972761154174805,2503.8061219956726,0.0,2564.9765625,2700.0,1.0842564440099522
32,4.686789035797119,2436.0284761562943,0.0,2564.9765625,2700.0,1.108719065086916
33,4.218863487243652,2091.1781494310126,0.0,2564.9765625,2700.0,1.1331501579843462
34,5.491837501525879,2801.5821005925536,0.0,2564.9765625,2700.0,1.1574548030039296
35,5.038473129272461,2405.031042456627,0.0,2564.9765625,2700.0,1.1817993430886418
36,6.707156658172607,2634.4992952384055,0.0,2731.28564453125,2908.0,1.2221376970410347
37,4.259667873382568,2854.2934565767646,0.0,2731.28564453125,2908.0,1.2473726170137525
38,5.9029541015625,2399.845739558339,0.0,2731.28564453125,2908.0,1.2718589340802282
39,4.823917388916016,2302.703005699441,0.0,2731.28564453125,2908.0,1.2962943450547755
40,4.029385566711426,2729.505195043981,0.0,2731.28564453125,2908.0,1.3207314449828118
41,3.6030588150024414,2354.7802216950804,0.0,2731.28564453125,2908.0,1.3451638080878183
42,3.8248274326324463,1625.3358498066664,0.0,2731.28564453125,2910.0,1.3693085120758042
43,4.233809947967529,3070.3115503899753,0.0,2731.28564453125,2910.0,1.3937318800017238
44,3.907437324523926,2462.1849926114082,0.0,2731.28564453125,2910.0,1.4180645470041782
45,4.8646392822265625,2470.0262915454805,0.0,2731.28564453125,2910.0,1.4423855820205063
46,3.6103062629699707,2091.6202206406742,0.0,2731.28564453125,2910.0,1.4670822500484064
47,3.8509087562561035,2063.8447808455676,0.0,2731.28564453125,2910.0,1.4911021740408614
48,3.6948671340942383,2242.8268464654684,0.0,2731.28564453125,2910.0,1.5155167910270393
49,3.1426937580108643,2214.952601492405,0.0,2731.28564453125,2910.0,1.540012257057242
50,4.16147518157959,2179.8688217811286,0.0,2731.28564453125,2910.0,1.5643652800936252
51,3.7320868968963623,1930.8206652710214,0.0,2731.28564453125,2910.0,1.5888088670326397
52,3.7241108417510986,2221.754532765597,0.0,2731.28564453125,2910.0,1.6132070310413837
53,3.1415200233459473,2075.9176472555846,0.0,2731.28564453125,2910.0,1.6376533530419692
54,3.2431347370147705,1987.5848210379481,0.0,2731.28564453125,2910.0,1.6620856589870527
55,3.5154404640197754,2036.849089271389,0.0,2731.28564453125,2910.0,1.686352789052762
56,4.166302680969238,2866.240361949429,0.0,2731.28564453125,2910.0,1.7109676450490952
57,3.033033609390259,3054.4459410868585,0.0,2731.28564453125,2910.0,1.7355103750014678
58,3.6871612071990967,1957.8817774336785,0.0,2731.28564453125,2910.0,1.7596944430842996
59,3.481654405593872,2780.602374373004,0.0,2731.28564453125,2910.0,1.7842737350147218
60,2.71138334274292,2121.0647437758744,0.0,2731.28564453125,2910.0,1.8083337530260906
61,3.1325831413269043,1877.235716857016,0.0,2731.28564453125,2910.0,1.8328223900170997
62,3.163170099258423,2377.11975074932,0.0,2731.28564453125,2910.0,1.8571471930481493
63,2.8512682914733887,1965.1422659065574,0.0,2731.28564453125,2910.0,1.88172055198811
64,3.378060817718506,2282.2031603250653,0.0,2731.28564453125,2910.0,1.906342128990218
65,5.620668888092041,3481.261926610023,0.0,2731.28564453125,2910.0,1.9306884380057454
66,3.328566074371338,2581.7077149562538,0.0,2731.28564453125,2910.0,1.955071093980223
67,4.037567615509033,2548.0755951069295,0.0,2731.28564453125,2910.0,1.979604937019758
68,3.616753578186035,2546.0929201841354,0.0,2731.28564453125,2910.0,2.004024737048894
69,2.67393159866333,2127.9209363907576,0.0,2731.28564453125,2910.0,2.028531488031149
70,4.448835372924805,2739.7306521087885,0.0,2731.28564453125,2910.0,2.0525554100750014
71,2.4856646060943604,1985.4361072462052,0.0,2731.28564453125,2910.0,2.0770124660339206
72,3.005619764328003,2398.2293410729617,0.0,2731.28564453125,2910.0,2.101342404028401
73,2.7962913513183594,2011.4653057632968,0.0,2731.28564453125,2910.0,2.125984849059023
74,2.8838462829589844,2402.744061227888,0.0,2731.28564453125,2910.0,2.1504056700505316
75,2.912048816680908,2213.0213327892125,0.0,2731.28564453125,2910.0,2.1748853150056675
76,3.2378008365631104,2300.2069097794592,0.0,2731.28564453125,2910.0,2.1994259820785373
77,2.75671124458313,1944.1479089679196,0.0,2731.28564453125,2910.0,2.2239770860178396
78,3.952688455581665,2326.190727841109,0.0,2731.28564453125,2910.0,2.248322996078059
79,2.890195369720459,2049.5164991803467,0.0,2731.28564453125,2910.0,2.2723551699891686
80,2.8537847995758057,1898.3600169532,0.0,2731.28564453125,2910.0,2.296758092008531
81,2.560098171234131,2167.8517103586346,0.0,2731.28564453125,2910.0,2.320753608015366
82,2.666543960571289,2380.633564127609,0.0,2731.28564453125,2910.0,2.3449856410734355
83,2.9563446044921875,2541.5663867741823,0.0,2731.28564453125,2910.0,2.3693310969974846
84,2.700838804244995,2659.827908243984,0.0,2731.28564453125,2910.0,2.3937152880243957
85,3.0386178493499756,1944.745330300182,0.0,2731.28564453125,2910.0,2.418056459981017
86,3.2147085666656494,2923.609888870269,0.0,2731.28564453125,2910.0,2.4419903740053996
87,3.05094051361084,2756.9600141439587,0.0,2731.28564453125,2910.0,2.4664028310216963
88,2.5105233192443848,1830.7422897070646,0.0,2731.28564453125,2910.0,2.4909225780284032
89,2.30098295211792,1748.946777785197,0.0,2731.28564453125,2910.0,2.5148635850055143
90,2.550321102142334,1977.9933771444485,0.0,2731.28564453125,2910.0,2.539361043018289
91,2.204716205596924,1842.6072987951338,0.0,2731.28564453125,2910.0,2.5636787629919127
92,2.412627696990967,2109.861201385036,0.0,2731.28564453125,2910.0,2.5875740150222555
93,2.4734787940979004,2552.9407418854535,0.0,2731.28564453125,2910.0,2.611989399068989
94,3.8463125228881836,2325.3481782115996,0.0,2731.28564453125,2910.0,2.6360072729876265
95,2.253549098968506,2611.9165313988924,0.0,2731.28564453125,2910.0,2.6599300460657105
96,2.5926294326782227,1937.5307132154703,0.0,2731.28564453125,2910.0,2.6843293519923463
97,4.659198760986328,3060.5241181328893,0.0,2731.28564453125,2910.0,2.708996011991985
98,2.10044527053833,2435.1465404909104,0.0,2731.28564453125,2910.0,2.733145898091607
99,2.6323161125183105,2324.5373208727688,0.0,2731.28564453125,2910.0,2.7571521210484207
100,3.436471462249756,2021.3433685619384,0.0,2731.28564453125,2910.0,2.7817681160522625
101,2.8137588500976562,2835.6913938168436,0.0,2731.28564453125,2910.0,2.8058574120514095
102,2.723390579223633,2513.1899235770106,0.0,2731.28564453125,2910.0,2.830382370040752
103,4.602021217346191,2597.62751102075,0.0,2731.28564453125,2910.0,2.854933981085196
104,2.225156307220459,2626.893706932664,0.0,2731.28564453125,2910.0,2.879408302018419
105,2.5697555541992188,2761.039161104709,0.0,2731.28564453125,2910.0,2.9039398030145094
106,2.1964125633239746,1791.4350364431739,0.0,2731.28564453125,2910.0,2.9282763050869107
107,2.4594807624816895,1826.0891572479159,0.0,2731.28564453125,2910.0,2.9527353279991075
108,2.3039088249206543,2084.5760046821088,0.0,2731.28564453125,2910.0,2.9766682690242305
109,2.446053981781006,1962.113007972017,0.0,2731.28564453125,2910.0,3.001353628002107
110,2.9277548789978027,2734.901528914459,0.0,2731.28564453125,2910.0,3.0257046980550513
111,3.334193229675293,2085.1629781760275,0.0,2731.28564453125,2910.0,3.0498596830293536
112,3.564274311065674,2039.3769172169268,0.0,2731.28564453125,2910.0,3.074249387020245
113,3.1774115562438965,2458.839418621734,0.0,2731.28564453125,2910.0,3.0986726130358875
114,2.55104923248291,2313.4911627760157,0.0,2731.28564453125,2910.0,3.123007963062264
115,2.5072808265686035,1890.874674149789,0.0,2731.28564453125,2910.0,3.1474949730327353
116,1.9592986106872559,2559.0996589548886,0.0,2731.28564453125,2910.0,3.171821427065879
117,2.3577003479003906,2476.023495655507,0.0,2731.28564453125,2910.0,3.1963153950637206
118,2.2835967540740967,2316.3174757808447,0.0,2731.28564453125,2910.0,3.221224469016306
119,2.423199415206909,2483.751756403595,0.0,2731.28564453125,2910.0,3.2453556400723755
120,2.217848062515259,2406.9363670405,0.0,2731.28564453125,2910.0,3.269727337989025
121,3.0074851512908936,1948.274635256268,0.0,2731.28564453125,2910.0,3.29402155301068
122,2.083909034729004,1996.072980617173,0.0,2731.28564453125,2910.0,3.3180152860004455
123,1.870272159576416,2113.252998609096,0.0,2731.28564453125,2910.0,3.3420264130691066
124,2.3378376960754395,2185.7414844296873,0.0,2731.28564453125,2910.0,3.3664257240016013
125,2.2077057361602783,2655.3029911853373,0.0,2731.28564453125,2910.0,3.3908670120872557
126,2.0400381088256836,2350.2347051296383,0.0,2731.28564453125,2910.0,3.415265824063681
127,2.207587480545044,2827.794231440872,0.0,2731.28564453125,2910.0,3.439549906994216
128,2.396453857421875,2087.2700137402862,0.0,2731.28564453125,2910.0,3.4635931820375845
129,1.9653172492980957,1915.9793794136494,0.0,2731.28564453125,2910.0,3.487418299075216
130,3.431183338165283,2405.894641444087,0.0,2731.28564453125,2910.0,3.5113203630317003
131,1.9206087589263916,2089.1368810348213,0.0,2731.28564453125,2910.0,3.5357772309798747
132,2.0072760581970215,2014.5645966203883,0.0,2731.28564453125,2910.0,3.55974002298899
133,3.7202510833740234,2041.362794273533,0.0,2731.28564453125,2910.0,3.5841389960842207
134,3.5672237873077393,1935.874188773334,0.0,2731.28564453125,2910.0,3.6081199100008234
135,2.3959383964538574,2104.380220003426,0.0,2731.28564453125,2910.0,3.6325282090110704
136,1.9066500663757324,1811.8638746431097,0.0,2731.28564453125,2910.0,3.657228850061074
137,2.5208187103271484,2170.8679441809654,0.0,2731.28564453125,2910.0,3.6818941340316087
138,1.9589921236038208,2353.265425864607,0.0,2731.28564453125,2910.0,3.7064588450593874
139,1.9909861087799072,1720.8237231448293,0.0,2731.28564453125,2910.0,3.7310911850072443
140,3.2733941078186035,2232.1173850437626,0.0,2731.28564453125,2910.0,3.7558233990566805
141,1.8436646461486816,2117.3370768036693,0.0,2731.28564453125,2910.0,3.780291115050204
142,3.2227041721343994,2170.4469681717455,0.0,2731.28564453125,2910.0,3.8046735010575503
143,2.1111059188842773,2341.411436824128,0.0,2731.28564453125,2910.0,3.829062228091061
144,1.9593474864959717,1698.6635541552678,0.0,2731.28564453125,2910.0,3.853578976006247
145,2.8004493713378906,1949.2923524891958,0.0,2731.28564453125,2910.0,3.8778451600810513
146,2.638378381729126,2121.957778918557,0.0,2731.28564453125,2910.0,3.902259247028269
147,1.6339263916015625,1930.964721493423,0.0,2731.28564453125,2910.0,3.926863463013433
148,1.8401851654052734,2046.049351517111,0.0,2731.28564453125,2910.0,3.951201910036616
149,1.8888453245162964,2582.0409917868674,0.0,2731.28564453125,2910.0,3.975649610045366
150,1.778435230255127,1879.0373201481998,0.0,2731.28564453125,2910.0,3.999679041095078
151,1.5615824460983276,1774.0195791181177,0.0,2731.28564453125,2910.0,4.02400078100618
152,1.8499963283538818,2000.2339943265542,0.0,2731.28564453125,2910.0,4.048486944986507
153,1.8068468570709229,1784.3186580371112,0.0,2731.28564453125,2910.0,4.072936315089464
154,1.5176639556884766,1805.8581828009337,0.0,2731.28564453125,2910.0,4.097503821016289
155,2.2850522994995117,2269.498378686607,0.0,2731.28564453125,2910.0,4.121817747014575
156,1.6457308530807495,2300.235851811245,0.0,2731.28564453125,2910.0,4.146311355987564
157,1.7682101726531982,2061.091603669338,0.0,2731.28564453125,2910.0,4.170749693992548
158,1.820683479309082,1771.4481028672308,0.0,2731.28564453125,2910.0,4.19517011300195
159,1.4483659267425537,1660.8899023290724,0.0,2731.28564453125,2910.0,4.219863959006034
160,3.812704563140869,3033.943245301023,0.0,2731.28564453125,2910.0,4.243944662041031
161,1.871872901916504,2431.401956014335,0.0,2731.28564453125,2910.0,4.268263420090079
162,1.5762498378753662,2030.6516875829548,0.0,2731.28564453125,2910.0,4.29275589005556
163,1.7478337287902832,1927.0988688245416,0.0,2731.28564453125,2910.0,4.317601996008307
164,1.6891154050827026,2530.268187051639,0.0,2731.28564453125,2910.0,4.3417376830475405
165,1.4168667793273926,1741.585315382108,0.0,2731.28564453125,2910.0,4.3660775270545855
166,1.5297787189483643,2091.7654820475727,0.0,2731.28564453125,2910.0,4.390044601052068
167,1.607495903968811,1858.2111315373331,0.0,2731.28564453125,2910.0,4.413913941010833
168,1.5046387910842896,1938.1460762964562,0.0,2731.28564453125,2910.0,4.4379005550872535
169,1.5027214288711548,1927.2022137194872,0.0,2731.28564453125,2910.0,4.462458035093732
170,1.4800058603286743,1647.5035381391644,0.0,2731.28564453125,2910.0,4.48683724401053
171,1.5900241136550903,1834.3314423374832,0.0,2731.28564453125,2910.0,4.5113893310772255
172,1.825412392616272,2308.076988209039,0.0,2731.28564453125,2910.0,4.536134951049462
173,1.674018383026123,1836.5029358221218,0.0,2731.28564453125,2910.0,4.560526214074343
174,2.072636127471924,2455.7359834518284,0.0,2731.28564453125,2910.0,4.584904199000448
175,2.6165478229522705,2270.2167699877173,0.0,2731.28564453125,2910.0,4.608899026061408
176,1.14533531665802,1939.4964429121464,0.0,2731.28564453125,2910.0,4.633307714015245
177,1.3959699869155884,2130.996981859207,0.0,2731.28564453125,2910.0,4.65770339302253
178,1.4111452102661133,2028.5002434551716,0.0,2731.28564453125,2910.0,4.682074401061982
179,2.288815975189209,1994.4829699266702,0.0,2731.28564453125,2910.0,4.706600666046143
180,1.572547435760498,2090.210205523297,0.0,2731.28564453125,2910.0,4.731147855054587
181,1.4203689098358154,1570.402571272105,0.0,2731.28564453125,2910.0,4.75608264899347
182,2.4677209854125977,1963.9949015527964,0.0,2731.28564453125,2910.0,4.780621953075752
183,1.3554291725158691,1753.694859560579,0.0,2731.28564453125,2910.0,4.804620671086013
184,1.130313515663147,1577.9842326007783,0.0,2731.28564453125,2910.0,4.829000942991115
185,2.009047746658325,1760.3857889585197,0.0,2731.28564453125,2910.0,4.853491896996275
186,1.2723407745361328,1841.1455873176455,0.0,2731.28564453125,2910.0,4.877914532087743
187,1.3975582122802734,1989.3022277392447,0.0,2731.28564453125,2910.0,4.902344764093868
188,1.4007972478866577,2693.052948433906,0.0,2731.28564453125,2910.0,4.926754804095253
189,1.2928317785263062,1812.5434828326106,0.0,2731.28564453125,2910.0,4.951298706000671
190,4.1661577224731445,2721.8618734776974,0.0,2731.28564453125,2910.0,4.975919328047894
191,1.602630615234375,2388.6198629550636,0.0,2731.28564453125,2910.0,5.000399522017688
192,1.4282420873641968,2261.6963064903393,0.0,2731.28564453125,2910.0,5.024446189054288
193,2.884755849838257,2504.832450369373,0.0,2731.28564453125,2910.0,5.048853959073313
194,1.937386393547058,2773.8075265325606,0.0,2731.28564453125,2910.0,5.072844687034376
195,1.1370458602905273,2450.964389702305,0.0,2731.28564453125,2910.0,5.097182272002101
196,1.254156470298767,2029.338597048074,0.0,2731.28564453125,2910.0,5.121629175031558
197,1.2880223989486694,2034.2395088672638,0.0,2731.28564453125,2910.0,5.146073117037304
198,1.3272156715393066,2163.8557554176077,0.0,2731.28564453125,2910.0,5.170511552016251
199,2.2779502868652344,2038.9364286325872,0.0,2731.28564453125,2910.0,5.195263875066303
200,2.543837547302246,1885.71533225663,0.0,2731.28564453125,2910.0,5.220034093013965
201,2.7728214263916016,2617.6006010333076,0.0,2731.28564453125,2910.0,5.244711143081076
202,2.574068307876587,2303.924437409267,0.0,2731.28564453125,2910.0,5.268862895085476
203,1.3256869316101074,1991.1490614097565,0.0,2731.28564453125,2910.0,5.293270702008158
204,1.382800817489624,2369.0148605126888,0.0,2731.28564453125,2910.0,5.317845263984054
205,3.049931049346924,3414.0020159631968,0.0,2731.28564453125,2910.0,5.342520650010556
206,1.0285289287567139,1666.5437045646831,0.0,2731.28564453125,2910.0,5.366993100033142
207,0.9963839054107666,1704.6155453929678,0.0,2731.28564453125,2910.0,5.391443173983134
208,2.1844770908355713,3027.7860577711836,0.0,2731.28564453125,2910.0,5.4160456469981
209,1.342926263809204,2334.3736891057342,0.0,2731.28564453125,2910.0,5.440146821085364
210,1.369391918182373,2515.958114848472,0.0,2731.28564453125,2910.0,5.464126531034708
211,1.2626639604568481,2491.841424773447,0.0,2731.28564453125,2910.0,5.488582681980915
212,2.7031002044677734,2173.225870342925,0.0,2731.28564453125,2910.0,5.51304637407884
213,2.06902813911438,2093.7744931625202,0.0,2731.28564453125,2910.0,5.537506357068196
214,2.4593472480773926,2588.681205574423,0.0,2731.28564453125,2910.0,5.562028311076574
215,2.3163089752197266,2050.9846005607396,0.0,2731.28564453125,2910.0,5.586553202010691
216,1.2657638788223267,2150.000564707443,0.0,2731.28564453125,2910.0,5.610913173062727
217,1.4899377822875977,2200.4900905499235,0.0,2731.28564453125,2910.0,5.635603675036691
218,1.5725555419921875,2216.5137172974646,0.0,2731.28564453125,2910.0,5.659930133027956
219,3.3605074882507324,1984.8966796761379,0.0,2731.28564453125,2910.0,5.684411384048872
220,2.355942726135254,1891.754568459466,0.0,2731.28564453125,2910.0,5.708975119050592
221,1.211137056350708,1783.6517212986946,0.0,2731.28564453125,2910.0,5.733689734013751
222,1.364966869354248,1967.6550604794174,0.0,2731.28564453125,2910.0,5.758169476990588
223,1.312072992324829,1850.8186706658453,0.0,2731.28564453125,2910.0,5.78254988102708
224,2.554224967956543,2028.9814654206857,0.0,2731.28564453125,2910.0,5.806543339043856
225,1.042593240737915,1497.8064024643973,0.0,2731.28564453125,2910.0,5.8305627080844715
226,1.2031084299087524,1556.137151710689,0.0,2731.28564453125,2910.0,5.854791281046346
227,1.0310921669006348,1609.2768365507945,0.0,2731.28564453125,2910.0,5.879248737008311
228,2.2704854011535645,1702.6950293323025,0.0,2731.28564453125,2910.0,5.9032342419959605
229,1.1515284776687622,1618.8815905973315,0.0,2731.28564453125,2910.0,5.927816085983068
230,1.0481460094451904,1796.5184483025223,0.0,2731.28564453125,2910.0,5.952362748095766
231,1.0332634449005127,1461.029978231527,0.0,2731.28564453125,2910.0,5.976911889039911
232,1.1984732151031494,1828.3301337733865,0.0,2731.28564453125,2910.0,6.001314889057539
233,0.8052481412887573,1429.0422193128616,0.0,2731.28564453125,2910.0,6.025793156004511
234,1.0934808254241943,1536.2195407329127,0.0,2731.28564453125,2910.0,6.050297638983466
235,2.2000045776367188,1702.97538937442,0.0,2731.28564453125,2910.0,6.074511080048978
236,0.98795086145401,1335.2257611248642,0.0,2731.28564453125,2910.0,6.098508975002915
237,1.1579148769378662,1508.3885797178373,0.0,2731.28564453125,2910.0,6.122397422092035
238,0.7086790800094604,1394.325696268119,0.0,2731.28564453125,2910.0,6.146876907092519
239,0.9690597653388977,1733.249392721802,0.0,2731.28564453125,2910.0,6.171395997982472
240,1.0827958583831787,1528.2808811292052,0.0,2731.28564453125,2910.0,6.195811934070662
241,1.0705002546310425,1701.3590910285711,0.0,2731.28564453125,2910.0,6.220461838063784
242,2.4993457794189453,1759.4373713647947,0.0,2731.28564453125,2910.0,6.24472171405796
243,0.9288182854652405,1159.632001902908,0.0,2731.28564453125,2910.0,6.269228972028941
244,1.1123464107513428,1874.9992155563086,0.0,2731.28564453125,2910.0,6.293570140027441
245,0.8257067203521729,1536.1515527106822,0.0,2731.28564453125,2910.0,6.318129669059999
246,0.9490771293640137,1666.7189446538687,0.0,2731.28564453125,2910.0,6.342664569034241
247,1.5278146266937256,1545.011440133676,0.0,2731.28564453125,2910.0,6.367067404091358
248,0.9777956604957581,1858.020112445578,0.0,2731.28564453125,2910.0,6.391516052070074
249,1.7537436485290527,1401.2453089617193,0.0,2731.28564453125,2910.0,6.416018011979759
250,1.6816837787628174,1964.1866425052285,0.0,2731.28564453125,2910.0,6.440560165094212
251,0.9493753910064697,1781.925993874669,0.0,2731.28564453125,2910.0,6.465006517013535
252,4.370553970336914,2042.0992726301774,0.0,2731.28564453125,2910.0,6.489070352050476
253,0.9568370580673218,1492.3117910763249,0.0,2731.28564453125,2910.0,6.513334824005142
254,0.9705660939216614,1864.98707055673,0.0,2731.28564453125,2910.0,6.5376891570631415
255,1.1460996866226196,1774.2850282154977,0.0,2731.28564453125,2910.0,6.562212340999395
256,1.0755836963653564,1899.9727353714406,0.0,2731.28564453125,2910.0,6.586181804072112
257,0.9941287040710449,1558.3833143529482,0.0,2731.28564453125,2910.0,6.610621716012247
258,2.2251014709472656,1739.2646908983588,0.0,2731.28564453125,2910.0,6.6350002529798076
259,1.526711344718933,2438.4573790263385,0.0,2731.28564453125,2910.0,6.659094469039701
260,2.300813674926758,1960.3490004874766,0.0,2731.28564453125,2910.0,6.683538536075503
261,0.9408040046691895,1545.4610850606114,0.0,2731.28564453125,2910.0,6.707639530999586
262,0.8783934116363525,1628.7110935961828,0.0,2731.28564453125,2910.0,6.732531787012704
263,1.0066728591918945,1576.4710874389857,0.0,2731.28564453125,2910.0,6.756961932987906
264,0.7189456224441528,1274.6764574628323,0.0,2731.28564453125,2910.0,6.781325723044574
265,0.9780572652816772,1567.093013934791,0.0,2731.28564453125,2910.0,6.805802550981753
266,0.8831225633621216,1327.1625539176166,0.0,2731.28564453125,2910.0,6.830223567085341
267,1.9210522174835205,1586.672782804817,0.0,2731.28564453125,2910.0,6.854637259035371
268,1.0073530673980713,1641.2897072900087,0.0,2731.28564453125,2910.0,6.879087813082151
269,0.9978832006454468,1682.2665679324418,0.0,2731.28564453125,2910.0,6.903483182075433
270,1.9989748001098633,1852.8879649862647,0.0,2731.28564453125,2910.0,6.927977212006226
271,0.821027398109436,1194.365925735794,0.0,2731.28564453125,2910.0,6.952652528067119
272,0.7946886420249939,1389.1682952549309,0.0,2731.28564453125,2910.0,6.977159544010647
273,3.6105775833129883,2177.2703131418675,0.0,2731.28564453125,2910.0,7.002164211007766
274,2.4988834857940674,1909.2886020448059,0.0,2731.28564453125,2910.0,7.0267813469981775
275,3.2986230850219727,2330.314004652202,0.0,2731.39111328125,2910.0,7.051226914045401
276,2.4113399982452393,1629.7700977800414,0.0,2731.39111328125,2910.0,7.075760830077343
277,1.082680106163025,1793.2932313065976,0.0,2731.39111328125,2910.0,7.09972869604826
278,0.8967200517654419,1334.265093206428,0.0,2731.39111328125,2910.0,7.124141175067052
279,1.0279110670089722,1871.207233062014,0.0,2731.39111328125,2910.0,7.148697391035967
280,2.472209930419922,1978.4567849710584,0.0,2731.39111328125,2910.0,7.173388338997029
281,0.9523812532424927,1802.8277710881084,0.0,2731.39111328125,2910.0,7.197852365090512
282,1.0416057109832764,1459.06911386922,0.0,2731.39111328125,2910.0,7.222533437074162
283,0.7120142579078674,1166.382507784292,0.0,2731.39111328125,2910.0,7.247085665003397
284,1.6709928512573242,1804.4458705354482,0.0,2731.39111328125,2910.0,7.2715563860256225
285,0.7689634561538696,1188.3151702340692,0.0,2731.39111328125,2910.0,7.295928952982649
286,1.6257082223892212,1555.3965308722109,0.0,2731.39111328125,2910.0,7.3202718700049445
287,0.9321497678756714,1418.2716442439705,0.0,2731.39111328125,2910.0,7.3446532600792125
288,0.8228946924209595,1328.1214994350448,0.0,2731.39111328125,2910.0,7.368792835040949
289,0.9138982892036438,1347.6633789278567,0.0,2731.39111328125,2910.0,7.393048253026791
290,0.8640750050544739,1499.8802516823635,0.0,2731.39111328125,2910.0,7.417438404983841
291,0.9427893161773682,1508.583513898775,0.0,2731.39111328125,2910.0,7.441781598026864
292,0.8607267141342163,1733.8451757878065,0.0,2731.39111328125,2910.0,7.466231179074384
293,0.7186082601547241,1308.9990423787385,0.0,2731.39111328125,2910.0,7.490724119008519
294,0.8027321100234985,1689.864839522168,0.0,2731.39111328125,2910.0,7.515104493009858
295,1.4741332530975342,1660.538800433278,0.0,2731.39111328125,2910.0,7.53957738308236
296,0.9404113292694092,1760.5657962039113,0.0,2731.39111328125,2910.0,7.564048083033413
297,0.9011570811271667,1682.6973586641252,0.0,2731.39111328125,2910.0,7.58847813308239
298,2.547828435897827,2613.2513868771493,0.0,2731.39111328125,2910.0,7.61388334503863
299,0.7830579280853271,1783.9471192099154,0.0,2731.39111328125,2910.0,7.638376216054894
300,0.906335711479187,1321.9426965117455,0.0,2731.39111328125,2910.0,7.662482458050363
301,0.7325660586357117,1966.6452913302928,0.0,2731.39111328125,2910.0,7.686898936983198
302,0.8482744693756104,1368.3804790750146,0.0,2731.39111328125,2910.0,7.7114502270706
303,0.9869597554206848,1819.3047694060951,0.0,2731.39111328125,2910.0,7.736038316041231
304,0.7192072868347168,1338.8989557139575,0.0,2731.39111328125,2910.0,7.76053716999013
305,1.1151211261749268,1777.231290154159,0.0,2731.39111328125,2910.0,7.784883626038209
306,1.6239110231399536,2041.5869043450803,0.0,2731.39111328125,2910.0,7.809271990088746
307,0.9155838489532471,1679.9612678084522,0.0,2731.39111328125,2910.0,7.834138779086061
308,1.6171791553497314,1512.7344189649448,0.0,2731.39111328125,2910.0,7.858537762076594
309,1.039825439453125,2373.1793934218585,0.0,2731.39111328125,2910.0,7.882908394094557
310,0.8949830532073975,1682.0045179519802,0.0,2731.39111328125,2910.0,7.907338378019631
311,1.8616909980773926,1645.2308838721365,0.0,2731.39111328125,2910.0,7.931776087032631
312,0.8277976512908936,1508.60831810534,0.0,2731.39111328125,2910.0,7.956312744063325
313,0.8577240705490112,1671.8553898967803,0.0,2731.39111328125,2910.0,7.9807963439961895
314,2.4226760864257812,2377.920863373205,0.0,2731.39111328125,2910.0,8.00510992098134
315,0.9603483080863953,1717.571900177747,0.0,2731.39111328125,2910.0,8.029627916053869
316,0.7439363598823547,1634.6207788418978,0.0,2731.39111328125,2910.0,8.054399460088462
317,0.7531733512878418,1957.1731813587248,0.0,2731.39111328125,2910.0,8.078768001985736
318,0.8902502655982971,1418.450159410946,0.0,2731.39111328125,2910.0,8.103221978060901
319,0.7737206220626831,1318.8260932769626,0.0,2731.39111328125,2910.0,8.12759063206613
320,2.070554733276367,2263.0123431906104,0.0,2731.39111328125,2910.0,8.152052753022872
321,0.8515279293060303,1641.7168815471232,0.0,2731.39111328125,2910.0,8.176522623049095
322,1.5369927883148193,1993.3452062308788,0.0,2731.39111328125,2910.0,8.200949387042783
323,1.2939817905426025,1455.5595408584923,0.0,2731.39111328125,2910.0,8.225095301051624
324,1.9377195835113525,1535.7928383704275,0.0,2731.39111328125,2910.0,8.24971312598791
325,0.7172938585281372,1132.7244016341865,0.0,2731.39111328125,2910.0,8.274523238069378
326,0.6849793791770935,1807.0690749287605,0.0,2731.39111328125,2910.0,8.298593961051665
327,2.099130153656006,1484.349501684308,0.0,2731.39111328125,2910.0,8.322862308006734
328,0.9820138812065125,1662.2406930178404,0.0,2731.39111328125,2910.0,8.347222593030892
329,0.7215114831924438,1582.4663937352598,0.0,2731.39111328125,2910.0,8.371164495008998
330,1.8540186882019043,1571.0734522342682,0.0,2731.39111328125,2910.0,8.395095340092666
331,1.7298235893249512,1753.958337008953,0.0,2731.39111328125,2910.0,8.419358688988723
332,2.9994983673095703,1684.889575444162,0.0,2731.39111328125,2910.0,8.443758335080929
333,0.808064877986908,1649.1409472692758,0.0,2731.39111328125,2910.0,8.467872799024917
334,0.8715149760246277,1385.7772153858095,0.0,2731.39111328125,2910.0,8.49210202600807
335,1.8978478908538818,1337.8767243186012,0.0,2731.39111328125,2910.0,8.516425137990154
336,0.7274515628814697,1246.4370840210468,0.0,2731.39111328125,2910.0,8.540875789010897
337,0.8964683413505554,1594.130744304508,0.0,2731.39111328125,2910.0,8.565186575986445
338,0.7947508692741394,1414.7064467407763,0.0,2731.39111328125,2910.0,8.589182815048844
339,0.696946918964386,1425.1449281014502,0.0,2731.39111328125,2910.0,8.613618414034136
340,0.6527595520019531,1419.3795583564788,0.0,2731.39111328125,2910.0,8.638034020084888
341,0.7053414583206177,1019.849644806236,0.0,2731.39111328125,2910.0,8.662414452061057
342,0.750829815864563,1018.3797489199787,0.0,2731.39111328125,2910.0,8.686859501991421
343,0.6998764276504517,1377.6583845466375,0.0,2731.39111328125,2910.0,8.71158031898085
344,0.7463819980621338,1596.7788305431604,0.0,2731.39111328125,2910.0,8.736235507996753
345,0.602708101272583,1406.7177052330226,0.0,2731.39111328125,2910.0,8.761434404994361
346,1.837477445602417,1753.0322871543467,0.0,2731.39111328125,2910.0,8.785996482009068
347,1.375422477722168,1934.7736882530153,0.0,2731.39111328125,2910.0,8.810029259999283
348,0.7772223949432373,1082.100235696882,0.0,2731.39111328125,2910.0,8.834393939003348
349,0.7701579332351685,1240.6094615701586,0.0,2731.39111328125,2910.0,8.858777310000733
350,2.777376174926758,2091.642746478319,0.0,2731.39111328125,2910.0,8.882687539095059
351,0.8036304712295532,1116.4317722171545,0.0,2731.39111328125,2910.0,8.906515519018285
352,2.215529203414917,1541.3485835250467,0.0,2731.39111328125,2910.0,8.93124947103206
353,0.7996954917907715,1183.6299874968827,0.0,2731.39111328125,2910.0,8.955599580076523
354,1.505150556564331,1502.5782201737165,0.0,2731.39111328125,2910.0,8.980183195089921
355,0.8654865026473999,1344.2523702131584,0.0,2731.39111328125,2910.0,9.004580112057738
356,0.7443875074386597,1173.3575554881245,0.0,2731.39111328125,2910.0,9.028995705069974
357,0.9584054350852966,1574.3618955649436,0.0,2731.39111328125,2910.0,9.05307913699653
358,0.9116069078445435,1296.1161466706544,0.0,2731.39111328125,2910.0,9.077432168996893
359,0.6333789229393005,1115.7627360373735,0.0,2731.39111328125,2910.0,9.101734272087924
360,2.4087941646575928,2078.970004402101,0.0,2731.39111328125,2910.0,9.126127448049374
361,0.8332475423812866,1341.9525747587904,0.0,2731.39111328125,2910.0,9.150909440009855
362,0.5718631744384766,1109.2761133164167,0.0,2731.39111328125,2910.0,9.175302212010138
363,2.0503346920013428,1743.422490298748,0.0,2731.39111328125,2910.0,9.19930368999485
364,0.49486979842185974,1094.973782072775,0.0,2731.39111328125,2910.0,9.223424316034652
365,0.6008458137512207,948.0186859620735,0.0,2731.39111328125,2910.0,9.247864223085344
366,0.6248042583465576,925.8604797963053,0.0,2731.39111328125,2910.0,9.272219590027817
367,0.4502504765987396,877.5893046818674,0.0,2731.39111328125,2910.0,9.296505414997227
368,0.7408510446548462,1151.4006584770977,0.0,2731.39111328125,2910.0,9.320958542986773
369,0.7989604473114014,1361.8541367650032,0.0,2731.39111328125,2910.0,9.34537697804626
370,0.8083858489990234,1024.888145931065,0.0,2731.39111328125,2910.0,9.370106033980846
371,2.617621660232544,2117.078314997256,0.0,2731.39111328125,2910.0,9.394620186067186
372,0.7204298377037048,1228.5970181394368,0.0,2731.39111328125,2910.0,9.418622705037706
373,1.7207448482513428,1346.8636610619724,0.0,2731.39111328125,2910.0,9.442955085076392
374,0.5752954483032227,1053.921845316887,0.0,2731.39111328125,2910.0,9.467030095984228
375,0.9084835052490234,1487.2794789224863,0.0,2731.39111328125,2910.0,9.490970846032724
376,0.7032335996627808,1225.172244486399,0.0,2731.39111328125,2910.0,9.515212878002785
377,1.9004825353622437,1536.5640836022794,0.0,2731.39111328125,2910.0,9.539558764081448
378,0.7055349349975586,988.8849641568959,0.0,2731.39111328125,2910.0,9.563945828005672
379,1.7896757125854492,1666.2832169812173,0.0,2731.39111328125,2910.0,9.588712015072815
380,0.897804319858551,1553.4099365221336,0.0,2731.39111328125,2910.0,9.613109952071682
381,0.6982473134994507,1178.8349739052355,0.0,2731.39111328125,2910.0,9.637433444033377
382,0.6669605374336243,1011.1870924457908,0.0,2731.39111328125,2910.0,9.661721882061101
383,1.0299749374389648,1367.493327703327,0.0,2731.39111328125,2910.0,9.686176121002063
384,0.6783655881881714,1057.8461713939905,0.0,2731.39111328125,2910.0,9.71053472708445
385,0.621472954750061,1150.8103021122515,0.0,2731.39111328125,2910.0,9.735054652090184
386,0.8124921321868896,1486.6435120999813,0.0,2731.39111328125,2910.0,9.759377449983731
387,1.4303432703018188,1264.990697119385,0.0,2731.39111328125,2910.0,9.78371482505463
388,0.8081058263778687,1175.4457885120064,0.0,2731.39111328125,2910.0,9.808364236028865
389,0.8019235134124756,1026.061253072694,0.0,2731.39111328125,2910.0,9.832418689038604
390,0.7883064150810242,1112.0078712552786,0.0,2731.39111328125,2910.0,9.856816028011963
391,0.5425784587860107,1504.81426817365,0.0,2731.39111328125,2910.0,9.881292565027252
392,0.5549973249435425,828.2144648609683,0.0,2731.39111328125,2910.0,9.905227800016291
393,0.6534746289253235,1153.2019570246339,0.0,2731.39111328125,2910.0,9.929561324068345
394,0.5404874086380005,1064.231180055067,0.0,2731.39111328125,2910.0,9.953440933022648
395,1.5538341999053955,1277.488815188408,0.0,2731.39111328125,2910.0,9.977710877079517
396,0.6569826602935791,998.33728559874,0.0,2731.39111328125,2910.0,10.002177368034609
397,1.4806573390960693,1696.5729292333126,0.0,2731.39111328125,2910.0,10.02679310401436
398,0.7484570741653442,923.5966832684353,0.0,2731.39111328125,2910.0,10.051245329086669
399,3.4983479976654053,2637.8699336498976,0.0,2731.39111328125,2910.0,10.07561826100573
400,0.666164755821228,1238.3486442090943,0.0,2731.39111328125,2910.0,10.099470874061808
401,0.9502243995666504,1933.9786651358008,0.0,2731.39111328125,2910.0,10.123563852044754
402,1.0060652494430542,1639.3709222972393,0.0,2731.39111328125,2910.0,10.147872798028402
403,0.5296734571456909,1124.1162645388395,0.0,2731.39111328125,2910.0,10.172344939084724
404,0.7738560438156128,1652.1031176671386,0.0,2731.39111328125,2910.0,10.196665944065899
405,1.659139633178711,1757.1225045248866,0.0,2731.39111328125,2910.0,10.220997928990982
406,0.7797328233718872,1049.1668758057058,0.0,2731.39111328125,2910.0,10.24579034303315
407,0.7299759387969971,1275.0071458816528,0.0,2731.39111328125,2910.0,10.269916614051908
408,0.7040789127349854,1166.3866523206234,0.0,2731.39111328125,2910.0,10.29424655099865
409,0.8039367198944092,1467.2755014766008,0.0,2731.39111328125,2910.0,10.318507732008584
410,0.7739912867546082,1125.0727156363428,0.0,2731.39111328125,2910.0,10.342795973992907
411,0.6733456254005432,898.9347849683836,0.0,2731.39111328125,2910.0,10.367168153054081
412,0.7594175338745117,1468.9801123030484,0.0,2731.39111328125,2910.0,10.391553678084165
413,0.6754913926124573,1002.625053666532,0.0,2731.39111328125,2910.0,10.41590141307097
414,0.5784119367599487,758.1035003568977,0.0,2731.39111328125,2910.0,10.440360525040887
415,0.6175497770309448,1252.1328198947012,0.0,2731.39111328125,2910.0,10.465030221035704
416,0.8851137161254883,1455.1942758969963,0.0,2731.39111328125,2910.0,10.488958013011143
417,0.6514684557914734,854.412833776325,0.0,2731.39111328125,2910.0,10.513258618069813
418,0.6248006820678711,912.8956621754915,0.0,2731.39111328125,2910.0,10.537220034981146
419,0.447205513715744,1097.2605064064264,0.0,2731.39111328125,2910.0,10.561559370020404
420,0.6661211252212524,1127.9757816493511,0.0,2731.39111328125,2910.0,10.585860250983387
421,0.5660290718078613,678.1578207761049,0.0,2731.39111328125,2910.0,10.60980576009024
422,0.6695336699485779,1018.6528937965631,0.0,2731.39111328125,2910.0,10.633712345035747
423,1.2094484567642212,1041.6960338130593,0.0,2731.39111328125,2910.0,10.658083389047533
424,0.7762131690979004,1068.4920602850616,0.0,2731.39111328125,2910.0,10.682230297010392
425,0.7185026407241821,872.7637668699026,0.0,2731.39111328125,2910.0,10.70651455107145
426,1.9782423973083496,1806.8443043157458,0.0,2731.39111328125,2910.0,10.73105133709032
427,0.6508679389953613,1156.9090142920613,0.0,2731.39111328125,2910.0,10.755426098010503
428,0.758884847164154,967.9582237564027,0.0,2731.39111328125,2910.0,10.779815996997058
429,0.6067774295806885,926.2658028490841,0.0,2731.39111328125,2910.0,10.804144599009305
430,0.6072288751602173,983.6056151017547,0.0,2731.39111328125,2910.0,10.82821057899855
431,0.6370558738708496,1238.7720798626542,0.0,2731.39111328125,2910.0,10.852533731027506
432,0.5468226671218872,880.1239550290629,0.0,2731.39111328125,2910.0,10.876812902046368
433,1.6071466207504272,2084.46762817353,0.0,2731.39111328125,2910.0,10.90143090102356
434,0.7063045501708984,1150.7353717200458,0.0,2731.39111328125,2910.0,10.925320786074735
435,1.6522948741912842,1372.847676988691,0.0,2731.39111328125,2910.0,10.94929359399248
436,0.691364586353302,1333.4306832924485,0.0,2731.39111328125,2910.0,10.973631066037342
437,0.6679855585098267,879.7223514392972,0.0,2731.39111328125,2910.0,10.997616518987343
438,0.6568256616592407,1002.8873786963522,0.0,2731.39111328125,2910.0,11.021515507018194
439,0.5551705360412598,962.5673260297626,0.0,2731.39111328125,2910.0,11.045910848071799
440,0.851813793182373,1585.5846237819642,0.0,2731.39111328125,2910.0,11.070207086042501
441,0.6315336227416992,1050.7168859057128,0.0,2731.39111328125,2910.0,11.09467460308224
442,1.5499978065490723,1540.8027214668691,0.0,2731.39111328125,2910.0,11.118927587056533
443,0.5507357120513916,915.0888475328684,0.0,2731.39111328125,2910.0,11.143283429089934
444,0.6893918514251709,896.7025475651026,0.0,2731.39111328125,2910.0,11.167669201036915
445,1.4631917476654053,1292.2265264987946,0.0,2731.39111328125,2910.0,11.192001759074628
446,0.5059041380882263,1120.6197316236794,0.0,2731.39111328125,2910.0,11.216379779041745
447,1.3975592851638794,1353.130695655942,0.0,2731.39111328125,2910.0,11.24090078601148
448,0.6416324377059937,946.2055493481457,0.0,2731.39111328125,2910.0,11.265099912998267
449,0.7220209836959839,1019.9574778471142,0.0,2731.39111328125,2910.0,11.289517748053186
450,1.5190215110778809,1336.7317078374326,0.0,2731.39111328125,2910.0,11.31376909604296
451,0.5014424920082092,1010.562177348882,0.0,2731.39111328125,2910.0,11.33846616500523
452,0.7196929454803467,1004.0943689718843,0.0,2731.39111328125,2910.0,11.362944615073502
453,1.832597017288208,1504.1937343571335,0.0,2731.39111328125,2910.0,11.38737958506681
454,1.6240649223327637,1363.8132338728756,0.0,2731.39111328125,2910.0,11.411278177052736
455,0.9614580869674683,1397.1592146065086,0.0,2731.39111328125,2910.0,11.435587492072955
456,0.4749665856361389,1208.0032300427556,0.0,2731.39111328125,2910.0,11.459879152011126
457,0.5633174180984497,842.0989055410028,0.0,2731.39111328125,2910.0,11.484348937054165
458,1.3384722471237183,1382.7202774696052,0.0,2731.39111328125,2910.0,11.508660383988172
459,0.6004315614700317,1029.0271394252777,0.0,2731.39111328125,2910.0,11.532605836051516
460,0.7146018147468567,1403.5255306586623,0.0,2731.39111328125,2910.0,11.557153456029482
461,1.6025164127349854,1639.7649130038917,0.0,2731.39111328125,2910.0,11.58152596198488
462,1.466529369354248,1569.0930539295077,0.0,2731.39111328125,2910.0,11.60581966501195
463,0.6036128997802734,1233.2540076747537,0.0,2731.39111328125,2910.0,11.630253607057966
464,0.770734429359436,1136.3506157658994,0.0,2731.39111328125,2910.0,11.654579865047708
465,0.5999882817268372,740.6289613191038,0.0,2731.39111328125,2910.0,11.678524236078374
466,0.6834577322006226,1011.787181340158,0.0,2731.39111328125,2910.0,11.702922944095917
467,0.7194370031356812,1055.2165385633707,0.0,2731.39111328125,2910.0,11.727349260007031
468,1.3216469287872314,1139.0793551430106,0.0,2731.39111328125,2910.0,11.751808376051486
469,0.5565718412399292,984.1810631006956,0.0,2731.39111328125,2910.0,11.776019609998912
470,0.6169333457946777,1084.7196491211653,0.0,2731.39111328125,2910.0,11.800284587079659
471,0.6531037092208862,966.7862999737263,0.0,2731.39111328125,2910.0,11.82465157599654
472,0.548620343208313,956.2173248827457,0.0,2731.39111328125,2910.0,11.848934829002246
473,0.5599790215492249,779.9875295013189,0.0,2731.39111328125,2910.0,11.87330005702097
474,0.5743086338043213,879.818617541343,0.0,2731.39111328125,2910.0,11.897666092030704
475,0.6910297274589539,1254.6251623630524,0.0,2731.39111328125,2910.0,11.922018041019328
476,0.5926998853683472,847.5794397853315,0.0,2731.39111328125,2910.0,11.946417920058593
477,0.6697717905044556,1067.8059625215828,0.0,2731.39111328125,2910.0,11.97080939100124
478,0.5728732347488403,726.324873464182,0.0,2731.39111328125,2910.0,11.995521453092806
479,0.6468384265899658,1191.6493486836553,0.0,2731.39111328125,2910.0,12.01995235902723
480,0.7217550277709961,942.6412022858858,0.0,2731.39111328125,2910.0,12.044252744992264
481,0.603716254234314,894.2885489016771,0.0,2731.39111328125,2910.0,12.06879241403658
482,0.6298763155937195,1184.06285081245,0.0,2731.39111328125,2910.0,12.093086066073738
483,0.6312758922576904,1365.9197591803968,0.0,2731.39111328125,2910.0,12.117454121005721
484,0.6238892674446106,939.1318694707006,0.0,2731.39111328125,2910.0,12.141395744052716
485,0.5707152485847473,1140.2922489717603,0.0,2731.39111328125,2910.0,12.165758184040897
486,2.225968837738037,1980.5322238616645,0.0,2731.39111328125,2910.0,12.190229746047407
487,0.5668941736221313,784.6796219348907,0.0,2731.39111328125,2910.0,12.214877721038647
488,0.5958625078201294,888.1880466323346,0.0,2731.39111328125,2910.0,12.239088973030448
489,0.7455615997314453,1300.0707134287804,0.0,2731.39111328125,2910.0,12.263563542044722
490,0.7561928033828735,1398.025750912726,0.0,2731.39111328125,2910.0,12.287851619999856
491,2.853804588317871,2163.3386879190803,0.0,2731.39111328125,2910.0,12.312266921042465
492,0.6343284845352173,1045.6228424869478,0.0,2731.39111328125,2910.0,12.337066247011535
493,0.4554012715816498,1030.1467014346272,0.0,2731.39111328125,2910.0,12.361511569004506
494,0.8763185739517212,1250.956667035818,0.0,2731.39111328125,2910.0,12.385886144009419
495,1.3651340007781982,1068.1870492640883,0.0,2731.39111328125,2910.0,12.410169415990822
496,0.5318015813827515,917.0681022442877,0.0,2731.39111328125,2910.0,12.434754483983852
497,2.131948709487915,1684.0922390073538,0.0,2731.39111328125,2910.0,12.459169717039913
498,0.5587292909622192,1037.325283549726,0.0,2731.39111328125,2910.0,12.483228167984635
499,1.4403727054595947,2074.5598428696394,0.0,2731.39111328125,2910.0,12.507743168040179
500,1.8149645328521729,1422.506161969155,0.0,2731.39111328125,2910.0,12.532065118080936
501,0.41794297099113464,977.142088919878,0.0,2731.39111328125,2910.0,12.55615616904106
502,1.558671474456787,1438.2783425822854,0.0,2731.39111328125,2910.0,12.580568965058774
503,0.6367288827896118,902.7247688733041,0.0,2731.39111328125,2910.0,12.604989334009588
504,0.5378446578979492,736.990441383794,0.0,2731.39111328125,2910.0,12.629405282088555
505,0.6938313245773315,995.094535343349,0.0,2731.39111328125,2910.0,12.654183209058829
506,0.556529700756073,776.5053649693727,0.0,2731.39111328125,2910.0,12.678274155012332
507,1.1905869245529175,1207.8189795408398,0.0,2731.39111328125,2910.0,12.702658649999648
508,0.5843465328216553,922.7101512514055,0.0,2731.39111328125,2910.0,12.727259604027495
509,0.5779163241386414,1027.4614084362984,0.0,2731.39111328125,2910.0,12.751833611982875
510,0.6901291012763977,918.9434592276812,0.0,2731.39111328125,2910.0,12.775867686024867
511,0.5062766671180725,886.8785208500922,0.0,2731.39111328125,2910.0,12.80020846100524
512,0.5809611678123474,855.1679560951889,0.0,2731.39111328125,2910.0,12.82414302509278
513,0.5571949481964111,830.1538987848908,0.0,2731.39111328125,2910.0,12.848497643019073
514,2.063048839569092,2007.7045612186193,0.0,2731.39111328125,2910.0,12.87318877701182
515,0.5491174459457397,908.2409677691758,0.0,2731.39111328125,2910.0,12.89765638508834
516,0.5280747413635254,824.6238638479263,0.0,2731.39111328125,2910.0,12.92173428402748
517,0.475416898727417,916.8891995474696,0.0,2731.39111328125,2910.0,12.946093554026447
518,1.2484784126281738,1355.0501444078982,0.0,2731.39111328125,2910.0,12.970568958087824
519,0.6374682188034058,868.7426728345454,0.0,2731.39111328125,2910.0,12.99491177406162
520,0.47194814682006836,893.2347365505993,0.0,2731.39111328125,2910.0,13.019277380080894
521,1.150467038154602,1279.086344100535,0.0,2731.39111328125,2910.0,13.04371977201663
522,1.568317174911499,1724.0764355696738,0.0,2731.39111328125,2910.0,13.068117354996502
523,0.5819664001464844,951.699782833457,0.0,2731.39111328125,2910.0,13.0927701870678
524,0.6465071439743042,1334.5589879080653,0.0,2731.39111328125,2910.0,13.117141833063215
525,0.6003762483596802,960.7811386547983,0.0,2731.39111328125,2910.0,13.141625014017336
526,0.499325692653656,1090.627441085875,0.0,2731.39111328125,2910.0,13.166071203071624
527,0.439790278673172,739.631641542539,0.0,2731.39111328125,2910.0,13.190071354038082
528,0.6726993322372437,1134.957524370402,0.0,2731.39111328125,2910.0,13.214427746017464
529,0.6916253566741943,858.9562564268708,0.0,2731.39111328125,2910.0,13.23866460903082
530,0.6274318695068359,789.2452859096229,0.0,2731.39111328125,2910.0,13.262802351033315
531,0.6845067739486694,1394.7557245790958,0.0,2731.39111328125,2910.0,13.28716936300043
532,2.8206210136413574,2316.2423291653395,0.0,2731.39111328125,2910.0,13.311938193044625
533,0.4982999265193939,781.6544000208378,0.0,2731.39111328125,2910.0,13.33636632503476
534,0.5806389451026917,1079.7262126300484,0.0,2731.39111328125,2910.0,13.360788383055478
535,0.600759744644165,858.1759098395705,0.0,2731.39111328125,2910.0,13.385212348075584
536,0.4017763137817383,894.7744840011001,0.0,2731.39111328125,2910.0,13.40944738208782
537,0.5271090269088745,936.2851760685444,0.0,2731.39111328125,2910.0,13.43383315904066
538,0.6685190200805664,1039.8802978992462,0.0,2731.39111328125,2910.0,13.458292672992684
539,0.5950438976287842,864.8364499695599,0.0,2731.39111328125,2910.0,13.482386272982694
540,0.6016824245452881,803.0666897203773,0.0,2731.39111328125,2910.0,13.506735741044395
541,0.5236712694168091,1230.8291119486094,0.0,2731.39111328125,2910.0,13.531341966008767
542,0.5577271580696106,807.8455520682037,0.0,2731.39111328125,2910.0,13.555396764073521
543,0.667504072189331,1268.4675911217928,0.0,2731.39111328125,2910.0,13.579311722074635
544,0.6013354063034058,1145.2765603587031,0.0,2731.39111328125,2910.0,13.60370611702092
545,0.4929191470146179,869.3857625648379,0.0,2731.39111328125,2910.0,13.628086534095928
546,1.2486591339111328,2004.450280867517,0.0,2731.39111328125,2910.0,13.652532628038898
547,0.5366218090057373,939.3385050147772,0.0,2731.39111328125,2910.0,13.67694644909352
548,2.3005974292755127,1993.3691233322024,0.0,2731.39111328125,2910.0,13.701258232002147
549,0.6641793847084045,1515.8731207028031,0.0,2731.39111328125,2910.0,13.72579305106774
550,0.6637760400772095,1094.3852502852678,0.0,2731.39111328125,2910.0,13.750680955010466
551,0.7054587602615356,1169.0128174610436,0.0,2731.39111328125,2910.0,13.77520115498919
552,0.5191805362701416,1028.96614324674,0.0,2731.39111328125,2910.0,13.799678627983667
553,0.5068191289901733,1246.3652744479477,0.0,2731.39111328125,2910.0,13.824150879052468
554,1.7370100021362305,1509.6942354347557,0.0,2731.39111328125,2910.0,13.848127207020298
555,3.0201215744018555,2566.5327468439937,0.0,2731.39111328125,2910.0,13.872478057048284
556,0.46522027254104614,1346.9205182939768,0.0,2731.39111328125,2910.0,13.89683820202481
557,1.5084867477416992,1515.153999708593,0.0,2731.39111328125,2910.0,13.921216051094234
558,0.6048561334609985,1020.3802970424294,0.0,2731.39111328125,2910.0,13.945610664086416
559,0.5853487253189087,1295.7506463751197,0.0,2731.39111328125,2910.0,13.970376232056879
560,0.6096588373184204,1220.19429698959,0.0,2731.39111328125,2910.0,13.994881706079468
561,0.6570955514907837,844.3403542786837,0.0,2731.39111328125,2910.0,14.019223330076784
562,0.6556577682495117,1360.561037272215,0.0,2731.39111328125,2910.0,14.043673531035893
563,1.32878577709198,1653.3675591051579,0.0,2731.39111328125,2910.0,14.06801056698896
564,0.5888980031013489,882.1595470737666,0.0,2731.39111328125,2910.0,14.092369482037611
565,1.676745057106018,1870.237316718325,0.0,2731.39111328125,2910.0,14.116863419068977
566,0.5971047878265381,1155.600759409368,0.0,2731.39111328125,2910.0,14.141299686045386
567,1.1166166067123413,1608.0773000568151,0.0,2731.39111328125,2910.0,14.165868242038414
568,0.8283773064613342,1501.8987934067845,0.0,2731.39111328125,2910.0,14.190566582023166
569,1.3131858110427856,2114.9132914990187,0.0,2731.39111328125,2910.0,14.21490490809083
570,0.6968203783035278,1377.18591286242,0.0,2731.39111328125,2910.0,14.239374201046303
571,0.973645806312561,1538.1126286573708,0.0,2731.39111328125,2910.0,14.264051038073376
572,1.5466505289077759,1726.0888432376087,0.0,2731.39111328125,2910.0,14.288489683996886
573,0.7409863471984863,1510.0149945020676,0.0,2731.39111328125,2910.0,14.312467497074977
574,0.7390871644020081,1340.9190238118172,0.0,2731.39111328125,2910.0,14.33692810498178
575,0.7279129028320312,1393.2759736329317,0.0,2731.39111328125,2910.0,14.36133918305859
576,0.622288167476654,1118.814676400274,0.0,2731.39111328125,2910.0,14.385702794999816
577,0.5015794038772583,883.7504810467362,0.0,2731.39111328125,2910.0,14.41038647503592
578,0.6271684765815735,1116.2818731293082,0.0,2731.39111328125,2910.0,14.434429644024931
579,0.5861948132514954,1460.539325915277,0.0,2731.39111328125,2910.0,14.458871284034103
580,0.4322158098220825,1089.126182910055,0.0,2731.39111328125,2910.0,14.482760937069543
581,1.3659824132919312,2249.6073712557554,0.0,2731.39111328125,2910.0,14.50708738504909
582,0.742520809173584,1415.4853186868131,0.0,2731.39111328125,2910.0,14.531555661000311
583,0.5309610366821289,1275.1590033620596,0.0,2731.39111328125,2910.0,14.556020004092716
584,0.5800063610076904,999.3936214968562,0.0,2731.39111328125,2910.0,14.58050132507924
585,0.6424133777618408,1687.8096184954047,0.0,2731.39111328125,2910.0,14.604503514012322
586,0.5161242485046387,874.7161555439234,0.0,2731.39111328125,2910.0,14.629198576090857
587,0.6445082426071167,1077.3737195283175,0.0,2731.39111328125,2910.0,14.653650699998252
588,0.5291752815246582,1303.0979862846434,0.0,2731.39111328125,2910.0,14.6776167540811
589,0.8199639916419983,846.3194425962865,0.0,2731.39111328125,2910.0,14.702018317067996
590,0.5044113397598267,943.6257505193353,0.0,2731.39111328125,2910.0,14.726526527083479
591,1.4857215881347656,1924.0265881046653,0.0,2731.39111328125,2910.0,14.751237587071955
592,0.5636477470397949,955.0536118000746,0.0,2731.39111328125,2910.0,14.77563867601566
593,1.5462216138839722,1559.201358947903,0.0,2731.39111328125,2910.0,14.799633914022706
594,0.45929592847824097,812.05157475546,0.0,2731.39111328125,2910.0,14.823976668994874
595,0.5236449241638184,953.2738249078393,0.0,2731.39111328125,2910.0,14.848637324059382
596,0.4843055009841919,719.230743393302,0.0,2731.39111328125,2910.0,14.873222224996425
597,1.6465662717819214,1320.6053877845407,0.0,2731.39111328125,2910.0,14.897515719057992
598,1.3944730758666992,1494.2530570104718,0.0,2731.39111328125,2910.0,14.921944443020038
599,0.5749852061271667,956.531327161938,0.0,2731.39111328125,2910.0,14.946008690982126
600,0.702134370803833,976.1217170879245,0.0,2731.39111328125,2910.0,14.970425451057963
601,0.6468607783317566,1087.3947533518076,0.0,2731.39111328125,2910.0,14.9949586330913
602,0.5571180582046509,980.8160317055881,0.0,2731.39111328125,2910.0,15.019357606070116
603,0.6619435548782349,1133.4040460959077,0.0,2731.39111328125,2910.0,15.043775776983239
604,0.5094981789588928,807.2722687162459,0.0,2731.39111328125,2910.0,15.068467528093606
605,0.47795814275741577,713.6335238963366,0.0,2731.39111328125,2910.0,15.09281607705634
606,0.6323738098144531,1204.2908964008093,0.0,2731.39111328125,2910.0,15.117147047072649
607,0.5321630239486694,867.3006614893675,0.0,2731.39111328125,2910.0,15.141477600089274
608,0.5509457588195801,833.9574520140886,0.0,2731.39111328125,2910.0,15.165516014094464
609,1.312908411026001,1134.0497686043382,0.0,2731.39111328125,2910.0,15.19000818603672
610,0.46580252051353455,761.4385042898357,0.0,2731.39111328125,2910.0,15.214474948006682
611,0.5229582786560059,817.9655886441469,0.0,2731.39111328125,2910.0,15.238563594059087
612,0.5713792443275452,699.257639028132,0.0,2731.39111328125,2910.0,15.26302725309506
613,0.635003924369812,982.9423554763198,0.0,2731.39111328125,2910.0,15.287726404028945
614,0.6953287124633789,1129.7388046309352,0.0,2731.39111328125,2910.0,15.311740940087475
615,0.6776123642921448,910.2483749724925,0.0,2731.39111328125,2910.0,15.335597350029275
616,0.4514128267765045,571.5369159765542,0.0,2731.39111328125,2910.0,15.359403231996112
617,0.42980682849884033,990.4080445766449,0.0,2731.39111328125,2910.0,15.383667514077388
618,0.5673837065696716,1405.714030072093,0.0,2731.39111328125,2910.0,15.408006394049153
619,0.6337004899978638,930.9331702664495,0.0,2731.39111328125,2910.0,15.432392836082727
620,0.5361679792404175,848.0846009664237,0.0,2731.39111328125,2910.0,15.456612487090752
621,1.0589842796325684,1057.231972552836,0.0,2731.39111328125,2910.0,15.480869332095608
622,2.281460762023926,1627.0649715960026,0.0,2731.39111328125,2910.0,15.505522517021745
623,1.120875358581543,1080.6911610141397,0.0,2731.39111328125,2910.0,15.529918431071565
624,0.5417676568031311,966.1758707240224,0.0,2731.39111328125,2910.0,15.554271275061183
625,0.6010614633560181,940.9250490516424,0.0,2731.39111328125,2910.0,15.578629976022057
626,0.6556767225265503,1011.8814423121512,0.0,2731.39111328125,2910.0,15.603067797026597
627,0.43613797426223755,700.6334835253656,0.0,2731.39111328125,2910.0,15.627416265080683
628,0.48533377051353455,639.3025734648108,0.0,2731.39111328125,2910.0,15.65178413304966
629,0.7037456631660461,952.9530615098774,0.0,2731.39111328125,2910.0,15.67607061599847
630,0.6409344673156738,803.893156979233,0.0,2731.39111328125,2910.0,15.70000852609519
631,0.5202878713607788,787.5843849852681,0.0,2731.39111328125,2910.0,15.724647196009755
632,0.572856605052948,970.7393767610192,0.0,2731.39111328125,2910.0,15.749241325072944
633,0.3820018768310547,802.7386362906545,0.0,2731.39111328125,2910.0,15.77377021603752
634,0.47560548782348633,748.257279612124,0.0,2731.39111328125,2910.0,15.797933018999174
635,0.5699434876441956,818.7398805618286,0.0,2731.39111328125,2910.0,15.822009433060884
636,0.6331503987312317,907.4274380207062,0.0,2731.39111328125,2910.0,15.846409764024429
637,0.46408018469810486,827.020371530205,0.0,2731.39111328125,2910.0,15.870764381019399
638,0.5632225275039673,980.8835389539599,0.0,2731.39111328125,2910.0,15.895193409989588
639,0.6253557801246643,766.8175416998565,0.0,2731.39111328125,2910.0,15.919110880000517
640,0.9588003754615784,1271.1470598876476,0.0,2731.39111328125,2910.0,15.943717016023584
641,1.2503702640533447,1241.505724478513,0.0,2731.39111328125,2910.0,15.96767234406434
642,0.34646207094192505,988.8919714167714,0.0,2731.39111328125,2910.0,15.992039940087125
643,1.0698730945587158,1027.8736372068524,0.0,2731.39111328125,2910.0,16.01635084906593
644,0.6551083326339722,898.1946354210377,0.0,2731.39111328125,2910.0,16.040742109064013
645,0.5639436841011047,1835.3963996246457,0.0,2731.39111328125,2910.0,16.065078946994618
646,1.564406156539917,1681.6066738963127,0.0,2731.39111328125,2910.0,16.08954288205132
647,2.263573169708252,2216.5581818446517,0.0,2731.39111328125,2910.0,16.113797506084666
648,2.0845260620117188,2496.313989982009,0.0,2731.39111328125,2910.0,16.138139379094355
649,0.628803551197052,1172.5000603497028,0.0,2731.39111328125,2910.0,16.162511476082727
650,0.6715304851531982,1838.088286563754,0.0,2731.39111328125,2910.0,16.186900243046694
651,0.7089900970458984,1378.3673576265574,0.0,2731.39111328125,2910.0,16.210811324068345
652,0.6094344258308411,1577.48392277956,0.0,2731.39111328125,2910.0,16.235675305011682
653,0.7126283049583435,1292.2310570031404,0.0,2731.39111328125,2910.0,16.259946902049705
654,0.6854195594787598,1460.8054638579488,0.0,2731.39111328125,2910.0,16.284287068992853
655,0.5708091259002686,1213.1976938992739,0.0,2731.39111328125,2910.0,16.308614723035134
656,0.6326319575309753,1229.50814409554,0.0,2731.39111328125,2910.0,16.33348605898209
657,2.3703036308288574,1626.7371634840965,0.0,2731.39111328125,2910.0,16.357423357083462
658,0.6030557155609131,1322.073275014758,0.0,2731.39111328125,2910.0,16.38201713503804
659,0.4944572448730469,1153.7145234197378,0.0,2731.39111328125,2910.0,16.405962386983447
660,0.5443397164344788,820.7659665085375,0.0,2731.39111328125,2910.0,16.42989353602752
661,1.5668392181396484,1583.4551761597395,0.0,2731.39111328125,2910.0,16.45427849004045
662,0.5717191100120544,1073.3381841406226,0.0,2731.39111328125,2910.0,16.478715150034986
663,0.6281242370605469,1143.5755052492023,0.0,2731.39111328125,2910.0,16.502611355041154
664,0.7299461364746094,1593.8504138812423,0.0,2731.39111328125,2910.0,16.526962228002958
665,0.507296085357666,973.4637183025479,0.0,2731.39111328125,2910.0,16.551186833996326
666,0.5002107620239258,851.1464092545211,0.0,2731.39111328125,2910.0,16.57559654407669
667,0.5846064686775208,1140.2643698379397,0.0,2731.39111328125,2910.0,16.59989247098565
668,0.37155789136886597,1017.4953847825527,0.0,2731.39111328125,2910.0,16.624078589025885
669,0.5804414749145508,1110.3273925855756,0.0,2731.39111328125,2910.0,16.648536661057733
670,0.6180179119110107,735.7663128226995,0.0,2731.39111328125,2910.0,16.67283898999449
671,0.431077778339386,1051.9496538564563,0.0,2731.39111328125,2910.0,16.696785305044614
672,0.6458649039268494,889.6964383870363,0.0,2731.39111328125,2910.0,16.72115461505018
673,0.7136425971984863,1029.7760821059346,0.0,2731.39111328125,2910.0,16.745803383993916
674,2.087825298309326,2670.8798356056213,0.0,2731.39111328125,2910.0,16.770388356992044
675,0.44054967164993286,668.2122026383877,0.0,2731.39111328125,2910.0,16.79471009701956
676,1.5970938205718994,1589.9948982596397,0.0,2731.39111328125,2910.0,16.818930215085857
677,0.48236435651779175,1098.502003699541,0.0,2731.39111328125,2910.0,16.843329315073788
678,0.3667229413986206,895.1324181854725,0.0,2731.39111328125,2910.0,16.867809271090664
679,0.37958449125289917,674.8327876962721,0.0,2731.39111328125,2910.0,16.892199964029714
680,0.37056130170822144,629.1572650559247,0.0,2731.39111328125,2910.0,16.916547512984835
681,0.5759466290473938,743.4911573603749,0.0,2731.39111328125,2910.0,16.94053346803412
682,0.7153136134147644,1171.7294044978917,0.0,2731.39111328125,2910.0,16.964511151076294
683,1.5471338033676147,1884.2626252248883,0.0,2731.39111328125,2910.0,16.98903917009011
684,0.6772981882095337,825.8875203095376,0.0,2731.39111328125,2910.0,17.01320313801989
685,0.560470700263977,843.9953963793814,0.0,2731.39111328125,2910.0,17.0378577450756
686,0.5565797686576843,905.1636474579573,0.0,2731.39111328125,2910.0,17.0622183510568
687,0.5990281105041504,776.891283556819,0.0,2731.39111328125,2910.0,17.086495099007152
688,0.6213808059692383,1225.9522885158658,0.0,2731.39111328125,2910.0,17.11077158898115
689,0.4823336601257324,748.9526011198759,0.0,2731.39111328125,2910.0,17.13515980099328
690,0.4833279252052307,701.4027410522103,0.0,2731.39111328125,2910.0,17.159449455095455
691,0.5729929208755493,772.9771739840508,0.0,2731.39111328125,2910.0,17.183876584051177
692,0.3876115381717682,550.3240698780864,0.0,2731.39111328125,2910.0,17.207804535049945
693,0.6691974997520447,959.4468833655119,0.0,2731.39111328125,2910.0,17.232183118001558
694,0.524584949016571,949.9808452352881,0.0,2731.39111328125,2910.0,17.25764267204795
695,1.8612034320831299,1923.9213495850563,0.0,2731.39111328125,2910.0,17.281972046010196
696,0.602845311164856,767.8555570170283,0.0,2731.39111328125,2910.0,17.306441619060934
697,0.49072930216789246,1043.7958929166198,0.0,2731.39111328125,2910.0,17.331014153081924
698,0.8628836870193481,1248.2757388837636,0.0,2731.39111328125,2910.0,17.355437127058394
699,1.505823016166687,1299.3122135028243,0.0,2731.39111328125,2910.0,17.379916099016555
700,1.129865050315857,1528.4541643857956,0.0,2731.39111328125,2910.0,17.4043459960958
701,1.415884256362915,1191.2492119818926,0.0,2731.39111328125,2910.0,17.428955823066644
702,0.4407462179660797,776.8870627433062,0.0,2731.39111328125,2910.0,17.453059727093205
703,1.0914186239242554,1148.682760991156,0.0,2731.39111328125,2910.0,17.47729396307841
704,1.6680012941360474,1432.1385893970728,0.0,2731.39111328125,2910.0,17.50180609500967
705,0.5370215177536011,954.574491944164,0.0,2731.39111328125,2910.0,17.525823084055446
706,0.47029948234558105,649.8052075132728,0.0,2731.39111328125,2910.0,17.549864144064486
707,0.4222022294998169,753.6501503959298,0.0,2731.39111328125,2910.0,17.574476444046013
708,0.5524269342422485,806.3864726424217,0.0,2731.39111328125,2910.0,17.59907112806104
709,2.145716905593872,1937.6312125399709,0.0,2731.39111328125,2910.0,17.62353448208887
710,0.6181800365447998,1007.2218212559819,0.0,2731.39111328125,2910.0,17.647669544094242
711,0.5323715806007385,839.0143352299929,0.0,2731.39111328125,2910.0,17.672140627051704
712,0.8141770362854004,1025.4550746530294,0.0,2731.39111328125,2910.0,17.696851953980513
713,0.3957042694091797,684.8291484415531,0.0,2731.39111328125,2910.0,17.720882371999323
714,1.9271273612976074,2010.242141842842,0.0,2731.39111328125,2910.0,17.745574822067283
715,0.46255484223365784,696.9443672597408,0.0,2731.39111328125,2910.0,17.770251768059097
716,0.5616903305053711,820.5626719519496,0.0,2731.39111328125,2910.0,17.794363950029947
717,0.5541435480117798,941.1930305659771,0.0,2731.39111328125,2910.0,17.81835002906155
718,0.48476919531822205,838.3708990961313,0.0,2731.39111328125,2910.0,17.842742362059653
719,0.6345357298851013,914.5663948319852,0.0,2731.39111328125,2910.0,17.86722252308391
720,0.46752995252609253,776.6173289977014,0.0,2731.39111328125,2910.0,17.891238315030932
721,0.5022510290145874,845.9428677931428,0.0,2731.39111328125,2910.0,17.915593057055958
722,1.7950658798217773,1285.2198642790318,0.0,2731.39111328125,2910.0,17.94011933298316
723,0.3480345904827118,652.1227663755417,0.0,2731.39111328125,2910.0,17.964334586984478
724,0.565196692943573,1039.2601700797677,0.0,2731.39111328125,2910.0,17.9887937620515
725,0.5903587341308594,904.8165867961943,0.0,2731.39111328125,2910.0,18.013328089029528
726,0.6338531374931335,835.2290490213782,0.0,2731.39111328125,2910.0,18.03744846500922
727,0.6840723156929016,1139.5973439514637,0.0,2731.39111328125,2910.0,18.061896422994323
728,0.5636542439460754,867.174084611237,0.0,2731.39111328125,2910.0,18.086484363069758
729,0.5362342000007629,905.2091307491064,0.0,2731.39111328125,2910.0,18.110961226047948
730,0.453321635723114,830.6969559788704,0.0,2731.39111328125,2910.0,18.135733067058027
731,2.014820098876953,1487.1102631017566,0.0,2731.39111328125,2910.0,18.160203778068535
732,1.1884737014770508,1753.6794395521283,0.0,2731.39111328125,2910.0,18.184687784989364
733,0.5305771231651306,815.6508116275072,0.0,2731.39111328125,2910.0,18.209157292032614
734,1.7176368236541748,1278.7363422214985,0.0,2731.39111328125,2910.0,18.233505779062398
735,0.4578233063220978,995.9322281479836,0.0,2731.39111328125,2910.0,18.257913882029243
736,1.4232864379882812,1472.8561956733465,0.0,2731.39111328125,2910.0,18.282619597041048
737,0.5926500558853149,906.898923728615,0.0,2731.39111328125,2910.0,18.30703860009089
738,2.212561845779419,1769.0572182759643,0.0,2731.39111328125,2910.0,18.33152891509235
739,0.513775110244751,656.0511901602149,0.0,2731.39111328125,2910.0,18.35635042807553
740,0.428193062543869,1033.5161927491426,0.0,2731.39111328125,2910.0,18.38086617505178
741,0.5562301874160767,1427.860447153449,0.0,2731.39111328125,2910.0,18.405377415008843
742,1.2632617950439453,1142.1763907000422,0.0,2731.39111328125,2910.0,18.42948679300025
743,0.6434735059738159,888.8787736520171,0.0,2731.39111328125,2910.0,18.453559407033026
744,0.5555368661880493,1283.4370907247066,0.0,2731.39111328125,2910.0,18.478078891988844
745,0.4484631419181824,1172.395877406001,0.0,2731.39111328125,2910.0,18.50267714902293
746,0.6194285154342651,717.0093293450773,0.0,2731.39111328125,2910.0,18.527134531061165
747,0.8146815299987793,1240.3115791976452,0.0,2731.39111328125,2910.0,18.551205496070907
748,0.563498318195343,728.0246940255165,0.0,2731.39111328125,2910.0,18.57605005207006
749,0.4258032441139221,914.2233989462256,0.0,2731.39111328125,2910.0,18.60061530105304
750,2.053406000137329,1704.513958349824,0.0,2731.39111328125,2910.0,18.62509324599523
751,0.42012354731559753,722.5156292431056,0.0,2731.39111328125,2910.0,18.64922427001875
752,1.0488801002502441,1494.7409242875874,0.0,2731.39111328125,2910.0,18.673753507086076
753,0.5766623020172119,695.8137533515692,0.0,2731.39111328125,2910.0,18.69822429807391
754,0.4075320065021515,879.3867986015975,0.0,2731.39111328125,2910.0,18.72233075706754
755,0.6816726922988892,1208.9835116565228,0.0,2731.39111328125,2910.0,18.74697933101561
756,0.4234521985054016,668.9822689704597,0.0,2731.39111328125,2910.0,18.772150382981636
757,0.5306494832038879,799.7568551152945,0.0,2731.39111328125,2910.0,18.79702915402595
758,0.3726253807544708,581.7048920169473,0.0,2731.39111328125,2910.0,18.8211178710917
759,0.46891355514526367,719.5056523270905,0.0,2731.39111328125,2910.0,18.84511009999551
760,0.5379900932312012,1297.0241276435554,0.0,2731.39111328125,2910.0,18.86960940109566
761,1.992110013961792,1344.6604200303555,0.0,2731.39111328125,2910.0,18.894189693033695
762,0.5720874667167664,675.8836623802781,0.0,2731.39111328125,2910.0,18.91873509006109
763,0.38952404260635376,699.2618348896503,0.0,2731.39111328125,2910.0,18.943158259033225
764,1.0778179168701172,1022.0977317020297,0.0,2731.39111328125,2910.0,18.96799789601937
765,0.4173402786254883,889.5269042775035,0.0,2731.39111328125,2910.0,18.992067816085182
766,0.4914877116680145,736.8538518100977,0.0,2731.39111328125,2910.0,19.016738565987907
767,0.4705260992050171,1012.2479166612029,0.0,2731.39111328125,2910.0,19.04118136607576
768,0.33749938011169434,588.3048182800412,0.0,2731.39111328125,2910.0,19.065723728039302
769,0.40567076206207275,626.101689171046,0.0,2731.39111328125,2910.0,19.089717289083637
770,1.1825151443481445,1500.7910198047757,0.0,2731.39111328125,2910.0,19.114169382024556
771,0.48522859811782837,821.9995939843357,0.0,2731.39111328125,2910.0,19.138232581084594
772,0.414884090423584,730.0066000819206,0.0,2731.39111328125,2910.0,19.16266671102494
773,1.0433919429779053,1226.2637653201818,0.0,2731.39111328125,2910.0,19.18673245899845
774,0.42406153678894043,766.3176532238722,0.0,2731.39111328125,2910.0,19.211199737037532
775,1.387791633605957,1126.6212379448116,0.0,2731.39111328125,2910.0,19.235817463020794
776,0.5623660087585449,819.0376199409366,0.0,2731.39111328125,2910.0,19.260626825038344
777,0.3783279061317444,770.7059558779001,0.0,2731.39111328125,2910.0,19.28527848701924
778,1.1211541891098022,1264.287927493453,0.0,2731.39111328125,2910.0,19.309683065046556
779,1.2041690349578857,1423.3168347775936,0.0,2731.39111328125,2910.0,19.334009968093596
780,0.59147047996521,872.9558449909091,0.0,2731.39111328125,2910.0,19.358321622014046
781,0.5492127537727356,1021.846984628588,0.0,2731.39111328125,2910.0,19.38270172709599
782,0.45578134059906006,801.3874976113439,0.0,2731.39111328125,2910.0,19.40661866904702
783,0.5816028118133545,787.6389659717679,0.0,2731.39111328125,2910.0,19.4308377050329
784,0.5251203775405884,980.4406365156174,0.0,2731.39111328125,2910.0,19.455518097034656
785,0.43384629487991333,939.4692572951317,0.0,2731.39111328125,2910.0,19.479532856028527
786,0.41818326711654663,831.9800676330924,0.0,2731.39111328125,2910.0,19.503918515052646
787,0.4415673017501831,684.2224223166704,0.0,2731.39111328125,2910.0,19.5281973159872
788,0.546573281288147,762.3504703640938,0.0,2731.39111328125,2910.0,19.55247411702294
789,0.4400307536125183,926.8068108409643,0.0,2731.39111328125,2910.0,19.57691461709328
790,0.4723416864871979,693.6861919313669,0.0,2731.39111328125,2910.0,19.60105072904844
791,0.9692280292510986,1197.5676994286478,0.0,2731.39111328125,2910.0,19.62492758606095
792,0.48731911182403564,864.1483663320541,0.0,2731.39111328125,2910.0,19.649298674077727
793,0.411435604095459,855.5833304449916,0.0,2731.39111328125,2910.0,19.673970030038618
794,0.5233992338180542,736.9844361916184,0.0,2731.39111328125,2910.0,19.698316339054145
795,1.5405288934707642,1593.9079664088786,0.0,2731.39111328125,2910.0,19.72268609807361
796,0.4596576392650604,835.0193944647908,0.0,2731.39111328125,2910.0,19.74719870602712
797,0.45406848192214966,733.0253712832928,0.0,2731.39111328125,2910.0,19.771531159989536
798,0.9572694301605225,1088.2258022278547,0.0,2731.39111328125,2910.0,19.795839984086342
799,1.171113133430481,1488.3506538122892,0.0,2731.39111328125,2910.0,19.82004752906505
800,1.2773956060409546,1772.6657183617353,0.0,2731.39111328125,2910.0,19.844408917007968
801,0.4439501166343689,828.1805571913719,0.0,2731.39111328125,2910.0,19.86892092099879
802,1.6199121475219727,1508.8164042457938,0.0,2731.39111328125,2910.0,19.893175514996983
803,0.41084200143814087,513.8345626741648,0.0,2731.39111328125,2910.0,19.917486872989684
804,0.351010799407959,633.7929335087538,0.0,2731.39111328125,2910.0,19.941803768044338
805,1.7741659879684448,2060.3531980887055,0.0,2731.39111328125,2910.0,19.966060972074047
806,0.27156010270118713,893.8550713062286,0.0,2731.39111328125,2910.0,19.990612099063583
807,1.5563369989395142,2031.688998401165,0.0,2731.39111328125,2910.0,20.014919954002835
808,0.4015769958496094,573.1361484974623,0.0,2731.39111328125,2910.0,20.03920553100761
809,0.4913315773010254,706.6805515252054,0.0,2731.39111328125,2910.0,20.06365430506412
810,0.5652569532394409,930.4222543686628,0.0,2731.39111328125,2910.0,20.087872946984135
811,1.4027364253997803,1402.2478552013636,0.0,2731.39111328125,2910.0,20.112413875060156
812,0.5353472828865051,994.446182847023,0.0,2731.39111328125,2910.0,20.136797994025983
813,0.5126988887786865,983.5939227044582,0.0,2731.39111328125,2910.0,20.160838386043906
814,0.46512261033058167,813.6945820190012,0.0,2731.39111328125,2910.0,20.18517668102868
815,0.6202834844589233,1114.3740870580077,0.0,2731.39111328125,2910.0,20.20960094500333
816,0.5544288754463196,836.7242750525475,0.0,2731.39111328125,2910.0,20.234021774027497
817,0.5218496322631836,742.6004418134689,0.0,2731.39111328125,2910.0,20.258272777078673
818,0.4489865303039551,717.1806670129299,0.0,2731.39111328125,2910.0,20.28277837706264
819,0.7672679424285889,1278.294511333108,0.0,2731.39111328125,2910.0,20.30700514104683
820,0.47796064615249634,942.6379857733846,0.0,2731.39111328125,2910.0,20.332073108060285
821,1.4035942554473877,1605.4724390283227,0.0,2731.39111328125,2910.0,20.35641807608772
822,1.205827236175537,1710.0514991432428,0.0,2731.39111328125,2910.0,20.380829551024362
823,0.4995521903038025,863.3180887326598,0.0,2731.39111328125,2910.0,20.4051762240706
824,0.44041556119918823,691.8844987601042,0.0,2731.39111328125,2910.0,20.429102485068142
825,0.5551456212997437,985.2219739109278,0.0,2731.39111328125,2910.0,20.45372131303884
826,0.4972309470176697,856.6923570334911,0.0,2731.39111328125,2910.0,20.478130661067553
827,0.5311644077301025,1025.8932450711727,0.0,2731.39111328125,2910.0,20.502542120986618
828,0.35620659589767456,1281.6160091012716,0.0,2731.39111328125,2910.0,20.52689640200697
829,0.5019721388816833,904.4920452982187,0.0,2731.39111328125,2910.0,20.55145133601036
830,0.5197035074234009,688.563413888216,0.0,2731.39111328125,2910.0,20.57579849299509
831,0.5579794645309448,1015.6222825795412,0.0,2731.39111328125,2910.0,20.60015186306555
832,0.4072323143482208,923.3477454185486,0.0,2731.39111328125,2910.0,20.624511018046178
833,0.5620089769363403,975.7037725299597,0.0,2731.39111328125,2910.0,20.648961637052707
834,0.6510555744171143,1134.7888759672642,0.0,2731.39111328125,2910.0,20.673340655048378
835,1.210281252861023,1273.9241136014462,0.0,2731.39111328125,2910.0,20.697674747090787
836,1.1933653354644775,1618.3297815322876,0.0,2731.39111328125,2910.0,20.721941263996996
837,0.5474551916122437,1384.9532083570957,0.0,2731.39111328125,2910.0,20.74626787903253
838,0.4947442412376404,853.0067276507616,0.0,2731.39111328125,2910.0,20.77117048704531
839,0.41491326689720154,609.3900561593473,0.0,2731.39111328125,2910.0,20.79524015507195
840,0.6712542772293091,1109.9875151515007,0.0,2731.39111328125,2910.0,20.81962006399408
841,0.539395809173584,918.0784140825272,0.0,2731.39111328125,2910.0,20.84352843707893
842,0.5481667518615723,872.6999676674604,0.0,2731.39111328125,2910.0,20.86738857999444
843,0.4638988971710205,747.3408506028354,0.0,2731.39111328125,2910.0,20.89128454402089
844,1.0328311920166016,1316.179010041058,0.0,2731.39111328125,2910.0,20.915551076061092
845,0.5515852570533752,920.3671690449119,0.0,2731.39111328125,2910.0,20.939509026007727
846,0.9410924911499023,1354.62012116611,0.0,2731.39111328125,2910.0,20.963834582013078
847,0.47685641050338745,928.0198003351688,0.0,2731.39111328125,2910.0,20.987984905019403
848,0.4658539295196533,853.0508091747761,0.0,2731.39111328125,2910.0,21.012379945022985
849,0.6197738647460938,867.4159098491073,0.0,2731.39111328125,2910.0,21.03685192100238
850,0.47877204418182373,769.0480434820056,0.0,2731.39111328125,2910.0,21.061169731081463
851,0.40075820684432983,908.3019858077168,0.0,2731.39111328125,2910.0,21.08518831501715
852,0.44204604625701904,630.596625611186,0.0,2731.39111328125,2910.0,21.1096473360667
853,0.6151222586631775,1001.8691712021828,0.0,2731.39111328125,2910.0,21.133943241089582
854,1.2889223098754883,2255.9761350750923,0.0,2731.39111328125,2910.0,21.158338309032843
855,0.6272870302200317,947.3180207908154,0.0,2731.39111328125,2910.0,21.182682729093358
856,0.4832955598831177,805.3906193077564,0.0,2731.39111328125,2910.0,21.206854797084816
857,1.1362049579620361,1605.955925308168,0.0,2731.39111328125,2910.0,21.231275186059065
858,0.8116309642791748,1307.3833533488214,0.0,2731.39111328125,2910.0,21.255915338057093
859,0.5628536939620972,813.9325228147209,0.0,2731.39111328125,2910.0,21.280205800081603
860,0.3831116855144501,603.3608164563775,0.0,2731.39111328125,2910.0,21.304099334054627
861,0.48716023564338684,680.4583863168955,0.0,2731.39111328125,2910.0,21.328483543009497
862,0.4384914040565491,673.7239263989031,0.0,2731.39111328125,2910.0,21.352751185069792
863,0.5026502013206482,741.8124727122486,0.0,2731.39111328125,2910.0,21.376731437048875
864,1.8491442203521729,1950.3014452010393,0.0,2731.39111328125,2910.0,21.401123697054572
865,0.42874905467033386,817.7886523008347,0.0,2731.39111328125,2910.0,21.42565776500851
866,0.43944859504699707,716.1578619256616,0.0,2731.39111328125,2910.0,21.449613361037336
867,0.5374308824539185,812.3814671337605,0.0,2731.39111328125,2910.0,21.473399530979805
868,0.4857494533061981,688.262296423316,0.0,2731.39111328125,2910.0,21.49716403905768
869,0.5944299101829529,773.2027778215706,0.0,2731.39111328125,2910.0,21.521001838031225
870,0.43290379643440247,765.0295586660504,0.0,2731.39111328125,2910.0,21.545188675052486
871,1.0140221118927002,1277.8938033357263,0.0,2731.39111328125,2910.0,21.56955630099401
872,0.5480586290359497,723.6842407211661,0.0,2731.39111328125,2910.0,21.593467932078056
873,1.1222631931304932,1108.0999368950725,0.0,2731.39111328125,2910.0,21.617781689041294
874,1.1363826990127563,1738.8604474626482,0.0,2731.39111328125,2910.0,21.64188579202164
875,0.5857865810394287,773.5302181281149,0.0,2731.39111328125,2910.0,21.66578784608282
876,0.4185490012168884,916.648729737848,0.0,2731.39111328125,2910.0,21.690115793026052
877,0.5485138893127441,761.8613487184048,0.0,2731.39111328125,2910.0,21.714221234084107
878,0.44142743945121765,765.3230849727988,0.0,2731.39111328125,2910.0,21.738595732022077
879,1.4958821535110474,1625.723483979702,0.0,2731.39111328125,2910.0,21.763220002059825
880,0.4679499864578247,673.3147133216262,0.0,2731.39111328125,2910.0,21.787784162093885
881,0.4545905590057373,666.7059769183397,0.0,2731.39111328125,2910.0,21.81178617605474
882,0.49068379402160645,973.772060059011,0.0,2731.39111328125,2910.0,21.835712181054987
883,0.36661309003829956,661.799861036241,0.0,2731.39111328125,2910.0,21.86047081009019
884,0.49499547481536865,722.6059675067663,0.0,2731.39111328125,2910.0,21.884774444042705
885,0.47019219398498535,528.1650929562747,0.0,2731.39111328125,2910.0,21.908819010015577
886,0.5286774635314941,840.647618830204,0.0,2731.39111328125,2910.0,21.933166395989247
887,0.4842032194137573,807.4044407866895,0.0,2731.39111328125,2910.0,21.957457941025496
888,1.3855254650115967,1642.9912505149841,0.0,2731.39111328125,2910.0,21.981742133037187
889,0.36908572912216187,571.6595093384385,0.0,2731.39111328125,2910.0,22.006033995072357
890,0.4625791907310486,921.6785110980272,0.0,2731.39111328125,2910.0,22.02998687606305
891,1.317152976989746,1827.1585421785712,0.0,2731.39111328125,2910.0,22.053861277992837
892,0.4471895098686218,552.1564673706889,0.0,2731.39111328125,2910.0,22.078442768077366
893,0.5812270045280457,756.1947051472962,0.0,2731.39111328125,2910.0,22.1027326870244
894,0.3912384808063507,712.5397352725267,0.0,2731.39111328125,2910.0,22.127215621061623
895,0.5040185451507568,676.6359427385032,0.0,2731.39111328125,2910.0,22.151628884021193
896,0.39281970262527466,537.1339720822871,0.0,2731.39111328125,2910.0,22.176022320985794
897,0.4949576258659363,723.9458627700806,0.0,2731.39111328125,2910.0,22.200401496025734
898,0.6046316623687744,1331.5322327539325,0.0,2731.39111328125,2910.0,22.224789660074748
899,0.4165281355381012,595.4136570952833,0.0,2731.39111328125,2910.0,22.24926743307151
900,0.4244902729988098,886.9813941046596,0.0,2731.39111328125,2910.0,22.27394467801787
901,1.206224799156189,1285.8713463693857,0.0,2731.39111328125,2910.0,22.298693550983444
902,0.5625289678573608,863.812454983592,0.0,2731.39111328125,2910.0,22.322685216087848
903,0.7891784310340881,1296.5337020494044,0.0,2731.39111328125,2910.0,22.34703578101471
904,0.46356865763664246,626.2471076957881,0.0,2731.39111328125,2910.0,22.371025205007754
905,0.49787765741348267,655.0271638482809,0.0,2731.39111328125,2910.0,22.39543247607071
906,0.3252847194671631,475.3739614505321,0.0,2731.39111328125,2910.0,22.419832858024165
907,0.4214654564857483,907.6570969372988,0.0,2731.39111328125,2910.0,22.443779533030465
908,0.33426645398139954,828.0112713202834,0.0,2731.39111328125,2910.0,22.46774767106399
909,0.5243019461631775,1218.0822203159332,0.0,2731.39111328125,2910.0,22.492363876081072
910,1.0128638744354248,2576.3644709959626,0.0,2731.39111328125,2910.0,22.51669659500476
911,0.4864276945590973,1163.686771016568,0.0,2731.39111328125,2910.0,22.540987230022438
912,0.4786876440048218,1109.8025425225496,0.0,2731.39111328125,2910.0,22.56538417004049
913,0.6454348564147949,1295.7714751064777,0.0,2731.39111328125,2910.0,22.58972618007101
914,0.4185384213924408,630.176479768008,0.0,2731.39111328125,2910.0,22.614187001017854
915,1.1639827489852905,1823.7883030548692,0.0,2731.39111328125,2910.0,22.638151813996956
916,0.6071724891662598,1395.574400626123,0.0,2731.39111328125,2910.0,22.662012251093984
917,1.2627370357513428,1980.2734334766865,0.0,2731.39111328125,2910.0,22.686362829990685
918,0.4889046251773834,1410.9267138838768,0.0,2731.39111328125,2910.0,22.710712261032313
919,0.5342881083488464,706.8282591663301,0.0,2731.39111328125,2910.0,22.73543999006506
920,1.7402706146240234,2555.577371418476,0.0,2731.39111328125,2910.0,22.759945292025805
921,1.4082918167114258,1826.7986756414175,0.0,2731.39111328125,2910.0,22.784475113032386
922,0.6880731582641602,1523.2936300486326,0.0,2731.39111328125,2910.0,22.808856896008365
923,0.6171455383300781,1201.115701906383,0.0,2731.39111328125,2910.0,22.833190437988378
924,0.5205167531967163,1109.4571009129286,0.0,2731.39111328125,2910.0,22.857533950009383
925,0.40056633949279785,618.1721465811133,0.0,2731.39111328125,2910.0,22.881986505002715
926,0.41690677404403687,931.4563520886004,0.0,2731.39111328125,2910.0,22.906274924986064
927,0.8013433218002319,1577.6267585977912,0.0,2731.39111328125,2910.0,22.930626405985095
928,1.2192000150680542,1754.454509779811,0.0,2731.39111328125,2910.0,22.955284561030567
929,0.9434493780136108,1536.8597900345922,0.0,2731.39111328125,2910.0,22.979555743047968
930,0.9297557473182678,1839.4280782714486,0.0,2731.39111328125,2910.0,23.003998663043603
931,0.5105978846549988,950.8519804403186,0.0,2731.39111328125,2910.0,23.02853741403669
932,0.49216607213020325,1064.1785076707602,0.0,2731.39111328125,2910.0,23.05255613999907
933,0.5324614644050598,824.864923261106,0.0,2731.39111328125,2910.0,23.076902889064513
934,0.4542767107486725,811.3135659098625,0.0,2731.39111328125,2910.0,23.101250433013774
935,1.3635733127593994,1192.2985650375485,0.0,2731.39111328125,2910.0,23.125594555051066
936,0.32918041944503784,761.8338798508048,0.0,2731.39111328125,2910.0,23.150027588009834
937,0.5413606762886047,1690.979210048914,0.0,2731.39111328125,2910.0,23.17471300601028
938,0.4871037006378174,981.0908505916595,0.0,2731.39111328125,2910.0,23.199178264010698
939,0.4298821687698364,971.7148270756006,0.0,2731.39111328125,2910.0,23.223579376004636
940,0.6020734310150146,977.8039340563118,0.0,2731.39111328125,2910.0,23.247546032071114
941,0.4370666742324829,1204.9112939536572,0.0,2731.39111328125,2910.0,23.27231877599843
942,0.8404956459999084,1663.3873833417892,0.0,2731.39111328125,2910.0,23.296817791066132
943,0.564601719379425,1321.188518151641,0.0,2731.39111328125,2910.0,23.3212533100741
944,0.46502959728240967,987.3956012427807,0.0,2731.39111328125,2910.0,23.34567201905884
945,0.47076523303985596,1022.7413550615311,0.0,2731.39111328125,2910.0,23.369603672996163
946,0.37668320536613464,818.531085267663,0.0,2731.39111328125,2910.0,23.394377520075068
947,0.3403640389442444,646.3101762607694,0.0,2731.39111328125,2910.0,23.418778555002064
948,0.9918215274810791,1263.0123000368476,0.0,2731.39111328125,2910.0,23.4432381039951
949,0.3942166566848755,635.4138572216034,0.0,2731.39111328125,2910.0,23.46726478706114
950,0.40538322925567627,976.3160235211253,0.0,2731.39111328125,2910.0,23.49152949207928
951,0.4243358075618744,1235.079360216856,0.0,2731.39111328125,2910.0,23.5158879510127
952,1.045442819595337,1590.9497894644737,0.0,2731.39111328125,2910.0,23.539766406989656
953,0.4418126940727234,1017.0676353424788,0.0,2731.39111328125,2910.0,23.56413555506151
954,0.39791586995124817,1147.509281128645,0.0,2731.39111328125,2910.0,23.58855130209122
955,0.31397706270217896,713.8497376590967,0.0,2731.39111328125,2910.0,23.613192733027972
956,1.577271819114685,1758.691344872117,0.0,2731.39111328125,2910.0,23.637511429027654
957,0.4457665681838989,660.6000833362341,0.0,2731.39111328125,2910.0,23.661779477028176
958,0.36895883083343506,701.9176567196846,0.0,2731.39111328125,2910.0,23.686109213042073
959,0.3634597659111023,1177.9700479730964,0.0,2731.39111328125,2910.0,23.71047214209102
960,0.4574893116950989,638.684894002974,0.0,2731.39111328125,2910.0,23.735012251068838
961,0.37485063076019287,545.5359742976725,0.0,2731.39111328125,2910.0,23.759471656987444
962,0.5381681323051453,1110.1777040362358,0.0,2731.39111328125,2910.0,23.784096663002856
963,0.5964698791503906,1070.5157105326653,0.0,2731.39111328125,2910.0,23.808179802028462
964,0.3744722902774811,662.9802400544286,0.0,2731.39111328125,2910.0,23.832863697083667
965,0.5886384844779968,1656.5845317989588,0.0,2731.39111328125,2910.0,23.85718800604809
966,0.3377469778060913,554.3390549365431,0.0,2731.39111328125,2910.0,23.88163564808201
967,1.1687785387039185,1476.7747167348862,0.0,2731.39111328125,2910.0,23.9060049590189
968,0.3790004849433899,623.2112868055701,0.0,2731.39111328125,2910.0,23.930349842994474
969,0.512946605682373,722.7826315313578,0.0,2731.39111328125,2910.0,23.954385437071323
970,0.42093324661254883,1134.486449688673,0.0,2731.39111328125,2910.0,23.978275973000564
971,0.4747537076473236,733.7716778591275,0.0,2731.39111328125,2910.0,24.00252329208888
972,0.3753531575202942,788.1150363385677,0.0,2731.39111328125,2910.0,24.026898769079708
973,0.45975762605667114,805.7289415039122,0.0,2731.39111328125,2910.0,24.05114943999797
974,0.43050628900527954,975.2746095433831,0.0,2731.39111328125,2910.0,24.075075683998875
975,0.3839658796787262,999.0496172457933,0.0,2731.39111328125,2910.0,24.099440545076504
976,0.5250723958015442,1232.5764545574784,0.0,2731.39111328125,2910.0,24.12376074306667
977,0.24895498156547546,752.9947259053588,0.0,2731.39111328125,2910.0,24.148154191090725
978,1.8209296464920044,1828.17223367095,0.0,2731.39111328125,2910.0,24.17267095798161
979,0.7773393988609314,1572.7239715754986,0.0,2731.39111328125,2910.0,24.197025742032565
980,0.5066465139389038,1197.4457034766674,0.0,2731.39111328125,2910.0,24.221408830024302
981,1.1784369945526123,1811.8909027278423,0.0,2731.39111328125,2910.0,24.245717997080646
982,0.437055766582489,946.1523115634918,0.0,2731.39111328125,2910.0,24.270806311047636
983,0.395127534866333,617.0728621631861,0.0,2731.39111328125,2910.0,24.295185517985374
984,0.3448342978954315,477.09936625510454,0.0,2731.39111328125,2910.0,24.31977529299911
985,0.38041484355926514,984.7947645932436,0.0,2731.39111328125,2910.0,24.344254711060785
986,0.5375184416770935,1098.9718240499496,0.0,2731.39111328125,2910.0,24.368260096060112
987,1.1194032430648804,1672.0803295075893,0.0,2731.39111328125,2910.0,24.39268809708301
988,0.6093926429748535,1541.9395050778985,0.0,2731.39111328125,2910.0,24.41675302805379
989,0.3483562469482422,828.5534405075014,0.0,2731.39111328125,2910.0,24.440568329999223
990,0.48039835691452026,929.2100864127278,0.0,2731.39111328125,2910.0,24.464578769053333
991,0.29468607902526855,518.4821320027113,0.0,2731.39111328125,2910.0,24.48873185098637
992,0.4292735457420349,923.6527724564075,0.0,2731.39111328125,2910.0,24.513138790032826
993,0.36251020431518555,693.4357526004314,0.0,2731.39111328125,2910.0,24.537651691003703
994,0.3955995738506317,729.9214437790215,0.0,2731.39111328125,2910.0,24.56195576104801
995,0.503393292427063,668.6267005205154,0.0,2731.39111328125,2910.0,24.58643823908642
996,0.19218656420707703,604.9934078156948,0.0,2731.39111328125,2910.0,24.61040888808202
997,0.43453478813171387,1131.2312672138214,0.0,2731.39111328125,2910.0,24.634768658084795
998,0.3498989939689636,583.2485618591309,0.0,2731.39111328125,2910.0,24.65906052000355
999,0.42026618123054504,862.5513646751642,0.0,2731.39111328125,2910.0,24.683374482090585
1000,0.5238934755325317,1143.0953939035535,0.0,2731.39111328125,2910.0,24.707882661023177
1001,0.43039023876190186,552.0431287698448,0.0,2731.39111328125,2910.0,26.389027134049684
1002,0.3450084328651428,759.4323837012053,0.0,2731.39111328125,2910.0,26.413829155033454
1003,0.45880961418151855,684.4335704743862,0.0,2731.39111328125,2910.0,26.4377661900362
1004,0.7814757823944092,1506.3189866691828,0.0,2731.39111328125,2910.0,26.46205866103992
1005,0.29853564500808716,700.4912591613829,0.0,2731.39111328125,2910.0,26.48657418298535
1006,0.3933507800102234,740.1402070522308,0.0,2731.39111328125,2910.0,26.5108678790275
1007,0.45510444045066833,753.7238404452801,0.0,2731.39111328125,2912.0,26.535015897010453
1008,0.2941286563873291,575.6681029051542,0.0,2731.39111328125,2912.0,26.559518206049688
1009,0.47017335891723633,1362.2775828838348,0.0,2731.39111328125,2912.0,26.583991512074135
1010,0.4443521499633789,804.013172596693,0.0,2731.39111328125,2912.0,26.608291325042956
1011,1.0424044132232666,1261.0088745206594,0.0,2731.39111328125,2912.0,26.63260341703426
1012,0.30797773599624634,800.9772686213255,0.0,2731.39111328125,2912.0,26.657012503012083
1013,0.2162284106016159,657.0421811304986,0.0,2731.39111328125,2912.0,26.681497920071706
1014,0.3606418967247009,665.3803607299924,0.0,2731.39111328125,2912.0,26.705919174011797
1015,0.32615140080451965,517.2540460452437,0.0,2731.39111328125,2912.0,26.72990319307428
1016,0.3920062780380249,729.9219804555178,0.0,2731.39111328125,2912.0,26.754306250019
1017,0.27241256833076477,872.2020972669125,0.0,2731.39111328125,2912.0,26.77916252904106
1018,0.42969852685928345,679.4266796708107,0.0,2731.39111328125,2912.0,26.803333859075792
1019,0.4480796456336975,920.0097398236394,0.0,2731.39111328125,2912.0,26.82809908501804
1020,0.36306652426719666,626.7335667237639,0.0,2731.39111328125,2912.0,26.852475796011277
1021,0.6556402444839478,1115.3324040845037,0.0,2731.39111328125,2912.0,26.87694480700884
1022,1.0038187503814697,1608.2833792120218,0.0,2731.39111328125,2912.0,26.901420500013046
1023,0.4551297128200531,1001.702496856451,0.0,2731.39111328125,2912.0,26.925583756994456
1024,0.34967145323753357,655.835205629468,0.0,2731.39111328125,2912.0,26.94992615201045
1025,0.24160003662109375,675.5474082231522,0.0,2731.39111328125,2912.0,26.97439382201992
1026,0.3018946945667267,474.71660140156746,0.0,2731.39111328125,2912.0,26.999455729033798
1027,0.4370669424533844,1426.1767129600048,0.0,2731.39111328125,2912.0,27.02408474101685
1028,0.7038058042526245,1176.0792774409056,0.0,2731.39111328125,2912.0,27.04879610298667
1029,0.4730076491832733,921.1940095573664,0.0,2731.39111328125,2912.0,27.07318554399535
1030,0.2538779377937317,433.14164897426963,0.0,2731.39111328125,2912.0,27.097273210063577
1031,0.6603992581367493,874.1642889603972,0.0,2731.39111328125,2912.0,27.12172112602275
1032,1.893136739730835,2155.374239772558,0.0,2731.39111328125,2912.0,27.146067658090033
1033,0.2730255126953125,947.3967942520976,0.0,2731.39111328125,2912.0,27.170578947057948
1034,0.32798728346824646,751.6646500378847,0.0,2731.39111328125,2912.0,27.194993523997255
1035,0.39475974440574646,719.3770463988185,0.0,2731.39111328125,2912.0,27.219105054042302
1036,0.3025740385055542,629.8851171135902,0.0,2731.39111328125,2912.0,27.24341918004211
1037,0.3412758708000183,818.2087405696511,0.0,2731.39111328125,2912.0,27.26846384909004
1038,0.2634481191635132,784.2355789095163,0.0,2731.39111328125,2912.0,27.293093224987388
1039,0.3905999958515167,1305.253592170775,0.0,2731.39111328125,2912.0,27.31738783302717
1040,0.9111164808273315,1501.5721518583596,0.0,2731.39111328125,2912.0,27.341841378016397
1041,0.27194276452064514,581.9027740433812,0.0,2731.39111328125,2912.0,27.365990104037337
1042,0.5177229046821594,889.1802400797606,0.0,2731.39111328125,2912.0,27.390389539999887
1043,0.6440647840499878,1030.481891542673,0.0,2731.39111328125,2912.0,27.41482776904013
1044,0.6854131817817688,950.6548471450806,0.0,2731.39111328125,2912.0,27.439169554039836
1045,0.49671241641044617,925.744946282357,0.0,2731.39111328125,2912.0,27.463177209021524
1046,1.3502354621887207,2032.116335451603,0.0,2731.39111328125,2912.0,27.488164965063334
1047,0.4279763102531433,750.338583022356,0.0,2731.39111328125,2912.0,27.512651314027607
1048,0.4267936944961548,750.9693488702178,0.0,2731.39111328125,2912.0,27.53709985408932
1049,1.9931682348251343,2530.9675963670015,0.0,2731.39111328125,2912.0,27.561563463998027
1050,0.8736745715141296,1453.0355150327086,0.0,2731.39111328125,2912.0,27.585866230074316
1051,0.46942922472953796,787.9007057622075,0.0,2731.39111328125,2912.0,27.61033190099988
1052,0.331222265958786,866.1503314822912,0.0,2731.39111328125,2912.0,27.634691496030428
1053,0.3508700728416443,728.1688251644373,0.0,2731.39111328125,2912.0,27.658748305984773
1054,0.2512463331222534,833.3930139839649,0.0,2731.39111328125,2912.0,27.68316383101046
1055,0.43282461166381836,975.1029936298728,0.0,2731.39111328125,2912.0,27.707891119993292
1056,0.3720046877861023,837.3284636810422,0.0,2731.39111328125,2912.0,27.731897750054486
1057,0.4211448132991791,1220.81201736629,0.0,2731.39111328125,2912.0,27.75589769007638
1058,0.39747941493988037,837.8022967875004,0.0,2731.39111328125,2912.0,27.780231093987823
1059,1.0172597169876099,2152.8289825841784,0.0,2731.39111328125,2912.0,27.804406365030445
1060,0.29380184412002563,658.0373909771442,0.0,2731.39111328125,2912.0,27.828866653027944
1061,0.4499419927597046,1071.7605456858873,0.0,2731.39111328125,2912.0,27.853304599993862
1062,0.47623470425605774,2287.5652784109116,0.0,2731.39111328125,2912.0,27.87767465005163
1063,0.5235995054244995,762.6004125922918,0.0,2731.39111328125,2912.0,27.902046635979787
1064,0.5059423446655273,1026.65705665946,0.0,2731.39111328125,2912.0,27.926690158084966
1065,0.41584450006484985,818.143881380558,0.0,2731.39111328125,2912.0,27.95127013104502
1066,0.42230865359306335,2130.5371594056487,0.0,2731.39111328125,2912.0,27.975677215028554
1067,0.3031517267227173,919.7504152283072,0.0,2731.39111328125,2912.0,28.000071493093856
1068,1.0452494621276855,1753.1313634961843,0.0,2731.39111328125,2912.0,28.02447373198811
1069,0.34517645835876465,1402.7266249470413,0.0,2731.39111328125,2912.0,28.048846818041056
1070,1.6290645599365234,2913.327100753784,0.0,2731.39111328125,2912.0,28.07290270004887
1071,0.38780492544174194,690.7393243610859,0.0,2731.39111328125,2912.0,28.09737169998698
1072,0.41435885429382324,890.2773641645908,0.0,2731.39111328125,2912.0,28.12181562499609
1073,1.3460805416107178,1784.5053488612175,0.0,2731.39111328125,2912.0,28.146624454995617
1074,0.505257248878479,1695.0551302954555,0.0,2731.39111328125,2912.0,28.170854932046495
1075,0.4803149104118347,1221.1967015266418,0.0,2731.39111328125,2912.0,28.194990869029425
1076,0.43929827213287354,657.1667185947299,0.0,2731.39111328125,2912.0,28.2189480420202
1077,0.36069056391716003,1125.147561430931,0.0,2731.39111328125,2912.0,28.24337003706023
1078,0.3419327139854431,725.529274892062,0.0,2731.39111328125,2912.0,28.267986512044445
1079,1.4062647819519043,1582.6539027616382,0.0,2731.39111328125,2912.0,28.292680606013164
1080,0.49197039008140564,1341.140056475997,0.0,2731.39111328125,2912.0,28.317374773090705
1081,0.8677306175231934,1947.8711306676269,0.0,2731.39111328125,2912.0,28.341843942995183
1082,1.3572207689285278,1556.4279804900289,0.0,2731.39111328125,2912.0,28.366544863092713
1083,1.0900251865386963,1577.536006629467,0.0,2731.39111328125,2912.0,28.391009133076295
1084,1.2013967037200928,1581.4258702844381,0.0,2731.39111328125,2912.0,28.414972709026188
1085,0.3260292112827301,760.3650390282273,0.0,2731.39111328125,2912.0,28.439376285066828
1086,0.3949195146560669,723.7397993132472,0.0,2731.39111328125,2912.0,28.463504904997535
1087,0.47576621174812317,768.9516711309552,0.0,2731.39111328125,2912.0,28.48801178508438
1088,0.6008161306381226,1158.1132989823818,0.0,2731.39111328125,2912.0,28.512357931002043
1089,0.6897180080413818,1467.3899088725448,0.0,2731.39111328125,2912.0,28.536774827050976
1090,0.6908455491065979,1465.5938318222761,0.0,2731.39111328125,2912.0,28.56126970599871
1091,0.664996862411499,1310.311355650425,0.0,2731.39111328125,2912.0,28.585714613087475
1092,0.2655070424079895,1237.3159731552005,0.0,2731.39111328125,2912.0,28.609626382007264
1093,0.3589867353439331,930.3517006859183,0.0,2731.39111328125,2912.0,28.633966397028416
1094,0.45836371183395386,1354.9563189297915,0.0,2731.39111328125,2912.0,28.658294231048785
1095,0.5588328838348389,1459.0899078398943,0.0,2731.39111328125,2912.0,28.682654567994177
1096,0.41260990500450134,1086.029282078147,0.0,2731.39111328125,2912.0,28.70702469407115
1097,0.44495826959609985,1256.8400437161326,0.0,2731.39111328125,2912.0,28.731565202004276
1098,0.36988532543182373,757.9420763552189,0.0,2731.39111328125,2912.0,28.75640888803173
1099,0.3787078261375427,977.5771304368973,0.0,2731.39111328125,2912.0,28.78427903400734
1100,0.5843523740768433,1042.245489910245,0.0,2731.39111328125,2912.0,28.812594388029538
1101,0.44366976618766785,991.9942530244589,0.0,2731.39111328125,2912.0,28.83975042309612
1102,0.37858644127845764,1605.8149652779102,0.0,2731.39111328125,2912.0,28.8666214060504
1103,0.2717077136039734,725.1117768287659,0.0,2731.39111328125,2912.0,28.893464596010745
1104,0.4088939428329468,692.207412995398,0.0,2731.39111328125,2912.0,28.92032841499895
1105,0.7152806520462036,1216.4543702229857,0.0,2731.39111328125,2912.0,28.947153780027293
1106,0.4306167662143707,1196.9318958744407,0.0,2731.39111328125,2912.0,28.974251390085556
1107,0.266494482755661,556.6626070998609,0.0,2731.39111328125,2912.0,29.001124948030338
1108,1.050693392753601,1652.9959879368544,0.0,2731.39111328125,2912.0,29.02785609208513
1109,0.36323976516723633,1105.5541852116585,0.0,2731.39111328125,2912.0,29.0550209680805
1110,0.2982438802719116,666.5867959931493,0.0,2731.39111328125,2912.0,29.081562689039856
1111,0.28801965713500977,443.41453160718083,0.0,2731.39111328125,2912.0,29.107874624081887
1112,0.24000892043113708,563.2705295979977,0.0,2731.39111328125,2912.0,29.13475185702555
1113,0.27799683809280396,618.0799588635564,0.0,2731.39111328125,2912.0,29.16118755703792
1114,1.0010160207748413,1911.4810146912932,0.0,2731.39111328125,2912.0,29.18798011902254
1115,0.43426287174224854,534.7070919759572,0.0,2731.39111328125,2912.0,29.21471630607266
1116,0.17419877648353577,607.2738766483963,0.0,2731.39111328125,2912.0,29.24147664406337
1117,0.4216006100177765,595.8876034133136,0.0,2731.39111328125,2912.0,29.268365498050116
1118,0.2937478721141815,500.8033127449453,0.0,2731.39111328125,2912.0,29.29587028408423
1119,0.31652605533599854,753.2009638249874,0.0,2731.39111328125,2912.0,29.322845170041546
1120,0.34802916646003723,684.3750039227307,0.0,2731.39111328125,2912.0,29.349706298089586
1121,0.5700082778930664,1000.5571909323335,0.0,2731.39111328125,2912.0,29.376551636029035
1122,0.29621776938438416,382.8650439083576,0.0,2731.39111328125,2912.0,29.402876490028575
1123,0.6629238128662109,960.5171806067228,0.0,2731.39111328125,2912.0,29.429681883077137
1124,0.19620610773563385,660.5706939846277,0.0,2731.39111328125,2912.0,29.456245103036053
1125,0.4167759120464325,674.3988756835461,0.0,2731.39111328125,2912.0,29.483243155060336
1126,0.4237329363822937,683.3547315001488,0.0,2731.39111328125,2912.0,29.50960724998731
1127,0.2906908392906189,834.7272932380438,0.0,2731.39111328125,2912.0,29.536165614030324
1128,0.24072742462158203,534.2934630103409,0.0,2731.39111328125,2912.0,29.56245070998557
1129,0.39998894929885864,674.8877998143435,0.0,2731.39111328125,2912.0,29.588796815020032
1130,0.30340784788131714,657.4137639477849,0.0,2731.39111328125,2912.0,29.615074782981537
1131,0.25834789872169495,370.3838526196778,0.0,2731.39111328125,2912.0,29.6414252120303
1132,0.23536083102226257,489.0834070779383,0.0,2731.39111328125,2912.0,29.668246324989013
1133,1.0616294145584106,1516.5803955346346,0.0,2731.39111328125,2912.0,29.695004792069085
1134,0.3375418484210968,834.4974572844803,0.0,2731.39111328125,2912.0,29.721448386088014
1135,0.4167286455631256,760.093257047236,0.0,2731.39111328125,2912.0,29.74825276003685
1136,0.8313417434692383,1378.8178451955318,0.0,2731.39111328125,2912.0,29.77562317601405
1137,0.2927020788192749,507.8609809949994,0.0,2731.39111328125,2912.0,29.802208107081242
1138,0.17034852504730225,292.7272098213434,0.0,2731.39111328125,2912.0,29.828975761076435
1139,1.355749249458313,1589.4916387200356,0.0,2731.39111328125,2912.0,29.85591604199726
1140,1.1605491638183594,1729.6559586822987,0.0,2731.39111328125,2912.0,29.88270104699768
1141,0.6758440732955933,1436.167612195015,0.0,2731.39111328125,2912.0,29.909470885060728
1142,0.47276371717453003,1049.597284629941,0.0,2731.39111328125,2912.0,29.93639806401916
1143,0.3966005742549896,1228.0430411547422,0.0,2731.39111328125,2912.0,29.962813371093944
1144,0.23298877477645874,304.9498950242996,0.0,2731.39111328125,2912.0,29.98967728903517
1145,0.37206682562828064,580.9875400103629,0.0,2731.39111328125,2912.0,30.016375496983528
1146,0.7521404027938843,953.1765815764666,0.0,2731.39111328125,2912.0,30.043165035080165
1147,0.5083805322647095,985.9153008051217,0.0,2731.39111328125,2912.0,30.069953505997546
1148,0.2913724184036255,1518.9800431728363,0.0,2731.39111328125,2912.0,30.09684928099159
1149,0.4711913764476776,981.0308721512556,0.0,2731.39111328125,2912.0,30.123697214992717
1150,0.1896848976612091,341.02846769429743,0.0,2731.39111328125,2912.0,30.150100747006945
1151,0.2297593057155609,1200.5828252583742,0.0,2731.39111328125,2912.0,30.176879914011806
1152,0.3906928300857544,743.1994274333119,0.0,2731.39111328125,2912.0,30.203709420980886
1153,1.0012962818145752,1743.6371492519975,0.0,2731.39111328125,2912.0,30.230542356031947
1154,0.5488521456718445,978.3335611224174,0.0,2731.39111328125,2912.0,30.257762365043163
1155,0.38398897647857666,889.1402054876089,0.0,2731.39111328125,2912.0,30.284472558065318
1156,0.4086471199989319,1035.4021065980196,0.0,2731.39111328125,2912.0,30.3115158630535
1157,0.30276960134506226,573.9717708751559,0.0,2731.39111328125,2912.0,30.337829482043162
1158,0.6373499035835266,1065.9069508686662,0.0,2731.39111328125,2912.0,30.36422305298038
1159,0.38285642862319946,642.0284693315625,0.0,2731.39111328125,2912.0,30.391092733014375
1160,0.3121618628501892,645.9334398545325,0.0,2731.39111328125,2912.0,30.417968397028744
1161,0.4052479863166809,850.786292873323,0.0,2731.39111328125,2912.0,30.444345170049928
1162,0.879508376121521,1710.421324506402,0.0,2731.39111328125,2912.0,30.471027036081068
1163,0.9572958946228027,1290.3771985918283,0.0,2731.39111328125,2912.0,30.498105820035562
1164,0.204172283411026,690.7560439929366,0.0,2731.39111328125,2912.0,30.524883967009373
1165,0.22684167325496674,847.0176634527743,0.0,2731.39111328125,2912.0,30.551710583036765
1166,0.27072834968566895,521.9579813443124,0.0,2731.39111328125,2912.0,30.578212051070295
1167,0.44741788506507874,904.1722909212112,0.0,2731.39111328125,2912.0,30.604911384987645
1168,0.23087945580482483,727.7476107850671,0.0,2731.39111328125,2912.0,30.63121384405531
1169,0.2928873896598816,664.5671731494367,0.0,2731.39111328125,2912.0,30.658093319041654
1170,0.31927263736724854,786.6670668534935,0.0,2731.39111328125,2912.0,30.68490401399322
1171,1.049679160118103,1344.2184156700969,0.0,2731.39111328125,2912.0,30.71165292907972
1172,0.21356415748596191,576.1281690821052,0.0,2731.39111328125,2912.0,30.73867978900671
1173,0.3165443539619446,690.6655376106501,0.0,2731.39111328125,2912.0,30.765417668037117
1174,0.3558798134326935,465.3557423707098,0.0,2731.39111328125,2912.0,30.792754205991514
1175,0.4146493673324585,787.1951780244708,0.0,2731.39111328125,2912.0,30.81967690703459
1176,0.2484722137451172,449.9140285998583,0.0,2731.39111328125,2912.0,30.846647761994973
1177,0.8376154899597168,1681.8281932920218,0.0,2731.39111328125,2912.0,30.87338348198682
1178,0.4135851263999939,1155.9053218662739,0.0,2731.39111328125,2912.0,30.900260407011956
1179,0.2970566153526306,419.17422034591436,0.0,2731.39111328125,2912.0,30.92700552707538
1180,0.25552648305892944,580.9370732754469,0.0,2731.39111328125,2912.0,30.953798721078783
1181,0.930189847946167,1363.6474757120013,0.0,2731.39111328125,2912.0,30.980838895076886
1182,0.24501696228981018,1315.1913959681988,0.0,2731.39111328125,2912.0,31.00769624800887
1183,0.2751366198062897,497.7763015665114,0.0,2731.39111328125,2912.0,31.03453558299225
1184,0.3532978296279907,648.6577773056924,0.0,2731.39111328125,2912.0,31.06133719603531
1185,0.14996716380119324,626.0409961864352,0.0,2731.39111328125,2912.0,31.08818348799832
1186,0.3731120228767395,790.5220710784197,0.0,2731.39111328125,2912.0,31.115072474000044
1187,0.3475486934185028,629.7640877589583,0.0,2731.39111328125,2912.0,31.14182135008741
1188,0.7876056432723999,1194.1849197149277,0.0,2731.39111328125,2912.0,31.16857836698182
1189,0.42070358991622925,671.8232283517718,0.0,2731.39111328125,2912.0,31.195397946052253
1190,0.5697618126869202,1453.738640639931,0.0,2731.39111328125,2912.0,31.22253269108478
1191,0.9720050692558289,1472.5918242186308,0.0,2731.39111328125,2912.0,31.24903623899445
1192,1.331254482269287,2309.2953522503376,0.0,2731.39111328125,2912.0,31.27622177405283
1193,0.38742297887802124,573.8476917073131,0.0,2731.39111328125,2912.0,31.303289567003958
1194,0.2036972939968109,404.1494176071137,0.0,2731.39111328125,2912.0,31.330126267042942
1195,0.9928154945373535,1853.5834147632122,0.0,2731.39111328125,2912.0,31.356881843996234
1196,0.7692131996154785,1484.9044539928436,0.0,2731.39111328125,2912.0,31.383727887063287
1197,0.34572649002075195,814.2679803222418,0.0,2731.39111328125,2912.0,31.411582130007446
1198,0.2684271037578583,372.17413951456547,0.0,2731.39111328125,2912.0,31.43879252905026
1199,0.4112730026245117,724.835604056716,0.0,2731.39111328125,2912.0,31.466003917041235
1200,0.19688069820404053,471.55808556452394,0.0,2731.39111328125,2912.0,31.49241093103774
1201,0.3431064784526825,426.3061755821109,0.0,2731.39111328125,2912.0,31.519406210049056
1202,0.6299928426742554,1385.045606032014,0.0,2731.39111328125,2912.0,31.54622206406202
1203,0.2246173620223999,636.2189063988626,0.0,2731.39111328125,2912.0,31.573010844993405
1204,0.1440713107585907,561.743684463203,0.0,2731.39111328125,2912.0,31.599890729994513
1205,0.27286475896835327,412.9508933722973,0.0,2731.39111328125,2912.0,31.62677075807005
1206,0.6225393414497375,1356.9320659190416,0.0,2731.39111328125,2912.0,31.653674042085186
1207,0.3219892978668213,1302.7076806351542,0.0,2731.39111328125,2912.0,31.68059138499666
1208,0.8593113422393799,1867.8922840952873,0.0,2731.39111328125,2912.0,31.707250760984607
1209,0.3904872536659241,710.1397631056607,0.0,2731.39111328125,2912.0,31.734140068059787
1210,0.3856855630874634,663.5547245852649,0.0,2731.39111328125,2912.0,31.76055580098182
1211,0.2731439769268036,442.90905353426933,0.0,2731.39111328125,2912.0,31.787814541021362
1212,0.36113429069519043,599.3714907988906,0.0,2731.39111328125,2912.0,31.81434582208749
1213,0.7933281660079956,992.7737302184105,0.0,2731.39111328125,2912.0,31.841080324025825
1214,0.23409932851791382,580.5201145745814,0.0,2731.39111328125,2912.0,31.867929053027183
1215,0.21526552736759186,377.81384751945734,0.0,2731.39111328125,2912.0,31.89479242300149
1216,1.266374945640564,1645.3382224440575,0.0,2731.39111328125,2912.0,31.921464704093523
1217,0.2755497097969055,745.7559538558125,0.0,2731.39111328125,2912.0,31.948607097030617
1218,0.217941552400589,428.5231749713421,0.0,2731.39111328125,2912.0,31.975449557998218
1219,0.4001156985759735,733.59382802248,0.0,2731.39111328125,2912.0,32.0022635969799
1220,0.2904663681983948,462.39676197618246,0.0,2731.39111328125,2912.0,32.02871463599149
1221,0.16889172792434692,454.8701520487666,0.0,2731.39111328125,2912.0,32.055463816039264
1222,1.1573251485824585,1870.9321494400501,0.0,2731.39111328125,2912.0,32.08229548402596
1223,0.25636518001556396,840.5803806856275,0.0,2731.39111328125,2912.0,32.10916138999164
1224,0.19755436480045319,458.6460716575384,0.0,2731.39111328125,2912.0,32.135660519008525
1225,0.3357883095741272,781.2697042450309,0.0,2731.39111328125,2912.0,32.16244104807265
1226,0.2919660210609436,533.3278930447996,0.0,2731.39111328125,2912.0,32.189628194086254
1227,0.27639830112457275,461.43306285887957,0.0,2731.39111328125,2912.0,32.21652070898563
1228,0.5379472374916077,1085.3624429516494,0.0,2731.39111328125,2912.0,32.24322856601793
1229,0.32077986001968384,834.6688446700573,0.0,2731.39111328125,2912.0,32.26971271901857
1230,0.19677160680294037,298.6393922213465,0.0,2731.39111328125,2912.0,32.29655451409053
1231,0.683800458908081,1284.2782596424222,0.0,2731.39111328125,2912.0,32.3239444490755
1232,0.8874502778053284,1500.9304851591587,0.0,2731.39111328125,2912.0,32.35090915602632
1233,0.28254055976867676,597.7212705314159,0.0,2731.39111328125,2912.0,32.377823284012266
1234,0.3249150216579437,677.5947657302022,0.0,2731.39111328125,2912.0,32.40462485002354
1235,0.41343066096305847,607.2044630907476,0.0,2731.39111328125,2912.0,32.43182013707701
1236,0.31590837240219116,614.6629729233682,0.0,2731.39111328125,2912.0,32.458958806004375
1237,0.3494577705860138,502.41504607349634,0.0,2731.39111328125,2912.0,32.48588033602573
1238,0.3776909410953522,507.4397140406072,0.0,2731.39111328125,2912.0,32.51284899702296
1239,0.37578636407852173,641.884781293571,0.0,2731.39111328125,2912.0,32.539648102014326
1240,0.28333088755607605,449.3887497931719,0.0,2731.39111328125,2912.0,32.56651885609608
1241,0.2957281172275543,232.47115373797715,0.0,2731.39111328125,2912.0,32.5928427510662
1242,0.976920485496521,1233.2351139262319,0.0,2731.39111328125,2912.0,32.61963741609361
1243,0.16351965069770813,436.061090124771,0.0,2731.39111328125,2912.0,32.64646897104103
1244,0.2472822666168213,466.7349512428045,0.0,2731.39111328125,2912.0,32.67326255107764
1245,0.28172358870506287,448.0004993118346,0.0,2731.39111328125,2912.0,32.6996529949829
1246,0.3295457065105438,608.1348523572087,0.0,2731.39111328125,2912.0,32.726369707030244
1247,0.5330893993377686,1203.2762371823192,0.0,2731.39111328125,2912.0,32.753222099039704
1248,0.48346948623657227,1150.1982190832496,0.0,2731.39111328125,2912.0,32.7802253770642
1249,0.18046575784683228,332.6461877245456,0.0,2731.39111328125,2912.0,32.80735851009376
1250,0.5401841402053833,968.5243338346481,0.0,2731.39111328125,2912.0,32.834265772020444
1251,0.3684217035770416,777.7071695327759,0.0,2731.39111328125,2912.0,32.86107887001708
1252,0.3973004221916199,703.4404110312462,0.0,2731.39111328125,2912.0,32.88793538999744
1253,0.1729501187801361,335.0923313256353,0.0,2731.39111328125,2912.0,32.91505732701626
1254,0.3472502827644348,379.76979710161686,0.0,2731.39111328125,2912.0,32.94195166998543
1255,0.5030986666679382,971.7775399759412,0.0,2731.39111328125,2912.0,32.968744022073224
1256,0.2913397550582886,1006.0560486540198,0.0,2731.39111328125,2912.0,32.995583895011805
1257,0.3664965331554413,422.00727426446974,0.0,2731.39111328125,2912.0,33.02255555498414
1258,0.3383072018623352,468.31925274804235,0.0,2731.39111328125,2912.0,33.04907623305917
1259,0.30092179775238037,758.5594430342317,0.0,2731.39111328125,2912.0,33.075471583986655
1260,0.2233770787715912,1668.2904950529337,0.0,2731.39111328125,2912.0,33.101811819011346
1261,0.21039193868637085,326.598686542362,0.0,2731.39111328125,2912.0,33.12866407399997
1262,0.39804312586784363,716.9798244461417,0.0,2731.39111328125,2912.0,33.15590393100865
1263,0.24292480945587158,518.864620892331,0.0,2731.39111328125,2912.0,33.182377845048904
1264,0.26933571696281433,1594.535141505301,0.0,2731.39111328125,2912.0,33.20928992098197
1265,1.3458234071731567,3310.4715374410152,0.0,2731.39111328125,2912.0,33.236254916060716
1266,1.0307024717330933,980.2037055380642,0.0,2731.39111328125,2912.0,33.26329107105266
1267,0.6569133996963501,1293.7082914859056,0.0,2731.39111328125,2912.0,33.29049320903141
1268,0.5827139019966125,2903.74288366735,0.0,2731.39111328125,2912.0,33.31718290806748
1269,0.3720095157623291,827.9550948888063,0.0,2731.39111328125,2912.0,33.34418687701691
1270,0.26618748903274536,583.3059868775308,0.0,2731.39111328125,2912.0,33.37071151298005
1271,0.45369794964790344,1455.505695298314,0.0,2731.39111328125,2912.0,33.397767761023715
1272,0.44370323419570923,981.5001295134425,0.0,2731.39111328125,2912.0,33.4246092219837
1273,0.4290515184402466,1013.1406086832285,0.0,2731.39111328125,2912.0,33.45122433907818
1274,0.39970365166664124,551.3582649417222,0.0,2731.39111328125,2912.0,33.47813394200057
1275,0.5579462647438049,1496.8674522191286,0.0,2731.39111328125,2912.0,33.50461611803621
1276,0.5286320447921753,1097.8489047586918,0.0,2731.39111328125,2912.0,33.53153489809483
1277,1.0049123764038086,1716.7195637822151,0.0,2731.39111328125,2912.0,33.55798830301501
1278,1.1797332763671875,1803.1382655352354,0.0,2731.39111328125,2912.0,33.58495299005881
1279,0.3666635751724243,887.5730255059898,0.0,2731.39111328125,2912.0,33.6119056470925
1280,0.32355451583862305,416.21536184102297,0.0,2731.39111328125,2912.0,33.63876741705462
1281,0.3209350109100342,766.4247784987092,0.0,2731.39111328125,2912.0,33.66569109004922
1282,0.24921897053718567,670.3092061579227,0.0,2731.39111328125,2912.0,33.6925985700218
1283,0.15884943306446075,577.6991280354559,0.0,2731.39111328125,2912.0,33.719506833003834
1284,0.24514396488666534,556.8428155630827,0.0,2731.39111328125,2912.0,33.746490215999074
1285,0.3090612292289734,741.1848160400987,0.0,2731.39111328125,2912.0,33.77343626401853
1286,0.22810006141662598,574.8858034610748,0.0,2731.39111328125,2912.0,33.80086041404866
1287,0.186801016330719,432.42798110097647,0.0,2731.39111328125,2912.0,33.827772958087735
1288,0.6473984718322754,1409.5485145002604,0.0,2731.39111328125,2912.0,33.854709160048515
1289,0.5656347870826721,1062.4542796500027,0.0,2731.39111328125,2912.0,33.882023317040876
1290,0.31418219208717346,921.481378428638,0.0,2731.39111328125,2912.0,33.90906409302261
1291,0.25973746180534363,785.9896096400917,0.0,2731.39111328125,2912.0,33.935976317035966
1292,0.32002902030944824,644.7796872258186,0.0,2731.39111328125,2912.0,33.962514128070325
1293,0.336332768201828,660.5740550085902,0.0,2731.39111328125,2912.0,33.98959360609297
1294,1.1094201803207397,1345.919608592987,0.0,2731.39111328125,2912.0,34.016597053036094
1295,0.3965457081794739,983.6220725625753,0.0,2731.39111328125,2912.0,34.04350501508452
1296,0.40468886494636536,793.4615898728371,0.0,2731.39111328125,2912.0,34.070499246008694
1297,0.4787038266658783,967.2311747446656,0.0,2731.39111328125,2912.0,34.09740650805179
1298,0.20174628496170044,451.4475621767342,0.0,2731.39111328125,2912.0,34.12417326809373
1299,0.2887078523635864,531.4059532694519,0.0,2731.39111328125,2912.0,34.151215160032734
1300,0.30161917209625244,866.8067064061761,0.0,2731.39111328125,2912.0,34.1776630859822
1301,0.7952205538749695,763.833214096725,0.0,2731.39111328125,2912.0,34.20463849103544
1302,0.9430845379829407,1971.3579745590687,0.0,2731.39111328125,2912.0,34.23154050402809
1303,0.24564678966999054,411.656951431185,0.0,2731.39111328125,2912.0,34.25851411302574
1304,0.36658361554145813,565.7628953233361,0.0,2731.39111328125,2912.0,34.28563737007789
1305,0.2082817256450653,456.63011732697487,0.0,2731.39111328125,2912.0,34.31283498601988
1306,0.10057353228330612,229.1482632085681,0.0,2731.39111328125,2912.0,34.33969122800045
1307,0.2958623468875885,361.5407695993781,0.0,2731.39111328125,2912.0,34.366761659039184
1308,0.35629791021347046,390.73198990896344,0.0,2731.39111328125,2912.0,34.393320357077755
1309,0.25753721594810486,355.312142342329,0.0,2731.39111328125,2912.0,34.42021993303206
1310,0.8489421010017395,917.0216831155121,0.0,2731.39111328125,2912.0,34.4471218889812
1311,0.2802044153213501,485.5189484730363,0.0,2731.39111328125,2912.0,34.4740105799865
1312,0.3546864986419678,813.5443505048752,0.0,2731.39111328125,2912.0,34.50088413699996
1313,0.5603412985801697,955.1262049898505,0.0,2731.39111328125,2912.0,34.527359371073544
1314,0.6990473866462708,1185.3668535798788,0.0,2731.39111328125,2912.0,34.554199448088184
1315,0.25809457898139954,527.8507499881089,0.0,2731.39111328125,2912.0,34.580694214091636
1316,0.24198737740516663,386.45703449845314,0.0,2731.39111328125,2912.0,34.60792605904862
1317,0.2491755187511444,487.2374531570822,0.0,2731.39111328125,2912.0,34.634889278095216
1318,0.13608267903327942,404.05421539768577,0.0,2731.39111328125,2912.0,34.66176292602904
1319,0.16756503283977509,207.90988115221262,0.0,2731.39111328125,2912.0,34.68866461107973
1320,0.6647909879684448,785.6738187558949,0.0,2731.39111328125,2912.0,34.71559475501999
1321,0.23509667813777924,611.8083171099424,0.0,2731.39111328125,2912.0,34.74259121099021
1322,0.24352048337459564,265.8156487438828,0.0,2731.39111328125,2912.0,34.76949268300086
1323,0.5782144069671631,1329.2607348710299,0.0,2731.39111328125,2912.0,34.796594136045314
1324,0.26245152950286865,594.9233800768852,0.0,2731.39111328125,2912.0,34.82348057604395
1325,0.43039143085479736,645.4662972278893,0.0,2731.39111328125,2912.0,34.85055770305917
1326,0.509608268737793,1065.8886018767953,0.0,2731.39111328125,2912.0,34.87688826699741
1327,0.24996823072433472,303.3714677449316,0.0,2731.39111328125,2912.0,34.903716298984364
1328,0.2604508101940155,249.9083895087242,0.0,2731.39111328125,2912.0,34.930623363005
1329,0.39031338691711426,697.9469715878367,0.0,2731.39111328125,2912.0,34.957429697038606
1330,0.5010873079299927,743.8186303675175,0.0,2731.39111328125,2912.0,34.98391341906972
1331,0.4081810712814331,562.0532765612006,0.0,2731.39111328125,2912.0,35.01036147901323
1332,0.2753153145313263,443.3216781690717,0.0,2731.39111328125,2912.0,35.03728814807255
1333,0.3253886103630066,295.9845666484907,0.0,2731.39111328125,2912.0,35.06415169406682
1334,0.20015360414981842,388.2720986381173,0.0,2731.39111328125,2912.0,35.09129151399247
1335,0.24315088987350464,366.4894970729947,0.0,2731.39111328125,2912.0,35.11828334501479
1336,0.2344115674495697,296.29418671503663,0.0,2731.39111328125,2912.0,35.145133747020736
1337,0.2726143002510071,381.6564720720053,0.0,2731.39111328125,2912.0,35.17201936303172
1338,0.15359431505203247,322.0366890132427,0.0,2731.39111328125,2912.0,35.19888356607407
1339,0.3063858449459076,479.5693770945072,0.0,2731.39111328125,2912.0,35.225746587035246
1340,0.24003902077674866,360.88133139163256,0.0,2731.39111328125,2912.0,35.25264474598225
1341,0.28221938014030457,384.97031917981803,0.0,2731.39111328125,2912.0,35.27957037801389
1342,0.2870941758155823,463.1974450163543,0.0,2731.39111328125,2912.0,35.30670967698097
1343,0.21470233798027039,195.56491705588996,0.0,2731.39111328125,2912.0,35.33402869803831
1344,0.24653400480747223,241.98012128658593,0.0,2731.39111328125,2912.0,35.36050534900278
1345,0.30139869451522827,466.27292097732425,0.0,2731.39111328125,2912.0,35.386806685011834
1346,0.26608479022979736,516.5598333440721,0.0,2731.39111328125,2912.0,35.41364846902434
1347,0.5553334355354309,991.8624002188444,0.0,2731.39111328125,2912.0,35.44005435600411
1348,0.2090645730495453,239.4974290318787,0.0,2731.39111328125,2912.0,35.46697239601053
1349,0.2397322803735733,477.2864959537983,0.0,2731.39111328125,2912.0,35.49379828409292
1350,0.26580610871315,430.6374113112688,0.0,2731.39111328125,2912.0,35.520735796075314
1351,0.5383877754211426,1002.389398239553,0.0,2731.39111328125,2912.0,35.54751628602389
1352,0.09265482425689697,310.3098545074463,0.0,2731.39111328125,2912.0,35.57467116008047
1353,0.2495676577091217,236.7194154029712,0.0,2731.39111328125,2912.0,35.6015642239945
1354,0.07478658109903336,114.60219469014555,0.0,2731.39111328125,2912.0,35.62836536904797
1355,0.3101043701171875,329.2749035526067,0.0,2731.39111328125,2912.0,35.65520828298759
1356,0.2492823302745819,341.90742554329336,0.0,2731.39111328125,2912.0,35.68208978604525
1357,0.2916547358036041,372.76125096157193,0.0,2731.39111328125,2912.0,35.7090030569816
1358,0.6228518486022949,1015.17060521245,0.0,2731.39111328125,2912.0,35.7358049210161
1359,0.34005677700042725,568.4617474526167,0.0,2731.39111328125,2912.0,35.76226033899002
1360,0.7595791220664978,1002.2674960568547,0.0,2731.39111328125,2912.0,35.78927802608814
1361,0.2612760365009308,549.5750382430851,0.0,2731.39111328125,2912.0,35.81624219403602
1362,0.3450610339641571,1070.6082564033568,0.0,2731.39111328125,2912.0,35.84308859705925
1363,0.35115498304367065,590.6493037194014,0.0,2731.39111328125,2912.0,35.86968024307862
1364,0.8810473680496216,1721.4581452906132,0.0,2731.39111328125,2912.0,35.896530067082494
1365,0.22715064883232117,279.34108912572265,0.0,2731.39111328125,2912.0,35.92344193009194
1366,0.3366488218307495,868.8064531460404,0.0,2731.39111328125,2912.0,35.94979056203738
1367,0.22661817073822021,695.6324789822102,0.0,2731.39111328125,2912.0,35.976717482088134
1368,0.3445962369441986,618.8733759000897,0.0,2731.39111328125,2912.0,36.00361461809371
1369,0.4609711170196533,1057.298809275031,0.0,2731.39111328125,2912.0,36.03029892698396
1370,0.8965457677841187,1216.9488392844796,0.0,2731.39111328125,2912.0,36.05735028604977
1371,0.3617551922798157,822.3455041870475,0.0,2731.39111328125,2912.0,36.08418604207691
1372,0.9236952662467957,1410.5985253602266,0.0,2731.39111328125,2912.0,36.11101089301519
1373,0.2160908579826355,234.88258324190974,0.0,2731.39111328125,2912.0,36.1374660130823
1374,0.30863964557647705,586.5487130768597,0.0,2731.39111328125,2912.0,36.16442539903801
1375,0.3456017076969147,628.8989541269839,0.0,2731.39111328125,2912.0,36.19121847208589
1376,0.1472296416759491,197.12607057206333,0.0,2731.39111328125,2912.0,36.2181346580619
1377,0.27187812328338623,324.0633299164474,0.0,2731.39111328125,2912.0,36.24488754500635
1378,0.21996667981147766,221.0652370546013,0.0,2731.39111328125,2912.0,36.271729045081884
1379,0.38753068447113037,684.3691482581198,0.0,2731.39111328125,2912.0,36.29863930202555
1380,0.221822589635849,555.7990592941642,0.0,2731.39111328125,2912.0,36.32586705207359
1381,0.18616074323654175,369.4580800458789,0.0,2731.39111328125,2912.0,36.35282708099112
1382,0.24309492111206055,324.05751400627196,0.0,2731.39111328125,2912.0,36.37920196005143
1383,0.36805033683776855,458.8646802306175,0.0,2731.39111328125,2912.0,36.40606407402083
1384,0.29481935501098633,510.39115280658007,0.0,2731.39111328125,2912.0,36.432886869995855
1385,0.5888186097145081,1169.2966479212046,0.0,2731.39111328125,2912.0,36.45987737609539
1386,0.13446485996246338,244.93730680830777,0.0,2731.39111328125,2912.0,36.486299801035784
1387,0.35710573196411133,403.4077902082354,0.0,2731.39111328125,2912.0,36.51322946907021
1388,0.09644652903079987,106.96714601153508,0.0,2731.39111328125,2912.0,36.54036759608425
1389,0.2665785253047943,268.78044337779284,0.0,2731.39111328125,2912.0,36.567309509031475
1390,0.5569624900817871,800.678297445178,0.0,2731.39111328125,2912.0,36.594196349033155
1391,0.40993744134902954,695.8390133082867,0.0,2731.39111328125,2912.0,36.621082548983395
1392,0.33629268407821655,564.9233495350927,0.0,2731.39111328125,2912.0,36.647936864057556
1393,0.3289468288421631,521.7830254845321,0.0,2731.39111328125,2912.0,36.674868155037984
1394,0.3233334422111511,372.28540632501245,0.0,2731.39111328125,2912.0,36.701353687094525
1395,0.34649476408958435,774.6900932714343,0.0,2731.39111328125,2912.0,36.7282363550039
1396,0.13034284114837646,232.09264213964343,0.0,2731.39111328125,2912.0,36.75510661606677
1397,0.3795049786567688,617.3712232261896,0.0,2731.39111328125,2912.0,36.78231427306309
1398,0.19998130202293396,225.24912242032588,0.0,2731.39111328125,2912.0,36.809354783035815
1399,0.17303287982940674,156.42408048175275,0.0,2731.39111328125,2912.0,36.83619106106926
1400,0.1849171221256256,273.57807832956314,0.0,2731.39111328125,2912.0,36.86304333002772
1401,0.30234402418136597,322.6095773540437,0.0,2731.39111328125,2912.0,36.88995138800237
1402,1.2349810600280762,2010.1354576349258,0.0,2731.39111328125,2912.0,36.916751393000595
1403,0.14929182827472687,283.2983438447118,0.0,2731.39111328125,2912.0,36.94361259799916
1404,0.3548770844936371,760.4180682376027,0.0,2731.39111328125,2912.0,36.969996082014404
1405,0.1646588146686554,220.8143982468173,0.0,2731.39111328125,2912.0,36.99660777207464
1406,0.2495129406452179,317.3829337619245,0.0,2731.39111328125,2912.0,37.024052966036834
1407,0.24811771512031555,302.82192173041403,0.0,2731.39111328125,2912.0,37.05093328899238
1408,0.3335644006729126,362.9185717962682,0.0,2731.39111328125,2912.0,37.07728727499489
1409,0.3083250820636749,504.71174405142665,0.0,2731.39111328125,2912.0,37.104123046039604
1410,0.5760900378227234,1342.1152146607637,0.0,2731.39111328125,2912.0,37.13089888705872
1411,0.2501522898674011,415.75780929997563,0.0,2731.39111328125,2912.0,37.15729718003422
1412,0.16673147678375244,242.13978817686439,0.0,2731.39111328125,2912.0,37.18364907603245
1413,1.0309171676635742,1630.106377542019,0.0,2731.39111328125,2912.0,37.21042163402308
1414,0.18850108981132507,276.0647394564003,0.0,2731.39111328125,2912.0,37.236814795061946
1415,0.30754488706588745,408.87459525465965,0.0,2731.39111328125,2912.0,37.263962992001325
1416,0.38661494851112366,730.169033870101,0.0,2731.39111328125,2912.0,37.290541667025536
1417,0.2808607518672943,650.065122704953,0.0,2731.39111328125,2912.0,37.317015124019235
1418,0.34059491753578186,907.237170279026,0.0,2731.39111328125,2912.0,37.343851580051705
1419,0.2203119397163391,354.5396956652403,0.0,2731.39111328125,2912.0,37.370233333087526
1420,0.22356408834457397,401.26046134904027,0.0,2731.39111328125,2912.0,37.39697289199103
1421,0.2533925175666809,646.8744148015976,0.0,2731.39111328125,2912.0,37.423370160046034
1422,0.28680145740509033,613.1040768623352,0.0,2731.39111328125,2912.0,37.45017850201111
1423,0.19182080030441284,313.8004857376218,0.0,2731.39111328125,2912.0,37.476989408023655
1424,0.2178507000207901,270.49704193137586,0.0,2731.39111328125,2912.0,37.50421402300708
1425,0.24525022506713867,600.4027115628123,0.0,2731.39111328125,2912.0,37.53099601902068
1426,0.2591123580932617,691.6780335083604,0.0,2731.39111328125,2912.0,37.557879245025106
1427,0.287586510181427,540.6979191973805,0.0,2731.39111328125,2912.0,37.584328875062056
1428,0.18937785923480988,522.6524361148477,0.0,2731.39111328125,2912.0,37.611265357001685
1429,0.2415291666984558,286.55486898496747,0.0,2731.39111328125,2912.0,37.63763657503296
1430,0.23974010348320007,316.6104222983122,0.0,2731.39111328125,2912.0,37.66442861407995
1431,0.2500069737434387,476.06963999569416,0.0,2731.39111328125,2912.0,37.69077843101695
1432,0.14383918046951294,279.7394413165748,0.0,2731.39111328125,2912.0,37.717060224036686
1433,0.38593658804893494,549.8763539269567,0.0,2731.39111328125,2912.0,37.7441253780853
1434,0.9779685735702515,1765.5597172752023,0.0,2731.39111328125,2912.0,37.77107483998407
1435,0.3510335087776184,570.9131493866444,0.0,2731.39111328125,2912.0,37.79802405706141
1436,0.2878984212875366,502.1489581614733,0.0,2731.39111328125,2912.0,37.82458619703539
1437,0.2441481202840805,509.9205357581377,0.0,2731.39111328125,2912.0,37.85138412809465
1438,0.48008084297180176,1034.1266744881868,0.0,2731.39111328125,2912.0,37.87830003700219
1439,0.4313134551048279,683.616683807224,0.0,2731.39111328125,2912.0,37.90467115608044
1440,0.08354789763689041,166.9829654917121,0.0,2731.39111328125,2912.0,37.931585844024085
1441,0.3048868179321289,486.6623055115342,0.0,2731.39111328125,2912.0,37.958484182017855
1442,0.5625278949737549,1269.2687668055296,0.0,2731.39111328125,2912.0,37.98568229598459
1443,0.2294102907180786,360.15619894117117,0.0,2731.39111328125,2912.0,38.01201982202474
1444,0.368679940700531,563.5969841554761,0.0,2731.39111328125,2912.0,38.03882349305786
1445,0.23344138264656067,298.8637271914631,0.0,2731.39111328125,2912.0,38.065674568060786
1446,0.33005473017692566,377.644763706252,0.0,2731.39111328125,2912.0,38.09214197099209
1447,0.2587646245956421,514.0548955388367,0.0,2731.39111328125,2912.0,38.11908156401478
1448,0.47821885347366333,1384.9238720238209,0.0,2731.39111328125,2912.0,38.14594442106318
1449,1.4441757202148438,3139.47486422956,0.0,2731.39111328125,2912.0,38.17282227508258
1450,0.21567873656749725,257.66662984341383,0.0,2731.39111328125,2912.0,38.19975432602223
1451,0.14733624458312988,310.7495672572404,0.0,2731.39111328125,2912.0,38.22682658105623
1452,0.2465870976448059,412.50551076233387,0.0,2731.39111328125,2912.0,38.253751396085136
1453,0.2826477885246277,291.52139187417924,0.0,2731.39111328125,2912.0,38.28052045009099
1454,0.20559179782867432,545.9857070744038,0.0,2731.39111328125,2912.0,38.30758212204091
1455,0.20665130019187927,541.6534755639732,0.0,2731.39111328125,2912.0,38.33460906299297
1456,0.20477703213691711,668.1635732725263,0.0,2731.39111328125,2912.0,38.36145337403286
1457,0.33897149562835693,410.78573086857796,0.0,2731.39111328125,2912.0,38.38787525903899
1458,0.32872095704078674,871.5177424550056,0.0,2731.39111328125,2912.0,38.4146521310322
1459,0.1467445343732834,411.64318574965,0.0,2731.39111328125,2912.0,38.44111760798842
1460,0.257047176361084,342.2207502219826,0.0,2731.39111328125,2912.0,38.46767305699177
1461,1.2685706615447998,2518.04428806901,0.0,2731.39111328125,2912.0,38.49449818301946
1462,0.3443366289138794,791.2161626666784,0.0,2731.39111328125,2912.0,38.521402741083875
1463,0.16915097832679749,423.13357773050666,0.0,2731.39111328125,2912.0,38.54779354308266
1464,0.09702184796333313,461.44680431485176,0.0,2731.39111328125,2912.0,38.57457980699837
1465,0.26317912340164185,670.1950849890709,0.0,2731.39111328125,2912.0,38.60146763105877
1466,0.924803614616394,1567.0865206718445,0.0,2731.39111328125,2912.0,38.627927096094936
1467,0.32664406299591064,428.72911382466555,0.0,2731.39111328125,2912.0,38.65477430506144
1468,0.39378562569618225,1135.1098970770836,0.0,2731.39111328125,2912.0,38.681539762998
1469,0.5311979651451111,1035.0738057792187,0.0,2731.39111328125,2912.0,38.70856497506611
1470,0.888728678226471,1335.7031603120267,0.0,2731.39111328125,2912.0,38.73547247098759
1471,0.3220159113407135,443.5248564686626,0.0,2731.39111328125,2912.0,38.762613905011676
1472,0.47493502497673035,1018.3271706476808,0.0,2731.39111328125,2912.0,38.78992340201512
1473,0.2631440758705139,273.7619167342782,0.0,2731.39111328125,2912.0,38.81704496406019
1474,0.17905393242835999,621.9342713057995,0.0,2731.39111328125,2912.0,38.84589028300252
1475,0.1957225501537323,368.3544320873916,0.0,2731.39111328125,2912.0,38.87274577107746
1476,0.38268932700157166,649.4652277566493,0.0,2731.39111328125,2912.0,38.89939141902141
1477,0.3524245023727417,556.791858818382,0.0,2731.39111328125,2912.0,38.92573938402347
1478,0.2955453097820282,568.042346984148,0.0,2731.39111328125,2912.0,38.95275467005558
1479,0.21064841747283936,347.2332018390298,0.0,2731.39111328125,2912.0,38.97982543101534
1480,0.2683011591434479,470.2324350848794,0.0,2731.39111328125,2912.0,39.00654970004689
1481,0.18462495505809784,456.3213309273124,0.0,2731.39111328125,2912.0,39.03338071901817
1482,0.27968719601631165,619.1529707089067,0.0,2731.39111328125,2912.0,39.060140085057355
1483,0.34888094663619995,524.7409274578094,0.0,2731.39111328125,2912.0,39.08699784008786
1484,0.16922295093536377,188.26531814038754,0.0,2731.39111328125,2912.0,39.113762631081045
1485,0.16703280806541443,319.6415444277227,0.0,2731.39111328125,2912.0,39.140096415998414
1486,0.7115666270256042,1117.5186016336083,0.0,2731.39111328125,2912.0,39.16674828703981
1487,0.9562756419181824,1412.1585791260004,0.0,2731.39111328125,2912.0,39.19375916500576
1488,0.44895699620246887,981.9409039765596,0.0,2731.39111328125,2912.0,39.22048636409454
1489,0.21069076657295227,711.7552138194442,0.0,2731.39111328125,2912.0,39.2471939350944
1490,0.1620967984199524,283.1215111762285,0.0,2731.39111328125,2912.0,39.27408524998464
1491,0.2799859941005707,415.14332208782434,0.0,2731.39111328125,2912.0,39.30113172403071
1492,0.3327447175979614,642.4151232615113,0.0,2731.39111328125,2912.0,39.328101909020916
1493,0.21075189113616943,582.7167626060545,0.0,2731.39111328125,2912.0,39.354869089089334
1494,0.39271309971809387,520.2726592347026,0.0,2731.39111328125,2912.0,39.38171254005283
1495,0.20944155752658844,283.66991693526506,0.0,2731.39111328125,2912.0,39.40803675400093
1496,0.19064028561115265,445.67311711236835,0.0,2731.39111328125,2912.0,39.43501780601218
1497,0.3368464708328247,378.56742449849844,0.0,2731.39111328125,2912.0,39.46141323703341
1498,0.17023032903671265,300.3518400937319,0.0,2731.39111328125,2912.0,39.488154981983826
1499,0.2698216140270233,524.1060302816331,0.0,2731.39111328125,2912.0,39.514953813981265
1500,0.3280411958694458,345.4320821836591,0.0,2731.39111328125,2912.0,39.541263052029535
1501,0.14707332849502563,188.22471241094172,0.0,2731.39111328125,2912.0,39.56820606300607
1502,0.3038857579231262,277.6527351606637,0.0,2731.39111328125,2912.0,39.594532308052294
1503,0.15871447324752808,436.4555684700608,0.0,2731.39111328125,2912.0,39.62131625402253
1504,0.25875288248062134,290.8600771911442,0.0,2731.39111328125,2912.0,39.64800429099705
1505,0.43189606070518494,897.4853440225124,0.0,2731.39111328125,2912.0,39.67462309205439
1506,0.309539794921875,330.9795734193176,0.0,2731.39111328125,2912.0,39.701328160008416
1507,0.22489574551582336,281.72182609140873,0.0,2731.39111328125,2912.0,39.72770633304026
1508,0.5976375341415405,1099.151105541736,0.0,2731.39111328125,2912.0,39.75434787501581
1509,0.16140970587730408,138.2422026656568,0.0,2731.39111328125,2912.0,39.78115608904045
1510,0.28988221287727356,519.9846847802401,0.0,2731.39111328125,2912.0,39.80823269998655
1511,0.2577909231185913,321.30553982406855,0.0,2731.39111328125,2912.0,39.834882138995454
1512,0.5510008335113525,1112.5012858361006,0.0,2731.39111328125,2912.0,39.86182115506381
1513,0.1902214139699936,277.3368621300906,0.0,2731.39111328125,2912.0,39.888700609095395
1514,0.4805212914943695,1400.8647164776921,0.0,2731.39111328125,2912.0,39.91587812802754
1515,0.1781826615333557,242.4984964504838,0.0,2731.39111328125,2912.0,39.942773165996186
1516,0.1710108518600464,211.5028014779091,0.0,2731.39111328125,2912.0,39.96968802600168
1517,0.2833004891872406,490.6323209553957,0.0,2731.39111328125,2912.0,39.996578602003865
1518,0.41930708289146423,517.1445823907852,0.0,2731.39111328125,2912.0,40.02344177500345
1519,0.17309561371803284,288.38699024170637,0.0,2731.39111328125,2912.0,40.050342613016255
1520,0.8016479015350342,1348.963969733566,0.0,2731.39111328125,2912.0,40.07721943408251
1521,0.4101933538913727,914.6176058202982,0.0,2731.39111328125,2912.0,40.104136798065156
1522,0.13402059674263,173.65062056388706,0.0,2731.39111328125,2912.0,40.13063308107667
1523,0.7447687983512878,820.5648289322853,0.0,2731.39111328125,2912.0,40.15773827198427
1524,0.15884844958782196,364.5385011360049,0.0,2731.39111328125,2912.0,40.18462358904071
1525,0.1576213836669922,175.49092581216246,0.0,2731.39111328125,2912.0,40.211491625988856
1526,0.2770078480243683,415.3249364160001,0.0,2731.39111328125,2912.0,40.23824848304503
1527,0.18162010610103607,243.57966780476272,0.0,2731.39111328125,2912.0,40.26520077500027
1528,0.2104768007993698,348.26852951943874,0.0,2731.39111328125,2912.0,40.29212356405333
1529,0.30995869636535645,439.971717402339,0.0,2731.39111328125,2912.0,40.31960657204036
1530,0.1639469414949417,488.5921348184347,0.0,2731.39111328125,2912.0,40.346277584088966
1531,0.2621855139732361,548.001013636589,0.0,2731.39111328125,2912.0,40.37300188606605
1532,0.34669631719589233,536.8334746062756,0.0,2731.39111328125,2912.0,40.40012653206941
1533,0.17678648233413696,381.6415234580636,0.0,2731.39111328125,2912.0,40.42653648508713
1534,0.7777975797653198,1258.916674181819,0.0,2731.39111328125,2912.0,40.45336155500263
1535,0.14880433678627014,315.7540806848556,0.0,2731.39111328125,2912.0,40.479785726056434
1536,0.14985190331935883,350.16388313658535,0.0,2731.39111328125,2912.0,40.50656378502026
1537,0.3575172424316406,705.9018670842052,0.0,2731.39111328125,2912.0,40.53333006903995
1538,0.2020433247089386,357.4770944043994,0.0,2731.39111328125,2912.0,40.56015009107068
1539,0.2906244993209839,532.4937821514904,0.0,2731.39111328125,2912.0,40.58694487600587
1540,0.19806773960590363,168.59811914153397,0.0,2731.39111328125,2912.0,40.613696872023866
1541,0.2599915564060211,408.70161801204085,0.0,2731.39111328125,2912.0,40.64029476605356
1542,0.36450302600860596,748.5347969532013,0.0,2731.39111328125,2912.0,40.66699956008233
1543,0.2871265113353729,425.3436231985688,0.0,2731.39111328125,2912.0,40.69382439402398
1544,0.31533879041671753,1062.1943861618638,0.0,2731.39111328125,2912.0,40.720693922019564
1545,0.20311424136161804,307.2167181149125,0.0,2731.39111328125,2912.0,40.74749249604065
1546,0.7587007284164429,1067.7411864846945,0.0,2731.39111328125,2912.0,40.774232388008386
1547,0.24777784943580627,400.86989913508296,0.0,2731.39111328125,2912.0,40.80120548105333
1548,0.23022107779979706,645.5773063749075,0.0,2731.39111328125,2912.0,40.828139610006474
1549,0.4913448095321655,1609.7348562031984,0.0,2731.39111328125,2912.0,40.85488558199722
1550,0.19433219730854034,438.6092683747411,0.0,2731.39111328125,2912.0,40.88183976104483
1551,0.25254878401756287,517.3098980560899,0.0,2731.39111328125,2912.0,40.90822169405874
1552,0.7364727258682251,1300.6714315339923,0.0,2731.39111328125,2912.0,40.93445436004549
1553,0.1565198302268982,127.51748094335198,0.0,2731.39111328125,2912.0,40.960735465982
1554,0.2202310860157013,744.1826864108443,0.0,2731.39111328125,2912.0,40.987430787063204
1555,0.171701118350029,304.5849762875587,0.0,2731.39111328125,2912.0,41.01430172403343
1556,0.5845175385475159,1407.2461987808347,0.0,2731.39111328125,2912.0,41.04101344302762
1557,0.3006380498409271,489.75316151604056,0.0,2731.39111328125,2912.0,41.067783468053676
1558,0.15407758951187134,189.70707652531564,0.0,2731.39111328125,2912.0,41.09461493999697
1559,0.26846569776535034,672.4674575328827,0.0,2731.39111328125,2912.0,41.12173111503944
1560,0.33801931142807007,975.8998238518834,0.0,2731.39111328125,2912.0,41.1485413670307
1561,0.17911498248577118,466.25681955739856,0.0,2731.39111328125,2912.0,41.175284935045056
1562,0.35246747732162476,572.3081140071154,0.0,2731.39111328125,2912.0,41.20213938609231
1563,0.17681185901165009,315.49091398343444,0.0,2731.39111328125,2912.0,41.228882708004676
1564,0.31532055139541626,477.3127183355391,0.0,2731.39111328125,2912.0,41.25568934099283
1565,0.6564958095550537,1464.9197328984737,0.0,2731.39111328125,2912.0,41.28247994801495
1566,0.3077930212020874,599.687302775681,0.0,2731.39111328125,2912.0,41.30945341498591
1567,0.31146711111068726,486.91921822726727,0.0,2731.39111328125,2912.0,41.33634583000094
1568,0.5054292678833008,1191.0749379694462,0.0,2731.39111328125,2912.0,41.363296920084395
1569,0.27877533435821533,437.1923459842801,0.0,2731.39111328125,2912.0,41.38958930503577
1570,0.3019064962863922,338.8036889769137,0.0,2731.39111328125,2912.0,41.416379232076
1571,0.26983335614204407,402.26885797455907,0.0,2731.39111328125,2912.0,41.44310871709604
1572,0.29002001881599426,632.8618799969554,0.0,2731.39111328125,2912.0,41.46994043304585
1573,0.2972761392593384,463.2504051402211,0.0,2731.39111328125,2912.0,41.4968600490829
1574,0.23589953780174255,567.0053233802319,0.0,2731.39111328125,2912.0,41.52358024008572
1575,0.2596258819103241,475.47398658283055,0.0,2731.39111328125,2912.0,41.55036840599496
1576,0.5908226370811462,1303.40048468858,0.0,2731.39111328125,2912.0,41.57705456309486
1577,0.20803453028202057,326.0014246106148,0.0,2731.39111328125,2912.0,41.60416353400797
1578,0.16235117614269257,343.5667578149587,0.0,2731.39111328125,2912.0,41.630970402038656
1579,0.16068406403064728,485.1978851482272,0.0,2731.39111328125,2912.0,41.65776237100363
1580,0.3224095106124878,544.6296998038888,0.0,2731.39111328125,2912.0,41.68457364698406
1581,0.24705861508846283,272.1073701530695,0.0,2731.39111328125,2912.0,41.71136577008292
1582,0.35535672307014465,788.0243925899267,0.0,2731.39111328125,2912.0,41.73810809501447
1583,0.25402170419692993,467.4120713919401,0.0,2731.39111328125,2912.0,41.76486823009327
1584,0.211323544383049,194.52545933239162,0.0,2731.39111328125,2912.0,41.791215209057555
1585,0.6786066293716431,1408.0427421927452,0.0,2731.39111328125,2912.0,41.81822976004332
1586,0.26951199769973755,477.2449301853776,0.0,2731.39111328125,2912.0,41.845372803043574
1587,0.32726311683654785,785.2639852315187,0.0,2731.39111328125,2912.0,41.872190961032175
1588,0.14600929617881775,306.4258858114481,0.0,2731.39111328125,2912.0,41.898895119084045
1589,0.2790195345878601,324.8928133081645,0.0,2731.39111328125,2912.0,41.92568433401175
1590,0.283776193857193,360.7419338580221,0.0,2731.39111328125,2912.0,41.95246775005944
1591,0.4784899055957794,907.9343272075057,0.0,2731.39111328125,2912.0,41.97912037803326
1592,0.5315273404121399,1041.1070168614388,0.0,2731.39111328125,2912.0,42.00585095002316
1593,0.32204723358154297,496.7163259126246,0.0,2731.39111328125,2912.0,42.03219453908969
1594,0.4403509199619293,620.6559056825936,0.0,2731.39111328125,2912.0,42.05888048408087
1595,0.29992246627807617,340.0589180365205,0.0,2731.39111328125,2912.0,42.08590858406387
1596,0.5680476427078247,922.865701213479,0.0,2731.39111328125,2912.0,42.11256928707007
1597,0.28266412019729614,737.1913777403533,0.0,2731.39111328125,2912.0,42.13929508405272
1598,0.08788815885782242,156.67258002702147,0.0,2731.39111328125,2912.0,42.166160559048876
1599,0.2857602536678314,672.5129742026329,0.0,2731.39111328125,2912.0,42.19291250198148
1600,0.30917081236839294,362.413712926209,0.0,2731.39111328125,2912.0,42.21922196308151
1601,0.46357566118240356,954.662299618125,0.0,2731.39111328125,2912.0,42.24567619408481
1602,0.22712677717208862,432.3032153658569,0.0,2731.39111328125,2912.0,42.272036020993255
1603,0.15927854180335999,188.22950902581215,0.0,2731.39111328125,2912.0,42.29886396601796
1604,0.6553329229354858,807.7332273796201,0.0,2731.39111328125,2912.0,42.32629349606577
1605,0.24943341314792633,377.8134445156902,0.0,2731.39111328125,2912.0,42.35277702601161
1606,0.27841895818710327,387.6372938863933,0.0,2731.39111328125,2912.0,42.37907055905089
1607,0.3340984582901001,472.0599703229964,0.0,2731.39111328125,2912.0,42.40592574898619
1608,0.2316986322402954,504.36416606605053,0.0,2731.39111328125,2912.0,42.43239001207985
1609,0.3037956953048706,620.5598383843899,0.0,2731.39111328125,2912.0,42.459299124078825
1610,0.25593170523643494,481.0360169187188,0.0,2731.39111328125,2912.0,42.486088513047434
1611,0.23414736986160278,297.5078793801367,0.0,2731.39111328125,2912.0,42.51304167509079
1612,0.20586124062538147,478.44007939845324,0.0,2731.39111328125,2912.0,42.53991575201508
1613,0.240455761551857,381.3608271405101,0.0,2731.39111328125,2912.0,42.56708754703868
1614,0.2359517514705658,946.339357867837,0.0,2731.39111328125,2912.0,42.59396185702644
1615,0.15131527185440063,347.90956567041576,0.0,2731.39111328125,2912.0,42.62080524303019
1616,0.5678187608718872,1849.7280311137438,0.0,2731.39111328125,2912.0,42.64722880406771
1617,0.27948296070098877,693.043805912137,0.0,2731.39111328125,2912.0,42.673964699031785
1618,0.3640809655189514,610.0855549909174,0.0,2731.39111328125,2912.0,42.700761151034385
1619,0.2041318267583847,361.5099487043917,0.0,2731.39111328125,2912.0,42.72770680708345
1620,0.08701814711093903,181.1618774868548,0.0,2731.39111328125,2912.0,42.75457003398333
1621,0.4140205383300781,623.46990217641,0.0,2731.39111328125,2912.0,42.78135533607565
1622,0.441862553358078,1150.4081075191498,0.0,2731.39111328125,2912.0,42.808157976018265
1623,0.33694738149642944,572.9911422170699,0.0,2731.39111328125,2912.0,42.8351483939914
1624,0.3177706003189087,296.1581803187728,0.0,2731.39111328125,2912.0,42.86188382608816
1625,0.3949550986289978,972.940970428288,0.0,2731.39111328125,2912.0,42.888680634088814
1626,0.3751053214073181,433.6975927930325,0.0,2731.39111328125,2912.0,42.91547884501051
1627,0.3103439211845398,364.6621378622949,0.0,2731.39111328125,2912.0,42.9423514920054
1628,0.29572591185569763,501.09830520674586,0.0,2731.39111328125,2912.0,42.96879735600669
1629,0.2448004186153412,423.89767714589834,0.0,2731.39111328125,2912.0,42.99504785204772
1630,0.18632042407989502,194.3230660893023,0.0,2731.39111328125,2912.0,43.02186453505419
1631,0.2141369879245758,521.8949376232922,0.0,2731.39111328125,2912.0,43.04888978402596
1632,0.26658183336257935,373.9431624226272,0.0,2731.39111328125,2912.0,43.075197058031335
1633,0.47758620977401733,874.1331754624844,0.0,2731.39111328125,2912.0,43.10206271300558
1634,0.3541991412639618,713.440951012075,0.0,2731.39111328125,2912.0,43.12897218903527
1635,0.33810439705848694,695.0656543970108,0.0,2731.39111328125,2912.0,43.155852511990815
1636,0.09971003234386444,585.415991615504,0.0,2731.39111328125,2912.0,43.182748096995056
1637,0.30997899174690247,605.8521381989121,0.0,2731.39111328125,2912.0,43.20966666203458
1638,0.43047112226486206,735.1980671212077,0.0,2731.39111328125,2912.0,43.236566213076
1639,0.2854759693145752,212.87985924445093,0.0,2731.39111328125,2912.0,43.263407530030236
1640,0.3128892183303833,372.6053468603641,0.0,2731.39111328125,2912.0,43.29065880808048
1641,0.3320079743862152,301.7808462306857,0.0,2731.39111328125,2912.0,43.31845295999665
1642,0.5933542251586914,599.1320350468159,0.0,2731.39111328125,2912.0,43.34541074302979
1643,0.21634478867053986,277.0897337682545,0.0,2731.39111328125,2912.0,43.37218105804641
1644,0.6320261359214783,1111.102693028748,0.0,2731.39111328125,2912.0,43.3990553059848
1645,0.30180466175079346,613.08649405092,0.0,2731.39111328125,2912.0,43.425944279064424
1646,0.39756712317466736,741.5780772566795,0.0,2731.39111328125,2912.0,43.45276742998976
1647,0.217251718044281,254.69593475479633,0.0,2731.39111328125,2912.0,43.479199009016156
1648,0.13090045750141144,433.0014827735722,0.0,2731.39111328125,2912.0,43.50552424509078
1649,0.2849166989326477,504.9418766014278,0.0,2731.39111328125,2912.0,43.53270243003499
1650,0.1519271433353424,220.2086169514805,0.0,2731.39111328125,2912.0,43.559510724036954
1651,0.36165982484817505,808.7666053846478,0.0,2731.39111328125,2912.0,43.58634275000077
1652,0.2858297824859619,223.606900729239,0.0,2731.39111328125,2912.0,43.612829862046055
1653,0.3572550415992737,514.4621447268873,0.0,2731.39111328125,2912.0,43.63955144700594
1654,0.2552533447742462,359.6353269610554,0.0,2731.39111328125,2912.0,43.66595357109327
1655,0.268277108669281,574.6250166147947,0.0,2731.39111328125,2912.0,43.69280788698234
1656,0.5433838367462158,1458.1160957068205,0.0,2731.39111328125,2912.0,43.71924322505947
1657,0.2961849570274353,364.62572081387043,0.0,2731.39111328125,2912.0,43.74550444900524
1658,0.2431483119726181,307.8824796564877,0.0,2731.39111328125,2912.0,43.77254468505271
1659,0.39866986870765686,725.0572105459869,0.0,2731.39111328125,2912.0,43.79927892098203
1660,0.16548313200473785,200.7585556898266,0.0,2731.39111328125,2912.0,43.826306996983476
1661,0.26747727394104004,364.0156679973006,0.0,2731.39111328125,2912.0,43.85312833101489
1662,0.1913641095161438,225.19741043727845,0.0,2731.39111328125,2912.0,43.87952077505179
1663,0.24907588958740234,319.3881454700604,0.0,2731.39111328125,2912.0,43.90627360204235
1664,0.21531562507152557,403.8052347898483,0.0,2731.39111328125,2912.0,43.932815161999315
1665,0.21143943071365356,321.875287771225,0.0,2731.39111328125,2912.0,43.959545238059945
1666,0.32331299781799316,453.6368534080684,0.0,2731.39111328125,2912.0,43.9862032760866
1667,0.6393339037895203,1479.0714142769575,0.0,2731.39111328125,2912.0,44.01334140007384
1668,0.1836456060409546,291.8411799110472,0.0,2732.30712890625,2912.0,44.04008296900429
1669,0.18656711280345917,263.5771423429251,0.0,2732.38720703125,2912.0,44.066801615059376
1670,0.3528228998184204,671.6666580177844,0.0,2732.38720703125,2912.0,44.09355565602891
1671,0.2579411268234253,761.018503010273,0.0,2732.38720703125,2912.0,44.11987386504188
1672,0.5626273155212402,1067.9841303303838,0.0,2732.38720703125,2912.0,44.14667405805085
1673,0.2861693501472473,552.919772669673,0.0,2732.38720703125,2912.0,44.17311008099932
1674,0.2875809669494629,269.91646708361804,0.0,2732.38720703125,2912.0,44.19993981800508
1675,0.30651748180389404,475.43980053812265,0.0,2732.38720703125,2912.0,44.226774031994864
1676,0.12977680563926697,486.2747143432498,0.0,2732.38720703125,2912.0,44.25388199707959
1677,0.25568774342536926,360.41122273914516,0.0,2732.38720703125,2912.0,44.280667893006466
1678,0.4245932698249817,831.2928151488304,0.0,2732.38720703125,2912.0,44.307585570029914
1679,0.18034328520298004,258.02729907259345,0.0,2732.38720703125,2912.0,44.335137360030785
1680,0.25286146998405457,453.4712050911039,0.0,2732.38720703125,2912.0,44.36189826100599
1681,0.17747318744659424,408.5524278320372,0.0,2732.38720703125,2912.0,44.38833940203767
1682,0.3407233655452728,417.6281855870038,0.0,2732.38720703125,2912.0,44.4147308759857
1683,0.08995064347982407,216.02324633300304,0.0,2732.38720703125,2912.0,44.441444181022234
1684,0.22355589270591736,365.1051298137754,0.0,2732.38720703125,2912.0,44.46799157804344
1685,0.23047974705696106,307.1324644982815,0.0,2732.38720703125,2912.0,44.49514724104665
1686,0.3810388147830963,892.2549386173487,0.0,2732.38720703125,2912.0,44.52182777307462
1687,0.29223936796188354,564.8719510212541,0.0,2732.38720703125,2912.0,44.548655622056685
1688,0.12952160835266113,444.49151153862476,0.0,2732.38720703125,2912.0,44.57543013303075
1689,0.26932016015052795,308.63646369054914,0.0,2732.38720703125,2912.0,44.60216126602609
1690,0.431583046913147,779.3068595044315,0.0,2732.38720703125,2912.0,44.628930011997
1691,0.28975653648376465,289.613782517612,0.0,2732.38720703125,2912.0,44.655723064090125
1692,0.22802767157554626,425.8371071126312,0.0,2732.38720703125,2912.0,44.68248728301842
1693,0.241291806101799,517.1023670509458,0.0,2732.38720703125,2912.0,44.708838929072954
1694,0.169928640127182,153.77962720859796,0.0,2732.38720703125,2912.0,44.73591360705905
1695,0.2516403794288635,282.85305693000555,0.0,2732.38720703125,2912.0,44.76283684303053
1696,0.32743680477142334,823.9208081737161,0.0,2732.38720703125,2912.0,44.789636704022996
1697,0.2880977392196655,839.1778278052807,0.0,2732.38720703125,2912.0,44.81662877299823
1698,0.25575390458106995,529.3564997091889,0.0,2732.38720703125,2912.0,44.8432128370041
1699,0.06522087007761002,377.7229700013995,0.0,2732.38720703125,2912.0,44.87006846105214
1700,0.22133933007717133,243.7992578810081,0.0,2732.38720703125,2912.0,44.897081158007495
1701,0.38530826568603516,988.7686464861035,0.0,2732.38720703125,2912.0,44.923951792065054
1702,0.3183525800704956,569.2799905017018,0.0,2732.38720703125,2912.0,44.950389870093204
1703,0.5342395305633545,847.6596703901887,0.0,2732.38720703125,2912.0,44.977507879026234
1704,0.23321038484573364,328.7550597060472,0.0,2732.38720703125,2912.0,45.00435433606617
1705,0.5484119057655334,1214.2113684341311,0.0,2732.38720703125,2912.0,45.03118536504917
1706,0.2376314252614975,830.1912829875946,0.0,2732.38720703125,2912.0,45.05796167405788
1707,0.12961435317993164,752.317399546504,0.0,2732.38720703125,2912.0,45.08479359198827
1708,0.1874174028635025,1469.3749951720238,0.0,2732.38720703125,2912.0,45.11157698300667
1709,0.33558225631713867,604.7718687802553,0.0,2732.38720703125,2912.0,45.13832290901337
1710,0.2532885670661926,314.2999288998544,0.0,2732.38720703125,2912.0,45.164740969077684
1711,0.2840461730957031,721.4953722059727,0.0,2732.38720703125,2912.0,45.19138799107168
1712,0.36405545473098755,1338.3707491755486,0.0,2732.38720703125,2912.0,45.21855473401956
1713,0.22387945652008057,387.3211966343224,0.0,2732.38720703125,2912.0,45.245285390061326
1714,0.30145329236984253,310.702729659155,0.0,2732.38720703125,2912.0,45.2717292670859
1715,0.21475467085838318,560.898655205965,0.0,2732.38720703125,2912.0,45.29856497608125
1716,0.27720189094543457,362.15512727946043,0.0,2732.38720703125,2912.0,45.32526437798515
1717,0.21779201924800873,425.59597082808614,0.0,2732.38720703125,2912.0,45.35173011908773
1718,0.33491748571395874,545.1013750433922,0.0,2732.38720703125,2912.0,45.378564957063645
1719,0.2508934736251831,337.4272192120552,0.0,2732.38720703125,2912.0,45.40543741302099
1720,0.21953706443309784,532.8194300606847,0.0,2732.38720703125,2912.0,45.43185908708256
1721,0.25833606719970703,577.2251256741583,0.0,2732.38720703125,2912.0,45.45886796305422
1722,0.4773120880126953,1268.9247265681624,0.0,2732.38720703125,2912.0,45.48527745506726
1723,0.2522975504398346,344.4416388757527,0.0,2732.38720703125,2912.0,45.51233888603747
1724,0.46812477707862854,1595.5009554177523,0.0,2732.38720703125,2912.0,45.539183198008686
1725,0.3784795105457306,1336.8341322615743,0.0,2732.38720703125,2912.0,45.56551694008522
1726,0.24930866062641144,343.8972153775394,0.0,2732.38720703125,2912.0,45.59174687904306
1727,0.28655120730400085,588.4580391012132,0.0,2732.38720703125,2912.0,45.61865029903129
1728,0.34948498010635376,606.3025234155357,0.0,2732.38720703125,2912.0,45.64503035903908
1729,0.28744181990623474,452.44231044501066,0.0,2732.38720703125,2912.0,45.67175037204288
1730,0.40103083848953247,721.8967267051339,0.0,2732.38720703125,2912.0,45.69879110099282
1731,0.29299452900886536,636.7497461028397,0.0,2732.38720703125,2912.0,45.72556778299622
1732,0.41662976145744324,1108.469420991838,0.0,2732.38720703125,2912.0,45.75233239098452
1733,0.22854363918304443,531.9846668746322,0.0,2732.38720703125,2912.0,45.77868872007821
1734,0.24890097975730896,827.295135974884,0.0,2732.38720703125,2912.0,45.80536319804378
1735,0.2449985146522522,338.28710521012545,0.0,2732.38720703125,2912.0,45.8324969020905
1736,0.2865279018878937,648.3165060058236,0.0,2732.38720703125,2912.0,45.85943103407044
1737,0.24763061106204987,538.3051090855151,0.0,2732.38720703125,2912.0,45.88581357104704
1738,0.3563683331012726,808.661303974688,0.0,2732.38720703125,2912.0,45.912200930994004
1739,0.2413305938243866,553.5016620494425,0.0,2732.38720703125,2912.0,45.939373280038126
1740,0.26214930415153503,445.7822201102972,0.0,2732.38720703125,2912.0,45.96621067507658
1741,0.23787622153759003,481.81285435706377,0.0,2732.38720703125,2912.0,45.993080992018804
1742,0.45929378271102905,580.7955292314291,0.0,2732.38720703125,2912.0,46.019866795046255
1743,0.3278712034225464,520.3223019465804,0.0,2732.38720703125,2912.0,46.046583711053245
1744,0.5092198848724365,1160.5773467384279,0.0,2732.38720703125,2912.0,46.07331221399363
1745,0.3312753140926361,567.7027299031615,0.0,2732.38720703125,2912.0,46.10013819800224
1746,0.21481284499168396,348.6698832884431,0.0,2732.38720703125,2912.0,46.12655452999752
1747,0.34134504199028015,1047.550126478076,0.0,2732.38720703125,2912.0,46.15330225706566
1748,0.1880110651254654,795.6989249363542,0.0,2732.38720703125,2912.0,46.18040190904867
1749,0.530433177947998,941.592352874577,0.0,2732.38720703125,2912.0,46.207114099059254
1750,0.35028791427612305,665.4635429754853,0.0,2732.38720703125,2912.0,46.233886956004426
1751,0.207189679145813,937.7894005291164,0.0,2732.38720703125,2912.0,46.26087649608962
1752,0.28024783730506897,537.5693073794246,0.0,2732.38720703125,2912.0,46.28732551902067
1753,0.26672983169555664,444.102326720953,0.0,2732.38720703125,2912.0,46.31405292102136
1754,0.3216555714607239,488.69547832012177,0.0,2732.38720703125,2912.0,46.34078216506168
1755,0.26795852184295654,607.6104987226427,0.0,2732.38720703125,2912.0,46.36773994599935
1756,0.31520795822143555,435.8520188778639,0.0,2732.38720703125,2912.0,46.39463336404879
1757,0.5477249622344971,1175.50307033211,0.0,2732.38720703125,2912.0,46.4214003860252
1758,0.2624465823173523,664.234290279448,0.0,2732.38720703125,2912.0,46.44780371908564
1759,0.15431711077690125,338.17887111380696,0.0,2732.38720703125,2912.0,46.474640710046515
1760,0.4129437804222107,525.274715103209,0.0,2732.38720703125,2912.0,46.501536834053695
1761,0.18474310636520386,347.132849983871,0.0,2732.38720703125,2912.0,46.528470929013565
1762,0.08371315896511078,343.95062528178096,0.0,2732.38720703125,2912.0,46.55493457999546
1763,0.20382648706436157,226.94310665503144,0.0,2732.38720703125,2912.0,46.581845186068676
1764,0.13713423907756805,284.0901493355632,0.0,2732.38720703125,2912.0,46.60869382706005
1765,0.3410171866416931,319.2324439063668,0.0,2732.38720703125,2912.0,46.63548052404076
1766,0.4329681396484375,530.5097384043038,0.0,2732.38720703125,2912.0,46.662650816026144
1767,0.19483153522014618,702.0192983299494,0.0,2732.38720703125,2912.0,46.68916106899269
1768,0.24416197836399078,320.33863016963005,0.0,2732.38720703125,2912.0,46.71550608007237
1769,0.2962534427642822,690.3335103467107,0.0,2732.38720703125,2912.0,46.7423491460504
1770,0.24559801816940308,511.42391704022884,0.0,2732.38720703125,2912.0,46.76907503907569
1771,0.14860899746418,249.0666068047285,0.0,2732.38720703125,2912.0,46.79581764305476
1772,0.08600238710641861,148.64631589129567,0.0,2732.38720703125,2912.0,46.82279196404852
1773,0.15080362558364868,250.5462778992951,0.0,2732.38720703125,2912.0,46.849767979001626
1774,0.30388033390045166,610.1293698251247,0.0,2732.38720703125,2912.0,46.87666380603332
1775,0.20613467693328857,345.9080808274448,0.0,2732.38720703125,2912.0,46.90345150104258
1776,0.2506840229034424,440.461940754205,0.0,2732.38720703125,2912.0,46.930279040010646
1777,0.18525861203670502,192.99954397045076,0.0,2732.38720703125,2912.0,46.95706072601024
1778,0.3307849168777466,620.1376792564988,0.0,2732.38720703125,2912.0,46.983837818028405
1779,0.23652520775794983,523.0332767218351,0.0,2732.38720703125,2912.0,47.01080153603107
1780,0.33303457498550415,718.1056276354939,0.0,2732.38720703125,2912.0,47.0375131390756
1781,0.2876394987106323,471.2940621301532,0.0,2732.38720703125,2912.0,47.06418803404085
1782,0.24681085348129272,364.5393036864698,0.0,2732.38720703125,2912.0,47.09090308600571
1783,0.4087698459625244,810.8308208286762,0.0,2732.38720703125,2912.0,47.117579796002246
1784,0.3699425458908081,503.70689206942916,0.0,2732.38720703125,2912.0,47.14457690902054
1785,0.43587660789489746,776.5515838824213,0.0,2732.38720703125,2912.0,47.17127455107402
1786,0.23459281027317047,631.8905741721392,0.0,2732.38720703125,2912.0,47.19803765998222
1787,0.16879086196422577,257.25613482575864,0.0,2732.38720703125,2912.0,47.22489658498671
1788,0.424538791179657,691.254261881113,0.0,2732.38720703125,2912.0,47.25166037399322
1789,0.24041123688220978,446.6357781589031,0.0,2732.38720703125,2912.0,47.278059971984476
1790,0.29375553131103516,368.1106240749359,0.0,2732.38720703125,2912.0,47.3043501470238
1791,0.2323814183473587,460.3772197291255,0.0,2732.38720703125,2912.0,47.33079298399389
1792,0.20020350813865662,413.942659214139,0.0,2732.38720703125,2912.0,47.35765716608148
1793,0.2752385139465332,432.2627081312239,0.0,2732.38720703125,2912.0,47.384832062991336
1794,0.13793927431106567,368.36769112572074,0.0,2732.38720703125,2912.0,47.4113065530546
1795,0.4110366702079773,860.7976354584098,0.0,2732.38720703125,2912.0,47.43814969109371
1796,0.33083266019821167,959.7118217870593,0.0,2732.38720703125,2912.0,47.46506414702162
1797,0.25979799032211304,258.59312884137034,0.0,2732.38720703125,2912.0,47.491961703053676
1798,0.29266154766082764,215.2227491568774,0.0,2732.38720703125,2912.0,47.51865332399029
1799,0.30603426694869995,417.3414442650974,0.0,2732.38720703125,2912.0,47.54545842402149
1800,0.07485699653625488,109.99440206587315,0.0,2732.38720703125,2912.0,47.57230069709476
1801,0.2698208689689636,556.7890916280448,0.0,2732.38720703125,2912.0,47.59928488207515
1802,0.21902994811534882,383.9502043072134,0.0,2732.38720703125,2912.0,47.626521666999906
1803,0.22421783208847046,179.84445994906127,0.0,2732.38720703125,2912.0,47.65352061600424
1804,0.2744866907596588,506.1144297719002,0.0,2732.38720703125,2912.0,47.68035682104528
1805,0.12708395719528198,252.5742383338511,0.0,2732.38720703125,2912.0,47.706936351023614
1806,0.293218195438385,481.13229747489095,0.0,2732.38720703125,2912.0,47.73335966398008
1807,0.2736947238445282,490.37937105074525,0.0,2732.38720703125,2912.0,47.760198418051004
1808,0.15972180664539337,339.6309843659401,0.0,2732.38720703125,2912.0,47.7871378910495
1809,0.24583429098129272,288.40694431215525,0.0,2732.38720703125,2912.0,47.81398858304601
1810,0.2807345986366272,433.1512033082545,0.0,2732.38720703125,2912.0,47.84116517007351
1811,0.2867855727672577,518.6099392548203,0.0,2732.38720703125,2912.0,47.868436116026714
1812,0.26536673307418823,382.79334707930684,0.0,2732.38720703125,2912.0,47.89489082607906
1813,0.16780121624469757,391.59636425971985,0.0,2732.38720703125,2912.0,47.921229877043515
1814,0.2551538646221161,176.36787392105907,0.0,2732.38720703125,2912.0,47.9480660300469
1815,0.1904837191104889,409.9052978977561,0.0,2732.38720703125,2912.0,47.97504659101833
1816,0.187843918800354,395.105198264122,0.0,2732.38720703125,2912.0,48.00193669402506
1817,0.21505194902420044,244.3259592819959,0.0,2732.38720703125,2912.0,48.02845385402907
1818,0.2160717248916626,362.31744142994285,0.0,2732.38720703125,2912.0,48.05528783798218
1819,0.1437404751777649,318.10378225520253,0.0,2732.38720703125,2912.0,48.08170207508374
1820,0.4652528464794159,980.8280777409673,0.0,2732.38720703125,2912.0,48.108835228020325
1821,0.4414476752281189,753.5794267505407,0.0,2732.38720703125,2912.0,48.13564774102997
1822,0.1972765475511551,271.87369207292795,0.0,2732.38720703125,2912.0,48.16286908404436
1823,0.15487530827522278,249.6923587322235,0.0,2732.38720703125,2912.0,48.18973588407971
1824,0.4188677668571472,693.8599970713258,0.0,2732.38720703125,2912.0,48.21650503401179
1825,0.2779608368873596,232.75111275538802,0.0,2732.38720703125,2912.0,48.24296844203491
1826,0.24250560998916626,404.8820762746036,0.0,2732.38720703125,2912.0,48.269733468070626
1827,0.3526037335395813,608.7492949962616,0.0,2732.38720703125,2912.0,48.296165776089765
1828,0.25587111711502075,267.1254173517227,0.0,2732.38720703125,2912.0,48.323517963057384
1829,0.4761292636394501,838.3436089381576,0.0,2732.38720703125,2912.0,48.35063019802328
1830,0.2836264371871948,543.1713902279735,0.0,2732.38720703125,2912.0,48.3773772000568
1831,0.2889745235443115,349.542304251343,0.0,2732.38720703125,2912.0,48.4042663150467
1832,0.15241339802742004,163.4819254251197,0.0,2732.38720703125,2912.0,48.43093502800912
1833,0.20025567710399628,458.7017276287079,0.0,2732.38720703125,2912.0,48.457407277077436
1834,0.415354460477829,618.8966936003417,0.0,2732.38720703125,2912.0,48.4836680830922
1835,0.25361311435699463,406.8985342681408,0.0,2732.38720703125,2912.0,48.5099030790152
1836,0.2344641536474228,424.54198579117656,0.0,2732.38720703125,2912.0,48.536525439005345
1837,0.29109400510787964,243.228004058823,0.0,2732.38720703125,2912.0,48.56280021299608
1838,0.20362049341201782,234.50104728154838,0.0,2732.38720703125,2912.0,48.589326185989194
1839,0.28353869915008545,406.202575519681,0.0,2732.38720703125,2912.0,48.61610993905924
1840,0.33870387077331543,451.0750589314848,0.0,2732.38720703125,2912.0,48.642454165033996
1841,0.1381959468126297,400.4213736113161,0.0,2732.38720703125,2912.0,48.66874665301293
1842,0.26212453842163086,491.21779933571815,0.0,2732.38720703125,2912.0,48.69547647808213
1843,0.2647673487663269,589.9933046996593,0.0,2732.38720703125,2912.0,48.72233270003926
1844,0.29399573802948,286.7331077121198,0.0,2732.38720703125,2912.0,48.74916288105305
1845,0.2721700966358185,189.85402171872556,0.0,2732.38720703125,2912.0,48.7765126330778
1846,0.2266945242881775,243.13335120491683,0.0,2732.38720703125,2912.0,48.80345598899294
1847,0.26813626289367676,494.49280827492476,0.0,2732.38720703125,2912.0,48.83086546999402
1848,0.1601235568523407,237.10722824558616,0.0,2732.38720703125,2912.0,48.8580768260872
1849,0.2883288860321045,323.0006876774132,0.0,2732.38720703125,2912.0,48.88498034304939
1850,0.24035322666168213,332.75609082728624,0.0,2732.38720703125,2912.0,48.9118285990553
1851,0.1617663949728012,161.30956584587693,0.0,2732.38720703125,2912.0,48.93874248105567
1852,0.3283063471317291,345.01892413571477,0.0,2732.38720703125,2912.0,48.965833655092865
1853,0.503257155418396,1175.6564861014485,0.0,2732.38720703125,2912.0,48.9922066150466
1854,0.21781544387340546,394.12904315814376,0.0,2732.38720703125,2912.0,49.01849386806134
1855,0.28264671564102173,321.98581114783883,0.0,2732.38720703125,2912.0,49.045299150049686
1856,0.3224107623100281,251.32891090027988,0.0,2732.38720703125,2912.0,49.07203456503339
1857,0.21807551383972168,308.54562944173813,0.0,2732.38720703125,2912.0,49.09872492705472
1858,0.27429747581481934,767.6794709712267,0.0,2732.38720703125,2912.0,49.12506242399104
1859,0.27039721608161926,508.07514464482665,0.0,2732.38720703125,2912.0,49.151855712989345
1860,0.17183585464954376,223.30321095325053,0.0,2732.38720703125,2912.0,49.17824940709397
1861,0.15774011611938477,172.03895020484924,0.0,2732.38720703125,2912.0,49.20508200104814
1862,0.2954506576061249,363.0203394293785,0.0,2732.38720703125,2912.0,49.23149258608464
1863,0.18351459503173828,269.3809390235692,0.0,2732.38720703125,2912.0,49.25826513906941
1864,0.327556848526001,761.7983586490154,0.0,2732.38720703125,2912.0,49.28495673101861
1865,0.6151957511901855,989.4891784265637,0.0,2732.38720703125,2912.0,49.312060428084806
1866,0.21407270431518555,306.24363849684596,0.0,2732.38720703125,2912.0,49.33913268102333
1867,0.33844509720802307,810.5304474979639,0.0,2732.38720703125,2912.0,49.365689415019006
1868,0.3560563921928406,776.7632162719965,0.0,2732.38720703125,2912.0,49.392401807010174
1869,0.22615817189216614,363.59356059879065,0.0,2732.38720703125,2912.0,49.41929979203269
1870,0.2900474965572357,428.5942534953356,0.0,2732.38720703125,2912.0,49.44596051599365
1871,0.2870679199695587,647.0494975596666,0.0,2732.38720703125,2912.0,49.47229812503792
1872,0.24043893814086914,195.15350462682545,0.0,2732.38720703125,2912.0,49.49909971898887
1873,0.23437201976776123,221.8709477391094,0.0,2732.38720703125,2912.0,49.52583072101697
1874,0.06818149983882904,233.392589783296,0.0,2732.38720703125,2912.0,49.55286831909325
1875,0.27051037549972534,310.35721895843744,0.0,2732.38720703125,2912.0,49.57966633106116
1876,0.22646881639957428,398.6658343523741,0.0,2732.38720703125,2912.0,49.60654579300899
1877,0.23450490832328796,685.2643595412374,0.0,2732.38720703125,2912.0,49.63342627999373
1878,0.23674529790878296,417.50262346863747,0.0,2732.38720703125,2912.0,49.66033824800979
1879,0.1730767786502838,372.14732203260064,0.0,2732.38720703125,2912.0,49.68705189798493
1880,0.3134237229824066,458.5657424479723,0.0,2732.38720703125,2912.0,49.713764065061696
1881,0.16404378414154053,292.1249070428312,0.0,2732.38720703125,2912.0,49.74048993107863
1882,0.22640463709831238,426.20519732683897,0.0,2732.38720703125,2912.0,49.76737371808849
1883,0.35653263330459595,577.059747505933,0.0,2732.38720703125,2912.0,49.794600823079236
1884,0.21980148553848267,197.12423975206912,0.0,2732.38720703125,2912.0,49.82095228799153
1885,0.13489025831222534,157.38691794592887,0.0,2732.38720703125,2912.0,49.84791691007558
1886,0.06889166682958603,113.41847704350948,0.0,2732.38720703125,2912.0,49.874371130019426
1887,0.3280900716781616,532.9767075330019,0.0,2732.38720703125,2912.0,49.90063535608351
1888,0.35333263874053955,692.4410023242235,0.0,2732.38720703125,2912.0,49.9275340330787
1889,0.27396225929260254,434.7613302990794,0.0,2732.38720703125,2912.0,49.954468524083495
1890,0.20069855451583862,270.2471476383507,0.0,2732.38720703125,2912.0,49.980772393988445
1891,0.35983091592788696,638.8232341147959,0.0,2732.38720703125,2912.0,50.00710183009505
1892,0.10879410058259964,266.3312243334949,0.0,2732.38720703125,2912.0,50.034219867084175
1893,0.2503422200679779,591.5332366749644,0.0,2732.38720703125,2912.0,50.06094573508017
1894,0.12968148291110992,153.0840998608619,0.0,2732.38720703125,2912.0,50.0877281940775
1895,0.2652607560157776,575.6682267636061,0.0,2732.38720703125,2912.0,50.114504265016876
1896,0.26138484477996826,470.12351754307747,0.0,2732.38720703125,2912.0,50.14120764005929
1897,0.2122926265001297,309.12708688899875,0.0,2732.38720703125,2912.0,50.16802929609548
1898,0.10873088240623474,398.558998927474,0.0,2732.38720703125,2912.0,50.19485937501304
1899,0.3801236152648926,703.4305081441998,0.0,2732.38720703125,2912.0,50.22192027803976
1900,0.34256869554519653,394.4459014311433,0.0,2732.38720703125,2912.0,50.24866377108265
1901,0.15733002126216888,338.305183686316,0.0,2732.38720703125,2912.0,50.2759426709963
1902,0.21680372953414917,336.2431080490351,0.0,2732.38720703125,2912.0,50.30283510906156
1903,0.3589082658290863,797.5090958997607,0.0,2732.38720703125,2912.0,50.32986726507079
1904,0.31259822845458984,419.25021190568805,0.0,2732.38720703125,2912.0,50.356866565998644
1905,0.3442731499671936,680.8356005251408,0.0,2732.38720703125,2912.0,50.383678383077495
1906,0.1320825219154358,223.8390738349408,0.0,2732.38720703125,2912.0,50.41051608801354
1907,0.23056460916996002,562.8152470067143,0.0,2732.38720703125,2912.0,50.43737262208015
1908,0.2812387943267822,261.81480404548347,0.0,2732.38720703125,2912.0,50.46415123308543
1909,0.3515094518661499,751.0216683074832,0.0,2732.38720703125,2912.0,50.490535250050016
1910,0.1720917522907257,356.1578159388155,0.0,2732.38720703125,2912.0,50.51760635199025
1911,0.23989956080913544,319.15790716186166,0.0,2732.38720703125,2912.0,50.544360251980834
1912,0.24093559384346008,388.0020771846175,0.0,2732.38720703125,2912.0,50.57070301508065
1913,0.1446411907672882,251.01007532700896,0.0,2732.38720703125,2912.0,50.5969848370878
1914,0.2761368751525879,460.3645457960665,0.0,2732.38720703125,2912.0,50.62372817308642
1915,0.4048933982849121,725.9700587913394,0.0,2732.38720703125,2912.0,50.65040891699027
1916,0.31885117292404175,371.10503274574876,0.0,2732.38720703125,2912.0,50.67710213107057
1917,0.2221982330083847,244.94056068360806,0.0,2732.38720703125,2912.0,50.70387087902054
1918,0.22207218408584595,262.088804833591,0.0,2732.38720703125,2912.0,50.73063892999198
1919,0.2557922899723053,178.3313684593886,0.0,2732.38720703125,2912.0,50.75785859499592
1920,0.20802287757396698,334.6182387843728,0.0,2732.38720703125,2912.0,50.784664686070755
1921,0.17802830040454865,470.3070817813277,0.0,2732.38720703125,2912.0,50.81142800603993
1922,0.3190913796424866,842.3314043655992,0.0,2732.38720703125,2912.0,50.83832756103948
1923,0.28111138939857483,836.5991513282061,0.0,2732.38720703125,2912.0,50.86538407707121
1924,0.44849133491516113,882.400790989399,0.0,2732.38720703125,2912.0,50.892164480057545
1925,0.2652605473995209,409.6173213608563,0.0,2732.38720703125,2912.0,50.91891102003865
1926,0.25752460956573486,303.9312965981662,0.0,2732.38720703125,2912.0,50.94563156901859
1927,0.23738446831703186,376.0390227288008,0.0,2732.38720703125,2912.0,50.972394227050245
1928,0.1495608389377594,406.7369513884187,0.0,2732.38720703125,2912.0,50.9994074330898
1929,0.2377624660730362,322.43710391409695,0.0,2732.38720703125,2912.0,51.026216401020065
1930,0.2695101201534271,564.4380090869963,0.0,2732.38720703125,2912.0,51.05310518108308
1931,0.27719685435295105,340.101495699957,0.0,2732.38720703125,2912.0,51.079878457007
1932,0.21412159502506256,475.82697623223066,0.0,2732.38720703125,2912.0,51.106564068002626
1933,0.3165241479873657,323.15608511306345,0.0,2732.38720703125,2912.0,51.132949405000545
1934,0.21787913143634796,253.92269223928452,0.0,2732.38720703125,2912.0,51.159312371048145
1935,0.2168518602848053,332.0529427975416,0.0,2732.38720703125,2912.0,51.1859816419892
1936,0.2269631326198578,570.7507379949093,0.0,2732.38720703125,2912.0,51.212583858985454
1937,0.3775240182876587,734.4555749967694,0.0,2732.38720703125,2912.0,51.23961959709413
1938,0.2753556966781616,441.98208763822913,0.0,2732.38720703125,2912.0,51.266454829019494
1939,0.4200822114944458,958.1092597171664,0.0,2732.38720703125,2912.0,51.29330273706
1940,0.17472980916500092,242.2824018895626,0.0,2732.38720703125,2912.0,51.32013035903219
1941,0.5489417314529419,1049.4227267503738,0.0,2732.38720703125,2912.0,51.34721286105923
1942,0.2831059694290161,369.97848659567535,0.0,2732.38720703125,2912.0,51.37416213506367
1943,0.1336817592382431,617.1504915356636,0.0,2732.38720703125,2912.0,51.401010886067525
1944,0.30928122997283936,551.1234890073538,0.0,2732.38720703125,2912.0,51.42763229308184
1945,0.1593487560749054,335.6179556399584,0.0,2732.38720703125,2912.0,51.45435013005044
1946,0.486388623714447,1001.7125406600535,0.0,2732.38720703125,2912.0,51.48136225307826
1947,0.1833493560552597,234.93724938482046,0.0,2732.38720703125,2912.0,51.50772875500843
1948,0.3633127808570862,495.16901198774576,0.0,2732.38720703125,2912.0,51.53400792100001
1949,0.2311912178993225,380.9744629897177,0.0,2732.38720703125,2912.0,51.560746078030206
1950,0.29901692271232605,507.0993621721864,0.0,2732.38720703125,2912.0,51.587001065025106
1951,0.26679036021232605,391.9025210663676,0.0,2732.38720703125,2912.0,51.61387070699129
1952,0.24627386033535004,239.11853308510035,0.0,2732.38720703125,2912.0,51.64066818798892
1953,0.2657313644886017,567.0041300952435,0.0,2732.38720703125,2912.0,51.667376812081784
1954,0.0658068135380745,274.6794886412099,0.0,2732.38720703125,2912.0,51.69376179203391
1955,0.26387879252433777,274.70719567127526,0.0,2732.38720703125,2912.0,51.72081525309477
1956,0.2359190434217453,510.5123554505408,0.0,2732.38720703125,2912.0,51.74759453907609
1957,0.21480336785316467,220.20283552818,0.0,2732.38720703125,2912.0,51.77434348105453
1958,0.23542773723602295,669.59479316324,0.0,2732.38720703125,2912.0,51.80074297799729
1959,0.39746055006980896,603.1633336246014,0.0,2732.38720703125,2912.0,51.827490099007264
1960,0.28637129068374634,403.0438448227942,0.0,2732.38720703125,2912.0,51.854147779988125
1961,0.2585795521736145,372.3819611482322,0.0,2732.38720703125,2912.0,51.88098419306334
1962,0.29539746046066284,325.5917279627174,0.0,2732.38720703125,2912.0,51.90780554607045
1963,0.2215922772884369,430.3427633456886,0.0,2732.38720703125,2912.0,51.93469735700637
1964,0.40752893686294556,500.28540786355734,0.0,2732.38720703125,2912.0,51.961461551021785
1965,0.22643594443798065,336.696427596733,0.0,2732.38720703125,2912.0,51.988302113022655
1966,0.30842703580856323,294.83751566521823,0.0,2732.38720703125,2912.0,52.01510958408471
1967,0.29605424404144287,311.38445118255913,0.0,2732.38720703125,2912.0,52.0418431670405
1968,0.29518115520477295,296.5309211574495,0.0,2732.38720703125,2912.0,52.06834401504602
1969,0.5429219007492065,1427.0396055877209,0.0,2732.38720703125,2912.0,52.09464042598847
1970,0.4340875744819641,668.8787469081581,0.0,2732.38720703125,2912.0,52.12138143007178
1971,0.7196075320243835,3086.1132012456656,0.0,2732.38720703125,2912.0,52.147883850033395
1972,0.22101736068725586,328.4611660912633,0.0,2732.38720703125,2912.0,52.1747715130914
1973,0.2410622239112854,507.8782160766423,0.0,2732.38720703125,2912.0,52.20149815303739
1974,0.25852903723716736,1025.195133112371,0.0,2732.38720703125,2912.0,52.22783685603645
1975,0.24763378500938416,247.74825968034565,0.0,2732.38720703125,2912.0,52.25411788607016
1976,0.2862786054611206,561.4121254421771,0.0,2732.38720703125,2912.0,52.28045792400371
1977,0.24001887440681458,286.69088875874877,0.0,2732.38720703125,2912.0,52.30719293199945
1978,0.2777075171470642,536.1608964800835,0.0,2732.38720703125,2912.0,52.334097450017
1979,0.2851647138595581,791.3902762979269,0.0,2732.38720703125,2912.0,52.361161562032066
1980,0.32796138525009155,616.5451066456735,0.0,2732.38720703125,2912.0,52.38775648502633
1981,0.6603504419326782,1614.7822249531746,0.0,2732.38720703125,2912.0,52.41455659107305
1982,0.18965214490890503,409.5319952480495,0.0,2732.38720703125,2912.0,52.44178762903903
1983,0.32488662004470825,382.2047979272902,0.0,2732.38720703125,2912.0,52.4688261160627
1984,0.24573931097984314,238.84779275394976,0.0,2732.38720703125,2912.0,52.49565251998138
1985,0.1623343676328659,555.796844240278,0.0,2732.38720703125,2912.0,52.522441523033194
1986,0.22023308277130127,377.8793868497014,0.0,2732.38720703125,2912.0,52.54934588004835
1987,0.25348013639450073,435.5365518499166,0.0,2732.38720703125,2912.0,52.576119302073494
1988,0.18253567814826965,393.4360595177859,0.0,2732.38720703125,2912.0,52.60302556108218
1989,0.365305632352829,795.7828562930226,0.0,2732.38720703125,2912.0,52.62978749501053
1990,0.2035665512084961,240.40808580629528,0.0,2732.38720703125,2912.0,52.65661143301986
1991,0.1756189465522766,344.3000039998442,0.0,2732.38720703125,2912.0,52.68338006304111
1992,0.24311478435993195,608.2029045075178,0.0,2732.38720703125,2912.0,52.70976949809119
1993,0.06470487266778946,242.43854945339262,0.0,2732.38720703125,2912.0,52.736544998013414
1994,0.21918654441833496,498.65735548734665,0.0,2732.38720703125,2912.0,52.76339403807651
1995,0.14020457863807678,184.6263404879719,0.0,2732.38720703125,2912.0,52.79013824102003
1996,0.2866019010543823,609.8198939338326,0.0,2732.38720703125,2912.0,52.816896128002554
1997,0.294012188911438,229.06160488910973,0.0,2732.38720703125,2912.0,52.84340474603232
1998,0.2563554644584656,254.82833637297153,0.0,2732.38720703125,2912.0,52.86983878305182
1999,0.27190348505973816,288.83325038291514,0.0,2732.38720703125,2912.0,52.8966590029886
2000,0.3017548620700836,396.5900338925421,0.0,2732.38720703125,2912.0,52.92340631503612
